userId,movieId,rating,predicted_rating_k10
432,77866,4.5,2.51
288,474,3.0,3.83
599,4351,3.0,3.55
42,2987,4.0,4.08
75,1610,4.0,3.68
51,177,4.0,3.46
354,51662,3.5,3.38
416,750,4.5,4.33
438,6503,0.5,3.4
73,8641,3.5,3.96
567,1203,4.5,3.67
391,1179,4.0,4.34
380,111362,5.0,3.44
305,55276,5.0,3.32
409,3868,4.0,3.59
307,6957,3.5,2.32
274,26736,4.5,3.84
125,6952,3.0,3.36
561,1278,3.5,4.23
68,6953,2.5,4.03
525,50872,3.5,4.27
414,3847,2.0,3.42
6,587,5.0,3.67
601,48394,4.0,3.79
325,32,4.0,3.46
82,5065,3.0,4.16
16,204,2.0,2.89
542,4816,1.5,3.79
32,39,3.0,3.64
140,2682,4.0,2.36
182,5643,3.0,3.53
89,42761,4.5,3.55
359,541,1.5,3.27
183,1408,4.0,3.35
111,119155,3.5,4.28
80,2513,4.0,3.2
448,117590,2.0,3.33
514,1258,4.0,3.49
68,1101,3.5,3.72
325,80,4.0,3.92
509,1588,3.5,3.39
131,31,3.0,2.96
45,2355,5.0,3.05
156,3167,3.0,3.54
440,1199,4.5,4.59
312,5065,3.0,3.66
57,2102,4.0,2.77
603,2020,4.0,4.22
337,778,4.0,4.19
116,356,4.0,3.48
122,63113,4.5,3.84
201,185,3.0,3.09
167,318,5.0,4.47
139,60072,1.5,3.43
68,628,3.5,3.57
16,293,4.0,3.63
448,99992,3.0,3.36
450,1073,4.0,4.22
178,380,4.0,3.72
599,59369,2.5,3.74
581,4226,4.5,4.23
215,1347,0.5,2.19
610,4228,3.0,3.76
81,288,3.0,3.43
414,2120,2.0,3.07
340,185,3.0,4.05
323,111443,2.5,2.48
232,586,3.0,2.88
186,3740,3.0,3.74
28,1245,3.5,3.3
195,4067,4.0,3.92
414,86190,4.0,2.21
596,141131,2.5,2.83
561,1394,4.0,3.26
602,448,3.0,3.32
202,2983,4.0,2.92
195,553,4.0,2.89
200,44761,5.0,3.24
387,5296,1.5,3.64
514,104841,3.0,2.98
510,2710,1.0,2.86
290,2385,3.0,2.65
221,446,4.5,2.98
598,7361,5.0,3.63
596,4014,3.5,2.24
414,157699,4.0,2.95
34,31685,2.0,3.28
62,2115,4.5,3.55
448,105211,3.5,3.01
137,1242,4.0,3.61
438,2642,3.0,3.22
606,47538,2.5,3.22
352,51662,4.0,3.38
572,3093,5.0,3.35
129,4878,2.5,3.51
279,164179,4.0,3.98
428,6365,3.0,4.04
152,858,5.0,3.22
328,1198,5.0,4.03
427,435,3.0,3.43
367,3751,5.0,3.23
599,97306,3.0,3.35
525,98243,3.0,3.18
111,78174,1.5,4.03
42,2735,4.0,3.1
606,2677,4.0,4.07
560,6863,3.0,3.68
19,422,3.0,2.72
51,3363,4.5,3.95
474,381,2.5,3.71
68,2096,3.0,3.34
189,7153,4.0,3.49
599,93723,1.5,3.46
556,41566,3.5,3.44
596,3623,2.5,2.77
387,778,4.5,2.89
3,2090,0.5,3.93
1,3740,4.0,3.84
73,99106,1.5,3.9
217,357,3.0,2.79
438,43928,0.5,3.03
282,55765,4.0,4.22
310,1247,4.5,3.24
448,122924,2.0,3.12
91,2990,2.0,3.21
103,4848,5.0,3.94
380,3156,4.0,4.36
566,552,4.0,2.19
298,77561,3.5,3.62
599,31921,2.5,3.36
381,4226,4.5,4.34
292,2376,4.0,2.16
43,596,5.0,4.7
50,127146,3.0,4.04
46,185,4.0,3.75
564,119141,4.5,3.88
89,117590,4.0,3.6
217,1963,1.0,2.41
140,3107,3.0,3.7
125,4738,4.0,2.6
274,74532,2.5,3.39
382,1702,3.5,3.11
560,122890,3.5,3.63
48,1527,4.0,3.85
338,183897,1.5,3.51
567,162606,1.0,3.34
475,122882,4.5,3.71
290,2772,3.0,3.57
7,8665,3.5,2.9
282,1704,4.5,4.11
6,26,4.0,3.21
599,66171,2.5,3.69
610,46970,4.0,3.03
469,733,3.0,3.21
256,39183,2.0,3.32
312,3863,3.0,3.11
132,7034,3.0,4.43
480,8861,2.0,3.57
414,82202,3.0,3.06
274,5804,2.5,2.58
217,3363,3.0,3.93
387,356,4.0,3.74
227,81845,3.5,3.93
226,2011,4.0,3.69
368,1957,4.0,3.62
587,380,4.0,3.76
488,7139,2.5,3.63
135,231,2.0,2.9
535,2539,3.0,3.51
529,653,4.0,3.36
62,6058,3.5,4.34
448,80590,2.0,3.56
14,592,2.0,4.28
368,1210,4.0,4.24
534,3483,4.5,4.03
221,4128,3.5,3.62
29,56174,4.0,2.54
474,4034,4.5,3.01
448,7319,3.0,2.99
21,7569,4.5,4.28
43,231,3.0,3.76
112,25,2.5,2.77
414,3127,2.0,4.14
352,38038,3.0,4.34
502,3147,5.0,3.05
339,4848,5.0,2.95
19,2723,5.0,2.22
45,784,4.0,3.62
368,3272,3.0,3.16
27,1148,5.0,3.95
608,5452,1.0,3.12
125,70286,4.0,3.24
187,2700,4.5,2.2
606,8454,3.5,3.36
551,112183,0.5,3.25
111,3988,3.5,3.35
285,474,3.5,3.93
370,4014,3.0,3.52
414,4103,5.0,2.88
474,1223,4.5,4.24
481,1653,3.0,4.16
606,1093,4.0,3.05
379,349,4.0,3.63
212,96079,4.0,3.75
160,4979,4.5,4.3
121,597,3.0,3.54
274,3285,2.0,3.21
437,527,5.0,4.59
577,494,3.0,4.4
414,97304,4.0,3.79
608,110,4.0,3.78
562,4135,5.0,3.96
477,2450,0.5,3.04
213,1240,4.0,3.87
590,8807,2.5,2.43
259,4886,4.0,4.44
222,59014,2.0,3.61
606,6874,4.5,3.27
140,1252,3.5,4.22
606,3426,4.0,4.02
298,48780,2.0,3.48
599,47,4.0,3.71
305,107314,2.5,3.28
28,44204,3.0,3.26
105,750,4.0,3.64
309,1263,3.0,4.28
567,104944,3.5,3.34
217,2733,2.0,2.91
246,7361,5.0,4.22
307,60487,4.0,3.02
27,5060,2.0,3.89
248,1291,4.0,4.25
19,842,2.0,2.94
332,7090,4.5,4.1
156,922,4.0,3.83
140,26865,1.0,3.9
303,1080,1.0,4.19
600,2174,4.5,3.19
489,923,3.5,3.84
560,134853,3.5,3.65
306,159858,4.0,3.51
4,3160,4.0,3.37
58,292,4.0,4.31
292,3682,4.5,2.1
91,1220,5.0,3.98
288,1591,3.0,3.1
76,541,3.5,3.41
380,171763,4.0,4.05
68,3105,3.0,3.73
105,107159,4.0,3.48
418,4571,4.0,3.06
64,1673,4.5,3.41
457,2858,3.0,4.37
287,8622,4.5,3.87
39,2580,5.0,3.82
560,1210,4.0,3.89
18,86190,3.5,3.51
140,4047,4.0,3.23
256,90405,3.5,3.55
103,912,5.0,3.96
307,48394,3.0,4.42
146,502,2.5,3.11
24,50,4.0,3.74
599,1220,3.5,3.53
50,103228,2.0,3.51
232,4720,4.0,3.37
477,1392,4.5,3.69
457,2490,4.0,4.18
135,4881,3.0,3.27
608,5072,4.5,3.65
16,50,4.0,3.98
410,3823,4.0,2.37
428,377,2.5,3.17
182,1769,3.5,3.69
169,1022,4.0,3.63
480,3355,4.0,3.89
68,2,2.5,2.71
307,39234,2.5,3.61
522,58295,4.5,3.76
64,4011,4.5,3.87
305,4016,3.5,3.66
219,5064,3.5,3.37
141,3489,4.0,3.42
230,2605,3.5,2.9
448,7373,3.0,3.32
462,102445,2.0,3.39
199,53550,3.5,3.62
125,95167,3.5,3.01
125,156371,4.0,3.12
445,527,3.0,3.74
317,7438,3.0,3.82
355,1198,5.0,4.1
169,4886,5.0,4.03
453,608,4.0,4.44
472,2431,4.0,2.51
606,4226,4.0,4.21
131,2393,3.0,3.41
354,7147,4.5,3.84
298,65982,3.0,4.0
382,61132,5.0,3.06
594,494,5.0,3.79
369,3033,4.0,3.06
75,435,1.0,3.04
381,2571,5.0,4.41
357,1101,4.0,3.86
357,918,5.0,4.22
480,2628,2.0,2.95
51,2762,5.0,3.82
474,586,2.0,3.72
298,149354,0.5,2.14
310,733,4.0,3.09
274,72378,2.0,3.42
156,2947,2.0,2.91
414,191,2.0,2.98
474,2261,2.0,2.55
280,73266,3.0,2.7
494,260,5.0,3.65
239,2302,3.0,3.35
610,7324,3.0,3.33
57,1,5.0,3.56
452,3273,4.0,2.03
217,2094,3.0,2.99
66,481,2.0,3.09
19,1848,2.0,2.83
580,1584,3.5,3.91
288,541,4.0,3.48
586,122918,5.0,4.72
517,2380,0.5,2.68
220,63113,3.5,4.07
560,56563,2.5,3.17
479,5568,2.0,2.72
28,2023,3.5,4.26
41,118900,4.0,4.18
305,142448,3.0,3.98
288,5378,3.5,2.59
116,1380,4.5,4.19
313,1449,5.0,2.42
522,2393,4.0,3.65
182,1197,3.5,4.13
420,8464,4.5,3.59
597,1196,5.0,3.74
313,2553,4.0,3.04
405,390,4.0,3.68
560,1196,4.0,4.4
438,186,3.0,2.7
495,4734,3.5,3.4
380,6281,3.5,3.32
129,32587,4.5,3.44
42,1663,4.0,3.42
309,2028,4.5,2.74
169,2028,5.0,3.97
6,881,3.0,2.99
509,1732,3.5,3.57
73,111320,1.5,3.63
441,1517,5.0,3.17
100,2108,3.5,4.04
593,44191,4.0,3.04
610,60471,3.5,2.58
68,2335,3.0,3.57
479,3361,4.0,3.88
564,106918,3.5,3.41
580,3556,5.0,3.17
274,4874,1.0,3.96
30,122904,5.0,3.84
156,1077,4.0,3.43
489,2124,2.5,3.59
186,916,5.0,4.34
64,2804,5.0,3.08
351,59369,4.5,3.22
469,3699,4.0,3.01
182,4056,3.0,3.99
6,719,2.0,3.87
346,527,3.5,4.31
528,3101,2.5,3.57
551,112175,3.5,3.34
226,2,3.0,3.35
226,2100,3.0,3.58
579,1580,4.0,3.89
83,318,5.0,4.5
368,1196,3.0,4.01
351,54787,3.5,3.12
227,32,4.5,3.81
182,1546,3.5,3.36
298,27808,2.5,2.58
38,161,4.0,3.17
452,924,3.0,3.96
351,6214,4.0,3.52
111,4228,2.5,3.72
599,104841,3.0,3.05
232,8360,3.0,3.0
105,1199,4.0,4.05
469,1747,3.0,3.69
509,48780,3.5,3.93
213,51662,3.5,3.94
217,2722,3.0,2.9
503,6711,3.5,4.21
115,1645,4.0,2.2
608,3752,4.0,3.4
288,2009,3.0,3.37
226,2329,4.5,3.77
68,2334,3.5,3.59
195,1573,3.0,4.08
275,1084,5.0,4.19
380,52950,2.0,3.8
371,4993,4.5,4.37
290,1674,4.0,3.29
246,7669,5.0,3.43
91,260,4.5,4.51
480,3168,3.5,3.75
12,838,5.0,3.29
606,2324,5.0,3.49
330,1288,4.5,3.93
63,1080,5.0,4.04
246,82202,4.0,3.05
34,2762,3.0,3.74
582,74458,4.0,3.76
104,94150,4.0,3.81
414,72605,4.0,3.57
448,2019,5.0,3.5
325,3175,4.0,3.44
131,3178,3.0,3.8
288,2762,3.0,3.75
344,110,4.5,4.29
195,4389,3.0,2.64
356,3477,5.0,3.53
357,4447,4.0,3.85
514,3385,3.0,3.16
271,1994,3.5,3.11
607,480,4.0,3.22
448,97858,2.0,3.52
79,3029,3.0,3.66
599,4848,4.5,2.52
130,592,3.0,3.73
517,2018,4.0,3.16
45,1769,3.0,3.19
387,7328,3.5,3.61
600,3093,3.5,3.5
414,5452,1.0,2.71
64,3052,4.0,3.7
81,377,3.0,3.63
288,2121,2.0,2.3
159,4306,4.0,3.83
189,593,4.0,3.88
247,69122,4.0,3.64
474,1293,4.0,3.98
211,36529,3.5,3.15
290,1385,3.0,3.12
301,364,3.5,2.91
599,85881,3.5,3.53
610,27904,3.5,3.25
456,3,3.0,4.29
52,293,4.0,3.68
232,72489,4.0,3.0
288,31427,2.5,2.86
68,56587,3.0,3.52
346,1348,4.0,4.14
238,858,3.0,4.03
594,2196,5.0,3.84
610,120635,1.0,3.42
497,410,2.0,2.51
432,7306,3.0,2.85
285,1333,4.0,2.89
123,91500,3.5,2.92
6,640,1.0,3.13
217,432,3.0,2.88
528,356,5.0,4.58
101,2716,4.0,3.91
219,54001,2.5,3.73
452,1610,4.0,3.87
43,79,5.0,3.99
240,653,5.0,3.29
534,33493,4.0,3.29
610,4975,3.5,3.69
298,109895,0.5,3.13
552,541,5.0,4.23
414,63113,4.0,3.85
165,441,3.0,2.19
610,106002,3.5,3.16
265,79,2.0,3.1
372,1221,5.0,3.16
19,377,4.0,2.54
525,4718,1.0,3.34
84,551,3.0,3.08
480,589,4.5,4.13
298,48322,3.0,3.26
70,8949,5.0,3.47
225,3253,4.0,3.62
387,33164,2.0,3.94
484,104,4.0,3.61
298,6283,4.5,1.97
195,4019,4.0,3.52
182,3910,5.0,3.4
414,73017,4.0,4.07
279,780,4.0,3.96
590,588,4.0,4.3
573,5093,2.0,3.5
68,4270,3.5,3.59
313,1344,4.0,3.93
464,8984,4.5,3.35
122,69784,4.5,3.45
65,109487,4.5,3.84
137,3471,3.0,3.85
249,95167,4.0,3.75
150,5,3.0,3.27
380,3421,5.0,4.27
495,89492,5.0,4.1
576,327,2.5,3.36
414,5009,4.0,4.28
477,3751,4.0,3.64
125,288,5.0,2.83
68,122904,4.0,3.92
21,102993,2.0,4.13
361,2167,2.0,3.77
50,164280,3.5,4.05
167,1385,2.0,2.83
520,1801,4.0,4.01
119,54286,4.5,3.2
372,1215,5.0,4.39
480,37741,4.5,3.55
103,37729,4.0,3.7
334,54881,3.5,3.68
310,2518,4.0,1.71
117,26,4.0,2.65
98,53464,2.5,3.17
448,3681,5.0,4.04
491,4018,4.0,3.12
50,318,3.5,4.14
517,2565,4.5,3.96
45,569,2.0,4.67
140,1580,3.0,3.7
96,733,4.0,3.67
274,1961,3.5,4.2
20,5171,2.0,3.88
357,2160,5.0,3.89
185,4016,4.0,3.36
372,249,4.0,3.72
347,47,3.0,4.27
292,3755,2.0,2.13
120,5,4.0,3.63
599,474,2.5,2.36
600,1393,3.5,3.03
195,4033,4.0,4.14
576,2826,4.5,3.65
294,2,3.0,2.63
103,1945,4.0,4.35
437,800,5.0,2.9
197,1209,5.0,3.96
199,3129,4.0,3.21
246,41569,3.0,4.02
525,45517,3.0,3.42
352,139385,5.0,4.1
365,103772,3.0,2.65
390,5618,4.5,4.12
17,2329,4.5,3.46
28,145,1.5,3.08
234,2568,3.0,4.38
65,116797,4.5,3.82
177,508,3.5,3.26
153,63082,1.5,3.51
105,146028,4.0,3.56
58,454,3.0,3.14
346,306,4.5,3.62
112,339,1.5,3.21
132,356,4.0,3.25
140,3168,4.0,3.74
187,431,4.5,3.32
330,1965,3.5,3.65
567,1260,4.0,3.89
111,8961,1.0,3.05
474,1197,4.5,4.06
368,2307,3.0,3.48
460,34405,5.0,4.13
307,34326,2.0,3.06
572,17,5.0,4.11
606,37731,3.5,3.53
298,102123,1.5,3.25
178,6539,2.5,3.04
475,60074,4.5,3.92
606,5628,2.5,3.68
469,1082,4.0,4.45
411,368,4.0,3.43
603,288,4.0,3.73
414,4068,2.0,2.77
217,3552,2.0,3.8
489,7318,3.0,2.83
469,2324,3.0,4.32
260,3911,3.0,3.35
19,3712,3.0,2.42
489,1246,4.0,3.4
177,8965,3.0,3.99
42,858,5.0,4.05
131,48516,3.5,3.69
469,552,2.0,3.74
477,2762,4.0,3.84
562,83134,4.0,3.93
140,609,3.0,3.95
288,2136,3.0,2.97
214,25,2.0,2.82
420,923,3.5,4.38
600,2162,3.5,3.18
74,1094,4.5,3.69
599,3070,3.0,3.26
540,8874,4.5,3.93
495,344,4.5,2.81
464,48516,4.0,4.39
220,377,3.5,3.36
42,2110,4.0,3.53
212,55247,3.5,3.45
307,3705,2.5,4.5
414,1080,5.0,4.05
292,130576,2.0,3.34
599,720,4.5,2.65
555,2642,3.0,2.98
287,3033,4.0,3.09
480,736,2.5,3.39
212,4027,3.5,2.85
305,8014,4.0,4.0
50,94677,2.0,3.72
483,33493,3.0,4.08
452,2533,5.0,2.95
11,1918,4.0,3.57
305,4232,3.0,2.38
201,1259,4.0,3.99
525,34150,1.0,3.39
448,45186,2.5,3.4
317,593,5.0,3.6
586,54001,4.5,3.91
265,1945,4.0,3.9
426,50872,3.0,3.87
156,1213,4.0,3.94
125,159415,4.0,3.57
49,79091,4.0,3.63
396,1276,5.0,4.43
497,858,4.0,4.47
570,49272,4.0,3.75
233,68157,3.5,4.48
272,3147,4.5,3.22
580,589,4.0,3.02
116,480,4.0,4.05
555,3591,3.0,2.75
370,5989,3.5,3.64
380,2334,2.0,3.96
608,5502,4.0,3.38
13,4011,5.0,3.77
599,3007,3.5,3.38
429,381,4.0,3.34
509,72701,3.5,3.16
414,1059,4.0,3.42
568,480,3.0,3.65
546,2455,3.0,2.79
533,103688,5.0,2.89
274,30883,1.5,2.17
103,7367,3.5,3.88
381,1704,4.5,3.06
564,44193,3.0,3.44
64,198,3.0,2.67
97,1193,4.0,4.59
325,30,4.0,3.52
414,53972,3.5,2.88
600,778,3.5,3.16
599,1663,2.5,3.33
132,1345,3.0,3.19
587,590,5.0,3.71
160,3877,2.0,3.02
51,6786,3.0,3.44
217,2152,2.0,3.06
274,4344,3.5,3.66
249,106100,5.0,3.71
265,2968,3.0,4.36
391,4334,5.0,3.06
368,3768,1.0,2.53
51,3,4.0,3.97
219,34405,4.0,3.82
572,1272,5.0,4.05
577,593,4.0,3.54
307,4002,2.5,3.63
7,480,5.0,4.28
367,3623,4.0,3.03
15,527,5.0,3.97
58,223,3.0,3.58
570,778,4.0,3.8
275,6122,5.0,3.68
109,593,4.0,2.98
309,1198,4.0,3.0
198,1639,2.0,3.49
249,103980,4.5,3.16
91,344,3.0,3.39
132,5225,3.0,3.55
334,2959,3.5,4.25
225,2248,4.0,3.6
414,5346,1.0,3.05
226,8917,2.0,3.52
249,20,3.5,4.1
290,2565,4.0,2.91
111,2571,0.5,4.35
410,3088,4.0,3.75
331,6541,2.0,3.08
232,53322,3.5,3.58
6,43,4.0,3.41
169,3755,4.0,4.55
432,81417,4.0,3.63
599,8910,2.5,3.57
469,1356,3.0,4.27
414,6574,1.0,3.16
474,3264,3.5,2.68
610,115727,5.0,3.69
359,2396,3.0,3.71
187,145,1.0,3.63
514,260,5.0,3.82
548,1621,4.5,3.86
517,80969,4.0,4.46
19,3622,3.0,2.61
209,140956,3.5,3.73
298,60293,3.0,3.78
386,165,2.0,3.62
359,1544,3.0,3.11
28,481,3.0,3.31
596,115617,4.0,3.09
1,2353,5.0,3.61
27,367,4.0,4.11
219,2078,3.5,3.01
125,108727,4.0,3.79
220,69526,3.0,3.66
123,2329,4.5,4.15
522,79008,4.5,3.82
599,4200,2.0,2.91
318,56145,3.0,3.6
268,2324,2.0,3.63
385,282,3.0,2.18
478,33794,4.5,3.92
300,7361,5.0,2.98
140,1213,3.0,3.99
298,106489,3.5,3.45
282,2375,5.0,3.07
414,87304,4.0,3.72
217,410,3.0,2.82
603,345,3.0,3.21
125,168252,3.5,4.03
299,1198,4.0,3.94
221,1321,4.0,2.67
21,79592,3.5,3.38
294,2477,2.0,2.74
279,4886,3.0,3.9
514,592,2.5,4.23
599,2803,2.0,2.82
122,7022,4.0,4.55
600,1348,2.5,3.36
80,6874,4.5,3.11
288,2456,1.0,2.79
218,1250,4.0,4.21
414,5992,3.5,4.08
564,71535,3.5,3.19
246,65261,5.0,3.74
460,3114,4.0,4.11
99,293,5.0,4.41
603,3623,3.0,3.02
3,1263,0.5,4.01
275,2134,3.0,3.07
201,2336,4.0,4.1
368,3810,3.0,3.67
99,318,5.0,3.41
91,750,5.0,3.8
288,1290,2.0,3.85
608,2490,5.0,3.46
356,2797,4.0,4.27
18,48516,4.5,3.21
288,4443,3.0,2.86
105,541,4.0,3.36
18,2692,3.0,3.04
28,2716,1.5,2.75
288,2035,3.0,3.14
180,2959,4.5,4.22
448,3114,5.0,3.53
177,5419,2.5,3.47
562,7340,4.0,3.52
523,127052,4.0,4.05
414,103048,4.0,3.61
58,32,5.0,3.8
567,26717,0.5,2.5
483,95875,3.0,3.08
219,61246,2.0,2.97
490,35836,3.0,3.76
417,5952,5.0,4.09
414,40826,2.5,4.03
110,3268,3.0,3.4
381,3826,2.0,2.89
11,2028,5.0,3.36
326,5446,4.5,3.51
428,4886,2.0,3.83
546,158,2.0,3.26
216,2144,3.0,3.04
167,3671,3.5,4.16
472,3298,4.0,3.76
480,1690,2.0,2.87
418,116797,4.5,3.89
438,6888,1.5,3.28
57,1784,4.0,3.8
105,170705,5.0,4.06
95,6979,4.0,3.69
62,46723,3.0,3.8
140,848,4.0,3.55
580,45499,4.5,3.21
113,1043,2.0,3.46
559,6,5.0,3.71
199,377,2.0,3.51
248,122904,4.5,3.98
606,969,4.0,4.24
414,1094,3.0,3.47
482,2174,4.0,3.89
509,2657,3.5,3.68
7,4963,4.0,4.22
305,122926,4.0,3.2
586,6156,4.0,2.69
199,3671,4.5,3.31
305,1199,4.0,4.08
325,293,3.0,4.41
305,25,3.0,2.66
474,8266,2.5,3.97
91,3000,4.0,3.29
527,5040,4.0,4.04
428,6880,1.0,3.2
580,2012,3.0,3.47
57,1036,4.0,3.64
567,94959,3.5,3.85
305,103339,4.0,3.45
414,3916,4.0,3.33
105,1281,5.0,4.16
198,36,5.0,4.07
233,159817,4.0,3.97
219,60684,4.5,4.26
387,8290,1.0,3.8
19,1257,3.0,3.47
68,5266,2.0,3.48
332,85510,3.5,3.28
448,79259,2.5,2.65
534,45431,3.5,2.29
480,4018,1.5,3.18
371,56715,5.0,4.02
186,2688,4.0,3.52
387,55820,4.5,3.93
103,4306,3.5,4.52
387,969,3.0,3.76
451,141,4.0,3.47
368,3430,3.0,2.84
365,4896,2.5,3.84
182,1222,5.0,4.14
112,68954,4.0,4.08
64,2369,3.0,3.87
553,555,3.5,3.17
597,2040,4.0,2.08
219,1079,2.5,3.71
448,99106,2.5,3.41
560,45722,3.5,3.75
427,1527,3.0,3.99
491,4246,3.5,3.33
542,4369,0.5,4.11
599,2359,2.5,2.52
19,1196,4.0,4.47
182,6620,4.0,3.86
240,761,3.0,3.57
177,70159,2.5,3.64
362,1945,4.5,3.88
567,364,2.5,3.29
91,555,3.5,4.06
573,4388,4.0,3.35
202,3725,3.0,3.7
225,1219,3.0,4.46
599,97950,2.5,3.5
220,2450,0.5,3.04
100,235,1.0,3.74
68,8910,1.0,3.62
113,2671,2.0,3.97
599,82167,2.5,3.42
318,117364,4.0,4.12
522,49272,5.0,2.7
8,377,4.0,3.64
438,223,3.5,3.52
68,3160,2.0,3.61
603,156,2.0,3.37
211,89864,3.5,3.65
177,7263,3.0,4.03
212,109374,4.0,3.67
317,112556,3.0,4.38
405,1247,4.0,4.04
109,47,3.0,4.03
368,832,3.0,3.45
6,22,5.0,3.39
140,362,4.0,4.05
68,337,3.5,4.01
73,33836,3.0,4.21
393,54259,5.0,3.78
140,4234,3.0,3.3
571,2548,2.0,3.24
339,84152,4.0,3.81
117,778,3.0,2.86
103,134881,5.0,3.31
119,4344,4.0,3.28
573,112852,4.5,4.16
219,3785,2.0,3.87
28,55820,4.5,4.28
156,2752,3.0,3.43
233,59315,3.0,4.23
584,208,4.0,3.59
253,44633,4.5,3.5
182,1729,4.0,3.8
73,64957,3.5,4.22
471,78499,4.5,4.03
264,595,4.0,3.79
474,933,3.5,3.02
387,6874,4.0,2.96
411,427,1.0,3.06
288,2846,3.0,3.05
603,3160,4.0,3.62
599,26662,2.0,3.67
474,25769,4.5,3.87
370,1210,2.0,4.43
354,1035,4.0,3.78
560,1288,4.0,4.22
558,5420,5.0,4.32
584,165,5.0,4.07
7,3354,1.5,3.53
474,2670,3.0,3.27
560,62849,3.5,3.79
529,32,5.0,3.78
560,92694,4.0,2.38
418,88129,4.5,3.82
518,1276,4.5,4.53
447,445,4.0,3.26
352,93510,2.0,3.9
221,296,5.0,3.72
419,2028,5.0,3.72
141,6373,3.0,3.97
448,2142,3.0,2.77
423,480,5.0,3.38
191,1,4.0,3.48
141,2700,3.0,2.97
140,39292,3.5,3.56
433,79132,3.0,3.92
603,1279,4.0,4.57
469,2762,5.0,4.34
307,39183,3.5,3.42
1,1278,5.0,3.88
414,464,2.0,2.85
117,1027,3.0,3.6
608,2124,3.0,3.56
298,6503,1.0,2.33
208,2617,3.0,3.45
387,3334,4.0,3.69
436,420,3.0,3.11
305,64620,3.5,3.62
301,1672,4.0,3.58
599,6793,1.0,3.62
199,3063,2.0,3.78
198,2340,1.0,3.98
523,594,4.0,3.4
54,17,3.0,3.79
330,778,4.0,3.32
599,256,2.0,2.98
600,1240,3.0,3.85
18,3751,3.5,3.43
23,296,3.5,3.74
125,147142,3.0,4.72
274,2986,3.5,3.79
387,7438,4.0,3.72
298,96737,3.0,3.94
8,252,3.0,3.81
305,1234,5.0,3.94
174,349,4.0,3.79
571,1387,5.0,3.54
222,370,3.0,2.98
509,64957,2.5,3.18
219,4643,2.5,3.54
573,1225,4.5,4.08
480,4158,3.0,3.47
587,2738,4.0,3.75
597,2474,4.0,3.0
73,88140,4.5,3.62
263,2724,3.0,3.13
481,1672,2.0,3.54
62,139385,4.0,2.98
491,49286,4.5,3.31
606,4392,3.0,2.94
254,2840,3.5,2.7
428,8861,3.0,3.17
474,3258,2.5,3.29
288,3095,4.0,3.85
249,2353,4.5,3.51
462,111,5.0,4.69
606,6100,4.0,3.43
353,145,3.0,3.74
28,58803,3.0,3.81
140,648,4.0,3.77
395,316,3.0,3.54
480,5955,3.0,4.43
368,1995,2.0,2.46
474,2206,4.5,3.78
68,1476,3.0,3.52
595,1912,5.0,3.47
448,2124,3.0,3.16
18,80489,4.0,3.86
604,595,3.0,3.54
414,5524,3.0,3.21
141,1732,4.0,4.15
356,2353,3.0,3.38
331,7361,4.0,3.85
111,1907,3.5,4.24
64,1552,2.0,2.73
242,292,3.0,3.64
36,4025,2.0,4.05
424,318,3.5,4.38
66,4027,4.0,2.93
551,260,3.5,3.97
555,3448,5.0,3.31
489,736,2.5,4.65
414,1210,5.0,4.84
159,56367,5.0,3.8
599,104,2.5,3.55
84,105,3.0,3.55
176,780,4.0,3.36
17,58559,4.5,3.75
555,2091,3.0,3.59
379,527,3.0,4.38
160,198,5.0,1.79
387,5902,3.5,3.61
553,6378,4.5,3.81
558,555,3.0,2.96
217,2278,2.0,3.14
181,590,3.0,3.83
480,7147,4.5,4.06
414,1247,5.0,4.49
334,377,3.0,3.29
307,455,0.5,3.05
105,111360,3.5,3.29
249,7022,4.0,3.62
476,73,4.0,2.81
6,19,2.0,3.51
220,3751,3.5,3.32
414,2081,4.0,3.38
517,88125,3.5,3.38
395,110,4.0,4.2
42,2805,4.0,3.46
334,34405,4.0,3.35
469,3210,3.0,2.52
155,1302,3.0,3.81
480,1625,2.0,3.5
217,2384,4.0,3.03
572,2987,2.0,3.22
483,59784,4.0,3.49
368,858,5.0,4.17
481,1615,3.0,3.61
187,27846,4.0,3.82
298,84772,0.5,3.93
346,7179,2.5,3.15
425,33166,3.5,3.47
249,2117,3.5,3.9
610,54648,1.5,3.43
249,104211,3.5,3.3
534,112818,3.5,4.28
39,592,4.0,3.93
217,1882,2.0,2.53
325,3918,4.0,2.98
109,383,3.0,2.98
325,2155,4.0,3.69
57,1270,4.0,3.96
395,500,3.0,3.86
89,7297,3.5,2.44
38,435,2.0,2.95
70,72011,4.5,3.66
94,17,1.0,3.45
460,68954,4.5,4.06
6,218,2.0,3.31
567,112290,0.5,3.44
367,3793,5.0,3.97
276,135,4.0,2.03
448,3263,4.0,2.46
477,3720,4.0,3.25
379,597,3.0,3.7
25,60069,5.0,3.5
241,68157,4.5,4.55
111,8807,4.5,3.35
105,2360,4.0,3.98
562,1625,4.5,3.4
453,4014,5.0,4.68
193,307,3.5,3.79
20,783,3.5,3.15
483,1923,4.5,3.61
469,3006,3.0,4.04
122,1345,4.5,3.59
279,105504,3.0,4.29
448,148592,3.0,4.13
232,71057,3.5,3.55
64,4448,3.5,3.86
560,78772,0.5,2.9
410,1207,4.0,4.43
448,1244,4.0,4.11
89,8814,2.5,3.82
274,53125,3.5,3.3
249,37380,3.0,2.87
219,2617,3.0,3.11
380,5459,4.0,3.76
483,3257,2.5,3.76
581,6377,4.5,3.85
104,3675,3.5,4.1
437,168,2.0,3.38
79,3197,4.0,3.86
488,1957,3.0,3.6
182,1208,5.0,4.13
28,6157,1.5,2.85
68,72998,5.0,3.74
292,3564,2.0,2.78
380,1676,5.0,3.07
256,118696,3.5,3.45
232,43836,1.5,2.81
50,899,4.0,4.29
64,2746,4.0,3.26
368,2455,3.0,2.75
477,1089,4.0,3.65
307,2806,0.5,3.52
287,8937,4.0,3.94
298,7153,4.0,2.33
480,1962,5.0,3.83
350,608,3.0,3.77
63,53000,2.0,4.22
381,1036,2.0,3.69
420,4886,3.0,2.96
199,6378,3.5,4.06
343,2858,4.0,4.35
419,2710,4.0,3.61
414,7981,3.5,3.56
610,27032,4.0,2.93
474,3099,2.5,3.74
289,266,3.5,3.44
593,45722,1.0,3.02
580,3176,4.0,3.77
597,1086,5.0,3.85
271,1120,4.0,3.86
356,65126,3.0,3.74
177,104841,3.0,4.24
274,2723,3.5,3.07
84,1266,4.0,3.75
414,56908,4.0,3.74
352,2966,4.0,4.48
474,1379,2.0,3.13
608,2762,4.5,4.26
307,2907,2.0,2.45
275,3134,2.0,2.97
105,76093,5.0,3.87
509,35836,1.5,3.57
195,1358,4.0,3.51
249,30793,3.5,3.5
212,174909,4.5,3.5
567,152077,3.0,2.46
286,1061,5.0,2.87
1,596,5.0,3.89
448,134368,3.0,3.89
599,4254,0.5,2.84
38,508,3.0,3.33
387,50800,2.0,2.49
288,5388,4.0,2.65
382,135436,3.5,2.9
474,7158,4.5,4.15
156,2917,4.0,3.16
414,60069,4.5,3.5
37,231,5.0,3.29
523,5971,5.0,3.55
84,1395,3.0,3.1
596,135536,3.0,2.98
592,93,3.0,2.49
181,435,2.0,3.46
19,1391,3.0,2.4
108,4973,5.0,3.98
339,8464,4.5,3.36
232,8958,4.0,4.02
6,1006,4.0,3.33
555,1094,4.0,4.23
484,6874,4.5,4.04
462,2146,0.5,3.35
414,54736,3.5,3.02
414,68954,4.0,3.62
89,6863,1.5,4.23
198,2692,4.0,4.21
18,4262,4.0,2.72
555,1249,5.0,4.12
380,94405,3.0,2.68
455,151,3.0,3.74
186,3977,4.0,3.41
274,46965,3.0,2.79
198,2706,4.0,2.25
347,110,3.0,4.23
602,431,3.0,2.48
555,1297,3.0,3.36
234,648,4.0,3.17
474,216,1.0,3.64
583,60756,3.0,3.65
391,904,5.0,4.56
474,1030,2.0,2.97
182,901,3.5,4.7
380,3499,5.0,4.18
212,3967,3.5,3.7
610,1274,5.0,4.19
489,3633,1.5,2.6
45,4306,5.0,3.11
160,2531,1.0,1.73
391,5152,1.0,3.42
103,34,4.0,3.67
202,1276,4.0,4.09
474,38886,4.0,3.37
450,3568,4.0,3.32
113,932,5.0,4.14
387,29,3.5,3.44
111,59725,2.5,3.58
81,318,3.0,4.33
47,1088,4.0,3.55
599,26629,2.0,2.98
480,7360,1.0,4.06
368,3063,2.0,3.98
61,3949,4.5,3.77
6,292,4.0,3.29
139,5481,1.0,2.68
288,1873,3.0,3.92
414,166024,4.5,3.88
469,2716,4.0,3.11
489,2803,3.0,3.22
597,919,4.0,3.67
197,2793,3.0,3.99
581,318,5.0,4.2
309,7153,4.5,3.15
263,1639,4.0,3.08
552,3593,1.0,2.85
453,1921,4.0,3.87
387,2183,4.0,3.37
591,3238,1.0,2.74
423,1304,4.0,4.18
479,533,2.0,4.06
274,7894,3.5,3.54
564,108156,4.0,2.04
489,141,3.5,3.36
483,66097,4.5,3.44
608,4226,4.5,4.04
354,33679,3.5,2.83
307,2052,3.0,2.2
18,88129,3.0,3.76
372,628,4.0,3.75
480,3717,3.0,3.1
182,2691,4.5,3.44
414,1957,3.0,4.09
177,5957,4.0,3.48
251,1089,5.0,3.74
414,4994,4.0,3.98
480,3977,1.5,2.28
534,1676,4.0,3.89
420,3159,4.0,3.89
1,2115,5.0,3.98
590,594,5.0,4.21
448,260,5.0,4.28
489,33794,3.5,3.78
356,3186,4.0,3.63
482,3273,3.5,3.76
132,1732,2.5,4.06
555,2391,3.0,3.2
608,6595,4.0,2.85
316,8622,3.0,3.4
249,1320,3.0,3.17
135,466,3.0,4.25
263,6708,3.0,3.8
111,5528,3.0,3.41
604,188,3.0,3.63
47,590,3.5,4.37
368,1479,3.0,2.56
600,5952,5.0,3.5
68,2054,1.0,3.41
182,4720,4.5,2.93
414,51935,3.5,3.64
587,1614,4.0,4.0
482,6810,1.0,4.17
474,45722,3.5,3.55
42,785,3.0,3.76
567,78499,2.0,4.27
608,1653,5.0,3.22
356,38886,4.0,3.38
474,3816,4.0,4.02
328,8665,3.5,3.89
266,2384,1.0,3.49
514,1327,2.0,3.08
307,413,2.5,2.83
599,3830,2.5,1.91
187,4993,4.5,4.25
380,85796,3.0,3.56
480,485,2.0,3.66
221,912,5.0,4.45
600,2683,2.5,3.8
585,3246,4.0,3.44
49,109487,4.5,3.73
599,27032,3.0,2.93
603,3819,4.0,3.49
525,70862,3.0,3.63
28,1136,3.5,3.37
414,53125,2.0,3.69
571,2553,2.0,2.86
305,122916,4.5,3.49
419,6502,3.5,3.49
412,2396,5.0,3.62
554,2995,1.0,3.74
390,308,5.0,4.34
580,2686,3.5,3.62
182,1090,5.0,4.25
599,7143,4.0,3.47
274,2501,2.5,4.06
370,5378,1.0,3.68
381,8622,4.0,3.42
318,64614,4.0,3.64
182,3925,5.0,3.69
50,78499,2.0,3.98
590,3034,3.5,3.97
502,1777,0.5,3.85
473,2300,2.5,3.46
318,77455,4.5,3.61
288,380,3.0,3.28
489,4054,1.0,3.81
135,260,4.0,3.42
428,4022,2.0,2.91
414,60684,3.5,3.97
221,2987,3.5,3.75
452,1197,5.0,4.71
596,2424,2.5,3.71
21,45447,3.5,3.71
592,595,5.0,3.83
608,2140,3.0,2.93
160,1034,1.0,3.21
288,42418,4.0,3.64
298,27156,4.0,4.11
222,1917,2.5,3.19
68,223,1.0,3.54
99,420,2.0,3.09
386,333,3.0,3.31
372,428,3.0,3.17
567,157296,1.5,2.89
256,4344,4.0,3.57
298,741,3.5,1.74
276,780,5.0,4.1
89,915,2.0,3.14
380,585,2.0,3.39
599,203,2.5,3.26
474,8521,3.5,3.71
143,7173,1.0,3.55
231,1198,4.0,4.13
202,1249,4.0,4.32
489,8961,3.5,3.17
96,1610,4.0,3.94
517,7361,1.5,3.67
318,103384,3.5,4.02
18,1276,4.0,3.76
160,2340,1.0,2.7
474,34271,3.5,3.55
200,1028,3.0,3.5
448,3039,4.0,3.94
50,100498,1.0,3.72
292,59369,3.5,3.65
522,1214,5.0,4.03
274,8836,4.0,2.77
111,1197,3.5,4.54
89,107951,5.0,3.93
509,2700,3.5,2.92
111,6287,3.5,3.69
226,8984,2.5,2.95
274,2700,4.0,3.32
314,31,3.0,3.82
555,2405,3.0,3.11
512,300,4.0,3.67
599,2474,3.0,2.91
89,164707,4.0,3.33
199,1136,5.0,4.33
383,2436,5.0,3.7
281,428,3.5,3.1
275,5218,2.0,4.21
53,1298,5.0,4.56
339,4369,3.0,3.74
599,1465,2.0,2.62
577,1019,4.0,3.39
599,4103,3.0,2.9
599,1197,3.5,4.02
18,67255,4.5,3.83
301,4995,4.5,3.04
182,2720,0.5,2.7
151,1432,4.0,3.26
448,106839,3.5,3.74
551,8368,4.0,3.57
357,79008,4.0,3.91
181,349,4.0,3.87
352,41569,3.5,2.69
414,40815,3.5,4.05
500,543,4.0,2.82
448,79242,3.0,2.7
294,348,2.0,3.05
368,2527,3.0,2.48
290,3634,4.0,3.52
275,2330,5.0,3.86
525,40629,4.5,2.96
610,6503,1.5,3.78
177,2316,4.5,3.83
222,6763,2.0,2.84
160,5219,2.0,3.94
41,30812,4.0,3.03
382,69844,4.5,3.82
209,5952,5.0,4.04
442,3363,1.5,3.83
198,1198,4.0,4.25
211,33166,5.0,3.73
219,6618,3.5,2.83
352,3354,3.5,3.67
27,3751,3.0,3.16
298,62434,1.5,3.55
310,1223,5.0,3.75
451,25,5.0,2.79
514,440,4.0,3.0
555,2411,3.0,2.91
226,5445,3.0,3.55
149,172,3.0,2.16
184,175485,1.5,2.78
68,3471,1.5,3.1
331,318,5.0,3.45
567,139385,3.0,3.71
517,1961,3.5,3.31
179,1061,4.0,3.51
39,3328,5.0,2.81
328,4223,2.5,4.04
488,838,5.0,3.34
387,33896,3.5,3.77
313,2530,5.0,3.64
522,2997,4.5,3.89
357,1393,4.5,3.76
608,2052,1.0,2.68
489,2253,3.0,3.57
610,7369,2.5,3.97
288,1674,4.0,3.34
221,162,4.5,3.04
329,318,2.0,3.61
585,55765,5.0,3.83
380,5952,5.0,4.0
213,912,3.5,4.12
400,1197,4.5,4.77
72,2136,2.5,3.28
69,3793,4.0,4.07
182,5388,3.0,3.72
12,4018,4.5,3.81
448,6377,3.5,3.68
365,86911,3.5,3.47
19,1489,2.0,2.91
600,225,2.0,2.97
610,4721,1.0,3.46
292,3745,3.0,2.74
490,6539,3.0,2.8
489,248,3.5,3.44
330,48738,5.0,4.29
332,46578,4.0,3.83
154,98243,5.0,4.13
200,165,4.0,3.7
288,3244,3.0,2.91
489,1801,3.0,3.67
36,3798,3.0,3.88
6,225,4.0,3.22
608,5945,3.0,3.05
1,2529,5.0,3.59
357,5669,2.5,3.38
325,1238,4.0,3.61
559,420,3.0,3.15
249,92008,3.0,3.71
222,68157,4.5,4.43
265,1356,4.0,4.14
606,7438,4.5,4.05
557,344,4.0,3.46
105,2028,5.0,4.12
298,4020,1.0,2.63
274,7004,3.5,3.49
469,903,5.0,4.47
140,1704,4.0,3.15
474,4929,2.0,3.35
448,3450,4.0,3.48
279,5418,3.5,3.33
448,53125,2.0,3.72
560,5613,4.0,3.62
274,78266,3.5,3.44
429,222,4.0,3.74
590,55820,4.0,3.75
380,3037,4.5,3.69
401,78499,3.5,4.48
474,1042,4.5,3.74
552,5464,3.0,2.82
542,8958,5.0,3.75
579,2018,3.0,3.86
489,784,0.5,3.61
249,7007,4.0,3.56
310,6947,4.0,3.3
509,26662,3.5,3.84
365,60756,3.5,2.91
517,82459,1.0,4.15
358,2144,3.0,3.76
414,2320,2.5,4.02
105,2076,4.0,3.79
572,2433,3.0,3.2
387,6662,4.0,3.85
270,637,2.0,3.39
608,1059,3.0,3.49
543,1580,5.0,3.7
600,2325,3.5,3.61
339,69406,4.0,3.26
448,3386,3.0,2.52
19,13,3.0,2.86
275,3910,5.0,3.47
210,56174,2.5,3.2
161,2080,3.5,3.8
561,106002,2.5,3.0
380,2353,3.0,3.86
110,5459,2.5,3.47
93,329,5.0,3.03
318,1120,3.5,3.29
111,104644,0.5,3.54
286,377,4.0,3.8
373,367,1.0,3.68
359,2942,3.5,3.52
514,1302,5.0,3.03
553,2959,5.0,4.1
491,7451,4.0,2.89
140,1196,3.0,3.45
105,2571,4.0,4.6
477,6794,0.5,3.79
482,8961,5.0,3.44
104,55052,4.0,3.47
453,2712,3.0,3.63
484,4759,4.0,2.86
238,2067,5.0,2.71
317,88129,4.0,3.52
111,1805,3.0,3.65
380,1388,4.0,3.2
561,79132,3.5,3.74
577,2076,3.0,2.82
244,1270,5.0,3.74
18,1212,4.5,4.2
62,50804,5.0,2.43
509,87529,3.0,2.4
279,110501,3.0,3.61
534,69278,3.5,3.5
307,1089,4.0,3.43
600,1217,4.0,3.52
15,112556,4.5,3.74
248,135133,3.5,4.15
387,2259,2.5,2.65
12,3967,4.5,3.49
183,1582,3.0,3.02
10,92259,5.0,3.59
414,1479,3.0,3.45
365,56174,3.5,2.92
546,2792,3.0,3.98
20,5618,5.0,3.84
233,5952,4.0,3.86
263,30812,4.0,3.4
288,1748,4.0,2.55
414,49272,4.0,3.14
305,54259,4.0,3.76
232,8937,3.5,3.17
288,595,4.0,3.95
287,6552,2.5,2.5
475,111362,4.5,3.19
249,72011,4.0,3.4
506,80549,4.0,3.86
62,27831,4.5,3.64
603,4589,1.0,2.21
414,7364,4.0,4.22
73,6936,5.0,3.75
298,134170,4.0,3.28
199,111,3.0,3.92
382,81847,4.5,4.1
339,760,4.5,3.64
511,139385,5.0,3.84
266,1374,3.0,3.37
68,1625,2.0,3.59
56,480,5.0,4.0
223,4226,4.0,3.18
249,2717,3.5,3.53
343,3000,3.0,3.53
401,5218,3.5,3.5
474,40946,2.5,3.61
606,53127,3.5,2.91
409,1952,5.0,4.13
91,3785,4.5,4.32
106,85414,3.0,3.79
608,1291,4.0,3.66
156,1965,4.0,3.71
489,590,4.0,3.83
448,952,4.5,3.94
587,1371,4.0,3.82
129,2571,4.5,4.23
105,7458,3.5,3.84
306,53322,3.0,2.97
288,919,3.5,4.02
226,5464,4.0,2.75
127,68954,0.5,4.22
329,1206,0.5,4.0
239,318,5.0,3.9
45,5630,5.0,3.49
18,7438,3.5,3.25
143,106696,4.0,3.0
179,3,4.0,3.94
474,25937,3.5,3.49
492,788,5.0,3.52
597,2145,4.0,3.8
499,38304,4.5,4.54
232,4990,3.0,3.56
523,102407,5.0,3.22
593,41,4.0,4.11
246,4956,5.0,4.21
448,91126,3.5,3.46
14,288,4.0,3.66
274,3916,3.5,3.7
18,55276,4.0,2.93
610,112,4.0,3.96
561,2403,4.5,3.49
91,3578,3.5,3.96
365,86644,1.0,3.95
111,3821,1.5,3.07
605,2622,3.0,3.5
100,4041,5.0,3.66
381,5971,4.0,3.43
586,3448,4.0,3.39
50,105250,3.5,3.05
274,332,2.5,4.22
610,83613,3.0,2.92
226,362,3.5,2.78
599,96004,4.5,3.47
101,2541,3.0,3.9
406,46972,4.0,3.38
414,61406,4.0,2.82
242,236,3.0,3.61
33,1923,5.0,3.57
160,1127,2.0,3.56
249,6593,3.5,3.37
448,118702,2.5,3.18
59,913,5.0,4.68
480,110,5.0,3.37
589,780,5.0,3.7
352,34319,3.0,2.97
572,21,5.0,3.93
474,616,3.5,3.56
28,30812,3.0,3.33
112,253,4.5,3.48
182,1262,4.5,4.14
289,1208,4.0,4.07
380,47124,3.0,3.58
474,249,4.0,3.36
534,76293,4.0,3.76
204,68157,5.0,4.22
274,3253,3.5,3.51
562,1921,3.5,3.45
322,47629,4.0,2.95
89,141646,3.5,4.01
603,2972,5.0,3.84
462,4973,1.5,3.44
17,5782,4.0,3.87
419,1412,3.5,3.56
387,2529,4.0,3.46
171,47,5.0,3.88
219,1702,1.5,3.85
599,2311,2.5,3.44
562,1214,4.5,4.08
160,1981,1.0,1.63
140,866,4.0,3.78
249,5349,4.0,3.3
599,3702,3.5,3.55
560,2012,2.5,3.57
414,2598,2.0,3.41
387,27317,3.5,4.17
68,4041,2.5,3.34
313,163,3.0,2.4
288,539,3.0,3.62
606,308,4.0,3.82
274,27773,3.5,3.18
1,1927,5.0,3.05
292,377,3.5,2.53
474,30707,4.0,4.08
594,4517,0.5,2.33
297,2952,4.0,3.35
606,1963,4.5,4.04
298,8368,3.0,3.06
365,3421,3.0,3.58
275,2324,5.0,4.17
560,27904,3.0,3.55
20,1566,4.5,2.73
221,456,4.5,3.29
599,1994,2.5,2.47
50,969,3.5,4.48
219,6157,1.5,3.69
554,2324,5.0,3.78
42,3617,4.0,3.0
404,208,4.0,3.6
68,5312,2.5,3.77
448,3253,4.5,3.71
606,1079,4.0,3.32
330,344,0.5,3.16
241,115569,4.5,4.27
600,596,2.5,3.24
610,55830,3.5,3.69
107,266,4.0,3.5
593,364,3.5,4.61
325,3328,4.0,3.46
332,1200,4.0,3.39
368,3555,3.0,3.21
89,124404,5.0,3.46
402,762,3.0,3.03
140,4027,2.0,3.29
227,116797,4.5,3.78
119,68319,4.0,2.78
573,293,5.0,4.18
599,59387,3.0,3.77
599,54881,3.0,3.19
260,2413,4.5,3.32
477,4370,3.5,3.75
425,4967,4.0,3.77
219,1429,3.0,3.05
382,46865,1.0,3.92
239,44665,5.0,3.58
239,33794,4.5,3.88
352,107406,4.5,2.69
608,1862,2.5,2.74
524,153,3.0,4.31
469,2550,5.0,3.43
64,2916,3.0,3.5
249,104374,4.5,3.24
132,6874,4.5,3.4
74,3006,4.0,3.8
381,8972,3.5,3.36
59,2160,5.0,3.37
424,2502,4.5,3.95
563,56941,3.0,3.48
68,2423,4.0,3.59
317,1247,5.0,3.88
534,59784,4.0,3.12
438,6534,3.0,3.59
279,1676,3.0,3.98
200,1029,3.5,3.52
599,47725,3.0,3.12
362,56145,4.5,3.82
474,748,3.5,4.62
472,318,5.0,4.03
580,4370,3.0,3.17
445,541,4.0,3.8
111,45672,3.0,3.17
594,3616,4.5,2.65
271,5508,4.0,3.22
77,5378,5.0,3.42
427,5378,3.5,3.23
555,2007,5.0,3.23
373,480,4.0,4.11
474,4874,2.5,3.6
570,3481,3.5,3.02
385,594,3.0,3.02
264,2571,4.5,4.65
216,1288,5.0,3.23
325,4956,5.0,3.14
480,3996,4.0,4.3
580,34,2.5,3.56
574,47,5.0,4.37
563,2052,4.0,3.38
66,1201,5.0,4.02
104,733,3.0,3.17
298,97306,3.0,3.55
282,1213,4.5,4.43
483,5541,3.5,2.68
479,2701,1.0,3.13
274,31878,3.0,4.08
590,6987,3.5,3.43
267,4011,5.0,3.19
22,31658,2.5,3.74
387,1529,2.5,3.13
593,5378,1.5,2.77
432,48516,2.5,4.43
219,44761,4.5,3.17
154,73321,2.5,3.27
288,7254,3.5,2.58
165,5485,3.0,3.29
199,1797,3.0,3.73
232,67267,4.0,3.65
7,2701,1.5,4.31
380,2498,3.0,3.76
275,3361,3.0,4.07
90,1144,4.0,3.78
190,318,4.0,3.4
312,3702,4.0,4.38
155,2384,2.0,3.18
580,7001,2.5,3.73
447,474,5.0,3.68
200,7361,4.5,4.27
600,6003,3.0,3.19
352,117529,3.0,3.88
226,8360,4.0,3.13
607,3034,2.0,3.68
232,1911,3.0,3.56
587,2002,4.0,3.89
480,47644,3.5,4.01
328,1270,4.0,3.95
292,3916,4.0,2.34
19,2700,4.0,3.04
226,1884,3.5,2.26
405,4239,4.0,3.55
171,317,4.0,3.99
567,122920,2.5,2.93
469,2456,3.0,2.87
479,1320,3.0,2.53
483,1059,4.0,3.65
459,177765,5.0,2.94
430,3754,3.0,2.86
73,4447,3.5,3.79
287,532,2.5,4.18
288,3345,3.0,3.64
14,383,4.0,3.39
119,1732,4.0,4.09
10,82167,3.5,2.91
292,63859,4.0,3.23
307,4477,4.0,2.32
63,50,5.0,3.77
182,150,2.5,3.33
162,318,5.0,3.7
244,648,4.0,3.29
350,65,3.0,3.78
45,185,3.0,3.73
100,1277,4.0,4.23
89,149350,5.0,2.94
387,5255,1.5,3.02
166,1,5.0,3.98
448,132462,1.0,2.51
454,3949,4.0,3.7
448,3689,3.0,3.79
414,4448,4.0,3.29
387,6645,3.5,3.57
328,128360,3.0,3.54
599,3053,3.0,2.89
63,96079,3.5,4.14
339,4056,4.5,2.82
486,150,5.0,3.49
412,1073,1.0,4.28
308,44555,1.5,4.45
354,750,3.0,3.82
42,3450,5.0,2.87
606,4085,2.5,2.81
597,1231,5.0,4.23
460,51255,4.5,4.24
31,1099,2.0,3.89
414,46530,4.0,3.2
606,903,4.0,4.6
108,4992,4.0,3.92
232,49530,4.0,3.95
279,3753,3.0,3.47
277,95,3.0,3.38
232,1917,4.5,3.1
280,6377,4.5,3.58
317,293,5.0,3.98
210,296,0.5,3.76
495,35836,5.0,3.77
212,5971,4.0,3.8
91,7360,5.0,3.82
114,81834,3.0,3.78
502,520,5.0,3.75
525,750,3.5,3.08
322,1721,1.0,3.53
414,923,5.0,4.73
562,6975,3.5,3.36
380,7573,3.0,3.44
589,350,3.0,3.62
117,47,4.0,3.17
587,1270,5.0,4.26
489,59725,2.5,2.42
448,107,4.0,4.29
283,1210,4.0,4.33
477,2208,4.0,3.56
264,1028,5.0,3.23
452,2160,5.0,3.38
607,316,3.0,3.58
225,3264,3.0,2.86
602,597,2.0,3.44
288,1357,3.5,3.19
438,802,3.5,3.0
369,48082,3.5,3.61
104,6367,4.0,3.64
89,73015,1.5,3.86
542,5502,1.0,3.02
201,592,3.0,4.31
153,106920,4.0,2.02
586,117851,5.0,2.53
17,1358,3.0,3.39
88,5995,4.5,3.43
370,6874,4.0,3.9
187,6711,4.5,4.06
610,149011,3.5,3.51
309,1276,4.0,4.05
415,2291,4.0,3.92
438,8640,3.0,3.71
23,7932,3.0,3.8
43,349,3.0,3.99
201,2094,4.0,3.51
563,588,4.0,3.81
570,1265,4.0,3.43
608,5464,4.0,2.75
352,4025,3.0,3.59
599,4014,2.5,2.35
603,2875,3.0,3.15
391,3683,5.0,3.56
305,61024,3.0,3.65
89,3022,2.0,3.77
294,1731,1.0,4.39
15,111759,4.5,4.14
438,32,4.0,3.97
561,69526,1.0,2.07
555,2506,5.0,3.65
292,1097,4.5,3.72
294,2170,1.0,2.87
234,3274,5.0,3.79
153,180095,4.0,3.8
57,1291,4.0,4.54
232,34072,3.0,3.25
98,56775,4.0,3.76
325,3158,4.0,3.96
600,919,3.0,3.3
274,1089,4.5,3.85
294,2405,1.0,2.48
599,2232,2.0,4.48
61,2710,3.5,3.37
50,4928,4.0,3.68
298,4886,3.0,3.23
304,314,4.0,3.61
4,2019,2.0,3.4
42,195,3.0,3.05
452,1079,5.0,4.35
42,2568,4.0,4.04
434,1036,4.5,3.96
590,19,2.0,3.25
239,46976,4.5,3.09
307,539,2.0,3.7
274,590,4.0,3.72
19,2428,3.0,2.61
587,1376,4.0,4.09
6,524,3.0,3.6
474,1340,3.5,4.06
249,51086,3.5,2.83
514,26242,3.0,3.1
381,316,3.5,3.91
438,1036,4.0,4.04
466,46578,4.5,4.2
182,3006,3.0,3.54
523,95167,4.5,3.22
305,140956,4.5,3.32
132,8638,4.0,3.5
152,2329,5.0,3.41
288,1965,4.5,3.6
229,1,5.0,3.43
169,6709,3.0,4.14
362,2291,4.0,3.69
45,2006,5.0,3.29
590,1247,4.0,3.8
414,150548,4.0,3.67
590,912,5.0,4.27
527,1994,4.0,4.15
555,1994,4.0,3.04
177,8368,3.5,3.46
41,6539,3.0,3.71
111,170937,3.0,3.35
182,2528,2.5,3.79
387,2993,3.5,3.75
326,40819,5.0,3.48
178,44195,5.0,4.57
509,6093,2.5,2.99
438,30816,3.0,3.13
474,41527,4.0,3.52
432,72641,3.5,3.56
19,1346,2.0,2.42
125,79702,4.0,3.49
287,3948,2.0,3.71
47,101525,3.5,2.97
517,4306,4.0,3.6
593,1968,1.5,4.0
489,5791,3.0,3.48
304,2605,4.0,2.61
452,780,5.0,3.72
80,72998,4.0,3.49
188,904,5.0,4.84
292,1221,4.0,4.18
68,50685,4.5,3.7
376,2716,4.5,3.35
566,253,5.0,3.46
596,122882,5.0,3.87
599,70286,3.0,4.21
143,54503,1.0,3.95
256,88744,4.0,3.44
508,898,2.0,3.59
474,3994,4.5,3.56
177,106487,4.0,3.95
390,3174,4.0,3.31
561,59315,3.5,4.03
28,3681,3.5,3.76
76,52281,3.5,3.47
469,1237,4.0,4.52
328,1252,2.0,3.05
19,356,2.0,4.21
318,2674,3.0,3.75
206,800,5.0,2.95
474,3152,4.0,3.86
288,3483,2.0,3.01
381,4002,4.0,3.5
410,2133,4.0,3.91
84,4,3.0,3.28
105,91542,4.0,4.1
599,2383,0.5,1.68
86,95510,4.5,3.11
182,7254,4.0,3.92
365,1961,1.5,3.54
99,413,3.0,3.33
31,1200,3.0,4.14
387,2530,3.5,3.44
125,99007,4.5,3.3
266,785,4.0,3.32
368,2027,2.0,3.83
520,7036,5.0,2.56
122,1247,5.0,3.49
495,3979,3.0,2.44
217,1792,3.0,3.48
555,748,2.0,3.25
599,58306,2.5,3.34
232,33794,4.5,3.92
386,383,4.0,2.9
102,236,3.0,3.67
199,4848,3.0,4.28
156,587,3.0,3.1
586,135436,4.5,1.93
479,5651,3.0,3.44
517,277,5.0,2.61
151,1265,5.0,3.39
132,1125,3.0,3.95
305,5010,4.5,3.4
448,88140,3.0,3.83
127,1962,3.0,4.33
474,6984,4.0,3.79
380,5991,4.0,3.95
477,1945,4.0,3.39
318,64716,3.5,4.31
68,5582,4.0,3.85
464,593,5.0,3.9
153,2617,0.5,2.47
474,1946,3.5,3.66
82,5094,2.0,3.4
561,6947,4.0,3.44
103,8636,3.0,3.74
288,33166,4.0,3.23
365,70286,2.0,4.02
14,434,4.0,3.02
344,5010,2.0,4.0
281,3911,3.5,3.81
303,1374,5.0,4.18
474,6785,4.5,3.71
307,553,4.5,3.47
4,4246,4.0,3.22
286,1080,4.0,4.08
391,5537,5.0,3.07
603,908,4.0,4.38
610,134368,4.0,4.02
105,112552,4.0,4.2
317,3949,4.0,3.31
400,1213,4.5,4.47
600,1007,3.0,2.11
438,6764,3.5,2.85
269,5,3.0,3.71
325,1845,4.0,3.16
200,7458,4.0,3.99
474,2502,4.0,3.73
438,5563,2.0,3.09
599,5669,4.5,2.92
434,3107,3.5,3.06
522,1200,4.5,4.45
8,235,3.0,3.19
137,4963,2.5,3.41
21,2006,2.5,3.45
414,533,2.0,3.06
509,6942,4.0,3.91
178,1265,4.5,4.11
410,904,5.0,4.7
387,3088,3.0,4.03
483,6942,3.5,3.96
288,1240,3.0,3.86
178,7153,4.5,2.96
330,587,3.5,3.26
387,3204,3.5,3.94
4,4021,4.0,3.1
294,2064,4.0,3.16
387,39381,4.0,3.36
594,1407,0.5,2.99
483,6863,4.0,4.0
19,2683,3.0,3.08
386,329,3.0,2.91
520,2393,3.5,3.77
307,3392,1.0,2.4
374,349,3.0,3.21
122,96728,5.0,4.18
239,2916,3.0,3.57
608,2081,0.5,2.82
57,942,4.0,4.16
68,4299,4.0,3.57
498,208,3.0,3.73
177,31696,2.5,3.5
387,39414,3.0,3.37
105,96373,4.5,3.9
68,37729,2.5,3.66
389,25,4.0,3.62
590,1391,2.5,3.65
249,367,4.0,4.28
525,107,3.5,3.47
514,2289,2.0,3.77
603,778,2.0,3.68
420,47997,3.5,3.59
148,40815,4.0,3.96
415,63082,4.5,3.9
313,1197,3.0,4.55
105,64716,4.0,4.14
567,103335,0.5,3.01
219,33794,4.5,3.83
307,596,2.5,3.49
448,109295,2.0,3.08
414,6294,2.0,3.12
464,60832,4.0,3.92
66,3037,5.0,3.45
232,6942,3.5,3.53
372,1197,4.0,3.83
232,50794,3.0,2.29
365,59022,2.5,2.45
387,45447,3.0,3.4
122,480,4.0,3.45
136,350,5.0,3.22
140,1641,1.0,3.52
453,1457,3.0,2.47
265,1962,4.0,3.72
151,102,4.0,3.94
288,55768,3.0,4.26
384,2268,4.0,3.59
487,4638,2.0,2.32
354,597,3.5,3.99
111,61132,3.5,3.11
202,1312,2.0,4.21
125,54190,5.0,3.83
414,487,2.0,3.52
305,4878,5.0,3.55
414,5956,4.0,3.26
177,900,3.0,4.8
58,342,5.0,3.69
84,948,4.0,3.01
398,2763,4.0,3.45
111,5481,3.5,3.07
74,5791,4.0,4.18
256,3980,5.0,3.4
419,1917,5.0,3.31
288,5065,3.0,2.99
414,1033,3.0,3.94
304,1259,5.0,3.94
330,50,5.0,3.71
226,1007,3.5,2.95
313,4180,5.0,1.83
332,91974,3.5,3.74
219,4299,2.0,4.1
157,3617,3.0,3.06
288,1957,4.0,3.76
19,881,1.0,2.24
288,1616,3.0,3.66
606,5956,4.0,4.08
227,54286,4.5,3.85
474,50274,3.0,3.1
91,3563,3.0,3.72
191,95,3.0,4.03
239,595,3.0,3.34
606,2245,4.0,2.96
274,55721,4.5,4.15
571,12,1.0,3.86
593,588,3.5,4.62
444,480,3.0,3.66
474,7323,4.0,3.59
599,6330,2.5,3.21
63,91630,4.0,3.84
247,3114,4.5,3.47
263,6711,4.5,3.81
527,2565,4.0,4.31
145,208,3.0,3.6
352,130634,1.0,3.25
68,247,2.5,3.38
160,6591,5.0,3.75
600,5096,1.5,1.65
482,474,3.5,3.81
119,130520,3.5,3.56
380,5266,3.0,3.18
135,1892,4.0,3.3
330,150,3.0,3.49
593,339,2.0,3.91
219,45666,1.0,3.26
119,2329,4.0,4.02
182,5812,3.5,3.7
88,1994,3.5,3.53
122,288,5.0,3.2
484,1307,3.5,4.07
104,4886,4.0,3.62
469,357,3.0,4.2
473,2596,4.0,3.35
503,93831,1.5,4.21
68,2174,2.5,3.25
432,64839,4.0,4.19
298,5941,2.0,1.84
61,1090,4.0,4.28
210,5378,5.0,3.2
52,1923,5.0,3.77
298,87306,3.0,2.79
260,128,3.0,2.51
179,113,3.0,4.11
103,3174,4.5,4.14
187,48394,4.0,3.28
448,3671,5.0,4.05
448,43871,1.5,2.96
594,7883,0.5,3.05
377,1269,4.5,4.59
266,1259,4.0,4.1
19,3248,2.0,2.81
445,64614,4.5,4.06
387,3000,4.0,3.94
426,6373,3.5,3.51
252,8961,4.5,4.3
610,6373,3.5,3.8
10,8665,3.5,3.01
489,2115,4.0,3.92
469,1240,4.0,4.72
448,3020,4.0,3.49
298,7325,2.5,2.51
580,54286,5.0,3.14
141,2694,3.0,3.44
570,1270,4.0,3.53
551,96079,4.5,3.32
579,3408,5.0,3.85
66,3499,4.0,4.29
292,1278,4.0,3.63
438,5956,0.5,3.74
356,2144,3.5,3.88
318,106648,3.0,4.19
455,364,3.0,4.24
260,903,4.5,3.96
480,2011,4.0,3.24
599,161008,2.5,2.3
474,5670,3.0,4.0
85,515,4.0,3.33
306,168250,3.0,4.08
459,68954,5.0,4.03
412,933,5.0,3.96
599,4662,3.0,2.56
305,44555,5.0,4.47
186,377,4.0,3.31
307,26686,1.0,3.69
428,1676,3.5,3.36
217,1171,3.0,3.87
368,3162,3.0,4.25
103,88810,3.5,3.42
275,3163,5.0,2.74
462,597,1.5,4.17
219,3210,3.5,4.17
255,1194,5.0,4.37
260,1073,4.0,4.57
474,2291,4.5,4.18
140,3189,4.0,3.74
414,4780,2.0,3.19
24,733,3.0,2.98
534,2004,4.5,3.96
579,2028,3.0,4.39
318,84152,3.5,3.74
18,159093,3.5,4.12
274,3786,3.5,3.33
68,1049,3.5,3.54
351,2959,4.0,4.66
602,231,2.0,3.74
380,2394,5.0,3.9
380,7367,3.0,3.21
177,6385,3.0,3.02
445,7153,5.0,4.08
266,1911,1.0,3.73
222,6793,1.5,4.24
469,2406,3.0,3.02
560,6541,3.0,3.29
601,177765,4.5,3.01
438,353,4.0,3.7
479,3270,4.0,3.25
438,1408,5.0,3.32
610,87869,3.5,3.13
330,509,3.0,3.88
4,4273,4.0,2.28
534,1291,4.5,4.1
21,164909,3.5,3.42
267,29,4.0,4.06
1,2078,5.0,3.45
219,260,5.0,4.1
600,3499,3.5,3.05
292,344,2.0,2.93
285,912,5.0,3.94
474,2959,4.0,3.56
251,2959,5.0,4.72
222,104303,1.5,3.08
104,5618,4.0,4.07
514,1200,5.0,4.58
232,7373,3.5,3.6
245,3196,3.0,4.25
296,33493,1.0,2.79
280,86817,4.0,3.61
427,5459,2.0,2.88
219,30707,2.5,3.8
237,48385,3.5,3.03
288,1320,2.0,2.51
470,527,5.0,4.47
169,440,4.0,2.63
393,8984,5.0,3.14
480,3362,4.0,3.9
353,434,3.0,3.05
265,2455,2.0,3.95
96,1942,5.0,4.49
596,40870,3.5,3.21
579,3082,4.0,3.63
348,296,5.0,4.05
454,2160,4.5,3.46
274,1713,2.5,3.32
382,104076,2.0,2.7
434,68358,3.0,4.12
233,3147,4.0,4.2
587,440,4.0,4.0
33,2539,4.0,3.21
381,3949,5.0,3.51
184,114935,4.5,3.8
480,4016,2.5,3.27
182,3955,1.0,3.33
372,1358,3.0,4.15
171,1225,4.0,4.47
580,25850,0.5,3.38
10,597,3.5,3.45
156,4784,3.0,3.35
594,5364,4.5,2.09
115,1387,5.0,3.49
474,1413,4.5,3.46
318,32657,4.5,3.31
599,2144,3.0,3.79
182,7934,4.0,4.22
119,5989,4.5,4.01
104,56949,3.5,3.09
509,33779,4.0,3.89
18,106489,3.5,3.34
241,106696,4.0,4.09
220,316,2.0,3.56
19,1378,3.0,3.28
360,1617,5.0,4.64
387,520,3.5,2.83
314,141,3.0,3.27
362,4993,5.0,3.55
64,7445,3.5,3.92
534,86332,3.5,3.92
8,357,5.0,3.54
68,4489,2.5,3.62
66,2470,4.0,3.41
91,2144,2.0,3.38
151,736,4.0,2.78
380,60069,5.0,4.0
380,6014,2.0,3.13
260,1094,2.5,3.55
404,193,3.0,3.24
448,5414,2.0,2.89
129,5159,4.0,3.17
22,4903,4.0,3.84
177,3101,3.5,4.15
145,300,3.0,3.8
562,3448,4.0,3.49
510,1198,4.0,4.31
122,5810,4.5,3.68
103,55247,5.0,4.15
266,608,5.0,4.02
200,4993,4.0,3.84
328,1036,1.0,3.92
202,2147,3.0,3.85
522,34405,4.0,4.15
43,661,5.0,3.34
111,170813,4.0,3.46
509,51834,4.0,3.48
111,135861,2.0,3.36
222,91628,1.5,3.56
274,55765,4.0,4.07
303,1270,3.5,4.25
137,110,4.0,4.35
254,47629,2.0,3.8
318,1584,4.5,4.04
305,27801,4.5,3.46
57,457,5.0,3.24
608,593,4.0,3.4
68,2485,3.5,3.95
382,45208,2.0,3.79
184,171763,4.5,4.31
201,2248,5.0,3.47
35,266,2.0,4.01
104,588,4.0,3.89
448,2916,3.0,4.17
68,1387,3.5,3.63
122,101142,4.5,3.86
553,2571,3.5,3.99
573,2115,5.0,2.91
184,168090,4.0,4.11
560,57368,4.5,3.42
7,8865,1.0,3.51
64,2394,3.5,3.64
169,3882,3.5,2.92
288,1373,2.5,2.61
357,1956,4.0,4.03
580,3267,4.0,4.27
365,3996,1.0,3.76
438,589,5.0,3.72
226,5107,2.5,3.61
594,2432,4.5,3.37
303,6303,4.0,2.26
555,1320,5.0,3.11
537,95067,3.0,2.41
105,3742,4.0,3.74
330,1265,4.5,3.95
365,30793,3.5,3.28
68,3101,4.0,3.88
18,89745,4.0,3.51
393,5952,5.0,4.05
448,50601,1.5,3.25
105,213,4.5,3.28
475,5459,4.5,2.96
383,2906,3.0,3.51
606,95105,2.5,3.21
489,5971,4.5,3.96
367,2430,4.0,3.55
477,31660,3.0,4.24
288,6593,4.0,2.97
169,3948,5.0,3.34
284,15,4.0,3.07
290,11,4.0,2.51
4,608,5.0,3.58
477,6534,4.0,3.49
318,3702,3.5,3.91
566,480,4.0,3.53
601,95167,4.0,3.83
275,556,4.0,3.4
19,2065,2.0,2.72
103,68157,5.0,4.14
97,3623,5.0,2.91
603,3557,3.0,3.51
312,5479,3.0,3.62
465,3505,4.0,4.16
354,8961,4.0,3.87
365,508,2.0,3.66
425,344,3.5,2.96
348,4368,3.5,3.92
600,5970,3.0,3.68
298,111743,0.5,3.48
140,4677,4.0,3.32
385,85,3.0,3.5
6,261,4.0,4.41
282,72998,4.0,3.4
54,420,2.0,3.02
610,61323,3.5,3.08
474,6297,3.5,3.7
497,1258,4.0,4.25
318,3967,4.0,3.26
391,1729,2.0,2.71
562,84374,3.5,2.83
517,1293,4.0,3.61
275,2917,5.0,4.12
610,52973,5.0,3.65
448,8290,0.5,3.54
140,2724,4.0,3.02
594,8643,5.0,2.89
385,277,3.0,2.67
247,223,3.0,3.58
226,783,2.0,3.81
221,27773,4.5,4.31
597,1297,4.0,3.6
288,3543,3.0,3.13
539,527,3.5,3.5
323,151,3.5,3.64
50,837,2.5,3.48
68,216,3.5,3.34
294,2899,1.0,2.86
307,24,2.0,1.99
480,36529,4.0,3.79
597,1278,5.0,4.03
599,8832,3.0,2.9
354,2985,4.5,3.31
212,80693,4.0,3.27
226,1091,3.0,2.88
10,63113,3.5,3.13
331,3752,3.0,2.95
14,491,3.0,2.7
474,7932,4.0,3.61
583,64969,3.0,2.98
474,150,4.5,3.56
27,661,3.0,2.93
104,6188,2.0,3.76
382,83177,1.0,3.22
410,1663,5.0,3.65
606,1801,4.0,3.25
229,457,5.0,3.4
573,111362,5.0,2.74
534,3114,4.5,3.73
141,296,4.0,3.72
558,5312,3.0,3.33
68,5103,2.5,2.92
339,166643,4.0,3.97
587,910,4.0,4.2
318,94150,4.0,3.29
239,786,3.0,4.05
523,101962,5.0,3.44
477,2291,2.5,3.98
16,318,4.0,3.86
489,35836,3.0,3.76
608,2141,1.5,2.97
525,3911,4.5,3.42
414,4081,2.0,3.13
140,3998,4.0,3.07
593,26084,3.5,2.9
474,4041,3.0,2.71
368,2986,1.0,3.16
571,152,2.0,3.33
480,45672,2.5,2.91
125,152077,4.0,3.81
263,586,3.0,3.28
599,3537,2.0,4.17
525,53972,3.0,3.01
64,2700,4.5,3.13
560,54995,4.0,3.19
45,4958,4.0,4.29
362,1591,4.0,2.13
483,196,0.5,2.59
9,2901,2.0,2.05
105,72641,4.0,3.82
558,367,3.0,3.18
474,5541,2.0,2.86
387,3426,3.0,4.27
186,4995,3.0,4.25
274,1917,3.5,3.38
109,852,3.0,3.41
217,688,2.0,3.1
534,99007,4.0,3.51
462,116797,3.5,3.93
91,1246,2.0,4.26
380,2401,4.0,3.94
571,2149,1.0,2.56
465,2763,4.0,4.6
526,2959,4.0,4.2
244,1408,5.0,3.47
495,86911,0.5,3.83
125,142422,4.0,3.89
534,5418,4.5,4.2
219,6283,3.5,2.45
263,6299,3.5,3.6
420,480,3.5,3.52
401,783,4.0,4.07
19,432,3.0,2.98
488,971,2.5,4.18
511,2324,4.5,4.52
76,1682,2.5,4.18
604,261,4.0,4.22
232,61705,3.5,2.35
577,3062,3.0,3.79
474,1507,3.5,3.24
603,1554,3.0,2.97
41,6763,5.0,3.62
414,1674,4.0,3.69
298,84954,0.5,3.22
381,4232,3.5,3.32
217,2003,2.0,3.19
448,5548,3.0,3.31
599,32587,3.5,3.42
108,5309,3.0,3.5
275,2731,4.0,3.23
294,3040,5.0,2.83
294,419,1.0,2.93
606,8014,4.5,3.16
68,5445,3.0,3.78
232,3979,2.5,3.5
330,1197,4.5,4.12
410,154,4.0,3.43
448,4963,4.0,4.12
480,41573,2.5,3.42
401,48,2.0,4.06
40,267,3.0,3.58
325,5445,4.0,3.51
68,5049,2.0,4.12
463,6539,3.5,3.88
249,4270,3.5,3.91
330,1784,5.0,3.84
167,2471,2.5,2.39
599,4007,3.0,2.8
271,2968,2.5,4.15
414,7147,4.5,3.6
105,86628,4.0,3.76
605,47610,4.0,3.59
298,2502,3.0,3.75
414,6349,3.0,2.48
601,8961,5.0,2.92
393,32587,0.5,3.91
182,4178,4.0,3.11
357,788,3.0,3.72
339,3462,4.0,4.16
364,1,5.0,3.91
562,1307,5.0,4.51
95,5792,4.0,3.43
357,1028,4.5,3.92
305,72294,3.5,3.62
560,73017,3.5,3.96
62,1210,4.5,4.41
111,98083,5.0,3.76
330,1961,4.0,3.54
140,3969,3.0,3.0
198,5378,3.0,3.08
603,2155,4.0,3.53
318,5673,4.0,3.14
286,6874,5.0,2.97
266,69,5.0,3.14
182,4313,3.5,3.36
504,5669,3.5,2.75
313,3793,3.0,3.12
432,1036,2.0,4.01
27,2687,4.0,3.35
599,4104,2.0,2.9
380,2709,4.0,2.47
489,1644,0.5,3.22
473,5785,3.5,3.14
580,1214,4.0,4.06
610,3911,4.5,3.32
73,4306,2.5,3.69
4,345,4.0,3.32
28,56367,2.5,2.69
20,709,3.0,2.97
448,92507,2.5,3.12
305,589,5.0,4.27
132,1682,3.5,3.56
606,1305,4.0,3.59
19,1517,3.0,3.29
313,4085,3.0,2.73
380,3363,4.0,3.85
367,356,5.0,3.1
135,1372,1.0,3.01
104,4299,3.0,3.65
414,1282,5.0,4.26
606,1222,4.0,3.97
593,1210,4.5,4.11
298,3686,2.5,2.08
290,1617,4.0,3.56
567,1916,5.0,3.04
219,2890,3.0,3.08
58,708,5.0,3.61
600,8981,3.5,2.24
483,1266,4.5,4.63
554,2080,5.0,3.77
339,86332,2.5,3.63
608,3617,3.0,2.96
554,903,5.0,4.3
183,1214,4.0,4.48
68,420,1.0,3.04
288,3676,3.0,3.24
480,3301,2.0,3.67
59,1299,5.0,4.24
73,111362,5.0,3.61
607,1249,4.0,3.63
232,45722,3.5,3.4
426,595,4.0,3.86
470,1073,4.0,4.09
199,293,3.5,4.49
608,2282,3.0,3.21
242,231,3.0,3.79
307,2011,3.5,3.46
68,55253,4.0,3.72
357,858,5.0,3.92
325,300,4.0,3.98
274,3863,3.5,3.18
64,33794,4.0,3.88
6,140,3.0,3.59
27,673,2.0,3.3
28,40414,3.0,3.42
590,1204,4.5,4.37
526,128620,5.0,3.14
166,648,3.0,3.24
414,4812,3.0,2.45
596,32300,3.5,2.86
110,7096,5.0,3.87
307,1917,2.5,3.19
600,5992,1.0,3.33
599,4121,2.5,1.85
391,1247,4.0,4.48
610,8874,5.0,4.01
66,1449,4.5,3.21
480,7983,4.0,3.83
438,3114,4.5,2.84
580,3986,4.0,3.71
66,3745,3.5,3.16
140,5102,3.0,3.77
93,1894,3.0,3.39
294,719,1.0,1.84
153,118696,2.5,3.61
140,3005,3.0,3.98
555,1614,4.0,3.54
518,468,3.0,3.68
88,83177,0.5,3.65
599,2134,1.5,3.26
1,3034,5.0,4.59
573,1527,4.5,4.27
274,63082,4.0,3.73
438,8633,2.0,3.73
474,7303,3.5,3.21
263,2324,5.0,3.55
610,44828,4.0,2.48
368,2353,3.0,3.9
32,1224,3.0,3.28
42,410,2.0,3.12
50,142602,1.0,3.93
587,2605,5.0,3.61
382,33158,2.5,4.02
385,1225,3.0,3.81
356,3160,4.0,4.16
297,733,3.0,2.35
62,122896,3.5,3.9
274,55820,4.0,3.69
7,1183,1.5,3.08
135,2088,3.0,3.38
177,7163,2.0,3.21
288,362,3.0,3.75
391,2605,2.0,2.9
336,2268,4.0,3.83
513,920,5.0,4.03
305,84152,4.5,3.78
424,54503,4.0,3.88
342,2706,4.0,3.95
77,2571,5.0,3.8
202,2640,4.0,3.46
351,56941,3.0,3.04
187,1261,5.0,3.88
173,597,3.0,3.76
339,54503,4.5,4.21
414,7315,2.0,3.35
560,6934,3.5,3.1
414,4229,3.0,3.64
465,3681,4.0,4.25
24,3556,2.0,3.45
525,80549,4.5,4.03
213,59615,3.5,2.88
294,2709,4.0,2.1
492,1431,4.0,3.52
313,1220,1.0,4.22
20,4821,0.5,3.24
606,15,3.5,4.02
555,2255,1.0,3.0
20,661,5.0,2.71
424,4450,4.5,3.05
274,4886,3.5,3.46
330,5952,4.0,4.01
28,61986,3.0,3.17
480,2699,1.5,3.15
580,6300,5.0,2.95
448,103865,2.0,3.04
200,2145,4.5,3.95
139,6957,1.5,3.73
331,3578,4.5,3.93
96,377,5.0,3.46
225,2371,4.0,2.6
504,6708,4.5,4.15
360,1414,2.0,3.59
380,1917,3.0,3.14
385,349,3.0,2.79
328,912,1.0,4.25
21,105844,2.0,3.94
217,3494,3.0,3.16
166,6,3.5,4.11
425,2710,3.5,2.66
580,1729,4.5,4.02
42,2001,4.0,3.82
298,34405,4.0,3.16
414,1020,2.0,3.21
599,2915,3.0,3.31
43,519,5.0,3.68
606,1183,3.5,4.03
84,1028,4.0,3.53
84,5060,4.0,4.07
288,3354,2.0,3.72
307,32587,4.5,3.56
608,6059,4.0,3.06
517,1265,3.0,3.25
219,5378,2.0,3.51
380,91542,2.0,4.35
307,367,1.5,3.14
606,3462,4.0,2.95
232,6264,3.0,3.03
606,7382,4.5,3.77
380,1278,5.0,4.04
431,1234,4.0,4.06
414,2791,4.0,2.77
288,45668,3.0,2.61
608,6377,4.0,3.93
182,377,2.5,3.59
477,239,3.5,3.28
42,4027,4.0,4.12
182,653,2.5,3.54
301,6711,3.0,3.77
64,520,4.0,3.65
445,1230,5.0,3.87
580,912,0.5,3.63
590,2005,4.0,3.81
19,435,2.0,2.85
328,293,3.5,4.04
249,105213,4.0,3.71
509,6874,3.0,3.74
608,4876,3.5,3.7
100,923,3.5,4.16
129,1517,3.5,3.58
292,2401,3.0,2.91
3,1371,3.0,3.19
52,50872,4.0,3.57
405,1214,4.0,4.19
610,5444,3.5,3.69
64,260,3.5,3.95
1,2899,5.0,2.5
123,44199,4.0,3.75
448,355,2.0,3.47
561,7143,4.0,3.31
474,47894,3.5,3.35
216,514,3.0,3.12
601,134853,5.0,3.72
514,26133,5.0,3.87
15,1527,3.0,3.7
610,58295,3.5,3.33
239,3623,4.0,3.47
560,155288,3.5,2.8
274,5265,4.0,2.9
50,92427,1.0,3.81
288,2527,3.0,2.9
45,5568,2.0,3.12
200,2599,3.0,3.7
135,293,4.0,2.6
84,1381,3.0,2.77
586,1704,5.0,3.56
140,7294,3.0,3.44
608,277,2.5,3.17
220,480,5.0,3.51
6,17,4.0,3.63
143,79132,2.0,3.6
263,6333,3.0,3.56
610,89753,4.0,4.05
288,1036,3.0,3.77
217,3033,2.0,4.1
334,2115,2.5,3.76
182,1245,4.5,4.27
480,235,3.0,3.05
510,1060,3.0,3.84
458,150,5.0,4.03
91,7000,3.0,3.55
330,3949,4.5,3.4
68,52287,2.0,3.35
63,1136,5.0,4.1
607,1196,3.0,4.19
216,2987,3.0,3.39
606,5299,4.0,3.52
474,4823,4.0,3.69
321,3,3.0,3.71
276,1,4.0,4.07
572,1958,4.0,4.4
428,1911,1.5,2.35
193,1196,4.5,3.7
448,27478,3.5,3.58
596,5618,4.5,3.82
472,3254,3.5,3.3
438,2028,4.0,3.96
451,786,3.0,3.23
74,8838,5.0,3.27
246,1584,3.5,3.73
217,1200,3.0,3.32
177,3034,4.0,4.11
448,1425,2.0,2.77
597,153,3.0,2.59
156,5788,4.5,3.69
41,4963,3.0,3.94
26,344,3.0,3.63
414,127130,4.0,2.67
279,924,4.0,2.72
4,2390,5.0,3.49
464,1196,5.0,3.16
274,4388,3.0,3.4
217,1019,3.0,2.62
522,2094,1.5,3.36
511,55908,4.0,4.12
483,3310,4.0,4.43
373,95,2.0,3.13
95,6502,4.5,3.27
68,3052,3.5,3.65
270,3,3.0,4.15
91,1125,3.5,4.4
290,1225,5.0,3.97
111,173255,2.5,3.3
268,2019,5.0,3.88
155,1517,3.0,3.1
448,4677,3.0,3.01
442,3510,1.0,3.93
495,69481,4.5,2.89
246,7147,5.0,4.43
217,414,3.0,2.79
603,175,5.0,3.41
282,593,4.0,4.09
357,3360,3.5,3.82
155,260,4.0,2.59
469,1307,4.0,3.83
169,6266,4.0,2.72
590,2701,2.5,2.66
117,256,3.0,3.98
305,88812,3.5,2.86
342,3157,3.0,3.97
66,7143,4.5,4.25
610,1241,5.0,4.42
421,3461,3.5,3.66
563,1073,4.0,4.17
6,150,4.0,3.59
68,3786,1.0,3.27
41,111659,1.0,3.59
200,46976,4.5,2.76
91,5749,3.0,4.18
599,6615,2.5,2.68
59,1219,5.0,4.44
34,2571,3.0,4.56
10,4246,3.5,3.34
381,6378,4.5,3.99
432,1801,4.5,3.63
414,5989,4.0,4.05
599,2502,4.0,2.96
414,1541,2.0,3.06
219,60126,3.5,3.59
328,919,3.0,3.94
414,5417,3.0,3.26
8,440,3.0,2.96
230,41569,4.0,3.84
414,1013,3.0,2.81
89,167018,2.5,3.92
290,2987,4.0,3.4
391,4178,4.0,3.33
372,616,2.0,3.69
562,7147,4.0,3.4
156,2941,4.0,3.16
288,8640,3.0,3.97
153,2959,0.5,4.12
474,7049,3.0,3.58
568,3261,3.0,3.22
219,21,3.5,2.51
448,688,2.0,3.79
480,4034,3.5,3.56
220,590,5.0,4.34
42,2335,4.0,4.48
462,3426,2.5,3.4
551,112852,3.0,4.39
610,6,5.0,3.01
373,34,4.0,3.87
483,377,1.5,3.17
62,48385,4.0,3.01
123,111759,4.5,3.65
606,1727,3.5,3.5
462,8620,2.5,3.48
438,31221,1.5,2.7
234,1097,5.0,2.78
78,648,3.0,4.14
182,6624,0.5,3.89
189,79132,4.5,4.36
249,79057,3.5,3.9
502,903,3.5,3.73
606,1663,2.0,3.2
414,4280,4.0,3.46
63,592,4.0,4.57
273,223,5.0,4.37
294,1262,4.0,3.96
489,91488,3.5,3.24
334,55820,3.0,4.56
177,88125,5.0,3.69
226,6502,4.0,2.92
111,46948,0.5,3.84
325,2167,3.0,4.03
457,2706,4.0,4.54
212,180031,4.0,3.59
122,4874,4.5,3.98
89,32243,3.5,3.07
213,4368,3.0,3.11
274,5478,2.5,3.1
288,8961,4.0,2.95
27,3519,3.0,3.16
608,329,3.0,3.54
249,7439,3.0,4.19
38,588,3.0,3.79
414,50872,4.0,3.57
68,59900,1.0,2.89
489,4020,3.0,2.84
608,1275,2.5,4.03
211,3869,3.0,3.27
216,364,3.0,3.53
182,5108,1.5,4.02
380,74545,3.5,3.34
544,694,4.0,3.77
603,1635,5.0,3.6
466,34150,4.0,3.07
525,2788,4.0,3.52
448,89470,4.0,3.82
239,2001,3.5,3.44
516,2268,3.0,4.39
603,3435,5.0,3.11
294,2072,1.0,3.49
382,4310,3.5,4.08
22,36529,2.5,3.5
98,4226,4.0,4.09
318,97904,4.0,3.19
474,4226,5.0,2.86
18,2000,4.0,3.07
182,5298,4.0,1.93
600,616,4.0,2.05
599,524,2.5,2.36
428,4310,3.0,3.47
589,527,5.0,3.74
298,76060,2.5,3.23
474,830,2.0,2.89
103,36,4.0,3.59
479,3428,3.0,3.77
439,7153,5.0,3.69
7,58,3.0,3.96
484,1438,1.5,3.03
140,37739,4.0,3.35
45,3255,3.0,3.56
63,8376,2.5,3.59
606,2875,3.0,3.61
59,750,5.0,3.74
373,410,3.0,2.98
275,608,4.0,3.24
4,3386,4.0,3.83
298,1916,3.0,2.59
597,1240,4.0,4.19
312,2529,4.0,3.58
264,1876,3.5,3.29
71,160,3.0,3.25
140,339,3.0,3.15
44,260,5.0,4.59
318,113348,3.5,2.65
368,2641,2.0,3.2
404,34,4.0,3.8
425,1466,4.0,3.46
469,920,3.0,3.8
353,204,2.0,3.2
532,111,4.0,4.41
288,1242,4.0,3.93
274,2687,3.0,3.39
145,153,3.0,3.24
331,3911,5.0,2.73
254,648,3.5,3.36
588,223,5.0,3.72
528,6006,3.5,3.8
492,667,3.0,3.75
432,589,3.5,4.3
414,3252,5.0,3.14
58,62,3.0,2.62
365,59315,3.5,3.89
232,48043,3.5,3.48
297,6,5.0,2.23
144,2000,3.5,3.4
288,597,3.0,3.8
579,2485,3.0,3.22
71,1370,4.0,2.85
80,150,4.0,3.48
380,1022,3.0,3.51
452,2490,5.0,3.94
136,273,3.0,3.53
302,17,5.0,3.59
414,1371,3.0,3.42
19,2148,2.0,3.16
555,1591,4.0,3.16
608,2699,1.5,3.08
186,3409,4.0,3.68
117,105,3.0,3.88
15,160980,3.5,3.19
68,2490,3.0,3.97
495,1247,5.0,4.03
298,64839,3.0,3.97
21,19,2.5,2.66
43,828,5.0,3.86
573,45722,5.0,3.85
380,223,4.0,3.57
117,531,3.0,3.31
368,3370,3.0,3.86
198,903,4.0,3.51
156,2797,3.0,2.59
249,30810,3.5,3.66
516,2259,3.0,3.54
225,2327,5.0,3.92
437,440,3.0,3.34
66,457,3.0,3.46
31,7,4.0,3.11
610,136020,3.5,2.5
380,1033,3.0,3.73
596,103772,2.5,3.41
68,152081,3.0,4.11
298,6773,3.0,3.32
305,5299,4.0,2.63
202,3681,4.0,3.32
312,5015,4.0,3.98
286,158,3.0,2.79
372,235,2.0,3.46
477,1271,4.5,4.33
414,4089,2.0,2.98
484,364,5.0,3.43
33,448,4.0,4.15
312,1089,4.0,3.97
594,6967,0.5,2.49
386,32,3.0,3.52
608,3968,3.0,3.82
380,587,3.0,3.67
298,1587,3.0,2.55
141,1485,2.5,3.01
261,30810,1.0,3.38
561,6188,3.5,3.89
608,150,2.0,3.76
352,5995,5.0,4.26
570,508,3.5,3.94
249,79132,5.0,3.91
99,259,3.0,4.52
240,173,3.0,4.32
305,4034,4.5,3.87
217,2860,2.0,3.97
66,1,4.0,3.41
419,1206,4.5,4.19
111,181659,2.5,3.69
603,2167,4.0,2.59
607,3053,5.0,3.26
514,8906,2.0,2.91
474,39381,3.0,2.33
346,2858,4.5,4.32
593,377,2.5,3.78
489,79132,4.5,3.58
182,480,3.5,3.77
290,2329,4.0,4.37
288,788,2.0,2.91
255,1079,2.0,4.35
610,72011,4.0,3.49
132,6593,3.5,3.2
249,45730,3.5,3.55
230,150,2.0,3.97
456,653,4.0,3.86
177,932,5.0,3.86
232,8982,3.0,3.16
599,4015,2.0,2.32
453,47,5.0,4.16
546,3354,4.0,3.68
198,3868,4.0,3.18
135,157,2.0,2.97
567,143367,4.5,2.5
380,147382,4.0,3.36
212,98243,4.0,3.83
465,3698,4.0,3.58
480,780,3.0,3.7
64,1225,4.0,4.24
47,597,3.0,3.85
128,1721,4.0,3.19
489,7367,0.5,3.76
229,5,3.0,3.37
23,175,3.0,2.39
391,1041,4.0,3.7
42,3502,5.0,3.86
216,2395,5.0,2.9
560,5349,3.5,3.5
368,3704,2.0,2.41
335,356,4.0,4.11
495,2700,4.5,3.12
489,4474,4.5,3.36
483,2793,3.5,3.86
391,608,5.0,3.55
599,2734,2.5,2.77
411,52,2.0,3.39
182,5902,4.5,3.76
410,2987,4.0,3.24
465,2628,2.0,2.54
563,80858,3.5,3.48
361,466,3.5,3.29
596,7458,2.5,3.61
182,2713,0.5,4.0
474,1345,3.5,3.76
140,6539,3.5,3.25
125,161131,3.5,3.78
493,4701,5.0,3.26
202,1370,4.0,3.82
380,120799,3.0,2.74
201,1917,4.0,2.99
317,74458,4.0,3.23
43,1084,5.0,3.32
483,1566,4.0,3.22
453,1641,4.0,3.97
584,477,4.0,4.12
292,85414,4.0,3.63
368,3654,3.0,3.11
436,370,2.0,3.07
21,32587,3.0,3.97
474,45730,3.0,3.3
424,3176,5.0,3.24
186,1391,4.0,3.84
134,163,3.0,3.0
610,4852,1.0,3.78
232,34334,3.0,3.06
279,1208,3.5,4.36
362,60072,3.5,3.85
170,553,4.0,4.15
96,454,4.0,3.8
502,1250,5.0,4.68
414,3019,4.0,3.01
160,786,1.0,3.39
45,5349,5.0,3.74
600,39435,2.5,3.07
21,2167,3.5,2.62
68,8781,2.5,4.1
438,165,4.0,3.31
484,8363,4.5,4.15
367,3453,4.0,3.33
104,674,3.0,3.48
320,3404,0.5,3.07
64,377,3.0,3.29
587,58,5.0,4.47
387,2139,4.0,2.94
367,4310,4.0,3.81
318,65631,4.0,3.31
413,318,5.0,4.31
448,1092,4.0,3.85
355,60,3.0,3.9
318,105197,3.5,3.63
187,6214,4.0,3.55
21,2959,2.0,4.04
254,32,4.5,3.56
477,48516,5.0,4.52
181,432,3.0,3.6
517,55820,1.0,3.2
453,1488,3.0,3.47
448,79879,3.0,2.75
301,527,4.5,4.83
599,5902,3.0,4.01
292,8961,3.5,2.45
322,60040,0.5,3.05
599,34800,1.5,2.83
111,4367,3.5,4.19
254,5995,4.5,4.45
132,32587,4.0,3.46
334,4963,3.5,3.57
98,5444,4.5,3.76
412,2890,4.0,3.01
41,2671,3.0,2.51
480,3988,2.5,3.5
532,1291,5.0,4.19
41,7149,4.5,4.13
217,437,2.0,2.89
381,3552,2.0,3.31
93,1641,4.0,3.99
603,1177,4.0,4.08
19,295,3.0,3.89
362,293,4.5,4.5
404,597,3.0,4.04
15,6874,3.0,3.36
91,2997,3.5,3.21
103,3535,4.5,4.05
266,316,3.0,4.04
186,1320,4.0,3.61
110,8014,4.0,4.19
599,79132,3.0,4.51
331,30793,1.5,3.17
294,762,1.0,2.82
412,1214,4.0,4.51
212,113573,3.0,3.24
447,253,4.0,3.35
274,3424,3.5,4.78
160,242,2.0,3.04
339,47099,5.0,3.65
319,110,4.5,3.75
474,27912,3.0,3.42
602,733,4.0,3.21
380,67255,2.0,4.15
492,724,3.0,3.32
599,6670,2.0,3.46
560,120478,3.5,2.95
239,1196,5.0,4.15
599,27549,1.5,3.82
83,30749,3.5,3.74
475,1210,5.0,3.73
480,2273,2.5,3.04
480,7150,3.5,4.01
330,648,2.5,3.75
424,2296,3.0,3.25
325,318,5.0,4.13
439,98809,3.5,3.52
307,3268,1.0,3.02
590,3148,3.5,3.18
602,193,2.0,2.96
31,588,5.0,4.17
18,106487,4.0,3.35
246,4011,4.5,3.94
474,26,3.5,3.25
19,1479,3.0,2.96
318,95873,4.0,3.05
391,2023,3.0,3.85
182,5809,3.0,3.63
425,337,4.0,3.69
200,8984,2.5,3.28
567,103384,1.5,3.01
480,48780,4.5,3.9
596,68835,3.5,3.35
222,3178,3.5,3.52
560,8464,4.0,3.84
34,3052,2.5,3.39
453,2694,3.0,3.87
288,53125,2.5,3.29
294,837,1.0,2.01
305,30749,5.0,4.07
607,1917,5.0,2.99
456,5,3.0,3.88
514,4396,2.5,2.11
307,410,3.0,2.89
604,434,4.0,2.73
474,2450,1.0,3.04
414,3967,4.0,2.93
18,1209,5.0,3.97
610,159,3.5,2.6
111,91658,3.5,3.8
220,6365,4.5,3.19
412,1784,4.0,3.75
462,4427,3.0,3.66
91,3793,4.0,4.22
600,1,2.5,3.09
610,527,3.5,3.59
580,3527,3.5,3.76
554,608,2.0,3.58
500,480,4.0,3.66
279,54503,2.5,3.92
19,141,1.0,3.28
492,104,4.0,3.45
186,317,5.0,3.67
68,180,2.5,2.86
199,1897,3.0,2.69
599,8638,3.0,3.09
610,103688,4.0,3.24
527,2000,5.0,3.7
525,597,4.0,3.61
418,4878,5.0,4.41
586,110130,4.0,3.7
252,137857,3.5,3.99
160,903,4.0,4.27
267,1197,5.0,4.83
28,5378,4.0,3.83
603,99,5.0,3.35
268,2702,4.0,3.95
405,4022,3.5,3.71
288,2657,2.0,3.2
599,4502,1.0,2.36
28,3556,3.0,3.56
411,592,3.0,4.21
314,1367,3.0,3.11
522,51662,1.0,3.66
534,596,4.0,4.04
307,441,3.0,3.29
441,2716,5.0,3.37
410,1635,4.0,3.68
19,328,2.0,2.59
156,6658,3.5,3.94
120,780,2.0,3.75
525,5989,3.5,3.51
274,4233,3.5,4.04
518,6333,4.5,3.5
381,51084,4.0,2.73
482,5378,4.5,3.22
414,1374,4.0,3.28
246,296,4.0,4.03
18,380,2.5,2.73
90,1073,4.0,3.63
68,67408,3.0,2.94
414,60126,3.0,3.19
604,76,4.0,3.37
191,158,2.0,2.55
436,377,4.0,3.62
307,6060,2.0,2.88
600,593,4.0,3.01
42,4489,5.0,3.1
186,2369,4.0,3.7
368,1676,2.0,3.36
474,27873,3.5,3.64
603,3285,1.0,3.39
425,3147,4.0,3.99
43,539,3.0,3.42
75,1266,4.0,4.12
115,2947,4.0,4.32
237,8665,3.5,3.52
130,595,2.0,3.67
368,1378,3.0,2.62
260,2702,2.0,3.51
105,178613,4.0,3.94
489,87485,3.5,2.56
318,3943,4.0,3.4
195,904,5.0,3.53
514,54997,4.0,3.53
561,2746,3.0,2.69
509,1020,3.0,3.14
217,3255,3.0,3.45
50,149406,2.0,3.15
495,736,3.5,4.58
82,317,2.5,4.49
590,2023,3.0,3.38
187,52328,3.0,3.37
600,30812,4.0,3.89
356,2596,4.0,3.52
465,541,5.0,3.89
574,110,5.0,4.2
246,96079,4.5,4.02
21,2858,2.0,3.5
219,2115,3.0,3.81
111,551,4.0,3.62
330,4886,5.0,3.22
448,2413,3.0,2.75
228,541,4.0,3.12
276,62,5.0,2.94
153,2005,2.0,2.35
51,6934,0.5,3.67
483,2968,3.5,3.54
121,508,3.0,3.86
80,55765,4.0,3.6
232,33646,3.5,3.23
413,2353,5.0,3.92
260,7815,5.0,3.32
414,95510,3.5,3.75
590,2137,3.5,2.84
27,2311,2.0,3.32
504,4034,4.5,3.96
525,5785,0.5,3.03
274,5810,3.5,2.93
274,7802,4.0,2.7
79,1210,5.0,4.57
562,2692,4.0,3.51
599,1485,2.5,2.63
68,8968,5.0,3.39
425,1210,3.0,3.62
516,4322,4.0,2.93
57,1614,2.0,3.93
448,1032,4.0,4.36
74,5995,5.0,3.63
103,1296,3.5,4.09
558,4903,2.0,4.03
414,5159,3.0,2.79
425,3020,4.0,2.7
280,4239,5.0,4.27
253,446,5.0,3.48
452,1220,4.0,4.28
489,5316,2.5,2.91
466,5418,4.0,3.45
369,500,3.0,3.29
514,3703,4.5,3.08
339,69784,4.5,3.59
490,4973,4.0,4.24
414,45447,3.0,3.44
200,4995,4.0,3.86
309,1201,4.5,2.84
380,79274,5.0,2.72
45,3481,4.0,4.09
33,1446,5.0,3.27
45,2021,3.0,3.98
91,2019,4.5,3.67
80,1221,4.0,4.11
132,7371,3.0,3.66
21,858,2.5,3.68
124,1961,4.0,4.48
570,1127,4.5,2.09
177,3247,2.0,3.27
68,166528,4.5,3.75
236,2770,5.0,3.96
140,3011,2.0,3.97
308,45499,2.0,2.9
600,1186,0.5,3.4
14,25,4.0,2.74
357,50,5.0,4.22
368,1580,3.0,2.85
610,58559,4.5,4.06
356,1639,4.0,3.4
483,88954,3.0,3.92
292,3751,3.0,2.2
381,5171,2.0,3.38
571,1981,3.0,2.76
455,272,4.0,3.79
474,7285,4.0,3.54
415,5782,4.5,3.31
417,7153,5.0,4.17
517,368,3.0,3.44
445,457,4.0,3.46
480,8360,3.5,3.93
509,1704,3.5,3.26
525,783,2.0,2.99
495,4958,3.0,3.85
590,1248,4.0,3.91
307,1265,3.0,4.25
140,104,3.0,3.84
68,1391,3.0,3.92
484,2805,2.5,3.13
318,1032,4.0,3.2
544,780,5.0,4.13
414,6331,4.0,3.45
469,1945,5.0,3.88
377,7063,5.0,3.43
610,6620,4.0,3.76
606,2858,4.5,3.68
109,39,3.0,2.82
171,32,5.0,4.38
474,3629,4.0,3.31
357,27329,4.0,4.17
586,6365,4.0,3.6
68,59126,4.0,3.58
310,58,4.5,3.17
561,101362,2.0,2.84
103,2144,4.0,2.93
497,2762,5.0,3.87
55,1947,0.5,4.07
469,3763,3.0,3.23
31,788,2.0,3.02
18,8644,3.5,3.29
469,1253,3.0,4.2
306,100390,3.5,3.11
95,8636,4.5,4.27
140,165,4.0,3.37
409,2657,4.0,3.72
546,3190,4.0,3.49
448,5522,5.0,2.69
264,3510,4.5,3.12
474,5572,3.5,2.73
480,7263,3.0,3.94
474,1013,3.0,2.81
408,49272,5.0,3.11
474,5034,5.0,2.71
303,3703,5.0,3.82
335,593,3.5,4.58
68,40629,4.0,3.59
195,1682,4.0,3.33
247,74458,4.0,4.04
414,46335,2.5,2.69
586,1200,5.0,4.72
606,4370,3.5,2.96
232,48385,3.5,3.09
292,2989,4.0,3.63
464,1779,3.5,3.06
432,3082,3.0,3.7
140,1393,4.0,3.47
474,4495,5.0,3.3
517,910,4.0,2.89
246,53125,4.5,3.31
480,3968,3.5,3.23
282,1240,4.5,3.95
569,434,4.0,2.6
58,368,4.0,3.67
249,112556,5.0,4.24
385,786,3.0,2.91
122,95088,4.0,3.43
414,5620,2.0,3.75
198,357,5.0,3.75
226,2918,4.5,4.12
474,4509,1.5,3.67
182,3629,4.5,3.46
119,106782,4.5,3.7
534,4896,4.0,4.15
321,597,3.0,3.3
274,51662,4.0,3.92
95,1011,4.0,3.4
600,1214,2.5,3.75
19,915,2.0,4.35
448,4053,2.0,1.85
259,7361,4.0,4.29
599,6378,2.5,4.16
328,1282,5.0,4.05
232,2268,4.0,4.02
148,54001,4.0,3.27
567,122892,2.0,2.53
7,3869,5.0,3.75
489,368,3.0,2.62
563,5991,3.5,3.85
64,2355,4.0,3.21
217,954,4.0,4.38
245,1361,3.0,4.05
189,54286,4.5,3.92
1,1500,4.0,3.63
432,6016,4.0,4.14
282,48738,4.5,3.84
28,5292,3.5,3.53
62,122912,4.0,3.94
274,38992,3.5,3.64
28,51935,2.5,3.62
58,31,4.0,3.78
462,589,2.5,4.1
82,170,3.0,3.62
448,2001,3.5,3.54
280,7451,5.0,3.34
28,49272,3.5,3.79
540,6539,4.5,3.8
75,1090,1.0,3.81
314,151,3.0,3.18
275,300,3.0,3.99
469,3767,2.0,3.13
365,96737,1.5,4.13
45,3285,3.0,3.74
318,154,3.0,3.44
563,49286,3.5,3.47
590,2791,3.0,4.0
600,2997,4.5,3.5
380,3471,3.0,3.9
509,1088,3.0,3.61
113,2340,1.0,3.6
567,2951,1.5,3.42
370,4226,3.5,3.98
346,7178,3.0,3.15
187,223,4.5,4.14
215,1246,4.5,4.15
176,39,3.0,4.0
62,53464,3.0,2.84
274,5218,3.5,4.2
541,608,3.0,3.09
453,1089,5.0,4.01
418,88125,4.5,3.81
520,1250,4.0,2.32
45,1037,4.0,3.7
567,114627,3.5,3.1
237,293,4.0,4.25
290,3362,4.0,3.84
597,1099,4.0,3.24
483,4823,3.5,3.79
610,122904,3.0,3.49
280,60293,4.0,3.78
232,69757,5.0,3.71
246,1884,4.0,2.83
391,260,5.0,4.3
74,8341,3.5,3.41
211,78499,4.0,4.26
420,3545,3.5,3.54
220,1589,3.5,2.56
119,102903,5.0,4.39
249,45722,3.5,3.74
105,9010,4.5,3.82
573,96079,5.0,3.42
156,2369,4.0,2.26
305,7981,5.0,4.02
469,728,3.0,3.4
292,3948,2.0,2.74
318,32511,4.5,4.0
473,2959,4.0,3.58
448,159077,2.5,3.63
140,6299,3.0,3.57
313,2011,1.0,2.28
45,441,3.0,3.77
474,224,3.5,3.56
111,140110,4.5,4.24
298,1923,2.5,2.68
604,442,4.0,3.69
219,6893,2.5,2.86
484,3177,4.0,3.34
599,3510,2.5,3.05
91,832,3.0,4.08
103,58803,4.0,3.88
559,344,3.0,3.37
82,2383,2.5,2.01
249,49824,3.5,3.52
455,589,3.0,4.11
109,329,2.0,2.68
51,4876,3.0,3.08
490,6333,2.5,3.81
610,101741,3.5,3.45
274,35957,3.5,3.47
362,110,4.0,4.01
474,1269,3.5,4.12
372,1245,3.0,3.62
86,6373,4.0,3.61
561,145,3.0,3.34
226,1527,4.5,4.37
213,858,4.0,3.86
428,3751,2.0,2.99
287,2633,2.0,3.53
68,89492,4.5,4.0
168,1219,4.0,4.45
282,2948,4.0,3.51
474,47099,4.0,3.6
474,4210,3.5,3.08
166,5445,4.0,4.02
341,135887,4.0,3.19
330,33794,3.0,3.43
603,4017,4.0,3.12
474,6357,3.0,3.82
480,3943,4.0,3.58
249,59315,4.5,3.64
422,2598,3.0,3.78
285,1093,2.5,3.93
610,51255,5.0,3.98
599,3342,2.5,4.14
450,3952,4.0,3.63
97,4022,5.0,3.44
357,339,3.5,3.52
115,1241,1.0,4.08
125,6539,4.0,3.54
381,318,3.5,3.94
387,1291,3.5,4.29
240,339,3.0,3.69
80,85414,4.5,3.87
602,509,1.0,3.83
111,157296,4.5,3.65
125,111743,4.0,3.54
562,2028,3.0,4.1
58,527,5.0,4.83
19,1278,4.0,3.9
239,353,3.5,3.75
247,1196,4.5,4.56
519,356,5.0,3.8
140,3055,3.0,3.77
555,1544,4.0,2.94
182,3812,4.0,2.72
610,129313,4.0,2.69
261,81591,4.5,4.25
424,81591,3.5,3.55
230,52715,2.0,3.12
462,1210,1.0,4.11
495,80463,5.0,3.82
35,50,5.0,4.14
498,47,3.0,3.32
600,440,2.5,3.38
414,720,5.0,2.03
606,4056,3.5,3.11
500,2289,3.0,3.53
520,68157,4.5,3.5
233,1298,4.0,3.44
414,47099,3.5,3.71
609,650,3.0,3.03
62,8984,5.0,3.63
83,1222,5.0,3.14
220,1196,5.0,4.3
603,2540,3.0,3.03
432,50,3.0,4.12
564,90522,4.0,3.6
480,594,3.5,3.84
3,720,0.5,3.96
300,8950,3.0,2.74
606,50842,4.5,4.16
159,5377,2.0,3.63
545,1779,3.0,3.64
199,8528,3.0,2.9
274,3081,4.0,3.88
448,86880,1.5,3.76
74,5893,2.5,4.43
116,1088,4.5,4.14
232,2018,1.5,3.97
339,1231,5.0,4.4
68,8623,3.5,3.88
307,7346,2.5,3.22
198,2338,1.0,4.07
610,31685,3.0,3.57
368,3432,2.0,2.99
331,122882,5.0,3.26
567,95510,2.0,3.59
89,26429,4.0,3.89
202,2951,4.0,3.8
332,89745,2.5,3.81
294,2098,2.0,3.12
199,923,5.0,4.24
183,1220,4.0,3.95
266,1466,5.0,3.49
606,8501,4.0,2.89
19,3704,2.0,2.51
603,121,4.0,3.33
156,3283,2.0,3.43
331,49530,3.5,3.83
111,55276,4.0,3.8
287,2505,1.0,3.74
548,1196,3.5,3.92
555,1198,4.0,4.46
100,2496,4.0,3.24
298,4388,2.0,2.99
610,49932,4.0,3.0
201,2641,3.0,3.43
599,6909,2.5,3.19
156,1960,4.0,3.1
87,2139,3.0,3.57
232,3275,4.5,3.81
387,8574,2.5,3.6
393,6333,5.0,3.75
599,235,3.5,2.35
382,55247,5.0,2.79
318,616,3.5,3.77
365,4993,3.5,3.75
428,2581,2.0,3.75
63,10,3.0,3.82
163,1515,3.0,3.46
382,4447,3.5,3.28
450,70,2.0,3.49
357,926,5.0,4.47
192,47,3.0,4.05
266,24,1.0,3.35
599,5556,1.5,2.74
545,2763,4.0,4.34
603,2104,4.0,3.23
314,703,2.0,3.09
475,122886,4.5,3.79
177,71464,2.5,3.74
291,91542,4.0,3.62
590,1196,5.0,4.35
606,640,2.5,3.6
234,2985,4.0,3.62
52,57669,5.0,4.08
190,4886,4.0,3.97
146,880,2.0,3.65
156,2395,3.5,2.02
365,94677,3.0,3.61
382,2687,4.5,4.18
368,2476,3.0,3.32
141,8368,4.0,3.38
415,4958,3.5,3.35
438,2701,2.0,3.7
381,5872,4.0,3.35
140,3555,4.0,3.93
522,3243,1.5,3.21
59,1797,5.0,2.63
376,2115,4.5,3.97
50,104913,2.5,4.0
177,2023,2.0,4.02
62,2571,5.0,3.76
561,115617,3.0,2.26
184,193567,3.0,3.72
274,31427,2.5,3.07
233,5995,4.0,4.03
357,4022,4.0,3.6
244,507,2.0,3.42
83,81845,4.0,4.25
298,4900,2.5,3.66
274,2096,3.0,3.43
448,5055,3.0,4.02
526,318,4.0,3.51
274,5047,4.0,3.15
307,60037,2.0,3.08
577,1090,3.0,3.84
480,4728,1.5,2.75
263,2081,4.0,3.25
520,73017,5.0,3.93
120,141,3.0,3.74
466,4963,5.0,3.93
165,5505,3.0,3.37
19,866,2.0,3.54
592,276,3.0,3.12
438,4019,4.0,3.27
414,1810,3.0,3.32
357,1225,5.0,4.44
326,74458,4.5,3.61
139,5110,2.0,3.79
249,53322,4.0,3.55
600,2291,4.5,3.78
580,2028,5.0,4.28
105,1230,4.0,4.22
263,2006,4.0,3.1
489,5992,3.5,4.17
352,112556,4.0,4.2
202,999,4.0,2.65
561,466,3.5,2.87
489,1727,3.5,3.11
606,5187,4.0,2.98
381,1080,4.0,4.22
109,36,5.0,2.98
610,111759,4.0,2.9
135,593,5.0,4.03
597,2273,4.0,2.33
210,4995,4.5,4.07
305,68157,5.0,4.1
603,1265,5.0,4.46
274,32298,1.5,2.82
217,379,3.0,3.13
480,30793,4.0,3.4
594,587,5.0,4.52
356,2717,4.0,3.89
414,6281,2.5,3.18
365,2804,3.5,3.77
121,380,3.0,3.13
517,3257,4.0,3.16
244,380,4.0,3.68
254,5319,4.5,2.12
599,6734,2.0,2.62
608,589,3.0,3.47
169,5957,4.0,3.78
477,905,4.0,4.09
608,5902,4.0,4.27
448,2890,3.0,3.21
536,329,3.0,4.23
307,44397,1.5,3.37
230,33166,1.5,3.57
357,5620,3.5,4.03
341,2694,4.0,2.84
307,4025,1.5,3.2
103,4016,3.5,3.93
452,1717,5.0,3.14
263,2987,3.0,3.75
582,81229,4.0,3.36
532,1721,5.0,3.68
559,588,4.0,3.64
599,50,3.5,4.14
448,2990,4.5,4.27
274,27801,4.0,2.64
28,349,3.0,3.41
298,6537,3.0,2.43
307,49530,4.5,3.71
110,2468,3.0,3.79
200,357,4.0,3.81
313,2640,3.0,3.06
522,8784,2.0,2.78
33,1060,5.0,4.39
206,7,4.0,3.78
336,2699,3.5,3.21
382,8643,2.5,3.7
318,108928,3.0,3.16
528,106782,4.0,4.4
483,1591,3.5,2.95
391,368,4.0,3.06
448,140110,2.5,4.04
425,1625,4.0,3.88
380,36529,5.0,3.26
278,54272,5.0,3.39
219,3717,2.5,3.83
493,876,5.0,4.0
552,3421,4.0,3.97
590,2424,3.0,3.55
68,2571,4.5,4.31
414,1513,3.0,3.24
81,589,5.0,3.2
362,60684,4.0,4.1
199,3256,3.0,4.07
219,10,4.5,3.35
465,3334,5.0,4.01
412,1284,5.0,4.01
603,2469,1.0,2.19
68,2001,3.0,3.05
573,2985,4.5,3.2
199,8983,3.5,3.28
288,1665,3.0,3.25
517,2384,4.5,2.48
448,101360,1.5,2.45
332,1296,3.5,4.02
608,2294,4.0,3.51
438,7376,3.0,3.31
599,542,2.0,3.12
283,1641,2.0,2.95
280,80463,3.5,3.19
249,27801,4.0,3.39
93,1356,5.0,3.95
159,45720,4.0,2.23
448,5009,2.5,3.75
477,3671,4.5,3.37
409,3244,4.0,2.55
590,592,3.5,4.08
268,1234,4.0,4.55
265,2529,4.0,3.78
528,51037,3.5,3.14
249,122918,4.5,4.21
596,134130,4.0,3.46
414,8360,4.0,2.93
409,296,5.0,4.22
414,7137,3.5,3.91
433,74458,3.0,4.44
318,33004,4.0,3.19
287,1753,3.0,2.29
509,4700,3.5,3.0
298,6586,2.5,2.93
52,55363,3.0,3.24
57,1616,3.0,3.91
435,216,5.0,3.59
561,78105,3.0,3.41
249,93563,3.0,3.78
489,39,3.5,3.53
174,485,3.0,4.21
374,595,3.0,3.8
512,349,3.0,2.38
580,7842,4.5,2.66
156,4014,1.5,3.65
174,186,3.0,3.64
156,8128,4.0,3.39
534,1876,4.0,3.47
414,45635,3.0,2.01
474,36276,3.5,2.63
474,6947,3.5,3.38
21,296,3.5,3.88
306,35836,2.5,3.48
51,6708,5.0,3.73
68,6659,3.0,4.2
356,2359,4.0,3.59
514,160571,3.0,3.23
522,8874,4.0,3.31
287,2710,1.0,2.77
73,54503,1.5,3.54
414,2236,4.0,3.05
61,1213,4.0,4.17
479,31,3.0,4.05
586,167036,4.0,3.62
274,48,2.0,3.77
232,58998,4.5,3.73
509,136838,2.5,2.37
542,1997,1.5,3.37
307,3252,3.0,2.68
239,2023,4.0,3.99
561,94864,2.0,3.64
419,69860,5.0,3.69
66,1073,4.5,3.23
125,149146,4.0,3.6
424,79132,2.5,4.16
381,7004,3.5,3.53
249,1079,4.0,4.46
287,4903,1.0,3.78
140,1961,4.0,3.64
249,99117,2.5,3.93
483,2700,4.0,3.12
170,110,4.0,4.23
517,46530,2.5,2.95
572,1954,4.0,4.75
603,21,5.0,2.93
244,3020,2.0,2.94
84,1184,3.0,3.96
597,2770,2.0,3.05
414,93840,4.5,4.07
588,350,3.0,3.8
218,1198,4.0,4.47
91,2097,2.0,3.59
136,153,3.0,2.79
414,5673,5.0,4.01
44,12,1.0,3.98
610,924,4.5,3.66
462,82857,4.5,1.71
489,94130,3.5,2.98
160,5903,3.0,3.6
19,673,1.0,3.06
84,1244,4.0,4.65
182,1196,3.0,4.05
220,3421,4.5,3.17
380,8361,3.0,3.72
419,5480,0.5,3.13
452,1617,5.0,3.98
225,1136,3.0,4.01
290,3435,5.0,2.64
66,1027,3.5,3.14
597,2539,3.0,2.8
542,1784,3.5,3.72
420,2186,4.0,3.92
606,30707,4.0,3.6
552,3911,4.0,3.59
391,3503,5.0,4.06
555,1962,5.0,3.35
18,356,4.5,4.05
366,109487,5.0,4.1
177,1283,4.0,4.06
151,743,4.0,3.73
448,2788,4.0,4.02
29,1250,5.0,3.49
274,81932,4.0,3.69
129,6218,4.5,3.24
606,198,4.0,3.56
494,1201,4.0,4.27
514,4564,2.0,3.33
199,1214,4.0,3.46
95,3994,3.0,3.78
73,5299,3.0,3.87
414,1625,4.0,3.6
182,3752,3.0,3.42
7,5349,3.5,3.56
323,440,2.5,3.16
367,928,4.0,4.01
524,748,4.0,3.16
307,3114,3.0,3.42
8,432,1.0,3.53
275,4901,3.0,3.37
351,92422,3.5,2.8
109,32,4.0,3.42
425,7143,3.5,3.47
33,2336,2.0,3.59
182,3729,4.0,3.56
315,1949,3.0,3.94
414,80969,4.0,4.03
477,3462,4.0,3.83
460,54259,4.0,3.86
420,3147,4.5,4.18
246,6618,4.0,3.04
286,7438,5.0,3.82
608,588,3.0,3.07
325,3015,4.0,3.55
607,2253,3.0,2.63
330,3793,4.0,2.45
140,210,3.0,3.6
169,6155,4.5,3.32
64,4886,4.0,3.92
381,6659,1.0,3.82
610,60684,3.5,3.52
391,2248,4.0,2.86
408,119145,2.0,3.95
462,2527,4.0,3.7
249,65810,3.0,3.08
414,1100,3.5,3.75
606,2000,2.5,2.72
64,2683,4.0,3.65
599,55116,2.5,3.86
202,2421,3.0,3.71
290,910,5.0,4.4
596,52722,2.5,2.46
298,56715,3.0,3.55
60,2150,4.0,3.58
474,5755,2.0,3.08
605,1411,3.0,3.52
7,32296,2.0,3.18
419,1876,4.0,3.28
68,1729,3.0,3.05
125,62336,4.5,3.77
477,2174,3.0,3.82
573,1391,1.5,3.34
391,2171,3.0,3.49
305,4639,4.0,2.62
122,60074,3.5,3.82
414,1343,4.0,3.6
608,6827,0.5,2.89
387,8199,4.0,3.91
596,141749,3.5,2.94
292,111360,2.0,2.34
16,1089,4.0,3.87
249,143365,2.5,3.72
448,155743,2.0,2.8
599,8860,3.0,2.94
414,262,4.0,3.77
607,2398,5.0,3.62
199,3362,4.0,4.0
306,4720,3.0,2.52
464,16,4.5,3.55
210,2716,4.5,3.28
599,1243,3.0,4.13
292,101864,4.0,3.07
387,4298,4.5,3.94
254,8874,3.5,3.7
414,48412,2.5,4.09
593,539,4.0,4.28
462,2693,4.5,3.03
195,434,3.0,3.84
19,2701,1.0,3.13
517,1955,2.5,2.81
534,5952,4.0,3.57
352,2329,4.5,4.65
105,68554,4.5,3.82
298,112556,3.0,4.34
68,86880,1.5,3.22
365,27706,2.0,3.36
249,128360,4.5,3.72
105,31658,4.0,4.13
268,2599,4.0,3.63
368,2404,2.0,2.92
328,608,5.0,4.22
465,2571,4.0,3.25
599,3511,0.5,3.08
561,8371,2.0,3.14
177,106696,5.0,3.18
524,1250,4.0,3.52
280,2105,2.0,3.23
18,64839,3.5,2.94
307,8873,4.5,3.78
202,2344,4.0,3.86
477,1208,5.0,3.93
380,70361,3.0,3.57
590,7458,3.0,3.7
480,1393,4.0,3.58
274,76175,3.0,2.39
7,49272,4.5,3.59
462,25788,3.5,3.82
331,7153,4.5,3.93
432,480,4.5,3.52
448,95307,2.0,3.41
2,89774,5.0,3.41
226,6796,4.0,4.23
135,3476,4.0,3.63
40,329,3.0,3.84
594,31433,4.5,3.12
64,647,3.5,4.12
414,61132,4.0,2.86
387,367,3.0,2.78
132,3882,2.5,3.51
608,423,3.0,3.03
307,5452,1.0,2.01
95,1042,4.0,3.99
356,349,3.5,3.26
483,1717,2.0,3.29
331,116797,4.0,3.86
561,7361,3.0,4.1
563,129354,3.0,2.82
393,1199,5.0,4.36
489,2739,4.0,3.09
307,47,4.0,4.2
526,7147,4.5,4.02
307,58287,1.0,3.35
73,102407,3.5,3.79
163,1784,4.0,3.09
234,4022,4.0,3.52
610,377,5.0,3.32
600,2936,5.0,3.96
279,5952,5.0,3.84
483,30707,4.0,4.04
21,106491,3.5,3.34
600,5943,3.0,2.26
434,736,2.5,3.3
414,7458,4.0,3.17
43,7,5.0,3.83
490,69757,4.0,3.89
484,5135,2.0,3.81
322,4027,3.5,3.86
380,1234,5.0,3.79
111,54732,3.5,3.64
474,222,4.0,3.59
380,6936,3.0,3.61
368,2990,3.0,3.28
249,904,3.5,4.11
448,104078,4.0,2.63
600,1247,3.5,3.73
103,1610,3.5,4.41
603,2023,2.0,3.78
525,3897,4.5,3.67
290,2937,4.0,3.97
522,97304,2.5,3.69
312,1391,4.0,4.06
76,48,0.5,3.53
448,55765,4.0,3.48
488,3451,5.0,3.7
221,492,4.5,2.85
238,4498,4.0,3.32
298,3698,2.5,2.57
555,466,2.0,3.02
50,107565,1.5,3.52
402,736,3.0,3.91
115,3499,5.0,3.97
483,2291,4.0,4.02
99,150,5.0,4.03
414,3261,4.0,2.85
84,102,1.0,3.23
534,54503,3.0,3.77
249,4247,3.0,3.6
474,1035,5.0,3.43
586,166643,3.5,3.21
453,2335,4.0,4.11
332,431,3.5,1.63
346,3910,3.5,3.75
599,5337,3.0,3.38
6,494,3.0,3.54
280,2052,4.0,2.11
226,4215,2.5,3.86
610,60074,3.0,3.68
232,2501,4.0,3.25
20,2081,5.0,3.76
139,5013,3.0,3.57
448,2796,3.0,3.7
480,3037,4.0,3.37
70,91077,4.0,2.43
466,74458,4.5,4.13
287,551,4.0,3.23
380,32456,4.0,3.61
414,1208,5.0,4.81
125,62434,4.5,4.1
230,2710,3.0,3.3
234,1359,4.0,4.02
153,2378,0.5,2.82
448,5060,4.0,3.85
103,784,3.0,3.4
105,6187,5.0,3.78
555,216,3.0,3.87
201,1573,4.0,4.08
274,78088,3.0,2.6
597,1748,3.0,3.29
255,3501,1.0,2.92
274,61132,3.5,3.91
480,32291,4.0,2.71
91,3421,3.5,3.9
105,110586,4.0,3.8
91,7454,2.0,3.23
365,6874,2.5,4.05
68,55267,3.0,4.12
107,432,4.0,2.66
339,1219,4.0,4.29
239,2628,3.5,3.48
483,56339,4.5,3.64
414,2411,3.0,3.04
57,1858,3.0,3.38
599,2525,2.0,3.6
186,2968,3.0,4.06
256,173,5.0,3.93
448,90343,2.5,3.26
288,273,2.0,2.59
275,4873,2.0,4.0
91,349,3.0,3.65
318,105250,4.0,3.6
211,1223,3.5,3.71
577,1253,4.0,3.0
380,2871,4.0,3.43
274,2325,1.5,4.08
448,50,4.0,3.97
580,4148,4.0,3.19
84,277,3.0,3.55
249,4979,4.0,4.01
590,63082,4.5,4.18
395,172,4.0,3.14
522,780,3.5,3.62
414,112852,4.0,3.85
204,59604,4.0,2.77
247,1022,2.0,3.65
601,3000,4.0,3.62
199,1590,2.0,3.21
315,1084,4.0,4.09
232,69844,3.5,3.98
41,2959,4.0,3.42
56,786,4.0,3.15
511,115149,4.0,4.18
464,367,2.5,3.12
474,7190,3.5,3.32
365,105213,3.5,3.47
42,4679,4.0,2.63
80,2959,5.0,3.8
303,1358,5.0,4.01
41,53519,0.5,2.35
551,79132,4.0,4.26
560,79702,2.5,3.78
608,7137,4.0,3.53
448,3418,3.0,3.48
186,3516,4.0,3.7
610,102125,5.0,3.87
519,1704,5.0,3.69
42,2628,3.0,3.71
27,2161,4.0,3.73
414,5416,5.0,3.2
610,87876,2.5,3.13
332,3160,4.5,3.78
93,590,5.0,3.87
169,4963,4.5,4.38
315,924,3.0,3.52
318,5137,3.5,2.74
318,30812,3.5,3.66
600,2657,4.5,3.37
50,1,3.0,4.01
414,3740,5.0,3.69
28,6867,4.0,3.53
480,39381,4.0,2.29
298,105844,2.5,3.61
534,69805,4.0,3.88
484,8950,3.0,2.67
381,3157,2.5,4.35
220,60069,5.0,3.58
474,892,3.0,3.79
599,119218,2.5,3.84
351,64622,3.5,3.85
438,5093,2.0,2.01
610,142366,3.0,3.24
380,26585,4.0,4.07
119,1270,4.0,4.72
19,289,2.0,3.36
304,954,5.0,3.55
103,139642,3.5,2.92
515,168252,5.0,3.82
376,912,4.0,4.09
370,2502,4.0,3.04
599,6723,2.0,2.79
610,103228,4.5,2.99
219,61348,0.5,2.86
274,1345,3.5,3.35
517,916,3.0,3.92
362,6,4.0,3.41
597,1906,3.0,3.4
207,2707,3.5,3.49
509,111659,3.5,2.75
437,81,3.0,2.69
446,733,3.0,3.2
448,316,3.0,3.99
117,296,4.0,4.15
137,1293,4.5,3.6
233,648,3.0,3.16
474,638,3.0,3.54
406,261,4.0,3.61
469,1257,4.0,4.41
141,2028,4.0,3.73
298,8914,4.0,2.7
391,4901,3.0,2.93
263,4994,3.0,4.03
356,60293,5.0,3.62
382,2671,3.5,3.4
509,4519,3.0,3.28
446,592,3.0,3.95
76,51662,3.0,3.59
18,1234,4.5,3.89
6,179,1.0,3.18
216,2926,3.0,3.52
96,110,5.0,4.5
474,25952,4.0,3.45
182,4389,5.0,2.51
57,1275,5.0,3.86
103,1348,4.0,3.93
89,53460,3.5,3.11
221,32584,3.0,3.75
93,34,5.0,4.12
76,5956,3.5,3.84
45,1307,3.0,4.37
599,6709,2.0,4.43
200,8638,1.0,2.7
202,2411,2.0,3.4
474,6662,2.5,3.84
274,1882,1.5,4.09
376,150,5.0,3.67
140,1198,4.0,3.65
147,186,1.5,2.78
600,6100,4.0,3.37
279,541,5.0,3.53
199,5574,1.5,3.92
555,4084,3.0,3.49
328,1968,2.5,3.59
104,1253,3.0,4.17
21,108156,3.0,3.69
387,5265,3.0,2.99
387,906,3.5,3.92
249,2485,3.0,4.34
361,49278,4.0,3.27
365,142222,1.5,3.54
105,3307,5.0,3.94
513,6145,2.0,2.35
505,70293,2.0,3.52
57,1127,4.0,3.95
380,5507,3.0,3.07
223,7541,3.5,3.81
448,7016,1.0,3.11
198,1394,1.0,3.52
17,1259,4.0,3.63
186,1931,5.0,3.96
83,1653,3.5,3.5
372,318,5.0,4.02
610,91658,4.0,3.43
52,68954,4.0,4.12
363,1552,3.0,2.89
560,105213,2.5,2.63
141,34162,3.5,3.26
527,1968,5.0,3.72
606,26777,4.0,2.73
354,225,3.5,3.27
274,41566,2.5,3.66
298,103772,3.0,3.29
395,616,3.0,3.83
111,2718,4.0,3.08
474,2726,4.5,3.2
314,7,4.0,3.7
212,122886,3.5,3.97
91,3984,3.5,2.81
522,89492,4.0,3.97
610,3481,4.0,3.52
318,160563,3.5,3.39
217,1101,4.0,2.85
268,2064,2.0,4.29
314,924,5.0,3.54
597,2028,5.0,3.5
178,1810,4.5,4.0
359,2987,3.5,3.24
372,316,5.0,3.63
292,79702,2.0,3.29
159,339,3.0,2.59
286,356,4.5,3.45
346,32179,4.0,2.77
307,4885,2.0,3.53
319,139385,4.5,4.2
484,48,4.5,3.68
596,1214,4.0,4.17
361,260,2.0,3.67
331,54259,3.0,3.36
483,3699,3.0,2.66
564,1923,4.0,3.57
357,69757,3.5,3.61
432,364,5.0,3.06
294,1373,3.0,3.48
84,164,4.0,3.53
462,500,0.5,3.31
324,3897,4.0,3.28
314,500,3.0,3.47
438,379,3.5,3.84
151,761,1.0,3.83
156,2926,3.0,3.14
434,231,4.0,2.04
474,2787,2.0,3.34
510,34148,3.0,2.89
159,49286,2.0,3.84
318,86377,4.0,3.68
84,628,4.0,2.67
573,3753,4.5,3.78
421,61132,0.5,2.86
40,434,3.0,3.15
232,76251,4.5,4.0
159,46976,1.0,3.45
232,6541,3.0,3.66
299,3499,5.0,3.33
493,3793,3.0,3.25
122,2542,5.0,3.63
560,3949,4.0,3.71
39,2947,3.0,3.39
462,2762,2.5,4.7
182,3717,2.5,3.16
474,6376,2.5,3.73
555,1968,5.0,2.95
38,203,3.0,3.38
610,1213,5.0,4.27
391,110,5.0,4.13
100,916,4.5,4.0
600,2122,3.0,2.71
6,440,4.0,2.98
380,115149,5.0,3.94
414,5810,4.0,3.6
21,117368,3.5,3.2
474,230,3.5,3.56
477,7439,3.0,3.92
562,2396,4.5,3.34
525,41571,3.5,3.68
187,3160,4.0,3.79
414,2987,4.0,3.26
226,150,4.5,4.05
393,106642,5.0,4.01
363,50,4.0,3.94
1,1198,5.0,4.27
600,4361,4.5,3.05
314,50,4.0,3.57
600,1034,2.5,2.9
600,337,4.0,3.08
474,40819,4.0,4.23
603,549,4.0,3.47
479,5365,4.0,2.9
263,34,4.0,3.73
599,2470,3.5,2.56
62,136020,4.5,2.66
446,236,3.0,2.98
105,108727,4.5,3.76
232,42011,3.0,2.98
298,27904,3.0,3.86
198,5445,5.0,3.12
597,1964,3.0,3.76
448,1863,3.0,3.66
590,69122,3.0,3.24
160,1037,2.0,3.21
385,215,3.0,3.29
274,3986,4.0,3.14
414,2253,1.0,3.21
298,4979,3.0,2.91
22,6711,4.0,3.66
599,1517,3.5,3.57
249,53125,3.5,3.34
218,2302,2.5,3.89
332,2959,4.5,4.25
517,597,3.0,3.71
554,307,5.0,4.37
599,6548,1.5,3.3
318,3266,3.5,3.09
432,4023,4.0,3.05
68,231,3.5,3.92
33,1784,2.0,3.71
177,94478,3.0,3.26
260,6283,3.5,3.66
381,51698,3.5,3.78
387,2617,1.0,3.33
202,919,4.0,4.66
97,3578,4.0,3.87
187,27912,4.0,3.65
156,2712,4.0,2.92
117,804,3.0,3.76
307,8814,2.0,2.6
464,74727,5.0,3.09
146,830,4.0,3.32
606,32234,4.0,2.86
160,3702,1.5,3.57
414,25,3.0,2.82
524,457,5.0,3.85
144,32,4.0,4.04
298,3254,2.5,2.93
275,1136,5.0,4.15
19,2793,2.0,2.75
288,3494,4.0,3.41
534,2947,4.0,3.64
603,2356,1.0,3.09
263,2918,3.0,3.27
61,7153,4.5,4.34
570,2763,3.0,4.16
610,133832,3.5,3.36
325,190,5.0,3.6
105,905,4.0,4.19
98,63992,2.0,1.93
438,832,4.0,3.45
298,26903,2.5,3.61
129,253,3.5,2.63
239,5679,2.5,3.39
604,588,3.0,3.28
144,2571,4.0,3.29
590,59315,3.5,4.19
610,160341,2.5,3.13
580,3081,4.0,3.68
202,592,3.0,4.66
474,3681,3.5,4.16
462,34048,1.5,2.91
448,102025,0.5,3.38
517,94070,4.5,2.61
91,5294,3.5,2.84
599,176419,3.5,3.82
528,4011,5.0,3.98
298,104374,2.5,2.81
610,110501,5.0,2.55
368,185,2.0,2.48
220,1089,3.5,3.49
305,7153,5.0,2.61
381,55267,4.0,2.88
414,2096,4.0,2.8
7,356,5.0,3.72
555,1909,4.0,3.33
33,32,3.0,3.74
599,163809,2.5,3.4
447,315,4.0,3.98
38,590,4.0,3.9
62,168252,5.0,3.73
480,608,4.0,3.98
292,80463,4.0,3.06
380,6952,3.0,3.3
49,1097,4.5,4.18
268,1840,3.0,3.06
102,3,5.0,3.7
185,5377,3.0,3.42
111,4308,2.5,3.76
573,1573,4.5,3.74
68,1243,1.0,4.38
483,1589,2.5,2.88
317,110,5.0,3.97
20,3159,5.0,2.81
352,104879,5.0,3.77
177,585,2.5,3.53
594,6754,5.0,3.11
220,1036,5.0,3.86
480,46530,3.0,3.52
111,63131,4.0,3.89
239,3994,4.5,3.24
480,953,4.0,4.14
91,2137,3.0,3.69
326,97,3.5,3.13
304,11,5.0,3.75
561,5418,4.5,4.26
105,120466,4.0,4.01
18,1221,5.0,4.42
525,2,3.5,3.74
574,434,4.0,3.02
10,109374,0.5,3.48
171,720,5.0,3.95
136,145,3.0,3.44
599,68952,2.5,3.95
294,260,5.0,3.1
610,66943,3.5,3.36
468,410,3.0,3.6
483,1917,3.0,3.24
274,5481,2.5,3.05
438,5080,1.0,2.92
276,1367,4.0,3.41
226,5501,1.5,2.78
318,39292,4.0,3.86
249,4701,4.0,3.59
223,5349,4.0,3.98
509,110102,3.5,3.69
380,5364,3.0,3.25
365,122904,3.5,3.88
308,4963,1.0,3.5
274,6879,3.5,2.97
132,2424,3.5,3.18
132,1042,3.0,3.76
608,3484,3.0,3.23
139,5400,1.5,3.19
67,293,5.0,3.7
430,318,5.0,3.39
15,3147,5.0,3.07
607,724,4.0,2.67
527,1372,4.0,4.2
334,52952,3.5,3.69
68,7320,3.0,3.84
177,4018,3.0,3.76
91,3882,2.0,2.8
477,296,4.5,4.03
294,1641,2.0,3.01
369,934,3.5,3.4
414,3225,1.0,3.17
166,6377,4.5,3.96
68,3675,4.0,3.9
66,586,3.0,2.79
239,2840,3.5,3.73
177,60126,3.0,3.32
489,733,3.5,4.55
164,1356,4.0,3.07
22,5816,0.5,3.63
354,3578,3.5,3.82
305,56367,5.0,4.28
68,6944,4.5,3.87
492,818,3.0,3.66
19,597,3.0,4.11
480,8958,4.0,3.06
305,2791,5.0,3.28
264,653,2.5,3.58
182,6305,4.5,3.08
434,110,4.5,3.69
282,780,3.5,3.11
483,5309,2.5,2.46
380,6979,3.0,3.32
95,3702,5.0,4.22
202,1240,4.0,4.4
356,5792,5.0,3.37
141,122904,5.0,3.72
80,4886,4.0,3.25
610,6003,4.0,3.98
89,151739,2.0,3.63
408,122904,3.5,4.17
29,1100,3.5,3.88
564,106330,2.0,2.3
480,5782,4.0,3.1
68,6879,3.5,3.85
230,6365,4.0,3.33
534,104129,4.5,2.56
533,1997,5.0,4.05
28,16,2.5,3.09
448,6888,1.5,4.07
124,1405,4.0,3.61
368,2819,3.0,1.86
241,2160,2.0,3.96
270,9,3.0,2.93
184,117887,4.5,2.99
279,480,4.0,3.87
288,587,3.0,3.24
304,1587,2.0,3.2
19,2606,4.0,2.62
469,2023,3.0,3.81
124,2353,3.0,3.53
414,2006,2.0,3.69
354,48516,4.0,4.36
292,32,2.0,4.01
82,1221,3.0,3.38
330,6460,4.5,2.91
305,80489,4.0,3.62
355,900,5.0,4.46
379,316,3.0,3.84
125,56174,2.0,3.51
606,5952,4.5,4.33
504,3408,3.5,2.71
414,1277,5.0,4.49
210,189547,1.0,3.13
479,3041,1.0,2.91
310,4963,4.0,3.62
232,69306,3.5,3.63
159,3252,1.0,2.33
534,112897,4.0,3.7
599,55290,3.0,3.23
523,37729,5.0,3.66
163,1717,3.0,2.72
91,8368,4.5,4.04
301,8360,4.0,2.84
62,58559,5.0,4.27
357,1593,4.0,2.76
232,70334,3.5,2.96
562,6323,4.5,3.62
64,6323,3.5,3.55
240,420,4.0,3.01
177,2053,2.0,3.29
36,1094,1.5,3.49
468,253,4.0,3.03
456,802,4.0,3.37
20,1380,5.0,3.18
226,5015,2.5,3.24
290,1231,4.0,3.54
606,41566,3.5,3.14
105,4018,3.5,3.72
222,4974,2.5,3.81
318,1961,3.5,2.75
10,129428,3.5,3.6
373,594,5.0,3.94
549,260,2.0,3.97
270,653,2.0,3.45
516,1198,4.0,4.7
221,4338,4.5,3.06
414,37384,3.0,2.79
469,3095,4.0,3.9
600,353,3.5,2.32
348,2019,5.0,4.2
307,2003,2.5,3.97
380,8865,4.0,3.4
453,2424,4.0,2.34
567,127298,3.5,3.27
599,6832,3.0,2.27
607,3020,5.0,3.94
525,147378,3.5,3.0
68,1201,3.5,3.84
599,40578,3.0,3.14
288,2797,4.0,2.74
256,3785,4.0,3.86
217,1380,3.0,3.51
599,2586,0.5,2.88
274,2706,3.5,3.1
448,113225,3.0,2.74
483,2843,4.5,3.74
246,3863,5.0,2.03
304,1717,3.0,2.6
285,1285,2.5,3.63
64,1217,5.0,4.3
606,39292,4.5,3.42
219,3175,2.0,3.39
103,69140,4.0,4.32
509,26776,3.5,3.68
432,71902,3.5,2.92
448,72405,2.0,3.35
606,31410,3.5,3.23
599,86142,3.5,3.8
489,61160,1.5,4.0
272,4993,2.0,3.9
318,97860,4.5,1.97
244,1573,2.0,3.75
232,47518,3.0,2.97
182,1228,4.5,4.49
273,180,4.0,3.44
18,8798,4.0,3.8
597,1227,4.0,4.22
21,2717,4.0,2.5
414,84152,4.0,3.78
448,5308,4.0,3.01
202,357,4.0,3.91
73,86833,5.0,3.64
182,1193,4.0,4.12
135,2746,4.0,3.83
410,4334,5.0,3.83
610,88163,4.0,3.75
132,2858,4.5,4.14
221,34048,2.5,3.09
474,2723,4.5,2.7
68,1416,1.5,3.74
534,8984,2.0,3.97
361,1580,3.5,3.09
567,903,0.5,4.09
105,356,3.5,4.36
428,2985,2.0,3.45
469,2731,4.0,3.51
294,470,1.0,3.15
40,44,3.0,3.5
62,89745,4.0,4.16
462,60333,4.0,2.72
599,3552,3.0,3.25
369,2371,2.5,2.91
275,2819,5.0,2.54
132,3081,3.0,3.59
199,56274,3.0,3.82
275,235,5.0,3.97
63,5464,4.0,3.13
200,3210,4.0,3.83
19,911,3.0,4.08
475,56171,5.0,3.73
376,1584,4.5,3.69
318,55765,4.0,4.11
344,2916,5.0,3.71
55,27831,5.0,3.59
89,86833,1.5,3.99
174,370,3.0,3.4
368,1515,2.0,2.45
597,1222,5.0,4.05
266,2288,4.0,3.68
328,8464,3.0,3.1
555,2240,3.0,3.67
191,348,5.0,4.74
187,50,4.5,4.26
306,142997,3.5,2.65
438,7143,4.5,3.47
249,77561,3.5,3.69
288,5881,3.5,2.52
132,2699,1.5,3.27
267,2858,4.0,3.41
414,54999,3.0,3.97
211,32587,4.0,3.82
560,133771,4.0,3.38
414,7090,4.0,3.74
599,438,2.0,2.67
596,4226,4.5,3.25
18,34150,3.5,3.23
424,104879,5.0,3.47
514,2915,4.0,4.14
52,64620,4.0,4.01
33,293,4.0,4.54
198,1247,3.0,4.33
474,2174,3.0,3.57
599,2161,4.0,3.24
357,440,3.5,3.7
274,2174,3.5,3.89
414,76763,3.5,3.48
599,3827,2.0,1.74
474,8207,4.0,3.84
484,2959,5.0,3.86
209,2762,4.0,4.08
424,1968,3.5,3.07
342,1959,3.0,4.06
596,98124,3.5,3.22
268,2511,5.0,3.67
290,227,3.0,2.77
489,2797,4.0,3.9
42,223,5.0,4.31
19,1461,3.0,3.12
195,1732,4.0,3.32
560,260,4.0,4.26
570,920,2.5,2.99
308,58559,4.0,4.35
313,3740,5.0,3.48
82,5459,4.0,3.16
73,52973,4.0,3.96
609,833,3.0,2.45
274,34319,3.5,3.46
51,7757,3.5,3.93
28,593,2.5,4.11
178,2329,5.0,3.64
23,7099,4.0,3.7
288,2944,3.0,3.77
215,778,3.0,3.15
199,2997,4.0,3.86
274,79695,3.0,3.54
424,32587,3.0,3.7
84,266,4.0,4.13
19,135,3.0,3.12
410,260,3.0,3.66
66,255,0.5,2.95
89,118834,5.0,4.23
509,117529,3.5,3.11
410,3730,5.0,3.75
600,53953,2.0,3.68
408,10,4.5,3.39
318,7206,4.0,3.92
438,4388,2.5,3.3
222,49651,2.0,2.43
247,3949,3.0,3.68
18,92094,3.5,3.96
600,3388,3.5,2.5
32,497,5.0,3.76
104,293,4.0,4.34
477,1556,0.5,2.56
599,5171,2.0,2.73
555,2455,4.0,2.86
525,4054,3.0,3.01
232,4776,4.5,3.05
89,126088,5.0,3.34
301,3578,4.5,3.74
525,318,4.5,3.61
440,1748,4.5,3.26
226,7143,4.0,4.07
414,34336,2.0,3.52
266,541,5.0,3.49
387,3221,3.0,3.64
469,1831,2.0,4.26
274,1707,2.5,3.49
448,1965,2.0,3.39
274,66427,3.0,4.0
73,87232,5.0,3.78
594,1320,3.5,2.58
19,2287,3.0,2.53
489,3969,4.0,3.22
89,2059,1.5,3.09
425,6378,3.0,3.55
28,4344,1.0,3.24
10,33794,5.0,3.58
241,858,4.5,3.91
345,2352,4.0,4.26
561,2641,4.0,3.19
292,4899,3.0,3.8
599,3864,2.0,2.44
105,1244,5.0,4.12
607,891,5.0,3.47
217,2524,4.0,2.59
453,2683,5.0,3.99
133,454,3.0,4.01
105,4308,3.5,4.44
234,4203,4.0,4.17
414,7257,2.5,3.77
312,2762,4.0,3.05
332,1645,3.5,3.7
66,6754,4.5,3.18
599,880,2.5,2.59
197,786,2.0,3.41
357,2028,4.5,3.96
69,296,5.0,3.78
187,2997,5.0,3.75
601,176371,4.0,3.82
410,549,5.0,3.79
474,8385,3.0,3.32
344,2858,5.0,4.34
586,1784,4.0,3.36
232,4343,2.5,3.35
610,3925,5.0,3.55
21,551,0.5,3.71
50,165,3.0,3.78
469,3269,3.0,2.79
6,799,3.0,3.45
102,266,3.0,3.89
279,56782,4.5,3.42
288,2473,2.0,2.47
64,585,4.0,3.4
378,364,4.5,3.51
117,454,3.0,3.73
484,88163,4.0,3.63
103,40815,4.0,3.92
131,858,4.0,3.89
510,1393,3.5,3.12
560,68886,4.0,3.96
517,1079,1.5,3.33
89,99122,3.5,3.69
514,182727,2.0,3.12
241,48780,3.5,3.83
474,6777,3.0,3.57
256,3510,4.0,2.66
58,529,5.0,4.74
606,4428,2.5,4.2
200,1682,3.5,3.31
78,53972,1.5,3.52
474,4215,1.0,3.2
64,1042,3.0,3.35
51,4447,3.0,3.59
247,115713,5.0,3.64
50,175661,1.5,2.87
508,562,2.5,3.23
20,1030,3.0,3.1
294,2642,1.0,2.75
274,57528,3.5,3.07
474,2660,3.5,2.88
51,387,3.5,4.08
240,377,5.0,3.57
587,1234,4.0,4.25
318,133771,3.5,3.7
219,2194,2.0,3.52
335,3911,4.0,2.68
543,59900,0.5,2.75
298,48877,2.0,3.2
305,103075,3.0,3.06
474,4993,5.0,4.18
488,2302,3.0,2.34
509,2572,3.5,3.64
610,3977,2.0,2.88
164,1101,5.0,4.05
401,84944,3.5,3.94
232,5502,4.0,2.85
117,1036,3.0,3.84
608,5401,2.0,3.58
243,161,5.0,3.66
514,597,2.5,3.98
382,59315,4.5,4.32
448,2,3.0,4.19
414,2147,3.0,4.21
274,2004,4.0,3.45
71,1210,3.0,4.51
410,3161,4.0,4.27
105,3968,3.0,3.61
448,90522,2.0,3.43
607,204,3.0,3.04
33,1249,5.0,3.56
362,1222,4.5,4.75
414,2804,4.0,2.51
101,2723,2.0,3.57
552,3,1.0,4.43
492,662,4.0,3.56
478,1073,4.0,3.6
573,44665,4.5,3.75
561,93326,2.0,2.61
45,21,4.0,3.82
288,4587,2.0,2.93
275,750,3.0,3.79
304,1726,5.0,3.47
596,120919,3.0,2.52
380,33164,3.0,3.99
561,136864,2.0,2.4
160,3793,1.0,4.03
17,3435,3.5,2.88
160,111,5.0,3.91
346,1625,2.5,3.97
275,260,4.0,4.12
68,119145,4.0,3.94
28,8633,4.5,3.34
521,14,4.0,2.7
217,2598,4.0,3.28
520,7373,4.0,3.53
202,420,1.0,2.94
274,1193,4.5,4.74
428,150,2.0,3.76
326,1619,5.0,3.91
543,94959,2.0,3.91
63,1923,2.0,3.68
534,2716,4.5,3.29
280,41573,4.5,3.55
414,235,4.0,3.22
303,1240,5.0,2.48
132,64839,2.5,3.66
469,2797,3.0,2.92
198,4886,3.0,3.93
55,1357,0.5,4.1
23,1217,3.5,3.28
219,3972,4.0,3.15
599,2746,3.0,3.43
600,543,2.5,2.69
249,78637,3.5,2.92
359,8533,4.5,3.61
135,2395,3.0,3.3
352,97752,5.0,3.46
484,616,4.0,3.81
57,1676,4.0,3.88
436,257,3.0,3.78
232,2791,3.0,4.31
552,442,1.5,3.55
511,2571,5.0,3.7
535,2692,5.0,3.71
448,45666,2.0,2.69
68,2541,4.0,2.85
132,1307,3.5,3.8
280,51662,3.5,3.79
101,2707,4.0,3.57
590,4489,3.5,2.51
448,1100,3.0,3.66
608,5459,4.0,2.68
307,1136,3.5,3.37
483,410,3.0,3.45
561,134853,3.0,3.65
102,161,3.0,3.24
527,1663,4.0,4.12
603,1224,2.0,3.87
606,48385,3.0,3.85
414,6618,3.0,3.05
275,4034,5.0,3.76
552,2857,4.0,4.02
122,2160,5.0,3.59
594,2000,4.5,4.3
280,356,4.0,4.05
599,1791,3.0,3.05
474,745,4.0,4.48
590,355,2.0,4.28
177,2424,3.0,3.0
474,5876,4.0,3.04
1,1587,5.0,3.97
21,3638,4.5,3.91
19,1345,3.0,2.43
428,260,3.5,3.81
483,2019,4.5,3.81
381,45361,1.0,3.81
414,2986,2.0,3.29
517,49272,1.5,2.58
218,2657,3.5,2.51
607,1982,5.0,4.0
600,663,4.5,2.28
186,3510,4.0,3.92
552,1196,5.0,4.24
414,1024,4.0,3.57
210,4306,4.0,4.17
600,3882,2.0,2.24
172,1210,4.5,4.95
387,4928,4.0,3.4
198,2875,2.0,2.82
305,2288,5.0,3.82
294,355,3.0,3.91
219,6934,2.5,3.09
342,2683,3.0,2.59
462,337,2.5,3.64
373,585,1.0,3.19
42,1088,3.0,3.25
82,2381,2.5,2.11
216,3755,4.0,3.3
39,924,2.0,3.31
425,1590,3.5,2.91
268,2403,2.0,3.35
339,49530,4.0,3.88
6,313,3.0,3.17
156,4027,4.0,4.29
563,111659,3.5,3.09
610,6872,1.0,3.19
590,32,3.0,3.99
603,4815,1.0,2.5
91,288,3.5,3.14
115,3301,4.0,3.93
474,592,4.0,3.97
514,1326,1.5,3.07
130,318,5.0,3.65
19,3693,2.0,2.55
139,49278,1.5,4.2
599,45648,2.5,3.26
512,208,3.0,3.0
448,5954,4.0,3.5
377,62383,3.5,3.4
249,52973,4.0,3.87
380,7387,5.0,3.52
599,122260,2.5,1.06
477,78746,4.0,3.19
221,31692,0.5,3.45
33,150,3.0,4.04
42,2497,4.0,3.47
448,4447,1.5,3.53
199,6365,2.5,4.34
91,589,4.0,3.13
66,1265,3.5,3.7
182,5881,4.0,3.54
521,648,4.0,3.15
165,2019,4.0,3.64
28,2618,3.0,3.36
238,4855,4.0,3.73
111,2694,3.0,3.0
303,2662,3.5,3.64
19,2550,3.0,2.39
216,1269,4.0,4.04
475,1196,5.0,4.2
298,5900,2.5,3.55
28,49530,4.5,3.89
414,2378,3.0,2.46
482,329,4.5,3.71
182,2890,3.5,3.3
28,56587,3.0,3.45
259,153,4.0,4.01
414,46,2.0,3.3
153,117881,3.0,3.18
4,3481,2.0,3.06
312,1342,4.0,3.78
447,480,4.0,3.58
111,3752,3.0,3.11
80,4995,4.5,4.36
130,590,3.0,3.03
448,40278,3.5,3.71
448,86190,3.5,2.08
586,4489,4.0,2.42
610,112727,3.0,3.17
115,3052,3.0,4.22
510,3481,3.5,3.84
577,920,5.0,2.94
453,4334,4.0,3.34
546,1270,3.0,4.72
387,7895,3.5,3.97
273,236,4.0,4.09
599,442,2.5,3.22
124,296,4.5,3.67
137,1262,3.0,3.85
470,208,3.0,3.13
448,104241,3.0,3.1
226,1005,3.0,2.93
244,1480,4.0,3.21
76,31410,4.0,2.89
382,70946,0.5,2.94
385,1240,4.0,3.45
610,8985,2.5,3.78
294,577,1.0,2.82
590,260,5.0,4.77
249,1356,3.0,4.27
464,1101,4.5,3.17
28,6957,3.0,3.39
232,8939,3.0,3.4
421,953,5.0,4.15
401,55768,2.5,3.45
258,122904,5.0,3.89
351,71579,4.0,4.03
260,3424,4.5,4.87
590,3435,4.0,3.55
600,1248,3.0,3.93
500,2572,3.0,4.13
361,34520,2.5,2.42
45,2947,4.0,3.05
57,1641,4.0,3.66
462,593,3.5,3.99
103,87194,3.5,3.83
357,7026,3.0,3.56
132,592,2.0,3.34
222,82459,3.5,3.68
217,1374,3.0,3.67
274,31685,3.5,3.22
307,3448,2.5,1.97
113,3296,5.0,3.93
428,2459,1.0,2.71
63,110102,4.0,3.62
561,8644,2.5,3.58
219,1485,1.5,2.56
84,914,4.0,3.64
610,68205,4.0,2.83
298,1221,3.5,4.08
422,3897,4.0,3.45
125,112552,4.0,3.74
274,2395,2.5,3.73
298,6702,0.5,3.23
599,3950,2.5,3.35
517,1784,3.0,3.85
84,57,3.0,4.14
217,2012,2.0,3.53
590,435,2.0,3.14
139,8371,2.0,3.31
140,2028,5.0,3.71
515,260,5.0,3.82
477,648,3.0,3.13
211,1125,4.0,3.21
556,94780,3.5,3.16
563,61250,1.5,4.0
534,1282,4.5,3.87
380,3703,5.0,4.27
188,2206,5.0,4.32
177,2082,2.0,3.52
474,3134,3.0,3.47
514,1213,4.5,3.74
318,1193,4.0,3.4
281,2694,3.0,3.46
580,5218,4.0,3.48
509,6294,3.0,3.26
105,69122,4.5,4.29
534,52287,4.0,3.53
464,1240,4.0,4.15
474,7018,2.5,3.25
606,5072,3.5,3.55
264,1250,5.0,3.55
19,2184,3.0,3.31
212,2918,2.5,3.55
599,1094,3.0,3.13
249,73431,2.5,3.49
249,67923,4.0,3.25
219,8360,4.0,3.49
317,318,4.0,4.04
542,7451,4.5,3.5
269,648,3.0,3.53
385,383,2.0,3.1
448,1882,3.0,3.4
590,1950,4.0,3.89
608,802,3.0,3.79
339,16,4.5,3.65
84,1295,5.0,3.85
380,136864,2.0,2.79
45,1968,4.0,3.5
356,4226,5.0,3.93
448,115151,2.0,3.31
129,2692,4.5,3.99
448,158872,4.0,3.02
419,111,4.0,4.25
66,2248,4.5,3.95
287,1407,2.5,2.48
474,5440,3.0,3.58
418,85414,3.5,3.21
148,79132,1.5,3.61
474,6385,5.0,3.62
275,2212,4.0,3.1
113,11,3.0,3.91
111,131826,4.0,3.86
111,3897,4.0,3.65
606,7143,4.0,3.88
167,480,3.5,4.02
356,529,4.0,4.13
232,7445,3.5,3.01
301,2378,2.0,2.13
182,6890,4.5,3.0
544,1105,5.0,4.03
111,98203,1.5,4.12
19,3370,2.0,3.52
43,11,4.0,4.16
558,5329,5.0,3.23
307,26680,3.5,3.59
19,849,2.0,3.57
479,3504,4.0,3.17
187,6377,2.5,2.72
298,3511,1.5,2.26
608,173,3.0,3.01
62,68554,4.0,3.77
186,364,4.0,3.03
254,4973,4.5,4.02
132,8874,3.5,2.83
561,50,4.5,3.73
428,1653,3.5,4.16
491,86833,3.5,3.99
33,36,5.0,3.78
165,5464,3.0,3.68
356,2671,3.0,3.33
232,1035,3.5,4.01
129,1210,4.0,3.67
237,44191,4.0,3.99
239,2329,5.0,4.32
28,1221,4.0,3.34
603,3586,4.0,3.29
187,3328,5.0,3.72
274,2076,4.0,3.53
45,5307,3.0,3.3
222,858,4.5,4.17
561,1587,4.0,3.48
357,2067,5.0,3.97
125,1625,5.0,3.71
452,3703,5.0,3.68
509,38038,3.0,3.84
87,3910,4.0,3.55
519,140110,4.0,3.78
514,79132,4.0,4.36
328,6539,3.5,2.9
369,370,4.0,3.08
335,2302,3.0,3.35
339,80139,4.5,2.57
414,5380,4.0,3.53
600,3250,2.5,1.97
251,356,5.0,4.7
232,1370,3.5,3.16
489,39183,4.5,3.92
414,374,1.0,3.7
33,914,5.0,4.34
600,3535,3.5,4.16
457,2701,1.0,4.71
608,2161,3.0,3.99
105,31696,3.5,3.14
414,5004,3.0,4.22
477,2529,3.5,3.36
143,6593,4.0,3.42
414,1610,5.0,3.36
307,8464,3.0,2.7
32,52,3.0,4.18
448,99112,2.5,3.36
567,45880,3.0,3.39
414,209,4.0,3.02
385,1136,4.0,4.44
221,1220,4.5,4.39
318,127298,4.5,2.86
600,575,2.0,2.18
139,3994,2.5,3.1
608,6333,4.0,3.34
19,2027,1.0,3.44
92,327,3.5,2.84
606,3246,4.0,3.0
91,4993,4.5,4.2
474,2187,3.5,3.99
387,3742,3.5,3.62
156,4378,4.5,3.43
480,5679,4.0,3.15
448,2718,3.0,3.51
223,34,1.0,4.0
182,2827,1.5,3.42
266,2428,1.0,3.19
19,2888,3.0,2.24
448,71464,3.0,3.86
493,4438,5.0,4.07
448,2110,4.0,3.83
367,3507,4.0,3.6
140,2334,3.0,3.59
414,1457,2.0,3.03
21,44022,3.5,2.76
510,2791,4.0,3.08
160,2688,0.5,3.53
555,2827,1.0,2.35
597,3019,5.0,3.47
132,673,2.0,3.19
603,2053,2.0,2.66
68,1704,4.5,4.15
599,7481,3.5,4.01
160,2428,1.0,3.18
495,4034,2.5,3.88
373,181,1.0,2.95
89,1080,1.0,3.74
325,2239,5.0,3.6
336,3147,4.5,4.26
259,3910,5.0,3.36
298,51412,0.5,3.45
288,4994,3.5,3.94
280,1393,4.5,4.38
91,2797,3.0,3.76
222,62250,3.0,3.97
317,68237,4.0,4.33
57,2530,3.0,3.57
239,780,4.0,3.96
50,4226,3.0,4.06
177,455,3.0,4.1
474,8542,3.5,3.67
6,569,4.0,3.07
410,2395,4.0,3.26
139,87232,3.5,3.98
524,1196,5.0,4.6
458,225,5.0,4.17
42,2641,2.0,2.85
119,31410,4.0,3.65
217,1806,1.0,3.54
182,4246,3.5,4.05
462,3578,2.0,3.7
363,1961,3.0,3.75
453,2447,3.0,3.06
411,230,4.0,2.65
248,3793,3.5,3.94
434,6333,4.0,3.56
376,457,4.0,3.67
368,1610,5.0,2.81
100,377,4.0,3.34
397,4037,3.5,2.73
305,1197,4.5,4.37
28,1206,2.5,4.21
274,1214,4.0,4.32
428,1479,3.0,3.14
20,1097,5.0,4.01
159,30812,2.0,3.25
113,1244,4.0,3.68
273,364,5.0,3.76
274,4643,2.0,3.49
316,520,3.5,3.56
249,49649,2.5,2.75
419,493,4.0,3.95
68,58299,3.0,3.08
305,3285,3.5,2.64
610,5618,4.0,3.9
455,34,4.0,3.64
298,70663,2.5,2.84
527,30,1.0,3.45
560,128360,3.5,3.58
221,2985,3.0,3.75
105,52281,5.0,3.55
352,84954,2.5,3.8
498,110,5.0,4.49
480,2572,2.5,4.01
288,1660,3.0,3.3
28,4378,3.0,3.09
122,52319,4.5,3.28
323,2803,3.0,3.19
425,1917,3.5,2.76
89,33679,2.5,3.78
585,79132,4.0,4.49
209,2959,4.5,4.5
36,2359,4.5,4.04
600,1198,4.0,4.05
177,4995,4.0,3.88
573,2571,5.0,3.53
68,7254,2.5,3.38
177,3798,3.5,3.18
441,91529,5.0,3.2
206,661,5.0,2.79
582,81834,5.0,4.07
467,2493,4.0,3.25
387,2337,3.5,3.65
432,44759,3.0,3.35
580,2692,4.0,3.43
160,1107,3.5,4.0
105,8665,3.5,3.74
125,6874,4.5,3.77
561,34,2.5,3.27
199,44195,4.0,4.11
462,345,1.0,2.83
414,33493,4.0,3.4
405,1295,4.0,4.55
232,3949,4.5,4.01
225,2406,3.0,3.75
414,48738,4.0,3.86
292,102123,1.5,3.31
64,2450,2.0,3.93
62,87430,3.5,2.65
474,6225,3.0,3.68
580,8361,3.5,4.04
580,34150,3.0,2.34
181,161,4.0,3.45
239,4022,3.5,3.68
380,5971,5.0,3.43
230,2985,1.0,3.6
520,4306,4.0,3.58
418,106766,4.5,4.33
370,2762,4.5,4.23
387,63,2.0,3.92
298,165,3.0,2.33
288,1350,3.0,3.2
105,915,4.0,3.87
217,2253,3.0,3.44
381,54001,4.5,3.19
274,6586,2.5,3.04
34,3717,4.5,3.51
330,1500,2.5,3.06
149,788,4.0,3.32
177,6624,2.0,3.85
599,5548,2.5,2.83
599,1196,5.0,4.03
182,5507,3.5,2.77
586,106487,3.5,3.34
610,27905,3.5,3.25
474,6235,3.5,3.64
249,116823,4.0,3.78
275,4993,4.0,3.82
64,2406,3.5,3.42
515,174055,4.0,4.1
166,1276,4.5,4.17
129,1358,0.5,3.86
82,6,3.5,3.14
274,558,4.0,3.42
380,32019,3.0,3.12
381,2294,3.0,4.24
8,356,3.0,3.81
334,1240,3.5,3.85
258,72641,3.0,3.63
489,7153,4.0,3.19
513,150,4.5,3.63
105,147196,5.0,4.83
68,6711,5.0,3.8
438,4018,3.5,3.19
357,780,4.0,3.73
436,532,3.0,4.04
346,7234,3.5,3.74
425,1387,3.0,3.5
435,3578,4.5,4.03
458,39,4.0,3.23
260,4027,4.0,3.83
339,111,4.0,4.11
64,1258,3.5,4.06
292,1307,3.0,4.04
51,53953,3.5,2.88
414,6323,3.5,3.37
105,5373,4.0,3.81
469,2132,4.0,2.77
344,111443,3.0,2.83
141,115713,4.5,4.1
560,109313,4.0,3.9
249,93831,4.0,4.51
352,1213,3.5,4.36
21,7570,4.5,4.26
232,52328,3.0,3.68
42,4008,4.0,4.3
240,344,5.0,3.2
434,1517,4.0,3.18
474,4022,3.5,3.09
317,4306,4.0,3.3
602,861,4.0,4.5
561,49272,3.0,3.63
565,357,4.0,3.82
91,2723,3.5,3.18
599,3108,3.0,3.37
324,3884,2.0,3.03
256,4018,4.0,3.19
68,3552,4.0,3.55
551,91542,4.0,3.54
288,5040,3.0,2.9
610,3681,5.0,3.49
182,1747,3.5,3.77
108,3072,3.0,3.51
318,3751,3.5,3.0
199,2006,3.0,3.07
266,1784,3.0,3.38
217,720,4.0,3.04
354,1233,4.0,4.03
414,7150,3.0,3.56
51,70,5.0,3.48
477,432,3.0,2.6
555,356,5.0,3.81
91,1917,2.5,4.36
448,79185,1.0,2.36
307,186,0.5,3.0
182,2924,3.5,3.65
599,3863,2.5,2.32
507,47,3.0,4.17
305,2115,1.0,2.93
201,2080,4.0,4.46
436,34,5.0,3.69
606,46965,1.0,3.0
599,704,0.5,2.59
314,327,1.0,3.16
328,1302,0.5,4.13
19,65,2.0,2.85
294,1615,2.0,3.27
411,587,4.0,3.57
428,3081,4.0,3.87
256,520,4.0,4.37
226,2273,3.5,3.31
373,362,1.0,3.66
503,4537,4.5,2.72
57,589,4.0,3.66
7,4223,2.0,3.0
132,7022,3.5,4.55
538,671,5.0,2.73
51,1580,5.0,3.41
159,89864,3.5,3.92
117,186,3.0,2.92
596,49530,2.5,2.87
480,32584,2.5,4.08
58,19,1.0,3.75
517,3398,1.0,3.65
288,2502,3.5,3.63
181,5,3.0,3.38
105,4993,4.0,3.87
187,4967,4.5,4.24
318,6440,3.5,3.02
318,2467,3.5,3.57
140,4963,3.0,3.34
21,7573,5.0,4.26
573,4718,4.5,3.71
377,6656,4.0,3.87
509,26999,3.0,3.59
284,223,5.0,2.97
462,535,4.5,3.82
70,3543,4.0,3.98
342,1799,3.0,3.73
436,587,4.0,3.39
182,3000,5.0,3.62
177,8984,3.5,3.11
610,912,3.5,4.58
605,62970,3.0,3.01
474,1350,4.0,3.86
590,6863,3.0,3.22
428,3555,2.0,3.56
249,38061,4.0,3.86
474,4815,3.0,3.52
501,661,1.0,3.32
279,7153,4.0,3.25
50,903,4.0,4.07
28,3052,3.0,3.38
62,778,4.5,4.09
225,1321,4.0,2.73
414,7165,3.0,3.23
553,1213,5.0,4.84
580,3949,3.5,3.98
300,5995,4.5,3.22
474,7013,4.5,3.27
308,1246,5.0,3.8
227,150,4.0,3.94
398,32,5.0,3.41
83,5903,3.5,4.46
606,1873,4.5,2.88
177,11,3.0,3.97
438,5804,2.5,3.02
387,8972,3.5,3.36
580,1784,4.0,3.49
414,45666,2.5,1.86
597,780,1.0,3.17
270,736,4.0,2.83
298,4447,1.0,2.96
419,57368,4.0,3.3
334,908,3.5,4.28
105,26662,4.0,4.06
42,3253,4.0,3.64
232,55267,3.0,3.14
590,1265,4.0,3.97
569,377,5.0,3.89
24,2115,4.0,3.28
212,168366,4.0,3.89
495,1499,2.5,2.91
603,3783,4.0,2.44
107,434,3.0,2.51
571,1219,4.0,3.15
286,6373,3.0,3.44
368,1127,4.0,3.68
307,2432,2.0,3.14
73,8807,4.0,3.91
233,1089,2.5,3.42
111,181065,3.5,3.18
600,1296,1.5,2.7
474,2797,4.0,1.9
210,122924,4.0,4.1
410,3468,5.0,3.77
509,74677,4.0,3.03
274,2498,2.0,3.91
387,1273,4.0,3.7
564,35836,3.5,3.37
282,3114,4.5,3.84
192,317,3.0,3.46
142,592,3.0,4.38
396,1320,0.5,3.64
288,1101,3.0,2.98
160,788,1.0,3.25
483,1644,1.0,2.93
528,33794,4.5,3.84
235,10,2.0,3.96
290,3007,4.0,3.16
606,4439,3.5,3.9
380,4306,5.0,3.96
274,70,4.5,3.56
288,30810,4.5,3.48
274,3969,3.5,3.35
380,4148,3.0,3.18
597,2108,4.0,3.95
480,32587,4.0,4.05
210,128842,4.0,3.99
347,587,4.0,3.73
562,1240,5.0,4.03
479,2367,2.0,3.39
391,912,5.0,4.43
610,4718,3.5,3.37
217,748,3.0,3.79
410,3925,5.0,3.9
448,3763,4.5,2.89
93,318,4.0,3.72
104,80584,4.0,3.58
66,18,4.0,3.06
587,1135,4.0,3.83
520,61240,2.0,4.26
71,802,5.0,3.55
91,2529,4.0,3.17
149,1334,4.0,3.24
274,7368,3.5,2.95
599,1639,3.5,3.43
368,1686,3.0,3.37
256,56251,4.0,3.72
318,1175,3.5,4.52
217,2151,3.0,3.1
298,2021,3.5,3.36
573,4816,5.0,3.48
408,85510,3.5,3.0
66,4654,3.5,3.1
493,592,4.0,4.17
592,329,3.0,3.29
111,55872,3.0,3.52
599,3937,1.5,2.84
567,3266,5.0,3.34
492,832,5.0,3.45
200,48738,4.0,4.19
448,63131,3.0,3.83
487,2571,3.0,4.09
182,1391,4.0,3.5
309,318,4.0,3.08
219,31221,0.5,2.72
382,98809,4.5,4.35
182,3117,4.5,3.37
205,4896,4.5,3.53
391,2080,5.0,3.41
514,3421,4.0,3.84
599,56286,3.0,3.8
483,56251,5.0,3.94
377,5049,4.0,2.76
599,1499,2.0,3.6
23,334,4.0,2.72
567,97836,1.5,3.95
438,49272,4.0,3.27
262,515,5.0,3.03
559,432,3.0,2.24
480,19,1.5,3.22
564,49286,3.0,3.49
429,300,4.0,4.25
351,5608,4.0,4.06
317,6708,3.0,3.72
603,4056,4.0,3.07
380,1982,5.0,2.66
577,1690,3.0,3.61
448,55768,3.5,3.47
417,1198,2.5,3.93
10,1247,3.0,3.24
16,593,3.0,3.98
352,4306,3.0,4.2
353,296,5.0,4.48
189,3578,4.0,3.3
448,223,4.0,3.78
198,1172,5.0,3.82
489,1961,4.0,3.57
101,2598,2.0,3.63
227,48774,4.5,4.03
305,3527,4.0,4.32
337,1210,5.0,4.02
381,1500,4.0,2.66
382,33660,4.0,3.34
18,122892,3.5,3.94
135,367,4.0,3.59
265,1214,2.0,3.98
600,1029,3.5,2.79
318,3424,3.5,2.79
599,8665,3.0,2.67
68,6297,3.5,3.59
292,253,1.5,2.77
279,115569,4.5,3.72
334,4235,3.5,4.19
167,4369,1.0,3.2
381,4370,3.0,3.25
227,457,4.0,3.47
292,296,3.0,4.4
205,88125,4.0,4.09
434,48774,5.0,3.5
57,1388,2.0,3.71
305,8985,4.0,2.89
610,69275,4.0,3.37
534,67197,3.5,3.09
42,3255,3.0,3.69
526,106920,4.0,3.5
448,7076,4.0,3.87
599,1351,2.0,3.09
539,318,4.0,3.97
139,48780,2.5,4.06
84,1132,4.0,4.05
414,43917,3.5,2.78
215,356,3.5,3.01
564,1968,4.0,4.29
579,3114,5.0,4.07
41,597,3.0,4.1
350,7,3.0,3.56
414,1753,2.5,3.85
567,26743,2.5,2.5
369,2706,3.5,2.53
125,858,4.5,3.7
256,204,4.5,3.09
540,2598,3.0,2.99
524,1200,5.0,4.29
527,3036,5.0,3.7
353,47,5.0,4.21
288,2867,3.0,3.28
517,3599,1.0,3.31
391,1196,5.0,4.36
600,2606,2.0,2.9
45,2329,5.0,4.52
414,54259,3.5,3.37
10,49286,5.0,3.19
216,2788,3.0,3.69
513,110,4.0,2.89
91,3671,4.5,3.81
141,109374,5.0,3.64
140,1090,4.0,3.21
241,3910,5.0,3.41
514,2918,4.0,4.01
69,1266,5.0,3.05
391,3000,4.0,3.61
34,3624,4.0,2.45
103,77561,0.5,3.49
511,68954,4.5,3.98
249,46723,4.0,3.3
239,4776,4.0,3.15
599,5903,2.5,3.98
182,1370,3.5,4.23
592,303,3.0,3.77
20,3793,3.5,3.5
217,2779,3.0,3.62
36,1892,3.5,3.39
247,5989,3.5,4.11
414,1101,5.0,3.85
474,8530,4.0,3.71
274,3968,3.5,3.34
265,2364,2.0,3.58
577,2146,4.0,2.93
372,1390,4.0,3.15
256,4701,4.5,3.73
351,51662,4.0,3.37
338,122912,1.5,2.89
499,4642,5.0,2.87
18,53972,3.0,2.82
111,719,4.0,3.68
462,148626,3.5,4.19
332,3470,4.0,4.04
559,783,4.0,3.92
181,1082,3.0,3.22
605,1367,3.0,3.61
490,54272,3.0,3.71
387,4553,3.0,3.33
274,968,3.0,4.17
322,2052,2.0,2.58
137,1301,4.0,4.16
599,892,3.5,3.38
568,3053,4.0,2.9
309,973,4.0,4.63
365,216,3.5,3.43
50,92046,3.0,4.09
100,6377,4.0,3.61
571,2288,2.0,3.74
599,1015,1.5,2.17
247,2329,3.0,4.24
307,32031,2.5,1.99
247,40815,2.0,3.8
477,1193,4.5,4.18
274,6464,3.5,2.68
222,102686,3.5,3.59
590,4262,4.5,3.16
105,111622,4.0,3.29
289,16,4.5,2.52
169,1777,4.0,3.29
414,2513,2.0,3.84
426,4306,4.5,3.28
409,3813,4.0,3.18
462,179813,4.0,3.03
389,32,4.0,3.59
414,3070,4.0,3.69
220,223,5.0,4.0
133,377,3.0,3.11
514,84772,3.5,2.97
605,56171,3.0,3.18
436,485,3.0,3.56
249,4489,3.5,3.03
169,3421,4.0,3.21
4,3897,4.0,3.57
73,2706,3.5,2.86
380,3979,2.5,3.2
42,1090,5.0,3.3
304,1240,5.0,2.66
387,1025,3.0,2.73
368,3173,3.0,3.65
42,1722,5.0,3.75
288,6303,3.5,3.61
186,1307,3.0,4.03
361,53125,4.0,3.51
391,3256,3.0,2.11
603,426,4.0,3.17
469,1858,2.0,3.48
381,1073,4.0,4.22
599,4155,2.5,2.81
140,1028,4.0,4.19
610,8783,3.0,3.37
606,5943,3.0,2.38
387,51255,3.5,4.26
41,593,4.0,3.95
222,3273,3.0,3.24
266,135,1.0,2.49
177,4306,4.0,3.64
232,59501,3.0,2.84
482,6787,3.5,3.62
527,3016,4.0,3.7
57,588,4.0,3.65
95,541,5.0,3.79
298,4973,3.0,3.02
443,1200,3.0,4.49
380,51662,4.0,3.56
483,4370,4.0,2.79
95,3019,5.0,3.8
514,2144,3.0,2.05
365,80549,4.5,3.67
469,1261,4.0,4.66
163,1614,3.0,2.92
468,160,2.0,2.68
608,6820,3.5,3.26
148,5618,3.0,3.54
4,215,5.0,3.66
105,86066,4.0,3.31
249,1408,4.0,3.49
111,94953,4.5,4.16
84,17,5.0,4.2
452,3633,3.0,3.62
91,2395,1.0,3.23
541,165,3.0,3.66
139,45722,2.5,2.79
441,122886,4.5,2.75
307,40581,2.5,3.6
597,1307,5.0,3.74
119,84392,4.0,3.07
249,3686,3.0,3.58
68,1584,2.5,3.54
66,1862,1.0,3.15
596,163639,4.0,3.5
570,48738,3.5,4.04
551,2000,4.0,2.98
68,49274,3.0,4.52
314,163,3.0,2.58
543,4226,5.0,4.32
307,3535,5.0,3.95
414,86332,3.0,3.44
356,64957,3.0,3.76
202,3260,4.0,3.93
422,4190,4.0,3.55
367,1028,5.0,3.06
220,5464,4.5,2.51
243,588,3.0,3.62
448,3707,2.0,3.21
414,5993,4.0,4.07
427,5400,2.0,3.53
427,1247,3.5,4.08
275,1179,5.0,4.01
223,2144,4.0,3.98
122,589,5.0,3.94
249,318,4.5,4.41
177,1333,4.0,3.87
51,1500,5.0,2.22
412,34,5.0,4.05
600,1499,2.0,3.6
448,7046,3.0,2.85
135,292,4.0,2.61
23,923,4.0,3.53
91,608,3.5,4.55
597,357,5.0,3.4
474,4571,4.5,3.02
247,136864,2.5,3.12
361,4246,3.5,3.46
346,4816,3.0,3.42
196,5952,3.0,4.22
448,85881,3.5,4.0
474,47465,3.5,3.25
598,130490,5.0,2.67
489,45447,3.5,3.14
469,1320,3.0,2.76
599,1036,4.0,3.25
166,32,4.0,4.5
91,3727,4.5,4.12
590,196,2.5,3.25
587,587,5.0,4.16
380,6534,3.0,3.28
147,543,2.5,3.47
28,38886,2.0,3.28
6,510,3.0,3.08
177,83132,2.5,3.75
313,1291,4.0,3.48
105,122904,4.0,4.08
368,3256,3.0,2.81
160,296,5.0,2.54
318,2952,3.0,3.65
112,1,3.0,3.01
104,33004,4.0,3.34
68,49772,2.5,3.31
34,27801,5.0,2.29
577,1270,5.0,4.24
376,33794,4.0,3.91
321,736,4.0,2.49
103,953,4.0,3.29
599,3252,4.0,2.4
534,2949,4.0,3.84
601,5971,4.5,3.72
562,44974,5.0,3.15
492,736,4.0,4.69
10,66203,3.5,2.64
514,2406,3.0,3.17
102,158,3.0,3.04
274,5363,2.5,3.66
177,4069,4.0,3.78
125,92259,4.0,3.6
19,7,2.0,2.67
232,2021,3.5,4.3
64,159,3.5,2.92
283,587,2.0,4.1
474,1022,4.0,2.89
28,54503,3.5,3.59
323,48,3.5,3.91
105,5349,3.5,3.87
527,969,4.0,3.13
370,4878,4.0,3.99
287,2747,3.0,2.48
469,2858,5.0,3.71
411,480,5.0,3.32
400,858,5.0,4.32
609,731,4.0,3.74
348,750,4.5,4.22
607,1240,5.0,4.08
600,172,2.0,2.62
564,2706,4.0,2.94
1,1029,5.0,4.22
184,102123,3.5,3.01
19,2054,3.0,2.4
525,68358,3.0,3.65
380,8866,3.0,3.4
71,801,4.0,3.46
599,88593,2.5,3.11
307,4306,2.5,3.27
408,134130,4.0,4.02
446,589,5.0,3.69
509,1682,4.0,3.35
507,34,5.0,3.89
260,1288,5.0,4.39
563,1197,3.0,4.45
599,2572,3.0,3.79
385,1196,5.0,4.38
369,6296,3.0,3.87
555,2375,4.0,3.61
414,3684,3.0,3.59
90,1116,4.0,4.28
485,588,4.0,4.02
517,3418,1.0,3.88
249,1527,4.0,3.92
603,2424,2.0,1.98
608,1644,3.0,3.44
160,442,2.0,2.28
479,2683,5.0,3.72
63,3421,2.5,3.71
603,1922,4.0,3.49
223,47,3.0,3.81
68,541,2.0,4.11
64,5669,3.5,4.25
600,1608,2.5,2.89
503,2571,4.5,3.97
225,1923,4.0,3.31
603,2110,4.0,3.59
610,156371,5.0,2.84
474,2915,2.0,3.7
140,44709,4.0,3.34
414,1060,5.0,3.47
105,134252,4.5,4.14
356,63082,4.0,4.06
249,46965,3.0,2.9
414,33794,4.5,4.09
489,2617,2.5,2.55
448,7143,4.0,3.82
137,2571,4.0,4.06
608,4448,4.5,2.77
448,132046,2.0,2.55
143,2144,5.0,3.57
256,5218,4.5,3.52
41,122904,0.5,2.92
474,2822,2.5,2.54
462,44555,4.5,3.93
606,2174,4.0,3.53
27,2478,5.0,2.69
240,169,3.0,4.77
462,6001,3.5,3.7
480,1203,5.0,4.31
182,4262,4.0,3.41
95,176,4.0,3.59
380,49651,5.0,2.9
477,6863,3.5,3.77
475,34150,4.0,3.12
401,157296,3.0,2.8
307,8910,3.5,2.72
453,3979,2.0,3.38
415,608,4.5,3.99
19,353,5.0,3.3
605,1197,5.0,3.79
448,77191,2.5,3.49
551,110,3.5,3.72
594,990,4.5,2.85
294,2013,2.0,3.3
202,1641,4.0,3.7
535,2683,1.0,3.32
105,1233,4.0,4.03
160,1035,2.0,3.23
136,317,3.0,3.44
384,4333,4.0,3.65
414,69122,4.0,4.03
68,1198,5.0,4.2
328,4973,4.5,3.91
46,349,3.0,3.83
300,318,4.0,3.98
243,356,4.0,4.44
398,59387,5.0,3.21
339,90531,3.5,3.36
414,6542,3.5,2.68
470,300,4.0,3.88
160,2363,1.0,2.41
141,318,4.0,3.48
232,7153,4.0,2.97
414,5791,3.0,3.26
274,2328,4.5,3.96
307,33836,2.5,3.79
135,3996,5.0,3.42
109,223,3.0,2.48
603,2844,4.0,2.8
453,5225,4.0,3.84
275,2692,4.0,3.28
182,1270,3.0,4.15
6,145,4.0,3.85
480,1923,4.0,3.65
503,480,3.5,3.81
434,2699,2.5,3.74
275,2824,5.0,2.46
164,592,3.0,3.8
58,234,4.0,4.0
276,480,5.0,3.68
354,586,3.0,3.32
473,48385,3.5,4.06
45,2763,4.0,4.17
477,586,3.0,3.0
456,65,2.0,3.84
606,172,3.0,2.96
156,541,4.0,3.71
209,51255,4.5,4.36
178,2231,4.5,3.86
599,3186,3.0,3.41
475,88125,5.0,3.73
460,3615,3.0,3.29
139,53000,1.5,3.63
188,2918,5.0,3.94
307,2504,2.0,2.83
215,1291,3.5,3.82
274,65126,3.5,3.4
87,1345,3.5,3.43
279,1222,4.0,4.36
298,5992,2.5,3.18
64,39183,4.0,3.67
294,2518,2.0,2.85
325,223,3.0,4.08
109,514,3.0,3.92
219,31696,3.0,3.45
84,236,3.0,3.4
53,203,5.0,2.98
601,109487,5.0,3.84
83,4995,3.0,4.28
91,3704,3.5,4.23
51,3070,5.0,3.87
474,25750,4.0,3.9
186,1196,5.0,4.31
425,485,3.0,3.12
298,8907,0.5,2.87
414,45662,2.5,1.91
89,94503,4.5,3.68
332,4262,3.5,3.19
305,2985,5.0,3.66
414,2182,3.5,4.06
76,1208,4.0,4.76
177,3499,4.0,3.93
414,4638,3.0,3.01
607,3157,3.0,3.23
92,2664,3.5,3.06
41,6373,4.0,3.71
345,1127,3.5,3.82
313,2959,5.0,3.39
182,4234,3.0,4.03
534,88140,3.5,3.31
555,529,3.0,4.12
267,480,5.0,3.21
246,6350,4.5,3.6
610,784,5.0,3.09
474,2247,2.0,3.64
147,555,4.5,3.84
318,89753,4.0,4.01
380,73017,3.0,3.98
318,673,3.5,3.3
234,1370,3.0,3.05
587,2080,4.0,3.74
474,6104,4.0,3.03
57,382,2.0,3.25
606,7154,3.5,4.48
221,2469,4.5,2.69
599,3362,3.5,3.09
229,592,3.0,3.43
567,99764,5.0,2.69
163,1676,3.0,3.11
448,90866,4.0,3.14
133,588,3.0,3.23
414,1387,4.0,3.56
522,858,4.5,3.49
260,8607,3.0,3.23
169,661,4.0,3.82
489,367,1.5,2.82
424,30825,3.5,3.46
57,1498,2.0,2.18
322,4010,3.0,3.12
228,1590,4.5,2.95
325,4643,2.0,3.31
610,48780,4.0,3.73
63,3949,5.0,3.76
57,1385,2.0,3.23
18,8984,3.0,3.44
561,2143,3.5,3.74
480,4239,3.0,3.03
261,7361,5.0,4.26
239,1221,5.0,4.23
562,527,4.5,4.37
469,3635,3.0,3.25
275,5272,3.0,2.82
36,5956,2.0,2.82
363,708,3.5,2.53
567,86059,1.5,3.53
274,196,3.5,3.08
68,4015,2.0,4.06
209,2628,2.0,3.97
387,6378,3.0,4.18
361,377,3.0,3.87
437,86,3.0,2.64
175,7169,5.0,3.44
368,2688,3.0,3.33
2,99114,3.5,3.3
239,1672,4.5,3.57
103,48780,4.5,4.54
215,1089,3.0,2.95
551,77561,4.0,3.43
590,303,3.0,3.93
477,66934,5.0,4.32
332,1682,4.5,3.48
298,59315,3.5,4.2
524,913,3.0,3.73
6,304,4.0,2.87
413,3624,5.0,3.09
177,93006,4.0,4.08
156,1079,4.0,3.48
119,6934,4.5,3.9
405,4878,4.0,4.29
599,3668,3.0,3.39
431,466,2.0,3.15
71,733,3.0,3.64
288,2903,3.0,2.79
21,902,3.0,4.21
121,300,3.0,3.86
517,30749,0.5,3.65
249,55269,4.0,3.47
4,4033,4.0,3.75
518,6323,4.5,3.33
517,919,4.5,3.97
448,157172,0.5,2.54
387,1097,3.5,3.13
74,48774,4.0,4.2
414,64983,3.0,3.78
599,179817,3.0,2.93
608,163,3.0,3.19
585,441,3.5,4.03
109,14,4.0,3.88
170,594,3.0,4.17
277,719,4.0,3.28
599,26195,3.0,3.26
414,37727,4.0,3.61
528,81834,1.5,4.01
325,5139,3.0,2.96
552,3361,3.0,3.67
64,1183,4.0,4.19
448,3072,3.0,3.8
16,849,4.0,3.67
64,3253,4.5,4.09
281,362,2.0,4.26
288,2116,3.0,2.94
50,63312,2.0,3.68
219,4388,0.5,2.76
131,5959,2.5,3.44
336,2001,3.5,2.99
288,1270,5.0,3.74
341,480,2.0,3.72
265,1678,3.0,3.98
4,1077,5.0,3.91
305,4439,3.5,3.27
448,59615,2.0,2.99
381,66097,5.0,4.04
181,370,3.0,2.65
414,3823,4.0,2.1
489,6377,4.0,3.7
102,47,5.0,3.48
1,423,3.0,3.14
274,54503,3.5,3.98
517,2396,1.5,4.19
445,4995,4.0,4.48
590,153,2.5,3.63
226,1193,4.0,4.08
288,2142,3.0,2.73
212,54286,3.0,4.13
610,77364,2.5,3.56
219,317,3.0,3.61
113,1564,5.0,3.41
610,6874,4.5,3.26
51,5339,3.5,3.49
599,114627,3.0,3.08
159,4308,2.5,3.83
448,47640,2.5,3.61
294,1135,4.0,3.67
563,59258,2.0,4.02
268,1206,3.0,3.65
477,2036,3.5,3.07
10,5952,4.0,4.15
531,1961,5.0,3.9
391,1094,4.0,2.92
288,2095,3.5,3.04
610,105504,3.0,3.38
600,8533,3.0,2.58
474,4970,4.0,3.98
249,3744,3.0,3.51
356,4878,5.0,4.0
177,1265,4.0,3.98
48,2571,5.0,4.04
125,52973,4.5,3.5
184,159817,5.0,3.92
132,5956,1.5,3.52
125,1732,4.5,4.3
414,59615,2.5,2.94
45,3052,4.0,3.46
606,11,2.5,3.53
219,8807,4.0,2.31
596,91529,3.5,3.84
111,65230,2.5,3.39
274,33834,3.5,3.18
177,3408,4.0,3.91
42,3033,4.0,3.39
284,237,5.0,3.51
525,61240,4.0,4.28
448,4159,2.0,2.36
393,45722,5.0,3.83
58,300,5.0,3.49
507,349,3.0,2.78
607,3440,3.0,2.05
68,4638,2.0,3.0
12,2572,5.0,3.51
414,1680,3.0,3.83
194,7143,4.5,3.43
93,2424,4.0,3.55
479,2891,5.0,3.29
414,47610,3.5,3.79
567,180985,1.0,3.19
555,2000,5.0,2.96
234,2953,1.0,3.95
520,4526,4.0,3.42
270,708,3.0,3.14
91,5378,4.0,3.98
28,54736,2.5,3.89
33,2080,4.0,3.18
412,2542,4.0,3.11
122,91535,4.0,4.05
387,4065,2.5,2.94
576,1188,1.0,4.18
105,112556,4.0,4.2
182,6796,3.0,3.29
378,318,4.5,3.82
391,5026,3.0,3.56
305,33493,3.5,2.46
606,8966,3.5,3.48
340,457,5.0,3.79
477,40815,3.5,4.21
608,2600,4.5,3.36
233,1059,3.5,3.59
579,2496,4.0,3.17
361,5106,1.5,3.47
279,175303,5.0,3.36
313,3386,3.0,2.2
70,3468,5.0,3.27
89,4014,1.5,2.97
284,432,3.0,2.84
414,349,3.0,2.93
438,1302,4.0,3.88
552,1704,4.0,4.33
414,2375,3.0,2.74
93,260,5.0,4.56
62,1653,5.0,3.79
205,104913,3.0,4.27
284,420,3.0,2.92
330,2140,3.5,3.07
305,163645,4.0,4.09
140,707,3.0,3.3
599,3489,3.0,3.01
266,1617,4.0,2.91
312,527,5.0,3.86
40,21,4.0,3.35
42,2671,4.0,2.44
108,480,4.0,3.15
249,3271,4.0,3.3
187,6062,4.0,3.41
380,899,3.0,3.37
202,3214,2.0,3.77
202,3505,5.0,4.31
50,5669,2.5,3.24
38,376,4.0,2.95
249,49651,3.5,2.74
221,5954,4.5,3.93
264,1210,3.5,4.1
182,3827,2.5,3.21
469,112,3.0,4.39
105,64993,4.5,3.88
39,1200,5.0,3.97
448,4104,1.0,3.84
448,69122,3.0,3.64
509,6156,3.0,2.09
387,175,4.0,2.83
345,7121,5.0,3.78
414,34536,4.0,2.96
382,4638,3.5,3.26
294,3552,5.0,3.29
334,27773,3.0,3.76
211,54286,4.0,4.13
288,1603,2.0,3.54
84,11,4.0,3.01
216,3555,3.0,3.83
226,1206,4.0,3.56
437,1488,3.0,3.15
436,8,3.0,3.83
42,2169,2.0,3.37
42,2581,3.0,3.99
420,2819,4.0,2.43
385,1079,4.0,3.76
474,3928,3.5,3.11
396,1747,3.0,3.87
28,8665,3.5,3.9
381,1722,3.5,3.62
244,541,4.0,3.77
224,2150,5.0,3.58
197,2167,2.0,3.23
63,1704,3.5,4.26
532,3147,5.0,4.18
474,4881,4.0,4.19
256,68791,3.0,3.04
167,69,2.5,3.86
605,74530,3.0,2.6
395,1025,3.0,3.38
186,2115,4.0,3.88
448,2383,2.0,2.62
144,47,4.5,4.14
119,102481,4.0,4.04
534,108932,4.0,2.93
590,1544,3.0,3.25
514,4533,3.0,3.14
495,99007,4.5,3.52
559,405,2.0,2.92
23,3181,3.5,2.45
610,114670,3.5,3.17
387,6807,4.0,2.8
68,176371,3.5,3.93
18,56757,4.0,3.49
489,47,3.0,3.57
68,4124,2.0,3.54
469,3072,4.0,3.86
220,2985,4.0,3.73
219,2858,5.0,4.26
288,1673,2.0,3.17
51,59615,5.0,2.58
427,5065,3.5,3.29
74,2908,5.0,2.92
313,4370,3.0,2.92
64,708,4.5,3.11
182,4247,2.5,4.05
103,34437,4.0,4.06
111,1895,4.0,3.62
156,1263,4.0,3.41
249,2720,2.5,3.36
254,836,3.5,3.32
480,8866,3.0,3.83
274,4370,3.0,3.06
215,2145,4.0,3.07
89,73106,1.5,2.91
202,1292,3.0,3.76
599,41627,3.5,2.71
122,55765,5.0,3.77
387,6530,4.0,3.45
574,185,2.0,2.99
517,914,4.5,3.53
421,2858,5.0,3.57
182,2391,4.5,3.1
385,610,3.0,3.5
380,90603,5.0,3.53
64,5816,3.5,4.3
219,39292,3.5,3.62
417,6874,5.0,3.81
45,88,4.0,3.67
438,1608,3.5,3.68
298,2918,3.0,3.52
64,6,4.5,3.7
428,3000,2.5,3.97
484,1644,3.0,2.95
43,23,5.0,3.82
57,1747,4.0,3.68
14,32,4.0,3.72
304,165,4.0,3.19
607,858,4.0,4.42
604,208,3.0,3.49
451,94,4.0,3.61
599,73,3.0,2.38
305,96610,2.5,3.4
253,66097,4.5,4.01
221,4681,4.0,2.55
560,54286,4.0,3.95
405,293,4.0,3.69
204,1653,5.0,3.8
414,68205,3.5,4.36
486,44,4.0,3.51
312,2011,4.0,2.29
19,2985,3.0,4.3
367,3784,5.0,3.63
333,1272,3.0,4.0
577,1931,4.0,4.62
590,7367,2.5,2.34
599,135456,3.5,1.99
182,5530,3.5,3.26
425,4306,4.0,3.31
391,1429,3.0,2.84
362,5784,4.0,3.16
483,3269,2.5,3.31
414,8869,2.5,3.33
425,1589,3.5,2.89
339,105504,4.5,4.31
382,2990,4.0,3.92
126,380,5.0,3.54
217,471,2.0,3.03
599,5816,3.0,3.59
469,1476,2.0,2.63
325,22,3.0,3.06
288,6012,3.0,3.27
448,131480,2.0,2.94
477,2294,4.0,3.65
226,1230,4.0,3.73
51,6323,4.5,3.58
562,99007,4.0,3.38
305,90405,3.0,3.65
313,2021,4.0,3.91
305,112852,4.5,3.59
226,4571,5.0,3.96
414,175569,4.0,2.99
462,96488,4.0,2.69
527,1035,5.0,4.11
3,7899,4.5,3.8
339,72011,4.5,3.75
448,5541,4.0,3.32
294,3506,2.0,2.87
520,7147,4.0,3.68
279,148626,3.5,4.2
210,89745,4.5,4.09
226,1247,4.0,4.0
266,223,4.0,3.22
419,778,5.0,4.58
91,1,4.0,3.34
53,748,5.0,3.7
249,90249,3.5,3.12
63,92535,5.0,4.26
438,1777,2.0,2.93
527,1287,4.0,4.0
420,54881,4.0,4.12
298,112552,3.5,4.35
60,58559,5.0,4.24
477,2115,4.0,3.69
474,3578,3.0,4.34
45,2105,3.0,3.39
82,6566,1.5,3.78
305,63992,3.0,2.76
561,111364,4.0,2.69
182,5218,3.5,3.58
430,1680,5.0,3.39
483,2762,3.5,3.71
68,6333,4.5,3.84
448,58803,4.0,3.37
202,920,4.0,4.48
414,6538,4.0,3.2
19,1500,2.0,2.54
117,193,2.0,3.18
68,2840,3.5,3.2
195,150,4.0,3.83
414,6337,4.0,3.44
610,117867,4.0,2.54
603,3418,4.0,3.83
525,5299,2.0,2.9
414,1704,5.0,4.14
17,592,4.5,4.42
372,1033,2.0,3.54
428,2723,3.5,3.4
198,780,2.0,3.46
331,3623,2.0,3.17
346,357,4.5,3.94
509,96110,3.0,3.31
181,382,3.0,2.64
282,6377,5.0,3.86
381,1917,3.0,3.2
552,6503,2.0,4.18
563,1270,3.5,4.19
155,2880,3.0,3.91
536,232,2.0,3.66
605,533,4.0,3.03
453,1873,3.0,3.58
318,2797,3.5,2.04
480,39414,3.5,2.29
380,54001,5.0,3.23
599,161032,2.5,2.41
312,5451,4.0,2.89
125,7361,4.5,4.12
371,1676,4.0,3.36
140,3198,4.0,3.79
456,64,3.0,3.86
274,4700,2.5,3.12
527,2135,4.0,3.82
232,8985,3.0,3.09
305,105355,2.5,3.26
462,1252,5.0,3.94
22,37733,2.5,3.34
104,858,1.5,4.23
153,4896,3.0,3.78
73,8961,4.0,3.41
489,1263,4.5,3.89
28,6884,3.5,3.07
68,1884,2.5,2.58
298,139642,2.0,3.09
596,3624,3.5,2.8
556,48394,4.0,3.37
274,2548,2.0,3.4
82,6006,3.0,4.16
298,91542,3.0,3.47
484,1753,5.0,3.66
448,91628,2.0,3.47
274,52435,3.5,3.12
448,1955,3.0,4.11
119,88163,4.0,3.85
484,594,5.0,4.18
610,61240,5.0,3.07
489,55269,2.5,3.63
339,56174,4.5,3.5
414,2028,5.0,3.64
89,3061,2.0,3.89
111,72998,2.0,3.93
195,5010,3.0,3.9
47,6765,3.0,3.41
119,47099,4.0,4.31
169,1136,5.0,4.44
288,48414,3.0,3.65
564,39,3.5,3.3
178,593,4.5,3.88
33,2087,3.0,3.17
40,82,5.0,4.03
573,69122,4.5,3.4
447,520,3.0,2.66
156,4734,3.0,3.36
387,54190,3.0,4.24
177,98154,4.5,3.83
372,1213,5.0,4.77
414,991,4.0,2.81
144,784,1.5,2.93
483,2394,4.5,3.94
590,3868,3.0,2.99
448,55995,2.0,3.76
226,6711,4.5,3.84
514,1330,2.0,3.1
45,2716,4.0,3.6
356,2918,5.0,3.91
298,784,1.5,2.59
603,648,2.0,2.95
452,4643,5.0,2.52
414,4215,2.0,3.38
603,2577,3.0,3.22
249,67734,2.5,3.04
144,4979,3.5,2.73
414,4345,3.0,3.25
599,1200,5.0,3.5
132,5620,2.0,3.85
226,5584,3.5,2.86
474,1374,4.0,3.6
177,1953,2.5,3.97
28,736,2.5,3.37
105,3275,4.5,3.53
414,635,3.0,3.45
219,33166,3.5,3.66
458,440,4.0,3.07
480,8376,4.0,4.04
387,6552,3.5,3.47
323,1320,3.0,3.7
10,33679,3.0,3.57
79,589,5.0,3.0
1,2492,4.0,4.27
432,84189,3.5,3.74
160,6538,3.0,3.4
132,5673,2.0,3.25
21,4718,4.5,3.54
477,2010,3.5,3.61
477,4571,4.0,3.03
249,129354,4.5,2.44
414,69406,1.5,3.29
381,1911,2.5,3.78
408,520,4.5,2.71
202,1395,3.0,3.25
19,880,2.0,2.24
210,51562,4.0,3.51
63,58559,5.0,4.28
474,25999,3.5,3.42
234,1566,5.0,2.81
100,5299,3.5,3.42
610,71745,4.0,2.9
232,43919,0.5,2.48
89,2997,3.0,3.11
527,4299,4.0,3.5
50,26422,3.0,3.9
282,134130,4.0,3.57
156,3100,3.0,4.28
82,1544,3.5,2.93
571,2513,5.0,3.09
154,86644,0.5,3.65
509,86332,3.5,3.51
180,1261,4.0,3.74
430,2699,3.0,3.61
411,327,1.0,3.22
301,8949,3.5,2.73
167,4333,3.0,2.61
352,41566,3.0,2.71
166,520,3.5,4.06
312,3024,3.0,3.53
336,1267,3.5,4.2
313,2366,2.0,3.17
188,1537,4.0,3.46
490,53125,2.0,3.21
292,1907,3.5,2.76
210,122916,4.5,4.13
590,1092,2.5,3.5
483,45722,3.5,3.39
462,2396,0.5,3.2
328,122886,2.5,3.31
599,3499,2.5,2.99
525,91869,3.5,2.18
462,2367,2.5,2.49
225,2791,4.0,4.63
202,924,5.0,4.29
19,558,2.0,3.69
263,2266,3.0,2.79
434,3948,3.5,3.87
307,9005,2.0,3.27
343,7981,5.0,4.14
7,6534,0.5,3.81
559,745,5.0,3.2
57,2005,3.0,3.11
460,48780,4.5,4.4
232,37380,2.0,2.42
480,923,5.0,4.27
318,37741,4.5,3.14
534,31878,4.5,2.84
181,596,3.0,3.68
62,5254,3.0,3.45
202,371,4.0,3.05
174,160,3.0,3.49
573,7482,4.0,3.97
63,4306,2.5,2.65
219,4446,4.0,3.37
202,3251,4.0,3.93
468,208,3.0,3.26
608,2003,2.5,2.56
288,1219,5.0,4.01
590,586,3.0,3.69
182,1464,4.5,4.29
489,7155,1.0,3.17
264,150,4.0,3.74
414,902,4.0,4.54
105,5878,3.5,4.56
596,58559,4.0,4.1
599,26539,3.0,3.48
489,1784,4.5,3.61
456,1073,3.0,4.22
66,555,3.5,3.23
372,1204,5.0,3.91
21,2700,2.5,2.97
232,5501,3.5,2.86
487,4973,3.0,4.2
572,2406,3.0,3.75
52,96079,3.0,3.94
219,434,3.0,3.09
599,3210,3.0,2.64
367,4489,4.0,3.16
199,3618,3.0,3.54
125,2843,4.0,3.63
68,60126,3.5,3.52
543,73881,5.0,3.65
111,56805,2.5,3.94
373,236,3.0,3.55
19,3797,3.0,3.24
480,27660,1.5,3.64
403,62081,3.5,3.08
212,1220,4.0,3.48
181,485,3.0,3.67
275,4066,3.0,3.63
414,5988,3.0,3.97
96,3555,3.0,3.92
414,51575,2.5,3.61
474,6157,3.0,3.34
474,5308,2.0,2.15
477,1005,2.5,2.79
230,780,3.0,3.59
195,165,2.0,3.23
23,58,3.0,3.46
217,692,1.0,2.88
561,45431,2.0,3.09
274,2617,3.5,3.76
111,2329,3.5,3.83
200,2006,4.0,3.01
68,5152,4.0,3.61
561,68358,4.0,3.35
301,356,4.0,3.87
503,4641,4.0,2.85
89,4728,3.0,3.54
432,81591,5.0,3.49
555,196,3.0,3.0
305,3916,4.0,2.87
82,595,3.0,3.73
185,3598,3.0,3.51
474,4886,3.0,3.76
608,2117,4.5,3.55
84,1103,4.0,3.71
469,32,5.0,3.66
602,555,3.0,3.42
233,60069,4.0,3.51
206,838,5.0,2.96
89,69469,5.0,4.0
101,3578,4.0,3.89
600,3821,1.0,2.24
242,329,3.0,3.81
217,785,2.0,2.82
448,26386,3.5,3.78
552,3252,3.5,3.66
365,2858,1.0,3.26
42,509,4.0,3.55
387,1997,4.0,2.96
596,60040,3.0,3.11
301,1644,0.5,3.01
221,608,5.0,3.87
391,497,4.0,3.61
387,697,1.5,2.83
221,7215,4.5,3.99
409,1394,4.0,3.97
529,733,5.0,3.91
483,27370,4.5,3.84
380,1717,2.0,3.65
64,185,3.0,2.53
17,3147,4.5,2.96
607,589,4.0,3.46
304,2858,2.0,4.3
482,2068,0.5,3.75
419,27704,5.0,3.6
200,3082,4.0,3.49
575,2580,4.0,3.72
580,2355,3.5,4.41
212,85414,2.5,3.06
514,5704,2.0,3.09
605,68554,3.5,2.51
448,86293,2.0,2.99
309,4432,4.0,3.48
599,3915,2.0,3.08
265,2105,4.0,3.41
509,34162,2.0,3.22
603,2731,5.0,3.33
414,2087,5.0,3.32
448,111795,3.0,3.07
307,4040,3.5,4.04
298,45722,2.5,2.71
387,5809,4.0,3.46
590,1210,4.5,4.38
274,4351,3.5,3.87
552,1073,4.5,4.11
197,592,5.0,3.55
563,70183,3.5,3.75
105,4728,3.5,3.79
10,106782,1.0,3.63
474,55071,4.0,3.48
474,39869,4.0,3.0
561,77561,3.0,3.31
122,70599,4.0,3.72
271,1320,3.5,3.43
608,54503,4.5,4.12
140,164,3.0,3.45
354,3994,3.0,3.7
534,85179,4.5,3.06
528,67255,4.0,3.36
420,6934,3.5,3.83
586,457,4.5,4.14
603,2420,2.0,1.81
104,6539,3.0,3.79
379,500,3.0,3.55
587,3404,5.0,3.76
182,4734,1.5,2.71
307,788,2.0,2.83
51,1407,0.5,3.8
393,1291,5.0,3.99
596,2384,3.0,1.92
583,4016,4.0,3.8
305,3499,4.0,3.49
264,5952,4.5,3.83
221,7311,3.5,2.56
45,4896,4.0,4.02
382,53464,3.5,2.97
586,111781,4.5,2.77
448,88163,3.5,3.79
534,1721,4.5,3.36
450,2924,5.0,4.24
593,1086,3.5,4.25
380,2860,2.0,3.75
382,86644,3.5,3.94
486,292,4.0,4.47
202,3707,3.0,3.41
232,919,4.0,3.56
555,372,4.0,2.75
6,637,4.0,3.26
367,4153,3.0,3.3
59,1580,3.0,3.23
220,1722,3.5,2.97
510,4993,2.5,4.11
543,4388,5.0,4.07
253,5902,5.0,3.92
325,4294,3.0,3.43
380,5690,4.0,2.76
64,4973,5.0,3.41
477,4641,4.0,3.0
380,105585,3.0,4.24
356,543,5.0,4.0
368,2535,3.0,2.54
352,66097,3.0,4.15
219,55020,4.5,3.64
140,6448,4.0,4.07
294,420,2.0,2.89
575,2506,4.0,2.98
105,3997,3.0,3.75
523,7361,5.0,3.87
474,4296,2.0,2.74
542,1206,4.0,4.4
525,110102,4.0,3.83
477,3552,5.0,3.62
177,3753,3.5,3.5
45,4022,5.0,3.92
216,2349,2.0,3.33
610,138210,3.5,3.77
51,1997,5.0,3.98
125,86721,5.0,3.96
247,4226,4.5,4.76
422,762,2.0,2.37
64,350,3.5,3.53
334,30850,3.5,2.66
52,73017,5.0,3.87
166,6157,2.5,3.33
318,45728,4.0,3.23
50,296,4.0,3.83
605,8373,2.0,3.3
195,161,4.0,2.93
249,149352,3.5,2.32
414,173209,4.0,3.64
599,79274,2.5,2.37
474,2194,4.0,3.66
448,4229,3.0,3.46
172,3793,3.5,4.28
462,72011,4.5,3.89
278,2144,3.5,3.9
247,1198,4.0,4.39
599,728,2.5,2.87
223,8360,4.0,3.36
57,736,2.0,3.81
610,2951,4.5,3.05
414,127108,5.0,2.81
111,179427,4.0,3.45
606,82,4.0,3.24
249,90531,4.5,3.26
534,70336,3.0,3.38
17,3949,4.5,3.5
520,49272,3.0,2.62
294,2268,3.0,3.38
239,1101,3.5,2.59
357,1358,2.5,4.24
106,69844,5.0,3.48
610,122884,3.0,4.14
448,2083,4.0,3.54
226,3450,4.0,2.88
50,1201,4.0,4.1
606,2001,0.5,2.55
603,2932,4.0,3.98
474,6852,3.5,3.23
599,1673,4.0,3.24
599,210,2.0,2.63
602,475,5.0,3.14
398,910,5.0,4.92
522,356,3.5,3.92
313,3081,4.0,3.04
381,1028,4.5,3.5
414,4815,3.0,2.32
352,1625,4.5,3.99
45,3270,1.0,2.86
195,3753,3.0,3.95
328,1997,2.0,2.75
356,35836,5.0,3.96
603,1721,3.0,3.78
100,1035,4.0,3.89
561,7310,3.5,3.07
474,342,3.5,2.8
586,54286,4.5,2.85
448,110553,2.5,2.7
304,2322,4.0,3.0
177,69122,4.0,3.61
327,4388,5.0,3.78
603,1228,5.0,3.98
234,126,2.0,3.83
298,1240,4.0,2.37
590,6565,3.5,2.39
580,924,3.5,2.28
105,85316,3.5,4.49
290,1208,5.0,4.13
68,3978,3.0,2.77
45,2302,3.0,3.9
41,57669,4.5,3.96
608,2126,4.0,3.53
470,788,3.0,3.16
509,6350,3.5,3.29
599,1719,3.5,3.46
370,592,4.0,3.66
135,3102,3.0,3.9
28,851,2.0,3.66
555,4080,3.0,3.47
280,4649,4.0,3.39
260,2010,4.0,3.7
317,1219,5.0,3.81
68,59725,2.5,3.32
68,46965,3.5,3.67
156,2396,4.0,1.79
274,8957,3.5,3.28
517,147378,1.0,2.99
247,7361,4.0,4.22
140,7155,3.0,4.17
474,7064,4.0,3.79
182,249,4.0,3.35
448,26409,1.0,3.59
435,34405,4.0,4.19
66,4041,4.5,3.32
356,2146,4.5,3.89
202,1394,4.0,3.22
356,8917,3.5,3.48
380,4085,4.0,3.58
414,166528,4.0,4.1
414,3794,3.0,3.63
352,3273,3.0,3.67
599,2292,2.5,3.63
68,112183,1.5,3.28
610,5617,4.0,3.92
414,139644,4.5,3.24
160,227,2.0,3.53
599,2140,3.0,3.59
186,788,4.0,2.57
599,2321,3.5,3.42
608,7324,4.0,3.35
41,5418,2.0,4.26
608,3257,2.5,2.78
106,40815,5.0,3.9
68,103249,3.5,3.82
105,58554,2.0,4.38
10,86548,3.0,3.9
307,2114,3.0,3.09
483,480,4.0,3.95
221,3671,4.5,4.12
599,627,2.5,2.87
387,923,4.5,4.06
327,8641,5.0,3.58
545,63540,2.0,3.26
288,3998,3.0,3.62
582,44191,3.5,3.63
452,1584,5.0,3.53
117,736,2.0,3.02
294,3667,1.0,3.58
318,2291,4.0,3.52
105,152081,4.5,3.78
304,135,4.0,3.51
91,1645,3.0,3.97
42,3448,5.0,2.71
414,32587,4.0,3.79
122,260,5.0,3.93
74,55363,4.0,3.58
328,1732,3.5,3.64
600,1246,2.5,3.82
64,27773,5.0,3.06
361,49272,4.0,3.32
174,333,4.0,3.76
200,45517,3.0,3.49
201,1097,5.0,3.4
296,31364,5.0,3.79
313,1274,5.0,3.98
500,471,1.0,3.81
18,593,4.5,4.38
606,6440,4.0,3.75
411,292,3.0,4.0
372,335,4.0,3.25
434,6365,2.0,3.7
73,35836,2.5,4.07
382,33836,2.0,3.84
432,35836,4.0,3.83
82,1573,4.0,3.28
414,5046,3.0,3.66
19,1373,1.0,4.21
221,2997,4.5,4.0
414,122904,4.0,4.03
62,45447,3.5,3.47
414,542,2.0,3.25
236,1387,5.0,2.4
564,4246,3.5,2.78
328,8360,3.0,2.94
453,3148,4.0,3.88
432,81562,3.5,3.15
339,1077,4.5,4.29
323,348,3.5,3.44
368,587,3.0,3.75
68,3635,4.0,2.89
203,40815,3.5,3.45
132,4993,4.5,4.03
139,6539,3.0,3.23
68,68554,3.0,3.78
19,1970,3.0,3.03
600,2340,3.5,3.28
294,153,3.0,2.96
232,6006,3.0,3.31
202,356,5.0,3.92
268,2178,4.0,3.49
68,3275,3.5,2.96
599,51931,3.0,3.45
249,64969,4.0,3.92
474,1959,4.0,3.87
602,11,3.0,3.05
50,176371,3.0,3.92
174,32,3.0,4.19
119,5810,3.0,3.87
88,26974,3.0,3.56
68,4720,3.0,3.52
477,5952,4.0,4.24
243,353,5.0,3.99
597,2423,2.0,2.87
352,1080,5.0,4.39
6,316,5.0,3.78
318,142456,3.5,3.97
597,2717,3.0,3.71
288,3060,4.0,3.01
217,1230,2.0,4.45
125,60072,4.0,3.85
368,303,1.0,4.69
43,271,5.0,3.7
83,7669,4.0,3.03
153,30707,2.5,4.4
153,177615,3.0,4.54
540,1196,5.0,4.62
328,1288,3.0,3.83
380,5171,3.0,3.39
356,1206,4.0,4.16
66,181,2.0,2.82
166,5418,4.5,3.62
474,3475,4.0,3.6
606,1293,4.0,3.69
141,2355,4.0,3.28
103,69844,1.5,3.53
610,128360,4.5,3.6
414,3788,3.5,3.81
116,5349,3.5,3.8
95,1196,5.0,4.92
288,2391,4.0,2.99
514,122926,4.0,4.1
318,79057,2.5,3.59
351,84152,3.5,3.88
256,112623,4.0,3.82
169,3,5.0,4.16
566,25,2.0,3.72
41,2268,2.5,3.99
326,89492,1.0,3.53
226,8464,3.5,3.82
274,2431,3.0,3.23
139,4865,1.5,3.6
328,2090,3.0,3.22
514,1079,4.0,3.34
176,485,3.0,4.15
372,1302,3.0,3.39
608,1396,4.0,3.9
594,2808,5.0,3.49
224,1554,1.0,2.21
282,1073,4.0,3.83
547,1394,5.0,4.11
602,22,3.0,3.36
610,82641,3.0,2.73
79,2406,4.0,3.46
602,508,3.0,3.83
603,163,5.0,4.06
42,4482,5.0,2.95
143,6619,5.0,3.77
359,480,4.0,3.58
317,3147,4.0,3.99
286,2959,5.0,3.63
153,4979,3.0,4.47
603,2174,4.0,3.45
603,4433,5.0,4.07
560,6218,3.5,3.35
274,67087,3.0,3.85
307,5524,2.5,1.11
249,74789,2.5,3.25
368,1590,2.0,2.54
135,4467,4.0,3.42
603,1358,4.0,3.4
235,39,3.0,3.71
566,151,4.0,3.1
64,2115,3.0,3.52
16,1196,3.0,4.27
139,3753,4.0,3.34
492,842,5.0,3.45
606,2313,4.0,3.56
427,5107,3.0,2.58
88,79132,4.5,3.98
307,3752,2.5,3.01
352,68791,3.5,3.18
95,162,5.0,3.74
582,5618,3.5,4.03
82,2380,3.0,2.21
42,2861,4.0,4.56
290,1345,3.0,3.06
273,586,1.0,3.5
610,7482,4.5,3.91
353,266,3.0,3.49
33,230,3.0,3.6
304,1183,3.0,3.78
16,296,3.0,3.9
603,2431,1.0,3.08
562,3578,3.5,2.99
66,7482,4.5,3.85
164,1036,5.0,3.6
305,88405,3.5,2.46
307,6548,3.0,1.55
267,3996,5.0,2.85
357,2291,4.0,4.01
144,1246,3.0,3.73
105,2329,4.0,3.99
282,1968,4.0,3.62
596,1372,3.5,3.67
241,7371,5.0,3.82
600,2797,4.0,2.12
89,128087,5.0,4.3
111,64839,4.0,3.45
148,4993,3.0,3.91
429,315,4.0,3.28
448,46974,2.0,3.33
357,1513,3.5,2.84
7,589,2.5,3.98
139,95510,2.5,1.89
377,33681,2.5,3.18
474,1006,3.5,2.72
292,81847,3.0,3.68
351,55577,3.5,2.97
226,840,3.0,2.75
187,7371,4.0,4.12
52,86892,5.0,3.38
68,54881,5.0,3.35
610,79592,3.0,2.97
488,5995,4.5,4.09
381,5630,2.0,3.82
202,523,3.0,3.68
525,8643,3.0,3.79
552,2501,3.5,3.53
59,647,4.0,4.28
534,6874,4.5,3.6
469,1876,4.0,3.4
174,300,2.0,3.22
561,3753,4.5,3.41
412,1276,5.0,4.57
606,18,4.0,2.93
249,1209,4.5,4.03
184,119145,5.0,4.16
57,3175,4.0,3.31
599,3440,2.5,3.27
599,6348,2.5,3.97
600,2907,3.0,4.15
51,33615,3.5,3.55
414,72378,2.0,3.54
484,261,4.0,4.11
577,1288,3.0,4.56
444,350,3.0,3.74
437,1242,5.0,3.91
298,109374,3.5,3.93
73,59258,4.5,3.29
489,5377,4.0,2.7
372,527,5.0,4.08
424,27020,3.5,3.42
15,2916,4.5,3.47
380,110501,4.0,3.17
221,913,4.5,4.5
414,4909,2.0,3.27
610,133802,4.0,3.44
16,2723,3.5,2.1
198,2571,5.0,3.91
104,6593,4.0,3.33
198,364,4.0,3.78
573,3578,3.5,4.26
89,143559,5.0,4.09
105,101962,4.0,3.15
274,58803,2.0,3.55
232,41769,2.5,3.9
346,1333,3.5,3.48
332,6365,3.0,3.28
298,81932,3.0,3.49
414,39444,3.5,3.23
524,1270,5.0,4.34
181,445,3.0,3.44
105,98491,4.0,4.56
528,91658,4.0,3.4
63,47,4.0,3.91
462,83827,5.0,3.44
391,3702,4.0,3.65
41,3160,4.0,3.7
97,2571,5.0,4.35
608,8464,3.5,3.41
198,3686,3.0,3.39
512,380,3.0,3.89
140,5945,3.0,3.4
606,1059,4.5,3.56
160,1270,5.0,3.54
200,5481,3.5,3.2
120,1210,5.0,4.85
376,1097,3.5,3.64
603,910,4.0,4.44
414,171765,4.0,3.95
434,5952,5.0,3.65
381,3254,3.0,3.38
448,8376,3.0,3.39
466,45722,4.5,3.73
84,350,4.0,4.3
351,90353,4.0,3.44
292,4321,3.0,3.87
534,87869,3.0,3.23
84,1388,3.0,2.7
99,165,5.0,3.89
182,3809,3.5,2.46
409,2109,5.0,3.78
223,2716,3.5,4.04
534,2080,3.5,3.74
291,118696,4.0,3.44
39,1617,2.0,3.23
89,69644,4.0,2.28
132,7323,3.0,2.6
538,158,4.5,3.6
57,1468,1.0,3.66
198,260,5.0,4.32
177,7222,2.5,3.38
415,86345,4.5,3.59
64,4489,4.5,3.55
63,3752,2.0,3.26
414,1840,4.0,2.85
438,5809,2.5,3.09
525,1033,3.0,3.67
177,355,2.0,4.59
462,81932,4.5,3.82
28,4251,2.0,3.93
600,39444,1.0,3.09
199,1055,1.0,3.92
305,296,5.0,4.5
332,608,4.0,4.08
438,3916,4.0,3.26
453,2671,4.0,4.14
298,71264,3.0,3.16
212,107314,3.5,3.81
295,858,4.5,4.36
64,3396,4.0,3.56
347,317,4.0,3.89
232,597,3.5,3.15
480,6764,1.5,3.42
27,736,3.0,3.26
599,8157,2.5,3.84
274,368,3.5,4.39
89,49013,3.5,3.41
362,2023,4.0,3.77
143,3526,3.0,3.37
460,2762,4.5,4.68
413,3916,5.0,3.35
606,6800,1.5,3.03
318,1260,4.0,3.9
425,1393,3.0,3.58
474,8955,3.0,3.97
24,4995,3.5,3.35
199,913,4.5,4.43
567,2731,3.5,2.72
339,68358,4.0,3.63
160,587,3.0,3.87
128,942,4.0,4.69
232,62155,4.0,3.16
423,4995,3.5,3.89
608,2002,3.0,3.04
109,52,3.0,4.41
500,2539,4.0,4.03
59,1210,3.0,4.6
599,5221,3.0,3.18
286,4226,4.5,3.86
217,2353,4.0,3.36
414,26704,4.0,3.57
597,2116,4.0,3.1
122,112852,4.0,4.01
596,5991,3.5,3.03
608,2918,4.0,3.33
10,136020,5.0,2.83
380,83134,5.0,3.25
539,4306,5.0,4.02
517,1997,1.0,2.68
610,158238,5.0,3.4
274,4247,3.0,3.12
262,296,3.0,3.84
191,224,4.0,4.29
19,1240,4.0,3.89
274,328,4.5,4.2
604,435,4.0,2.69
91,1276,3.0,3.59
28,52241,2.0,3.2
573,60040,4.0,2.59
57,442,2.0,3.22
599,139859,2.5,2.76
477,72224,3.5,3.69
103,4002,4.5,4.0
480,3618,5.0,2.84
483,920,1.5,3.72
167,1080,3.5,4.32
137,30749,4.0,3.72
387,2717,3.0,3.0
512,454,4.0,3.65
417,356,4.0,3.75
28,6502,3.0,3.96
498,380,3.0,3.43
160,1385,1.0,2.25
50,27773,3.0,2.86
555,3698,5.0,3.22
298,4247,3.0,2.59
509,91542,3.5,3.78
182,1827,2.5,3.46
504,6565,4.5,2.68
597,1290,3.0,4.35
600,7153,5.0,4.05
571,1976,3.0,2.68
600,1923,3.0,3.56
326,2571,3.5,3.4
64,736,3.5,3.67
298,7460,3.5,2.11
387,4211,4.0,3.94
365,4995,4.0,3.76
599,458,2.0,2.78
68,350,3.5,2.94
434,33794,4.5,3.66
82,6537,4.5,3.64
477,61323,4.5,3.6
305,88140,3.0,3.35
489,8874,4.5,3.69
341,4447,4.0,3.11
380,3793,5.0,3.45
607,448,4.0,3.6
68,45950,3.5,3.27
424,2571,2.0,3.49
387,2206,3.5,3.86
156,3114,3.5,3.29
181,371,4.0,2.62
105,8957,4.0,3.52
374,1350,5.0,2.69
464,1835,4.0,3.77
288,27618,2.0,3.59
449,50,4.5,4.11
249,608,4.5,4.56
352,3355,4.0,3.68
274,4022,3.0,3.32
6,210,4.0,3.34
314,357,4.0,4.1
44,833,2.0,3.72
68,2993,4.0,3.39
182,8581,4.5,3.8
186,2710,3.0,3.66
210,589,4.0,4.16
414,104374,4.0,3.73
489,1967,3.5,3.97
33,1641,5.0,3.38
70,1270,4.0,3.5
603,3007,3.0,3.42
571,1334,2.0,2.92
372,1227,3.0,3.52
509,8861,2.0,3.3
395,377,3.0,3.03
404,539,4.0,3.62
274,60684,4.0,4.16
425,1573,3.0,2.6
98,1207,4.0,4.73
28,34405,4.5,3.67
263,7153,4.5,4.0
474,6936,4.0,3.45
599,27773,4.0,2.9
480,480,5.0,3.74
586,8368,5.0,4.2
399,8961,3.5,3.61
1,2048,5.0,4.17
492,1499,5.0,2.6
422,2841,3.0,3.13
256,71535,4.5,3.8
274,3082,3.0,3.97
414,5324,2.0,3.5
109,165,3.0,3.06
10,8969,3.5,1.99
70,7361,4.5,4.3
387,931,4.0,4.33
560,30707,3.0,3.2
497,1704,3.0,3.99
83,1960,3.5,4.13
249,82854,2.5,1.68
599,2797,3.5,2.48
265,531,3.0,3.97
232,783,2.0,3.04
294,1049,3.0,3.52
182,6881,4.0,3.3
476,377,3.0,3.16
132,2567,2.0,4.06
561,59784,3.5,3.45
19,2450,2.0,2.26
534,94777,3.5,3.16
414,34072,4.0,3.39
431,435,0.5,3.21
118,858,5.0,3.36
368,2194,3.0,3.31
448,104211,2.5,3.22
210,485,3.5,3.0
292,4386,3.0,3.33
99,380,5.0,3.36
263,593,5.0,3.61
325,3698,2.0,3.18
345,27751,5.0,3.69
256,117887,4.0,3.2
246,6942,5.0,3.95
382,4896,4.5,3.4
565,588,3.0,3.67
177,31685,2.5,3.57
393,3996,3.5,3.46
608,364,3.5,3.33
354,5459,3.0,3.76
596,1644,2.5,2.71
202,2001,4.0,3.04
561,8798,3.0,3.67
294,539,3.0,2.88
470,736,4.0,3.2
177,1499,2.0,3.34
474,6291,4.0,3.58
24,2916,3.5,3.3
7,8636,4.5,3.17
477,32029,3.0,2.92
603,417,3.0,2.34
68,2470,3.5,3.37
487,94959,2.5,3.62
525,93721,4.5,2.71
380,152173,4.0,3.88
109,366,3.0,3.14
606,1124,3.5,2.74
483,2593,3.0,3.63
555,743,1.0,3.01
567,113705,3.5,3.54
249,70336,3.0,3.0
601,1262,4.5,4.11
226,2081,2.5,3.22
198,1089,5.0,3.96
255,588,2.0,3.78
227,134130,4.5,4.1
226,500,3.5,3.28
559,494,3.0,3.01
288,2788,4.0,2.88
414,2294,4.0,3.61
305,75813,3.5,2.75
511,99114,4.0,4.22
233,4866,1.0,3.51
414,4267,3.0,3.46
424,107348,3.0,3.58
590,2115,3.5,3.9
14,7,3.0,3.48
380,837,4.0,2.87
282,139385,4.5,4.28
57,2770,4.0,3.98
57,1226,4.0,4.5
78,2716,4.5,2.35
82,7325,4.0,3.45
606,6890,4.0,2.98
239,2706,4.0,3.44
471,8874,3.5,3.93
350,788,3.0,3.96
232,30894,2.0,2.23
83,480,3.0,3.75
160,1627,5.0,2.95
414,6093,4.5,3.41
472,1193,4.5,4.33
1,2797,4.0,3.33
448,5952,4.0,3.45
428,3328,2.0,3.45
599,5508,3.0,3.1
307,44004,2.0,3.67
111,87529,5.0,2.86
305,7439,5.0,3.7
580,337,4.0,3.61
606,6573,4.0,2.7
50,103335,1.5,3.63
288,2134,3.0,2.95
196,1527,3.0,2.75
247,3578,4.0,3.97
438,2194,4.5,3.99
414,4595,3.5,3.02
307,203,2.5,2.62
307,45501,2.5,2.9
181,293,3.0,3.99
367,2108,2.0,2.91
304,1377,2.0,4.16
396,293,5.0,4.53
411,1,5.0,3.2
139,3827,3.5,2.64
139,106489,4.0,4.09
356,203,3.5,3.22
50,2019,4.0,3.26
298,50912,2.5,3.95
288,3448,3.5,2.88
274,3608,4.0,3.18
155,1883,4.0,1.88
181,587,5.0,3.83
113,1645,1.0,2.33
318,7151,3.5,3.85
136,267,4.0,2.91
307,7324,3.0,2.5
175,5410,0.5,3.5
160,1277,5.0,3.29
428,5900,2.0,3.77
156,47,3.5,4.03
187,4226,4.0,3.94
354,2321,4.0,4.36
168,750,5.0,3.9
111,53121,2.0,3.99
488,1198,3.5,4.02
270,648,3.0,3.59
113,39,3.0,2.51
427,1208,5.0,3.66
509,65261,3.5,3.51
500,2078,3.0,3.57
156,1225,4.5,3.72
274,4855,3.5,3.97
232,45950,3.0,3.95
152,904,4.0,4.65
293,1673,4.0,3.16
448,428,3.0,3.48
448,1079,5.0,4.43
286,1912,3.0,3.12
305,53519,4.5,2.44
253,3536,3.5,4.05
303,2683,3.0,2.78
522,56367,2.0,3.75
275,3578,4.0,3.63
588,766,3.0,2.89
603,1129,4.0,2.03
21,10,5.0,2.86
410,3608,4.0,3.39
387,1921,3.5,3.91
480,223,1.5,3.74
599,181,1.0,2.74
448,1604,3.0,3.71
380,71535,3.0,3.51
28,8493,3.0,2.89
474,49220,3.5,2.85
414,41527,4.0,3.51
28,61350,3.5,2.66
590,54001,4.0,3.98
489,586,1.5,3.99
6,848,4.0,3.87
129,1676,5.0,4.08
474,5353,3.0,4.27
111,5874,4.0,4.52
279,5378,1.0,3.04
84,46,3.0,3.98
452,3101,5.0,3.29
414,5072,4.0,4.04
199,1262,5.0,3.58
247,1682,5.0,3.87
388,86298,4.0,3.19
455,500,3.0,3.27
19,2387,3.0,3.44
178,4718,2.5,2.98
525,70286,4.0,3.55
448,88356,2.0,3.2
80,53972,4.0,3.47
504,1968,4.0,3.17
28,6993,1.5,3.39
18,40819,4.0,3.76
608,7158,3.5,3.97
212,93510,4.0,3.96
171,1148,5.0,4.66
82,34,2.0,4.14
282,1954,4.0,4.05
596,6934,4.0,2.74
91,1092,4.5,3.85
274,4040,3.0,3.96
111,61323,2.5,3.42
136,23,5.0,2.9
599,1221,4.0,3.65
370,1676,3.5,3.36
195,111,2.0,3.59
301,454,4.0,3.82
286,1407,3.0,2.51
566,364,2.0,3.44
599,3408,2.5,2.66
480,33669,2.5,2.83
298,106491,1.0,3.44
474,5971,4.0,3.81
448,3448,4.0,3.55
18,58559,4.0,3.75
114,106782,4.5,3.96
369,2126,3.0,2.4
141,48385,2.5,3.13
464,5026,5.0,2.51
391,4975,2.0,4.02
462,3037,5.0,3.37
476,454,4.0,3.98
247,5349,2.0,3.37
132,4239,2.5,3.17
79,3104,5.0,3.52
599,108090,3.5,2.46
555,3525,4.0,4.5
305,353,4.5,4.34
200,33794,4.0,3.85
219,1580,3.0,4.12
469,2527,3.0,3.45
69,2762,5.0,4.15
368,1722,3.0,2.73
232,7169,2.5,2.92
280,597,4.0,3.93
573,457,4.5,4.13
140,3861,2.0,3.4
219,2028,4.5,3.94
332,26131,4.5,3.7
474,1246,4.5,3.89
552,1201,4.0,4.33
318,4776,4.0,3.61
232,761,2.5,3.17
101,3394,1.0,3.78
93,2094,4.0,3.47
555,65,3.0,3.7
290,475,4.0,3.75
21,1573,2.5,3.55
156,898,5.0,4.49
469,2143,4.0,3.26
274,60040,3.5,3.31
177,2671,3.5,3.59
606,30749,3.5,3.53
610,93819,3.5,4.42
448,133365,2.0,2.74
369,60069,3.5,3.87
562,6870,5.0,3.85
425,45431,3.5,3.29
274,1197,4.0,4.23
606,2193,2.5,3.73
89,142831,4.5,3.22
232,51412,3.0,3.57
95,5445,4.0,3.65
32,996,3.0,3.08
66,1240,4.0,4.08
83,8622,2.0,4.19
28,43921,3.0,2.79
74,1209,4.0,4.87
50,101072,2.5,3.95
248,122916,3.5,4.2
606,5218,4.5,3.46
223,1285,3.0,3.58
414,6563,2.5,2.88
261,1682,4.5,3.94
89,119141,2.5,4.22
414,7340,2.0,3.65
207,3264,0.5,3.79
322,586,3.5,3.35
599,137218,2.5,2.62
294,1582,1.0,3.39
368,1653,3.0,3.16
434,5445,3.0,3.37
483,79132,5.0,3.74
68,2340,3.5,3.29
41,2115,2.0,4.16
182,1365,4.0,3.95
45,6333,5.0,3.75
477,1214,4.5,4.02
448,1954,4.0,4.2
381,6503,3.0,3.25
428,5055,3.5,3.33
274,575,3.0,3.3
495,5449,4.0,3.57
448,47810,1.0,2.62
603,1484,4.0,2.88
483,489,3.0,3.36
181,1084,3.0,3.43
318,62208,4.5,3.25
475,592,5.0,4.13
216,3521,2.0,3.08
66,4591,3.5,3.86
474,2182,4.0,3.52
305,1704,4.0,3.33
305,113573,4.0,2.83
109,62,5.0,3.76
408,79132,3.5,4.27
122,5171,3.5,3.2
414,2279,2.0,3.61
177,64620,3.5,3.59
495,551,3.5,3.63
200,1220,4.5,4.14
416,4967,4.0,3.66
474,3836,2.5,2.56
102,592,3.0,4.05
391,242,4.0,3.64
182,1291,3.5,3.81
610,63768,3.0,3.45
230,52973,3.0,3.76
240,367,4.0,4.1
42,361,3.0,4.19
492,1049,5.0,3.67
304,1466,5.0,2.94
380,34319,3.0,3.01
560,32,3.5,3.24
600,837,3.5,2.91
368,3716,1.0,2.4
522,72998,1.0,3.95
603,1916,5.0,2.78
414,3360,5.0,4.1
453,1777,3.0,3.66
73,74647,1.0,3.47
307,8011,4.0,4.01
609,329,3.0,3.52
326,81932,3.0,3.33
85,1641,5.0,3.96
514,59369,4.0,4.32
477,2628,4.0,3.25
590,3439,2.5,3.29
29,3578,5.0,4.03
314,553,3.0,2.9
279,109487,5.0,3.73
604,380,3.0,3.09
177,480,3.5,3.86
199,2067,4.0,4.0
100,2245,4.5,3.32
248,6365,3.5,4.1
64,5218,3.5,3.74
587,141,4.0,3.46
490,1499,2.0,2.4
51,4018,3.0,4.26
450,908,4.0,3.91
260,2122,3.5,3.19
391,1952,5.0,3.7
307,6586,2.0,3.12
593,6711,2.0,3.75
66,272,3.5,3.74
474,1544,1.0,2.76
514,81932,4.0,3.84
232,30793,3.5,3.24
425,4720,3.5,3.72
199,492,2.0,3.48
45,4369,5.0,3.53
503,1036,4.5,3.75
213,4558,3.0,4.11
219,5159,1.5,3.25
567,150254,2.0,3.43
590,431,4.0,3.35
135,1597,4.0,3.74
182,6188,3.0,4.19
541,281,3.0,2.7
599,5993,2.5,3.25
180,2571,3.5,4.05
14,539,4.0,3.32
330,2657,5.0,3.75
33,110,5.0,3.28
217,3430,2.0,2.06
448,367,3.0,3.77
377,344,3.0,3.17
462,86882,2.5,3.83
312,2716,4.0,2.96
564,47518,4.0,2.92
436,361,3.0,3.61
357,49530,4.0,4.05
580,2186,0.5,3.43
59,2763,5.0,4.24
256,102445,4.0,3.44
601,1,4.0,3.33
64,4310,3.0,2.66
509,112852,4.0,4.0
290,918,5.0,3.73
414,53894,3.5,3.74
51,7160,5.0,3.52
230,153,3.5,3.83
380,27822,4.0,3.67
239,2353,3.5,3.92
182,1608,2.5,3.79
221,1293,4.0,4.43
57,1282,4.0,4.52
523,6539,4.5,4.05
219,2580,4.5,3.47
239,2478,3.0,3.62
599,5541,3.0,2.95
483,2193,4.5,3.47
489,1259,3.5,3.91
142,296,5.0,3.71
89,132584,3.5,3.58
448,44665,3.5,4.08
282,80906,4.5,3.71
602,280,3.0,2.52
599,95510,3.0,3.7
274,3438,3.0,3.94
103,78499,3.0,3.71
599,2877,2.0,3.03
480,4247,4.0,3.36
156,945,5.0,4.02
249,59014,0.5,3.71
351,6874,3.0,4.13
182,41,4.5,3.01
105,4865,4.0,4.3
105,122882,4.0,3.42
338,189043,2.5,3.65
533,2571,5.0,3.44
563,69122,2.5,3.74
65,318,4.0,4.19
588,288,3.0,3.09
10,8529,3.5,4.49
233,174055,2.5,3.69
516,457,4.0,3.43
209,2028,4.0,3.9
458,1073,2.0,4.24
610,4369,3.0,3.06
384,2355,4.0,3.97
437,318,5.0,3.96
474,4808,2.0,3.08
112,36,0.5,2.82
590,2991,3.0,2.75
610,4902,4.0,3.02
260,1219,4.0,4.43
20,4161,3.5,2.87
290,858,5.0,4.41
599,93838,3.0,4.39
505,1241,5.0,4.1
483,62956,4.0,3.13
187,4641,4.5,3.71
356,2248,4.5,4.56
552,329,3.5,3.3
83,48394,3.5,4.19
28,1209,3.0,4.13
19,1047,3.0,2.57
509,231,2.5,3.44
458,261,3.0,3.93
312,3499,4.0,3.56
57,1513,4.0,3.64
448,49272,4.5,3.29
464,6934,4.0,3.96
357,1407,3.5,3.72
340,356,3.0,3.92
42,1245,5.0,4.68
391,4936,3.0,3.2
219,54997,5.0,3.65
177,37729,2.5,3.55
391,3260,4.0,2.89
47,356,4.5,4.31
268,2349,5.0,3.78
68,74789,4.0,3.5
441,98809,3.5,3.51
290,2013,4.0,3.22
438,6549,3.5,3.72
357,80489,4.5,3.67
28,3683,2.5,3.72
610,57421,4.0,3.5
220,34,4.5,3.94
428,2054,0.5,2.78
298,3785,2.0,2.13
182,4361,4.0,2.89
103,1028,4.0,4.07
450,1544,4.0,2.05
380,5010,4.0,3.88
603,4380,3.0,3.44
489,1204,3.0,4.13
610,68358,4.0,3.45
448,73015,2.0,3.88
462,1343,3.5,3.69
192,315,4.0,3.06
221,1834,4.5,2.41
610,134393,3.5,4.03
221,1923,4.0,3.01
132,6942,4.5,3.45
474,901,2.0,3.88
408,4701,4.0,3.22
50,1291,3.0,3.97
139,33794,3.0,3.74
382,4700,3.5,3.08
325,194,5.0,3.4
89,112138,3.0,4.17
417,2762,4.5,3.47
202,2150,5.0,3.78
244,2716,5.0,3.43
414,1997,4.0,3.51
479,4111,3.0,3.01
599,505,1.0,2.82
202,3006,4.0,4.02
596,2890,3.0,3.02
36,1376,2.0,3.86
274,1604,3.0,3.58
181,707,3.0,3.96
64,25,3.5,3.54
462,4361,2.5,3.85
414,6299,4.0,3.25
597,1193,5.0,3.97
489,7293,4.0,3.69
52,48738,4.5,3.71
569,380,3.0,3.84
51,1196,5.0,3.87
357,1378,3.0,2.96
82,344,3.5,3.24
290,2268,4.0,3.41
159,1088,4.0,4.04
534,59900,4.0,2.66
590,5816,3.5,3.36
58,736,3.0,3.77
312,5991,4.0,3.91
139,5418,2.5,3.08
80,63113,4.5,4.04
105,4878,5.0,4.62
232,4816,4.0,3.59
268,1047,4.0,3.21
122,1682,5.0,4.2
211,1246,4.5,4.05
339,89745,3.0,3.75
182,1447,4.0,3.81
414,4520,2.5,2.73
132,2324,4.0,3.25
604,316,4.0,3.36
222,485,2.5,3.08
232,39231,3.0,3.03
457,3072,4.0,4.17
317,47,5.0,3.33
156,2019,5.0,3.04
313,1690,1.0,3.11
294,610,4.0,3.49
357,66097,4.0,4.13
17,1032,4.5,2.69
380,72167,4.0,4.16
146,3686,4.0,4.06
288,1090,4.5,3.73
166,8665,5.0,3.28
495,140523,3.5,2.99
450,2858,4.0,4.11
567,89774,2.5,4.43
84,1173,3.0,3.69
232,8361,3.5,3.0
573,67087,4.0,3.38
307,58156,3.0,2.83
561,551,3.5,2.94
4,2467,4.0,3.69
274,542,3.5,3.32
82,1201,3.0,3.72
469,919,4.0,3.61
474,3844,2.5,3.15
307,3004,2.0,3.42
68,1234,3.5,3.58
203,2947,3.0,3.98
387,2302,2.5,3.84
474,33903,3.5,3.29
177,6942,5.0,2.48
307,2541,2.0,3.66
603,1711,1.0,2.44
199,1784,1.0,3.63
538,58559,4.5,3.8
182,2135,1.5,2.6
451,5,3.0,3.88
312,1278,4.0,3.99
610,105801,3.0,3.52
532,4262,4.0,3.53
561,33679,1.0,3.67
50,102407,2.5,3.61
44,786,2.0,3.72
132,30793,3.5,3.64
1,3578,5.0,3.39
66,21,4.0,2.88
307,4359,3.0,2.67
111,1676,2.0,4.02
590,30793,3.0,3.07
414,4903,4.0,3.24
140,6461,4.5,3.43
520,1732,3.5,4.23
182,1247,3.5,4.56
100,899,4.5,4.17
52,57528,3.0,3.24
160,1100,1.0,3.75
456,708,3.0,3.37
606,2232,4.0,4.3
599,3968,2.5,2.9
477,252,4.0,3.18
203,349,4.0,3.37
448,74532,1.5,3.41
339,97752,4.0,3.68
169,1288,4.0,4.61
534,79695,4.0,4.22
220,32,4.5,4.02
89,121781,5.0,4.2
380,30707,5.0,4.06
555,3497,3.0,3.81
216,4020,3.0,3.38
600,1230,5.0,3.92
376,10,4.5,3.35
462,8042,5.0,3.8
232,7258,3.0,3.06
226,44195,4.5,3.99
51,4591,3.0,3.93
45,261,3.0,4.75
7,2671,4.5,3.01
380,1583,3.0,3.94
474,5619,4.0,3.75
357,3114,5.0,3.64
182,2551,4.5,3.12
122,119145,4.5,4.28
414,6303,3.0,3.14
432,2712,3.5,3.09
589,1097,4.0,4.07
570,293,3.5,4.03
203,4886,4.0,3.95
166,1240,3.0,4.49
592,533,4.0,3.52
560,130576,2.0,2.99
391,2232,4.0,3.21
409,2492,4.0,3.09
51,934,1.0,4.35
599,41716,2.5,3.66
314,474,3.0,3.13
45,3421,4.0,3.68
247,5618,3.5,3.8
597,588,4.0,3.79
469,196,2.0,2.69
290,3260,4.0,3.03
476,252,4.0,3.07
387,5974,3.0,3.53
51,1845,5.0,3.28
380,8528,3.0,3.06
428,4223,3.0,3.56
307,7371,3.5,2.36
75,8961,4.0,3.42
249,91974,3.5,3.68
525,223,3.5,4.34
437,1291,4.0,3.67
351,40412,4.5,3.82
594,4794,0.5,3.33
483,52973,2.5,4.03
341,69122,2.5,3.27
419,4310,4.5,3.83
414,2428,2.0,3.01
42,784,2.0,3.77
103,33493,2.0,3.48
113,260,4.0,4.12
68,58559,5.0,4.41
590,1272,4.5,4.27
414,3948,3.0,4.08
260,6773,5.0,3.58
419,85394,3.0,3.08
263,7458,3.0,3.15
483,26444,4.5,3.36
599,112,5.0,3.61
603,2968,2.0,3.98
43,29,5.0,4.02
219,2993,2.5,3.4
1,2991,5.0,4.44
317,104879,5.0,3.22
462,127136,4.0,2.62
453,2558,4.0,4.15
448,700,3.0,3.47
205,95167,4.0,3.36
387,7346,3.0,3.54
357,596,4.0,4.0
91,1376,3.5,3.51
369,3638,3.0,2.69
180,2641,3.5,3.35
536,368,4.0,3.81
111,162478,4.5,3.93
227,296,4.5,4.19
222,2378,3.5,2.82
318,208,3.5,2.81
147,163,4.5,3.32
372,538,3.0,3.42
11,1616,3.0,3.24
380,3175,5.0,3.3
405,1252,3.5,3.88
307,1207,3.0,3.94
554,2497,3.0,3.23
477,54503,5.0,4.07
140,4848,4.0,3.99
603,1179,5.0,4.36
325,1614,2.0,3.21
217,2762,4.0,3.3
234,888,3.0,2.04
89,37384,2.5,3.2
394,454,2.0,3.31
188,1951,5.0,4.22
105,4823,3.5,3.39
112,3147,5.0,4.4
68,2915,3.5,3.07
4,21,3.0,3.45
391,5541,3.0,3.02
202,3740,4.0,4.07
610,91660,3.0,3.42
584,292,5.0,3.38
343,50872,3.5,3.6
38,457,5.0,3.85
105,5152,4.5,3.51
402,788,3.0,4.25
603,2074,4.0,3.82
221,3996,4.5,3.61
74,1617,4.5,3.23
606,3289,4.5,3.88
326,57669,4.5,4.09
21,135133,3.5,3.4
560,2761,3.5,3.8
256,117176,4.5,3.84
222,466,3.5,3.06
6,450,4.0,3.26
365,138210,1.5,3.48
482,1374,5.0,2.62
436,380,3.0,3.81
446,339,3.0,3.35
326,2338,2.0,3.77
44,494,4.0,3.96
18,923,5.0,3.68
380,6659,5.0,3.82
604,332,3.0,3.51
391,4967,3.0,4.13
414,6306,4.0,2.96
448,919,4.0,4.06
44,785,3.0,3.7
45,2485,4.0,3.38
226,56757,4.0,4.08
125,136864,2.5,2.66
232,3624,3.0,3.13
477,1358,4.0,3.55
42,4349,4.0,3.51
354,34319,4.5,2.95
573,6378,4.0,3.72
354,3471,2.0,3.81
391,858,5.0,4.4
514,2011,2.0,3.58
359,593,4.5,3.79
19,208,2.0,2.81
307,5418,3.5,3.24
591,3114,5.0,3.49
18,168252,4.0,3.5
307,4776,4.0,3.05
380,187593,3.0,3.12
608,2997,2.0,3.75
369,541,2.5,2.85
140,4161,4.0,2.74
199,2427,3.0,3.91
36,4220,2.0,3.85
214,17,3.0,2.43
474,2076,4.0,3.44
186,915,4.0,4.4
352,924,4.0,4.13
202,2414,4.0,3.39
605,37733,2.0,3.53
219,66297,4.0,3.77
219,4226,5.0,3.55
482,1923,4.0,3.6
489,3471,3.5,3.24
594,4823,5.0,2.56
68,5400,3.5,3.74
600,3911,4.5,3.0
517,56775,2.0,3.65
228,318,4.0,3.82
567,136016,1.0,2.47
22,8784,2.0,3.28
414,48516,4.5,4.08
314,588,3.0,4.01
221,26375,4.0,4.03
610,2976,4.0,3.66
189,318,4.0,3.43
551,377,4.0,3.61
482,6754,4.0,3.17
307,3843,1.0,2.61
105,93790,4.0,3.39
610,55995,3.0,3.11
509,59315,3.0,4.19
42,2263,4.0,3.85
96,3499,2.0,3.73
552,1617,4.5,3.59
606,648,2.5,3.06
288,2872,3.0,3.17
398,8641,1.5,3.33
365,86293,4.0,3.36
119,4370,3.5,4.1
477,2746,3.5,3.15
288,1375,3.5,2.79
555,2174,4.0,3.79
226,4247,3.0,2.73
356,168,3.0,3.49
599,2976,3.5,3.91
354,2455,3.5,2.88
336,34162,4.0,3.23
226,8981,4.0,3.01
443,91500,5.0,2.69
403,2502,4.5,3.87
477,3100,3.5,3.72
36,5464,1.5,2.98
64,6155,0.5,3.88
167,2710,1.0,3.67
8,39,3.0,3.81
560,93510,3.0,3.57
599,2231,3.0,4.48
584,434,5.0,3.46
95,589,4.0,3.96
522,67255,4.0,3.36
4,2858,5.0,3.84
474,4902,4.0,3.31
608,3988,3.5,2.88
599,44,2.5,3.22
455,111,3.0,4.68
474,7357,3.5,4.16
304,1028,4.0,3.74
438,3300,3.5,3.25
50,72378,1.0,2.81
372,356,3.0,3.37
448,5573,2.5,2.98
239,8984,4.0,3.65
216,3504,5.0,3.76
514,158830,2.5,2.31
419,2329,4.5,4.25
249,8529,3.5,4.06
425,2762,3.5,3.51
234,2140,4.0,3.9
84,1263,4.0,3.78
68,3553,2.0,3.54
256,6947,4.0,3.61
28,51540,2.0,3.39
234,1826,2.0,2.37
51,3799,0.5,3.93
465,2941,4.0,3.74
292,97470,1.0,2.94
19,1064,2.0,3.78
480,6615,2.0,3.53
28,31225,3.0,3.18
42,413,2.0,2.8
490,7361,4.0,4.39
514,1278,4.0,3.99
511,164179,4.0,4.06
304,1610,5.0,3.39
160,47,5.0,3.86
521,52,4.0,3.72
600,262,3.0,3.66
482,2688,3.5,3.88
376,2762,4.0,4.57
584,442,5.0,3.91
456,736,3.0,3.88
474,4644,3.0,3.04
298,91128,2.5,3.77
265,436,2.0,2.78
292,780,4.5,2.63
428,2716,2.0,2.78
284,367,5.0,2.95
263,1610,4.0,3.28
384,1206,3.0,4.68
153,44191,4.0,3.93
357,4034,3.5,3.98
238,1272,5.0,3.71
437,79,2.0,2.84
280,3755,4.5,3.39
45,934,3.0,4.05
414,2282,3.0,3.89
305,223,4.0,3.33
465,3654,4.0,3.32
599,87960,3.0,3.15
339,115210,4.0,3.98
600,2706,1.5,3.07
599,3190,2.0,3.23
596,8961,4.0,2.78
121,454,3.0,3.95
276,631,3.0,3.29
28,592,2.5,4.04
313,2028,5.0,3.34
50,3949,3.0,3.62
198,1252,4.0,4.35
607,112,2.0,3.67
177,54190,3.0,4.47
395,367,4.0,3.38
307,2716,3.0,3.12
387,3765,3.0,2.97
27,1200,1.0,3.77
500,2081,3.0,3.68
182,7076,4.0,3.75
584,339,4.0,3.58
434,260,5.0,3.8
307,1992,3.0,2.54
28,3499,3.0,3.13
474,3524,2.0,2.76
66,3029,3.5,3.61
57,3471,5.0,4.24
401,31658,3.5,3.76
202,2100,4.0,3.38
610,95088,4.0,3.1
414,4617,5.0,2.81
166,2716,3.5,3.76
279,6664,3.0,2.91
522,84152,3.5,3.58
391,2762,2.0,3.49
542,45517,4.5,3.47
438,1061,4.5,3.7
160,2078,4.0,3.57
52,50794,4.5,2.66
182,2728,4.0,3.31
606,953,4.0,3.28
567,1,3.5,3.75
99,337,5.0,4.37
474,6041,4.0,2.93
287,4954,1.5,2.96
438,5378,3.5,2.94
166,46530,5.0,2.82
414,6883,3.0,3.43
176,592,3.0,4.31
480,4033,4.0,3.79
287,671,4.0,3.29
232,79293,4.0,3.35
19,293,4.0,3.56
105,4015,3.5,3.84
495,106100,5.0,3.06
509,93988,4.5,1.85
144,8873,5.0,2.75
573,51935,4.5,3.71
249,34405,5.0,3.78
230,8961,3.0,3.82
210,122906,4.5,3.68
474,44199,3.5,3.79
339,90439,3.0,3.7
603,97,4.0,3.29
239,4878,4.0,4.15
414,1090,5.0,3.26
108,3978,4.0,3.23
7,6365,4.0,3.52
177,262,4.0,3.39
220,165,4.0,3.36
567,92234,1.5,4.32
509,783,3.0,2.94
409,1136,5.0,4.38
417,1206,5.0,4.38
385,1031,3.0,3.14
380,2948,5.0,4.58
381,3996,3.0,3.47
226,5349,4.0,4.01
250,4921,5.0,3.65
307,7321,2.0,2.4
474,1834,4.0,4.01
18,53996,3.0,3.22
343,7153,4.5,4.0
279,1196,5.0,3.97
453,165,5.0,3.76
585,1895,4.0,3.47
610,6296,4.5,2.99
428,2167,2.0,3.78
19,12,1.0,2.84
489,431,2.5,2.3
334,2571,4.0,4.23
534,4366,4.5,3.77
247,899,5.0,4.07
413,527,5.0,4.01
517,3269,2.0,3.09
249,122916,4.5,4.2
489,53993,2.5,4.04
64,3386,4.5,3.75
477,4270,0.5,3.45
430,5902,5.0,3.63
140,4886,4.0,3.37
84,475,4.0,3.77
414,3448,4.0,3.44
137,928,3.5,4.48
474,6422,4.0,3.19
414,5678,2.5,3.86
599,51091,3.0,2.34
323,1188,4.0,3.68
381,339,3.5,3.37
140,1747,3.0,3.94
414,7319,2.0,3.4
491,1682,4.5,2.92
600,2140,4.5,3.57
518,3101,3.0,3.42
282,8665,4.0,3.08
468,432,2.0,3.17
187,1466,4.0,3.96
83,72998,4.5,3.43
117,719,4.0,4.01
72,30825,4.0,3.23
183,2993,4.0,3.65
357,1220,3.0,4.56
580,2105,3.5,3.81
89,170993,4.0,3.72
129,239,4.0,2.84
564,1682,1.0,3.97
368,1396,3.0,2.91
448,104760,1.0,3.4
190,5989,4.0,3.71
28,608,3.0,4.03
68,5872,3.5,3.68
16,678,4.0,2.86
599,7033,2.5,3.27
474,7132,3.5,3.86
602,494,4.0,3.48
200,2671,4.0,3.63
415,3147,4.5,4.08
580,49272,4.5,3.78
387,1345,4.0,3.56
599,6811,3.0,3.18
125,69640,2.5,2.19
288,2369,3.0,2.33
573,1214,4.5,3.79
119,46723,3.5,3.89
290,3476,3.0,3.12
448,112852,3.5,3.49
387,951,3.5,3.21
182,1953,3.5,4.07
169,317,5.0,4.17
450,1972,2.0,3.37
56,356,5.0,3.41
514,1036,4.0,3.97
232,34150,3.0,3.52
325,4523,4.0,3.15
483,27721,4.0,2.85
239,48774,3.0,3.83
241,1193,4.5,4.0
603,2203,5.0,3.65
573,10,4.5,3.78
318,98809,4.0,3.48
409,3273,3.0,3.64
328,551,2.0,4.43
564,88672,3.5,3.06
169,594,4.5,3.85
19,1754,2.0,2.99
587,2973,4.0,3.69
387,1078,3.0,3.8
414,4816,4.0,2.31
1,1580,3.0,4.19
153,112454,3.5,3.55
477,355,0.5,4.16
33,17,4.0,3.58
588,253,2.0,3.79
448,2539,3.0,3.25
489,42004,3.5,3.19
312,4128,4.0,2.57
352,37380,2.0,3.63
202,2420,4.0,3.7
599,1136,4.5,3.96
66,224,5.0,3.45
145,1,5.0,3.23
63,5945,1.0,4.05
50,5816,2.5,3.56
356,5577,4.5,3.36
288,7143,4.0,4.1
438,1676,4.0,3.45
292,53460,3.0,2.74
106,72998,5.0,3.66
474,4063,2.0,3.52
129,208,4.0,3.08
200,2724,4.5,2.83
592,44,3.0,3.89
89,2918,1.5,4.14
24,134393,2.5,3.53
606,40629,3.5,2.91
90,617,4.0,4.53
307,3911,3.0,3.39
510,16,1.0,3.21
280,4232,1.5,4.2
474,3467,3.5,3.57
1,2640,4.0,3.75
558,4062,4.0,3.28
608,4720,4.5,3.39
593,8961,3.0,2.92
56,231,5.0,3.56
63,231,3.0,3.99
428,2137,3.0,4.17
132,253,2.0,3.1
20,4154,4.0,2.87
198,1644,3.0,3.74
357,6155,3.0,3.05
414,1499,2.0,3.57
387,1673,3.5,2.45
604,223,4.0,3.16
404,172,3.0,3.69
599,1246,4.0,4.09
202,2064,4.0,3.9
274,4899,1.5,3.28
305,163985,4.5,3.83
186,5214,4.0,3.55
414,6155,2.0,3.1
599,98122,3.0,3.21
305,6016,5.0,2.5
153,4995,3.5,3.21
474,2289,3.0,4.25
21,260,4.5,3.86
122,3253,4.0,4.23
56,367,3.0,3.8
474,3469,2.5,3.56
601,80549,4.0,3.74
603,1594,4.0,3.32
298,56587,2.0,3.67
573,2706,4.5,2.75
1,2387,5.0,3.31
414,809,2.0,2.92
239,524,3.5,4.02
527,1080,2.0,4.04
28,6617,4.0,4.37
19,2014,2.0,3.28
259,3793,3.5,3.84
304,21,4.0,3.21
597,1200,5.0,3.78
186,3479,4.0,3.76
380,3301,3.0,3.44
169,2792,5.0,3.87
125,117466,3.5,3.54
517,131656,2.5,2.72
477,41569,4.0,3.46
129,3034,4.0,3.51
482,1584,3.0,2.86
305,2011,5.0,3.65
564,8528,4.0,3.24
333,3826,1.0,2.93
414,45722,3.5,3.11
45,5378,5.0,3.57
318,2571,3.5,4.03
484,333,4.0,3.65
606,224,4.0,3.22
42,3515,4.0,3.52
543,3785,5.0,3.13
432,296,2.5,4.4
207,637,1.0,3.2
525,3979,0.5,3.28
563,2354,3.0,3.3
600,5585,3.0,1.94
288,3006,4.0,3.11
248,164179,3.0,4.35
140,6385,3.5,3.67
328,68157,4.5,4.16
610,71254,3.0,3.42
580,1356,4.0,3.59
235,474,3.0,4.03
474,1635,4.0,2.92
369,2959,4.5,4.23
344,3082,4.0,4.36
140,1021,4.0,4.05
121,47,3.0,3.82
414,58156,2.0,3.53
275,5049,4.0,3.17
350,805,3.0,3.19
331,88129,5.0,3.41
39,2987,4.0,4.08
268,2490,2.0,3.28
583,71535,3.0,2.62
572,852,3.0,3.77
305,3868,5.0,3.3
73,117881,4.0,3.4
165,1221,3.0,4.33
603,1271,3.0,3.21
610,5816,4.0,3.63
160,1320,5.0,2.58
95,1200,4.5,4.88
480,6754,3.5,3.16
430,6373,3.0,3.56
474,4068,3.0,3.27
530,350,3.0,4.3
226,364,3.5,2.92
279,8874,3.5,3.35
74,2076,5.0,3.99
503,1342,1.0,3.01
437,144,4.0,3.79
191,314,4.0,2.6
93,168,4.0,4.01
89,5449,2.0,3.57
156,2268,3.0,2.03
181,21,2.0,3.13
522,2628,3.0,3.0
91,296,4.5,3.91
448,593,5.0,3.93
486,32,5.0,3.47
600,2795,3.5,2.28
195,3148,4.0,3.96
249,71535,4.5,3.8
520,1748,4.5,3.99
226,6942,4.0,3.4
357,17,5.0,3.32
22,56788,1.0,3.44
414,41569,4.0,3.35
469,2124,3.0,2.22
304,1060,4.0,3.32
279,593,4.0,4.16
325,2912,5.0,3.43
414,1517,5.0,3.36
52,70286,5.0,3.77
477,5903,4.0,3.52
577,923,3.0,2.62
380,2857,3.0,3.76
606,3418,4.5,3.99
92,2572,5.0,4.36
489,60069,4.0,3.57
33,356,5.0,2.86
246,45517,4.0,3.56
414,1953,3.5,4.07
318,55363,3.5,4.65
488,595,4.5,3.01
4,892,4.0,3.69
86,60069,3.0,3.67
559,207,4.0,2.56
477,56145,4.0,3.41
542,318,5.0,4.14
42,780,2.0,3.58
599,5103,1.5,1.61
472,2134,3.5,2.9
581,5989,3.5,3.33
160,434,3.0,2.46
543,6373,5.0,4.16
199,1272,5.0,4.35
210,177765,5.0,3.07
523,7147,5.0,3.83
477,57368,4.5,3.07
76,117176,2.0,3.78
210,4896,4.5,3.41
517,116797,4.0,4.39
414,266,5.0,3.52
292,4085,3.5,2.94
327,6888,5.0,4.52
202,3638,3.0,3.9
474,5512,3.0,3.86
249,58998,4.0,3.79
168,543,2.0,3.95
525,76251,3.5,3.89
586,2916,4.0,3.32
119,119145,4.0,4.28
318,128991,4.5,3.25
62,116823,4.0,3.89
469,2150,4.0,3.17
448,138036,2.0,3.94
560,1485,3.0,4.01
160,1210,5.0,3.96
220,8644,4.0,3.76
47,163645,3.0,4.39
474,919,4.5,3.34
21,367,3.0,3.45
243,410,4.0,3.56
84,671,4.0,2.99
217,1080,2.0,3.59
6,333,5.0,3.56
573,1625,4.5,3.46
56,380,4.0,3.17
292,67197,2.5,2.59
21,1918,3.5,2.9
168,858,5.0,4.46
610,6934,3.5,3.62
354,1917,3.5,3.32
599,95965,4.0,3.38
414,4679,4.0,2.75
599,2288,3.5,4.22
294,2027,1.0,3.32
584,474,5.0,4.19
307,8969,4.0,2.73
610,6539,4.0,3.36
174,316,5.0,3.43
580,5444,3.0,3.97
517,969,1.0,3.21
7,587,2.0,3.44
382,158254,1.5,3.86
474,2205,3.0,3.86
222,1208,3.5,4.43
274,6005,3.5,3.92
298,81784,1.5,3.53
365,1777,3.0,3.19
425,55118,3.5,3.66
64,1204,5.0,4.49
352,1544,3.0,3.57
602,422,3.0,2.82
213,3409,4.0,2.9
414,37240,4.0,2.96
292,83349,3.0,3.31
343,4226,5.0,3.71
606,930,4.5,4.52
438,3754,2.0,3.34
419,3863,3.5,3.17
513,260,5.0,3.81
12,543,3.5,3.49
589,736,5.0,3.34
448,1982,1.5,3.53
274,1729,4.5,3.6
33,385,4.0,3.13
414,6365,4.0,3.29
68,58839,1.0,3.81
307,6951,2.5,2.68
165,5377,4.0,3.75
8,592,3.0,3.98
543,60408,5.0,2.89
599,1918,2.5,2.95
599,73321,2.5,3.58
391,1233,5.0,3.74
600,3988,2.5,2.54
62,3114,3.0,3.8
354,1704,4.0,4.02
307,72,2.0,3.65
288,1592,1.0,3.03
201,2145,4.0,3.92
474,25757,4.0,3.89
42,4040,2.0,4.32
414,3729,3.0,3.81
312,5219,1.0,2.81
599,569,1.0,2.7
307,5590,2.5,2.34
474,3549,5.0,3.55
474,1333,4.5,3.47
156,953,3.5,3.69
608,2571,5.0,4.72
347,589,3.0,3.66
382,42011,3.0,2.67
380,6957,4.0,2.98
414,2335,4.0,3.37
414,1399,3.0,4.14
376,5010,5.0,3.89
483,8798,4.0,2.75
186,3068,4.0,3.85
474,4263,4.0,3.44
98,46578,5.0,3.86
117,7,4.0,3.31
438,5952,4.0,3.77
68,1278,4.0,3.6
605,3269,4.0,2.81
600,1126,4.5,3.02
561,82461,3.0,3.5
177,3668,2.5,3.66
19,551,5.0,3.67
534,4728,4.5,3.36
369,839,2.5,3.38
42,593,5.0,4.23
187,1214,4.0,3.87
265,2985,4.0,3.74
414,3770,2.0,3.06
599,736,2.5,2.59
536,335,3.0,4.0
249,45186,3.5,3.29
525,109487,4.0,4.08
18,111759,3.5,4.14
351,6379,2.5,3.9
219,2791,4.5,4.04
185,3949,5.0,3.44
448,594,4.0,3.99
509,3034,3.0,3.1
240,500,5.0,3.07
174,39,4.0,3.9
382,2353,3.5,3.79
105,8636,3.5,3.7
116,2683,0.5,3.56
599,886,1.5,2.6
380,91630,3.0,2.43
469,590,4.0,4.27
10,4447,4.5,3.25
222,733,3.0,3.42
340,208,3.0,3.13
600,1244,5.0,4.03
590,5065,3.0,3.82
426,69844,5.0,3.75
534,60069,2.5,3.66
610,37733,4.0,3.52
274,5816,3.0,3.01
380,1690,3.0,3.15
143,3421,1.0,3.07
599,4578,1.5,2.14
495,78574,2.5,3.64
103,79132,4.5,4.2
410,3317,3.0,3.49
91,2949,3.0,3.63
365,120466,2.5,3.06
330,481,3.5,2.69
610,1255,4.5,4.52
288,1298,3.0,3.85
475,2011,5.0,3.51
571,3264,1.0,3.63
64,1961,4.0,4.22
474,376,2.0,3.31
219,648,4.5,3.17
414,3786,2.0,3.8
152,111,5.0,3.84
599,63222,2.5,3.4
232,5621,3.0,3.39
601,31658,5.0,3.68
286,7,3.5,3.59
600,648,3.0,3.05
331,4034,3.0,3.98
93,1015,3.0,3.41
603,2885,2.0,2.84
590,5401,1.0,3.48
263,2700,3.0,4.21
45,4502,1.0,3.7
608,1214,4.0,3.96
105,54272,4.0,3.66
582,94864,4.0,3.72
509,6539,3.5,3.12
345,838,5.0,3.15
575,1259,5.0,3.83
555,3660,3.0,2.95
448,118354,3.0,2.01
339,1594,4.5,3.49
599,1951,2.0,3.21
247,89745,3.0,3.94
474,1224,4.0,4.01
1,1954,5.0,4.18
122,4641,4.5,3.59
428,6482,0.5,3.5
169,631,3.0,2.99
219,442,3.5,2.79
288,1019,3.0,3.36
549,122924,5.0,3.11
43,150,5.0,4.32
166,4226,5.0,2.95
292,2115,4.0,2.87
298,40732,2.5,2.96
376,8961,3.5,3.76
474,7026,1.5,3.34
608,34319,4.0,2.83
103,1208,4.0,4.21
525,4014,4.0,3.9
599,2858,5.0,4.12
448,85401,2.0,2.81
217,1544,3.0,2.9
13,2145,3.0,3.44
60,50,3.0,4.1
298,30707,3.0,4.27
226,543,4.0,2.97
409,2485,3.0,2.96
159,65230,5.0,2.96
133,50,3.0,3.76
606,7092,3.5,3.88
477,71057,4.0,4.13
462,3814,3.5,3.86
196,5418,4.0,4.11
20,3438,4.0,2.88
416,830,1.5,2.3
20,1547,3.0,2.54
89,128944,3.5,4.05
382,56152,4.5,3.71
182,43396,3.5,3.74
474,1196,5.0,4.11
305,8368,3.0,3.48
517,46337,0.5,2.67
480,4305,0.5,4.01
414,3039,4.0,3.47
468,39,5.0,3.0
387,1230,5.0,3.44
19,3706,3.0,2.47
602,344,2.0,2.81
561,2815,3.0,3.12
20,2087,4.5,3.33
199,2918,4.5,4.39
489,6305,3.0,3.32
368,593,4.0,3.56
128,905,5.0,4.12
514,38583,2.5,3.22
153,1907,3.0,2.66
483,1256,4.0,3.94
96,1625,4.0,3.71
212,8961,3.0,3.17
220,1258,2.0,4.28
135,1343,3.0,3.02
200,4367,2.5,3.39
74,44937,4.0,2.95
573,6373,4.5,3.91
274,2052,3.5,2.44
226,3809,4.5,3.61
414,2367,2.0,2.98
105,64839,4.0,3.4
382,6332,3.0,3.51
202,852,4.0,3.72
298,86833,3.0,3.65
63,1196,5.0,4.29
202,1393,3.0,3.2
592,339,5.0,3.91
407,60069,2.5,3.64
414,2372,2.0,2.85
448,1729,4.0,3.9
211,8665,4.0,3.6
137,5060,3.5,3.79
385,1179,4.0,4.02
274,26242,3.5,3.85
222,86911,3.5,3.74
585,48516,4.5,4.13
135,2028,4.0,3.62
150,733,4.0,2.98
520,7454,3.5,3.26
448,1011,4.0,3.44
27,60,3.0,4.15
100,16,4.5,3.87
591,2490,2.0,3.09
387,2990,3.0,3.68
68,923,3.0,3.59
414,5293,4.0,3.53
132,1271,3.5,3.93
317,5418,3.0,3.73
492,1,4.0,3.33
580,6790,4.5,3.55
298,39444,2.5,2.74
284,376,4.0,3.69
66,799,4.0,3.32
187,1136,4.0,3.94
490,4447,2.0,3.66
95,3424,4.5,4.13
555,2571,5.0,3.8
480,7265,4.0,3.92
448,6428,3.0,2.88
288,2922,3.0,3.28
610,40732,4.0,3.52
610,81591,3.5,4.06
590,2066,3.5,4.08
76,33004,4.0,3.33
446,16,3.0,4.02
341,3988,3.0,3.35
318,2081,3.0,2.94
534,69436,3.0,2.89
408,33794,5.0,4.09
202,2402,2.0,3.41
599,548,1.5,2.81
474,74,3.0,2.72
567,26171,0.5,2.88
325,3544,3.0,3.78
233,527,4.0,3.52
474,6760,3.0,3.26
474,34072,3.5,3.17
232,45666,2.0,3.31
517,83270,2.0,2.71
410,296,2.0,4.51
156,1517,3.0,3.14
387,154,4.0,3.13
414,33495,2.5,3.4
268,1093,1.0,4.32
312,1130,4.0,3.55
287,4034,3.5,3.63
381,4993,4.0,4.32
241,4235,3.0,3.63
484,82852,4.0,1.69
477,2761,4.0,3.84
599,60365,1.5,3.52
600,2193,5.0,3.63
298,61160,2.5,4.04
280,916,4.0,3.81
489,88125,3.5,3.98
594,2058,4.5,3.51
288,2120,2.0,2.43
608,6365,5.0,3.21
580,7438,4.5,3.96
263,24,3.0,3.09
88,7153,5.0,4.05
142,527,5.0,4.0
438,4310,3.5,3.96
313,4499,4.0,2.82
610,5959,3.5,4.02
599,128197,2.0,3.54
91,6863,2.5,4.26
313,1080,1.0,3.57
318,6953,4.0,3.46
140,49910,2.5,3.86
135,2193,2.0,3.94
18,135569,3.5,3.41
489,2001,3.5,2.82
381,8529,4.0,3.06
199,3316,2.0,3.56
408,8972,4.0,3.23
307,2423,2.5,2.26
610,67923,3.0,3.92
469,1260,4.0,4.74
28,41997,3.0,3.16
382,7155,3.5,4.37
156,1288,4.0,3.95
275,2964,1.0,4.4
217,2167,2.0,2.62
111,7439,3.0,4.03
448,2109,3.0,3.81
520,1610,4.0,2.64
393,6539,5.0,3.48
34,2443,4.5,3.1
68,85780,2.5,3.37
438,180,4.0,3.5
310,2372,2.0,2.93
19,1973,2.0,2.89
237,2628,2.5,3.4
584,590,5.0,4.18
183,3256,3.0,2.95
64,370,2.0,3.36
371,2987,4.5,3.41
482,442,4.0,3.11
140,2912,3.5,3.65
330,64614,4.0,3.71
380,55553,3.0,3.36
155,2195,3.0,3.51
594,7046,0.5,2.87
82,368,3.5,2.87
298,2916,4.0,3.59
187,1732,5.0,3.94
290,2988,4.0,3.53
57,265,2.0,3.83
130,110,5.0,3.82
246,91542,4.5,3.82
75,8360,4.0,3.22
19,2393,3.0,3.68
68,78703,4.0,2.88
387,4441,3.5,3.46
160,379,3.0,3.32
599,4700,2.0,2.71
202,372,3.0,3.06
573,8636,4.0,3.55
249,88954,3.5,3.44
219,293,4.0,3.34
352,71156,3.0,3.68
381,5459,2.5,3.72
551,122918,4.0,3.31
563,112552,4.5,3.76
342,5014,5.0,3.83
91,4027,4.0,3.28
608,2335,2.5,3.1
597,380,2.0,3.02
274,2353,3.5,3.62
15,59315,2.0,3.33
226,4963,4.5,4.01
606,780,2.5,3.7
599,1089,5.0,3.16
280,70984,2.0,3.23
474,41285,3.5,3.59
354,50,4.5,4.33
428,4941,2.0,3.07
63,595,3.0,4.13
103,1387,4.0,3.85
480,318,5.0,3.71
13,3624,4.0,2.28
146,2085,4.0,3.17
246,36363,3.5,1.94
414,7236,3.5,3.39
14,339,4.0,3.33
378,7153,4.5,4.33
387,2985,3.0,3.86
181,466,2.0,3.79
45,2718,3.0,3.22
599,157,1.5,2.1
564,61132,1.5,3.44
514,586,3.5,3.7
298,3593,0.5,2.04
530,329,3.0,3.93
91,251,2.5,2.93
79,3578,2.0,4.33
41,115149,0.5,3.86
124,6377,5.0,4.03
274,2136,3.0,3.21
89,171811,4.0,3.94
301,377,2.5,2.99
525,1031,3.5,3.1
305,4226,3.5,2.74
371,1199,5.0,3.99
28,678,3.5,3.51
318,51174,3.5,3.76
249,3988,3.5,3.54
309,4326,4.0,2.91
125,93855,4.5,3.57
168,1252,5.0,4.44
212,31658,4.0,4.11
452,1954,4.0,4.35
126,595,4.0,3.85
195,2076,2.0,4.39
356,50,3.5,4.26
414,3365,4.0,4.21
491,31685,4.5,2.72
290,1333,4.0,2.74
509,91266,2.5,2.87
570,2115,4.0,2.52
325,2024,3.0,3.18
401,45722,3.5,3.72
448,4734,4.5,3.13
104,5541,3.5,3.47
600,7247,3.5,2.6
483,3967,4.0,3.21
177,2020,3.0,3.65
210,117192,4.5,3.69
275,1594,5.0,2.49
534,99117,4.5,3.77
249,1717,2.5,3.16
514,2902,3.0,2.87
448,4952,2.0,3.91
84,406,3.0,3.5
318,106918,4.0,3.68
460,2747,3.0,3.21
410,357,4.0,3.51
51,5254,2.5,3.43
413,1246,1.0,4.29
573,8641,5.0,3.7
381,8665,4.0,3.36
352,114180,4.5,3.0
339,90345,4.5,3.41
414,102445,3.5,3.89
419,2542,4.0,3.26
18,91658,3.5,3.53
514,3704,2.0,3.1
476,296,3.0,3.97
210,135887,4.0,3.53
564,58803,3.5,3.21
438,260,5.0,4.03
221,1721,3.0,2.9
51,5481,4.0,3.5
169,4308,5.0,4.51
21,435,1.0,2.83
555,724,5.0,3.36
170,500,4.0,4.3
140,7143,3.5,3.19
1,2459,5.0,3.77
28,62792,2.5,3.48
288,5418,3.5,3.36
469,5060,4.0,3.87
560,1907,3.5,3.01
404,36,3.0,3.73
209,71535,2.0,3.91
284,95,5.0,2.75
380,134524,3.0,2.08
603,2291,4.0,3.94
603,4450,4.0,2.52
304,1608,4.0,3.38
19,2706,3.0,3.4
318,3736,3.0,3.69
504,5377,4.0,3.22
103,4019,5.0,3.7
156,348,3.0,3.36
274,7449,2.5,3.41
474,929,3.5,3.91
140,4337,4.0,3.85
105,30812,4.0,3.19
591,2694,4.0,2.87
159,4246,5.0,3.62
28,1754,3.0,3.07
455,110,4.0,4.69
474,4975,3.0,4.02
292,30793,3.5,1.88
510,34405,0.5,4.19
331,4447,1.5,2.96
448,1209,5.0,4.39
596,86332,3.5,3.27
597,778,5.0,3.29
480,1921,4.5,3.42
322,780,3.0,3.94
141,91500,3.5,2.48
93,356,5.0,2.67
68,2918,4.0,3.21
381,53953,4.0,2.96
170,733,3.0,3.9
22,6502,1.5,3.82
603,1809,5.0,2.87
19,2423,4.0,3.01
608,6863,4.5,3.26
419,7022,5.0,3.74
125,2692,4.0,3.97
468,225,4.0,3.17
122,103253,4.0,4.18
449,2692,3.5,3.86
115,1377,1.0,4.08
274,47997,3.5,3.69
453,798,3.0,3.33
480,5577,4.5,2.73
318,71453,4.0,3.46
202,2457,4.0,3.92
288,32,5.0,4.18
490,5313,2.0,3.1
104,4941,2.5,3.73
17,50,4.5,3.86
558,296,3.0,3.91
6,254,3.0,3.62
570,653,3.0,3.22
332,92938,2.0,2.71
347,380,3.0,3.78
346,778,3.5,4.63
381,48304,3.0,3.77
610,2918,3.5,3.59
325,1191,2.0,4.07
469,3770,3.0,2.88
212,168254,3.0,3.93
186,1921,4.0,3.22
182,23,3.5,3.07
600,6538,3.0,2.65
580,4995,3.5,4.39
563,4017,3.0,3.17
265,2011,3.0,3.6
610,6867,4.0,3.21
288,8464,3.0,2.78
461,527,3.5,3.76
597,1198,5.0,3.73
488,955,4.0,4.22
184,109374,4.5,3.53
63,780,3.0,3.64
249,45662,2.0,3.31
449,186,0.5,3.08
453,356,5.0,4.52
520,42002,3.5,2.95
556,7153,4.0,3.75
580,292,3.0,4.08
221,2944,3.5,3.58
249,1206,4.0,4.11
513,2858,4.0,3.59
480,288,2.5,3.61
235,410,2.0,3.28
344,2571,5.0,4.56
125,522,3.0,3.47
79,260,5.0,4.04
177,4993,2.0,3.88
318,3300,3.5,3.26
111,87869,4.0,3.93
105,175293,5.0,3.26
443,2858,4.0,3.75
197,50,3.0,4.19
5,1,4.0,4.2
232,6338,3.0,3.71
288,8783,3.0,2.82
260,7022,4.0,3.6
280,4310,4.0,3.1
437,508,5.0,3.63
514,2301,2.0,3.03
489,4128,4.0,3.4
298,4228,3.0,3.52
410,4062,4.0,2.73
215,2915,3.5,3.51
281,7325,4.0,2.88
68,3984,4.0,2.99
117,589,4.0,4.08
580,680,3.0,2.84
298,2485,0.5,2.78
307,5309,1.5,2.16
367,3743,3.0,2.66
187,1198,3.0,4.63
594,11,5.0,3.09
4,1732,4.0,4.38
279,97304,3.5,3.56
332,5291,5.0,3.78
73,87869,3.5,3.99
218,1625,2.0,3.33
156,1923,4.0,2.61
114,122904,3.5,4.07
414,175,4.0,2.97
414,143385,4.0,3.12
275,852,4.0,4.19
177,7153,2.0,2.9
525,7090,4.5,3.83
7,49824,3.0,3.17
68,1388,2.5,3.78
201,1732,2.0,3.38
465,3686,3.0,4.29
599,1580,3.0,2.49
414,3836,5.0,2.89
57,707,2.0,3.66
305,74795,4.0,2.83
599,121231,3.5,2.94
169,6218,4.0,3.57
74,6791,5.0,4.24
42,590,4.0,4.27
28,51471,3.0,3.53
128,926,5.0,4.16
560,116797,3.0,3.71
469,2194,5.0,4.14
473,4979,4.5,3.88
100,1220,3.0,4.43
105,3310,4.5,3.81
274,6333,4.0,3.7
603,2734,4.0,2.73
280,27,4.5,4.11
608,37830,3.0,2.85
414,1961,4.0,4.11
202,1206,4.0,4.27
573,653,3.0,3.22
201,150,4.0,3.9
560,31685,3.0,3.29
391,1240,4.0,2.9
606,7093,4.0,3.92
182,44199,3.0,3.98
155,1,3.0,3.29
474,6335,3.0,3.75
608,1907,3.5,3.63
62,4995,4.5,4.24
534,97752,4.5,3.37
600,1962,2.0,3.53
565,539,3.0,3.69
373,355,1.0,3.51
45,2916,4.0,3.87
232,6331,3.0,3.75
245,3101,1.0,3.68
474,43333,3.5,4.2
597,2916,5.0,3.77
277,637,3.0,3.65
550,167296,0.5,3.19
182,1483,3.5,3.71
514,22,3.0,2.77
599,2005,1.5,3.22
416,3624,2.0,3.02
567,138036,3.0,3.9
345,3396,3.0,3.77
377,6021,5.0,3.14
103,551,4.0,3.99
177,58559,5.0,4.77
113,4126,4.0,2.17
259,1356,0.5,4.18
221,1090,4.5,3.35
81,380,2.0,3.7
111,160080,3.5,3.87
424,364,4.5,3.45
474,6228,4.0,3.81
328,1136,5.0,3.5
365,160954,1.5,3.41
234,1379,3.0,3.8
105,48872,4.5,4.39
590,6157,2.0,2.72
295,4973,4.5,2.96
474,26116,4.0,3.89
64,8832,3.5,3.53
135,2723,4.0,2.76
169,231,4.5,3.76
256,97938,4.5,4.09
74,55444,5.0,4.22
57,500,3.0,3.53
23,912,3.5,4.32
318,4967,4.0,3.91
599,85414,3.0,3.31
103,82854,3.0,2.19
339,30749,3.5,3.7
459,2571,4.0,3.37
414,5139,3.5,3.78
540,48385,4.0,3.34
47,141,2.0,2.88
318,8984,3.5,3.7
318,5218,3.5,2.83
224,3072,5.0,3.52
21,2671,4.0,2.73
534,87232,2.5,3.26
453,4153,2.0,2.69
132,1562,1.5,2.6
352,50,5.0,4.33
47,45950,3.0,3.22
288,3313,2.0,2.84
438,1517,3.5,2.92
334,58105,3.5,3.22
123,4886,4.0,4.27
380,3869,4.0,3.67
606,858,4.0,4.53
167,5418,4.5,3.61
68,805,3.0,3.37
483,3740,3.5,3.76
352,93840,4.5,4.08
452,2683,5.0,4.09
156,3134,5.0,2.5
42,4361,3.0,3.76
271,1282,3.0,4.31
368,920,4.0,4.08
125,83349,3.0,3.46
607,2716,4.0,3.27
91,1762,2.5,2.43
334,589,4.0,4.35
606,6436,3.0,3.75
56,457,4.0,3.26
365,48774,1.5,4.44
313,1994,3.0,3.95
330,1721,3.5,3.8
422,4939,3.0,2.95
577,1225,4.0,4.15
43,480,4.0,3.69
497,4973,3.0,4.35
317,288,2.0,4.07
448,102880,1.5,3.05
387,1952,4.0,3.51
590,53972,3.0,3.95
414,2496,3.0,3.59
125,2959,5.0,4.16
495,88129,4.0,4.0
52,65514,3.5,3.66
483,6365,2.5,2.53
422,3980,4.0,2.72
383,1196,3.0,4.4
279,115713,5.0,3.87
410,427,4.0,3.06
328,2762,2.0,4.15
44,104,4.0,4.25
288,1197,4.0,4.15
122,87306,4.5,3.8
414,4305,1.5,3.57
151,92,1.0,3.0
226,1517,4.0,3.78
169,788,4.5,2.83
474,3789,3.5,3.41
343,527,5.0,4.37
125,1590,2.0,3.55
132,60069,0.5,3.72
559,509,4.0,3.86
381,3396,1.0,3.51
418,2144,3.5,4.27
20,4447,3.0,3.27
351,90471,3.5,3.61
479,185,1.0,3.05
429,276,3.0,3.67
256,95441,3.5,2.49
275,3794,2.0,2.9
474,1496,4.0,3.23
263,6218,4.0,3.02
94,10,3.0,3.51
65,46976,3.5,3.79
212,2571,3.0,4.52
19,490,2.0,2.23
474,7451,4.5,3.05
414,5151,4.0,3.09
541,361,3.0,4.48
318,671,4.5,3.26
45,2687,4.0,3.76
274,5803,1.5,2.53
580,1441,3.0,3.51
597,2819,5.0,2.78
116,2724,5.0,3.14
236,3052,5.0,3.78
387,2088,2.0,2.25
477,2716,4.0,3.38
432,74458,4.5,4.45
216,905,4.0,3.78
202,3194,4.0,3.62
606,936,4.0,4.39
414,55830,3.5,3.96
414,115713,4.5,4.17
91,1261,4.5,3.32
551,84152,4.5,3.52
108,5316,4.0,3.35
495,1608,4.0,3.29
28,48326,2.5,3.7
586,1210,4.5,4.59
339,3967,3.5,3.43
380,2011,4.0,3.75
381,50872,3.5,3.31
339,6,4.0,4.12
380,47,5.0,3.31
113,1247,4.0,3.48
526,46578,5.0,3.11
580,6934,5.0,3.21
58,596,4.0,4.48
45,6,4.0,3.51
478,33164,0.5,3.49
246,541,5.0,3.77
462,5239,4.0,2.49
562,2648,3.5,3.74
483,93723,3.0,2.8
441,4980,3.5,3.69
356,3210,4.5,2.96
20,3751,5.0,3.46
474,8983,4.0,3.47
368,1129,3.0,3.52
414,2148,2.0,4.23
469,1278,4.0,4.08
41,31685,3.0,3.37
211,260,4.5,4.09
64,7701,3.0,3.45
47,171011,3.0,3.61
68,2950,3.5,3.61
453,3255,4.0,4.19
434,741,5.0,3.2
610,6156,3.5,2.78
543,377,5.0,3.41
606,3408,4.0,2.89
274,1265,4.5,4.42
275,3160,1.0,2.66
597,260,5.0,3.91
288,3785,2.0,2.27
543,344,4.0,3.66
610,4816,4.0,3.11
226,1042,3.0,3.86
448,5,3.0,3.76
564,64969,3.0,3.08
125,9010,5.0,3.06
433,174055,1.5,4.48
600,2123,3.0,2.87
590,1250,5.0,3.78
608,2423,2.0,2.58
313,1954,2.0,3.42
484,998,5.0,3.43
394,356,4.0,3.78
351,4995,4.5,4.28
79,457,4.0,3.79
514,165103,3.5,2.83
15,849,2.0,3.72
586,4963,4.0,3.53
202,2942,3.0,3.99
318,1022,2.5,3.4
307,51662,3.5,3.42
182,3045,5.0,3.83
68,8907,2.5,3.61
68,122918,3.5,3.87
68,6157,2.0,3.91
486,648,5.0,3.31
605,46972,4.0,3.04
72,1216,4.0,3.94
474,7311,3.5,3.37
448,101025,2.5,2.93
156,4973,4.0,4.65
474,2553,3.5,3.43
448,1967,3.0,3.34
41,2329,4.0,4.16
199,1641,4.0,3.64
387,500,2.5,3.44
234,2700,3.0,2.92
199,8781,3.0,3.83
307,6287,3.5,2.37
32,50,5.0,4.04
357,524,4.5,4.13
452,2393,5.0,3.87
594,4715,3.0,2.3
71,1,5.0,2.82
381,7361,4.0,3.12
490,1784,3.0,3.73
332,1270,4.0,4.01
132,1249,3.0,3.74
489,3052,4.0,3.22
555,955,5.0,3.68
226,4489,4.0,3.05
125,108932,3.0,4.29
89,909,2.5,2.71
290,1242,5.0,3.88
474,7051,3.0,3.59
580,1234,2.0,3.52
177,3534,4.0,3.86
309,48780,3.5,3.32
555,1007,3.0,3.44
89,93006,4.5,4.2
15,103249,3.5,3.43
563,63992,1.0,2.6
610,1200,5.0,4.66
89,905,3.0,2.52
93,153,4.0,3.57
603,3361,4.0,3.46
226,1240,4.0,3.74
326,1955,3.5,3.35
561,45186,3.5,3.77
76,63436,4.5,3.46
217,3274,3.0,3.09
419,37240,4.0,2.93
378,58559,4.5,4.34
191,269,3.0,4.3
274,788,3.0,3.47
586,68954,5.0,3.88
349,539,3.0,4.15
21,115617,4.0,4.61
301,110,1.5,3.42
372,1073,3.0,3.64
132,1079,3.5,4.03
249,52722,3.5,3.17
91,50,4.5,4.26
414,2482,3.0,3.12
232,4995,4.0,3.54
356,48342,5.0,3.89
215,1172,5.0,3.85
380,370,4.0,2.87
280,2396,3.0,3.58
469,1732,5.0,2.83
608,1994,3.0,3.59
418,127108,4.5,2.76
89,131826,3.5,3.87
416,2959,4.0,4.85
448,54272,4.0,3.35
599,1713,2.5,2.77
226,3087,4.0,3.75
50,1387,3.0,3.14
380,54286,3.5,3.98
448,50872,3.0,4.16
134,553,4.0,3.33
596,128908,4.0,3.38
534,112623,1.5,3.37
572,3135,3.0,3.57
305,2167,5.0,2.27
298,1968,3.5,3.11
489,3793,3.5,3.23
448,1227,5.0,4.56
119,110730,4.0,3.34
414,345,4.0,2.86
105,56782,4.5,3.98
84,1094,4.0,3.38
385,1287,4.0,4.1
509,46062,1.5,3.38
385,1305,3.0,3.82
217,1812,4.0,3.51
6,537,3.0,3.08
414,145,2.0,4.13
68,1276,3.5,3.54
28,41569,2.5,2.85
265,2701,2.0,4.2
346,8228,3.0,3.33
137,1267,3.5,3.71
414,3060,4.0,3.08
311,2706,0.5,3.33
204,293,4.5,4.45
182,3053,4.5,3.63
469,2009,3.0,3.2
318,1289,3.5,3.78
61,555,4.5,3.28
427,5506,3.0,2.11
239,1200,4.0,4.26
387,35836,3.5,4.19
297,319,5.0,3.94
572,924,5.0,2.66
599,107406,3.5,3.88
334,4225,3.5,4.03
599,5334,2.0,3.27
555,2458,4.0,2.96
313,332,4.0,2.88
275,1945,5.0,3.71
88,4995,4.5,4.23
599,2339,1.5,3.17
95,4732,1.0,4.09
156,2352,3.0,2.94
177,48412,3.0,3.32
103,5349,3.0,3.87
182,610,3.0,4.26
474,2728,4.0,3.47
372,1203,4.0,3.89
332,26564,3.5,3.89
603,1056,4.0,3.37
191,720,5.0,4.0
414,2759,3.0,3.64
286,39,3.5,3.0
610,56782,5.0,2.87
504,2321,4.0,4.05
380,5445,4.0,3.57
555,2987,4.0,3.7
605,5952,5.0,4.34
51,2826,3.5,3.3
376,1610,4.0,3.67
307,2406,2.5,3.1
480,5064,4.0,3.51
57,3704,3.0,2.48
573,6365,4.5,3.96
156,2243,2.0,2.89
448,3494,5.0,3.68
601,1221,4.5,3.59
42,16,5.0,3.6
234,2089,4.0,3.6
304,1242,5.0,2.64
21,2541,4.0,2.89
474,2746,2.0,3.33
276,2,4.0,4.03
70,1259,4.5,4.22
275,4886,4.0,3.49
534,94018,2.0,2.16
64,5956,4.0,4.16
307,454,3.0,2.92
479,82,5.0,3.61
132,1258,4.0,3.64
385,1281,4.0,3.73
36,2082,2.0,3.04
474,46578,3.5,4.22
414,5485,5.0,3.21
325,1805,4.0,3.01
28,6711,2.5,3.72
477,1831,4.0,3.67
597,42,3.0,3.31
606,345,4.5,3.28
409,3814,5.0,3.17
219,46322,3.0,2.37
156,924,4.5,4.0
21,34048,3.5,3.25
514,785,2.5,2.68
263,2125,3.0,2.86
610,7460,3.5,3.39
432,5349,2.5,3.16
359,1198,3.0,4.08
424,4816,3.0,2.7
477,216,4.0,3.85
182,2580,4.0,3.75
274,37720,1.5,3.38
469,610,3.0,3.85
331,296,5.0,4.02
514,7153,3.0,3.58
140,2819,3.0,3.33
20,3948,3.5,3.35
413,4993,5.0,3.92
606,6202,3.5,2.81
82,5220,4.0,3.49
462,1961,2.0,3.62
254,7090,4.5,3.7
38,222,3.0,4.37
287,799,2.5,3.81
279,112183,4.5,3.62
448,33004,3.0,3.49
567,122922,3.0,2.92
548,58559,5.0,3.95
111,170957,3.0,3.57
428,7361,4.0,3.74
113,1829,3.0,3.63
274,8807,3.5,2.66
357,553,5.0,3.8
126,500,4.0,3.36
474,4809,4.0,3.14
605,5667,3.0,3.28
571,3660,1.0,3.39
597,1527,4.0,3.04
182,3882,2.0,2.5
249,102123,5.0,3.67
175,38388,5.0,3.87
185,34,2.0,4.24
596,1136,4.0,4.04
552,553,1.5,3.21
466,57368,4.0,3.13
517,1282,5.0,3.03
63,111781,5.0,4.12
458,161,5.0,3.92
210,147380,4.5,4.59
599,37727,1.5,3.53
485,10,4.0,3.16
380,3300,4.0,3.41
316,1967,3.0,2.99
24,132660,4.0,3.6
305,45081,3.5,3.04
599,74696,3.0,3.32
599,2154,2.0,3.29
204,68954,4.0,3.55
282,1220,4.0,4.41
63,60069,4.0,3.69
25,58559,5.0,3.74
148,4896,4.0,3.57
125,97752,4.0,3.52
448,592,3.0,3.6
480,3535,3.0,3.27
603,1097,4.0,2.66
68,10,4.5,3.38
438,5903,5.0,3.22
414,66203,3.0,3.27
305,60069,5.0,3.96
232,34520,2.5,2.88
599,2719,1.5,2.88
409,1694,4.0,3.22
137,1272,5.0,3.68
256,170,4.5,3.9
18,171023,4.0,3.57
294,3699,1.0,2.43
305,3300,3.0,2.71
169,3147,4.5,3.88
241,71899,4.5,3.46
182,2808,0.5,3.81
610,8578,3.0,2.89
181,592,2.0,3.61
475,58025,4.5,2.68
33,1617,5.0,3.3
380,82461,3.0,3.96
484,87529,2.0,2.42
115,2028,5.0,3.66
561,86332,4.0,3.42
603,339,3.0,3.3
249,380,4.0,3.64
610,68486,3.5,2.01
52,150,4.0,3.14
292,2005,3.0,2.78
514,3552,4.0,3.02
368,2009,3.0,2.96
23,1809,3.5,2.49
174,539,5.0,4.1
221,1086,4.5,3.51
57,1517,4.0,3.56
298,79132,3.5,3.82
448,70565,2.5,3.46
19,2372,1.0,2.89
103,57522,3.5,3.51
256,2011,5.0,3.66
305,49530,4.5,3.7
64,3809,4.0,3.79
177,5943,4.0,3.12
156,5060,4.0,3.65
414,3020,4.0,3.23
367,4155,4.0,3.23
91,7123,4.0,3.27
139,56788,2.0,3.34
339,86504,5.0,4.08
221,5247,2.5,2.87
199,5670,3.0,3.94
560,3996,4.0,3.82
159,63082,0.5,3.43
577,435,3.0,3.37
599,128360,3.0,3.61
357,3897,5.0,3.82
189,2762,4.0,3.84
606,50,4.5,3.17
105,104780,5.0,3.64
580,1923,4.0,4.43
385,1,4.0,4.19
453,1393,4.0,4.54
448,4489,3.0,2.12
140,4299,3.0,3.86
91,2762,4.0,4.13
105,56174,4.0,3.71
160,353,5.0,3.58
246,838,4.0,3.54
263,597,4.0,3.73
367,1968,5.0,3.39
352,64614,5.0,3.83
91,158,2.0,3.27
391,555,5.0,3.64
286,5218,5.0,3.47
517,1230,1.5,3.91
414,230,3.0,2.54
51,2371,3.5,3.86
558,5064,5.0,4.08
448,5094,1.5,2.13
387,46970,2.5,3.57
493,2872,3.0,3.1
136,62,5.0,2.65
217,3197,3.0,4.3
51,2282,4.5,2.94
28,2194,3.5,3.25
495,72998,5.0,3.22
387,3536,2.5,3.45
344,3897,3.0,3.74
318,337,4.0,3.37
599,34292,1.5,3.03
492,1405,5.0,2.82
221,27741,4.5,4.21
482,647,3.5,3.13
89,164226,4.5,4.11
489,5541,2.5,2.57
57,3114,4.0,4.2
491,30825,4.0,3.56
64,27869,4.5,3.09
275,1267,5.0,4.28
493,3267,4.0,3.29
62,1246,4.5,4.66
483,61323,4.5,3.59
356,1259,3.5,4.64
483,3745,4.5,3.31
574,300,3.0,4.3
18,502,2.0,2.98
474,6535,2.0,3.54
414,3977,4.0,3.17
177,45447,3.5,2.89
287,5902,3.5,3.64
217,89,4.0,2.81
274,44974,3.5,2.59
135,1214,4.0,4.38
105,48516,5.0,4.1
91,3623,2.0,2.77
70,1210,5.0,4.31
586,27619,4.5,2.93
464,1036,5.0,2.36
356,2716,5.0,3.9
600,19,3.0,2.91
414,1037,3.0,4.07
156,3873,4.0,3.16
603,1208,5.0,4.27
274,4732,1.5,3.34
525,596,1.5,3.61
141,3578,5.0,3.4
474,1939,3.5,3.55
290,2935,4.0,3.98
599,1394,3.0,3.37
212,135861,2.0,3.49
274,2000,3.0,3.34
428,4890,2.0,3.53
78,380,4.0,3.78
604,233,3.0,4.03
504,6620,3.0,3.25
590,60074,3.0,4.06
567,134246,0.5,3.56
543,588,5.0,3.55
64,4306,3.5,2.91
211,3638,4.5,3.66
135,608,4.0,3.72
381,480,4.0,4.2
372,157,3.0,2.68
303,5502,4.0,2.75
474,1252,4.0,3.97
6,489,3.0,3.56
480,1101,4.0,3.64
528,97921,3.5,3.6
288,5349,4.0,3.63
229,434,3.0,3.05
603,1120,2.0,3.21
63,110,2.5,3.88
331,4638,2.0,3.15
305,2268,5.0,3.64
603,1680,4.0,3.3
276,837,4.0,3.64
559,349,3.0,3.24
537,69481,3.5,3.19
368,1240,4.0,3.91
367,3510,5.0,3.6
91,3263,2.0,3.65
415,4369,3.0,3.16
328,1380,0.5,3.14
414,1390,2.0,3.95
249,3978,3.5,3.35
331,40819,4.0,3.36
202,2355,4.0,3.77
489,5218,3.5,3.01
247,6365,3.0,4.16
274,5349,3.0,3.91
318,74458,4.5,3.29
500,342,2.0,3.43
76,4878,2.5,3.51
543,1387,5.0,4.62
339,1580,2.0,3.73
597,1090,5.0,3.31
116,30749,4.5,3.76
111,5025,3.0,4.0
479,351,2.0,3.66
