userId,movieId,rating,predicted_rating
432,77866,4.5,2.94
288,474,3.0,4.11
599,4351,3.0,3.48
42,2987,4.0,3.73
75,1610,4.0,3.83
51,177,4.0,2.59
354,51662,3.5,3.75
416,750,4.5,4.29
438,6503,0.5,2.7
73,8641,3.5,3.84
567,1203,4.5,4.15
391,1179,4.0,3.7
380,111362,5.0,4.45
305,55276,5.0,4.29
409,3868,4.0,3.34
307,6957,3.5,3.78
274,26736,4.5,0.0
125,6952,3.0,3.09
561,1278,3.5,4.07
68,6953,2.5,3.58
525,50872,3.5,4.28
414,3847,2.0,0.0
6,587,5.0,3.61
601,48394,4.0,3.89
325,32,4.0,4.03
82,5065,3.0,3.1
16,204,2.0,2.67
542,4816,1.5,3.5
32,39,3.0,3.31
140,2682,4.0,0.0
182,5643,3.0,3.76
89,42761,4.5,0.0
359,541,1.5,4.1
183,1408,4.0,3.76
111,119155,3.5,3.66
80,2513,4.0,2.44
448,117590,2.0,4.42
514,1258,4.0,4.29
68,1101,3.5,3.68
325,80,4.0,0.0
509,1588,3.5,3.25
131,31,3.0,3.2
45,2355,5.0,3.81
156,3167,3.0,3.71
440,1199,4.5,4.19
312,5065,3.0,3.0
57,2102,4.0,1.76
603,2020,4.0,4.34
337,778,4.0,4.08
116,356,4.0,4.23
122,63113,4.5,3.6
201,185,3.0,3.16
167,318,5.0,4.54
139,60072,1.5,3.11
68,628,3.5,3.75
16,293,4.0,4.09
448,99992,3.0,0.0
450,1073,4.0,3.93
178,380,4.0,3.59
599,59369,2.5,3.94
581,4226,4.5,4.17
215,1347,0.5,3.11
610,4228,3.0,2.01
81,288,3.0,3.22
414,2120,2.0,0.0
340,185,3.0,3.11
323,111443,2.5,0.0
232,586,3.0,3.37
186,3740,3.0,3.9
28,1245,3.5,4.28
195,4067,4.0,3.16
414,86190,4.0,3.89
596,141131,2.5,0.0
561,1394,4.0,4.24
602,448,3.0,3.5
202,2983,4.0,0.0
195,553,4.0,3.92
200,44761,5.0,3.69
387,5296,1.5,2.9
514,104841,3.0,3.74
510,2710,1.0,2.88
290,2385,3.0,0.0
221,446,4.5,3.46
598,7361,5.0,4.23
596,4014,3.5,3.68
414,157699,4.0,4.17
34,31685,2.0,3.24
62,2115,4.5,3.72
448,105211,3.5,0.0
137,1242,4.0,4.11
438,2642,3.0,2.38
606,47538,2.5,0.0
352,51662,4.0,3.8
572,3093,5.0,3.27
129,4878,2.5,4.05
279,164179,4.0,4.03
428,6365,3.0,3.42
152,858,5.0,4.36
328,1198,5.0,4.44
427,435,3.0,2.49
367,3751,5.0,3.49
599,97306,3.0,3.93
525,98243,3.0,3.96
111,78174,1.5,0.0
42,2735,4.0,2.78
606,2677,4.0,4.45
560,6863,3.0,3.5
19,422,3.0,3.44
51,3363,4.5,3.94
474,381,2.5,4.0
68,2096,3.0,3.81
189,7153,4.0,4.14
599,93723,1.5,0.0
556,41566,3.5,3.49
596,3623,2.5,2.8
387,778,4.5,4.36
3,2090,0.5,3.41
1,3740,4.0,3.94
73,99106,1.5,0.0
217,357,3.0,3.65
438,43928,0.5,1.97
282,55765,4.0,4.08
310,1247,4.5,4.06
448,122924,2.0,3.62
91,2990,2.0,3.47
103,4848,5.0,3.81
380,3156,4.0,2.92
566,552,4.0,3.33
298,77561,3.5,3.93
599,31921,2.5,0.0
381,4226,4.5,4.3
292,2376,4.0,3.28
43,596,5.0,3.49
50,127146,3.0,0.0
46,185,4.0,3.13
564,119141,4.5,3.55
89,117590,4.0,4.15
217,1963,1.0,3.63
140,3107,3.0,3.58
125,4738,4.0,4.27
274,74532,2.5,3.35
382,1702,3.5,3.11
560,122890,3.5,4.03
48,1527,4.0,3.72
338,183897,1.5,3.73
567,162606,1.0,3.73
475,122882,4.5,3.8
290,2772,3.0,2.84
7,8665,3.5,3.91
282,1704,4.5,4.22
6,26,4.0,3.55
599,66171,2.5,0.0
610,46970,4.0,3.64
469,733,3.0,3.74
256,39183,2.0,3.57
312,3863,3.0,3.01
132,7034,3.0,3.94
480,8861,2.0,3.42
414,82202,3.0,2.52
274,5804,2.5,0.0
217,3363,3.0,3.91
387,356,4.0,4.45
227,81845,3.5,4.18
226,2011,4.0,3.69
368,1957,4.0,4.23
587,380,4.0,3.6
488,7139,2.5,4.03
135,231,2.0,3.17
535,2539,3.0,3.0
529,653,4.0,3.13
62,6058,3.5,3.05
448,80590,2.0,4.1
14,592,2.0,3.5
368,1210,4.0,4.28
534,3483,4.5,3.23
221,4128,3.5,3.81
29,56174,4.0,3.52
474,4034,4.5,4.45
448,7319,3.0,2.18
21,7569,4.5,3.87
43,231,3.0,3.1
112,25,2.5,3.74
414,3127,2.0,3.67
352,38038,3.0,3.73
502,3147,5.0,4.1
339,4848,5.0,3.83
19,2723,5.0,3.14
45,784,4.0,3.09
368,3272,3.0,3.5
27,1148,5.0,4.05
608,5452,1.0,2.21
125,70286,4.0,4.05
187,2700,4.5,3.98
606,8454,3.5,0.0
551,112183,0.5,3.6
111,3988,3.5,3.19
285,474,3.5,3.77
370,4014,3.0,3.62
414,4103,5.0,4.68
474,1223,4.5,4.66
481,1653,3.0,3.98
606,1093,4.0,3.78
379,349,4.0,3.74
212,96079,4.0,3.87
160,4979,4.5,3.77
121,597,3.0,3.56
274,3285,2.0,3.3
437,527,5.0,4.28
577,494,3.0,3.45
414,97304,4.0,4.74
608,110,4.0,4.38
562,4135,5.0,0.0
477,2450,0.5,2.88
213,1240,4.0,3.89
590,8807,2.5,3.79
259,4886,4.0,3.9
222,59014,2.0,0.0
606,6874,4.5,4.0
140,1252,3.5,4.41
606,3426,4.0,3.19
298,48780,2.0,4.31
599,47,4.0,4.49
305,107314,2.5,0.0
28,44204,3.0,3.39
105,750,4.0,4.46
309,1263,3.0,4.01
567,104944,3.5,0.0
217,2733,2.0,0.0
246,7361,5.0,4.28
307,60487,4.0,0.0
27,5060,2.0,3.99
248,1291,4.0,4.17
19,842,2.0,2.51
332,7090,4.5,3.89
156,922,4.0,4.53
140,26865,1.0,4.37
303,1080,1.0,4.08
600,2174,4.5,3.61
489,923,3.5,3.99
560,134853,3.5,3.95
306,159858,4.0,0.0
4,3160,4.0,3.72
58,292,4.0,3.46
292,3682,4.5,3.73
91,1220,5.0,4.02
288,1591,3.0,2.38
76,541,3.5,4.13
380,171763,4.0,4.81
68,3105,3.0,4.24
105,107159,4.0,0.0
418,4571,4.0,3.65
64,1673,4.5,4.33
457,2858,3.0,4.06
287,8622,4.5,3.5
39,2580,5.0,3.93
560,1210,4.0,4.34
18,86190,3.5,3.33
140,4047,4.0,3.76
256,90405,3.5,3.57
103,912,5.0,4.46
307,48394,3.0,4.02
146,502,2.5,2.39
24,50,4.0,4.31
599,1220,3.5,4.19
50,103228,2.0,4.02
232,4720,4.0,3.98
477,1392,4.5,3.87
457,2490,4.0,3.42
135,4881,3.0,4.0
608,5072,4.5,4.2
16,50,4.0,4.3
410,3823,4.0,0.0
428,377,2.5,3.67
182,1769,3.5,3.08
169,1022,4.0,3.6
480,3355,4.0,3.18
68,2,2.5,4.04
307,39234,2.5,3.89
522,58295,4.5,3.6
64,4011,4.5,4.43
305,4016,3.5,3.86
219,5064,3.5,3.95
141,3489,4.0,3.47
230,2605,3.5,2.86
448,7373,3.0,3.44
462,102445,2.0,3.86
199,53550,3.5,3.33
125,95167,3.5,3.67
125,156371,4.0,0.0
445,527,3.0,4.27
317,7438,3.0,3.96
355,1198,5.0,4.29
169,4886,5.0,4.03
453,608,4.0,4.23
472,2431,4.0,3.45
606,4226,4.0,4.37
131,2393,3.0,2.94
354,7147,4.5,3.9
298,65982,3.0,3.81
382,61132,5.0,3.66
594,494,5.0,3.51
369,3033,4.0,3.48
75,435,1.0,2.51
381,2571,5.0,4.44
357,1101,4.0,3.35
357,918,5.0,3.87
480,2628,2.0,3.39
51,2762,5.0,3.99
474,586,2.0,3.59
298,149354,0.5,2.91
310,733,4.0,3.67
274,72378,2.0,3.09
156,2947,2.0,3.96
414,191,2.0,3.51
474,2261,2.0,3.76
280,73266,3.0,2.79
494,260,5.0,4.26
239,2302,3.0,3.33
610,7324,3.0,3.37
57,1,5.0,4.06
452,3273,4.0,2.56
217,2094,3.0,3.39
66,481,2.0,3.32
19,1848,2.0,3.28
580,1584,3.5,3.77
288,541,4.0,4.21
586,122918,5.0,3.99
517,2380,0.5,2.49
220,63113,3.5,3.48
560,56563,2.5,3.64
479,5568,2.0,3.05
28,2023,3.5,3.62
41,118900,4.0,2.63
305,142448,3.0,3.37
288,5378,3.5,3.44
116,1380,4.5,3.25
313,1449,5.0,3.76
522,2393,4.0,2.94
182,1197,3.5,4.41
420,8464,4.5,3.54
597,1196,5.0,4.36
313,2553,4.0,3.13
405,390,4.0,3.65
560,1196,4.0,4.41
438,186,3.0,3.28
495,4734,3.5,3.18
380,6281,3.5,3.46
129,32587,4.5,3.96
42,1663,4.0,4.01
309,2028,4.5,4.15
169,2028,5.0,4.22
6,881,3.0,2.56
509,1732,3.5,4.02
73,111320,1.5,0.0
441,1517,5.0,3.56
100,2108,3.5,3.61
593,44191,4.0,3.92
610,60471,3.5,0.0
68,2335,3.0,3.32
479,3361,4.0,3.8
564,106918,3.5,4.27
580,3556,5.0,3.99
274,4874,1.0,3.98
30,122904,5.0,3.96
156,1077,4.0,3.81
489,2124,2.5,3.43
186,916,5.0,4.06
64,2804,5.0,4.21
351,59369,4.5,3.69
469,3699,4.0,3.56
182,4056,3.0,2.33
6,719,2.0,3.05
346,527,3.5,4.28
528,3101,2.5,3.1
551,112175,3.5,3.88
226,2,3.0,3.63
226,2100,3.0,3.35
579,1580,4.0,3.53
83,318,5.0,4.53
368,1196,3.0,4.33
351,54787,3.5,0.0
227,32,4.5,4.0
182,1546,3.5,0.0
298,27808,2.5,3.64
38,161,4.0,3.72
452,924,3.0,3.97
351,6214,4.0,3.93
111,4228,2.5,1.85
599,104841,3.0,4.1
232,8360,3.0,3.84
105,1199,4.0,4.37
469,1747,3.0,3.56
509,48780,3.5,4.28
213,51662,3.5,3.68
217,2722,3.0,2.8
503,6711,3.5,4.11
115,1645,4.0,3.39
608,3752,4.0,3.34
288,2009,3.0,3.65
226,2329,4.5,4.44
68,2334,3.5,2.98
195,1573,3.0,3.49
275,1084,5.0,4.22
380,52950,2.0,0.0
371,4993,4.5,4.18
290,1674,4.0,3.76
246,7669,5.0,3.49
91,260,4.5,4.39
480,3168,3.5,3.63
12,838,5.0,3.82
606,2324,5.0,4.37
330,1288,4.5,4.01
63,1080,5.0,4.11
246,82202,4.0,2.4
34,2762,3.0,3.93
582,74458,4.0,4.12
104,94150,4.0,0.0
414,72605,4.0,3.45
448,2019,5.0,4.48
325,3175,4.0,3.69
131,3178,3.0,3.58
288,2762,3.0,4.16
344,110,4.5,4.06
195,4389,3.0,3.22
356,3477,5.0,3.29
357,4447,4.0,3.3
514,3385,3.0,2.86
271,1994,3.5,3.5
607,480,4.0,3.85
448,97858,2.0,0.0
79,3029,3.0,3.33
599,4848,4.5,3.86
130,592,3.0,3.49
517,2018,4.0,3.44
45,1769,3.0,2.87
387,7328,3.5,0.0
600,3093,3.5,3.28
414,5452,1.0,2.23
64,3052,4.0,3.77
81,377,3.0,3.58
288,2121,2.0,2.59
159,4306,4.0,3.95
189,593,4.0,4.18
247,69122,4.0,3.85
474,1293,4.0,3.96
211,36529,3.5,3.81
290,1385,3.0,3.09
301,364,3.5,3.99
599,85881,3.5,4.43
610,27904,3.5,4.0
456,3,3.0,3.18
52,293,4.0,4.11
232,72489,4.0,4.1
288,31427,2.5,2.3
68,56587,3.0,3.7
346,1348,4.0,3.59
238,858,3.0,4.31
594,2196,5.0,0.0
610,120635,1.0,3.38
497,410,2.0,3.14
432,7306,3.0,0.0
285,1333,4.0,3.73
123,91500,3.5,3.46
6,640,1.0,3.19
217,432,3.0,2.71
528,356,5.0,4.2
101,2716,4.0,3.75
219,54001,2.5,3.94
452,1610,4.0,3.89
43,79,5.0,2.79
240,653,5.0,3.17
534,33493,4.0,3.87
610,4975,3.5,3.99
298,109895,0.5,2.61
552,541,5.0,4.12
414,63113,4.0,4.46
165,441,3.0,4.02
610,106002,3.5,3.96
265,79,2.0,2.8
372,1221,5.0,4.34
19,377,4.0,3.76
525,4718,1.0,3.28
84,551,3.0,3.53
480,589,4.5,4.35
298,48322,3.0,4.27
70,8949,5.0,3.75
225,3253,4.0,3.44
387,33164,2.0,0.0
484,104,4.0,3.56
298,6283,4.5,4.02
195,4019,4.0,3.73
182,3910,5.0,3.68
414,73017,4.0,4.71
279,780,4.0,3.55
590,588,4.0,4.28
573,5093,2.0,3.12
68,4270,3.5,3.52
313,1344,4.0,4.01
464,8984,4.5,3.2
122,69784,4.5,3.54
65,109487,4.5,3.93
137,3471,3.0,3.95
249,95167,4.0,4.17
150,5,3.0,2.97
380,3421,5.0,4.0
495,89492,5.0,4.1
576,327,2.5,3.0
414,5009,4.0,2.88
477,3751,4.0,3.56
125,288,5.0,3.24
68,122904,4.0,4.57
21,102993,2.0,3.3
361,2167,2.0,3.53
50,164280,3.5,0.0
167,1385,2.0,3.08
520,1801,4.0,3.38
119,54286,4.5,3.75
372,1215,5.0,4.05
480,37741,4.5,4.09
103,37729,4.0,3.64
334,54881,3.5,3.94
310,2518,4.0,3.1
117,26,4.0,3.45
98,53464,2.5,2.53
448,3681,5.0,4.57
491,4018,4.0,3.19
50,318,3.5,4.5
517,2565,4.5,4.13
45,569,2.0,0.0
140,1580,3.0,3.67
96,733,4.0,3.71
274,1961,3.5,4.17
20,5171,2.0,3.09
357,2160,5.0,4.21
185,4016,4.0,3.77
372,249,4.0,3.69
347,47,3.0,4.01
292,3755,2.0,3.21
120,5,4.0,2.97
599,474,2.5,4.24
600,1393,3.5,3.77
195,4033,4.0,3.88
576,2826,4.5,2.81
294,2,3.0,3.53
103,1945,4.0,4.17
437,800,5.0,3.96
197,1209,5.0,4.07
199,3129,4.0,3.49
246,41569,3.0,3.36
525,45517,3.0,3.44
352,139385,5.0,3.94
365,103772,3.0,3.56
390,5618,4.5,4.12
17,2329,4.5,4.3
28,145,1.5,3.39
234,2568,3.0,3.25
65,116797,4.5,4.09
177,508,3.5,3.83
153,63082,1.5,3.92
105,146028,4.0,0.0
58,454,3.0,3.68
346,306,4.5,4.19
112,339,1.5,3.58
132,356,4.0,4.31
140,3168,4.0,3.66
187,431,4.5,3.82
330,1965,3.5,3.41
567,1260,4.0,3.68
111,8961,1.0,4.14
474,1197,4.5,4.6
368,2307,3.0,0.0
460,34405,5.0,3.99
307,34326,2.0,0.0
572,17,5.0,3.86
606,37731,3.5,3.76
298,102123,1.5,2.75
178,6539,2.5,3.83
475,60074,4.5,3.04
606,5628,2.5,4.04
469,1082,4.0,3.94
411,368,4.0,3.57
603,288,4.0,3.23
414,4068,2.0,3.31
217,3552,2.0,3.89
489,7318,3.0,2.65
469,2324,3.0,4.22
260,3911,3.0,3.66
19,3712,3.0,2.78
489,1246,4.0,4.32
177,8965,3.0,2.95
42,858,5.0,4.36
131,48516,3.5,4.32
469,552,2.0,3.5
477,2762,4.0,4.11
562,83134,4.0,3.94
140,609,3.0,3.7
288,2136,3.0,2.31
214,25,2.0,3.68
420,923,3.5,4.01
600,2162,3.5,2.56
74,1094,4.5,3.56
599,3070,3.0,3.17
540,8874,4.5,4.05
495,344,4.5,3.11
464,48516,4.0,4.36
220,377,3.5,3.7
42,2110,4.0,3.29
212,55247,3.5,4.02
307,3705,2.5,2.34
414,1080,5.0,4.19
292,130576,2.0,2.83
599,720,4.5,4.37
555,2642,3.0,2.43
287,3033,4.0,3.45
480,736,2.5,3.6
212,4027,3.5,3.84
305,8014,4.0,4.46
50,94677,2.0,3.73
483,33493,3.0,3.81
452,2533,5.0,3.05
11,1918,4.0,2.85
305,4232,3.0,3.1
201,1259,4.0,4.03
525,34150,1.0,2.95
448,45186,2.5,4.04
317,593,5.0,4.29
586,54001,4.5,3.9
265,1945,4.0,4.1
426,50872,3.0,3.98
156,1213,4.0,4.42
125,159415,4.0,0.0
49,79091,4.0,3.76
396,1276,5.0,4.32
497,858,4.0,4.37
570,49272,4.0,4.03
233,68157,3.5,4.17
272,3147,4.5,4.1
580,589,4.0,4.23
116,480,4.0,3.8
555,3591,3.0,2.85
370,5989,3.5,3.99
380,2334,2.0,3.04
608,5502,4.0,3.35
13,4011,5.0,4.15
599,3007,3.5,3.81
429,381,4.0,3.88
509,72701,3.5,2.94
414,1059,4.0,4.29
568,480,3.0,3.73
546,2455,3.0,3.48
533,103688,5.0,4.13
274,30883,1.5,0.0
103,7367,3.5,2.21
381,1704,4.5,4.25
564,44193,3.0,3.91
64,198,3.0,3.36
97,1193,4.0,4.21
325,30,4.0,0.0
414,53972,3.5,4.49
600,778,3.5,4.27
599,1663,2.5,4.32
132,1345,3.0,3.44
587,590,5.0,3.84
160,3877,2.0,2.35
51,6786,3.0,4.49
217,2152,2.0,0.0
274,4344,3.5,3.34
249,106100,5.0,4.51
265,2968,3.0,3.84
391,4334,5.0,4.46
368,3768,1.0,0.0
51,3,4.0,3.37
219,34405,4.0,4.01
572,1272,5.0,4.14
577,593,4.0,4.26
307,4002,2.5,3.86
7,480,5.0,3.81
367,3623,4.0,2.74
15,527,5.0,4.29
58,223,3.0,3.98
570,778,4.0,4.17
275,6122,5.0,0.0
109,593,4.0,4.21
309,1198,4.0,4.32
198,1639,2.0,3.65
249,103980,4.5,0.0
91,344,3.0,3.12
132,5225,3.0,3.97
334,2959,3.5,4.31
225,2248,4.0,3.86
414,5346,1.0,0.0
226,8917,2.0,3.94
249,20,3.5,2.54
290,2565,4.0,4.15
111,2571,0.5,4.45
410,3088,4.0,3.87
331,6541,2.0,2.68
232,53322,3.5,3.9
6,43,4.0,2.66
169,3755,4.0,3.22
432,81417,4.0,3.63
599,8910,2.5,3.65
469,1356,3.0,4.04
414,6574,1.0,0.0
474,3264,3.5,2.64
610,115727,5.0,0.0
359,2396,3.0,3.89
187,145,1.0,3.35
514,260,5.0,4.32
548,1621,4.5,0.0
517,80969,4.0,0.0
19,3622,3.0,0.0
209,140956,3.5,0.0
298,60293,3.0,0.0
386,165,2.0,3.64
359,1544,3.0,2.75
28,481,3.0,3.35
596,115617,4.0,4.18
1,2353,5.0,3.58
27,367,4.0,3.25
219,2078,3.5,3.93
125,108727,4.0,0.0
220,69526,3.0,2.42
123,2329,4.5,4.23
522,79008,4.5,3.82
599,4200,2.0,0.0
318,56145,3.0,3.38
268,2324,2.0,4.15
385,282,3.0,3.44
478,33794,4.5,3.8
300,7361,5.0,4.23
140,1213,3.0,4.49
298,106489,3.5,3.36
282,2375,5.0,2.77
414,87304,4.0,0.0
217,410,3.0,3.32
603,345,3.0,3.85
125,168252,3.5,4.52
299,1198,4.0,4.29
221,1321,4.0,3.37
21,79592,3.5,3.42
294,2477,2.0,4.41
279,4886,3.0,3.99
514,592,2.5,3.57
599,2803,2.0,2.99
122,7022,4.0,4.07
600,1348,2.5,3.65
80,6874,4.5,3.95
288,2456,1.0,2.79
218,1250,4.0,4.01
414,5992,3.5,4.17
564,71535,3.5,3.92
246,65261,5.0,4.13
460,3114,4.0,3.84
99,293,5.0,4.05
603,3623,3.0,2.79
3,1263,0.5,3.97
275,2134,3.0,3.26
201,2336,4.0,3.88
368,3810,3.0,0.0
99,318,5.0,4.47
91,750,5.0,4.46
288,1290,2.0,3.63
608,2490,5.0,3.43
356,2797,4.0,3.84
18,48516,4.5,4.62
288,4443,3.0,0.0
105,541,4.0,4.19
18,2692,3.0,4.16
28,2716,1.5,3.83
288,2035,3.0,3.95
180,2959,4.5,4.25
448,3114,5.0,4.22
177,5419,2.5,3.03
562,7340,4.0,2.55
523,127052,4.0,3.81
414,103048,4.0,0.0
58,32,5.0,3.99
567,26717,0.5,0.0
483,95875,3.0,3.26
219,61246,2.0,0.0
490,35836,3.0,3.66
417,5952,5.0,4.09
414,40826,2.5,3.21
110,3268,3.0,1.73
381,3826,2.0,2.44
11,2028,5.0,4.14
326,5446,4.5,3.18
428,4886,2.0,3.99
546,158,2.0,2.87
216,2144,3.0,3.72
167,3671,3.5,3.93
472,3298,4.0,3.78
480,1690,2.0,3.15
418,116797,4.5,4.12
438,6888,1.5,2.19
57,1784,4.0,3.93
105,170705,5.0,4.39
95,6979,4.0,3.25
62,46723,3.0,3.66
140,848,4.0,3.05
580,45499,4.5,3.56
113,1043,2.0,2.51
559,6,5.0,4.04
199,377,2.0,3.69
248,122904,4.5,3.94
606,969,4.0,4.12
414,1094,3.0,3.69
482,2174,4.0,3.49
509,2657,3.5,3.36
7,4963,4.0,4.02
305,122926,4.0,4.37
586,6156,4.0,3.27
199,3671,4.5,3.94
305,1199,4.0,4.37
325,293,3.0,4.11
305,25,3.0,3.86
474,8266,2.5,2.79
91,3000,4.0,4.08
527,5040,4.0,3.04
428,6880,1.0,1.77
580,2012,3.0,3.63
57,1036,4.0,4.02
567,94959,3.5,4.11
305,103339,4.0,3.24
414,3916,4.0,4.25
105,1281,5.0,4.03
198,36,5.0,3.85
233,159817,4.0,3.94
219,60684,4.5,4.09
387,8290,1.0,0.0
19,1257,3.0,3.91
68,5266,2.0,3.34
332,85510,3.5,3.15
448,79259,2.5,0.0
534,45431,3.5,3.92
480,4018,1.5,3.36
371,56715,5.0,4.0
186,2688,4.0,3.0
387,55820,4.5,4.14
103,4306,3.5,4.07
387,969,3.0,4.18
451,141,4.0,3.56
368,3430,3.0,3.56
365,4896,2.5,3.81
182,1222,5.0,4.49
112,68954,4.0,4.09
64,2369,3.0,2.56
553,555,3.5,3.84
597,2040,4.0,2.63
219,1079,2.5,4.11
448,99106,2.5,0.0
560,45722,3.5,3.61
427,1527,3.0,3.71
491,4246,3.5,3.68
542,4369,0.5,3.17
599,2359,2.5,3.51
19,1196,4.0,4.37
182,6620,4.0,4.26
240,761,3.0,2.85
177,70159,2.5,0.0
362,1945,4.5,4.11
567,364,2.5,4.01
91,555,3.5,4.05
573,4388,4.0,2.62
202,3725,3.0,0.0
225,1219,3.0,4.01
599,97950,2.5,0.0
220,2450,0.5,2.78
100,235,1.0,3.76
68,8910,1.0,3.64
113,2671,2.0,3.46
599,82167,2.5,3.25
318,117364,4.0,0.0
522,49272,5.0,4.05
8,377,4.0,3.6
438,223,3.5,4.04
68,3160,2.0,3.57
603,156,2.0,0.0
211,89864,3.5,3.63
177,7263,3.0,3.48
212,109374,4.0,3.98
317,112556,3.0,3.73
405,1247,4.0,4.04
109,47,3.0,4.04
368,832,3.0,3.54
6,22,5.0,3.37
140,362,4.0,3.87
68,337,3.5,4.14
73,33836,3.0,2.29
393,54259,5.0,3.55
140,4234,3.0,3.33
571,2548,2.0,1.71
339,84152,4.0,4.13
117,778,3.0,4.1
103,134881,5.0,0.0
119,4344,4.0,3.11
573,112852,4.5,4.36
219,3785,2.0,2.97
28,55820,4.5,4.08
156,2752,3.0,2.86
233,59315,3.0,3.93
584,208,4.0,3.02
253,44633,4.5,0.0
182,1729,4.0,3.91
73,64957,3.5,3.81
471,78499,4.5,4.35
264,595,4.0,3.86
474,933,3.5,4.65
387,6874,4.0,4.0
411,427,1.0,2.14
288,2846,3.0,3.98
603,3160,4.0,3.65
599,26662,2.0,4.66
474,25769,4.5,0.0
370,1210,2.0,4.21
354,1035,4.0,4.03
560,1288,4.0,3.98
558,5420,5.0,2.57
584,165,5.0,3.71
7,3354,1.5,2.68
474,2670,3.0,4.55
560,62849,3.5,3.91
529,32,5.0,3.95
560,92694,4.0,0.0
418,88129,4.5,3.74
518,1276,4.5,4.32
447,445,4.0,2.66
352,93510,2.0,4.06
221,296,5.0,4.37
419,2028,5.0,4.22
141,6373,3.0,3.3
448,2142,3.0,2.42
423,480,5.0,3.74
191,1,4.0,3.92
141,2700,3.0,3.97
140,39292,3.5,3.65
433,79132,3.0,4.17
603,1279,4.0,4.16
469,2762,5.0,4.05
307,39183,3.5,3.73
1,1278,5.0,4.0
414,464,2.0,3.35
117,1027,3.0,2.98
608,2124,3.0,3.48
298,6503,1.0,2.67
208,2617,3.0,3.13
387,3334,4.0,4.31
436,420,3.0,2.9
305,64620,3.5,4.07
301,1672,4.0,3.4
599,6793,1.0,2.56
199,3063,2.0,2.37
198,2340,1.0,3.29
523,594,4.0,3.59
54,17,3.0,3.8
330,778,4.0,4.19
599,256,2.0,3.31
600,1240,3.0,4.02
18,3751,3.5,3.58
23,296,3.5,4.29
125,147142,3.0,0.0
274,2986,3.5,2.82
387,7438,4.0,4.05
298,96737,3.0,4.23
8,252,3.0,3.52
305,1234,5.0,4.3
174,349,4.0,3.79
571,1387,5.0,4.13
222,370,3.0,3.11
509,64957,2.5,3.92
219,4643,2.5,2.91
573,1225,4.5,4.25
480,4158,3.0,2.12
587,2738,4.0,0.0
597,2474,4.0,3.57
73,88140,4.5,3.68
263,2724,3.0,2.76
481,1672,2.0,3.38
62,139385,4.0,4.02
491,49286,4.5,3.13
606,4392,3.0,0.0
254,2840,3.5,2.87
428,8861,3.0,3.2
474,3258,2.5,3.3
288,3095,4.0,4.23
249,2353,4.5,3.8
462,111,5.0,4.34
606,6100,4.0,0.0
353,145,3.0,3.34
28,58803,3.0,3.92
140,648,4.0,3.79
395,316,3.0,3.37
480,5955,3.0,4.01
368,1995,2.0,1.45
474,2206,4.5,4.03
68,1476,3.0,3.85
595,1912,5.0,3.94
448,2124,3.0,3.53
18,80489,4.0,4.03
604,595,3.0,3.87
414,5524,3.0,3.73
141,1732,4.0,4.03
356,2353,3.0,3.59
331,7361,4.0,4.29
111,1907,3.5,3.75
64,1552,2.0,3.21
242,292,3.0,3.37
36,4025,2.0,3.09
424,318,3.5,4.51
66,4027,4.0,3.91
551,260,3.5,4.29
555,3448,5.0,3.94
489,736,2.5,3.56
414,1210,5.0,4.8
159,56367,5.0,3.79
599,104,2.5,3.79
84,105,3.0,3.34
176,780,4.0,3.5
17,58559,4.5,4.3
555,2091,3.0,2.02
379,527,3.0,4.24
160,198,5.0,3.34
387,5902,3.5,4.16
553,6378,4.5,3.68
558,555,3.0,3.8
217,2278,2.0,3.76
181,590,3.0,3.85
480,7147,4.5,4.12
414,1247,5.0,4.37
334,377,3.0,3.63
307,455,0.5,2.87
105,111360,3.5,3.1
249,7022,4.0,4.33
476,73,4.0,3.45
6,19,2.0,2.85
220,3751,3.5,3.5
414,2081,4.0,4.02
517,88125,3.5,3.87
395,110,4.0,4.05
42,2805,4.0,3.09
334,34405,4.0,3.99
469,3210,3.0,3.51
155,1302,3.0,3.51
480,1625,2.0,3.95
217,2384,4.0,2.77
572,2987,2.0,3.66
483,59784,4.0,3.79
368,858,5.0,4.42
481,1615,3.0,3.01
187,27846,4.0,4.07
298,84772,0.5,3.51
346,7179,2.5,0.0
425,33166,3.5,4.02
249,2117,3.5,3.68
610,54648,1.5,3.42
249,104211,3.5,4.71
534,112818,3.5,3.81
39,592,4.0,3.53
217,1882,2.0,2.08
325,3918,4.0,3.03
109,383,3.0,3.13
325,2155,4.0,3.51
57,1270,4.0,4.19
395,500,3.0,3.49
89,7297,3.5,3.76
38,435,2.0,2.54
70,72011,4.5,3.58
94,17,1.0,3.8
460,68954,4.5,4.11
6,218,2.0,3.55
567,112290,0.5,4.23
367,3793,5.0,3.79
276,135,4.0,3.03
448,3263,4.0,3.26
477,3720,4.0,0.0
379,597,3.0,3.55
25,60069,5.0,4.12
241,68157,4.5,4.13
111,8807,4.5,4.01
105,2360,4.0,4.81
562,1625,4.5,3.76
453,4014,5.0,3.72
193,307,3.5,3.86
20,783,3.5,3.43
483,1923,4.5,3.9
469,3006,3.0,3.88
122,1345,4.5,3.51
279,105504,3.0,4.26
448,148592,3.0,0.0
232,71057,3.5,3.64
64,4448,3.5,3.5
560,78772,0.5,2.61
410,1207,4.0,4.21
448,1244,4.0,4.38
89,8814,2.5,1.74
274,53125,3.5,4.01
249,37380,3.0,2.81
219,2617,3.0,3.25
380,5459,4.0,3.38
483,3257,2.5,3.04
581,6377,4.5,4.01
104,3675,3.5,4.31
437,168,2.0,3.17
79,3197,4.0,2.77
488,1957,3.0,4.3
182,1208,5.0,4.34
28,6157,1.5,2.82
68,72998,5.0,4.1
292,3564,2.0,1.78
380,1676,5.0,3.58
256,118696,3.5,3.56
232,43836,1.5,3.16
50,899,4.0,4.02
64,2746,4.0,3.48
368,2455,3.0,3.58
477,1089,4.0,4.44
307,2806,0.5,2.17
287,8937,4.0,3.54
298,7153,4.0,4.39
480,1962,5.0,3.82
350,608,3.0,4.12
63,53000,2.0,3.74
381,1036,2.0,4.01
420,4886,3.0,3.96
199,6378,3.5,3.73
343,2858,4.0,4.07
419,2710,4.0,2.89
414,7981,3.5,4.68
610,27032,4.0,0.0
474,3099,2.5,3.72
289,266,3.5,3.39
593,45722,1.0,3.54
580,3176,4.0,3.33
597,1086,5.0,4.06
271,1120,4.0,3.61
356,65126,3.0,0.0
177,104841,3.0,4.01
274,2723,3.5,3.27
84,1266,4.0,4.18
414,56908,4.0,0.0
352,2966,4.0,4.07
474,1379,2.0,3.58
608,2762,4.5,4.17
307,2907,2.0,4.4
275,3134,2.0,4.19
105,76093,5.0,4.2
509,35836,1.5,3.7
195,1358,4.0,4.11
249,30793,3.5,3.29
212,174909,4.5,0.0
567,152077,3.0,3.78
286,1061,5.0,3.61
1,596,5.0,3.58
448,134368,3.0,3.95
599,4254,0.5,2.53
38,508,3.0,3.67
387,50800,2.0,0.0
288,5388,4.0,3.52
382,135436,3.5,2.98
474,7158,4.5,3.74
156,2917,4.0,4.14
414,60069,4.5,4.63
37,231,5.0,3.03
523,5971,5.0,3.89
84,1395,3.0,3.32
596,135536,3.0,3.09
592,93,3.0,3.05
181,435,2.0,2.56
19,1391,3.0,3.24
108,4973,5.0,4.32
339,8464,4.5,3.76
232,8958,4.0,4.03
6,1006,4.0,3.21
555,1094,4.0,3.57
484,6874,4.5,3.93
462,2146,0.5,3.27
414,54736,3.5,3.99
414,68954,4.0,4.74
89,6863,1.5,3.43
198,2692,4.0,4.06
18,4262,4.0,4.04
555,1249,5.0,4.09
380,94405,3.0,0.0
455,151,3.0,3.53
186,3977,4.0,2.75
274,46965,3.0,2.72
198,2706,4.0,3.47
347,110,3.0,4.05
602,431,3.0,3.8
555,1297,3.0,3.85
234,648,4.0,3.7
474,216,1.0,3.82
583,60756,3.0,3.68
391,904,5.0,4.41
474,1030,2.0,2.76
182,901,3.5,3.87
380,3499,5.0,4.26
212,3967,3.5,3.91
610,1274,5.0,3.71
489,3633,1.5,3.51
45,4306,5.0,4.11
160,2531,1.0,3.27
391,5152,1.0,3.35
103,34,4.0,3.7
202,1276,4.0,4.43
474,38886,4.0,3.65
450,3568,4.0,0.0
113,932,5.0,3.43
387,29,3.5,4.21
111,59725,2.5,2.97
81,318,3.0,4.47
47,1088,4.0,3.49
599,26629,2.0,2.26
480,7360,1.0,4.14
368,3063,2.0,2.39
61,3949,4.5,3.87
6,292,4.0,3.59
139,5481,1.0,2.89
288,1873,3.0,4.15
414,166024,4.5,0.0
469,2716,4.0,3.86
489,2803,3.0,3.04
597,919,4.0,4.01
197,2793,3.0,2.23
581,318,5.0,4.5
309,7153,4.5,4.15
263,1639,4.0,3.64
552,3593,1.0,1.73
453,1921,4.0,3.91
387,2183,4.0,3.81
591,3238,1.0,1.73
423,1304,4.0,3.91
479,533,2.0,2.94
274,7894,3.5,3.8
564,108156,4.0,3.09
489,141,3.5,3.65
483,66097,4.5,4.08
608,4226,4.5,4.35
354,33679,3.5,3.47
307,2052,3.0,2.94
18,88129,3.0,3.92
372,628,4.0,3.64
480,3717,3.0,3.56
182,2691,4.5,3.57
414,1957,3.0,3.9
177,5957,4.0,3.59
251,1089,5.0,4.24
414,4994,4.0,4.72
480,3977,1.5,3.0
534,1676,4.0,3.47
420,3159,4.0,3.72
1,2115,5.0,3.79
590,594,5.0,3.71
448,260,5.0,4.55
489,33794,3.5,4.03
356,3186,4.0,3.49
482,3273,3.5,2.53
132,1732,2.5,4.05
555,2391,3.0,3.83
608,6595,4.0,3.26
316,8622,3.0,3.45
249,1320,3.0,3.4
135,466,3.0,3.0
263,6708,3.0,3.75
111,5528,3.0,3.89
604,188,3.0,3.54
47,590,3.5,3.83
368,1479,3.0,3.4
600,5952,5.0,4.22
68,2054,1.0,3.02
182,4720,4.5,3.93
414,51935,3.5,4.07
587,1614,4.0,2.8
482,6810,1.0,2.78
474,45722,3.5,3.56
42,785,3.0,3.65
567,78499,2.0,4.38
608,1653,5.0,4.25
356,38886,4.0,3.37
474,3816,4.0,0.0
328,8665,3.5,3.96
266,2384,1.0,2.75
514,1327,2.0,2.77
307,413,2.5,2.95
599,3830,2.5,0.0
187,4993,4.5,4.27
380,85796,3.0,1.72
480,485,2.0,3.18
221,912,5.0,4.45
600,2683,2.5,3.36
585,3246,4.0,4.28
49,109487,4.5,3.92
599,27032,3.0,0.0
603,3819,4.0,4.0
525,70862,3.0,0.0
28,1136,3.5,4.3
414,53125,2.0,4.27
571,2553,2.0,3.02
305,122916,4.5,4.16
419,6502,3.5,4.08
412,2396,5.0,3.91
554,2995,1.0,2.6
390,308,5.0,3.94
580,2686,3.5,4.13
182,1090,5.0,4.17
599,7143,4.0,4.21
274,2501,2.5,4.31
370,5378,1.0,3.25
381,8622,4.0,3.72
318,64614,4.0,4.31
182,3925,5.0,3.86
50,78499,2.0,4.39
590,3034,3.5,3.75
502,1777,0.5,3.57
473,2300,2.5,4.02
318,77455,4.5,4.24
288,380,3.0,3.9
489,4054,1.0,3.09
135,260,4.0,4.32
428,4022,2.0,3.78
414,60684,3.5,4.45
221,2987,3.5,3.72
452,1197,5.0,4.31
596,2424,2.5,3.28
21,45447,3.5,3.41
592,595,5.0,3.9
608,2140,3.0,3.72
160,1034,1.0,3.83
288,42418,4.0,2.69
298,27156,4.0,4.71
222,1917,2.5,3.07
68,223,1.0,4.13
99,420,2.0,2.88
386,333,3.0,3.71
372,428,3.0,3.95
567,157296,1.5,3.71
256,4344,4.0,3.05
298,741,3.5,4.12
276,780,5.0,3.49
89,915,2.0,3.9
380,585,2.0,2.97
599,203,2.5,3.87
474,8521,3.5,0.0
143,7173,1.0,3.27
231,1198,4.0,4.31
202,1249,4.0,4.12
489,8961,3.5,4.07
96,1610,4.0,3.85
517,7361,1.5,4.25
318,103384,3.5,3.53
18,1276,4.0,4.4
160,2340,1.0,3.25
474,34271,3.5,4.04
200,1028,3.0,3.95
448,3039,4.0,4.33
50,100498,1.0,2.27
292,59369,3.5,3.87
522,1214,5.0,4.04
274,8836,4.0,0.0
111,1197,3.5,4.49
89,107951,5.0,0.0
509,2700,3.5,3.99
111,6287,3.5,3.25
226,8984,2.5,3.23
274,2700,4.0,4.27
314,31,3.0,3.25
555,2405,3.0,3.17
512,300,4.0,3.43
599,2474,3.0,3.71
89,164707,4.0,0.0
199,1136,5.0,4.3
383,2436,5.0,4.1
281,428,3.5,3.85
275,5218,2.0,3.82
53,1298,5.0,3.7
339,4369,3.0,3.26
599,1465,2.0,0.0
577,1019,4.0,3.51
599,4103,3.0,4.45
599,1197,3.5,4.55
18,67255,4.5,4.23
301,4995,4.5,4.11
182,2720,0.5,2.55
151,1432,4.0,2.61
448,106839,3.5,0.0
551,8368,4.0,3.91
357,79008,4.0,3.81
181,349,4.0,3.77
352,41569,3.5,3.34
414,40815,3.5,4.16
500,543,4.0,3.32
448,79242,3.0,2.39
294,348,2.0,3.73
368,2527,3.0,3.6
290,3634,4.0,0.0
275,2330,5.0,0.0
525,40629,4.5,3.83
610,6503,1.5,2.8
177,2316,4.5,3.39
222,6763,2.0,2.03
160,5219,2.0,3.26
41,30812,4.0,3.61
382,69844,4.5,4.07
209,5952,5.0,4.07
442,3363,1.5,3.93
198,1198,4.0,4.37
211,33166,5.0,3.94
219,6618,3.5,4.16
352,3354,3.5,2.69
27,3751,3.0,3.48
298,62434,1.5,3.62
310,1223,5.0,4.25
451,25,5.0,3.7
514,440,4.0,3.68
555,2411,3.0,2.94
226,5445,3.0,3.81
149,172,3.0,2.61
184,175485,1.5,1.93
68,3471,1.5,4.19
331,318,5.0,4.54
567,139385,3.0,3.89
517,1961,3.5,3.96
179,1061,4.0,3.62
39,3328,5.0,4.05
328,4223,2.5,3.66
488,838,5.0,3.83
387,33896,3.5,3.6
313,2530,5.0,2.75
522,2997,4.5,4.08
357,1393,4.5,3.72
608,2052,1.0,2.94
489,2253,3.0,2.34
610,7369,2.5,1.79
288,1674,4.0,3.94
221,162,4.5,4.18
329,318,2.0,4.47
585,55765,5.0,3.9
380,5952,5.0,4.53
213,912,3.5,4.35
400,1197,4.5,4.28
72,2136,2.5,2.26
69,3793,4.0,3.74
182,5388,3.0,3.53
12,4018,4.5,3.15
448,6377,3.5,4.59
365,86911,3.5,3.53
19,1489,2.0,0.0
600,225,2.0,3.52
610,4721,1.0,2.47
292,3745,3.0,3.5
490,6539,3.0,3.84
489,248,3.5,3.4
330,48738,5.0,3.98
332,46578,4.0,3.98
154,98243,5.0,3.89
200,165,4.0,3.81
288,3244,3.0,4.04
489,1801,3.0,3.47
36,3798,3.0,3.21
6,225,4.0,3.65
608,5945,3.0,3.59
1,2529,5.0,3.9
357,5669,2.5,3.99
325,1238,4.0,4.23
559,420,3.0,2.91
249,92008,3.0,0.0
222,68157,4.5,4.21
265,1356,4.0,3.98
606,7438,4.5,4.02
557,344,4.0,3.05
105,2028,5.0,4.42
298,4020,1.0,3.49
274,7004,3.5,2.73
469,903,5.0,4.1
140,1704,4.0,4.28
474,4929,2.0,2.39
448,3450,4.0,3.59
279,5418,3.5,3.93
448,53125,2.0,3.97
560,5613,4.0,3.85
274,78266,3.5,3.79
429,222,4.0,3.68
590,55820,4.0,4.1
380,3037,4.5,4.18
401,78499,3.5,4.36
474,1042,4.5,3.94
552,5464,3.0,3.67
542,8958,5.0,3.74
579,2018,3.0,3.39
489,784,0.5,3.09
249,7007,4.0,3.86
310,6947,4.0,3.55
509,26662,3.5,4.31
365,60756,3.5,3.75
517,82459,1.0,3.91
358,2144,3.0,3.66
414,2320,2.5,3.32
105,2076,4.0,4.18
572,2433,3.0,3.31
387,6662,4.0,3.8
270,637,2.0,3.35
608,1059,3.0,3.94
543,1580,5.0,3.53
600,2325,3.5,3.84
339,69406,4.0,3.71
448,3386,3.0,3.54
19,13,3.0,3.32
275,3910,5.0,3.75
210,56174,2.5,3.56
161,2080,3.5,3.46
561,106002,2.5,3.71
380,2353,3.0,3.89
110,5459,2.5,2.86
93,329,5.0,3.5
318,1120,3.5,3.77
111,104644,0.5,0.0
286,377,4.0,3.64
373,367,1.0,3.24
359,2942,3.5,2.88
514,1302,5.0,3.68
553,2959,5.0,4.32
491,7451,4.0,3.67
140,1196,3.0,4.37
105,2571,4.0,4.53
477,6794,0.5,2.07
482,8961,5.0,3.89
104,55052,4.0,3.32
453,2712,3.0,3.42
484,4759,4.0,0.0
238,2067,5.0,4.09
317,88129,4.0,3.8
111,1805,3.0,2.95
380,1388,4.0,2.16
561,79132,3.5,4.5
577,2076,3.0,4.01
244,1270,5.0,4.04
18,1212,4.5,4.34
62,50804,5.0,2.79
509,87529,3.0,3.18
279,110501,3.0,3.93
534,69278,3.5,2.8
307,1089,4.0,4.48
600,1217,4.0,4.6
15,112556,4.5,3.65
248,135133,3.5,3.83
387,2259,2.5,3.99
12,3967,4.5,3.83
183,1582,3.0,0.0
10,92259,5.0,4.2
414,1479,3.0,3.99
365,56174,3.5,3.55
546,2792,3.0,2.86
20,5618,5.0,4.16
233,5952,4.0,4.11
263,30812,4.0,3.55
288,1748,4.0,3.9
414,49272,4.0,4.63
305,54259,4.0,3.85
232,8937,3.5,3.91
288,595,4.0,4.04
287,6552,2.5,3.69
475,111362,4.5,3.92
249,72011,4.0,4.12
506,80549,4.0,3.81
62,27831,4.5,3.88
603,4589,1.0,0.0
414,7364,4.0,0.0
73,6936,5.0,3.72
298,134170,4.0,3.69
199,111,3.0,4.31
382,81847,4.5,3.92
339,760,4.5,0.0
511,139385,5.0,3.81
266,1374,3.0,3.74
68,1625,2.0,4.08
56,480,5.0,3.76
223,4226,4.0,4.17
249,2717,3.5,3.2
343,3000,3.0,4.02
401,5218,3.5,3.75
474,40946,2.5,0.0
606,53127,3.5,2.61
409,1952,5.0,3.81
91,3785,4.5,2.99
106,85414,3.0,3.67
608,1291,4.0,4.38
156,1965,4.0,3.5
489,590,4.0,3.95
448,952,4.5,3.63
587,1371,4.0,3.09
129,2571,4.5,4.29
105,7458,3.5,3.63
306,53322,3.0,3.61
288,919,3.5,4.01
226,5464,4.0,3.83
127,68954,0.5,4.04
329,1206,0.5,4.14
239,318,5.0,4.63
45,5630,5.0,3.55
18,7438,3.5,4.05
143,106696,4.0,3.59
179,3,4.0,3.22
474,25937,3.5,0.0
492,788,5.0,2.72
597,2145,4.0,3.22
499,38304,4.5,4.67
232,4990,3.0,3.2
523,102407,5.0,3.39
593,41,4.0,3.63
246,4956,5.0,0.0
448,91126,3.5,3.65
14,288,4.0,3.22
274,3916,3.5,4.18
18,55276,4.0,4.24
610,112,4.0,3.65
561,2403,4.5,3.78
91,3578,3.5,4.24
365,86644,1.0,3.82
111,3821,1.5,2.49
605,2622,3.0,3.37
100,4041,5.0,3.43
381,5971,4.0,3.99
586,3448,4.0,3.74
50,105250,3.5,0.0
274,332,2.5,3.25
610,83613,3.0,3.62
226,362,3.5,3.85
599,96004,4.5,0.0
101,2541,3.0,3.25
406,46972,4.0,3.19
414,61406,4.0,0.0
242,236,3.0,3.54
33,1923,5.0,3.74
160,1127,2.0,3.59
249,6593,3.5,3.24
448,118702,2.5,3.03
59,913,5.0,4.18
480,110,5.0,4.42
589,780,5.0,3.47
352,34319,3.0,3.54
572,21,5.0,3.6
474,616,3.5,3.67
28,30812,3.0,3.66
112,253,4.5,3.52
182,1262,4.5,4.31
289,1208,4.0,4.18
380,47124,3.0,0.0
474,249,4.0,3.77
534,76293,4.0,3.36
204,68157,5.0,4.15
274,3253,3.5,3.63
562,1921,3.5,3.95
322,47629,4.0,3.94
89,141646,3.5,0.0
603,2972,5.0,0.0
462,4973,1.5,4.4
17,5782,4.0,3.82
419,1412,3.5,0.0
387,2529,4.0,4.0
171,47,5.0,4.05
219,1702,1.5,3.14
599,2311,2.5,4.04
562,1214,4.5,4.07
160,1981,1.0,0.0
140,866,4.0,4.06
249,5349,4.0,3.97
599,3702,3.5,4.03
560,2012,2.5,3.63
414,2598,2.0,3.26
387,27317,3.5,4.11
68,4041,2.5,3.43
313,163,3.0,3.72
288,539,3.0,3.67
606,308,4.0,4.33
274,27773,3.5,4.39
1,1927,5.0,4.44
292,377,3.5,3.78
474,30707,4.0,4.01
594,4517,0.5,0.0
297,2952,4.0,3.51
606,1963,4.5,3.55
298,8368,3.0,3.96
365,3421,3.0,3.81
275,2324,5.0,4.22
560,27904,3.0,3.85
20,1566,4.5,3.56
221,456,4.5,3.76
599,1994,2.5,3.82
50,969,3.5,4.11
219,6157,1.5,2.81
554,2324,5.0,4.14
42,3617,4.0,3.18
404,208,4.0,2.97
68,5312,2.5,3.17
448,3253,4.5,3.66
606,1079,4.0,4.19
330,344,0.5,3.09
241,115569,4.5,4.18
600,596,2.5,3.67
610,55830,3.5,3.61
107,266,4.0,3.43
593,364,3.5,3.99
325,3328,4.0,4.1
332,1200,4.0,4.1
368,3555,3.0,3.49
89,124404,5.0,0.0
402,762,3.0,2.4
140,4027,2.0,3.9
227,116797,4.5,4.15
119,68319,4.0,2.95
573,293,5.0,4.18
599,59387,3.0,4.3
599,54881,3.0,3.94
260,2413,4.5,3.31
477,4370,3.5,3.42
425,4967,4.0,4.33
219,1429,3.0,3.72
382,46865,1.0,0.0
239,44665,5.0,3.83
239,33794,4.5,4.01
352,107406,4.5,3.46
608,1862,2.5,2.29
524,153,3.0,2.99
469,2550,5.0,4.31
64,2916,3.0,3.95
249,104374,4.5,4.45
132,6874,4.5,3.99
74,3006,4.0,3.82
381,8972,3.5,3.41
59,2160,5.0,4.15
424,2502,4.5,4.18
563,56941,3.0,3.16
68,2423,4.0,3.93
317,1247,5.0,4.1
534,59784,4.0,3.82
438,6534,3.0,2.73
279,1676,3.0,3.43
200,1029,3.5,3.54
599,47725,3.0,3.48
362,56145,4.5,3.2
474,748,3.5,3.49
472,318,5.0,4.47
580,4370,3.0,3.42
445,541,4.0,4.13
111,45672,3.0,3.19
594,3616,4.5,3.37
271,5508,4.0,3.6
77,5378,5.0,3.23
427,5378,3.5,3.24
555,2007,5.0,0.0
373,480,4.0,3.77
474,4874,2.5,3.88
570,3481,3.5,3.69
385,594,3.0,3.64
264,2571,4.5,4.23
216,1288,5.0,4.0
325,4956,5.0,0.0
480,3996,4.0,4.08
580,34,2.5,3.7
574,47,5.0,4.0
563,2052,4.0,2.74
66,1201,5.0,4.33
104,733,3.0,3.73
298,97306,3.0,3.76
282,1213,4.5,4.4
483,5541,3.5,3.4
479,2701,1.0,2.35
274,31878,3.0,4.1
590,6987,3.5,4.35
267,4011,5.0,4.17
22,31658,2.5,4.13
387,1529,2.5,0.0
593,5378,1.5,3.26
432,48516,2.5,4.44
219,44761,4.5,3.7
154,73321,2.5,3.43
288,7254,3.5,3.95
165,5485,3.0,0.0
199,1797,3.0,4.43
232,67267,4.0,3.8
7,2701,1.5,2.36
380,2498,3.0,2.1
275,3361,3.0,3.89
90,1144,4.0,0.0
190,318,4.0,4.51
312,3702,4.0,3.62
155,2384,2.0,2.73
580,7001,2.5,4.12
447,474,5.0,3.84
200,7361,4.5,4.32
600,6003,3.0,3.59
352,117529,3.0,3.42
226,8360,4.0,3.73
607,3034,2.0,3.53
232,1911,3.0,3.03
587,2002,4.0,2.91
480,47644,3.5,2.58
328,1270,4.0,4.14
292,3916,4.0,3.87
19,2700,4.0,4.1
226,1884,3.5,4.01
405,4239,4.0,3.86
171,317,4.0,3.22
567,122920,2.5,3.86
469,2456,3.0,2.73
479,1320,3.0,3.24
483,1059,4.0,3.96
459,177765,5.0,3.12
430,3754,3.0,2.34
73,4447,3.5,3.22
287,532,2.5,3.06
288,3345,3.0,0.0
14,383,4.0,3.07
119,1732,4.0,4.0
10,82167,3.5,2.97
292,63859,4.0,3.74
307,4477,4.0,1.55
63,50,5.0,4.41
182,150,2.5,4.09
162,318,5.0,4.48
244,648,4.0,3.63
350,65,3.0,2.75
45,185,3.0,3.34
100,1277,4.0,3.79
89,149350,5.0,0.0
387,5255,1.5,2.88
166,1,5.0,4.04
448,132462,1.0,0.0
454,3949,4.0,3.87
448,3689,3.0,1.48
414,4448,4.0,3.91
387,6645,3.5,3.87
328,128360,3.0,3.98
599,3053,3.0,4.05
63,96079,3.5,3.89
339,4056,4.5,2.5
486,150,5.0,3.88
412,1073,1.0,3.94
308,44555,1.5,4.16
354,750,3.0,4.37
42,3450,5.0,3.38
606,4085,2.5,3.6
597,1231,5.0,3.89
460,51255,4.5,4.05
31,1099,2.0,3.76
414,46530,4.0,3.37
606,903,4.0,4.11
108,4992,4.0,3.0
232,49530,4.0,4.05
279,3753,3.0,3.43
277,95,3.0,2.95
232,1917,4.5,3.23
280,6377,4.5,4.13
317,293,5.0,4.13
210,296,0.5,4.24
495,35836,5.0,3.75
212,5971,4.0,3.99
91,7360,5.0,4.11
114,81834,3.0,4.08
502,520,5.0,2.97
525,750,3.5,4.45
322,1721,1.0,3.43
414,923,5.0,4.16
562,6975,3.5,4.08
380,7573,3.0,3.26
589,350,3.0,3.43
117,47,4.0,4.06
587,1270,5.0,4.09
489,59725,2.5,2.69
448,107,4.0,3.89
283,1210,4.0,4.17
477,2208,4.0,4.12
264,1028,5.0,3.85
452,2160,5.0,4.19
607,316,3.0,3.42
225,3264,3.0,2.46
602,597,2.0,3.6
288,1357,3.5,4.36
438,802,3.5,3.53
369,48082,3.5,3.91
104,6367,4.0,2.84
89,73015,1.5,3.74
542,5502,1.0,3.17
201,592,3.0,3.51
153,106920,4.0,3.89
586,117851,5.0,0.0
17,1358,3.0,4.1
88,5995,4.5,4.0
370,6874,4.0,3.97
187,6711,4.5,4.17
610,149011,3.5,0.0
309,1276,4.0,4.34
415,2291,4.0,3.71
438,8640,3.0,3.16
23,7932,3.0,0.0
43,349,3.0,3.8
201,2094,4.0,3.29
563,588,4.0,3.9
570,1265,4.0,4.09
608,5464,4.0,3.93
352,4025,3.0,3.16
599,4014,2.5,3.88
603,2875,3.0,3.16
391,3683,5.0,4.01
305,61024,3.0,4.0
89,3022,2.0,4.3
294,1731,1.0,2.06
15,111759,4.5,4.07
438,32,4.0,4.14
561,69526,1.0,2.46
555,2506,5.0,2.64
292,1097,4.5,3.91
294,2170,1.0,2.85
234,3274,5.0,3.23
153,180095,4.0,0.0
57,1291,4.0,4.29
232,34072,3.0,3.72
98,56775,4.0,3.01
325,3158,4.0,0.0
600,919,3.0,3.99
274,1089,4.5,4.58
294,2405,1.0,3.05
599,2232,2.0,3.69
61,2710,3.5,2.85
50,4928,4.0,0.0
298,4886,3.0,4.12
304,314,4.0,3.75
4,2019,2.0,4.19
42,195,3.0,3.23
452,1079,5.0,4.03
42,2568,4.0,3.31
434,1036,4.5,3.99
590,19,2.0,2.97
239,46976,4.5,3.78
307,539,2.0,3.7
274,590,4.0,4.01
19,2428,3.0,2.73
587,1376,4.0,3.52
6,524,3.0,3.63
474,1340,3.5,0.0
249,51086,3.5,3.16
514,26242,3.0,3.25
381,316,3.5,3.49
438,1036,4.0,4.05
466,46578,4.5,3.91
182,3006,3.0,4.04
523,95167,4.5,3.51
305,140956,4.5,0.0
132,8638,4.0,4.14
152,2329,5.0,4.24
288,1965,4.5,3.58
229,1,5.0,3.93
169,6709,3.0,3.39
362,2291,4.0,3.75
45,2006,5.0,3.28
590,1247,4.0,4.21
414,150548,4.0,3.92
590,912,5.0,4.56
527,1994,4.0,3.55
555,1994,4.0,3.62
177,8368,3.5,4.03
41,6539,3.0,3.88
111,170937,3.0,0.0
182,2528,2.5,3.52
387,2993,3.5,3.66
326,40819,5.0,3.76
178,44195,5.0,4.07
509,6093,2.5,0.0
438,30816,3.0,3.42
474,41527,4.0,0.0
432,72641,3.5,3.79
19,1346,2.0,3.33
125,79702,4.0,4.11
287,3948,2.0,3.53
47,101525,3.5,0.0
517,4306,4.0,4.0
593,1968,1.5,3.79
489,5791,3.0,3.92
304,2605,4.0,2.88
452,780,5.0,3.63
80,72998,4.0,3.72
188,904,5.0,4.3
292,1221,4.0,4.32
68,50685,4.5,3.67
376,2716,4.5,3.81
566,253,5.0,3.5
596,122882,5.0,3.91
599,70286,3.0,4.48
143,54503,1.0,3.98
256,88744,4.0,3.52
508,898,2.0,4.36
474,3994,4.5,3.86
177,106487,4.0,3.75
390,3174,4.0,3.42
561,59315,3.5,4.08
28,3681,3.5,4.31
76,52281,3.5,3.46
469,1237,4.0,4.35
328,1252,2.0,4.36
19,356,2.0,4.37
318,2674,3.0,0.0
206,800,5.0,3.94
474,3152,4.0,4.62
288,3483,2.0,3.23
381,4002,4.0,3.85
410,2133,4.0,3.31
84,4,3.0,2.59
105,91542,4.0,3.91
599,2383,0.5,0.0
86,95510,4.5,3.26
182,7254,4.0,3.98
365,1961,1.5,3.92
99,413,3.0,2.84
31,1200,3.0,3.96
387,2530,3.5,2.67
125,99007,4.5,3.32
266,785,4.0,3.53
368,2027,2.0,2.2
520,7036,5.0,2.81
122,1247,5.0,4.13
495,3979,3.0,2.61
217,1792,3.0,3.36
555,748,2.0,3.3
599,58306,2.5,0.0
232,33794,4.5,4.16
386,383,4.0,3.09
102,236,3.0,3.55
199,4848,3.0,3.79
156,587,3.0,3.51
586,135436,4.5,3.12
479,5651,3.0,0.0
517,277,5.0,3.38
151,1265,5.0,3.97
132,1125,3.0,3.69
305,5010,4.5,4.01
448,88140,3.0,4.13
127,1962,3.0,3.65
474,6984,4.0,0.0
380,5991,4.0,3.96
477,1945,4.0,4.15
318,64716,3.5,4.39
68,5582,4.0,2.83
464,593,5.0,4.26
153,2617,0.5,3.1
474,1946,3.5,0.0
82,5094,2.0,1.81
561,6947,4.0,3.72
103,8636,3.0,3.93
288,33166,4.0,4.18
365,70286,2.0,3.96
14,434,4.0,3.03
344,5010,2.0,3.86
281,3911,3.5,3.62
303,1374,5.0,3.7
474,6785,4.5,3.48
307,553,4.5,4.12
4,4246,4.0,3.66
286,1080,4.0,4.06
391,5537,5.0,0.0
603,908,4.0,4.48
610,134368,4.0,3.87
105,112552,4.0,4.48
317,3949,4.0,3.99
400,1213,4.5,4.3
600,1007,3.0,2.39
438,6764,3.5,3.47
269,5,3.0,2.97
325,1845,4.0,4.13
200,7458,4.0,3.46
474,2502,4.0,4.46
438,5563,2.0,3.28
599,5669,4.5,4.16
434,3107,3.5,3.49
522,1200,4.5,4.03
8,235,3.0,3.75
137,4963,2.5,3.97
21,2006,2.5,3.3
414,533,2.0,3.43
509,6942,4.0,3.84
178,1265,4.5,4.01
410,904,5.0,4.35
387,3088,3.0,4.09
483,6942,3.5,3.91
288,1240,3.0,4.11
178,7153,4.5,4.16
330,587,3.5,3.5
387,3204,3.5,4.1
4,4021,4.0,4.35
294,2064,4.0,4.02
387,39381,4.0,3.76
594,1407,0.5,3.37
483,6863,4.0,3.48
19,2683,3.0,3.31
386,329,3.0,3.45
520,2393,3.5,2.92
307,3392,1.0,2.89
374,349,3.0,3.73
122,96728,5.0,3.77
239,2916,3.0,3.82
608,2081,0.5,3.64
57,942,4.0,4.45
68,4299,4.0,3.88
498,208,3.0,2.97
177,31696,2.5,3.72
387,39414,3.0,3.21
105,96373,4.5,0.0
68,37729,2.5,3.72
389,25,4.0,3.7
590,1391,2.5,3.27
249,367,4.0,3.47
525,107,3.5,3.57
514,2289,2.0,4.13
603,778,2.0,4.31
420,47997,3.5,4.01
148,40815,4.0,3.84
415,63082,4.5,3.89
313,1197,3.0,4.3
105,64716,4.0,4.51
567,103335,0.5,3.85
219,33794,4.5,4.07
307,596,2.5,3.62
448,109295,2.0,0.0
414,6294,2.0,2.97
464,60832,4.0,0.0
66,3037,5.0,4.15
232,6942,3.5,4.0
372,1197,4.0,4.29
232,50794,3.0,2.99
365,59022,2.5,3.44
387,45447,3.0,3.33
122,480,4.0,3.87
136,350,5.0,3.51
140,1641,1.0,3.87
453,1457,3.0,3.22
265,1962,4.0,3.75
151,102,4.0,2.43
288,55768,3.0,3.19
384,2268,4.0,3.81
487,4638,2.0,2.96
354,597,3.5,3.62
111,61132,3.5,3.81
202,1312,2.0,0.0
125,54190,5.0,4.21
414,487,2.0,0.76
305,4878,5.0,4.27
414,5956,4.0,4.37
177,900,3.0,3.64
58,342,5.0,3.27
84,948,4.0,4.08
398,2763,4.0,3.56
111,5481,3.5,2.95
74,5791,4.0,3.93
256,3980,5.0,3.25
419,1917,5.0,3.02
288,5065,3.0,2.93
414,1033,3.0,3.89
304,1259,5.0,4.04
330,50,5.0,4.38
226,1007,3.5,2.38
313,4180,5.0,0.0
332,91974,3.5,4.18
219,4299,2.0,3.54
157,3617,3.0,3.02
288,1957,4.0,4.13
19,881,1.0,2.47
288,1616,3.0,3.51
606,5956,4.0,3.91
227,54286,4.5,3.69
474,50274,3.0,0.0
91,3563,3.0,2.04
191,95,3.0,2.92
239,595,3.0,3.91
606,2245,4.0,3.41
274,55721,4.5,4.61
571,12,1.0,2.76
593,588,3.5,3.9
444,480,3.0,3.75
474,7323,4.0,4.29
599,6330,2.5,0.0
63,91630,4.0,3.78
247,3114,4.5,3.87
263,6711,4.5,4.13
527,2565,4.0,4.17
145,208,3.0,2.95
352,130634,1.0,2.79
68,247,2.5,4.02
160,6591,5.0,4.24
600,5096,1.5,0.0
482,474,3.5,3.79
119,130520,3.5,3.36
380,5266,3.0,3.31
135,1892,4.0,3.28
330,150,3.0,3.96
593,339,2.0,3.56
219,45666,1.0,2.96
119,2329,4.0,4.3
182,5812,3.5,3.82
88,1994,3.5,3.51
122,288,5.0,3.25
484,1307,3.5,3.93
104,4886,4.0,4.01
469,357,3.0,3.66
473,2596,4.0,3.94
503,93831,1.5,2.5
68,2174,2.5,3.65
432,64839,4.0,3.85
298,5941,2.0,3.08
61,1090,4.0,4.07
210,5378,5.0,3.3
52,1923,5.0,3.72
298,87306,3.0,3.77
260,128,3.0,0.0
179,113,3.0,3.44
103,3174,4.5,3.49
187,48394,4.0,3.91
448,3671,5.0,4.19
448,43871,1.5,3.1
594,7883,0.5,0.0
377,1269,4.5,3.89
266,1259,4.0,4.04
19,3248,2.0,2.01
445,64614,4.5,3.98
387,3000,4.0,4.16
426,6373,3.5,3.24
252,8961,4.5,3.87
610,6373,3.5,3.65
10,8665,3.5,3.87
489,2115,4.0,3.81
469,1240,4.0,4.03
448,3020,4.0,3.83
298,7325,2.5,3.39
580,54286,5.0,3.83
141,2694,3.0,3.31
570,1270,4.0,4.11
551,96079,4.5,3.86
579,3408,5.0,3.52
66,3499,4.0,4.01
292,1278,4.0,3.99
438,5956,0.5,3.74
356,2144,3.5,3.77
318,106648,3.0,0.0
455,364,3.0,3.99
260,903,4.5,4.07
480,2011,4.0,3.8
599,161008,2.5,0.0
474,5670,3.0,0.0
85,515,4.0,3.57
306,168250,3.0,3.75
459,68954,5.0,4.06
412,933,5.0,4.4
599,4662,3.0,3.17
305,44555,5.0,4.2
186,377,4.0,3.67
307,26686,1.0,2.04
428,1676,3.5,3.45
217,1171,3.0,3.3
368,3162,3.0,0.0
103,88810,3.5,4.03
275,3163,5.0,3.43
462,597,1.5,3.55
219,3210,3.5,3.44
255,1194,5.0,3.41
260,1073,4.0,3.95
474,2291,4.5,3.95
140,3189,4.0,3.6
414,4780,2.0,0.0
24,733,3.0,3.73
534,2004,4.5,3.4
579,2028,3.0,4.16
318,84152,3.5,4.27
18,159093,3.5,3.83
274,3786,3.5,0.0
68,1049,3.5,3.79
351,2959,4.0,4.31
602,231,2.0,3.06
380,2394,5.0,3.61
380,7367,3.0,2.51
177,6385,3.0,4.15
445,7153,5.0,4.18
266,1911,1.0,2.76
222,6793,1.5,2.05
469,2406,3.0,3.71
560,6541,3.0,2.73
601,177765,4.5,3.35
438,353,4.0,3.66
479,3270,4.0,2.71
438,1408,5.0,3.76
610,87869,3.5,3.91
330,509,3.0,3.65
4,4273,4.0,0.0
534,1291,4.5,4.38
21,164909,3.5,3.62
267,29,4.0,4.05
1,2078,5.0,3.93
219,260,5.0,4.39
600,3499,3.5,4.09
292,344,2.0,3.08
285,912,5.0,4.34
474,2959,4.0,4.48
251,2959,5.0,4.28
222,104303,1.5,3.1
104,5618,4.0,4.15
514,1200,5.0,4.08
232,7373,3.5,3.53
245,3196,3.0,3.82
296,33493,1.0,3.55
280,86817,4.0,0.0
427,5459,2.0,2.89
219,30707,2.5,3.98
237,48385,3.5,3.37
288,1320,2.0,3.44
470,527,5.0,4.24
169,440,4.0,3.67
393,8984,5.0,3.21
480,3362,4.0,4.22
353,434,3.0,3.11
265,2455,2.0,3.5
96,1942,5.0,4.01
596,40870,3.5,0.0
579,3082,4.0,3.28
348,296,5.0,4.26
454,2160,4.5,4.11
274,1713,2.5,3.23
382,104076,2.0,2.07
434,68358,3.0,4.11
233,3147,4.0,4.15
587,440,4.0,3.63
33,2539,4.0,3.05
381,3949,5.0,4.0
184,114935,4.5,3.72
480,4016,2.5,3.91
182,3955,1.0,1.82
372,1358,3.0,4.13
171,1225,4.0,4.19
580,25850,0.5,4.26
10,597,3.5,3.57
156,4784,3.0,0.0
594,5364,4.5,3.23
115,1387,5.0,4.17
474,1413,4.5,0.0
318,32657,4.5,4.81
599,2144,3.0,3.98
182,7934,4.0,4.39
119,5989,4.5,4.1
104,56949,3.5,3.43
509,33779,4.0,0.0
18,106489,3.5,3.42
241,106696,4.0,3.6
220,316,2.0,3.44
19,1378,3.0,3.19
360,1617,5.0,3.98
387,520,3.5,3.23
314,141,3.0,3.58
362,4993,5.0,4.25
64,7445,3.5,3.81
534,86332,3.5,4.0
8,357,5.0,3.53
68,4489,2.5,3.58
66,2470,4.0,3.23
91,2144,2.0,3.81
151,736,4.0,3.39
380,60069,5.0,4.54
380,6014,2.0,3.0
260,1094,2.5,3.56
404,193,3.0,2.52
448,5414,2.0,3.27
129,5159,4.0,3.43
22,4903,4.0,3.13
177,3101,3.5,3.25
145,300,3.0,3.43
562,3448,4.0,3.77
510,1198,4.0,4.32
122,5810,4.5,3.39
103,55247,5.0,4.07
266,608,5.0,4.17
200,4993,4.0,4.31
328,1036,1.0,3.97
202,2147,3.0,0.0
522,34405,4.0,3.99
43,661,5.0,3.3
111,170813,4.0,2.91
509,51834,4.0,0.0
111,135861,2.0,3.24
222,91628,1.5,0.0
274,55765,4.0,4.17
303,1270,3.5,4.04
137,110,4.0,4.08
254,47629,2.0,3.97
318,1584,4.5,3.82
305,27801,4.5,4.04
57,457,5.0,4.21
608,593,4.0,4.53
68,2485,3.5,3.45
382,45208,2.0,2.09
184,171763,4.5,4.44
201,2248,5.0,3.87
35,266,2.0,3.42
104,588,4.0,4.04
448,2916,3.0,4.14
68,1387,3.5,4.27
122,101142,4.5,3.97
553,2571,3.5,4.24
573,2115,5.0,3.79
184,168090,4.0,0.0
560,57368,4.5,3.34
7,8865,1.0,2.72
64,2394,3.5,3.52
169,3882,3.5,2.86
288,1373,2.5,2.54
357,1956,4.0,4.03
580,3267,4.0,3.61
365,3996,1.0,3.88
438,589,5.0,4.31
226,5107,2.5,0.0
594,2432,4.5,2.88
303,6303,4.0,3.72
555,1320,5.0,3.39
537,95067,3.0,2.77
105,3742,4.0,3.78
330,1265,4.5,4.15
365,30793,3.5,2.93
68,3101,4.0,3.33
18,89745,4.0,4.19
393,5952,5.0,4.15
448,50601,1.5,3.25
105,213,4.5,3.45
475,5459,4.5,2.99
383,2906,3.0,2.02
606,95105,2.5,3.64
489,5971,4.5,3.94
367,2430,4.0,2.48
477,31660,3.0,0.0
288,6593,4.0,3.19
169,3948,5.0,3.67
284,15,4.0,2.91
290,11,4.0,3.82
4,608,5.0,4.18
477,6534,4.0,2.73
318,3702,3.5,3.79
566,480,4.0,3.77
601,95167,4.0,3.56
275,556,4.0,2.93
19,2065,2.0,4.02
103,68157,5.0,4.28
97,3623,5.0,2.7
603,3557,3.0,2.59
312,5479,3.0,3.37
465,3505,4.0,3.53
354,8961,4.0,3.96
365,508,2.0,3.66
425,344,3.5,3.11
348,4368,3.5,2.16
600,5970,3.0,3.4
298,111743,0.5,3.21
140,4677,4.0,3.05
385,85,3.0,3.82
6,261,4.0,4.15
282,72998,4.0,3.73
54,420,2.0,2.84
610,61323,3.5,3.87
474,6297,3.5,3.75
497,1258,4.0,4.14
318,3967,4.0,4.1
391,1729,2.0,3.77
562,84374,3.5,3.0
517,1293,4.0,3.81
275,2917,5.0,4.13
610,52973,5.0,4.25
448,8290,0.5,0.0
140,2724,4.0,2.85
594,8643,5.0,3.17
385,277,3.0,3.34
247,223,3.0,3.98
226,783,2.0,3.44
221,27773,4.5,4.23
597,1297,4.0,3.85
288,3543,3.0,3.93
539,527,3.5,4.23
323,151,3.5,3.54
50,837,2.5,3.37
68,216,3.5,3.86
294,2899,1.0,0.0
307,24,2.0,3.48
480,36529,4.0,4.0
597,1278,5.0,4.07
599,8832,3.0,0.0
354,2985,4.5,3.41
212,80693,4.0,3.26
226,1091,3.0,2.65
10,63113,3.5,3.44
331,3752,3.0,3.18
14,491,3.0,3.44
474,7932,4.0,0.0
583,64969,3.0,3.68
474,150,4.5,4.28
27,661,3.0,3.33
104,6188,2.0,3.57
382,83177,1.0,0.0
410,1663,5.0,3.91
606,1801,4.0,3.53
229,457,5.0,4.06
573,111362,5.0,3.97
534,3114,4.5,4.02
141,296,4.0,4.28
558,5312,3.0,2.92
68,5103,2.5,3.97
339,166643,4.0,4.22
587,910,4.0,3.94
318,94150,4.0,0.0
239,786,3.0,3.32
523,101962,5.0,0.0
477,2291,2.5,3.87
16,318,4.0,4.53
489,35836,3.0,3.74
608,2141,1.5,3.66
525,3911,4.5,3.75
414,4081,2.0,2.14
140,3998,4.0,3.05
593,26084,3.5,4.01
474,4041,3.0,3.29
368,2986,1.0,2.83
571,152,2.0,0.0
480,45672,2.5,3.11
125,152077,4.0,3.87
263,586,3.0,3.14
599,3537,2.0,0.0
525,53972,3.0,3.82
64,2700,4.5,4.14
560,54995,4.0,4.0
45,4958,4.0,3.35
362,1591,4.0,2.32
483,196,0.5,2.83
9,2901,2.0,3.1
105,72641,4.0,4.07
558,367,3.0,3.19
474,5541,2.0,3.47
387,3426,3.0,2.74
186,4995,3.0,4.16
274,1917,3.5,3.36
109,852,3.0,3.22
217,688,2.0,2.49
534,99007,4.0,3.41
462,116797,3.5,4.14
91,1246,2.0,4.27
380,2401,4.0,4.01
571,2149,1.0,1.95
465,2763,4.0,3.58
526,2959,4.0,4.29
244,1408,5.0,3.76
495,86911,0.5,3.57
125,142422,4.0,4.04
534,5418,4.5,4.08
219,6283,3.5,4.04
263,6299,3.5,3.56
420,480,3.5,3.78
401,783,4.0,3.35
19,432,3.0,2.73
488,971,2.5,4.26
511,2324,4.5,4.15
76,1682,2.5,3.85
604,261,4.0,3.97
232,61705,3.5,0.0
577,3062,3.0,4.12
474,1507,3.5,0.0
603,1554,3.0,2.86
41,6763,5.0,2.04
414,1674,4.0,4.02
298,84954,0.5,3.43
381,4232,3.5,3.07
217,2003,2.0,3.42
448,5548,3.0,2.64
599,32587,3.5,4.29
108,5309,3.0,2.71
275,2731,4.0,4.11
294,3040,5.0,3.11
294,419,1.0,3.02
606,8014,4.5,4.58
68,5445,3.0,4.05
232,3979,2.5,2.6
330,1197,4.5,4.36
410,154,4.0,3.93
448,4963,4.0,4.55
480,41573,2.5,2.64
401,48,2.0,3.27
40,267,3.0,2.92
325,5445,4.0,3.73
68,5049,2.0,3.94
463,6539,3.5,3.82
249,4270,3.5,3.63
330,1784,5.0,3.89
167,2471,2.5,2.62
599,4007,3.0,4.22
271,2968,2.5,3.84
414,7147,4.5,4.69
105,86628,4.0,0.0
605,47610,4.0,3.84
298,2502,3.0,4.32
414,6349,3.0,1.3
601,8961,5.0,3.93
393,32587,0.5,3.96
182,4178,4.0,3.39
357,788,3.0,2.84
339,3462,4.0,3.74
364,1,5.0,3.91
562,1307,5.0,3.91
95,5792,4.0,3.37
357,1028,4.5,3.97
305,72294,3.5,0.0
560,73017,3.5,4.09
62,1210,4.5,4.34
111,98083,5.0,0.0
330,1961,4.0,4.0
140,3969,3.0,3.43
198,5378,3.0,3.29
603,2155,4.0,3.44
318,5673,4.0,3.83
286,6874,5.0,3.94
266,69,5.0,3.86
182,4313,3.5,0.0
504,5669,3.5,3.84
313,3793,3.0,3.8
432,1036,2.0,3.94
27,2687,4.0,3.46
599,4104,2.0,0.0
380,2709,4.0,3.11
489,1644,0.5,2.18
473,5785,3.5,3.71
580,1214,4.0,4.13
610,3911,4.5,3.95
73,4306,2.5,4.04
4,345,4.0,3.64
28,56367,2.5,3.91
20,709,3.0,3.26
448,92507,2.5,3.5
305,589,5.0,4.28
132,1682,3.5,3.92
606,1305,4.0,3.62
19,1517,3.0,3.73
313,4085,3.0,3.51
380,3363,4.0,3.98
367,356,5.0,4.27
135,1372,1.0,3.37
104,4299,3.0,3.45
414,1282,5.0,3.75
606,1222,4.0,4.43
593,1210,4.5,4.22
298,3686,2.5,3.17
290,1617,4.0,4.15
567,1916,5.0,3.17
219,2890,3.0,3.89
58,708,5.0,3.36
600,8981,3.5,3.79
483,1266,4.5,4.33
554,2080,5.0,3.51
339,86332,2.5,3.81
608,3617,3.0,3.35
554,903,5.0,4.06
183,1214,4.0,4.01
68,420,1.0,3.15
288,3676,3.0,3.49
480,3301,2.0,3.82
59,1299,5.0,4.16
73,111362,5.0,3.93
607,1249,4.0,4.06
232,45722,3.5,3.75
426,595,4.0,3.88
470,1073,4.0,3.95
199,293,3.5,4.1
608,2282,3.0,3.36
242,231,3.0,3.04
307,2011,3.5,3.71
68,55253,4.0,3.75
357,858,5.0,4.5
325,300,4.0,3.46
274,3863,3.5,3.25
64,33794,4.0,4.04
6,140,3.0,3.59
27,673,2.0,2.82
28,40414,3.0,3.87
590,1204,4.5,4.51
526,128620,5.0,3.67
166,648,3.0,3.64
414,4812,3.0,1.74
596,32300,3.5,2.63
110,7096,5.0,0.0
307,1917,2.5,3.12
600,5992,1.0,4.03
599,4121,2.5,3.16
391,1247,4.0,4.14
610,8874,5.0,4.53
66,1449,4.5,3.78
480,7983,4.0,4.46
438,3114,4.5,4.06
580,3986,4.0,2.56
66,3745,3.5,3.43
140,5102,3.0,2.49
93,1894,3.0,2.79
294,719,1.0,3.07
153,118696,2.5,3.5
140,3005,3.0,2.85
555,1614,4.0,2.91
518,468,3.0,3.29
88,83177,0.5,0.0
599,2134,1.5,3.46
1,3034,5.0,3.59
573,1527,4.5,3.78
274,63082,4.0,4.44
438,8633,2.0,3.76
474,7303,3.5,4.23
263,2324,5.0,4.22
610,44828,4.0,2.92
368,2353,3.0,3.62
32,1224,3.0,4.26
42,410,2.0,3.28
50,142602,1.0,0.0
587,2605,5.0,2.89
382,33158,2.5,1.82
385,1225,3.0,4.23
356,3160,4.0,3.68
297,733,3.0,3.7
62,122896,3.5,4.3
274,55820,4.0,4.23
7,1183,1.5,3.75
135,2088,3.0,2.36
177,7163,2.0,3.1
288,362,3.0,3.99
391,2605,2.0,2.83
336,2268,4.0,3.82
513,920,5.0,3.7
305,84152,4.5,4.2
424,54503,4.0,4.04
342,2706,4.0,3.4
77,2571,5.0,4.22
202,2640,4.0,3.81
351,56941,3.0,3.13
187,1261,5.0,4.11
173,597,3.0,3.54
339,54503,4.5,4.18
414,7315,2.0,0.0
560,6934,3.5,3.34
414,4229,3.0,0.54
465,3681,4.0,4.2
24,3556,2.0,3.94
525,80549,4.5,3.96
213,59615,3.5,2.77
294,2709,4.0,3.04
492,1431,4.0,2.4
313,1220,1.0,3.94
20,4821,0.5,3.86
606,15,3.5,3.09
555,2255,1.0,0.0
20,661,5.0,3.35
424,4450,4.5,2.98
274,4886,3.5,4.39
330,5952,4.0,4.17
28,61986,3.0,0.0
480,2699,1.5,3.0
580,6300,5.0,4.42
448,103865,2.0,0.0
200,2145,4.5,3.23
139,6957,1.5,3.6
331,3578,4.5,4.08
96,377,5.0,3.61
225,2371,4.0,3.05
504,6708,4.5,3.76
360,1414,2.0,2.8
380,1917,3.0,3.38
385,349,3.0,3.77
328,912,1.0,4.44
21,105844,2.0,3.93
217,3494,3.0,4.03
166,6,3.5,4.05
425,2710,3.5,2.94
580,1729,4.5,3.82
42,2001,4.0,3.28
298,34405,4.0,3.98
414,1020,2.0,3.83
599,2915,3.0,3.77
43,519,5.0,2.39
606,1183,3.5,3.9
84,1028,4.0,3.94
84,5060,4.0,4.05
288,3354,2.0,2.75
307,32587,4.5,4.08
608,6059,4.0,3.67
517,1265,3.0,4.06
219,5378,2.0,3.41
380,91542,2.0,4.1
307,367,1.5,3.36
606,3462,4.0,3.78
232,6264,3.0,2.62
606,7382,4.5,0.0
380,1278,5.0,4.2
431,1234,4.0,4.06
414,2791,4.0,4.41
288,45668,3.0,3.66
608,6377,4.0,4.35
182,377,2.5,3.86
477,239,3.5,3.07
42,4027,4.0,3.87
182,653,2.5,3.45
301,6711,3.0,4.12
64,520,4.0,3.18
445,1230,5.0,4.01
580,912,0.5,4.43
590,2005,4.0,3.81
19,435,2.0,2.66
328,293,3.5,4.14
249,105213,4.0,3.48
509,6874,3.0,4.0
608,4876,3.5,2.49
100,923,3.5,3.98
129,1517,3.5,3.59
292,2401,3.0,3.96
3,1371,3.0,3.05
52,50872,4.0,4.07
405,1214,4.0,4.01
610,5444,3.5,4.1
64,260,3.5,4.37
1,2899,5.0,0.0
123,44199,4.0,3.91
448,355,2.0,2.59
561,7143,4.0,4.08
474,47894,3.5,4.37
216,514,3.0,3.42
601,134853,5.0,3.87
514,26133,5.0,3.62
15,1527,3.0,3.74
610,58295,3.5,3.55
239,3623,4.0,2.8
560,155288,3.5,2.53
274,5265,4.0,3.55
50,92427,1.0,0.0
288,2527,3.0,3.83
45,5568,2.0,3.08
200,2599,3.0,3.66
135,293,4.0,4.16
84,1381,3.0,2.16
586,1704,5.0,4.16
140,7294,3.0,0.0
608,277,2.5,3.54
220,480,5.0,3.88
6,17,4.0,3.86
143,79132,2.0,4.16
263,6333,3.0,3.79
610,89753,4.0,4.1
288,1036,3.0,4.16
217,3033,2.0,3.58
334,2115,2.5,3.7
182,1245,4.5,4.42
480,235,3.0,3.9
510,1060,3.0,3.63
458,150,5.0,3.91
91,7000,3.0,3.16
330,3949,4.5,3.96
68,52287,2.0,3.98
63,1136,5.0,4.29
607,1196,3.0,4.28
216,2987,3.0,3.65
606,5299,4.0,3.42
474,4823,4.0,3.07
321,3,3.0,3.22
276,1,4.0,3.93
572,1958,4.0,3.89
428,1911,1.5,2.8
193,1196,4.5,4.22
448,27478,3.5,3.29
596,5618,4.5,4.3
472,3254,3.5,3.38
438,2028,4.0,4.37
451,786,3.0,3.25
74,8838,5.0,3.79
246,1584,3.5,3.65
217,1200,3.0,4.16
177,3034,4.0,3.76
448,1425,2.0,3.16
597,153,3.0,3.05
156,5788,4.5,3.19
41,4963,3.0,4.09
26,344,3.0,3.06
414,127130,4.0,0.0
279,924,4.0,3.96
4,2390,5.0,3.92
464,1196,5.0,4.31
274,4388,3.0,2.83
217,1019,3.0,3.67
522,2094,1.5,3.25
511,55908,4.0,4.21
483,3310,4.0,4.05
373,95,2.0,2.97
95,6502,4.5,4.08
68,3052,3.5,3.9
270,3,3.0,3.17
91,1125,3.5,3.69
290,1225,5.0,4.29
111,173255,2.5,0.0
268,2019,5.0,4.2
155,1517,3.0,3.55
448,4677,3.0,3.14
442,3510,1.0,3.34
495,69481,4.5,4.2
246,7147,5.0,3.88
217,414,3.0,2.39
603,175,5.0,4.24
282,593,4.0,4.34
357,3360,3.5,3.71
155,260,4.0,4.23
469,1307,4.0,3.94
169,6266,4.0,2.99
590,2701,2.5,2.53
117,256,3.0,3.05
305,88812,3.5,3.14
342,3157,3.0,2.74
66,7143,4.5,4.03
610,1241,5.0,4.37
421,3461,3.5,3.0
563,1073,4.0,3.94
6,150,4.0,4.01
68,3786,1.0,0.0
41,111659,1.0,3.03
200,46976,4.5,3.79
91,5749,3.0,0.0
599,6615,2.5,2.9
59,1219,5.0,4.06
34,2571,3.0,4.26
10,4246,3.5,3.68
381,6378,4.5,3.8
432,1801,4.5,3.4
414,5989,4.0,4.83
599,2502,4.0,4.44
414,1541,2.0,3.52
219,60126,3.5,3.78
328,919,3.0,3.93
414,5417,3.0,3.81
8,440,3.0,3.61
230,41569,4.0,3.32
414,1013,3.0,3.65
89,167018,2.5,3.51
290,2987,4.0,3.69
391,4178,4.0,3.31
372,616,2.0,3.49
562,7147,4.0,3.86
156,2941,4.0,3.79
288,8640,3.0,3.05
153,2959,0.5,4.32
474,7049,3.0,0.0
568,3261,3.0,3.2
219,21,3.5,3.56
448,688,2.0,2.71
480,4034,3.5,4.24
220,590,5.0,3.88
42,2335,4.0,3.26
462,3426,2.5,3.0
551,112852,3.0,4.2
610,6,5.0,4.13
373,34,4.0,3.63
483,377,1.5,3.83
62,48385,4.0,3.49
123,111759,4.5,4.0
606,1727,3.5,3.93
462,8620,2.5,0.0
438,31221,1.5,2.49
234,1097,5.0,3.89
78,648,3.0,3.6
182,6624,0.5,2.27
189,79132,4.5,4.17
249,79057,3.5,4.11
502,903,3.5,4.03
606,1663,2.0,4.13
414,4280,4.0,3.62
63,592,4.0,3.56
273,223,5.0,3.96
294,1262,4.0,4.25
489,91488,3.5,0.0
334,55820,3.0,3.97
177,88125,5.0,4.11
226,6502,4.0,4.2
111,46948,0.5,3.63
325,2167,3.0,3.54
457,2706,4.0,3.41
212,180031,4.0,3.62
122,4874,4.5,3.77
89,32243,3.5,0.0
213,4368,3.0,2.13
274,5478,2.5,3.09
288,8961,4.0,4.14
27,3519,3.0,2.97
608,329,3.0,3.51
249,7439,3.0,3.69
38,588,3.0,3.9
414,50872,4.0,4.91
68,59900,1.0,3.41
489,4020,3.0,3.32
608,1275,2.5,4.08
211,3869,3.0,3.23
216,364,3.0,3.98
182,5108,1.5,3.0
380,74545,3.5,3.75
544,694,4.0,2.85
603,1635,5.0,4.06
466,34150,4.0,2.79
525,2788,4.0,4.21
448,89470,4.0,4.13
239,2001,3.5,3.22
516,2268,3.0,3.79
603,3435,5.0,4.32
294,2072,1.0,3.42
382,4310,3.5,2.86
22,36529,2.5,3.81
98,4226,4.0,4.19
318,97904,4.0,0.0
474,4226,5.0,4.47
18,2000,4.0,3.85
182,5298,4.0,3.67
600,616,4.0,3.57
599,524,2.5,3.81
428,4310,3.0,2.83
589,527,5.0,4.25
298,76060,2.5,0.0
474,830,2.0,3.21
103,36,4.0,3.84
479,3428,3.0,0.0
439,7153,5.0,4.15
7,58,3.0,4.03
484,1438,1.5,2.69
140,37739,4.0,2.54
45,3255,3.0,3.57
63,8376,2.5,3.15
606,2875,3.0,3.15
59,750,5.0,4.34
373,410,3.0,3.15
275,608,4.0,4.28
4,3386,4.0,3.48
298,1916,3.0,3.22
597,1240,4.0,4.01
312,2529,4.0,3.87
264,1876,3.5,3.01
71,160,3.0,2.92
140,339,3.0,3.73
44,260,5.0,4.22
318,113348,3.5,2.75
368,2641,2.0,3.1
404,34,4.0,3.62
425,1466,4.0,3.86
469,920,3.0,3.77
353,204,2.0,2.77
532,111,4.0,4.19
288,1242,4.0,4.27
274,2687,3.0,3.92
145,153,3.0,2.93
331,3911,5.0,3.67
254,648,3.5,3.6
588,223,5.0,3.97
528,6006,3.5,2.42
492,667,3.0,2.91
432,589,3.5,4.15
414,3252,5.0,4.27
58,62,3.0,3.73
365,59315,3.5,3.93
232,48043,3.5,3.66
297,6,5.0,4.0
144,2000,3.5,3.69
288,597,3.0,3.74
579,2485,3.0,2.94
71,1370,4.0,3.44
80,150,4.0,3.89
380,1022,3.0,3.63
452,2490,5.0,3.43
136,273,3.0,3.0
302,17,5.0,3.79
414,1371,3.0,3.09
19,2148,2.0,3.3
555,1591,4.0,2.39
608,2699,1.5,3.0
186,3409,4.0,2.87
117,105,3.0,3.34
15,160980,3.5,3.48
68,2490,3.0,3.4
495,1247,5.0,4.13
298,64839,3.0,3.92
21,19,2.5,2.88
43,828,5.0,2.39
573,45722,5.0,3.66
380,223,4.0,4.13
117,531,3.0,3.32
368,3370,3.0,0.0
198,903,4.0,4.04
156,2797,3.0,3.91
249,30810,3.5,3.87
516,2259,3.0,3.67
225,2327,5.0,0.0
437,440,3.0,3.61
66,457,3.0,4.11
31,7,4.0,3.16
610,136020,3.5,3.49
380,1033,3.0,3.88
596,103772,2.5,3.62
68,152081,3.0,4.55
298,6773,3.0,3.62
305,5299,4.0,3.44
202,3681,4.0,4.32
312,5015,4.0,3.43
286,158,3.0,2.91
372,235,2.0,3.81
477,1271,4.5,3.54
414,4089,2.0,0.0
484,364,5.0,4.08
33,448,4.0,3.47
312,1089,4.0,4.32
594,6967,0.5,0.0
386,32,3.0,3.97
608,3968,3.0,3.2
380,587,3.0,3.7
298,1587,3.0,3.19
141,1485,2.5,3.18
261,30810,1.0,3.59
561,6188,3.5,3.61
608,150,2.0,4.08
352,5995,5.0,4.08
570,508,3.5,3.77
249,79132,5.0,4.9
99,259,3.0,3.39
240,173,3.0,2.66
305,4034,4.5,4.16
217,2860,2.0,2.91
66,1,4.0,4.08
419,1206,4.5,4.18
111,181659,2.5,0.0
603,2167,4.0,3.66
607,3053,5.0,3.9
514,8906,2.0,0.0
474,39381,3.0,3.92
346,2858,4.5,4.11
593,377,2.5,3.62
489,79132,4.5,4.41
182,480,3.5,3.98
290,2329,4.0,4.26
288,788,2.0,3.08
255,1079,2.0,3.92
610,72011,4.0,4.09
132,6593,3.5,3.13
249,45730,3.5,2.72
230,150,2.0,3.89
456,653,4.0,3.13
177,932,5.0,3.37
232,8982,3.0,0.0
599,4015,2.0,3.12
453,47,5.0,4.17
546,3354,4.0,2.67
198,3868,4.0,3.34
135,157,2.0,3.43
567,143367,4.5,0.0
380,147382,4.0,3.74
212,98243,4.0,3.96
465,3698,4.0,3.15
480,780,3.0,3.78
64,1225,4.0,4.34
47,597,3.0,3.57
128,1721,4.0,3.41
489,7367,0.5,2.22
229,5,3.0,2.99
23,175,3.0,4.06
391,1041,4.0,4.71
42,3502,5.0,2.69
216,2395,5.0,3.56
560,5349,3.5,3.71
368,3704,2.0,3.54
335,356,4.0,4.18
495,2700,4.5,3.97
489,4474,4.5,2.2
483,2793,3.5,2.14
391,608,5.0,4.29
599,2734,2.5,3.42
411,52,2.0,3.58
182,5902,4.5,4.15
410,2987,4.0,3.61
465,2628,2.0,3.14
563,80858,3.5,0.0
361,466,3.5,2.95
596,7458,2.5,3.44
182,2713,0.5,2.98
474,1345,3.5,3.47
140,6539,3.5,4.02
125,161131,3.5,3.78
493,4701,5.0,3.21
202,1370,4.0,3.54
380,120799,3.0,3.15
201,1917,4.0,3.06
317,74458,4.0,4.25
43,1084,5.0,4.15
483,1566,4.0,3.82
453,1641,4.0,3.94
584,477,4.0,3.39
292,85414,4.0,3.69
368,3654,3.0,3.93
436,370,2.0,3.1
21,32587,3.0,4.1
474,45730,3.0,2.86
424,3176,5.0,3.31
186,1391,4.0,3.18
134,163,3.0,3.57
610,4852,1.0,0.0
232,34334,3.0,2.26
279,1208,3.5,4.23
362,60072,3.5,3.09
170,553,4.0,3.85
96,454,4.0,3.62
502,1250,5.0,3.99
414,3019,4.0,4.11
160,786,1.0,3.33
45,5349,5.0,3.66
600,39435,2.5,3.14
21,2167,3.5,3.62
68,8781,2.5,3.0
438,165,4.0,3.97
484,8363,4.5,0.0
367,3453,4.0,0.0
104,674,3.0,3.13
320,3404,0.5,3.67
64,377,3.0,3.81
587,58,5.0,4.11
387,2139,4.0,3.81
367,4310,4.0,2.81
318,65631,4.0,0.0
413,318,5.0,4.5
448,1092,4.0,3.54
355,60,3.0,3.25
318,105197,3.5,4.28
187,6214,4.0,3.97
21,2959,2.0,4.29
254,32,4.5,4.01
477,48516,5.0,4.6
181,432,3.0,2.59
517,55820,1.0,3.95
453,1488,3.0,2.89
448,79879,3.0,2.03
301,527,4.5,4.27
599,5902,3.0,4.32
292,8961,3.5,4.05
322,60040,0.5,3.27
599,34800,1.5,0.0
111,4367,3.5,3.06
254,5995,4.5,4.05
132,32587,4.0,3.98
334,4963,3.5,4.04
98,5444,4.5,3.9
412,2890,4.0,3.8
41,2671,3.0,3.58
480,3988,2.5,3.21
532,1291,5.0,4.2
41,7149,4.5,3.7
217,437,2.0,2.4
381,3552,2.0,3.9
93,1641,4.0,3.86
603,1177,4.0,3.82
19,295,3.0,0.0
362,293,4.5,4.11
404,597,3.0,3.57
15,6874,3.0,3.97
91,2997,3.5,4.14
103,3535,4.5,3.87
266,316,3.0,3.41
186,1320,4.0,3.28
110,8014,4.0,4.32
599,79132,3.0,4.74
331,30793,1.5,2.95
294,762,1.0,2.5
412,1214,4.0,4.01
212,113573,3.0,0.0
447,253,4.0,3.52
274,3424,3.5,4.33
160,242,2.0,0.0
339,47099,5.0,4.09
319,110,4.5,4.05
474,27912,3.0,3.39
602,733,4.0,3.73
380,67255,2.0,4.46
492,724,3.0,3.09
599,6670,2.0,0.0
560,120478,3.5,4.76
239,1196,5.0,4.42
599,27549,1.5,0.0
83,30749,3.5,3.95
475,1210,5.0,4.29
480,2273,2.5,3.74
480,7150,3.5,2.78
330,648,2.5,3.67
424,2296,3.0,2.18
325,318,5.0,4.52
439,98809,3.5,3.78
307,3268,1.0,1.89
590,3148,3.5,3.76
602,193,2.0,2.54
31,588,5.0,3.87
18,106487,4.0,3.63
246,4011,4.5,4.26
474,26,3.5,3.9
19,1479,3.0,3.45
318,95873,4.0,3.58
391,2023,3.0,3.51
182,5809,3.0,0.0
425,337,4.0,3.92
200,8984,2.5,3.28
567,103384,1.5,3.46
480,48780,4.5,4.31
596,68835,3.5,0.0
222,3178,3.5,3.62
560,8464,4.0,3.75
34,3052,2.5,3.69
453,2694,3.0,3.36
288,53125,2.5,3.73
294,837,1.0,3.48
305,30749,5.0,4.15
607,1917,5.0,3.05
456,5,3.0,2.99
514,4396,2.5,2.83
307,410,3.0,3.36
604,434,4.0,3.1
474,2450,1.0,3.07
414,3967,4.0,4.52
18,1209,5.0,4.14
610,159,3.5,2.81
111,91658,3.5,3.79
220,6365,4.5,3.46
412,1784,4.0,3.77
462,4427,3.0,3.88
91,3793,4.0,3.87
600,1,2.5,4.15
610,527,3.5,4.38
580,3527,3.5,3.66
554,608,2.0,4.16
500,480,4.0,3.77
279,54503,2.5,4.08
19,141,1.0,3.65
492,104,4.0,3.51
186,317,5.0,3.28
68,180,2.5,3.77
199,1897,3.0,0.0
599,8638,3.0,4.25
610,103688,4.0,4.28
527,2000,5.0,3.73
525,597,4.0,3.75
418,4878,5.0,4.05
586,110130,4.0,4.49
252,137857,3.5,3.65
160,903,4.0,4.05
267,1197,5.0,4.27
28,5378,4.0,3.42
603,99,5.0,0.0
268,2702,4.0,3.66
405,4022,3.5,3.73
288,2657,2.0,3.58
599,4502,1.0,2.42
28,3556,3.0,4.05
411,592,3.0,3.52
314,1367,3.0,3.13
522,51662,1.0,3.73
534,596,4.0,3.48
307,441,3.0,4.2
441,2716,5.0,3.77
410,1635,4.0,3.78
19,328,2.0,3.47
156,6658,3.5,3.35
120,780,2.0,3.47
525,5989,3.5,4.26
274,4233,3.5,1.76
518,6333,4.5,3.7
381,51084,4.0,3.3
482,5378,4.5,3.25
414,1374,4.0,4.17
246,296,4.0,4.31
18,380,2.5,3.77
90,1073,4.0,3.92
68,67408,3.0,3.3
414,60126,3.0,4.11
604,76,4.0,3.27
191,158,2.0,2.89
436,377,4.0,3.64
307,6060,2.0,0.0
600,593,4.0,4.44
42,4489,5.0,3.33
186,2369,4.0,2.56
368,1676,2.0,3.46
474,27873,3.5,3.25
603,3285,1.0,3.23
425,3147,4.0,4.23
43,539,3.0,3.58
75,1266,4.0,4.14
115,2947,4.0,3.94
237,8665,3.5,3.84
130,595,2.0,3.83
368,1378,3.0,3.14
260,2702,2.0,3.65
105,178613,4.0,0.0
489,87485,3.5,2.98
318,3943,4.0,2.79
195,904,5.0,4.35
514,54997,4.0,3.95
561,2746,3.0,3.48
509,1020,3.0,3.26
217,3255,3.0,3.57
50,149406,2.0,3.6
495,736,3.5,3.43
82,317,2.5,3.28
590,2023,3.0,3.63
187,52328,3.0,3.93
600,30812,4.0,3.65
356,2596,4.0,4.08
465,541,5.0,4.13
574,110,5.0,4.03
246,96079,4.5,3.89
21,2858,2.0,4.15
219,2115,3.0,3.8
111,551,4.0,3.55
330,4886,5.0,4.03
448,2413,3.0,3.66
228,541,4.0,4.09
276,62,5.0,3.69
153,2005,2.0,3.66
51,6934,0.5,3.19
483,2968,3.5,3.86
121,508,3.0,3.67
80,55765,4.0,3.98
232,33646,3.5,3.24
413,2353,5.0,3.52
260,7815,5.0,0.0
414,95510,3.5,3.84
590,2137,3.5,3.86
27,2311,2.0,3.81
504,4034,4.5,3.97
525,5785,0.5,3.84
274,5810,3.5,3.68
274,7802,4.0,4.52
79,1210,5.0,4.18
562,2692,4.0,4.06
599,1485,2.5,3.51
68,8968,5.0,3.45
425,1210,3.0,4.31
516,4322,4.0,3.64
57,1614,2.0,2.86
448,1032,4.0,3.46
74,5995,5.0,4.03
103,1296,3.5,3.91
558,4903,2.0,3.12
414,5159,3.0,4.39
425,3020,4.0,3.62
280,4239,5.0,3.9
253,446,5.0,3.56
452,1220,4.0,3.91
489,5316,2.5,3.17
466,5418,4.0,3.95
369,500,3.0,3.46
514,3703,4.5,3.94
339,69784,4.5,3.48
490,4973,4.0,4.34
414,45447,3.0,4.04
200,4995,4.0,4.32
309,1201,4.5,4.21
380,79274,5.0,0.0
45,3481,4.0,3.74
33,1446,5.0,4.29
45,2021,3.0,3.41
91,2019,4.5,4.3
80,1221,4.0,4.29
132,7371,3.0,4.17
21,858,2.5,4.4
124,1961,4.0,3.86
570,1127,4.5,3.53
177,3247,2.0,3.24
68,166528,4.5,4.38
236,2770,5.0,2.88
140,3011,2.0,3.51
308,45499,2.0,3.46
600,1186,0.5,3.76
14,25,4.0,3.73
357,50,5.0,4.37
368,1580,3.0,3.6
610,58559,4.5,4.83
356,1639,4.0,3.65
483,88954,3.0,0.0
292,3751,3.0,3.52
381,5171,2.0,3.18
571,1981,3.0,0.0
455,272,4.0,3.69
474,7285,4.0,4.06
415,5782,4.5,3.84
417,7153,5.0,4.17
517,368,3.0,3.56
445,457,4.0,4.03
480,8360,3.5,3.8
509,1704,3.5,4.19
525,783,2.0,3.44
495,4958,3.0,3.41
590,1248,4.0,4.56
307,1265,3.0,4.29
140,104,3.0,3.61
68,1391,3.0,3.37
484,2805,2.5,3.06
318,1032,4.0,3.37
544,780,5.0,3.47
414,6331,4.0,4.28
469,1945,5.0,4.22
377,7063,5.0,3.88
610,6620,4.0,4.33
606,2858,4.5,4.27
109,39,3.0,3.31
171,32,5.0,3.99
474,3629,4.0,4.53
357,27329,4.0,0.0
586,6365,4.0,3.47
68,59126,4.0,3.88
310,58,4.5,4.02
561,101362,2.0,3.4
103,2144,4.0,3.76
497,2762,5.0,3.92
55,1947,0.5,3.67
469,3763,3.0,3.38
31,788,2.0,2.67
18,8644,3.5,3.7
469,1253,3.0,4.04
306,100390,3.5,2.75
95,8636,4.5,3.88
140,165,4.0,3.85
409,2657,4.0,3.41
546,3190,4.0,0.0
448,5522,5.0,3.36
264,3510,4.5,3.35
474,5572,3.5,2.7
480,7263,3.0,3.56
474,1013,3.0,3.53
408,49272,5.0,4.01
474,5034,5.0,0.0
303,3703,5.0,3.98
335,593,3.5,4.18
68,40629,4.0,4.05
195,1682,4.0,3.88
247,74458,4.0,4.2
414,46335,2.5,2.17
586,1200,5.0,4.05
606,4370,3.5,3.38
232,48385,3.5,3.49
292,2989,4.0,3.51
464,1779,3.5,2.86
432,3082,3.0,3.31
140,1393,4.0,3.74
474,4495,5.0,0.0
517,910,4.0,3.97
246,53125,4.5,3.62
480,3968,3.5,3.24
282,1240,4.5,3.91
569,434,4.0,3.0
58,368,4.0,3.56
249,112556,5.0,3.96
385,786,3.0,3.26
122,95088,4.0,3.88
414,5620,2.0,3.67
198,357,5.0,3.6
226,2918,4.5,4.1
474,4509,1.5,3.71
182,3629,4.5,4.34
119,106782,4.5,4.21
534,4896,4.0,3.93
321,597,3.0,3.59
274,51662,4.0,4.02
95,1011,4.0,2.6
600,1214,2.5,4.13
19,915,2.0,3.93
448,4053,2.0,0.0
259,7361,4.0,4.22
599,6378,2.5,4.03
328,1282,5.0,3.79
232,2268,4.0,4.05
148,54001,4.0,3.87
567,122892,2.0,3.71
7,3869,5.0,3.24
489,368,3.0,3.68
563,5991,3.5,3.68
64,2355,4.0,3.87
217,954,4.0,4.14
245,1361,3.0,4.32
189,54286,4.5,3.62
1,1500,4.0,3.76
432,6016,4.0,4.27
282,48738,4.5,4.05
28,5292,3.5,4.01
62,122912,4.0,4.72
274,38992,3.5,0.0
28,51935,2.5,4.02
58,31,4.0,3.24
462,589,2.5,4.12
82,170,3.0,3.35
448,2001,3.5,3.37
280,7451,5.0,3.73
28,49272,3.5,4.07
540,6539,4.5,3.83
75,1090,1.0,4.05
314,151,3.0,3.55
275,300,3.0,3.52
469,3767,2.0,1.51
365,96737,1.5,4.06
45,3285,3.0,3.2
318,154,3.0,3.97
563,49286,3.5,3.18
590,2791,3.0,4.09
600,2997,4.5,4.13
380,3471,3.0,4.19
509,1088,3.0,3.51
113,2340,1.0,3.29
567,2951,1.5,4.03
370,4226,3.5,4.2
346,7178,3.0,0.0
187,223,4.5,3.98
215,1246,4.5,4.13
176,39,3.0,3.31
62,53464,3.0,2.61
274,5218,3.5,4.21
541,608,3.0,4.13
453,1089,5.0,4.36
418,88125,4.5,3.86
520,1250,4.0,4.06
45,1037,4.0,2.79
567,114627,3.5,0.0
237,293,4.0,4.07
290,3362,4.0,4.13
597,1099,4.0,3.84
483,4823,3.5,3.13
610,122904,3.0,4.68
280,60293,4.0,0.0
232,69757,5.0,3.97
246,1884,4.0,3.98
391,260,5.0,4.34
74,8341,3.5,4.05
211,78499,4.0,4.37
420,3545,3.5,2.89
220,1589,3.5,3.4
119,102903,5.0,3.56
249,45722,3.5,3.88
105,9010,4.5,4.24
573,96079,5.0,3.88
156,2369,4.0,2.56
305,7981,5.0,4.46
469,728,3.0,3.66
292,3948,2.0,3.7
318,32511,4.5,0.0
473,2959,4.0,4.26
448,159077,2.5,0.0
140,6299,3.0,3.62
313,2011,1.0,3.6
45,441,3.0,4.08
474,224,3.5,3.94
111,140110,4.5,4.38
298,1923,2.5,3.86
604,442,4.0,3.11
219,6893,2.5,4.16
484,3177,4.0,3.53
599,3510,2.5,3.86
91,832,3.0,3.59
103,58803,4.0,4.04
559,344,3.0,3.08
82,2383,2.5,0.0
249,49824,3.5,2.79
455,589,3.0,4.05
109,329,2.0,3.44
51,4876,3.0,2.32
490,6333,2.5,3.73
610,101741,3.5,0.0
274,35957,3.5,3.18
362,110,4.0,4.11
474,1269,3.5,4.55
372,1245,3.0,4.25
86,6373,4.0,3.23
561,145,3.0,3.35
226,1527,4.5,3.75
213,858,4.0,4.34
428,3751,2.0,3.48
287,2633,2.0,0.0
68,89492,4.5,4.43
168,1219,4.0,4.07
282,2948,4.0,3.74
474,47099,4.0,4.29
474,4210,3.5,3.92
166,5445,4.0,3.76
341,135887,4.0,2.88
330,33794,3.0,3.95
603,4017,4.0,3.59
474,6357,3.0,0.0
480,3943,4.0,2.85
249,59315,4.5,4.29
422,2598,3.0,2.78
285,1093,2.5,3.51
610,51255,5.0,4.51
599,3342,2.5,3.92
450,3952,4.0,2.93
97,4022,5.0,3.72
357,339,3.5,3.68
115,1241,1.0,4.22
125,6539,4.0,3.94
381,318,3.5,4.67
387,1291,3.5,4.34
240,339,3.0,3.68
80,85414,4.5,3.7
602,509,1.0,3.64
111,157296,4.5,3.55
125,111743,4.0,3.16
562,2028,3.0,4.24
58,527,5.0,4.24
19,1278,4.0,4.05
239,353,3.5,3.6
247,1196,4.5,4.34
519,356,5.0,4.18
140,3055,3.0,3.5
555,1544,4.0,2.86
182,3812,4.0,3.35
610,129313,4.0,0.0
261,81591,4.5,3.64
424,81591,3.5,3.65
230,52715,2.0,0.0
462,1210,1.0,4.26
495,80463,5.0,4.09
35,50,5.0,4.23
498,47,3.0,4.01
600,440,2.5,3.75
414,720,5.0,4.45
606,4056,3.5,2.35
500,2289,3.0,4.05
520,68157,4.5,4.17
233,1298,4.0,3.7
414,47099,3.5,4.73
609,650,3.0,3.03
62,8984,5.0,3.3
83,1222,5.0,4.14
220,1196,5.0,4.4
603,2540,3.0,0.0
432,50,3.0,4.37
564,90522,4.0,2.74
480,594,3.5,3.67
3,720,0.5,4.03
300,8950,3.0,4.06
606,50842,4.5,0.0
159,5377,2.0,3.82
545,1779,3.0,2.84
199,8528,3.0,3.79
274,3081,4.0,3.69
448,86880,1.5,4.09
74,5893,2.5,0.0
116,1088,4.5,3.49
232,2018,1.5,3.49
339,1231,5.0,3.86
68,8623,3.5,3.64
307,7346,2.5,3.31
198,2338,1.0,2.32
610,31685,3.0,3.63
368,3432,2.0,0.0
331,122882,5.0,3.83
567,95510,2.0,3.39
89,26429,4.0,0.0
202,2951,4.0,4.16
332,89745,2.5,4.02
294,2098,2.0,0.0
199,923,5.0,4.03
183,1220,4.0,3.84
266,1466,5.0,3.76
606,8501,4.0,3.67
19,3704,2.0,3.58
603,121,4.0,0.0
156,3283,2.0,0.0
331,49530,3.5,3.85
111,55276,4.0,4.11
287,2505,1.0,3.12
548,1196,3.5,4.2
555,1198,4.0,4.43
100,2496,4.0,3.03
298,4388,2.0,2.65
610,49932,4.0,3.17
201,2641,3.0,3.12
599,6909,2.5,0.0
156,1960,4.0,3.78
87,2139,3.0,3.49
232,3275,4.5,4.39
387,8574,2.5,0.0
393,6333,5.0,3.81
599,235,3.5,3.81
382,55247,5.0,4.04
318,616,3.5,3.44
365,4993,3.5,4.25
428,2581,2.0,2.93
63,10,3.0,3.54
163,1515,3.0,2.04
382,4447,3.5,3.24
450,70,2.0,3.56
357,926,5.0,4.29
192,47,3.0,4.0
266,24,1.0,3.31
599,5556,1.5,0.0
545,2763,4.0,3.57
603,2104,4.0,0.0
314,703,2.0,0.0
475,122886,4.5,3.96
177,71464,2.5,3.55
291,91542,4.0,3.8
590,1196,5.0,4.52
606,640,2.5,3.19
234,2985,4.0,3.37
52,57669,5.0,4.24
190,4886,4.0,3.93
146,880,2.0,2.89
156,2395,3.5,3.63
365,94677,3.0,3.82
382,2687,4.5,3.49
368,2476,3.0,3.84
141,8368,4.0,3.95
415,4958,3.5,3.23
438,2701,2.0,2.6
381,5872,4.0,3.04
140,3555,4.0,3.54
522,3243,1.5,2.49
59,1797,5.0,4.4
376,2115,4.5,3.72
50,104913,2.5,3.9
177,2023,2.0,3.61
62,2571,5.0,4.45
561,115617,3.0,4.17
184,193567,3.0,0.0
274,31427,2.5,2.41
233,5995,4.0,4.04
357,4022,4.0,3.82
244,507,2.0,3.5
83,81845,4.0,4.16
298,4900,2.5,0.0
274,2096,3.0,3.83
448,5055,3.0,2.73
526,318,4.0,4.49
274,5047,4.0,4.29
307,60037,2.0,3.14
577,1090,3.0,4.07
480,4728,1.5,3.36
263,2081,4.0,3.48
520,73017,5.0,3.93
120,141,3.0,3.55
466,4963,5.0,4.06
165,5505,3.0,3.25
19,866,2.0,4.02
592,276,3.0,3.41
438,4019,4.0,3.92
414,1810,3.0,3.81
357,1225,5.0,4.29
326,74458,4.5,4.18
139,5110,2.0,3.73
249,53322,4.0,4.05
600,2291,4.5,3.86
580,2028,5.0,4.35
105,1230,4.0,4.19
263,2006,4.0,3.19
489,5992,3.5,4.07
352,112556,4.0,3.71
202,999,4.0,2.9
561,466,3.5,3.0
489,1727,3.5,4.07
606,5187,4.0,0.0
381,1080,4.0,4.12
109,36,5.0,3.9
610,111759,4.0,4.68
135,593,5.0,4.33
597,2273,4.0,3.62
210,4995,4.5,4.1
305,68157,5.0,4.44
603,1265,5.0,4.3
274,32298,1.5,2.82
217,379,3.0,2.42
480,30793,4.0,3.11
594,587,5.0,3.5
356,2717,4.0,3.13
414,6281,2.5,3.75
365,2804,3.5,4.04
121,380,3.0,3.58
517,3257,4.0,2.93
244,380,4.0,3.61
254,5319,4.5,3.18
599,6734,2.0,0.0
608,589,3.0,4.33
169,5957,4.0,3.5
477,905,4.0,4.78
608,5902,4.0,4.09
448,2890,3.0,4.08
536,329,3.0,3.44
307,44397,1.5,3.47
230,33166,1.5,3.96
357,5620,3.5,3.08
341,2694,4.0,3.26
307,4025,1.5,3.25
103,4016,3.5,3.85
452,1717,5.0,3.1
263,2987,3.0,3.66
582,81229,4.0,3.49
532,1721,5.0,3.42
559,588,4.0,3.94
599,50,3.5,4.62
448,2990,4.5,3.71
274,27801,4.0,4.26
28,349,3.0,3.83
298,6537,3.0,3.16
307,49530,4.5,3.96
110,2468,3.0,2.46
200,357,4.0,3.61
313,2640,3.0,3.82
522,8784,2.0,3.84
33,1060,5.0,3.64
206,7,4.0,3.14
336,2699,3.5,2.9
382,8643,2.5,3.22
318,108928,3.0,3.13
528,106782,4.0,4.06
483,1591,3.5,2.47
391,368,4.0,3.63
448,140110,2.5,4.47
425,1625,4.0,3.77
380,36529,5.0,4.08
278,54272,5.0,3.59
219,3717,2.5,3.5
493,876,5.0,0.0
552,3421,4.0,3.81
590,2424,3.0,3.42
68,2571,4.5,4.71
414,1513,3.0,3.29
81,589,5.0,4.02
362,60684,4.0,4.06
199,3256,3.0,3.78
219,10,4.5,3.65
465,3334,5.0,4.36
412,1284,5.0,4.22
603,2469,1.0,3.38
68,2001,3.0,3.36
573,2985,4.5,3.41
199,8983,3.5,3.54
288,1665,3.0,3.45
517,2384,4.5,2.76
448,101360,1.5,0.0
332,1296,3.5,3.88
608,2294,4.0,3.47
438,7376,3.0,3.18
599,542,2.0,3.2
283,1641,2.0,3.84
280,80463,3.5,3.99
249,27801,4.0,4.17
93,1356,5.0,3.99
159,45720,4.0,3.83
448,5009,2.5,2.74
477,3671,4.5,4.03
409,3244,4.0,3.93
590,592,3.5,3.66
268,1234,4.0,4.11
265,2529,4.0,3.84
528,51037,3.5,2.85
249,122918,4.5,4.35
596,134130,4.0,4.06
414,8360,4.0,3.99
409,296,5.0,4.27
414,7137,3.5,4.31
433,74458,3.0,4.09
318,33004,4.0,3.67
287,1753,3.0,3.6
509,4700,3.5,3.35
298,6586,2.5,3.25
52,55363,3.0,4.39
57,1616,3.0,3.32
435,216,5.0,3.42
561,78105,3.0,3.41
249,93563,3.0,3.77
489,39,3.5,3.46
174,485,3.0,3.05
374,595,3.0,3.84
512,349,3.0,3.74
580,7842,4.5,4.24
156,4014,1.5,3.66
174,186,3.0,3.01
156,8128,4.0,4.2
534,1876,4.0,3.17
414,45635,3.0,0.0
474,36276,3.5,0.0
474,6947,3.5,3.8
21,296,3.5,4.27
306,35836,2.5,3.65
51,6708,5.0,3.8
68,6659,3.0,3.81
356,2359,4.0,3.65
514,160571,3.0,0.0
522,8874,4.0,4.16
287,2710,1.0,2.9
73,54503,1.5,4.1
414,2236,4.0,2.67
61,1213,4.0,4.3
479,31,3.0,3.25
586,167036,4.0,3.61
274,48,2.0,3.48
232,58998,4.5,3.98
509,136838,2.5,0.0
542,1997,1.5,3.97
307,3252,3.0,3.83
239,2023,4.0,3.57
561,94864,2.0,3.51
419,69860,5.0,0.0
66,1073,4.5,4.07
125,149146,4.0,0.0
424,79132,2.5,4.2
381,7004,3.5,2.79
249,1079,4.0,4.29
287,4903,1.0,3.12
140,1961,4.0,4.03
249,99117,2.5,3.43
483,2700,4.0,4.19
170,110,4.0,4.05
517,46530,2.5,2.98
572,1954,4.0,3.94
603,21,5.0,3.64
244,3020,2.0,3.57
84,1184,3.0,4.22
597,2770,2.0,2.82
414,93840,4.5,4.99
588,350,3.0,3.44
218,1198,4.0,4.29
91,2097,2.0,2.94
136,153,3.0,3.01
414,5673,5.0,4.03
44,12,1.0,2.75
610,924,4.5,3.93
462,82857,4.5,0.0
489,94130,3.5,0.0
160,5903,3.0,4.01
19,673,1.0,2.88
84,1244,4.0,4.12
182,1196,3.0,4.49
220,3421,4.5,3.82
380,8361,3.0,3.55
419,5480,0.5,3.12
452,1617,5.0,4.04
225,1136,3.0,4.17
290,3435,5.0,4.3
66,1027,3.5,3.03
597,2539,3.0,3.22
542,1784,3.5,3.8
420,2186,4.0,4.11
606,30707,4.0,3.92
552,3911,4.0,3.64
391,3503,5.0,4.05
555,1962,5.0,3.85
18,356,4.5,4.49
366,109487,5.0,3.92
177,1283,4.0,4.24
151,743,4.0,2.56
448,2788,4.0,4.5
29,1250,5.0,4.05
274,81932,4.0,4.24
129,6218,4.5,3.34
606,198,4.0,3.37
494,1201,4.0,4.18
514,4564,2.0,3.1
199,1214,4.0,4.09
95,3994,3.0,3.62
73,5299,3.0,3.28
414,1625,4.0,4.49
182,3752,3.0,3.37
7,5349,3.5,3.57
323,440,2.5,3.61
367,928,4.0,4.27
524,748,4.0,3.02
307,3114,3.0,4.03
8,432,1.0,2.55
275,4901,3.0,3.57
351,92422,3.5,0.0
109,32,4.0,4.0
425,7143,3.5,4.04
33,2336,2.0,3.89
182,3729,4.0,0.0
315,1949,3.0,4.48
414,80969,4.0,0.0
477,3462,4.0,3.79
460,54259,4.0,3.53
420,3147,4.5,4.14
246,6618,4.0,4.07
286,7438,5.0,3.88
608,588,3.0,4.21
325,3015,4.0,3.56
607,2253,3.0,2.33
330,3793,4.0,3.83
140,210,3.0,0.0
169,6155,4.5,3.41
64,4886,4.0,4.14
381,6659,1.0,3.71
610,60684,3.5,4.3
391,2248,4.0,3.97
408,119145,2.0,4.05
462,2527,4.0,3.56
249,65810,3.0,0.0
414,1100,3.5,3.25
606,2000,2.5,3.95
64,2683,4.0,3.35
599,55116,2.5,2.09
202,2421,3.0,2.91
290,910,5.0,4.0
596,52722,2.5,3.13
298,56715,3.0,3.8
60,2150,4.0,3.82
474,5755,2.0,0.0
605,1411,3.0,4.08
7,32296,2.0,2.28
419,1876,4.0,3.04
68,1729,3.0,3.93
125,62336,4.5,4.43
477,2174,3.0,3.61
573,1391,1.5,3.24
391,2171,3.0,3.38
305,4639,4.0,2.75
122,60074,3.5,3.12
414,1343,4.0,4.27
608,6827,0.5,1.15
387,8199,4.0,0.0
596,141749,3.5,0.0
292,111360,2.0,3.06
16,1089,4.0,4.29
249,143365,2.5,0.0
448,155743,2.0,0.0
599,8860,3.0,3.33
414,262,4.0,4.75
607,2398,5.0,3.99
199,3362,4.0,4.12
306,4720,3.0,3.65
464,16,4.5,4.0
210,2716,4.5,3.75
599,1243,3.0,4.37
292,101864,4.0,3.62
387,4298,4.5,0.0
254,8874,3.5,4.12
414,48412,2.5,0.0
593,539,4.0,3.53
462,2693,4.5,2.37
195,434,3.0,3.08
19,2701,1.0,2.46
517,1955,2.5,4.2
534,5952,4.0,4.27
352,2329,4.5,4.33
105,68554,4.5,3.5
298,112556,3.0,3.83
68,86880,1.5,4.11
365,27706,2.0,3.26
249,128360,4.5,4.3
105,31658,4.0,4.34
268,2599,4.0,3.61
368,2404,2.0,2.03
328,608,5.0,4.2
465,2571,4.0,4.25
599,3511,0.5,3.14
561,8371,2.0,3.42
177,106696,5.0,4.11
524,1250,4.0,4.05
280,2105,2.0,3.36
18,64839,3.5,3.92
307,8873,4.5,3.99
202,2344,4.0,3.0
477,1208,5.0,4.3
380,70361,3.0,0.0
590,7458,3.0,3.39
480,1393,4.0,3.83
274,76175,3.0,2.79
7,49272,4.5,4.0
462,25788,3.5,0.0
331,7153,4.5,4.26
432,480,4.5,3.83
448,95307,2.0,3.31
2,89774,5.0,3.77
226,6796,4.0,4.02
135,3476,4.0,3.51
40,329,3.0,3.47
594,31433,4.5,2.86
64,647,3.5,3.61
414,61132,4.0,4.61
387,367,3.0,3.39
132,3882,2.5,2.81
608,423,3.0,2.78
307,5452,1.0,2.23
95,1042,4.0,3.36
356,349,3.5,3.78
483,1717,2.0,3.17
331,116797,4.0,4.22
561,7361,3.0,4.34
563,129354,3.0,3.25
393,1199,5.0,4.23
489,2739,4.0,3.99
307,47,4.0,4.24
526,7147,4.5,3.78
307,58287,1.0,0.0
73,102407,3.5,3.37
163,1784,4.0,3.74
234,4022,4.0,3.75
610,377,5.0,3.92
600,2936,5.0,3.82
279,5952,5.0,4.14
483,30707,4.0,3.98
21,106491,3.5,3.18
600,5943,3.0,2.57
434,736,2.5,3.45
414,7458,4.0,3.84
43,7,5.0,3.18
490,69757,4.0,3.63
484,5135,2.0,4.38
322,4027,3.5,3.81
380,1234,5.0,4.36
111,54732,3.5,0.0
474,222,4.0,3.88
380,6936,3.0,4.03
368,2990,3.0,3.44
249,904,3.5,4.52
448,104078,4.0,0.0
600,1247,3.5,4.15
103,1610,3.5,3.99
603,2023,2.0,3.64
525,3897,4.5,3.93
290,2937,4.0,4.21
522,97304,2.5,4.12
312,1391,4.0,3.2
76,48,0.5,3.26
448,55765,4.0,4.17
488,3451,5.0,4.49
221,492,4.5,4.02
238,4498,4.0,2.82
298,3698,2.5,3.26
555,466,2.0,3.09
50,107565,1.5,0.0
402,736,3.0,3.42
115,3499,5.0,3.92
483,2291,4.0,3.88
99,150,5.0,3.88
414,3261,4.0,3.31
84,102,1.0,2.5
534,54503,3.0,4.25
249,4247,3.0,2.4
474,1035,5.0,4.34
586,166643,3.5,4.44
453,2335,4.0,3.21
332,431,3.5,3.83
346,3910,3.5,3.75
599,5337,3.0,2.99
6,494,3.0,3.6
280,2052,4.0,2.78
226,4215,2.5,0.0
610,60074,3.0,3.5
232,2501,4.0,4.07
20,2081,5.0,3.54
139,5013,3.0,3.69
448,2796,3.0,3.11
480,3037,4.0,4.18
70,91077,4.0,4.01
466,74458,4.5,4.16
287,551,4.0,3.54
380,32456,4.0,0.0
414,1208,5.0,4.47
125,62434,4.5,3.62
230,2710,3.0,2.88
234,1359,4.0,2.91
153,2378,0.5,3.13
448,5060,4.0,4.18
103,784,3.0,3.11
105,6187,5.0,3.5
555,216,3.0,3.61
201,1573,4.0,3.48
274,78088,3.0,3.89
597,1748,3.0,3.84
255,3501,1.0,2.69
274,61132,3.5,4.17
480,32291,4.0,2.91
91,3421,3.5,3.85
105,110586,4.0,0.0
91,7454,2.0,2.82
365,6874,2.5,3.97
68,55267,3.0,3.57
107,432,4.0,2.54
339,1219,4.0,4.18
239,2628,3.5,3.29
483,56339,4.5,3.9
414,2411,3.0,3.19
57,1858,3.0,2.82
599,2525,2.0,1.48
186,2968,3.0,3.85
256,173,5.0,2.6
448,90343,2.5,0.0
288,273,2.0,3.09
275,4873,2.0,3.9
91,349,3.0,3.92
318,105250,4.0,0.0
211,1223,3.5,4.26
577,1253,4.0,3.96
380,2871,4.0,4.19
274,2325,1.5,4.03
448,50,4.0,4.69
580,4148,4.0,3.01
84,277,3.0,3.41
249,4979,4.0,3.81
590,63082,4.5,4.14
395,172,4.0,2.62
522,780,3.5,3.55
414,112852,4.0,4.77
204,59604,4.0,0.0
247,1022,2.0,3.58
601,3000,4.0,4.05
199,1590,2.0,3.04
315,1084,4.0,4.1
232,69844,3.5,4.25
41,2959,4.0,4.38
56,786,4.0,3.25
511,115149,4.0,3.95
464,367,2.5,3.24
474,7190,3.5,0.0
365,105213,3.5,2.96
42,4679,4.0,2.79
80,2959,5.0,4.32
303,1358,5.0,4.07
41,53519,0.5,3.32
551,79132,4.0,4.31
560,79702,2.5,4.12
608,7137,4.0,3.65
448,3418,3.0,3.88
186,3516,4.0,3.18
610,102125,5.0,4.32
519,1704,5.0,4.07
42,2628,3.0,3.23
27,2161,4.0,3.68
414,5416,5.0,0.0
610,87876,2.5,3.92
332,3160,4.5,3.69
93,590,5.0,3.86
169,4963,4.5,4.09
315,924,3.0,3.95
318,5137,3.5,4.09
318,30812,3.5,3.72
600,2657,4.5,3.48
50,1,3.0,3.99
414,3740,5.0,4.29
28,6867,4.0,3.66
480,39381,4.0,3.7
298,105844,2.5,3.91
534,69805,4.0,0.0
484,8950,3.0,4.24
381,3157,2.5,2.69
220,60069,5.0,4.21
474,892,3.0,3.84
599,119218,2.5,0.0
351,64622,3.5,3.23
438,5093,2.0,3.16
610,142366,3.0,0.0
380,26585,4.0,4.25
119,1270,4.0,4.04
19,289,2.0,3.9
304,954,5.0,4.1
103,139642,3.5,3.12
515,168252,5.0,4.39
376,912,4.0,4.38
370,2502,4.0,4.17
599,6723,2.0,0.0
610,103228,4.5,4.62
219,61348,0.5,0.0
274,1345,3.5,3.46
517,916,3.0,4.07
362,6,4.0,4.02
597,1906,3.0,0.0
207,2707,3.5,3.08
509,111659,3.5,3.14
437,81,3.0,3.14
446,733,3.0,3.7
448,316,3.0,3.71
117,296,4.0,4.25
137,1293,4.5,3.81
233,648,3.0,3.58
474,638,3.0,0.0
406,261,4.0,3.88
469,1257,4.0,3.94
141,2028,4.0,4.22
298,8914,4.0,4.02
391,4901,3.0,3.56
263,4994,3.0,3.61
356,60293,5.0,0.0
382,2671,3.5,3.57
509,4519,3.0,3.21
446,592,3.0,3.51
76,51662,3.0,3.69
18,1234,4.5,4.22
6,179,1.0,0.0
216,2926,3.0,3.19
96,110,5.0,4.09
474,25952,4.0,0.0
182,4389,5.0,3.2
57,1275,5.0,3.98
103,1348,4.0,3.65
89,53460,3.5,3.59
221,32584,3.0,3.51
93,34,5.0,3.62
76,5956,3.5,3.61
45,1307,3.0,4.0
599,6709,2.0,3.61
200,8638,1.0,4.13
202,2411,2.0,2.86
474,6662,2.5,4.01
274,1882,1.5,2.24
376,150,5.0,3.91
140,1198,4.0,4.45
147,186,1.5,2.95
600,6100,4.0,0.0
279,541,5.0,4.14
199,5574,1.5,3.6
555,4084,3.0,2.85
328,1968,2.5,3.86
104,1253,3.0,3.94
21,108156,3.0,3.09
387,5265,3.0,3.44
387,906,3.5,4.42
249,2485,3.0,3.29
361,49278,4.0,3.37
365,142222,1.5,3.61
105,3307,5.0,4.09
513,6145,2.0,0.0
505,70293,2.0,3.02
57,1127,4.0,3.65
380,5507,3.0,2.91
223,7541,3.5,3.17
448,7016,1.0,0.0
198,1394,1.0,4.13
17,1259,4.0,4.02
186,1931,5.0,0.0
83,1653,3.5,4.04
372,318,5.0,4.55
610,91658,4.0,3.96
52,68954,4.0,4.17
363,1552,3.0,3.1
560,105213,2.5,3.06
141,34162,3.5,3.62
527,1968,5.0,3.82
606,26777,4.0,0.0
354,225,3.5,3.53
274,41566,2.5,3.67
298,103772,3.0,3.64
395,616,3.0,3.46
111,2718,4.0,3.31
474,2726,4.5,4.62
314,7,4.0,3.2
212,122886,3.5,3.94
91,3984,3.5,3.55
522,89492,4.0,4.02
610,3481,4.0,3.88
318,160563,3.5,3.27
217,1101,4.0,3.38
268,2064,2.0,3.93
314,924,5.0,3.93
597,2028,5.0,4.27
178,1810,4.5,3.46
359,2987,3.5,3.61
372,316,5.0,3.4
292,79702,2.0,4.1
159,339,3.0,3.55
286,356,4.5,4.24
346,32179,4.0,0.0
307,4885,2.0,0.0
319,139385,4.5,3.8
484,48,4.5,3.36
596,1214,4.0,4.09
361,260,2.0,4.24
331,54259,3.0,3.59
483,3699,3.0,3.46
564,1923,4.0,3.69
357,69757,3.5,3.71
432,364,5.0,4.06
294,1373,3.0,2.54
84,164,4.0,3.51
462,500,0.5,3.49
324,3897,4.0,3.82
314,500,3.0,3.48
438,379,3.5,2.4
151,761,1.0,2.84
156,2926,3.0,3.14
434,231,4.0,3.17
474,2787,2.0,2.69
510,34148,3.0,0.0
159,49286,2.0,3.13
318,86377,4.0,4.47
84,628,4.0,3.63
573,3753,4.5,3.57
421,61132,0.5,3.56
40,434,3.0,3.11
232,76251,4.5,4.04
159,46976,1.0,3.71
232,6541,3.0,2.83
299,3499,5.0,3.89
493,3793,3.0,3.74
122,2542,5.0,4.18
560,3949,4.0,4.05
39,2947,3.0,3.94
462,2762,2.5,4.0
182,3717,2.5,3.54
474,6376,2.5,0.0
555,1968,5.0,3.97
38,203,3.0,3.6
610,1213,5.0,4.56
391,110,5.0,4.23
100,916,4.5,4.06
600,2122,3.0,2.04
6,440,4.0,3.72
380,115149,5.0,4.41
414,5810,4.0,3.96
21,117368,3.5,0.0
474,230,3.5,3.91
477,7439,3.0,3.56
562,2396,4.5,3.95
525,41571,3.5,3.49
187,3160,4.0,3.7
414,2987,4.0,4.15
226,150,4.5,3.99
393,106642,5.0,4.54
363,50,4.0,4.24
1,1198,5.0,4.42
600,4361,4.5,3.55
314,50,4.0,4.24
600,1034,2.5,3.96
600,337,4.0,4.03
474,40819,4.0,4.12
603,549,4.0,0.0
479,5365,4.0,0.0
263,34,4.0,3.67
599,2470,3.5,3.43
62,136020,4.5,3.13
446,236,3.0,3.55
105,108727,4.5,0.0
232,42011,3.0,2.37
298,27904,3.0,3.89
198,5445,5.0,3.72
597,1964,3.0,4.37
448,1863,3.0,2.23
590,69122,3.0,3.94
160,1037,2.0,2.77
385,215,3.0,4.02
274,3986,4.0,2.66
414,2253,1.0,2.27
298,4979,3.0,3.85
22,6711,4.0,4.13
599,1517,3.5,4.0
249,53125,3.5,4.11
218,2302,2.5,3.2
332,2959,4.5,4.37
517,597,3.0,3.63
554,307,5.0,3.88
599,6548,1.5,3.35
318,3266,3.5,4.88
432,4023,4.0,3.17
68,231,3.5,3.46
33,1784,2.0,3.81
177,94478,3.0,2.74
260,6283,3.5,3.96
381,51698,3.5,0.0
387,2617,1.0,3.17
202,919,4.0,3.93
97,3578,4.0,4.0
187,27912,4.0,3.18
156,2712,4.0,3.47
117,804,3.0,3.36
307,8814,2.0,1.87
464,74727,5.0,0.0
146,830,4.0,3.2
606,32234,4.0,0.0
160,3702,1.5,3.64
414,25,3.0,4.16
524,457,5.0,4.1
144,32,4.0,4.0
298,3254,2.5,3.47
275,1136,5.0,4.32
19,2793,2.0,2.2
288,3494,4.0,4.1
534,2947,4.0,3.98
603,2356,1.0,3.27
263,2918,3.0,3.94
61,7153,4.5,4.13
570,2763,3.0,3.62
610,133832,3.5,0.0
325,190,5.0,2.43
105,905,4.0,4.74
98,63992,2.0,2.42
438,832,4.0,3.63
298,26903,2.5,4.39
129,253,3.5,3.5
239,5679,2.5,3.39
604,588,3.0,3.9
144,2571,4.0,4.31
590,59315,3.5,4.03
610,160341,2.5,0.0
580,3081,4.0,3.52
202,592,3.0,3.63
474,3681,3.5,4.66
462,34048,1.5,3.28
448,102025,0.5,0.0
517,94070,4.5,3.66
91,5294,3.5,3.86
599,176419,3.5,0.0
528,4011,5.0,4.19
298,104374,2.5,4.18
610,110501,5.0,4.47
368,185,2.0,3.3
220,1089,3.5,4.34
305,7153,5.0,4.48
381,55267,4.0,3.59
414,2096,4.0,4.21
7,356,5.0,4.25
555,1909,4.0,3.6
33,32,3.0,3.99
599,163809,2.5,0.0
447,315,4.0,3.25
38,590,4.0,3.84
62,168252,5.0,4.59
480,608,4.0,4.4
292,80463,4.0,4.09
380,6952,3.0,3.41
49,1097,4.5,3.79
268,1840,3.0,3.17
102,3,5.0,3.2
185,5377,3.0,3.78
111,4308,2.5,3.73
573,1573,4.5,3.54
68,1243,1.0,4.21
483,1589,2.5,3.48
317,110,5.0,4.16
20,3159,5.0,3.74
352,104879,5.0,4.32
177,585,2.5,2.93
594,6754,5.0,3.47
220,1036,5.0,3.96
480,46530,3.0,3.06
111,63131,4.0,3.85
239,3994,4.5,3.7
480,953,4.0,4.28
91,2137,3.0,3.78
326,97,3.5,3.98
304,11,5.0,3.84
561,5418,4.5,4.07
105,120466,4.0,3.56
18,1221,5.0,4.42
525,2,3.5,3.66
574,434,4.0,3.01
10,109374,0.5,3.85
171,720,5.0,4.05
136,145,3.0,3.35
599,68952,2.5,4.2
294,260,5.0,4.28
610,66943,3.5,0.0
468,410,3.0,3.14
483,1917,3.0,3.23
274,5481,2.5,3.25
438,5080,1.0,3.05
276,1367,4.0,3.12
226,5501,1.5,1.53
318,39292,4.0,3.78
249,4701,4.0,3.5
223,5349,4.0,3.54
509,110102,3.5,4.11
380,5364,3.0,3.3
365,122904,3.5,4.18
308,4963,1.0,3.96
274,6879,3.5,3.79
132,2424,3.5,3.22
132,1042,3.0,3.42
608,3484,3.0,2.8
139,5400,1.5,3.11
67,293,5.0,4.06
430,318,5.0,4.49
15,3147,5.0,4.15
607,724,4.0,3.01
527,1372,4.0,3.4
334,52952,3.5,4.16
68,7320,3.0,4.18
177,4018,3.0,3.47
91,3882,2.0,2.87
477,296,4.5,4.33
294,1641,2.0,3.85
369,934,3.5,3.73
414,3225,1.0,1.81
166,6377,4.5,4.15
68,3675,4.0,4.15
66,586,3.0,3.22
239,2840,3.5,2.93
177,60126,3.0,3.83
489,733,3.5,3.83
164,1356,4.0,3.95
22,5816,0.5,3.58
354,3578,3.5,4.15
305,56367,5.0,3.99
68,6944,4.5,3.66
492,818,3.0,3.42
19,597,3.0,3.73
480,8958,4.0,4.02
305,2791,5.0,4.0
264,653,2.5,3.13
182,6305,4.5,3.76
434,110,4.5,4.2
282,780,3.5,3.58
483,5309,2.5,2.9
380,6979,3.0,3.62
95,3702,5.0,3.61
202,1240,4.0,3.99
356,5792,5.0,3.38
141,122904,5.0,4.04
80,4886,4.0,4.0
610,6003,4.0,3.94
89,151739,2.0,3.32
408,122904,3.5,4.03
29,1100,3.5,2.94
564,106330,2.0,0.0
480,5782,4.0,3.77
68,6879,3.5,3.84
230,6365,4.0,3.39
534,104129,4.5,0.0
533,1997,5.0,3.94
28,16,2.5,4.04
448,6888,1.5,2.2
124,1405,4.0,2.78
368,2819,3.0,3.63
241,2160,2.0,4.11
270,9,3.0,3.09
184,117887,4.5,4.14
279,480,4.0,3.83
288,587,3.0,3.72
304,1587,2.0,3.19
19,2606,4.0,2.57
469,2023,3.0,3.54
124,2353,3.0,3.51
414,2006,2.0,3.53
354,48516,4.0,4.42
292,32,2.0,4.1
82,1221,3.0,4.28
330,6460,4.5,0.0
305,80489,4.0,4.1
355,900,5.0,3.57
379,316,3.0,3.36
125,56174,2.0,3.64
606,5952,4.5,4.31
504,3408,3.5,3.53
414,1277,5.0,3.76
210,189547,1.0,0.0
479,3041,1.0,2.25
310,4963,4.0,3.95
232,69306,3.5,3.21
159,3252,1.0,3.69
534,112897,4.0,0.0
599,55290,3.0,3.78
523,37729,5.0,3.57
163,1717,3.0,3.04
91,8368,4.5,3.9
301,8360,4.0,3.65
62,58559,5.0,4.5
357,1593,4.0,2.26
232,70334,3.5,0.0
562,6323,4.5,3.63
64,6323,3.5,3.74
240,420,4.0,2.95
177,2053,2.0,2.31
36,1094,1.5,3.52
468,253,4.0,3.49
456,802,4.0,3.33
20,1380,5.0,3.34
226,5015,2.5,3.52
290,1231,4.0,3.82
606,41566,3.5,3.56
105,4018,3.5,3.43
222,4974,2.5,2.62
318,1961,3.5,4.13
10,129428,3.5,0.0
373,594,5.0,3.6
549,260,2.0,4.24
270,653,2.0,3.12
516,1198,4.0,4.29
221,4338,4.5,0.0
414,37384,3.0,4.14
469,3095,4.0,4.24
600,353,3.5,3.62
348,2019,5.0,4.18
307,2003,2.5,3.48
380,8865,4.0,2.73
453,2424,4.0,3.28
567,127298,3.5,0.0
599,6832,3.0,3.95
607,3020,5.0,3.6
525,147378,3.5,3.59
68,1201,3.5,4.49
599,40578,3.0,0.0
288,2797,4.0,4.02
256,3785,4.0,2.93
217,1380,3.0,3.32
599,2586,0.5,0.0
274,2706,3.5,3.83
448,113225,3.0,0.0
483,2843,4.5,3.95
246,3863,5.0,3.0
304,1717,3.0,3.1
285,1285,2.5,3.87
64,1217,5.0,4.62
606,39292,4.5,3.86
219,3175,2.0,3.79
103,69140,4.0,0.0
509,26776,3.5,4.06
432,71902,3.5,0.0
448,72405,2.0,0.0
606,31410,3.5,4.0
599,86142,3.5,5.33
489,61160,1.5,2.57
272,4993,2.0,4.17
318,97860,4.5,3.1
244,1573,2.0,3.47
232,47518,3.0,3.08
182,1228,4.5,4.36
273,180,4.0,3.42
18,8798,4.0,3.97
597,1227,4.0,4.08
21,2717,4.0,3.1
414,84152,4.0,4.23
448,5308,4.0,2.98
202,357,4.0,3.62
73,86833,5.0,3.9
182,1193,4.0,4.48
135,2746,4.0,3.41
410,4334,5.0,4.51
610,88163,4.0,4.79
132,2858,4.5,4.14
221,34048,2.5,3.23
474,2723,4.5,3.36
68,1416,1.5,3.82
534,8984,2.0,3.34
361,1580,3.5,3.56
567,903,0.5,4.07
105,356,3.5,4.48
428,2985,2.0,3.4
469,2731,4.0,4.19
294,470,1.0,0.0
40,44,3.0,2.51
62,89745,4.0,4.22
462,60333,4.0,4.88
599,3552,3.0,4.01
369,2371,2.5,3.03
275,2819,5.0,3.72
132,3081,3.0,3.49
199,56274,3.0,0.0
275,235,5.0,3.81
63,5464,4.0,3.77
200,3210,4.0,3.45
19,911,3.0,3.88
475,56171,5.0,3.1
376,1584,4.5,3.69
318,55765,4.0,4.2
344,2916,5.0,3.68
55,27831,5.0,3.72
89,86833,1.5,3.9
174,370,3.0,3.1
368,1515,2.0,2.1
597,1222,5.0,4.36
266,2288,4.0,4.13
328,8464,3.0,3.63
555,2240,3.0,4.12
191,348,5.0,3.63
187,50,4.5,4.34
306,142997,3.5,2.69
438,7143,4.5,4.09
249,77561,3.5,4.39
288,5881,3.5,3.31
132,2699,1.5,2.93
267,2858,4.0,4.06
414,54999,3.0,4.25
211,32587,4.0,3.94
560,133771,4.0,4.09
414,7090,4.0,4.64
599,438,2.0,2.77
596,4226,4.5,4.33
18,34150,3.5,2.95
424,104879,5.0,4.22
514,2915,4.0,3.65
52,64620,4.0,4.1
33,293,4.0,4.07
198,1247,3.0,4.09
474,2174,3.0,3.68
599,2161,4.0,4.17
357,440,3.5,3.7
274,2174,3.5,3.58
414,76763,3.5,0.0
599,3827,2.0,3.06
474,8207,4.0,4.43
484,2959,5.0,4.3
209,2762,4.0,3.92
424,1968,3.5,3.8
342,1959,3.0,3.71
596,98124,3.5,4.22
268,2511,5.0,4.47
290,227,3.0,2.86
489,2797,4.0,3.86
42,223,5.0,4.09
19,1461,3.0,2.41
195,1732,4.0,4.04
560,260,4.0,4.36
570,920,2.5,3.7
308,58559,4.0,4.25
313,3740,5.0,4.0
82,5459,4.0,2.99
73,52973,4.0,3.96
609,833,3.0,1.77
274,34319,3.5,3.63
51,7757,3.5,3.81
28,593,2.5,4.38
178,2329,5.0,4.25
23,7099,4.0,4.11
288,2944,3.0,4.26
215,778,3.0,4.11
199,2997,4.0,4.11
274,79695,3.0,3.17
424,32587,3.0,3.92
84,266,4.0,3.52
19,135,3.0,3.08
410,260,3.0,4.23
66,255,0.5,2.59
89,118834,5.0,0.0
509,117529,3.5,3.42
410,3730,5.0,4.15
600,53953,2.0,3.28
408,10,4.5,3.49
318,7206,4.0,3.9
438,4388,2.5,2.66
222,49651,2.0,3.35
247,3949,3.0,3.93
18,92094,3.5,0.0
600,3388,3.5,2.58
32,497,5.0,3.85
104,293,4.0,4.08
477,1556,0.5,1.57
599,5171,2.0,3.26
555,2455,4.0,3.69
525,4054,3.0,3.11
232,4776,4.5,4.04
89,126088,5.0,0.0
301,3578,4.5,4.01
525,318,4.5,4.65
440,1748,4.5,3.84
226,7143,4.0,4.08
414,34336,2.0,2.87
266,541,5.0,4.16
387,3221,3.0,3.88
469,1831,2.0,2.46
274,1707,2.5,2.01
448,1965,2.0,3.62
274,66427,3.0,0.0
73,87232,5.0,3.97
594,1320,3.5,3.22
19,2287,3.0,3.93
489,3969,4.0,3.46
89,2059,1.5,3.16
425,6378,3.0,3.74
28,4344,1.0,3.11
10,33794,5.0,3.87
241,858,4.5,4.37
345,2352,4.0,3.97
561,2641,4.0,3.12
292,4899,3.0,2.2
599,3864,2.0,2.68
105,1244,5.0,4.34
607,891,5.0,3.62
217,2524,4.0,3.22
453,2683,5.0,3.29
133,454,3.0,3.58
105,4308,3.5,3.73
234,4203,4.0,3.3
414,7257,2.5,2.67
312,2762,4.0,3.96
332,1645,3.5,3.41
66,6754,4.5,3.51
599,880,2.5,2.91
197,786,2.0,3.22
357,2028,4.5,4.27
69,296,5.0,4.26
187,2997,5.0,4.08
601,176371,4.0,3.89
410,549,5.0,0.0
474,8385,3.0,0.0
344,2858,5.0,4.07
586,1784,4.0,3.78
232,4343,2.5,3.28
610,3925,5.0,3.76
21,551,0.5,3.5
50,165,3.0,3.64
469,3269,3.0,3.05
6,799,3.0,3.49
102,266,3.0,3.43
279,56782,4.5,4.29
288,2473,2.0,2.64
64,585,4.0,2.93
378,364,4.5,3.97
117,454,3.0,3.69
484,88163,4.0,4.21
103,40815,4.0,3.89
131,858,4.0,4.38
510,1393,3.5,3.58
560,68886,4.0,0.0
517,1079,1.5,3.98
89,99122,3.5,0.0
514,182727,2.0,0.0
241,48780,3.5,4.17
474,6777,3.0,3.79
256,3510,4.0,3.44
58,529,5.0,3.84
606,4428,2.5,0.0
200,1682,3.5,4.02
78,53972,1.5,3.59
474,4215,1.0,0.0
64,1042,3.0,3.6
51,4447,3.0,3.25
247,115713,5.0,3.94
50,175661,1.5,3.22
508,562,2.5,3.75
20,1030,3.0,2.8
294,2642,1.0,2.36
274,57528,3.5,4.02
474,2660,3.5,3.91
51,387,3.5,2.16
240,377,5.0,3.68
587,1234,4.0,4.11
318,133771,3.5,4.18
219,2194,2.0,4.06
335,3911,4.0,3.62
543,59900,0.5,3.07
298,48877,2.0,3.24
305,103075,3.0,3.2
474,4993,5.0,4.57
488,2302,3.0,3.24
509,2572,3.5,3.65
610,3977,2.0,3.15
164,1101,5.0,3.21
401,84944,3.5,3.7
232,5502,4.0,3.45
117,1036,3.0,3.91
608,5401,2.0,2.04
243,161,5.0,3.68
514,597,2.5,3.64
382,59315,4.5,3.98
448,2,3.0,4.05
414,2147,3.0,0.0
274,2004,4.0,3.5
71,1210,3.0,4.16
410,3161,4.0,0.0
105,3968,3.0,3.32
448,90522,2.0,3.46
607,204,3.0,2.79
33,1249,5.0,4.06
362,1222,4.5,4.16
414,2804,4.0,4.71
101,2723,2.0,3.01
552,3,1.0,3.25
492,662,4.0,3.32
478,1073,4.0,3.9
573,44665,4.5,3.87
561,93326,2.0,2.91
45,21,4.0,3.57
288,4587,2.0,2.47
275,750,3.0,4.4
304,1726,5.0,2.6
596,120919,3.0,0.0
380,33164,3.0,0.0
561,136864,2.0,2.47
160,3793,1.0,3.81
17,3435,3.5,4.29
160,111,5.0,4.28
346,1625,2.5,3.71
275,260,4.0,4.31
68,119145,4.0,4.49
28,8633,4.5,3.76
521,14,4.0,3.82
217,2598,4.0,2.87
520,7373,4.0,3.39
202,420,1.0,2.95
274,1193,4.5,4.49
428,150,2.0,3.91
326,1619,5.0,3.38
543,94959,2.0,4.09
63,1923,2.0,3.78
534,2716,4.5,3.84
280,41573,4.5,2.68
414,235,4.0,3.9
303,1240,5.0,3.89
132,64839,2.5,3.8
469,2797,3.0,3.93
198,4886,3.0,3.97
55,1357,0.5,4.17
23,1217,3.5,4.63
219,3972,4.0,4.38
599,2746,3.0,3.58
600,543,2.5,3.44
249,78637,3.5,3.89
359,8533,4.5,3.52
135,2395,3.0,3.56
352,97752,5.0,3.7
484,616,4.0,3.49
57,1676,4.0,3.46
436,257,3.0,3.58
232,2791,3.0,4.07
552,442,1.5,3.1
511,2571,5.0,4.25
535,2692,5.0,3.98
448,45666,2.0,3.11
68,2541,4.0,3.49
132,1307,3.5,3.92
280,51662,3.5,3.7
101,2707,4.0,3.12
590,4489,3.5,3.44
448,1100,3.0,3.01
608,5459,4.0,3.13
307,1136,3.5,4.4
483,410,3.0,3.39
561,134853,3.0,3.99
102,161,3.0,3.71
527,1663,4.0,3.92
603,1224,2.0,4.5
606,48385,3.0,3.55
414,6618,3.0,4.5
275,4034,5.0,4.11
552,2857,4.0,3.19
122,2160,5.0,4.18
594,2000,4.5,3.73
280,356,4.0,4.3
599,1791,3.0,0.0
474,745,4.0,4.59
590,355,2.0,2.59
177,2424,3.0,3.59
474,5876,4.0,4.35
1,1587,5.0,3.24
21,3638,4.5,3.17
19,1345,3.0,3.45
428,260,3.5,4.3
483,2019,4.5,4.39
381,45361,1.0,0.0
414,2986,2.0,2.62
517,49272,1.5,4.01
218,2657,3.5,3.34
607,1982,5.0,3.84
600,663,4.5,3.17
186,3510,4.0,3.39
552,1196,5.0,4.29
414,1024,4.0,4.36
210,4306,4.0,3.96
600,3882,2.0,2.87
172,1210,4.5,4.16
387,4928,4.0,0.0
198,2875,2.0,3.02
305,2288,5.0,4.23
294,355,3.0,2.61
219,6934,2.5,3.3
342,2683,3.0,3.19
462,337,2.5,3.94
373,585,1.0,2.81
42,1088,3.0,3.6
82,2381,2.5,2.56
216,3755,4.0,3.12
39,924,2.0,3.98
425,1590,3.5,3.06
268,2403,2.0,3.58
339,49530,4.0,3.93
6,313,3.0,3.45
156,4027,4.0,3.91
563,111659,3.5,2.94
610,6872,1.0,1.21
590,32,3.0,4.14
603,4815,1.0,3.25
91,288,3.5,3.16
115,3301,4.0,3.53
474,592,4.0,3.69
514,1326,1.5,1.36
130,318,5.0,4.47
19,3693,2.0,2.25
139,49278,1.5,3.39
599,45648,2.5,0.0
512,208,3.0,2.98
448,5954,4.0,4.29
377,62383,3.5,0.0
249,52973,4.0,4.36
380,7387,5.0,4.05
599,122260,2.5,0.0
477,78746,4.0,0.0
221,31692,0.5,0.0
33,150,3.0,3.92
42,2497,4.0,2.77
448,4447,1.5,3.36
199,6365,2.5,3.37
91,589,4.0,4.32
66,1265,3.5,4.17
182,5881,4.0,3.32
521,648,4.0,3.58
165,2019,4.0,4.17
28,2618,3.0,3.23
238,4855,4.0,3.87
111,2694,3.0,3.45
303,2662,3.5,3.16
19,2550,3.0,4.26
216,1269,4.0,3.95
475,1196,5.0,4.35
298,5900,2.5,2.95
28,49530,4.5,3.94
414,2378,3.0,3.74
482,329,4.5,3.45
182,2890,3.5,3.99
28,56587,3.0,3.59
259,153,4.0,2.92
414,46,2.0,4.11
153,117881,3.0,4.04
4,3481,2.0,3.67
312,1342,4.0,2.58
447,480,4.0,3.79
111,3752,3.0,3.23
80,4995,4.5,4.17
130,590,3.0,3.81
448,40278,3.5,3.92
448,86190,3.5,3.51
586,4489,4.0,3.26
610,112727,3.0,0.0
115,3052,3.0,3.7
510,3481,3.5,3.65
577,920,5.0,3.72
453,4334,4.0,4.47
546,1270,3.0,4.02
387,7895,3.5,0.0
273,236,4.0,3.55
599,442,2.5,3.45
124,296,4.5,4.25
137,1262,3.0,4.26
470,208,3.0,2.99
448,104241,3.0,3.85
226,1005,3.0,2.07
244,1480,4.0,3.27
76,31410,4.0,3.85
382,70946,0.5,0.0
385,1240,4.0,3.94
610,8985,2.5,3.35
294,577,1.0,2.61
590,260,5.0,4.44
249,1356,3.0,4.22
464,1101,4.5,3.26
28,6957,3.0,3.7
232,8939,3.0,4.22
421,953,5.0,4.06
401,55768,2.5,3.21
258,122904,5.0,3.94
351,71579,4.0,3.54
260,3424,4.5,4.09
590,3435,4.0,4.24
600,1248,3.0,4.5
500,2572,3.0,3.54
361,34520,2.5,2.12
45,2947,4.0,4.01
57,1641,4.0,3.88
462,593,3.5,4.3
103,87194,3.5,0.0
357,7026,3.0,2.66
132,592,2.0,3.55
222,82459,3.5,3.96
217,1374,3.0,3.82
274,31685,3.5,3.53
307,3448,2.5,3.89
113,3296,5.0,3.94
428,2459,1.0,3.19
63,110102,4.0,4.04
561,8644,2.5,3.69
219,1485,1.5,3.3
84,914,4.0,4.12
610,68205,4.0,3.09
298,1221,3.5,4.39
422,3897,4.0,3.82
125,112552,4.0,4.3
274,2395,2.5,3.59
298,6702,0.5,2.79
599,3950,2.5,3.96
517,1784,3.0,3.84
84,57,3.0,3.23
217,2012,2.0,3.65
590,435,2.0,2.7
139,8371,2.0,3.36
140,2028,5.0,4.36
515,260,5.0,4.23
477,648,3.0,3.76
211,1125,4.0,3.68
556,94780,3.5,2.71
563,61250,1.5,2.8
534,1282,4.5,3.72
380,3703,5.0,3.99
188,2206,5.0,3.52
177,2082,2.0,2.94
474,3134,3.0,4.5
514,1213,4.5,4.41
318,1193,4.0,4.33
281,2694,3.0,3.27
580,5218,4.0,3.89
509,6294,3.0,2.55
105,69122,4.5,4.14
534,52287,4.0,3.79
464,1240,4.0,3.91
474,7018,2.5,0.0
606,5072,3.5,4.22
264,1250,5.0,4.0
19,2184,3.0,3.62
212,2918,2.5,3.93
599,1094,3.0,3.62
249,73431,2.5,0.0
249,67923,4.0,3.25
219,8360,4.0,3.8
317,318,4.0,4.58
542,7451,4.5,3.67
269,648,3.0,3.58
385,383,2.0,3.1
448,1882,3.0,2.37
590,1950,4.0,4.44
608,802,3.0,3.59
339,16,4.5,4.01
84,1295,5.0,2.74
380,136864,2.0,2.66
45,1968,4.0,3.91
356,4226,5.0,4.27
448,115151,2.0,0.0
129,2692,4.5,4.03
448,158872,4.0,3.58
419,111,4.0,4.23
66,2248,4.5,3.96
287,1407,2.5,3.32
474,5440,3.0,0.0
418,85414,3.5,3.69
148,79132,1.5,4.19
474,6385,5.0,4.1
275,2212,4.0,3.56
113,11,3.0,3.8
111,131826,4.0,0.0
111,3897,4.0,3.88
606,7143,4.0,4.08
167,480,3.5,3.83
356,529,4.0,3.93
232,7445,3.5,3.95
301,2378,2.0,3.14
182,6890,4.5,3.39
544,1105,5.0,4.43
111,98203,1.5,1.84
19,3370,2.0,0.0
43,11,4.0,3.79
558,5329,5.0,3.13
307,26680,3.5,3.86
19,849,2.0,2.99
479,3504,4.0,4.0
187,6377,2.5,4.08
298,3511,1.5,2.94
608,173,3.0,2.72
62,68554,4.0,3.42
186,364,4.0,4.05
254,4973,4.5,4.37
132,8874,3.5,4.13
561,50,4.5,4.47
428,1653,3.5,4.08
491,86833,3.5,3.93
33,36,5.0,3.87
165,5464,3.0,3.62
356,2671,3.0,3.58
232,1035,3.5,4.02
129,1210,4.0,4.25
237,44191,4.0,3.89
239,2329,5.0,4.4
28,1221,4.0,4.4
603,3586,4.0,0.0
187,3328,5.0,4.13
274,2076,4.0,4.28
45,5307,3.0,0.0
222,858,4.5,4.43
561,1587,4.0,3.23
357,2067,5.0,4.24
125,1625,5.0,3.8
452,3703,5.0,4.0
509,38038,3.0,3.83
87,3910,4.0,3.72
519,140110,4.0,3.7
514,79132,4.0,4.31
328,6539,3.5,3.92
369,370,4.0,3.1
335,2302,3.0,3.2
339,80139,4.5,4.04
414,5380,4.0,4.36
600,3250,2.5,3.48
251,356,5.0,4.19
232,1370,3.5,3.69
489,39183,4.5,3.65
414,374,1.0,2.79
33,914,5.0,4.09
600,3535,3.5,3.88
457,2701,1.0,2.34
608,2161,3.0,3.91
105,31696,3.5,3.73
414,5004,3.0,4.21
477,2529,3.5,3.94
143,6593,4.0,3.07
414,1610,5.0,4.42
307,8464,3.0,3.8
32,52,3.0,3.57
448,99112,2.5,3.9
567,45880,3.0,3.23
414,209,4.0,0.0
385,1136,4.0,4.21
221,1220,4.5,3.92
318,127298,4.5,0.0
600,575,2.0,2.58
139,3994,2.5,3.63
608,6333,4.0,4.03
19,2027,1.0,2.3
92,327,3.5,3.0
606,3246,4.0,4.51
91,4993,4.5,4.39
474,2187,3.5,0.0
387,3742,3.5,3.77
156,4378,4.5,3.84
480,5679,4.0,3.53
448,2718,3.0,3.51
223,34,1.0,3.62
182,2827,1.5,2.65
266,2428,1.0,2.69
19,2888,3.0,2.11
448,71464,3.0,3.65
493,4438,5.0,3.23
448,2110,4.0,3.47
367,3507,4.0,4.05
140,2334,3.0,2.99
414,1457,2.0,3.97
21,44022,3.5,3.42
510,2791,4.0,3.88
160,2688,0.5,2.99
555,2827,1.0,2.78
597,3019,5.0,4.01
132,673,2.0,2.82
603,2053,2.0,2.18
68,1704,4.5,4.5
599,7481,3.5,3.48
160,2428,1.0,2.71
495,4034,2.5,4.03
373,181,1.0,2.39
89,1080,1.0,4.06
325,2239,5.0,4.56
336,3147,4.5,4.13
259,3910,5.0,3.71
298,51412,0.5,3.21
288,4994,3.5,3.87
280,1393,4.5,3.62
91,2797,3.0,3.89
222,62250,3.0,4.03
317,68237,4.0,4.06
57,2530,3.0,2.73
239,780,4.0,3.65
50,4226,3.0,4.2
177,455,3.0,2.94
474,8542,3.5,4.46
6,569,4.0,0.0
410,2395,4.0,3.55
139,87232,3.5,3.91
524,1196,5.0,4.27
458,225,5.0,3.59
42,2641,2.0,3.1
119,31410,4.0,3.99
217,1806,1.0,2.69
182,4246,3.5,3.71
462,3578,2.0,4.08
363,1961,3.0,3.84
453,2447,3.0,3.34
411,230,4.0,3.52
248,3793,3.5,3.75
434,6333,4.0,3.85
376,457,4.0,4.12
368,1610,5.0,3.92
100,377,4.0,3.66
397,4037,3.5,3.88
305,1197,4.5,4.51
28,1206,2.5,4.25
274,1214,4.0,4.24
428,1479,3.0,3.37
20,1097,5.0,3.85
159,30812,2.0,3.52
113,1244,4.0,4.12
273,364,5.0,3.98
274,4643,2.0,3.06
316,520,3.5,2.99
249,49649,2.5,2.54
419,493,4.0,3.67
68,58299,3.0,3.5
305,3285,3.5,3.32
610,5618,4.0,4.6
455,34,4.0,3.62
298,70663,2.5,0.0
527,30,1.0,0.0
560,128360,3.5,4.1
221,2985,3.0,3.36
105,52281,5.0,3.83
352,84954,2.5,3.43
498,110,5.0,4.06
480,2572,2.5,3.75
288,1660,3.0,0.0
28,4378,3.0,3.81
122,52319,4.5,3.57
323,2803,3.0,3.0
425,1917,3.5,3.13
89,33679,2.5,3.43
585,79132,4.0,4.2
209,2959,4.5,4.29
36,2359,4.5,3.59
600,1198,4.0,4.43
177,4995,4.0,4.58
573,2571,5.0,4.45
68,7254,2.5,4.23
177,3798,3.5,3.39
441,91529,5.0,4.05
206,661,5.0,3.31
582,81834,5.0,4.09
467,2493,4.0,0.0
387,2337,3.5,0.0
432,44759,3.0,1.76
580,2692,4.0,4.11
160,1107,3.5,0.0
105,8665,3.5,4.15
125,6874,4.5,3.97
561,34,2.5,3.7
199,44195,4.0,4.07
462,345,1.0,3.72
414,33493,4.0,4.07
405,1295,4.0,2.68
232,3949,4.5,4.16
225,2406,3.0,3.54
414,48738,4.0,4.85
292,102123,1.5,2.83
64,2450,2.0,2.86
62,87430,3.5,2.36
474,6225,3.0,0.0
580,8361,3.5,3.2
580,34150,3.0,2.81
181,161,4.0,3.74
239,4022,3.5,3.82
380,5971,5.0,4.15
230,2985,1.0,3.35
520,4306,4.0,3.98
418,106766,4.5,3.42
370,2762,4.5,3.97
387,63,2.0,3.06
298,165,3.0,3.82
288,1350,3.0,4.03
105,915,4.0,3.97
217,2253,3.0,2.27
381,54001,4.5,3.97
274,6586,2.5,3.5
34,3717,4.5,3.29
330,1500,2.5,3.76
149,788,4.0,2.65
177,6624,2.0,2.27
599,5548,2.5,2.72
599,1196,5.0,4.74
182,5507,3.5,2.8
586,106487,3.5,3.68
610,27905,3.5,0.0
474,6235,3.5,5.47
249,116823,4.0,4.42
275,4993,4.0,4.29
64,2406,3.5,3.66
515,174055,4.0,3.53
166,1276,4.5,4.37
129,1358,0.5,4.09
82,6,3.5,4.06
274,558,4.0,3.31
380,32019,3.0,2.55
381,2294,3.0,3.37
8,356,3.0,4.21
334,1240,3.5,3.89
258,72641,3.0,3.65
489,7153,4.0,4.3
513,150,4.5,3.85
105,147196,5.0,0.0
68,6711,5.0,4.35
438,4018,3.5,3.41
357,780,4.0,3.59
436,532,3.0,3.08
346,7234,3.5,4.48
425,1387,3.0,4.18
435,3578,4.5,3.99
458,39,4.0,3.34
260,4027,4.0,3.81
339,111,4.0,4.37
64,1258,3.5,4.34
292,1307,3.0,3.96
51,53953,3.5,3.19
414,6323,3.5,4.14
105,5373,4.0,0.0
469,2132,4.0,4.29
344,111443,3.0,0.0
141,115713,4.5,3.89
560,109313,4.0,0.0
249,93831,4.0,2.24
352,1213,3.5,4.35
21,7570,4.5,3.14
232,52328,3.0,4.24
42,4008,4.0,3.65
240,344,5.0,3.1
434,1517,4.0,3.67
474,4022,3.5,4.11
317,4306,4.0,3.97
602,861,4.0,3.83
561,49272,3.0,4.16
565,357,4.0,3.52
91,2723,3.5,3.12
599,3108,3.0,3.92
324,3884,2.0,1.24
256,4018,4.0,3.25
68,3552,4.0,4.03
551,91542,4.0,3.84
288,5040,3.0,3.26
610,3681,5.0,4.59
182,1747,3.5,3.62
108,3072,3.0,3.56
318,3751,3.5,3.56
199,2006,3.0,3.17
266,1784,3.0,3.82
217,720,4.0,4.11
354,1233,4.0,4.18
414,7150,3.0,2.89
51,70,5.0,3.69
477,432,3.0,2.69
555,356,5.0,4.4
91,1917,2.5,3.16
448,79185,1.0,3.82
307,186,0.5,3.27
182,2924,3.5,4.45
599,3863,2.5,3.27
507,47,3.0,4.0
305,2115,1.0,3.79
201,2080,4.0,3.5
436,34,5.0,3.63
606,46965,1.0,2.66
599,704,0.5,2.73
314,327,1.0,3.02
328,1302,0.5,3.62
19,65,2.0,2.8
294,1615,2.0,3.08
411,587,4.0,3.49
428,3081,4.0,3.49
256,520,4.0,3.03
226,2273,3.5,3.59
373,362,1.0,3.71
503,4537,4.5,4.25
57,589,4.0,4.25
7,4223,2.0,3.65
132,7022,3.5,3.98
538,671,5.0,3.37
51,1580,5.0,3.58
159,89864,3.5,3.66
117,186,3.0,3.06
596,49530,2.5,3.9
480,32584,2.5,3.66
58,19,1.0,2.81
517,3398,1.0,3.45
288,2502,3.5,4.34
181,5,3.0,3.03
105,4993,4.0,4.44
187,4967,4.5,4.34
318,6440,3.5,4.29
318,2467,3.5,3.98
140,4963,3.0,4.14
21,7573,5.0,2.99
573,4718,4.5,3.22
377,6656,4.0,0.0
509,26999,3.0,0.0
284,223,5.0,3.97
462,535,4.5,3.28
70,3543,4.0,3.75
342,1799,3.0,3.45
436,587,4.0,3.48
182,3000,5.0,4.09
177,8984,3.5,3.36
610,912,3.5,4.5
605,62970,3.0,0.0
474,1350,4.0,4.17
590,6863,3.0,3.52
428,3555,2.0,3.51
249,38061,4.0,4.42
474,4815,3.0,3.29
501,661,1.0,3.32
279,7153,4.0,4.25
50,903,4.0,4.09
28,3052,3.0,3.77
62,778,4.5,4.19
225,1321,4.0,3.35
414,7165,3.0,0.0
553,1213,5.0,4.33
580,3949,3.5,4.0
300,5995,4.5,3.98
474,7013,4.5,4.25
308,1246,5.0,4.1
227,150,4.0,3.87
398,32,5.0,3.97
83,5903,3.5,3.98
606,1873,4.5,4.17
177,11,3.0,3.92
438,5804,2.5,0.0
387,8972,3.5,3.38
580,1784,4.0,3.9
414,45666,2.5,3.15
597,780,1.0,3.63
270,736,4.0,3.37
298,4447,1.0,3.22
419,57368,4.0,3.18
334,908,3.5,4.21
105,26662,4.0,4.33
42,3253,4.0,3.54
232,55267,3.0,3.62
590,1265,4.0,4.32
569,377,5.0,3.58
24,2115,4.0,3.68
212,168366,4.0,0.0
495,1499,2.5,1.68
603,3783,4.0,4.21
107,434,3.0,3.02
571,1219,4.0,4.02
286,6373,3.0,3.24
368,1127,4.0,3.61
307,2432,2.0,2.89
73,8807,4.0,3.76
233,1089,2.5,4.31
111,181065,3.5,0.0
600,1296,1.5,4.07
474,2797,4.0,4.18
210,122924,4.0,2.94
410,3468,5.0,4.47
509,74677,4.0,0.0
274,2498,2.0,2.15
387,1273,4.0,4.22
564,35836,3.5,3.7
282,3114,4.5,3.91
192,317,3.0,3.18
142,592,3.0,3.5
396,1320,0.5,3.19
288,1101,3.0,3.49
160,788,1.0,2.79
483,1644,1.0,2.15
528,33794,4.5,3.85
235,10,2.0,3.47
290,3007,4.0,4.02
606,4439,3.5,3.89
380,4306,5.0,4.49
274,70,4.5,4.0
288,30810,4.5,3.73
274,3969,3.5,3.69
380,4148,3.0,3.19
597,2108,4.0,3.73
480,32587,4.0,4.1
210,128842,4.0,0.0
347,587,4.0,3.44
562,1240,5.0,3.91
479,2367,2.0,2.64
391,912,5.0,4.45
610,4718,3.5,3.49
217,748,3.0,3.27
410,3925,5.0,3.72
448,3763,4.5,3.52
93,318,4.0,4.49
104,80584,4.0,0.0
66,18,4.0,3.8
587,1135,4.0,3.04
520,61240,2.0,4.05
71,802,5.0,3.31
91,2529,4.0,3.94
149,1334,4.0,3.09
274,7368,3.5,0.0
599,1639,3.5,3.81
368,1686,3.0,0.0
256,56251,4.0,4.0
318,1175,3.5,4.28
217,2151,3.0,3.75
298,2021,3.5,3.39
573,4816,5.0,3.55
408,85510,3.5,3.11
66,4654,3.5,3.01
493,592,4.0,3.53
592,329,3.0,3.49
111,55872,3.0,3.71
599,3937,1.5,3.1
567,3266,5.0,4.68
492,832,5.0,3.49
200,48738,4.0,4.09
448,63131,3.0,3.9
487,2571,3.0,4.24
182,1391,4.0,3.39
309,318,4.0,4.51
219,31221,0.5,2.42
382,98809,4.5,3.93
182,3117,4.5,3.73
205,4896,4.5,3.76
391,2080,5.0,3.53
514,3421,4.0,3.87
599,56286,3.0,0.0
483,56251,5.0,4.21
377,5049,4.0,3.59
599,1499,2.0,1.73
23,334,4.0,4.01
567,97836,1.5,3.01
438,49272,4.0,4.16
262,515,5.0,3.57
559,432,3.0,2.61
480,19,1.5,2.98
564,49286,3.0,3.2
429,300,4.0,3.41
351,5608,4.0,4.07
317,6708,3.0,3.81
603,4056,4.0,2.41
380,1982,5.0,4.17
577,1690,3.0,2.99
448,55768,3.5,3.28
417,1198,2.5,4.34
10,1247,3.0,4.07
16,593,3.0,4.23
352,4306,3.0,4.04
353,296,5.0,4.25
189,3578,4.0,3.97
448,223,4.0,4.21
198,1172,5.0,4.01
489,1961,4.0,4.03
101,2598,2.0,2.8
227,48774,4.5,4.13
305,3527,4.0,3.73
337,1210,5.0,4.18
381,1500,4.0,3.76
382,33660,4.0,4.13
18,122892,3.5,3.92
135,367,4.0,3.3
265,1214,2.0,4.02
600,1029,3.5,3.66
318,3424,3.5,4.15
599,8665,3.0,4.26
68,6297,3.5,3.93
292,253,1.5,3.56
279,115569,4.5,4.28
334,4235,3.5,4.06
167,4369,1.0,3.15
381,4370,3.0,3.44
227,457,4.0,4.04
292,296,3.0,4.27
205,88125,4.0,3.87
434,48774,5.0,4.21
57,1388,2.0,2.25
305,8985,4.0,3.16
610,69275,4.0,4.39
534,67197,3.5,2.73
42,3255,3.0,3.57
526,106920,4.0,3.86
448,7076,4.0,3.02
599,1351,2.0,2.43
539,318,4.0,4.47
139,48780,2.5,4.19
84,1132,4.0,4.22
414,43917,3.5,3.34
215,356,3.5,4.22
564,1968,4.0,3.78
579,3114,5.0,3.85
41,597,3.0,3.57
350,7,3.0,3.15
414,1753,2.5,4.49
567,26743,2.5,0.0
369,2706,3.5,3.43
125,858,4.5,4.41
256,204,4.5,2.76
540,2598,3.0,2.8
524,1200,5.0,4.01
527,3036,5.0,3.55
353,47,5.0,4.05
288,2867,3.0,3.7
517,3599,1.0,3.8
391,1196,5.0,4.39
600,2606,2.0,2.61
45,2329,5.0,4.42
414,54259,3.5,4.19
10,49286,5.0,3.13
216,2788,3.0,4.19
513,110,4.0,4.03
91,3671,4.5,4.04
141,109374,5.0,3.91
140,1090,4.0,4.16
241,3910,5.0,3.73
514,2918,4.0,4.01
69,1266,5.0,4.13
391,3000,4.0,4.06
34,3624,4.0,3.26
103,77561,0.5,3.76
511,68954,4.5,4.1
249,46723,4.0,4.05
239,4776,4.0,3.89
599,5903,2.5,4.42
182,1370,3.5,3.72
592,303,3.0,3.07
20,3793,3.5,3.85
217,2779,3.0,3.47
36,1892,3.5,3.21
247,5989,3.5,4.06
414,1101,5.0,3.84
474,8530,4.0,0.0
274,3968,3.5,3.32
265,2364,2.0,0.0
577,2146,4.0,3.23
372,1390,4.0,2.7
256,4701,4.5,3.26
351,51662,4.0,3.71
338,122912,1.5,4.23
499,4642,5.0,4.22
18,53972,3.0,3.9
111,719,4.0,3.02
462,148626,3.5,3.97
332,3470,4.0,4.23
559,783,4.0,3.41
181,1082,3.0,3.71
605,1367,3.0,3.15
490,54272,3.0,3.63
387,4553,3.0,3.85
274,968,3.0,4.01
322,2052,2.0,2.74
137,1301,4.0,3.8
599,892,3.5,3.82
568,3053,4.0,3.92
309,973,4.0,3.91
365,216,3.5,3.49
50,92046,3.0,0.0
100,6377,4.0,4.01
571,2288,2.0,4.04
599,1015,1.5,3.48
247,2329,3.0,4.3
307,32031,2.5,3.26
247,40815,2.0,3.85
477,1193,4.5,4.38
274,6464,3.5,0.0
222,102686,3.5,3.41
590,4262,4.5,4.02
105,111622,4.0,0.0
289,16,4.5,3.99
169,1777,4.0,3.64
414,2513,2.0,2.71
426,4306,4.5,3.96
409,3813,4.0,4.28
462,179813,4.0,0.0
389,32,4.0,3.95
414,3070,4.0,3.23
220,223,5.0,3.98
133,377,3.0,3.58
514,84772,3.5,3.45
605,56171,3.0,3.05
436,485,3.0,3.06
249,4489,3.5,3.51
169,3421,4.0,3.8
4,3897,4.0,3.85
73,2706,3.5,3.43
380,3979,2.5,2.72
42,1090,5.0,4.1
304,1240,5.0,3.95
387,1025,3.0,3.96
368,3173,3.0,3.13
42,1722,5.0,3.13
288,6303,3.5,3.96
186,1307,3.0,3.91
361,53125,4.0,3.54
391,3256,3.0,3.8
603,426,4.0,0.0
469,1858,2.0,2.82
381,1073,4.0,4.07
599,4155,2.5,3.43
140,1028,4.0,4.02
610,8783,3.0,3.54
606,5943,3.0,2.61
387,51255,3.5,4.26
41,593,4.0,4.3
222,3273,3.0,2.53
266,135,1.0,2.98
177,4306,4.0,4.33
232,59501,3.0,3.65
482,6787,3.5,4.02
527,3016,4.0,2.8
57,588,4.0,4.11
95,541,5.0,4.16
298,4973,3.0,4.47
443,1200,3.0,3.96
380,51662,4.0,4.13
483,4370,4.0,3.41
95,3019,5.0,4.0
514,2144,3.0,3.75
365,80549,4.5,3.87
469,1261,4.0,4.11
163,1614,3.0,2.75
468,160,2.0,2.92
608,6820,3.5,4.12
148,5618,3.0,4.12
4,215,5.0,4.0
105,86066,4.0,0.0
249,1408,4.0,3.89
111,94953,4.5,3.12
84,17,5.0,3.9
452,3633,3.0,3.53
91,2395,1.0,3.61
541,165,3.0,3.67
139,45722,2.5,3.6
441,122886,4.5,3.89
307,40581,2.5,2.71
597,1307,5.0,3.98
119,84392,4.0,3.61
249,3686,3.0,3.29
68,1584,2.5,4.11
66,1862,1.0,2.14
596,163639,4.0,0.0
570,48738,3.5,3.93
551,2000,4.0,3.69
68,49274,3.0,2.59
314,163,3.0,3.59
543,4226,5.0,4.17
307,3535,5.0,3.93
414,86332,3.0,4.44
356,64957,3.0,3.79
202,3260,4.0,4.21
422,4190,4.0,0.0
367,1028,5.0,3.92
220,5464,4.5,3.71
243,588,3.0,3.87
448,3707,2.0,2.99
414,5993,4.0,2.46
427,5400,2.0,3.12
427,1247,3.5,4.04
275,1179,5.0,3.7
223,2144,4.0,3.68
122,589,5.0,4.17
249,318,4.5,4.76
177,1333,4.0,3.95
51,1500,5.0,3.75
412,34,5.0,3.63
600,1499,2.0,1.66
448,7046,3.0,2.75
135,292,4.0,3.47
23,923,4.0,4.02
91,608,3.5,4.25
597,357,5.0,3.68
474,4571,4.5,4.13
247,136864,2.5,2.37
361,4246,3.5,3.66
346,4816,3.0,3.51
196,5952,3.0,4.04
448,85881,3.5,4.56
474,47465,3.5,0.0
598,130490,5.0,2.4
489,45447,3.5,3.38
469,1320,3.0,3.34
599,1036,4.0,4.35
166,32,4.0,4.04
91,3727,4.5,4.24
590,196,2.5,2.78
587,587,5.0,3.48
380,6534,3.0,2.92
147,543,2.5,3.28
28,38886,2.0,3.44
6,510,3.0,0.0
177,83132,2.5,4.12
313,1291,4.0,4.26
105,122904,4.0,4.36
368,3256,3.0,3.91
160,296,5.0,4.32
318,2952,3.0,3.74
112,1,3.0,3.95
104,33004,4.0,3.46
68,49772,2.5,4.87
34,27801,5.0,3.83
577,1270,5.0,4.09
376,33794,4.0,3.87
321,736,4.0,3.45
103,953,4.0,4.22
599,3252,4.0,3.94
534,2949,4.0,3.88
601,5971,4.5,3.91
562,44974,5.0,3.27
492,736,4.0,3.46
10,66203,3.5,2.65
514,2406,3.0,3.64
102,158,3.0,2.9
274,5363,2.5,2.98
177,4069,4.0,3.2
125,92259,4.0,4.3
19,7,2.0,3.21
232,2021,3.5,3.31
64,159,3.5,2.72
283,587,2.0,3.43
474,1022,4.0,3.85
28,54503,3.5,4.18
323,48,3.5,3.3
105,5349,3.5,3.79
527,969,4.0,4.09
370,4878,4.0,4.04
287,2747,3.0,3.18
469,2858,5.0,4.18
411,480,5.0,3.79
400,858,5.0,4.35
609,731,4.0,0.0
348,750,4.5,4.3
607,1240,5.0,3.92
600,172,2.0,2.72
564,2706,4.0,3.42
1,1029,5.0,3.56
184,102123,3.5,2.93
19,2054,3.0,2.91
525,68358,3.0,4.32
380,8866,3.0,3.1
71,801,4.0,3.06
599,88593,2.5,0.0
307,4306,2.5,4.19
408,134130,4.0,4.0
446,589,5.0,4.06
509,1682,4.0,3.97
507,34,5.0,3.61
260,1288,5.0,4.0
563,1197,3.0,4.31
599,2572,3.0,3.82
385,1196,5.0,4.3
369,6296,3.0,3.83
555,2375,4.0,2.92
414,3684,3.0,3.78
90,1116,4.0,0.0
485,588,4.0,3.85
517,3418,1.0,3.61
249,1527,4.0,3.85
603,2424,2.0,3.31
608,1644,3.0,2.2
160,442,2.0,3.17
479,2683,5.0,3.22
63,3421,2.5,3.85
603,1922,4.0,0.0
223,47,3.0,4.03
68,541,2.0,4.22
64,5669,3.5,4.0
600,1608,2.5,3.54
503,2571,4.5,4.24
225,1923,4.0,3.7
603,2110,4.0,3.56
610,156371,5.0,0.0
474,2915,2.0,3.88
140,44709,4.0,3.61
414,1060,5.0,3.93
105,134252,4.5,0.0
356,63082,4.0,4.04
249,46965,3.0,2.71
414,33794,4.5,4.66
489,2617,2.5,3.24
448,7143,4.0,4.15
137,2571,4.0,4.26
608,4448,4.5,3.52
448,132046,2.0,2.97
143,2144,5.0,3.67
256,5218,4.5,3.82
41,122904,0.5,4.11
474,2822,2.5,2.74
462,44555,4.5,4.18
606,2174,4.0,3.58
27,2478,5.0,3.16
240,169,3.0,2.34
462,6001,3.5,4.34
480,1203,5.0,4.35
182,4262,4.0,4.08
95,176,4.0,4.32
380,49651,5.0,3.51
477,6863,3.5,3.46
475,34150,4.0,2.82
401,157296,3.0,3.64
307,8910,3.5,3.66
453,3979,2.0,2.64
415,608,4.5,4.16
19,353,5.0,3.62
605,1197,5.0,4.31
448,77191,2.5,0.0
551,110,3.5,4.1
594,990,4.5,2.56
294,2013,2.0,3.1
202,1641,4.0,3.85
535,2683,1.0,3.2
105,1233,4.0,4.28
160,1035,2.0,4.08
136,317,3.0,3.27
384,4333,4.0,3.07
414,69122,4.0,4.48
68,1198,5.0,4.66
328,4973,4.5,4.4
46,349,3.0,3.74
300,318,4.0,4.49
243,356,4.0,4.18
398,59387,5.0,4.22
339,90531,3.5,3.8
414,6542,3.5,0.0
470,300,4.0,3.43
160,2363,1.0,2.65
141,318,4.0,4.55
232,7153,4.0,4.5
414,5791,3.0,3.87
274,2328,4.5,2.38
307,33836,2.5,2.44
135,3996,5.0,3.9
109,223,3.0,3.99
603,2844,4.0,1.86
453,5225,4.0,4.01
275,2692,4.0,4.09
182,1270,3.0,4.2
6,145,4.0,3.4
480,1923,4.0,3.98
503,480,3.5,3.75
434,2699,2.5,2.92
275,2824,5.0,0.0
164,592,3.0,3.51
58,234,4.0,2.65
276,480,5.0,3.76
354,586,3.0,3.17
473,48385,3.5,3.35
45,2763,4.0,3.7
477,586,3.0,3.34
456,65,2.0,2.75
606,172,3.0,2.77
156,541,4.0,4.18
209,51255,4.5,4.0
178,2231,4.5,3.87
599,3186,3.0,3.47
475,88125,5.0,3.98
460,3615,3.0,3.25
139,53000,1.5,3.74
188,2918,5.0,3.85
307,2504,2.0,3.56
215,1291,3.5,4.2
274,65126,3.5,0.0
87,1345,3.5,3.39
279,1222,4.0,4.18
298,5992,2.5,4.06
64,39183,4.0,3.7
294,2518,2.0,3.3
325,223,3.0,4.01
109,514,3.0,3.41
219,31696,3.0,3.75
84,236,3.0,3.58
53,203,5.0,3.5
601,109487,5.0,4.06
83,4995,3.0,4.13
91,3704,3.5,3.58
51,3070,5.0,3.35
474,25750,4.0,0.0
186,1196,5.0,4.33
425,485,3.0,3.13
298,8907,0.5,2.33
414,45662,2.5,2.89
89,94503,4.5,3.19
332,4262,3.5,3.97
305,2985,5.0,3.44
414,2182,3.5,0.0
76,1208,4.0,4.21
177,3499,4.0,4.08
414,4638,3.0,3.35
607,3157,3.0,2.74
92,2664,3.5,3.8
41,6373,4.0,3.28
345,1127,3.5,3.52
313,2959,5.0,4.35
182,4234,3.0,3.38
534,88140,3.5,3.95
555,529,3.0,3.96
267,480,5.0,3.77
246,6350,4.5,4.19
610,784,5.0,3.36
474,2247,2.0,3.71
147,555,4.5,3.78
318,89753,4.0,3.94
380,73017,3.0,4.41
318,673,3.5,2.87
234,1370,3.0,3.52
587,2080,4.0,3.49
474,6104,4.0,4.17
57,382,2.0,3.41
606,7154,3.5,2.92
221,2469,4.5,3.4
599,3362,3.5,4.37
229,592,3.0,3.51
567,99764,5.0,0.0
163,1676,3.0,3.41
448,90866,4.0,3.85
133,588,3.0,3.84
414,1387,4.0,4.45
522,858,4.5,4.45
260,8607,3.0,4.12
169,661,4.0,3.35
489,367,1.5,3.37
424,30825,3.5,3.0
57,1498,2.0,3.32
322,4010,3.0,2.94
228,1590,4.5,2.97
325,4643,2.0,2.76
610,48780,4.0,4.58
63,3949,5.0,3.96
57,1385,2.0,3.2
18,8984,3.0,3.3
561,2143,3.5,3.03
480,4239,3.0,4.03
261,7361,5.0,4.25
239,1221,5.0,4.38
562,527,4.5,4.34
469,3635,3.0,3.5
275,5272,3.0,0.0
36,5956,2.0,3.57
363,708,3.5,3.32
567,86059,1.5,0.0
274,196,3.5,3.05
68,4015,2.0,3.25
209,2628,2.0,3.13
387,6378,3.0,3.78
361,377,3.0,3.62
437,86,3.0,3.6
175,7169,5.0,4.1
368,2688,3.0,3.0
2,99114,3.5,4.0
239,1672,4.5,3.48
103,48780,4.5,4.28
215,1089,3.0,4.28
551,77561,4.0,3.73
590,303,3.0,2.95
477,66934,5.0,4.05
332,1682,4.5,3.93
298,59315,3.5,4.06
524,913,3.0,4.14
6,304,4.0,3.73
413,3624,5.0,3.24
177,93006,4.0,0.0
156,1079,4.0,4.09
119,6934,4.5,3.24
405,4878,4.0,4.04
599,3668,3.0,4.14
431,466,2.0,2.93
71,733,3.0,3.71
288,2903,3.0,0.0
21,902,3.0,3.92
121,300,3.0,3.43
517,30749,0.5,3.98
249,55269,4.0,3.99
4,4033,4.0,3.9
518,6323,4.5,3.56
517,919,4.5,3.95
448,157172,0.5,0.0
387,1097,3.5,4.01
74,48774,4.0,4.15
414,64983,3.0,3.78
599,179817,3.0,0.0
608,163,3.0,3.91
585,441,3.5,4.02
109,14,4.0,3.82
170,594,3.0,3.59
277,719,4.0,2.94
599,26195,3.0,0.0
414,37727,4.0,3.22
528,81834,1.5,4.04
325,5139,3.0,3.76
552,3361,3.0,3.79
64,1183,4.0,3.82
448,3072,3.0,3.92
16,849,4.0,2.88
64,3253,4.5,3.48
281,362,2.0,3.66
288,2116,3.0,3.03
50,63312,2.0,0.0
219,4388,0.5,2.63
131,5959,2.5,3.37
336,2001,3.5,3.18
288,1270,5.0,4.29
341,480,2.0,3.75
265,1678,3.0,3.56
4,1077,5.0,3.75
305,4439,3.5,3.74
448,59615,2.0,3.13
381,66097,5.0,3.95
181,370,3.0,3.1
414,3823,4.0,0.0
489,6377,4.0,4.25
102,47,5.0,4.02
1,423,3.0,2.72
274,54503,3.5,4.52
517,2396,1.5,3.93
445,4995,4.0,4.1
590,153,2.5,3.11
226,1193,4.0,4.38
288,2142,3.0,2.42
212,54286,3.0,3.76
610,77364,2.5,3.41
219,317,3.0,3.38
113,1564,5.0,0.0
610,6874,4.5,4.06
51,5339,3.5,4.06
599,114627,3.0,0.0
159,4308,2.5,3.64
448,47640,2.5,4.28
294,1135,4.0,3.06
563,59258,2.0,3.3
268,1206,3.0,4.16
477,2036,3.5,1.99
10,5952,4.0,4.06
531,1961,5.0,3.84
391,1094,4.0,3.59
288,2095,3.5,2.62
610,105504,3.0,4.61
600,8533,3.0,3.62
474,4970,4.0,0.0
249,3744,3.0,3.26
356,4878,5.0,4.14
177,1265,4.0,4.34
48,2571,5.0,4.21
125,52973,4.5,3.93
184,159817,5.0,3.93
132,5956,1.5,3.66
125,1732,4.5,4.05
414,59615,2.5,3.25
45,3052,4.0,3.75
606,11,2.5,4.01
219,8807,4.0,3.8
596,91529,3.5,4.36
111,65230,2.5,3.29
274,33834,3.5,3.58
177,3408,4.0,3.84
42,3033,4.0,3.52
284,237,5.0,3.34
525,61240,4.0,4.15
448,4159,2.0,2.72
393,45722,5.0,3.59
58,300,5.0,3.43
507,349,3.0,3.71
607,3440,3.0,2.08
68,4638,2.0,3.22
12,2572,5.0,3.54
414,1680,3.0,4.08
194,7143,4.5,3.91
93,2424,4.0,3.15
479,2891,5.0,0.0
414,47610,3.5,4.69
567,180985,1.0,3.29
555,2000,5.0,3.85
234,2953,1.0,2.66
520,4526,4.0,2.91
270,708,3.0,3.33
91,5378,4.0,3.33
28,54736,2.5,3.99
33,2080,4.0,3.48
412,2542,4.0,4.04
122,91535,4.0,3.23
387,4065,2.5,0.0
576,1188,1.0,3.81
105,112556,4.0,3.81
182,6796,3.0,4.12
378,318,4.5,4.5
391,5026,3.0,3.9
305,33493,3.5,3.82
606,8966,3.5,3.3
340,457,5.0,4.05
477,40815,3.5,3.97
608,2600,4.5,3.9
233,1059,3.5,3.81
579,2496,4.0,3.01
361,5106,1.5,2.17
279,175303,5.0,3.33
313,3386,3.0,3.49
70,3468,5.0,4.43
89,4014,1.5,3.66
284,432,3.0,2.58
414,349,3.0,4.28
438,1302,4.0,3.74
552,1704,4.0,4.12
414,2375,3.0,3.38
93,260,5.0,4.24
62,1653,5.0,4.21
205,104913,3.0,3.94
284,420,3.0,2.89
330,2140,3.5,3.59
305,163645,4.0,4.47
140,707,3.0,2.85
599,3489,3.0,3.81
266,1617,4.0,4.05
312,527,5.0,4.28
40,21,4.0,3.58
42,2671,4.0,3.57
108,480,4.0,3.75
249,3271,4.0,4.01
187,6062,4.0,2.81
380,899,3.0,4.32
202,3214,2.0,0.0
202,3505,5.0,3.64
50,5669,2.5,3.87
38,376,4.0,3.28
249,49651,3.5,3.56
221,5954,4.5,3.95
264,1210,3.5,4.18
182,3827,2.5,3.08
469,112,3.0,3.53
105,64993,4.5,2.88
39,1200,5.0,4.01
448,4104,1.0,0.0
448,69122,3.0,4.24
509,6156,3.0,3.31
387,175,4.0,4.29
345,7121,5.0,4.66
414,34536,4.0,3.5
382,4638,3.5,3.02
294,3552,5.0,3.86
334,27773,3.0,4.15
211,54286,4.0,3.7
288,1603,2.0,2.59
84,11,4.0,3.83
216,3555,3.0,3.49
226,1206,4.0,4.23
437,1488,3.0,2.86
436,8,3.0,3.05
42,2169,2.0,2.62
42,2581,3.0,3.03
420,2819,4.0,3.59
385,1079,4.0,3.98
474,3928,3.5,0.0
396,1747,3.0,3.42
28,8665,3.5,4.05
381,1722,3.5,3.12
244,541,4.0,4.11
224,2150,5.0,3.84
197,2167,2.0,3.51
63,1704,3.5,4.2
532,3147,5.0,4.12
474,4881,4.0,4.46
256,68791,3.0,3.39
167,69,2.5,3.85
605,74530,3.0,2.42
395,1025,3.0,3.67
186,2115,4.0,3.77
448,2383,2.0,0.0
144,47,4.5,4.07
119,102481,4.0,3.69
534,108932,4.0,4.05
590,1544,3.0,2.89
514,4533,3.0,4.02
495,99007,4.5,3.27
559,405,2.0,2.69
23,3181,3.5,3.76
610,114670,3.5,0.0
387,6807,4.0,4.2
68,176371,3.5,3.93
18,56757,4.0,3.93
489,47,3.0,4.17
68,4124,2.0,0.0
469,3072,4.0,3.73
220,2985,4.0,3.39
219,2858,5.0,4.18
288,1673,2.0,4.45
51,59615,5.0,2.81
427,5065,3.5,3.08
74,2908,5.0,3.53
313,4370,3.0,3.37
64,708,4.5,3.57
182,4247,2.5,2.36
103,34437,4.0,3.62
111,1895,4.0,3.38
156,1263,4.0,4.08
249,2720,2.5,2.56
254,836,3.5,2.83
480,8866,3.0,2.97
274,4370,3.0,3.46
215,2145,4.0,3.2
89,73106,1.5,0.0
202,1292,3.0,4.3
599,41627,3.5,0.0
122,55765,5.0,4.09
387,6530,4.0,0.0
574,185,2.0,3.09
517,914,4.5,4.11
421,2858,5.0,4.07
182,2391,4.5,3.89
385,610,3.0,3.53
380,90603,5.0,0.0
64,5816,3.5,3.67
219,39292,3.5,3.72
417,6874,5.0,3.97
45,88,4.0,3.29
438,1608,3.5,3.67
298,2918,3.0,4.05
64,6,4.5,4.13
428,3000,2.5,4.03
484,1644,3.0,2.18
43,23,5.0,3.04
57,1747,4.0,3.52
14,32,4.0,3.97
304,165,4.0,3.76
607,858,4.0,4.36
604,208,3.0,2.99
451,94,4.0,3.93
599,73,3.0,3.6
305,96610,2.5,3.92
253,66097,4.5,3.72
221,4681,4.0,3.68
560,54286,4.0,3.86
405,293,4.0,4.08
204,1653,5.0,4.02
414,68205,3.5,3.31
486,44,4.0,2.52
312,2011,4.0,3.53
19,2985,3.0,3.43
367,3784,5.0,2.33
333,1272,3.0,3.98
577,1931,4.0,0.0
590,7367,2.5,2.22
599,135456,3.5,0.0
182,5530,3.5,2.07
425,4306,4.0,4.07
391,1429,3.0,3.74
362,5784,4.0,2.26
483,3269,2.5,3.0
414,8869,2.5,3.49
425,1589,3.5,3.44
339,105504,4.5,4.44
382,2990,4.0,3.39
126,380,5.0,3.58
217,471,2.0,3.67
599,5816,3.0,3.65
469,1476,2.0,3.77
325,22,3.0,3.27
288,6012,3.0,2.31
448,131480,2.0,0.0
477,2294,4.0,3.41
226,1230,4.0,4.16
51,6323,4.5,3.67
562,99007,4.0,3.26
305,90405,3.0,3.76
313,2021,4.0,3.45
305,112852,4.5,4.52
226,4571,5.0,3.83
414,175569,4.0,4.19
462,96488,4.0,4.32
527,1035,5.0,4.04
3,7899,4.5,0.0
339,72011,4.5,3.74
448,5541,4.0,3.46
294,3506,2.0,3.01
520,7147,4.0,3.85
279,148626,3.5,3.94
210,89745,4.5,3.99
226,1247,4.0,4.15
266,223,4.0,3.99
419,778,5.0,4.12
91,1,4.0,4.15
53,748,5.0,2.96
249,90249,3.5,3.71
63,92535,5.0,4.69
438,1777,2.0,3.72
527,1287,4.0,4.06
420,54881,4.0,3.93
298,112552,3.5,4.4
60,58559,5.0,4.19
477,2115,4.0,3.84
474,3578,3.0,4.48
45,2105,3.0,3.4
82,6566,1.5,2.29
305,63992,3.0,2.78
561,111364,4.0,2.54
182,5218,3.5,4.0
430,1680,5.0,3.62
483,2762,3.5,4.17
68,6333,4.5,4.26
448,58803,4.0,3.77
202,920,4.0,3.8
414,6538,4.0,4.72
19,1500,2.0,3.78
117,193,2.0,2.56
68,2840,3.5,3.01
195,150,4.0,3.91
414,6337,4.0,2.99
610,117867,4.0,0.0
603,3418,4.0,3.86
525,5299,2.0,3.46
414,1704,5.0,4.73
17,592,4.5,3.54
372,1033,2.0,3.77
428,2723,3.5,3.04
198,780,2.0,3.54
331,3623,2.0,2.74
346,357,4.5,3.54
509,96110,3.0,3.67
181,382,3.0,3.34
282,6377,5.0,4.15
381,1917,3.0,3.17
552,6503,2.0,2.54
563,1270,3.5,4.03
155,2880,3.0,3.13
536,232,2.0,3.96
605,533,4.0,2.95
453,1873,3.0,3.94
318,2797,3.5,3.86
480,39414,3.5,3.16
380,54001,5.0,4.08
599,161032,2.5,0.0
312,5451,4.0,2.84
125,7361,4.5,4.35
371,1676,4.0,3.41
140,3198,4.0,3.88
456,64,3.0,2.18
274,4700,2.5,3.59
527,2135,4.0,3.99
232,8985,3.0,3.33
305,105355,2.5,0.0
462,1252,5.0,4.43
22,37733,2.5,3.63
104,858,1.5,4.37
153,4896,3.0,3.75
73,8961,4.0,4.0
489,1263,4.5,4.04
28,6884,3.5,0.0
68,1884,2.5,4.23
298,139642,2.0,3.14
596,3624,3.5,3.39
556,48394,4.0,3.85
274,2548,2.0,1.4
82,6006,3.0,2.57
298,91542,3.0,3.9
484,1753,5.0,3.77
448,91628,2.0,0.0
274,52435,3.5,3.32
448,1955,3.0,4.21
119,88163,4.0,4.19
484,594,5.0,3.64
610,61240,5.0,4.49
489,55269,2.5,3.67
339,56174,4.5,3.69
414,2028,5.0,4.82
89,3061,2.0,3.8
111,72998,2.0,3.84
195,5010,3.0,3.9
47,6765,3.0,3.64
119,47099,4.0,3.96
169,1136,5.0,4.23
288,48414,3.0,0.0
564,39,3.5,3.33
178,593,4.5,4.22
33,2087,3.0,3.52
40,82,5.0,3.41
573,69122,4.5,3.93
447,520,3.0,3.04
156,4734,3.0,3.17
387,54190,3.0,4.18
177,98154,4.5,4.65
372,1213,5.0,4.38
414,991,4.0,3.22
144,784,1.5,3.0
483,2394,4.5,3.53
590,3868,3.0,3.43
448,55995,2.0,2.99
226,6711,4.5,4.2
514,1330,2.0,1.25
45,2716,4.0,3.85
356,2918,5.0,3.99
298,784,1.5,3.15
603,648,2.0,3.72
452,4643,5.0,2.84
414,4215,2.0,0.0
603,2577,3.0,0.0
249,67734,2.5,3.91
144,4979,3.5,3.73
414,4345,3.0,4.92
599,1200,5.0,4.45
132,5620,2.0,3.1
226,5584,3.5,0.0
474,1374,4.0,3.89
177,1953,2.5,4.07
28,736,2.5,3.43
105,3275,4.5,4.36
414,635,3.0,0.0
219,33166,3.5,4.1
458,440,4.0,3.62
480,8376,4.0,3.2
387,6552,3.5,3.86
323,1320,3.0,3.2
10,33679,3.0,3.38
79,589,5.0,4.05
1,2492,4.0,2.7
432,84189,3.5,0.0
160,6538,3.0,4.12
132,5673,2.0,3.64
21,4718,4.5,3.21
477,2010,3.5,3.97
477,4571,4.0,3.86
249,129354,4.5,4.02
414,69406,1.5,4.07
381,1911,2.5,2.92
408,520,4.5,3.01
202,1395,3.0,3.37
19,880,2.0,2.92
210,51562,4.0,0.0
63,58559,5.0,4.4
474,25999,3.5,0.0
234,1566,5.0,3.54
100,5299,3.5,3.19
610,71745,4.0,2.95
232,43919,0.5,0.0
89,2997,3.0,4.06
527,4299,4.0,3.35
50,26422,3.0,3.26
282,134130,4.0,4.0
156,3100,3.0,4.05
82,1544,3.5,2.81
571,2513,5.0,2.54
154,86644,0.5,3.77
509,86332,3.5,3.85
180,1261,4.0,4.0
430,2699,3.0,2.91
411,327,1.0,3.02
301,8949,3.5,3.76
167,4333,3.0,3.11
352,41566,3.0,3.54
166,520,3.5,3.04
312,3024,3.0,2.57
336,1267,3.5,4.3
313,2366,2.0,3.85
188,1537,4.0,3.67
490,53125,2.0,3.54
292,1907,3.5,3.86
210,122916,4.5,3.96
590,1092,2.5,3.43
483,45722,3.5,3.7
462,2396,0.5,3.93
328,122886,2.5,3.89
599,3499,2.5,4.26
525,91869,3.5,0.0
462,2367,2.5,2.66
225,2791,4.0,3.88
202,924,5.0,4.01
19,558,2.0,3.11
263,2266,3.0,3.08
434,3948,3.5,3.63
307,9005,2.0,0.0
343,7981,5.0,4.31
7,6534,0.5,2.6
559,745,5.0,4.05
57,2005,3.0,3.77
460,48780,4.5,4.17
232,37380,2.0,2.53
480,923,5.0,4.04
318,37741,4.5,4.01
534,31878,4.5,3.76
181,596,3.0,3.46
62,5254,3.0,3.44
202,371,4.0,3.23
174,160,3.0,2.96
573,7482,4.0,4.15
63,4306,2.5,4.08
219,4446,4.0,3.51
202,3251,4.0,3.6
468,208,3.0,2.95
608,2003,2.5,3.47
288,1219,5.0,4.23
590,586,3.0,3.41
182,1464,4.5,3.4
489,7155,1.0,3.52
264,150,4.0,3.87
414,902,4.0,4.33
105,5878,3.5,4.03
596,58559,4.0,4.48
599,26539,3.0,0.0
489,1784,4.5,3.94
456,1073,3.0,3.92
66,555,3.5,3.97
372,1204,5.0,4.3
21,2700,2.5,4.01
232,5501,3.5,1.52
487,4973,3.0,4.32
572,2406,3.0,3.59
52,96079,3.0,3.87
219,434,3.0,3.22
599,3210,3.0,3.68
367,4489,4.0,3.27
199,3618,3.0,3.41
125,2843,4.0,4.05
68,60126,3.5,3.99
543,73881,5.0,0.0
111,56805,2.5,3.66
373,236,3.0,3.56
19,3797,3.0,0.0
480,27660,1.5,4.03
403,62081,3.5,2.9
212,1220,4.0,3.9
181,485,3.0,3.06
275,4066,3.0,3.4
414,5988,3.0,3.59
96,3555,3.0,3.49
414,51575,2.5,3.01
474,6157,3.0,2.69
474,5308,2.0,2.88
477,1005,2.5,2.0
230,780,3.0,3.56
195,165,2.0,3.68
23,58,3.0,4.04
217,692,1.0,1.76
561,45431,2.0,3.73
274,2617,3.5,3.4
111,2329,3.5,4.35
200,2006,4.0,3.25
68,5152,4.0,3.52
561,68358,4.0,4.29
301,356,4.0,4.22
503,4641,4.0,3.34
89,4728,3.0,3.21
432,81591,5.0,3.71
555,196,3.0,2.86
305,3916,4.0,3.92
82,595,3.0,3.9
185,3598,3.0,3.01
474,4886,3.0,4.41
608,2117,4.5,3.76
84,1103,4.0,4.14
469,32,5.0,4.07
602,555,3.0,3.82
233,60069,4.0,4.18
206,838,5.0,3.81
89,69469,5.0,0.0
101,3578,4.0,3.97
600,3821,1.0,2.46
242,329,3.0,3.44
217,785,2.0,3.64
448,26386,3.5,0.0
552,3252,3.5,3.7
365,2858,1.0,4.09
42,509,4.0,3.61
387,1997,4.0,4.11
596,60040,3.0,3.53
301,1644,0.5,2.18
221,608,5.0,4.27
391,497,4.0,3.94
387,697,1.5,0.0
221,7215,4.5,3.11
409,1394,4.0,4.1
529,733,5.0,3.7
483,27370,4.5,0.0
380,1717,2.0,3.34
64,185,3.0,3.36
17,3147,4.5,4.16
607,589,4.0,4.13
304,2858,2.0,4.09
482,2068,0.5,0.0
419,27704,5.0,0.0
200,3082,4.0,3.39
575,2580,4.0,3.91
580,2355,3.5,3.78
212,85414,2.5,3.66
514,5704,2.0,0.0
605,68554,3.5,3.19
448,86293,2.0,3.23
309,4432,4.0,4.2
599,3915,2.0,0.0
265,2105,4.0,3.39
509,34162,2.0,3.65
603,2731,5.0,4.06
414,2087,5.0,3.72
448,111795,3.0,0.0
307,4040,3.5,2.46
298,45722,2.5,3.66
387,5809,4.0,0.0
590,1210,4.5,4.44
274,4351,3.5,3.39
552,1073,4.5,3.99
197,592,5.0,3.5
563,70183,3.5,3.55
105,4728,3.5,3.26
10,106782,1.0,4.08
474,55071,4.0,0.0
474,39869,4.0,3.95
561,77561,3.0,3.87
122,70599,4.0,3.82
271,1320,3.5,3.2
608,54503,4.5,4.28
140,164,3.0,3.61
354,3994,3.0,3.65
534,85179,4.5,3.69
528,67255,4.0,3.99
420,6934,3.5,3.16
586,457,4.5,4.11
603,2420,2.0,3.93
104,6539,3.0,3.93
379,500,3.0,3.45
587,3404,5.0,3.56
182,4734,1.5,3.35
307,788,2.0,2.97
51,1407,0.5,3.39
393,1291,5.0,4.24
596,2384,3.0,2.79
583,4016,4.0,3.78
305,3499,4.0,4.04
264,5952,4.5,4.05
221,7311,3.5,0.0
45,4896,4.0,3.84
382,53464,3.5,2.57
586,111781,4.5,3.74
448,88163,3.5,4.65
534,1721,4.5,3.49
450,2924,5.0,4.15
593,1086,3.5,3.95
380,2860,2.0,2.89
382,86644,3.5,3.84
486,292,4.0,3.42
202,3707,3.0,2.8
232,919,4.0,3.86
555,372,4.0,2.86
6,637,4.0,3.53
367,4153,3.0,2.38
59,1580,3.0,3.52
220,1722,3.5,3.03
510,4993,2.5,4.19
543,4388,5.0,2.56
253,5902,5.0,3.94
325,4294,3.0,0.0
380,5690,4.0,4.61
64,4973,5.0,4.5
477,4641,4.0,3.32
380,105585,3.0,0.0
356,543,5.0,3.34
368,2535,3.0,2.51
352,66097,3.0,3.84
219,55020,4.5,0.0
140,6448,4.0,0.0
294,420,2.0,2.96
575,2506,4.0,2.51
105,3997,3.0,2.06
523,7361,5.0,4.24
474,4296,2.0,0.0
542,1206,4.0,4.18
525,110102,4.0,4.14
477,3552,5.0,3.93
177,3753,3.5,3.68
45,4022,5.0,3.85
216,2349,2.0,3.17
610,138210,3.5,2.91
51,1997,5.0,3.99
125,86721,5.0,0.0
247,4226,4.5,4.26
422,762,2.0,2.37
64,350,3.5,3.53
334,30850,3.5,3.84
52,73017,5.0,3.95
166,6157,2.5,2.75
318,45728,4.0,3.98
50,296,4.0,4.31
605,8373,2.0,2.19
195,161,4.0,3.7
249,149352,3.5,3.22
414,173209,4.0,0.0
599,79274,2.5,0.0
474,2194,4.0,4.47
448,4229,3.0,0.93
172,3793,3.5,3.73
462,72011,4.5,3.68
278,2144,3.5,3.67
247,1198,4.0,4.43
599,728,2.5,3.74
223,8360,4.0,3.65
57,736,2.0,3.53
610,2951,4.5,4.26
414,127108,5.0,4.29
111,179427,4.0,0.0
606,82,4.0,3.55
249,90531,4.5,4.51
534,70336,3.0,2.17
17,3949,4.5,3.91
520,49272,3.0,3.99
294,2268,3.0,3.88
239,1101,3.5,3.37
357,1358,2.5,4.2
106,69844,5.0,3.98
610,122884,3.0,0.0
448,2083,4.0,4.19
226,3450,4.0,3.38
50,1201,4.0,4.25
606,2001,0.5,3.29
603,2932,4.0,3.78
474,6852,3.5,4.35
599,1673,4.0,4.5
599,210,2.0,0.0
602,475,5.0,4.35
398,910,5.0,3.95
522,356,3.5,4.3
313,3081,4.0,3.5
381,1028,4.5,3.98
414,4815,3.0,3.16
352,1625,4.5,3.79
45,3270,1.0,2.73
195,3753,3.0,3.45
328,1997,2.0,4.0
356,35836,5.0,3.75
603,1721,3.0,3.55
100,1035,4.0,4.05
561,7310,3.5,0.0
474,342,3.5,3.64
586,54286,4.5,3.75
448,110553,2.5,2.87
304,2322,4.0,2.98
177,69122,4.0,4.12
327,4388,5.0,2.56
603,1228,5.0,4.4
234,126,2.0,1.98
298,1240,4.0,4.03
590,6565,3.5,3.93
580,924,3.5,3.99
105,85316,3.5,0.0
290,1208,5.0,4.29
68,3978,3.0,3.29
45,2302,3.0,3.41
41,57669,4.5,4.23
608,2126,4.0,2.74
470,788,3.0,2.7
509,6350,3.5,4.23
599,1719,3.5,4.2
370,592,4.0,3.52
135,3102,3.0,3.75
28,851,2.0,2.92
555,4080,3.0,0.0
280,4649,4.0,3.77
260,2010,4.0,3.92
317,1219,5.0,4.05
68,59725,2.5,3.23
68,46965,3.5,2.64
156,2396,4.0,4.03
274,8957,3.5,3.53
517,147378,1.0,3.68
247,7361,4.0,4.27
140,7155,3.0,3.47
474,7064,4.0,2.91
182,249,4.0,3.74
448,26409,1.0,0.0
435,34405,4.0,3.97
66,4041,4.5,3.39
356,2146,4.5,3.25
202,1394,4.0,4.18
356,8917,3.5,3.87
380,4085,4.0,3.61
414,166528,4.0,4.71
414,3794,3.0,0.0
352,3273,3.0,2.55
599,2292,2.5,0.0
68,112183,1.5,3.92
610,5617,4.0,4.35
414,139644,4.5,4.46
160,227,2.0,3.11
599,2140,3.0,3.87
186,788,4.0,2.79
599,2321,3.5,4.0
608,7324,4.0,3.4
41,5418,2.0,3.93
608,3257,2.5,3.09
106,40815,5.0,3.85
68,103249,3.5,3.26
105,58554,2.0,0.0
10,86548,3.0,0.0
307,2114,3.0,3.75
483,480,4.0,4.05
221,3671,4.5,4.01
599,627,2.5,4.03
387,923,4.5,4.17
327,8641,5.0,3.77
545,63540,2.0,2.23
288,3998,3.0,3.11
582,44191,3.5,3.91
452,1584,5.0,3.76
117,736,2.0,3.49
294,3667,1.0,0.0
318,2291,4.0,3.86
105,152081,4.5,4.37
304,135,4.0,3.02
91,1645,3.0,3.48
42,3448,5.0,3.88
414,32587,4.0,4.41
122,260,5.0,4.35
74,55363,4.0,4.38
328,1732,3.5,4.07
600,1246,2.5,4.33
64,27773,5.0,4.36
361,49272,4.0,3.97
174,333,4.0,3.73
200,45517,3.0,3.39
201,1097,5.0,3.88
296,31364,5.0,4.61
313,1274,5.0,3.75
500,471,1.0,3.68
18,593,4.5,4.45
606,6440,4.0,4.25
411,292,3.0,3.46
372,335,4.0,0.0
434,6365,2.0,3.44
73,35836,2.5,3.69
382,33836,2.0,2.28
432,35836,4.0,3.71
82,1573,4.0,3.52
414,5046,3.0,3.44
19,1373,1.0,2.54
221,2997,4.5,4.16
414,122904,4.0,4.82
62,45447,3.5,3.38
414,542,2.0,3.24
236,1387,5.0,4.13
564,4246,3.5,3.78
328,8360,3.0,3.66
453,3148,4.0,3.67
432,81562,3.5,4.04
339,1077,4.5,3.75
323,348,3.5,3.63
368,587,3.0,3.56
68,3635,4.0,3.56
203,40815,3.5,3.82
132,4993,4.5,4.28
139,6539,3.0,3.88
68,68554,3.0,3.74
19,1970,3.0,3.01
600,2340,3.5,3.28
294,153,3.0,3.03
232,6006,3.0,2.96
202,356,5.0,4.34
268,2178,4.0,0.0
68,3275,3.5,4.46
599,51931,3.0,3.88
249,64969,4.0,4.03
474,1959,4.0,4.04
602,11,3.0,3.8
50,176371,3.0,3.89
174,32,3.0,3.97
119,5810,3.0,3.35
88,26974,3.0,3.23
68,4720,3.0,4.13
477,5952,4.0,4.29
243,353,5.0,3.53
597,2423,2.0,3.88
352,1080,5.0,4.09
6,316,5.0,3.47
318,142456,3.5,0.0
597,2717,3.0,3.22
288,3060,4.0,4.03
217,1230,2.0,4.09
125,60072,4.0,3.15
368,303,1.0,3.01
43,271,5.0,3.35
83,7669,4.0,3.4
153,30707,2.5,3.92
153,177615,3.0,3.53
540,1196,5.0,4.24
328,1288,3.0,4.0
380,5171,3.0,3.33
356,1206,4.0,4.2
66,181,2.0,2.38
166,5418,4.5,3.97
474,3475,4.0,0.0
606,1293,4.0,3.92
141,2355,4.0,3.66
103,69844,1.5,4.06
610,128360,4.5,4.36
414,3788,3.5,3.74
116,5349,3.5,3.53
95,1196,5.0,4.32
288,2391,4.0,3.89
514,122926,4.0,4.23
318,79057,2.5,3.82
351,84152,3.5,4.07
256,112623,4.0,3.46
169,3,5.0,3.28
566,25,2.0,3.76
41,2268,2.5,3.83
326,89492,1.0,4.02
226,8464,3.5,3.66
274,2431,3.0,3.68
139,4865,1.5,3.82
328,2090,3.0,3.51
514,1079,4.0,4.05
176,485,3.0,3.04
372,1302,3.0,3.59
608,1396,4.0,3.52
594,2808,5.0,2.04
224,1554,1.0,2.67
282,1073,4.0,4.03
547,1394,5.0,4.05
602,22,3.0,3.27
610,82641,3.0,0.0
79,2406,4.0,3.54
602,508,3.0,3.71
603,163,5.0,3.76
42,4482,5.0,2.28
143,6619,5.0,2.78
359,480,4.0,3.76
317,3147,4.0,4.19
286,2959,5.0,4.32
153,4979,3.0,3.74
603,2174,4.0,3.56
603,4433,5.0,0.0
560,6218,3.5,3.45
274,67087,3.0,3.7
307,5524,2.5,2.92
249,74789,2.5,3.81
368,1590,2.0,3.02
135,4467,4.0,3.65
603,1358,4.0,4.28
235,39,3.0,3.32
566,151,4.0,3.55
64,2115,3.0,3.82
16,1196,3.0,4.26
139,3753,4.0,3.42
492,842,5.0,2.44
606,2313,4.0,4.11
427,5107,3.0,0.0
88,79132,4.5,4.21
307,3752,2.5,3.36
352,68791,3.5,3.35
95,162,5.0,4.14
582,5618,3.5,4.11
82,2380,3.0,2.49
42,2861,4.0,3.29
290,1345,3.0,3.4
273,586,1.0,3.06
610,7482,4.5,4.29
353,266,3.0,3.42
33,230,3.0,3.48
304,1183,3.0,3.79
16,296,3.0,4.29
603,2431,1.0,3.63
562,3578,3.5,4.12
66,7482,4.5,4.13
164,1036,5.0,3.88
305,88405,3.5,3.47
307,6548,3.0,3.12
267,3996,5.0,3.83
357,2291,4.0,3.79
144,1246,3.0,4.14
105,2329,4.0,4.44
282,1968,4.0,3.89
596,1372,3.5,3.41
241,7371,5.0,4.07
600,2797,4.0,3.95
89,128087,5.0,0.0
111,64839,4.0,3.85
148,4993,3.0,4.19
429,315,4.0,3.25
448,46974,2.0,2.73
357,1513,3.5,3.13
7,589,2.5,4.08
139,95510,2.5,3.33
377,33681,2.5,0.0
474,1006,3.5,3.54
292,81847,3.0,4.06
351,55577,3.5,3.3
226,840,3.0,3.25
187,7371,4.0,4.14
52,86892,5.0,4.17
68,54881,5.0,4.06
610,79592,3.0,3.81
488,5995,4.5,4.0
381,5630,2.0,3.57
202,523,3.0,0.0
525,8643,3.0,3.3
552,2501,3.5,3.85
59,647,4.0,3.56
534,6874,4.5,4.0
469,1876,4.0,3.18
174,300,2.0,3.42
561,3753,4.5,3.64
412,1276,5.0,4.35
606,18,4.0,3.94
249,1209,4.5,4.19
184,119145,5.0,4.06
57,3175,4.0,3.78
599,3440,2.5,2.25
599,6348,2.5,1.14
600,2907,3.0,4.37
51,33615,3.5,3.43
414,72378,2.0,3.26
484,261,4.0,3.95
577,1288,3.0,3.98
444,350,3.0,3.42
437,1242,5.0,4.15
298,109374,3.5,4.16
73,59258,4.5,3.4
489,5377,4.0,3.9
372,527,5.0,4.3
424,27020,3.5,3.36
15,2916,4.5,3.72
380,110501,4.0,4.36
221,913,4.5,4.16
414,4909,2.0,0.0
610,133802,4.0,0.0
16,2723,3.5,3.03
198,2571,5.0,4.32
104,6593,4.0,3.12
198,364,4.0,4.03
573,3578,3.5,4.21
89,143559,5.0,0.0
105,101962,4.0,0.0
274,58803,2.0,3.96
232,41769,2.5,0.0
346,1333,3.5,3.77
332,6365,3.0,3.43
298,81932,3.0,4.06
414,39444,3.5,4.33
524,1270,5.0,4.07
181,445,3.0,2.7
105,98491,4.0,4.64
528,91658,4.0,3.53
63,47,4.0,4.14
462,83827,5.0,0.0
391,3702,4.0,3.67
41,3160,4.0,3.73
97,2571,5.0,4.22
608,8464,3.5,3.75
198,3686,3.0,3.04
512,380,3.0,3.6
140,5945,3.0,3.53
606,1059,4.5,3.95
160,1270,5.0,4.13
200,5481,3.5,3.0
120,1210,5.0,4.16
376,1097,3.5,3.87
603,910,4.0,4.06
414,171765,4.0,0.0
434,5952,5.0,4.2
381,3254,3.0,3.52
448,8376,3.0,3.15
466,45722,4.5,3.62
84,350,4.0,3.5
351,90353,4.0,0.0
292,4321,3.0,3.55
534,87869,3.0,3.73
84,1388,3.0,2.27
99,165,5.0,3.65
182,3809,3.5,3.4
409,2109,5.0,3.4
223,2716,3.5,3.77
534,2080,3.5,3.56
291,118696,4.0,3.48
39,1617,2.0,4.05
89,69644,4.0,2.49
132,7323,3.0,3.96
538,158,4.5,2.88
57,1468,1.0,2.45
198,260,5.0,4.31
177,7222,2.5,0.0
415,86345,4.5,4.27
64,4489,4.5,3.38
63,3752,2.0,3.24
414,1840,4.0,3.92
438,5809,2.5,0.0
525,1033,3.0,3.88
177,355,2.0,2.63
462,81932,4.5,3.98
28,4251,2.0,0.0
600,39444,1.0,3.95
199,1055,1.0,0.0
305,296,5.0,4.39
332,608,4.0,4.24
438,3916,4.0,4.0
453,2671,4.0,3.61
298,71264,3.0,3.93
212,107314,3.5,0.0
295,858,4.5,4.35
64,3396,4.0,3.88
347,317,4.0,3.21
232,597,3.5,3.74
480,6764,1.5,3.48
27,736,3.0,3.42
599,8157,2.5,4.2
274,368,3.5,3.91
89,49013,3.5,0.0
362,2023,4.0,3.52
143,3526,3.0,3.75
460,2762,4.5,3.95
413,3916,5.0,3.68
606,6800,1.5,3.05
318,1260,4.0,3.67
425,1393,3.0,3.7
474,8955,3.0,0.0
24,4995,3.5,4.13
199,913,4.5,4.14
567,2731,3.5,4.04
339,68358,4.0,4.27
160,587,3.0,3.51
128,942,4.0,4.66
232,62155,4.0,3.57
423,4995,3.5,4.05
608,2002,3.0,3.04
109,52,3.0,3.59
500,2539,4.0,3.03
59,1210,3.0,4.2
599,5221,3.0,0.0
286,4226,4.5,4.19
217,2353,4.0,3.66
414,26704,4.0,0.0
597,2116,4.0,2.92
122,112852,4.0,4.33
596,5991,3.5,3.73
608,2918,4.0,4.13
10,136020,5.0,2.91
380,83134,5.0,4.22
539,4306,5.0,3.93
517,1997,1.0,3.98
610,158238,5.0,4.4
274,4247,3.0,2.47
262,296,3.0,4.23
191,224,4.0,3.62
19,1240,4.0,4.04
274,328,4.5,3.8
604,435,4.0,2.55
91,1276,3.0,4.45
28,52241,2.0,3.65
573,60040,4.0,3.48
57,442,2.0,3.15
599,139859,2.5,0.0
477,72224,3.5,0.0
103,4002,4.5,3.86
480,3618,5.0,3.39
483,920,1.5,3.75
167,1080,3.5,4.1
137,30749,4.0,3.91
387,2717,3.0,3.25
512,454,4.0,3.62
417,356,4.0,4.23
28,6502,3.0,4.2
498,380,3.0,3.58
160,1385,1.0,3.14
50,27773,3.0,4.19
555,3698,5.0,3.29
298,4247,3.0,2.35
509,91542,3.5,3.88
182,1827,2.5,4.08
504,6565,4.5,3.7
597,1290,3.0,3.56
600,7153,5.0,4.27
571,1976,3.0,2.12
600,1923,3.0,3.89
326,2571,3.5,4.29
64,736,3.5,3.55
298,7460,3.5,3.59
387,4211,4.0,4.0
365,4995,4.0,4.17
599,458,2.0,0.0
68,350,3.5,3.75
434,33794,4.5,3.98
82,6537,4.5,3.12
477,61323,4.5,3.63
305,88140,3.0,3.94
489,8874,4.5,4.27
341,4447,4.0,3.19
380,3793,5.0,4.22
607,448,4.0,3.51
68,45950,3.5,4.06
424,2571,2.0,4.27
387,2206,3.5,3.8
156,3114,3.5,3.95
181,371,4.0,3.21
105,8957,4.0,3.41
374,1350,5.0,3.78
464,1835,4.0,3.37
288,27618,2.0,0.0
449,50,4.5,4.25
249,608,4.5,4.45
352,3355,4.0,3.14
274,4022,3.0,4.11
6,210,4.0,0.0
314,357,4.0,3.54
44,833,2.0,1.85
68,2993,4.0,3.63
182,8581,4.5,3.73
186,2710,3.0,2.88
210,589,4.0,4.04
414,104374,4.0,4.65
489,1967,3.5,4.02
33,1641,5.0,3.86
70,1270,4.0,4.05
603,3007,3.0,4.01
571,1334,2.0,3.02
372,1227,3.0,4.06
509,8861,2.0,3.33
395,377,3.0,3.61
404,539,4.0,3.55
274,60684,4.0,4.2
425,1573,3.0,3.56
98,1207,4.0,4.19
28,34405,4.5,3.94
263,7153,4.5,4.2
474,6936,4.0,4.14
599,27773,4.0,4.44
480,480,5.0,4.04
586,8368,5.0,3.93
399,8961,3.5,3.88
1,2048,5.0,3.46
492,1499,5.0,1.67
422,2841,3.0,3.59
256,71535,4.5,3.93
274,3082,3.0,3.66
414,5324,2.0,0.0
109,165,3.0,3.66
10,8969,3.5,3.1
70,7361,4.5,4.23
387,931,4.0,3.87
560,30707,3.0,3.99
497,1704,3.0,4.07
83,1960,3.5,3.68
249,82854,2.5,1.85
599,2797,3.5,4.03
265,531,3.0,3.26
232,783,2.0,3.41
294,1049,3.0,3.57
182,6881,4.0,3.03
476,377,3.0,3.62
132,2567,2.0,3.03
561,59784,3.5,3.75
19,2450,2.0,2.89
534,94777,3.5,3.74
414,34072,4.0,4.08
431,435,0.5,2.47
118,858,5.0,4.33
368,2194,3.0,4.07
448,104211,2.5,4.52
210,485,3.5,3.05
292,4386,3.0,2.73
99,380,5.0,3.58
263,593,5.0,4.27
325,3698,2.0,3.19
345,27751,5.0,0.0
256,117887,4.0,4.03
246,6942,5.0,3.77
382,4896,4.5,3.85
565,588,3.0,3.85
177,31685,2.5,3.44
393,3996,3.5,3.89
608,364,3.5,4.23
354,5459,3.0,2.97
596,1644,2.5,2.22
202,2001,4.0,3.32
561,8798,3.0,4.01
294,539,3.0,3.56
470,736,4.0,3.44
177,1499,2.0,1.66
474,6291,4.0,0.0
24,2916,3.5,3.71
7,8636,4.5,3.88
477,32029,3.0,2.99
603,417,3.0,3.76
68,2470,3.5,3.37
487,94959,2.5,4.07
525,93721,4.5,4.29
380,152173,4.0,0.0
109,366,3.0,3.17
606,1124,3.5,3.9
483,2593,3.0,3.43
555,743,1.0,2.73
567,113705,3.5,0.0
249,70336,3.0,2.35
601,1262,4.5,4.21
226,2081,2.5,3.61
198,1089,5.0,4.34
255,588,2.0,3.84
227,134130,4.5,3.99
226,500,3.5,3.62
559,494,3.0,3.48
288,2788,4.0,4.43
414,2294,4.0,3.77
305,75813,3.5,0.0
511,99114,4.0,4.03
233,4866,1.0,3.01
414,4267,3.0,3.42
424,107348,3.0,3.43
590,2115,3.5,3.92
14,7,3.0,3.14
380,837,4.0,3.59
282,139385,4.5,3.91
57,2770,4.0,2.86
57,1226,4.0,3.58
78,2716,4.5,3.77
82,7325,4.0,3.33
606,6890,4.0,3.32
239,2706,4.0,3.53
471,8874,3.5,4.05
350,788,3.0,2.66
232,30894,2.0,2.27
83,480,3.0,3.78
160,1627,5.0,3.09
414,6093,4.5,0.0
472,1193,4.5,4.2
1,2797,4.0,3.84
448,5952,4.0,4.41
428,3328,2.0,4.09
599,5508,3.0,3.36
307,44004,2.0,3.54
111,87529,5.0,3.33
305,7439,5.0,3.58
580,337,4.0,3.93
606,6573,4.0,0.0
50,103335,1.5,3.75
288,2134,3.0,3.38
196,1527,3.0,3.72
247,3578,4.0,4.08
438,2194,4.5,4.07
414,4595,3.5,0.0
307,203,2.5,3.68
307,45501,2.5,2.3
181,293,3.0,4.07
367,2108,2.0,3.63
304,1377,2.0,3.08
396,293,5.0,4.06
411,1,5.0,3.97
139,3827,3.5,2.95
139,106489,4.0,3.47
356,203,3.5,3.57
50,2019,4.0,4.23
298,50912,2.5,3.17
288,3448,3.5,3.97
274,3608,4.0,2.92
155,1883,4.0,3.23
181,587,5.0,3.48
113,1645,1.0,3.4
318,7151,3.5,3.57
136,267,4.0,2.94
307,7324,3.0,3.38
175,5410,0.5,0.0
160,1277,5.0,3.79
428,5900,2.0,3.0
156,47,3.5,4.08
187,4226,4.0,4.24
354,2321,4.0,3.62
168,750,5.0,4.36
111,53121,2.0,3.15
488,1198,3.5,4.32
270,648,3.0,3.57
113,39,3.0,3.33
427,1208,5.0,4.19
509,65261,3.5,4.29
500,2078,3.0,3.88
156,1225,4.5,4.32
274,4855,3.5,4.45
232,45950,3.0,3.94
152,904,4.0,4.31
293,1673,4.0,4.15
448,428,3.0,4.21
448,1079,5.0,4.31
286,1912,3.0,3.96
305,53519,4.5,3.56
253,3536,3.5,3.46
303,2683,3.0,3.21
522,56367,2.0,3.84
275,3578,4.0,4.11
588,766,3.0,3.62
603,1129,4.0,3.59
21,10,5.0,3.6
410,3608,4.0,2.82
387,1921,3.5,4.07
480,223,1.5,4.09
599,181,1.0,2.67
448,1604,3.0,0.0
380,71535,3.0,4.14
28,8493,3.0,3.69
474,49220,3.5,2.39
414,41527,4.0,0.0
28,61350,3.5,1.85
590,54001,4.0,3.91
489,586,1.5,3.3
6,848,4.0,3.0
129,1676,5.0,3.43
474,5353,3.0,0.0
111,5874,4.0,2.15
279,5378,1.0,3.29
84,46,3.0,3.73
452,3101,5.0,3.17
414,5072,4.0,4.71
199,1262,5.0,4.27
247,1682,5.0,3.89
388,86298,4.0,3.02
455,500,3.0,3.47
19,2387,3.0,3.39
178,4718,2.5,3.09
525,70286,4.0,4.18
448,88356,2.0,2.56
80,53972,4.0,3.69
504,1968,4.0,3.79
28,6993,1.5,3.98
18,40819,4.0,3.91
608,7158,3.5,3.77
212,93510,4.0,4.07
171,1148,5.0,4.04
82,34,2.0,3.64
282,1954,4.0,3.98
596,6934,4.0,3.23
91,1092,4.5,3.42
274,4040,3.0,2.52
111,61323,2.5,3.68
136,23,5.0,3.03
599,1221,4.0,4.55
370,1676,3.5,3.41
195,111,2.0,4.23
301,454,4.0,3.61
286,1407,3.0,3.33
566,364,2.0,4.01
599,3408,2.5,3.83
480,33669,2.5,3.34
298,106491,1.0,3.16
474,5971,4.0,4.08
448,3448,4.0,4.06
18,58559,4.0,4.53
114,106782,4.5,4.05
369,2126,3.0,2.64
141,48385,2.5,3.43
464,5026,5.0,3.85
391,4975,2.0,3.57
462,3037,5.0,4.22
476,454,4.0,3.64
247,5349,2.0,3.61
132,4239,2.5,3.89
79,3104,5.0,3.55
599,108090,3.5,0.0
555,3525,4.0,3.19
305,353,4.5,3.71
200,33794,4.0,3.99
219,1580,3.0,3.73
469,2527,3.0,3.72
69,2762,5.0,3.91
368,1722,3.0,3.11
232,7169,2.5,4.09
280,597,4.0,3.64
573,457,4.5,4.16
140,3861,2.0,2.8
219,2028,4.5,4.36
332,26131,4.5,4.14
474,1246,4.5,4.58
552,1201,4.0,4.24
318,4776,4.0,4.01
232,761,2.5,2.87
101,3394,1.0,2.8
93,2094,4.0,3.31
555,65,3.0,2.84
290,475,4.0,4.39
21,1573,2.5,3.52
156,898,5.0,4.47
469,2143,4.0,3.03
274,60040,3.5,3.77
177,2671,3.5,3.89
606,30749,3.5,4.04
610,93819,3.5,0.0
448,133365,2.0,0.0
369,60069,3.5,4.13
562,6870,5.0,3.8
425,45431,3.5,3.6
274,1197,4.0,4.5
606,2193,2.5,3.4
89,142831,4.5,0.0
232,51412,3.0,3.25
95,5445,4.0,3.74
32,996,3.0,2.5
66,1240,4.0,3.97
83,8622,2.0,3.53
28,43921,3.0,3.39
74,1209,4.0,4.11
50,101072,2.5,0.0
248,122916,3.5,3.94
606,5218,4.5,4.04
223,1285,3.0,3.87
414,6563,2.5,0.0
261,1682,4.5,3.84
89,119141,2.5,3.52
414,7340,2.0,2.96
207,3264,0.5,2.45
322,586,3.5,3.09
599,137218,2.5,0.0
294,1582,1.0,0.0
368,1653,3.0,4.05
434,5445,3.0,3.79
483,79132,5.0,4.56
68,2340,3.5,3.29
41,2115,2.0,3.68
182,1365,4.0,3.54
45,6333,5.0,3.89
477,1214,4.5,4.16
448,1954,4.0,4.35
381,6503,3.0,2.66
428,5055,3.5,2.73
274,575,3.0,2.82
495,5449,4.0,3.0
448,47810,1.0,1.24
603,1484,4.0,0.0
483,489,3.0,0.0
181,1084,3.0,4.13
318,62208,4.5,0.0
475,592,5.0,3.54
216,3521,2.0,3.7
66,4591,3.5,2.97
474,2182,4.0,0.0
305,1704,4.0,4.33
305,113573,4.0,0.0
109,62,5.0,3.7
408,79132,3.5,4.3
122,5171,3.5,3.1
414,2279,2.0,2.6
177,64620,3.5,4.1
495,551,3.5,3.56
200,1220,4.5,3.91
416,4967,4.0,4.33
474,3836,2.5,4.35
102,592,3.0,3.51
391,242,4.0,0.0
182,1291,3.5,4.37
610,63768,3.0,0.0
230,52973,3.0,3.82
240,367,4.0,3.3
42,361,3.0,3.18
492,1049,5.0,3.51
304,1466,5.0,3.78
380,34319,3.0,3.64
560,32,3.5,4.16
600,837,3.5,3.5
368,3716,1.0,0.0
522,72998,1.0,3.75
603,1916,5.0,3.31
414,3360,5.0,3.97
453,1777,3.0,3.69
73,74647,1.0,0.0
307,8011,4.0,0.0
609,329,3.0,3.43
326,81932,3.0,3.93
85,1641,5.0,3.82
514,59369,4.0,3.69
477,2628,4.0,3.32
590,3439,2.5,2.71
29,3578,5.0,4.0
314,553,3.0,3.88
279,109487,5.0,4.08
604,380,3.0,3.6
177,480,3.5,4.07
199,2067,4.0,4.28
100,2245,4.5,3.17
248,6365,3.5,3.34
64,5218,3.5,3.91
587,141,4.0,3.6
490,1499,2.0,1.66
51,4018,3.0,3.22
450,908,4.0,4.21
260,2122,3.5,1.98
391,1952,5.0,3.88
307,6586,2.0,3.34
593,6711,2.0,4.12
66,272,3.5,3.89
474,1544,1.0,2.92
514,81932,4.0,3.98
232,30793,3.5,3.16
425,4720,3.5,3.71
199,492,2.0,3.99
45,4369,5.0,3.23
503,1036,4.5,3.88
213,4558,3.0,2.42
219,5159,1.5,3.55
567,150254,2.0,0.0
590,431,4.0,3.87
135,1597,4.0,3.16
182,6188,3.0,3.59
541,281,3.0,3.89
599,5993,2.5,2.61
180,2571,3.5,4.2
14,539,4.0,3.53
330,2657,5.0,3.42
33,110,5.0,4.09
217,3430,2.0,3.56
448,367,3.0,3.54
377,344,3.0,3.07
462,86882,2.5,3.75
312,2716,4.0,3.81
564,47518,4.0,2.94
436,361,3.0,3.16
357,49530,4.0,3.89
580,2186,0.5,4.15
59,2763,5.0,3.58
256,102445,4.0,3.93
601,1,4.0,3.99
64,4310,3.0,2.94
509,112852,4.0,4.39
290,918,5.0,3.87
414,53894,3.5,4.61
51,7160,5.0,3.34
230,153,3.5,2.97
380,27822,4.0,2.53
239,2353,3.5,3.6
182,1608,2.5,3.74
221,1293,4.0,3.83
57,1282,4.0,3.78
523,6539,4.5,3.85
219,2580,4.5,4.08
239,2478,3.0,3.18
599,5541,3.0,3.57
483,2193,4.5,3.49
489,1259,3.5,4.17
142,296,5.0,4.24
89,132584,3.5,0.0
448,44665,3.5,3.95
282,80906,4.5,4.55
602,280,3.0,4.32
599,95510,3.0,3.62
274,3438,3.0,2.84
103,78499,3.0,4.46
599,2877,2.0,3.29
480,4247,4.0,2.34
156,945,5.0,3.96
249,59014,0.5,0.0
351,6874,3.0,3.96
182,41,4.5,3.96
105,4865,4.0,3.98
105,122882,4.0,3.99
338,189043,2.5,0.0
533,2571,5.0,4.23
563,69122,2.5,3.77
65,318,4.0,4.5
588,288,3.0,3.23
10,8529,3.5,3.33
233,174055,2.5,3.57
516,457,4.0,4.02
209,2028,4.0,4.15
458,1073,2.0,3.93
610,4369,3.0,3.6
384,2355,4.0,3.56
437,318,5.0,4.52
474,4808,2.0,3.18
112,36,0.5,3.86
590,2991,3.0,3.84
610,4902,4.0,2.62
260,1219,4.0,4.04
20,4161,3.5,3.6
290,858,5.0,4.48
599,93838,3.0,4.98
505,1241,5.0,4.24
483,62956,4.0,3.39
187,4641,4.5,3.33
356,2248,4.5,3.94
552,329,3.5,3.44
83,48394,3.5,3.86
28,1209,3.0,4.14
19,1047,3.0,3.41
509,231,2.5,3.15
458,261,3.0,3.95
312,3499,4.0,3.96
57,1513,4.0,3.05
448,49272,4.5,4.35
464,6934,4.0,3.19
357,1407,3.5,3.43
340,356,3.0,4.19
42,1245,5.0,4.31
391,4936,3.0,3.6
219,54997,5.0,4.01
177,37729,2.5,3.78
391,3260,4.0,4.17
47,356,4.5,4.21
268,2349,5.0,3.14
68,74789,4.0,3.65
441,98809,3.5,3.78
290,2013,4.0,3.04
438,6549,3.5,3.54
357,80489,4.5,3.91
28,3683,2.5,4.02
610,57421,4.0,0.0
220,34,4.5,3.68
428,2054,0.5,2.85
298,3785,2.0,2.97
182,4361,4.0,3.6
103,1028,4.0,3.96
450,1544,4.0,2.73
380,5010,4.0,4.22
603,4380,3.0,4.19
489,1204,3.0,4.43
610,68358,4.0,4.76
448,73015,2.0,3.51
462,1343,3.5,3.86
192,315,4.0,3.13
221,1834,4.5,4.05
610,134393,3.5,3.85
221,1923,4.0,3.78
132,6942,4.5,3.8
474,901,2.0,4.22
408,4701,4.0,3.22
50,1291,3.0,4.18
139,33794,3.0,3.9
382,4700,3.5,3.26
325,194,5.0,3.62
89,112138,3.0,3.94
417,2762,4.5,3.97
202,2150,5.0,3.96
244,2716,5.0,3.77
414,1997,4.0,4.25
479,4111,3.0,0.0
599,505,1.0,2.99
202,3006,4.0,3.86
596,2890,3.0,3.83
36,1376,2.0,3.5
274,1604,3.0,0.0
181,707,3.0,2.81
64,25,3.5,3.93
462,4361,2.5,3.48
414,6299,4.0,4.3
597,1193,5.0,4.39
489,7293,4.0,3.68
52,48738,4.5,3.95
569,380,3.0,3.56
51,1196,5.0,4.31
357,1378,3.0,3.12
82,344,3.5,3.09
290,2268,4.0,3.85
159,1088,4.0,3.48
534,59900,4.0,3.42
590,5816,3.5,3.7
58,736,3.0,3.46
312,5991,4.0,3.66
139,5418,2.5,3.93
80,63113,4.5,3.48
105,4878,5.0,4.26
232,4816,4.0,3.58
268,1047,4.0,3.32
122,1682,5.0,4.01
211,1246,4.5,4.12
339,89745,3.0,4.1
182,1447,4.0,3.54
414,4520,2.5,3.06
132,2324,4.0,4.27
604,316,4.0,3.37
222,485,2.5,3.08
232,39231,3.0,3.59
457,3072,4.0,3.56
317,47,5.0,4.13
156,2019,5.0,4.31
313,1690,1.0,3.1
294,610,4.0,3.58
357,66097,4.0,3.91
17,1032,4.5,3.32
380,72167,4.0,3.41
146,3686,4.0,3.0
288,1090,4.5,4.2
166,8665,5.0,3.97
495,140523,3.5,0.0
450,2858,4.0,4.07
567,89774,2.5,3.88
84,1173,3.0,3.4
232,8361,3.5,3.44
573,67087,4.0,3.66
307,58156,3.0,3.15
561,551,3.5,3.6
4,2467,4.0,3.88
274,542,3.5,3.21
82,1201,3.0,4.22
469,919,4.0,3.98
474,3844,2.5,3.39
307,3004,2.0,3.03
68,1234,3.5,4.41
203,2947,3.0,3.91
387,2302,2.5,3.52
474,33903,3.5,4.11
177,6942,5.0,3.98
307,2541,2.0,3.37
603,1711,1.0,3.37
199,1784,1.0,3.86
538,58559,4.5,4.2
182,2135,1.5,4.27
451,5,3.0,2.97
312,1278,4.0,3.98
610,105801,3.0,0.0
532,4262,4.0,3.9
561,33679,1.0,3.57
50,102407,2.5,3.45
44,786,2.0,3.28
132,30793,3.5,2.98
1,3578,5.0,4.1
66,21,4.0,3.56
307,4359,3.0,3.75
111,1676,2.0,3.42
590,30793,3.0,2.99
414,4903,4.0,3.81
140,6461,4.5,3.99
520,1732,3.5,4.07
182,1247,3.5,4.21
100,899,4.5,4.03
52,57528,3.0,3.47
160,1100,1.0,3.02
456,708,3.0,3.34
606,2232,4.0,3.52
599,3968,2.5,3.21
477,252,4.0,3.66
203,349,4.0,3.71
448,74532,1.5,3.54
339,97752,4.0,3.76
169,1288,4.0,4.05
534,79695,4.0,3.18
220,32,4.5,4.04
89,121781,5.0,0.0
380,30707,5.0,3.97
555,3497,3.0,2.37
216,4020,3.0,3.11
600,1230,5.0,4.18
376,10,4.5,3.52
462,8042,5.0,3.94
232,7258,3.0,2.35
226,44195,4.5,4.09
51,4591,3.0,2.98
45,261,3.0,4.06
7,2671,4.5,3.49
380,1583,3.0,0.0
474,5619,4.0,0.0
357,3114,5.0,3.98
182,2551,4.5,3.56
122,119145,4.5,4.16
414,6303,3.0,4.18
432,2712,3.5,3.44
589,1097,4.0,3.81
570,293,3.5,4.14
203,4886,4.0,3.92
166,1240,3.0,3.91
592,533,4.0,2.93
560,130576,2.0,2.74
391,2232,4.0,3.45
409,2492,4.0,2.62
51,934,1.0,3.82
599,41716,2.5,3.3
314,474,3.0,3.85
45,3421,4.0,3.85
247,5618,3.5,4.19
597,588,4.0,4.05
469,196,2.0,2.77
290,3260,4.0,4.1
476,252,4.0,3.54
387,5974,3.0,0.0
51,1845,5.0,4.14
380,8528,3.0,4.28
428,4223,3.0,3.68
307,7371,3.5,4.36
75,8961,4.0,3.86
249,91974,3.5,3.97
525,223,3.5,4.03
437,1291,4.0,4.19
351,40412,4.5,0.0
594,4794,0.5,4.28
483,52973,2.5,4.02
341,69122,2.5,3.73
419,4310,4.5,2.81
414,2428,2.0,2.7
42,784,2.0,3.08
103,33493,2.0,3.68
113,260,4.0,4.21
68,58559,5.0,4.72
590,1272,4.5,4.29
414,3948,3.0,4.22
260,6773,5.0,3.61
419,85394,3.0,0.0
263,7458,3.0,3.34
483,26444,4.5,0.0
599,112,5.0,3.69
603,2968,2.0,3.93
43,29,5.0,4.06
219,2993,2.5,3.54
1,2991,5.0,3.84
317,104879,5.0,4.16
462,127136,4.0,0.0
453,2558,4.0,2.2
448,700,3.0,3.49
205,95167,4.0,3.43
387,7346,3.0,3.29
357,596,4.0,3.58
91,1376,3.5,3.53
369,3638,3.0,3.08
180,2641,3.5,3.1
536,368,4.0,3.51
111,162478,4.5,3.42
227,296,4.5,4.27
222,2378,3.5,3.17
318,208,3.5,3.08
147,163,4.5,3.55
372,538,3.0,3.84
11,1616,3.0,3.18
380,3175,5.0,3.97
405,1252,3.5,4.3
307,1207,3.0,4.36
554,2497,3.0,2.64
477,54503,5.0,4.24
140,4848,4.0,3.74
603,1179,5.0,3.95
325,1614,2.0,2.82
217,2762,4.0,4.0
234,888,3.0,1.78
89,37384,2.5,3.48
394,454,2.0,3.59
188,1951,5.0,3.38
105,4823,3.5,3.09
112,3147,5.0,4.13
68,2915,3.5,3.72
4,21,3.0,3.6
391,5541,3.0,3.3
202,3740,4.0,3.98
610,91660,3.0,0.0
584,292,5.0,3.48
343,50872,3.5,3.95
38,457,5.0,4.07
105,5152,4.5,3.4
402,788,3.0,2.68
603,2074,4.0,3.62
221,3996,4.5,3.95
74,1617,4.5,4.07
606,3289,4.5,0.0
326,57669,4.5,4.18
21,135133,3.5,4.2
560,2761,3.5,4.2
256,117176,4.5,3.93
222,466,3.5,2.95
6,450,4.0,2.95
365,138210,1.5,3.15
482,1374,5.0,3.71
436,380,3.0,3.61
446,339,3.0,3.6
326,2338,2.0,2.22
44,494,4.0,3.43
18,923,5.0,4.02
380,6659,5.0,3.95
604,332,3.0,2.83
391,4967,3.0,4.36
414,6306,4.0,4.69
448,919,4.0,3.89
44,785,3.0,3.49
45,2485,4.0,3.11
226,56757,4.0,3.82
125,136864,2.5,2.45
232,3624,3.0,3.59
477,1358,4.0,4.2
42,4349,4.0,3.74
354,34319,4.5,3.56
573,6378,4.0,3.78
354,3471,2.0,3.97
391,858,5.0,4.5
514,2011,2.0,3.63
359,593,4.5,4.2
19,208,2.0,3.05
307,5418,3.5,4.06
591,3114,5.0,3.84
18,168252,4.0,4.55
307,4776,4.0,3.97
380,187593,3.0,4.75
608,2997,2.0,4.14
369,541,2.5,4.14
140,4161,4.0,3.6
199,2427,3.0,3.3
36,4220,2.0,3.76
214,17,3.0,3.78
474,2076,4.0,4.28
186,915,4.0,3.89
352,924,4.0,3.95
202,2414,4.0,3.24
605,37733,2.0,3.66
219,66297,4.0,3.26
219,4226,5.0,4.35
482,1923,4.0,3.71
489,3471,3.5,4.04
594,4823,5.0,3.0
68,5400,3.5,3.11
600,3911,4.5,3.75
517,56775,2.0,3.1
228,318,4.0,4.47
567,136016,1.0,3.61
22,8784,2.0,3.81
414,48516,4.5,5.38
314,588,3.0,3.92
221,26375,4.0,3.63
610,2976,4.0,3.37
189,318,4.0,4.47
551,377,4.0,3.64
482,6754,4.0,3.46
307,3843,1.0,2.82
105,93790,4.0,0.0
610,55995,3.0,3.05
509,59315,3.0,4.07
42,2263,4.0,2.55
96,3499,2.0,3.9
552,1617,4.5,4.04
606,648,2.5,3.78
288,2872,3.0,3.91
398,8641,1.5,3.79
365,86293,4.0,3.06
119,4370,3.5,3.41
477,2746,3.5,3.46
288,1375,3.5,3.48
555,2174,4.0,3.55
226,4247,3.0,2.26
356,168,3.0,3.19
599,2976,3.5,3.62
354,2455,3.5,3.56
336,34162,4.0,3.56
226,8981,4.0,3.75
443,91500,5.0,3.46
403,2502,4.5,4.16
477,3100,3.5,4.11
36,5464,1.5,3.61
64,6155,0.5,3.34
167,2710,1.0,2.88
8,39,3.0,3.31
560,93510,3.0,4.15
599,2231,3.0,4.05
584,434,5.0,3.14
95,589,4.0,4.12
522,67255,4.0,4.04
4,2858,5.0,4.08
474,4902,4.0,2.44
608,3988,3.5,3.26
599,44,2.5,2.82
455,111,3.0,4.17
474,7357,3.5,0.0
304,1028,4.0,3.91
438,3300,3.5,3.86
50,72378,1.0,2.77
372,356,3.0,4.29
448,5573,2.5,2.43
239,8984,4.0,3.26
216,3504,5.0,4.04
514,158830,2.5,0.0
419,2329,4.5,4.28
249,8529,3.5,3.68
425,2762,3.5,4.09
234,2140,4.0,3.57
84,1263,4.0,4.05
68,3553,2.0,2.49
256,6947,4.0,3.6
28,51540,2.0,4.06
234,1826,2.0,0.0
51,3799,0.5,1.89
465,2941,4.0,3.79
292,97470,1.0,0.0
19,1064,2.0,3.49
480,6615,2.0,2.65
28,31225,3.0,3.26
42,413,2.0,2.92
490,7361,4.0,4.26
514,1278,4.0,4.01
511,164179,4.0,3.97
304,1610,5.0,3.89
160,47,5.0,4.14
521,52,4.0,3.56
600,262,3.0,4.08
482,2688,3.5,3.12
376,2762,4.0,3.97
584,442,5.0,3.14
456,736,3.0,3.39
474,4644,3.0,4.12
298,91128,2.5,3.95
265,436,2.0,2.83
292,780,4.5,3.71
428,2716,2.0,3.81
284,367,5.0,3.26
263,1610,4.0,3.88
384,1206,3.0,4.14
153,44191,4.0,3.92
357,4034,3.5,4.1
238,1272,5.0,3.99
437,79,2.0,2.8
280,3755,4.5,3.15
45,934,3.0,3.87
414,2282,3.0,3.25
305,223,4.0,4.06
465,3654,4.0,3.83
599,87960,3.0,0.0
339,115210,4.0,3.93
600,2706,1.5,3.6
599,3190,2.0,0.0
596,8961,4.0,4.08
121,454,3.0,3.61
276,631,3.0,3.27
28,592,2.5,3.57
313,2028,5.0,4.28
50,3949,3.0,3.9
198,1252,4.0,4.33
607,112,2.0,3.51
177,54190,3.0,4.28
395,367,4.0,3.24
307,2716,3.0,3.89
387,3765,3.0,0.0
27,1200,1.0,3.99
500,2081,3.0,3.45
182,7076,4.0,3.33
584,339,4.0,3.68
434,260,5.0,4.37
307,1992,3.0,2.39
28,3499,3.0,3.94
474,3524,2.0,3.06
66,3029,3.5,3.48
57,3471,5.0,4.06
401,31658,3.5,4.12
202,2100,4.0,3.28
610,95088,4.0,4.29
414,4617,5.0,0.0
166,2716,3.5,3.84
279,6664,3.0,3.26
522,84152,3.5,4.05
391,2762,2.0,4.04
542,45517,4.5,3.36
438,1061,4.5,3.74
160,2078,4.0,3.94
52,50794,4.5,2.93
182,2728,4.0,3.64
606,953,4.0,4.31
567,1,3.5,4.0
99,337,5.0,3.84
474,6041,4.0,3.88
287,4954,1.5,3.75
438,5378,3.5,3.49
166,46530,5.0,3.0
414,6883,3.0,0.0
176,592,3.0,3.49
480,4033,4.0,3.8
287,671,4.0,3.39
232,79293,4.0,3.02
19,293,4.0,4.18
105,4015,3.5,3.05
495,106100,5.0,4.0
509,93988,4.5,0.0
144,8873,5.0,3.8
573,51935,4.5,4.03
249,34405,5.0,4.01
230,8961,3.0,3.91
210,122906,4.5,3.81
474,44199,3.5,4.3
339,90439,3.0,3.86
603,97,4.0,4.07
239,4878,4.0,4.11
414,1090,5.0,4.49
108,3978,4.0,3.03
7,6365,4.0,3.38
177,262,4.0,4.1
220,165,4.0,3.75
567,92234,1.5,0.0
509,783,3.0,3.41
409,1136,5.0,4.19
417,1206,5.0,4.17
385,1031,3.0,3.48
380,2948,5.0,3.93
381,3996,3.0,3.97
226,5349,4.0,3.68
250,4921,5.0,3.75
307,7321,2.0,0.0
474,1834,4.0,4.5
18,53996,3.0,3.54
343,7153,4.5,4.17
279,1196,5.0,4.33
453,165,5.0,3.82
585,1895,4.0,3.27
610,6296,4.5,3.79
428,2167,2.0,3.58
19,12,1.0,2.92
489,431,2.5,3.86
334,2571,4.0,4.3
534,4366,4.5,3.59
247,899,5.0,4.06
413,527,5.0,4.25
517,3269,2.0,2.88
249,122916,4.5,4.47
489,53993,2.5,2.55
64,3386,4.5,3.56
477,4270,0.5,3.27
430,5902,5.0,3.94
140,4886,4.0,4.1
84,475,4.0,4.4
414,3448,4.0,4.44
137,928,3.5,4.26
474,6422,4.0,0.0
414,5678,2.5,3.68
599,51091,3.0,3.98
323,1188,4.0,3.82
381,339,3.5,3.72
140,1747,3.0,3.53
414,7319,2.0,2.43
491,1682,4.5,3.83
600,2140,4.5,3.65
518,3101,3.0,3.08
282,8665,4.0,3.99
468,432,2.0,2.53
187,1466,4.0,3.82
83,72998,4.5,3.67
117,719,4.0,3.0
72,30825,4.0,2.99
183,2993,4.0,3.49
357,1220,3.0,3.91
580,2105,3.5,3.37
89,170993,4.0,0.0
129,239,4.0,2.96
564,1682,1.0,3.87
368,1396,3.0,3.44
448,104760,1.0,0.0
190,5989,4.0,4.0
28,608,3.0,4.29
68,5872,3.5,3.39
16,678,4.0,3.88
599,7033,2.5,3.35
474,7132,3.5,4.46
602,494,4.0,3.47
200,2671,4.0,3.65
415,3147,4.5,4.15
580,49272,4.5,4.09
387,1345,4.0,3.56
599,6811,3.0,2.37
125,69640,2.5,2.92
288,2369,3.0,2.57
573,1214,4.5,4.1
119,46723,3.5,3.56
290,3476,3.0,3.41
448,112852,3.5,4.62
387,951,3.5,4.31
182,1953,3.5,4.23
169,317,5.0,3.35
450,1972,2.0,2.22
56,356,5.0,4.19
514,1036,4.0,3.98
232,34150,3.0,3.11
325,4523,4.0,0.0
483,27721,4.0,3.79
239,48774,3.0,4.21
241,1193,4.5,4.22
603,2203,5.0,4.48
573,10,4.5,3.58
318,98809,4.0,4.15
409,3273,3.0,2.51
328,551,2.0,3.59
564,88672,3.5,0.0
169,594,4.5,3.66
19,1754,2.0,3.77
587,2973,4.0,3.99
387,1078,3.0,3.73
414,4816,4.0,3.71
1,1580,3.0,3.59
153,112454,3.5,0.0
477,355,0.5,2.61
33,17,4.0,3.83
588,253,2.0,3.51
448,2539,3.0,3.43
489,42004,3.5,3.56
312,4128,4.0,3.75
352,37380,2.0,2.22
202,2420,4.0,3.82
599,1136,4.5,4.64
66,224,5.0,3.67
145,1,5.0,3.91
63,5945,1.0,3.42
50,5816,2.5,3.59
356,5577,4.5,3.82
288,7143,4.0,4.13
438,1676,4.0,3.48
292,53460,3.0,3.5
106,72998,5.0,3.65
474,4063,2.0,2.82
129,208,4.0,2.99
200,2724,4.5,2.87
592,44,3.0,2.54
89,2918,1.5,3.9
24,134393,2.5,3.3
606,40629,3.5,3.84
90,617,4.0,0.0
307,3911,3.0,3.81
510,16,1.0,4.01
280,4232,1.5,3.01
474,3467,3.5,4.25
1,2640,4.0,3.76
558,4062,4.0,3.19
608,4720,4.5,3.89
593,8961,3.0,3.89
56,231,5.0,3.05
63,231,3.0,3.14
428,2137,3.0,3.71
132,253,2.0,3.53
20,4154,4.0,0.0
198,1644,3.0,2.17
357,6155,3.0,3.35
414,1499,2.0,1.68
387,1673,3.5,4.42
604,223,4.0,3.98
404,172,3.0,2.63
599,1246,4.0,4.48
202,2064,4.0,4.03
274,4899,1.5,2.11
305,163985,4.5,0.0
186,5214,4.0,2.03
414,6155,2.0,3.42
599,98122,3.0,0.0
305,6016,5.0,4.51
153,4995,3.5,4.12
474,2289,3.0,4.51
21,260,4.5,4.38
122,3253,4.0,3.48
56,367,3.0,3.22
474,3469,2.5,4.02
601,80549,4.0,3.83
603,1594,4.0,3.55
298,56587,2.0,3.59
573,2706,4.5,3.55
1,2387,5.0,3.35
414,809,2.0,2.91
239,524,3.5,3.56
527,1080,2.0,4.09
28,6617,4.0,3.91
19,2014,2.0,2.79
259,3793,3.5,3.73
304,21,4.0,3.59
597,1200,5.0,4.12
186,3479,4.0,3.52
380,3301,3.0,3.93
169,2792,5.0,2.89
125,117466,3.5,3.64
517,131656,2.5,0.0
477,41569,4.0,3.33
129,3034,4.0,3.52
482,1584,3.0,3.66
305,2011,5.0,3.74
564,8528,4.0,3.78
333,3826,1.0,2.29
414,45722,3.5,3.79
45,5378,5.0,3.4
318,2571,3.5,4.55
484,333,4.0,3.82
606,224,4.0,3.72
42,3515,4.0,3.63
543,3785,5.0,2.89
432,296,2.5,4.31
207,637,1.0,3.35
525,3979,0.5,2.64
563,2354,3.0,2.07
600,5585,3.0,2.02
288,3006,4.0,4.04
248,164179,3.0,3.97
140,6385,3.5,4.2
328,68157,4.5,4.18
610,71254,3.0,3.78
580,1356,4.0,4.07
235,474,3.0,3.82
474,1635,4.0,4.29
369,2959,4.5,4.3
344,3082,4.0,3.29
140,1021,4.0,2.4
121,47,3.0,4.01
414,58156,2.0,3.05
275,5049,4.0,3.7
350,805,3.0,3.71
331,88129,5.0,3.74
39,2987,4.0,3.66
268,2490,2.0,3.37
583,71535,3.0,3.91
572,852,3.0,3.21
305,3868,5.0,3.34
73,117881,4.0,3.99
165,1221,3.0,4.29
603,1271,3.0,3.63
610,5816,4.0,3.64
160,1320,5.0,3.28
95,1200,4.5,4.05
480,6754,3.5,3.68
430,6373,3.0,3.21
474,4068,3.0,3.19
530,350,3.0,3.44
226,364,3.5,4.17
279,8874,3.5,4.14
74,2076,5.0,4.08
503,1342,1.0,2.54
437,144,4.0,3.26
191,314,4.0,3.72
93,168,4.0,3.21
89,5449,2.0,2.98
156,2268,3.0,3.9
181,21,2.0,3.57
522,2628,3.0,3.2
91,296,4.5,4.37
448,593,5.0,4.57
486,32,5.0,3.97
600,2795,3.5,3.86
195,3148,4.0,3.72
249,71535,4.5,4.12
520,1748,4.5,3.83
226,6942,4.0,3.88
357,17,5.0,3.92
22,56788,1.0,3.99
414,41569,4.0,3.44
469,2124,3.0,3.42
304,1060,4.0,3.64
279,593,4.0,4.29
325,2912,5.0,3.93
414,1517,5.0,4.26
52,70286,5.0,4.03
477,5903,4.0,4.17
577,923,3.0,3.99
380,2857,3.0,3.05
606,3418,4.5,3.88
92,2572,5.0,3.52
489,60069,4.0,4.29
33,356,5.0,4.23
246,45517,4.0,3.35
414,1953,3.5,4.52
318,55363,3.5,4.43
488,595,4.5,3.86
4,892,4.0,3.53
86,60069,3.0,4.15
559,207,4.0,3.3
477,56145,4.0,3.26
542,318,5.0,4.53
42,780,2.0,3.67
599,5103,1.5,4.05
472,2134,3.5,3.04
581,5989,3.5,3.99
160,434,3.0,3.14
543,6373,5.0,3.23
199,1272,5.0,4.08
210,177765,5.0,3.24
523,7147,5.0,3.8
477,57368,4.5,3.36
76,117176,2.0,3.83
210,4896,4.5,3.8
517,116797,4.0,4.15
414,266,5.0,3.62
292,4085,3.5,3.45
327,6888,5.0,2.03
202,3638,3.0,3.19
474,5512,3.0,0.0
249,58998,4.0,4.14
168,543,2.0,3.29
525,76251,3.5,3.91
586,2916,4.0,3.73
119,119145,4.0,4.06
318,128991,4.5,0.0
62,116823,4.0,4.15
469,2150,4.0,3.95
448,138036,2.0,4.12
560,1485,3.0,3.28
160,1210,5.0,4.3
220,8644,4.0,3.59
47,163645,3.0,4.19
474,919,4.5,4.16
21,367,3.0,3.34
243,410,4.0,3.15
84,671,4.0,3.49
217,1080,2.0,4.09
6,333,5.0,3.88
573,1625,4.5,3.79
56,380,4.0,3.58
292,67197,2.5,2.74
21,1918,3.5,2.87
168,858,5.0,4.38
610,6934,3.5,3.52
354,1917,3.5,3.1
599,95965,4.0,0.0
414,4679,4.0,3.04
599,2288,3.5,4.59
294,2027,1.0,2.19
584,474,5.0,3.84
307,8969,4.0,3.29
610,6539,4.0,4.36
174,316,5.0,3.37
580,5444,3.0,3.97
517,969,1.0,4.11
7,587,2.0,3.43
382,158254,1.5,0.0
474,2205,3.0,3.13
222,1208,3.5,4.24
274,6005,3.5,3.31
298,81784,1.5,2.9
365,1777,3.0,3.64
425,55118,3.5,4.19
64,1204,5.0,4.42
352,1544,3.0,2.83
602,422,3.0,3.39
213,3409,4.0,2.85
414,37240,4.0,3.08
292,83349,3.0,3.2
343,4226,5.0,4.18
606,930,4.5,4.45
438,3754,2.0,2.28
419,3863,3.5,3.0
513,260,5.0,4.24
12,543,3.5,3.29
589,736,5.0,3.37
448,1982,1.5,4.11
274,1729,4.5,3.91
33,385,4.0,0.0
414,6365,4.0,3.87
68,58839,1.0,2.61
307,6951,2.5,2.18
165,5377,4.0,3.8
8,592,3.0,3.51
543,60408,5.0,0.0
599,1918,2.5,2.73
599,73321,2.5,3.39
391,1233,5.0,4.26
600,3988,2.5,3.2
62,3114,3.0,3.93
354,1704,4.0,4.21
307,72,2.0,3.12
288,1592,1.0,2.8
201,2145,4.0,3.21
474,25757,4.0,0.0
42,4040,2.0,2.42
414,3729,3.0,0.0
312,5219,1.0,3.25
599,569,1.0,0.0
307,5590,2.5,0.0
474,3549,5.0,4.73
474,1333,4.5,4.24
156,953,3.5,4.23
608,2571,5.0,4.5
347,589,3.0,4.05
382,42011,3.0,2.18
380,6957,4.0,3.91
414,2335,4.0,3.45
414,1399,3.0,3.05
376,5010,5.0,3.89
483,8798,4.0,4.03
186,3068,4.0,4.48
474,4263,4.0,0.0
98,46578,5.0,3.89
117,7,4.0,3.21
438,5952,4.0,4.27
68,1278,4.0,4.21
605,3269,4.0,2.86
600,1126,4.5,2.49
561,82461,3.0,3.36
177,3668,2.5,4.04
19,551,5.0,3.53
534,4728,4.5,3.35
369,839,2.5,3.01
42,593,5.0,4.33
187,1214,4.0,4.05
265,2985,4.0,3.34
414,3770,2.0,3.03
599,736,2.5,3.72
536,335,3.0,0.0
249,45186,3.5,4.01
525,109487,4.0,4.35
18,111759,3.5,4.26
351,6379,2.5,0.0
219,2791,4.5,4.01
185,3949,5.0,3.86
448,594,4.0,3.73
509,3034,3.0,3.58
240,500,5.0,3.55
174,39,4.0,3.33
382,2353,3.5,3.59
105,8636,3.5,4.01
116,2683,0.5,3.23
599,886,1.5,3.44
380,91630,3.0,4.03
469,590,4.0,3.91
10,4447,4.5,3.2
222,733,3.0,3.74
340,208,3.0,2.96
600,1244,5.0,4.21
590,5065,3.0,2.97
426,69844,5.0,4.01
534,60069,2.5,4.44
610,37733,4.0,4.22
274,5816,3.0,3.71
380,1690,3.0,3.24
143,3421,1.0,3.77
599,4578,1.5,0.0
495,78574,2.5,3.7
103,79132,4.5,4.43
410,3317,3.0,3.71
91,2949,3.0,3.91
365,120466,2.5,3.4
330,481,3.5,3.28
610,1255,4.5,2.67
288,1298,3.0,3.95
475,2011,5.0,3.56
571,3264,1.0,2.46
64,1961,4.0,4.06
474,376,2.0,3.78
219,648,4.5,3.76
414,3786,2.0,0.0
152,111,5.0,4.19
599,63222,2.5,0.0
232,5621,3.0,1.93
601,31658,5.0,4.14
286,7,3.5,3.15
600,648,3.0,3.81
331,4034,3.0,3.99
93,1015,3.0,3.02
603,2885,2.0,0.0
590,5401,1.0,1.96
263,2700,3.0,3.97
45,4502,1.0,2.29
608,1214,4.0,4.13
105,54272,4.0,3.88
582,94864,4.0,3.34
509,6539,3.5,4.02
345,838,5.0,3.83
575,1259,5.0,3.95
555,3660,3.0,0.0
448,118354,3.0,0.0
339,1594,4.5,3.42
599,1951,2.0,3.96
247,89745,3.0,4.02
474,1224,4.0,4.72
1,1954,5.0,3.96
122,4641,4.5,3.36
428,6482,0.5,2.02
169,631,3.0,3.39
219,442,3.5,3.27
288,1019,3.0,3.86
549,122924,5.0,2.82
43,150,5.0,3.94
166,4226,5.0,4.29
292,2115,4.0,3.78
298,40732,2.5,3.72
376,8961,3.5,3.9
474,7026,1.5,2.89
608,34319,4.0,3.64
103,1208,4.0,4.32
525,4014,4.0,3.71
599,2858,5.0,4.33
448,85401,2.0,3.74
217,1544,3.0,2.86
13,2145,3.0,3.16
60,50,3.0,4.23
298,30707,3.0,3.99
226,543,4.0,3.4
409,2485,3.0,2.93
159,65230,5.0,3.12
133,50,3.0,4.24
606,7092,3.5,0.0
477,71057,4.0,3.63
462,3814,3.5,4.06
196,5418,4.0,3.87
20,3438,4.0,2.87
416,830,1.5,3.18
20,1547,3.0,0.0
89,128944,3.5,0.0
382,56152,4.5,3.69
182,43396,3.5,3.75
474,1196,5.0,4.64
305,8368,3.0,3.97
517,46337,0.5,0.0
480,4305,0.5,2.26
414,3039,4.0,4.63
468,39,5.0,3.3
387,1230,5.0,4.24
19,3706,3.0,2.85
602,344,2.0,3.08
561,2815,3.0,2.12
20,2087,4.5,3.58
199,2918,4.5,3.96
489,6305,3.0,3.64
368,593,4.0,4.32
128,905,5.0,4.68
514,38583,2.5,0.0
153,1907,3.0,3.62
483,1256,4.0,3.82
96,1625,4.0,3.68
212,8961,3.0,4.02
220,1258,2.0,4.19
135,1343,3.0,3.87
200,4367,2.5,2.99
74,44937,4.0,0.0
573,6373,4.5,3.39
274,2052,3.5,3.12
226,3809,4.5,3.32
414,2367,2.0,2.86
105,64839,4.0,3.97
382,6332,3.0,3.01
202,852,4.0,3.3
298,86833,3.0,3.96
63,1196,5.0,4.41
202,1393,3.0,3.68
592,339,5.0,3.65
407,60069,2.5,4.12
414,2372,2.0,3.25
448,1729,4.0,3.85
211,8665,4.0,3.89
137,5060,3.5,4.0
385,1179,4.0,3.59
274,26242,3.5,3.49
222,86911,3.5,3.5
585,48516,4.5,4.35
135,2028,4.0,4.25
150,733,4.0,3.69
520,7454,3.5,2.82
448,1011,4.0,2.75
27,60,3.0,3.31
100,16,4.5,4.0
591,2490,2.0,3.43
387,2990,3.0,3.59
68,923,3.0,3.97
414,5293,4.0,3.06
132,1271,3.5,3.58
317,5418,3.0,3.92
492,1,4.0,3.96
580,6790,4.5,2.93
298,39444,2.5,4.13
284,376,4.0,3.27
66,799,4.0,3.56
187,1136,4.0,4.24
490,4447,2.0,3.18
95,3424,4.5,4.09
555,2571,5.0,4.37
480,7265,4.0,3.83
448,6428,3.0,0.0
288,2922,3.0,0.0
610,40732,4.0,3.89
610,81591,3.5,4.03
590,2066,3.5,0.0
76,33004,4.0,3.41
446,16,3.0,3.99
341,3988,3.0,3.07
318,2081,3.0,3.65
534,69436,3.0,3.12
408,33794,5.0,3.92
202,2402,2.0,2.89
599,548,1.5,3.67
474,74,3.0,3.99
567,26171,0.5,4.5
325,3544,3.0,1.78
233,527,4.0,4.31
474,6760,3.0,0.0
474,34072,3.5,3.97
232,45666,2.0,3.12
517,83270,2.0,0.0
410,296,2.0,4.27
156,1517,3.0,3.66
387,154,4.0,3.99
414,33495,2.5,3.71
268,1093,1.0,3.52
312,1130,4.0,2.38
287,4034,3.5,3.97
381,4993,4.0,4.36
241,4235,3.0,4.04
484,82852,4.0,1.53
477,2761,4.0,4.29
599,60365,1.5,0.0
600,2193,5.0,3.43
298,61160,2.5,2.55
280,916,4.0,4.09
489,88125,3.5,3.95
594,2058,4.5,3.44
288,2120,2.0,0.0
608,6365,5.0,3.65
580,7438,4.5,3.99
263,24,3.0,3.31
88,7153,5.0,4.17
142,527,5.0,4.24
438,4310,3.5,3.06
313,4499,4.0,4.24
610,5959,3.5,3.89
599,128197,2.0,0.0
91,6863,2.5,3.48
313,1080,1.0,4.12
318,6953,4.0,3.57
140,49910,2.5,4.11
135,2193,2.0,3.36
18,135569,3.5,3.61
489,2001,3.5,3.28
381,8529,4.0,3.46
199,3316,2.0,2.53
408,8972,4.0,3.31
307,2423,2.5,3.82
610,67923,3.0,3.14
469,1260,4.0,3.76
28,41997,3.0,3.95
382,7155,3.5,3.46
156,1288,4.0,4.05
275,2964,1.0,0.0
217,2167,2.0,3.64
111,7439,3.0,3.59
448,2109,3.0,3.31
520,1610,4.0,3.9
393,6539,5.0,3.9
34,2443,4.5,3.22
68,85780,2.5,4.33
438,180,4.0,3.57
310,2372,2.0,2.53
19,1973,2.0,0.0
237,2628,2.5,3.13
584,590,5.0,3.86
183,3256,3.0,3.74
64,370,2.0,3.29
371,2987,4.5,3.58
482,442,4.0,3.1
140,2912,3.5,4.04
330,64614,4.0,4.05
380,55553,3.0,2.46
155,2195,3.0,3.35
594,7046,0.5,2.58
82,368,3.5,3.6
298,2916,4.0,3.89
187,1732,5.0,4.07
290,2988,4.0,0.0
57,265,2.0,4.01
130,110,5.0,4.03
246,91542,4.5,3.84
75,8360,4.0,3.62
19,2393,3.0,2.93
68,78703,4.0,0.0
387,4441,3.5,0.0
160,379,3.0,2.35
599,4700,2.0,3.58
202,372,3.0,2.8
573,8636,4.0,3.98
249,88954,3.5,0.0
219,293,4.0,4.18
352,71156,3.0,3.65
381,5459,2.5,3.06
551,122918,4.0,3.9
563,112552,4.5,4.17
342,5014,5.0,3.59
91,4027,4.0,3.96
608,2335,2.5,3.26
597,380,2.0,3.74
274,2353,3.5,3.82
15,59315,2.0,3.95
226,4963,4.5,4.21
606,780,2.5,3.68
599,1089,5.0,4.72
280,70984,2.0,0.0
474,41285,3.5,3.97
354,50,4.5,4.35
428,4941,2.0,3.79
63,595,3.0,3.88
103,1387,4.0,4.2
480,318,5.0,4.76
13,3624,4.0,3.23
146,2085,4.0,3.34
246,36363,3.5,0.0
414,7236,3.5,0.0
14,339,4.0,3.56
378,7153,4.5,4.18
387,2985,3.0,3.5
181,466,2.0,2.95
45,2718,3.0,3.29
599,157,1.5,3.75
564,61132,1.5,3.63
514,586,3.5,3.23
298,3593,0.5,1.88
530,329,3.0,3.44
91,251,2.5,3.32
79,3578,2.0,3.99
41,115149,0.5,4.04
124,6377,5.0,3.98
274,2136,3.0,2.4
89,171811,4.0,0.0
301,377,2.5,3.62
525,1031,3.5,3.49
305,4226,3.5,4.49
371,1199,5.0,4.2
28,678,3.5,3.8
318,51174,3.5,0.0
249,3988,3.5,3.23
309,4326,4.0,3.57
125,93855,4.5,0.0
168,1252,5.0,4.35
212,31658,4.0,4.19
452,1954,4.0,3.92
126,595,4.0,3.85
195,2076,2.0,4.04
356,50,3.5,4.35
414,3365,4.0,4.24
491,31685,4.5,3.25
290,1333,4.0,3.84
509,91266,2.5,0.0
570,2115,4.0,3.76
325,2024,3.0,3.51
401,45722,3.5,3.57
448,4734,4.5,3.38
104,5541,3.5,3.23
600,7247,3.5,3.52
483,3967,4.0,4.08
177,2020,3.0,4.2
210,117192,4.5,0.0
275,1594,5.0,3.36
534,99117,4.5,3.24
249,1717,2.5,3.24
514,2902,3.0,2.28
448,4952,2.0,0.0
84,406,3.0,0.0
318,106918,4.0,4.46
460,2747,3.0,3.16
410,357,4.0,3.54
51,5254,2.5,3.32
413,1246,1.0,4.1
573,8641,5.0,3.9
381,8665,4.0,4.06
352,114180,4.5,3.05
339,90345,4.5,3.66
414,102445,3.5,4.48
419,2542,4.0,4.07
18,91658,3.5,3.74
514,3704,2.0,3.5
476,296,3.0,4.23
210,135887,4.0,2.97
564,58803,3.5,3.9
438,260,5.0,4.36
221,1721,3.0,3.46
51,5481,4.0,2.96
169,4308,5.0,3.73
21,435,1.0,2.56
555,724,5.0,3.02
170,500,4.0,3.48
140,7143,3.5,4.07
1,2459,5.0,3.19
28,62792,2.5,0.0
288,5418,3.5,4.06
469,5060,4.0,4.15
560,1907,3.5,3.75
404,36,3.0,3.88
209,71535,2.0,3.9
284,95,5.0,2.99
380,134524,3.0,0.0
603,2291,4.0,3.79
603,4450,4.0,2.94
304,1608,4.0,3.49
19,2706,3.0,3.57
318,3736,3.0,0.0
504,5377,4.0,3.82
103,4019,5.0,3.79
156,348,3.0,3.79
274,7449,2.5,0.0
474,929,3.5,0.0
140,4337,4.0,0.0
105,30812,4.0,3.69
591,2694,4.0,3.29
159,4246,5.0,3.7
28,1754,3.0,3.74
455,110,4.0,4.07
474,4975,3.0,3.79
292,30793,3.5,2.96
510,34405,0.5,3.96
331,4447,1.5,3.19
448,1209,5.0,4.32
596,86332,3.5,3.89
597,778,5.0,4.23
480,1921,4.5,4.01
322,780,3.0,3.49
141,91500,3.5,3.48
93,356,5.0,4.24
68,2918,4.0,4.31
381,53953,4.0,3.31
170,733,3.0,3.7
22,6502,1.5,4.08
603,1809,5.0,3.58
19,2423,4.0,3.85
608,6863,4.5,3.46
419,7022,5.0,3.94
125,2692,4.0,4.08
468,225,4.0,3.54
122,103253,4.0,3.29
449,2692,3.5,4.01
115,1377,1.0,3.06
274,47997,3.5,4.34
453,798,3.0,2.87
480,5577,4.5,3.94
318,71453,4.0,0.0
202,2457,4.0,3.53
288,32,5.0,4.18
490,5313,2.0,2.21
104,4941,2.5,3.81
17,50,4.5,4.34
558,296,3.0,4.24
6,254,3.0,0.0
570,653,3.0,3.19
332,92938,2.0,1.61
347,380,3.0,3.59
346,778,3.5,4.12
381,48304,3.0,3.68
610,2918,3.5,4.18
325,1191,2.0,3.76
469,3770,3.0,2.98
212,168254,3.0,3.47
186,1921,4.0,3.92
182,23,3.5,2.98
600,6538,3.0,4.25
580,4995,3.5,4.28
563,4017,3.0,3.44
265,2011,3.0,3.51
610,6867,4.0,3.91
288,8464,3.0,3.75
461,527,3.5,4.25
597,1198,5.0,4.39
488,955,4.0,3.91
184,109374,4.5,3.86
63,780,3.0,3.57
249,45662,2.0,2.61
449,186,0.5,2.94
453,356,5.0,4.34
520,42002,3.5,3.31
556,7153,4.0,4.15
580,292,3.0,3.47
221,2944,3.5,4.17
249,1206,4.0,4.35
513,2858,4.0,4.06
480,288,2.5,3.2
235,410,2.0,3.14
344,2571,5.0,4.25
125,522,3.0,3.16
79,260,5.0,4.25
177,4993,2.0,4.39
318,3300,3.5,3.85
111,87869,4.0,3.73
105,175293,5.0,0.0
443,2858,4.0,4.07
197,50,3.0,4.26
5,1,4.0,3.92
232,6338,3.0,2.82
288,8783,3.0,3.35
260,7022,4.0,3.93
280,4310,4.0,2.85
437,508,5.0,3.7
514,2301,2.0,3.78
489,4128,4.0,3.77
298,4228,3.0,1.92
410,4062,4.0,3.2
215,2915,3.5,3.56
281,7325,4.0,3.29
68,3984,4.0,3.87
117,589,4.0,4.11
580,680,3.0,4.32
298,2485,0.5,3.09
307,5309,1.5,2.87
367,3743,3.0,1.49
187,1198,3.0,4.38
594,11,5.0,3.84
4,1732,4.0,4.02
279,97304,3.5,4.11
332,5291,5.0,4.07
73,87869,3.5,3.52
218,1625,2.0,3.66
156,1923,4.0,3.81
114,122904,3.5,3.95
414,175,4.0,4.87
414,143385,4.0,3.74
275,852,4.0,3.21
177,7153,2.0,4.44
525,7090,4.5,4.01
7,49824,3.0,2.98
68,1388,2.5,2.23
201,1732,2.0,4.03
465,3686,3.0,3.03
599,1580,3.0,3.9
414,3836,5.0,4.47
57,707,2.0,2.87
305,74795,4.0,3.56
599,121231,3.5,5.1
169,6218,4.0,3.36
74,6791,5.0,4.26
42,590,4.0,3.92
28,51471,3.0,0.0
128,926,5.0,4.28
560,116797,3.0,4.3
469,2194,5.0,4.15
473,4979,4.5,3.7
100,1220,3.0,3.85
105,3310,4.5,4.03
274,6333,4.0,4.23
603,2734,4.0,3.37
280,27,4.5,3.28
608,37830,3.0,3.82
414,1961,4.0,4.48
202,1206,4.0,4.22
573,653,3.0,3.28
201,150,4.0,3.9
560,31685,3.0,3.34
391,1240,4.0,3.97
606,7093,4.0,0.0
182,44199,3.0,4.16
155,1,3.0,3.91
474,6335,3.0,4.11
608,1907,3.5,3.87
62,4995,4.5,4.29
534,97752,4.5,3.82
600,1962,2.0,3.8
565,539,3.0,3.52
373,355,1.0,2.6
45,2916,4.0,3.89
232,6331,3.0,3.97
245,3101,1.0,3.07
474,43333,3.5,0.0
597,2916,5.0,3.86
277,637,3.0,3.36
550,167296,0.5,0.0
182,1483,3.5,2.87
514,22,3.0,3.29
599,2005,1.5,3.99
416,3624,2.0,3.23
567,138036,3.0,3.85
345,3396,3.0,3.82
377,6021,5.0,0.0
103,551,4.0,3.63
177,58559,5.0,4.6
113,4126,4.0,3.37
259,1356,0.5,3.92
221,1090,4.5,4.13
81,380,2.0,3.56
111,160080,3.5,3.32
424,364,4.5,3.98
474,6228,4.0,0.0
328,1136,5.0,4.27
365,160954,1.5,0.0
234,1379,3.0,3.19
105,48872,4.5,0.0
590,6157,2.0,2.76
295,4973,4.5,4.31
474,26116,4.0,0.0
64,8832,3.5,0.0
135,2723,4.0,3.08
169,231,4.5,3.16
256,97938,4.5,3.81
74,55444,5.0,3.72
57,500,3.0,3.59
23,912,3.5,4.35
318,4967,4.0,4.33
599,85414,3.0,3.72
103,82854,3.0,1.47
339,30749,3.5,4.12
459,2571,4.0,4.21
414,5139,3.5,4.07
540,48385,4.0,3.35
47,141,2.0,3.56
318,8984,3.5,3.37
318,5218,3.5,4.07
224,3072,5.0,3.58
21,2671,4.0,3.67
534,87232,2.5,4.1
453,4153,2.0,2.47
132,1562,1.5,2.23
352,50,5.0,4.42
47,45950,3.0,3.81
288,3313,2.0,0.0
438,1517,3.5,3.8
334,58105,3.5,3.41
123,4886,4.0,3.92
380,3869,4.0,3.28
606,858,4.0,4.59
167,5418,4.5,3.92
68,805,3.0,3.76
483,3740,3.5,4.03
352,93840,4.5,4.19
452,2683,5.0,3.27
156,3134,5.0,4.13
42,4361,3.0,3.44
271,1282,3.0,3.74
368,920,4.0,3.72
125,83349,3.0,3.1
607,2716,4.0,3.79
91,1762,2.5,1.61
334,589,4.0,4.09
606,6436,3.0,0.0
56,457,4.0,4.03
365,48774,1.5,4.19
313,1994,3.0,3.64
330,1721,3.5,3.51
422,4939,3.0,0.0
577,1225,4.0,4.23
43,480,4.0,3.82
497,4973,3.0,4.31
317,288,2.0,3.25
448,102880,1.5,0.0
387,1952,4.0,4.03
590,53972,3.0,3.8
414,2496,3.0,3.35
125,2959,5.0,4.35
495,88129,4.0,3.81
52,65514,3.5,4.15
483,6365,2.5,3.59
422,3980,4.0,3.2
383,1196,3.0,4.2
279,115713,5.0,3.94
410,427,4.0,2.11
328,2762,2.0,4.01
44,104,4.0,3.47
288,1197,4.0,4.43
122,87306,4.5,3.68
414,4305,1.5,1.96
151,92,1.0,2.87
226,1517,4.0,3.77
169,788,4.5,2.83
474,3789,3.5,0.0
343,527,5.0,4.26
125,1590,2.0,3.02
132,60069,0.5,4.22
559,509,4.0,3.63
381,3396,1.0,3.85
418,2144,3.5,3.69
20,4447,3.0,3.25
351,90471,3.5,0.0
479,185,1.0,3.13
429,276,3.0,3.39
256,95441,3.5,3.34
275,3794,2.0,0.0
474,1496,4.0,0.0
263,6218,4.0,3.37
94,10,3.0,3.47
65,46976,3.5,3.7
212,2571,3.0,4.37
19,490,2.0,3.14
474,7451,4.5,3.95
414,5151,4.0,3.56
541,361,3.0,3.14
318,671,4.5,3.5
45,2687,4.0,3.59
274,5803,1.5,2.72
580,1441,3.0,3.46
597,2819,5.0,3.76
116,2724,5.0,2.73
236,3052,5.0,3.68
387,2088,2.0,2.35
477,2716,4.0,3.89
432,74458,4.5,4.25
216,905,4.0,4.7
202,3194,4.0,3.59
606,936,4.0,3.88
414,55830,3.5,3.55
414,115713,4.5,4.74
91,1261,4.5,4.16
551,84152,4.5,4.1
108,5316,4.0,3.13
495,1608,4.0,3.47
28,48326,2.5,3.32
586,1210,4.5,4.33
339,3967,3.5,3.99
380,2011,4.0,3.94
381,50872,3.5,4.2
339,6,4.0,4.02
380,47,5.0,4.45
113,1247,4.0,4.07
526,46578,5.0,3.88
580,6934,5.0,3.29
58,596,4.0,3.48
45,6,4.0,4.11
478,33164,0.5,0.0
246,541,5.0,4.14
462,5239,4.0,0.0
562,2648,3.5,3.9
483,93723,3.0,0.0
441,4980,3.5,2.97
356,3210,4.5,3.46
20,3751,5.0,3.49
474,8983,4.0,3.78
368,1129,3.0,3.53
414,2148,2.0,3.15
469,1278,4.0,4.07
41,31685,3.0,3.27
211,260,4.5,4.27
64,7701,3.0,1.38
47,171011,3.0,4.62
68,2950,3.5,2.63
453,3255,4.0,3.51
434,741,5.0,4.17
610,6156,3.5,3.42
543,377,5.0,3.61
606,3408,4.0,3.71
274,1265,4.5,4.46
275,3160,1.0,3.66
597,260,5.0,4.31
288,3785,2.0,2.99
543,344,4.0,3.07
610,4816,4.0,3.74
226,1042,3.0,3.58
448,5,3.0,3.21
564,64969,3.0,3.77
125,9010,5.0,4.15
433,174055,1.5,3.51
600,2123,3.0,2.74
590,1250,5.0,4.33
608,2423,2.0,3.9
313,1954,2.0,3.95
484,998,5.0,0.0
394,356,4.0,4.17
351,4995,4.5,4.16
79,457,4.0,4.04
514,165103,3.5,0.0
15,849,2.0,2.9
586,4963,4.0,4.07
202,2942,3.0,2.79
318,1022,2.5,3.58
307,51662,3.5,3.83
182,3045,5.0,3.42
68,8907,2.5,2.44
68,122918,3.5,4.27
68,6157,2.0,2.94
486,648,5.0,3.62
605,46972,4.0,3.24
72,1216,4.0,3.42
474,7311,3.5,0.0
448,101025,2.5,3.0
156,4973,4.0,4.41
474,2553,3.5,3.71
448,1967,3.0,4.12
41,2329,4.0,4.32
199,1641,4.0,3.85
387,500,2.5,3.57
234,2700,3.0,4.02
199,8781,3.0,3.05
307,6287,3.5,3.29
32,50,5.0,4.26
357,524,4.5,3.63
452,2393,5.0,2.95
594,4715,3.0,0.0
71,1,5.0,3.92
381,7361,4.0,4.34
490,1784,3.0,3.76
332,1270,4.0,4.09
132,1249,3.0,4.07
489,3052,4.0,3.74
555,955,5.0,3.79
226,4489,4.0,3.44
125,108932,3.0,4.06
89,909,2.5,4.17
290,1242,5.0,4.14
474,7051,3.0,0.0
580,1234,2.0,4.2
177,3534,4.0,3.37
309,48780,3.5,4.14
555,1007,3.0,2.4
89,93006,4.5,0.0
15,103249,3.5,2.87
563,63992,1.0,2.47
610,1200,5.0,4.32
89,905,3.0,4.71
93,153,4.0,2.99
603,3361,4.0,4.01
226,1240,4.0,4.0
326,1955,3.5,4.17
561,45186,3.5,3.91
76,63436,4.5,2.52
217,3274,3.0,3.21
419,37240,4.0,2.93
378,58559,4.5,4.26
191,269,3.0,0.0
274,788,3.0,3.21
586,68954,5.0,4.22
349,539,3.0,3.53
21,115617,4.0,4.14
301,110,1.5,4.07
372,1073,3.0,4.01
132,1079,3.5,4.03
249,52722,3.5,3.53
91,50,4.5,4.39
414,2482,3.0,0.0
232,4995,4.0,4.49
356,48342,5.0,0.0
215,1172,5.0,3.98
380,370,4.0,3.52
280,2396,3.0,3.91
469,1732,5.0,4.13
608,1994,3.0,3.72
418,127108,4.5,3.09
89,131826,3.5,0.0
416,2959,4.0,4.26
448,54272,4.0,4.08
599,1713,2.5,3.11
226,3087,4.0,3.39
50,1387,3.0,4.14
380,54286,3.5,4.17
448,50872,3.0,4.53
134,553,4.0,3.83
596,128908,4.0,0.0
534,112623,1.5,3.74
572,3135,3.0,0.0
305,2167,5.0,3.6
298,1968,3.5,3.9
489,3793,3.5,3.87
448,1227,5.0,4.08
119,110730,4.0,2.2
414,345,4.0,4.24
105,56782,4.5,4.4
84,1094,4.0,3.54
385,1287,4.0,4.02
509,46062,1.5,2.26
385,1305,3.0,3.5
217,1812,4.0,3.63
6,537,3.0,3.25
414,145,2.0,3.58
68,1276,3.5,4.49
28,41569,2.5,3.3
265,2701,2.0,2.37
346,8228,3.0,3.68
137,1267,3.5,4.35
414,3060,4.0,4.19
311,2706,0.5,3.38
204,293,4.5,4.07
182,3053,4.5,4.09
469,2009,3.0,3.66
318,1289,3.5,3.97
61,555,4.5,3.8
427,5506,3.0,0.0
239,1200,4.0,4.1
387,35836,3.5,3.86
297,319,5.0,3.47
572,924,5.0,3.99
599,107406,3.5,3.86
334,4225,3.5,4.08
599,5334,2.0,0.0
555,2458,4.0,2.66
313,332,4.0,2.88
275,1945,5.0,4.15
88,4995,4.5,4.1
599,2339,1.5,0.0
95,4732,1.0,2.2
156,2352,3.0,4.05
177,48412,3.0,0.0
103,5349,3.0,3.65
182,610,3.0,3.59
474,2728,4.0,3.79
372,1203,4.0,4.21
332,26564,3.5,0.0
603,1056,4.0,3.66
191,720,5.0,4.04
414,2759,3.0,3.82
286,39,3.5,3.32
610,56782,5.0,4.51
504,2321,4.0,3.56
380,5445,4.0,4.07
555,2987,4.0,3.75
605,5952,5.0,4.11
51,2826,3.5,2.91
376,1610,4.0,3.89
307,2406,2.5,3.7
480,5064,4.0,3.97
57,3704,3.0,3.57
573,6365,4.5,3.51
156,2243,2.0,3.58
448,3494,5.0,4.05
601,1221,4.5,4.32
42,16,5.0,4.04
234,2089,4.0,3.73
304,1242,5.0,4.18
21,2541,4.0,3.32
474,2746,2.0,3.6
276,2,4.0,3.4
70,1259,4.5,3.98
275,4886,4.0,4.05
534,94018,2.0,0.0
64,5956,4.0,3.78
307,454,3.0,3.77
479,82,5.0,3.47
132,1258,4.0,4.23
385,1281,4.0,4.09
36,2082,2.0,2.77
474,46578,3.5,4.43
414,5485,5.0,0.0
325,1805,4.0,2.92
28,6711,2.5,4.17
477,1831,4.0,2.46
597,42,3.0,3.03
606,345,4.5,3.85
409,3814,5.0,4.08
219,46322,3.0,3.29
156,924,4.5,4.02
21,34048,3.5,3.44
514,785,2.5,3.57
263,2125,3.0,3.56
610,7460,3.5,3.62
432,5349,2.5,3.62
359,1198,3.0,4.3
424,4816,3.0,3.51
477,216,4.0,3.66
182,2580,4.0,4.19
274,37720,1.5,3.04
469,610,3.0,3.57
331,296,5.0,4.29
514,7153,3.0,4.26
140,2819,3.0,3.74
20,3948,3.5,3.61
413,4993,5.0,4.18
606,6202,3.5,0.0
82,5220,4.0,2.31
462,1961,2.0,3.91
254,7090,4.5,3.85
38,222,3.0,3.73
287,799,2.5,3.48
279,112183,4.5,3.62
448,33004,3.0,3.68
567,122922,3.0,3.86
548,58559,5.0,4.2
111,170957,3.0,0.0
428,7361,4.0,4.27
113,1829,3.0,0.0
274,8807,3.5,4.09
357,553,5.0,3.97
126,500,4.0,3.45
474,4809,4.0,0.0
605,5667,3.0,0.0
571,3660,1.0,0.0
597,1527,4.0,3.74
182,3882,2.0,2.91
249,102123,5.0,2.4
175,38388,5.0,0.0
185,34,2.0,3.63
596,1136,4.0,4.3
552,553,1.5,3.9
466,57368,4.0,3.2
517,1282,5.0,3.8
63,111781,5.0,3.64
458,161,5.0,3.74
210,147380,4.5,2.4
599,37727,1.5,3.12
485,10,4.0,3.45
380,3300,4.0,4.16
316,1967,3.0,3.92
24,132660,4.0,0.0
305,45081,3.5,3.15
599,74696,3.0,0.0
599,2154,2.0,0.0
204,68954,4.0,4.09
282,1220,4.0,3.9
63,60069,4.0,4.24
25,58559,5.0,4.23
148,4896,4.0,3.77
125,97752,4.0,3.71
448,592,3.0,3.68
480,3535,3.0,3.96
603,1097,4.0,3.96
68,10,4.5,3.85
438,5903,5.0,4.22
414,66203,3.0,3.22
305,60069,5.0,4.45
232,34520,2.5,2.23
599,2719,1.5,2.25
409,1694,4.0,2.78
137,1272,5.0,4.05
256,170,4.5,3.33
18,171023,4.0,0.0
294,3699,1.0,3.49
305,3300,3.0,3.87
169,3147,4.5,4.23
241,71899,4.5,4.24
182,2808,0.5,2.02
610,8578,3.0,0.0
181,592,2.0,3.51
475,58025,4.5,3.09
33,1617,5.0,4.01
380,82461,3.0,3.48
484,87529,2.0,3.15
115,2028,5.0,4.19
561,86332,4.0,3.87
603,339,3.0,3.68
249,380,4.0,3.93
610,68486,3.5,4.54
52,150,4.0,3.87
292,2005,3.0,3.72
514,3552,4.0,3.89
368,2009,3.0,3.58
23,1809,3.5,3.86
174,539,5.0,3.56
221,1086,4.5,4.04
57,1517,4.0,3.73
298,79132,3.5,4.55
448,70565,2.5,3.86
19,2372,1.0,2.63
103,57522,3.5,0.0
256,2011,5.0,3.54
305,49530,4.5,4.02
64,3809,4.0,3.3
177,5943,4.0,2.73
156,5060,4.0,4.09
414,3020,4.0,4.13
367,4155,4.0,3.34
91,7123,4.0,3.34
139,56788,2.0,4.0
339,86504,5.0,4.31
221,5247,2.5,2.69
199,5670,3.0,0.0
560,3996,4.0,3.99
159,63082,0.5,3.91
577,435,3.0,2.55
599,128360,3.0,4.25
357,3897,5.0,3.89
189,2762,4.0,3.9
606,50,4.5,4.5
105,104780,5.0,0.0
580,1923,4.0,3.81
385,1,4.0,3.98
453,1393,4.0,3.72
448,4489,3.0,3.64
140,4299,3.0,3.5
91,2762,4.0,4.12
105,56174,4.0,3.76
160,353,5.0,3.62
246,838,4.0,3.87
263,597,4.0,3.61
367,1968,5.0,3.86
352,64614,5.0,4.11
91,158,2.0,3.1
391,555,5.0,3.98
286,5218,5.0,3.74
517,1230,1.5,4.04
414,230,3.0,4.29
51,2371,3.5,3.16
558,5064,5.0,3.82
448,5094,1.5,2.02
387,46970,2.5,3.37
493,2872,3.0,3.69
136,62,5.0,3.72
217,3197,3.0,2.87
51,2282,4.5,3.38
28,2194,3.5,4.06
495,72998,5.0,3.81
387,3536,2.5,3.52
344,3897,3.0,3.84
318,337,4.0,4.0
599,34292,1.5,0.0
492,1405,5.0,2.81
221,27741,4.5,3.83
482,647,3.5,3.52
89,164226,4.5,0.0
489,5541,2.5,3.31
57,3114,4.0,4.0
491,30825,4.0,3.02
64,27869,4.5,0.0
275,1267,5.0,4.46
493,3267,4.0,3.52
62,1246,4.5,4.19
483,61323,4.5,3.68
356,1259,3.5,4.08
483,3745,4.5,3.52
574,300,3.0,3.42
18,502,2.0,2.53
474,6535,2.0,2.88
414,3977,4.0,3.35
177,45447,3.5,3.64
287,5902,3.5,3.96
217,89,4.0,3.05
274,44974,3.5,3.49
135,1214,4.0,4.1
105,48516,5.0,4.71
91,3623,2.0,2.83
70,1210,5.0,4.18
586,27619,4.5,0.0
464,1036,5.0,3.92
356,2716,5.0,3.85
600,19,3.0,2.92
414,1037,3.0,3.0
156,3873,4.0,3.03
603,1208,5.0,4.39
274,4732,1.5,2.54
525,596,1.5,3.58
141,3578,5.0,4.08
474,1939,3.5,4.5
290,2935,4.0,4.2
599,1394,3.0,4.47
212,135861,2.0,3.07
274,2000,3.0,4.08
428,4890,2.0,3.0
78,380,4.0,3.59
604,233,3.0,3.62
504,6620,3.0,4.14
590,60074,3.0,3.13
567,134246,0.5,0.0
543,588,5.0,3.9
64,4306,3.5,4.13
211,3638,4.5,3.05
135,608,4.0,4.2
381,480,4.0,3.96
372,157,3.0,3.37
303,5502,4.0,3.13
474,1252,4.0,4.7
6,489,3.0,0.0
480,1101,4.0,3.49
528,97921,3.5,3.93
288,5349,4.0,3.78
229,434,3.0,3.05
603,1120,2.0,3.82
63,110,2.5,4.19
331,4638,2.0,2.99
305,2268,5.0,3.96
603,1680,4.0,3.74
276,837,4.0,3.37
559,349,3.0,3.8
537,69481,3.5,4.09
368,1240,4.0,3.99
367,3510,5.0,3.42
91,3263,2.0,3.14
415,4369,3.0,3.14
328,1380,0.5,3.3
414,1390,2.0,3.53
249,3978,3.5,3.23
331,40819,4.0,3.77
202,2355,4.0,3.71
489,5218,3.5,3.93
247,6365,3.0,3.39
274,5349,3.0,3.84
318,74458,4.5,4.59
500,342,2.0,3.26
76,4878,2.5,4.04
543,1387,5.0,4.12
339,1580,2.0,3.64
597,1090,5.0,4.11
116,30749,4.5,3.89
111,5025,3.0,2.69
479,351,2.0,3.21
91,2431,2.0,3.53
292,111,2.0,4.3
474,1784,3.5,4.25
124,110,3.5,4.05
605,4899,2.5,2.23
21,168252,3.0,4.55
542,47,5.0,4.05
453,3751,5.0,3.54
474,1212,4.0,4.62
159,157296,4.5,3.58
109,198,3.0,3.31
51,3785,3.5,2.97
590,45499,2.5,3.6
153,60950,1.0,3.26
599,457,3.0,4.42
509,72226,4.0,4.28
263,3911,3.5,3.66
514,1301,3.5,3.86
365,158872,4.5,3.33
580,8236,0.5,0.0
166,49530,4.0,3.85
474,2583,4.0,4.39
182,784,2.0,3.18
51,2402,1.0,2.88
376,91535,5.0,3.06
332,8984,3.0,3.23
233,87529,2.5,3.11
28,457,3.0,4.12
217,1608,4.0,3.54
384,4321,2.0,3.52
313,1591,5.0,2.36
368,2944,4.0,4.1
186,5493,4.0,0.0
410,3928,5.0,0.0
577,2641,3.0,3.14
249,103335,4.5,4.27
246,82461,4.0,3.27
393,5679,3.5,3.31
578,8533,5.0,3.51
409,2581,2.0,2.91
18,158972,3.5,0.0
561,48780,3.5,4.35
89,5621,5.0,1.84
359,2701,3.0,2.34
555,1196,5.0,4.4
169,344,3.5,3.03
232,8531,2.5,3.23
249,6281,4.0,3.56
410,4246,3.0,3.64
298,3751,2.5,3.59
52,45447,3.5,3.25
438,2723,2.0,3.09
223,780,3.5,3.49
18,33004,3.0,3.58
381,64575,3.0,3.33
381,2085,3.0,3.4
603,308,4.0,4.15
51,45666,3.5,2.9
414,31162,3.0,0.0
354,318,4.5,4.57
222,6711,3.0,4.16
156,562,4.0,3.82
344,1214,1.0,4.0
202,2571,4.0,4.35
113,1235,5.0,4.29
606,30848,3.5,0.0
274,37475,3.0,0.0
298,8641,4.0,3.97
435,2002,4.0,2.91
66,3809,4.0,3.27
298,46578,3.5,4.1
434,6016,5.0,4.3
387,2315,1.0,3.05
448,81784,2.5,2.83
474,671,3.5,3.87
517,91653,3.0,3.22
606,105,3.5,3.32
570,708,3.5,3.43
607,4022,4.0,3.75
140,6219,3.0,0.0
274,6564,2.5,2.84
72,2858,4.5,4.07
1,2116,5.0,2.9
162,62,5.0,3.68
212,177593,5.0,4.6
279,8665,3.0,3.91
62,102125,3.5,3.93
353,380,3.0,3.61
380,27839,2.0,2.42
414,2657,4.0,3.81
105,4995,4.0,4.45
590,329,3.0,3.46
220,2502,5.0,4.23
555,1208,5.0,4.26
212,76093,2.5,4.08
222,2125,2.5,3.56
525,2080,2.0,3.65
240,637,4.0,3.45
274,42285,3.0,0.0
152,64716,4.0,4.26
387,47465,1.5,0.0
129,31184,4.5,3.16
160,2745,3.0,3.53
370,7361,4.0,4.24
199,4339,3.5,3.82
598,5816,5.0,3.61
474,516,2.0,3.55
414,802,3.0,3.94
474,3350,4.0,4.21
517,2355,0.5,3.69
599,3141,1.5,0.0
541,218,4.0,3.4
68,1297,3.0,3.95
505,3461,4.0,3.0
469,3499,4.0,4.09
452,170,4.0,3.36
479,515,4.0,3.56
21,117590,3.5,4.19
600,374,3.0,2.5
132,39183,3.5,3.64
470,10,3.0,3.48
298,53894,3.0,3.94
307,562,2.0,3.96
312,5010,3.0,3.9
517,47629,4.0,3.92
524,737,3.0,2.48
129,6093,4.5,0.0
271,2329,3.0,4.21
307,61132,4.0,3.92
40,454,4.0,3.62
480,7160,3.5,3.34
567,156726,0.5,3.88
19,2694,2.0,3.33
365,62434,4.0,3.62
596,3285,2.0,3.23
599,5004,3.5,3.99
443,260,4.0,4.24
610,3908,2.5,0.0
244,445,4.0,2.66
599,2916,3.0,4.26
161,1093,4.0,3.52
580,1884,5.0,4.07
234,737,4.0,2.49
414,1221,5.0,4.6
249,101864,3.5,4.16
249,85510,3.5,3.36
226,1035,3.0,4.12
26,349,3.0,3.72
201,339,5.0,3.61
522,1784,4.0,3.83
160,2412,1.0,2.08
20,4901,3.5,3.55
91,4896,4.0,3.79
401,588,3.0,3.88
541,377,3.0,3.62
43,532,4.0,3.12
577,2245,4.0,3.2
380,1258,4.0,4.5
310,1194,4.0,3.4
177,918,4.0,3.9
483,83132,4.0,3.94
483,68073,4.5,3.51
448,78105,1.0,3.62
113,351,5.0,3.21
599,86190,3.5,3.63
546,3408,4.0,3.49
307,1213,4.0,4.51
559,48,3.0,3.34
352,79091,4.0,3.94
438,6367,3.0,2.97
354,2700,2.5,4.03
13,3300,4.0,3.56
600,46578,4.5,4.06
528,589,4.0,4.05
452,10,4.0,3.6
453,2879,4.0,3.22
83,595,3.5,3.82
444,266,3.0,3.43
600,1676,0.5,3.46
380,34150,4.0,3.24
137,903,4.0,4.1
448,6764,2.5,3.58
176,520,3.0,2.99
474,4848,3.5,3.72
606,4671,3.5,0.0
380,2124,5.0,3.56
525,122920,3.5,3.95
200,4306,3.0,4.12
3,914,0.5,4.07
489,51077,1.0,2.43
132,3317,3.5,3.76
11,648,4.0,3.63
500,2916,3.0,3.7
307,45728,4.0,3.99
603,2918,4.0,4.06
453,648,3.0,3.73
305,145418,4.0,0.0
221,348,4.5,3.8
563,96821,4.0,3.95
89,69304,4.0,0.0
501,141,5.0,3.55
596,162350,4.0,3.49
414,4452,2.0,2.68
171,1208,5.0,4.23
288,3985,3.0,3.63
579,367,4.0,3.22
606,3551,3.5,3.85
425,2115,4.0,3.78
15,2858,4.0,4.1
213,51935,3.5,3.94
318,6025,4.0,2.34
523,4014,5.0,3.61
292,260,4.0,4.42
376,59369,5.0,3.7
606,55052,3.5,3.51
573,8783,2.0,3.27
136,367,4.0,3.25
89,83969,5.0,0.0
605,2124,3.0,3.37
362,296,5.0,4.31
543,68157,4.0,4.14
480,51255,4.0,4.35
525,76093,4.0,4.19
599,2126,3.0,2.78
381,41571,3.5,3.5
68,1307,3.5,4.14
307,40826,3.0,3.0
480,34,4.0,3.76
534,80615,4.0,0.0
448,95875,1.5,3.35
372,41,4.0,3.7
610,50794,3.0,2.96
469,671,1.0,3.65
396,277,1.0,3.3
179,725,3.0,2.41
182,3978,3.5,3.19
474,31260,3.5,0.0
241,55247,3.5,3.97
232,4886,4.0,4.2
83,3155,3.5,3.71
249,6888,2.5,2.21
608,1499,3.0,1.68
254,5445,3.5,3.73
603,2512,5.0,0.0
240,318,3.0,4.5
369,1967,3.5,3.94
606,3260,4.5,4.19
372,1206,2.0,4.18
429,165,4.0,3.67
292,70286,2.0,4.08
448,105254,3.0,0.0
225,1717,2.0,3.06
602,357,4.0,3.57
475,106487,4.5,3.63
216,2857,4.0,3.18
419,72378,4.0,2.76
260,2859,4.5,3.76
385,206,2.0,0.0
52,2571,5.0,4.3
474,1010,3.0,2.92
474,2634,3.0,2.88
580,4776,3.5,3.91
479,435,3.0,2.53
20,3565,3.0,3.48
158,6502,4.0,4.02
448,3646,3.0,2.23
195,300,4.0,3.48
599,4308,2.5,3.8
380,3697,4.0,2.89
606,27266,4.0,4.34
17,1100,3.5,2.94
274,46970,3.5,3.6
249,3114,3.5,4.16
80,81417,3.5,3.69
292,2085,4.5,3.37
64,762,3.0,2.53
474,8600,3.5,0.0
19,1923,4.0,3.83
288,2761,4.0,4.35
222,53322,3.5,3.68
307,6040,1.5,2.38
448,4732,1.5,2.42
18,53464,2.5,2.61
414,53123,4.0,3.81
318,3615,3.0,3.3
438,4226,4.5,4.28
4,2926,5.0,3.15
265,2527,4.0,3.49
555,3707,3.0,2.87
241,55442,4.0,4.18
91,4007,3.5,4.07
231,1291,4.0,4.17
599,1609,2.5,2.45
156,3076,3.0,3.79
434,296,5.0,4.35
156,947,5.0,3.4
357,1259,4.0,4.14
570,1721,3.0,3.51
485,329,4.0,3.45
62,74228,3.5,0.0
65,55247,5.0,3.97
480,4975,4.0,3.77
323,357,3.5,3.54
274,8666,2.0,1.11
497,86781,5.0,4.39
298,79553,0.5,3.59
102,377,3.0,3.61
225,2001,4.0,3.19
140,1015,4.0,3.15
474,8011,4.0,0.0
354,1569,4.0,3.52
597,1148,5.0,4.11
590,4361,4.5,3.56
198,778,4.0,4.15
216,3994,5.0,3.59
610,3916,3.5,4.04
373,153,3.0,2.97
580,5445,4.5,3.81
210,95167,3.0,3.57
45,1934,3.0,4.28
198,24,4.0,3.32
68,2808,3.5,2.02
202,1280,4.0,4.34
339,115969,4.0,0.0
474,6238,3.5,2.7
182,198,4.0,3.46
177,2153,2.0,2.57
45,3248,2.0,2.05
599,4509,1.5,3.7
414,193,2.0,3.1
64,2571,4.0,4.46
221,6016,5.0,4.29
220,2028,5.0,4.27
372,36,3.0,3.87
590,942,4.0,4.47
62,115713,4.0,4.18
317,68358,3.0,4.05
448,5299,4.0,3.57
275,1542,3.0,3.87
50,1391,3.0,3.18
305,76093,4.0,4.23
232,37729,3.0,3.68
200,3489,3.0,3.55
436,258,3.0,2.78
261,1089,4.5,4.25
135,1206,5.0,4.2
600,1732,3.5,4.11
304,260,5.0,4.32
86,2858,4.0,4.08
599,6213,2.0,3.04
294,1689,2.0,2.3
326,133771,5.0,3.95
219,47,3.5,4.25
307,62,3.0,3.79
93,1615,4.0,3.02
182,1835,3.0,3.65
382,910,4.0,3.96
27,2142,3.0,2.26
434,2194,4.0,4.0
153,2396,2.5,3.87
73,4878,5.0,4.1
28,3105,2.5,3.98
39,1073,3.0,3.97
436,234,1.0,2.64
387,2712,4.0,3.53
202,29,4.0,4.18
330,58,5.0,4.11
414,21,4.0,3.51
47,4878,0.5,4.03
294,2352,4.0,4.06
221,29,4.5,4.13
383,2762,5.0,3.89
370,8636,4.0,3.86
373,150,2.0,3.88
298,27773,4.0,4.26
144,6377,5.0,4.06
525,2398,4.5,3.91
41,71899,4.0,4.4
577,986,3.0,3.62
391,3083,5.0,4.15
177,2687,2.0,3.7
570,2618,3.5,3.23
448,115680,3.5,0.0
295,4226,4.5,4.16
555,1674,4.0,3.85
474,5629,2.0,0.0
354,1210,4.0,4.31
111,81834,4.0,4.32
415,2571,4.5,4.27
434,2628,0.5,3.23
387,8042,4.0,4.13
186,2034,2.0,2.7
339,3996,3.0,4.01
599,116044,1.5,0.0
122,78209,4.0,3.63
483,160,3.5,3.04
298,3535,3.5,3.98
470,356,5.0,4.22
182,2447,3.5,3.49
249,106920,5.0,4.52
594,586,5.0,3.15
221,6539,3.5,3.89
425,2329,4.0,4.38
80,103249,4.0,2.87
432,7458,4.0,3.4
177,2918,4.0,4.19
15,2150,5.0,3.79
185,4878,4.0,4.02
119,140711,1.5,3.1
414,1552,3.0,3.57
216,2863,5.0,3.36
381,3968,4.0,3.21
387,1658,2.0,3.17
573,1197,3.0,4.4
68,106487,4.0,3.77
141,3552,5.0,3.83
357,1387,4.0,4.24
288,2016,3.0,2.86
144,253,4.5,3.54
177,6412,4.0,0.0
474,2796,0.5,3.19
414,101,4.0,4.3
57,1100,2.0,3.04
82,5445,3.0,3.74
190,88125,5.0,3.89
534,78469,4.0,3.19
517,933,1.5,4.4
466,5010,3.5,3.89
517,509,3.5,3.66
549,1291,3.0,4.18
606,2819,4.0,3.81
474,39292,4.0,3.94
332,2905,4.5,4.07
185,2565,4.0,4.18
45,543,5.0,3.41
425,172,3.5,2.74
608,4816,3.0,3.57
567,156607,0.5,1.28
356,55830,3.0,3.35
381,2100,3.5,3.33
141,520,4.0,3.05
401,595,3.0,3.85
32,6,3.0,4.02
249,79702,4.5,4.43
361,1035,2.0,3.99
387,2123,3.0,2.82
561,78469,3.0,3.16
583,149354,4.0,2.79
607,1210,3.0,4.25
288,1083,3.0,3.49
111,3253,5.0,3.53
202,1097,4.0,3.94
347,500,3.0,3.47
89,126921,5.0,0.0
603,968,5.0,3.84
40,159,3.0,2.78
572,1569,4.0,3.46
74,3246,4.0,4.32
417,97938,3.5,3.74
177,81834,5.0,4.29
466,1196,2.5,4.28
298,65642,4.0,4.0
509,36529,2.0,3.82
448,1148,4.0,4.26
193,260,5.0,4.23
195,1370,3.0,3.49
89,32596,3.0,3.11
358,902,4.0,3.89
219,165,4.5,3.91
610,30793,3.0,3.23
63,30810,2.5,3.67
514,2268,4.5,3.9
222,4388,2.5,2.61
84,532,3.0,3.19
339,91630,4.0,3.8
381,34338,1.0,3.73
58,455,2.0,2.53
62,104374,4.5,4.28
599,1961,3.5,4.27
89,167380,4.5,0.0
280,52245,2.5,3.22
103,27706,3.5,3.33
102,293,3.0,4.06
354,35836,3.5,3.71
590,2571,4.0,4.51
76,72129,4.5,0.0
167,6857,4.0,3.65
452,1136,5.0,4.23
394,34,3.0,3.61
567,87232,2.5,3.91
68,71579,3.5,3.93
462,2144,3.5,3.8
182,1912,4.0,4.18
377,909,4.0,4.04
600,48783,1.0,3.76
89,88,2.0,3.23
318,87232,3.0,4.12
520,7367,4.0,2.14
334,42728,3.0,3.74
474,6669,4.0,3.36
469,3697,2.0,2.9
596,59667,4.0,0.0
111,96432,3.5,3.84
28,64957,4.5,3.85
454,55820,3.5,3.93
129,1527,4.5,3.74
103,492,4.0,4.04
561,4816,3.0,3.6
475,112852,4.5,4.34
474,3393,2.0,0.0
448,3564,2.0,2.15
473,1760,0.5,1.45
21,160565,1.0,0.0
192,110,3.0,4.03
420,8622,4.0,3.55
119,138210,5.0,3.12
534,87192,3.0,3.44
135,4128,4.0,3.78
320,3745,3.5,3.37
489,296,4.0,4.37
6,340,4.0,3.36
414,8587,3.5,0.0
382,65685,3.5,3.43
599,2991,2.5,3.76
603,164,4.0,3.71
370,2918,3.5,3.89
520,2571,5.0,4.29
365,95720,4.0,2.78
420,53125,3.5,3.55
474,1967,3.0,4.08
448,30793,3.0,3.17
522,2082,1.5,2.8
480,4823,2.5,3.13
387,5397,1.5,0.0
603,3197,2.0,2.93
158,837,2.5,3.38
95,5247,4.0,2.6
114,122886,2.5,3.89
352,3408,4.0,3.61
599,79057,2.5,4.07
19,339,3.0,3.7
469,2204,4.0,3.81
610,98499,3.0,0.0
217,153,2.0,3.09
599,27595,0.5,0.0
105,5956,4.0,3.9
514,6989,3.5,0.0
290,1945,5.0,4.26
182,6001,4.0,4.44
15,356,5.0,4.27
19,1881,1.0,0.0
89,142196,4.5,0.0
357,3578,4.5,4.13
307,2369,2.0,2.56
483,72011,4.5,3.82
150,58,3.0,4.02
567,6291,3.0,0.0
406,1022,3.5,3.51
599,52973,2.5,4.09
57,653,3.0,3.23
186,4643,4.0,2.79
240,1367,3.0,3.15
210,122886,5.0,3.96
68,1954,3.5,4.37
564,104374,4.0,3.94
304,529,5.0,3.89
405,6023,4.0,0.0
606,4828,3.5,0.0
226,2161,4.5,3.8
599,178061,3.0,3.78
177,709,2.5,3.33
428,4228,2.0,1.86
517,1031,3.5,3.49
560,4023,2.5,3.19
10,6942,4.0,3.78
249,1722,3.5,3.19
590,1233,4.5,4.34
274,586,3.5,3.6
377,2311,4.5,3.72
307,31,1.5,3.47
45,4104,1.0,0.0
234,2406,4.0,3.6
387,1227,4.0,4.18
580,858,4.5,4.52
233,78105,1.5,3.25
590,1093,2.5,3.68
411,432,3.0,2.6
137,1208,5.0,4.26
312,3070,4.0,3.29
380,7570,4.0,3.35
1,1644,3.0,2.14
219,49272,4.5,4.12
140,5899,3.0,4.14
288,1252,3.5,4.51
307,4619,3.0,0.0
610,215,5.0,3.86
213,80363,3.5,2.9
302,14,4.0,3.84
567,8636,3.5,3.9
210,1527,5.0,3.73
569,316,4.0,3.35
445,750,5.0,4.31
62,45517,3.0,3.44
480,8983,3.5,3.69
489,81845,4.0,4.31
91,357,1.5,3.68
414,6022,4.0,0.0
140,3494,4.0,4.04
448,97836,2.5,3.73
460,3831,4.5,3.86
543,1388,5.0,2.28
288,3074,3.0,4.86
352,53322,4.0,3.72
590,2529,5.0,3.99
425,6016,4.5,4.29
605,54259,4.0,3.55
156,750,5.0,4.41
501,21,3.0,3.58
607,2791,4.0,3.93
234,480,5.0,3.88
28,3006,2.5,4.0
170,539,4.0,3.54
131,5952,3.5,4.08
294,608,4.0,4.17
599,1726,2.5,2.53
307,2329,5.0,4.5
601,166024,5.0,0.0
16,5971,4.0,3.89
380,3639,3.0,3.56
232,2096,2.5,3.63
177,89939,3.0,0.0
307,4148,3.0,2.99
241,2324,4.5,4.15
41,34319,3.0,3.48
32,852,4.0,3.21
610,57368,4.0,3.69
274,54190,4.0,4.28
338,174053,5.0,0.0
190,4447,3.5,3.19
414,3258,2.0,3.49
244,10,5.0,3.5
484,42725,4.0,2.46
288,3869,4.0,3.3
499,40826,4.0,3.01
583,5620,4.0,3.03
448,35836,4.0,3.99
68,1120,3.5,3.91
371,2571,5.0,4.21
47,47099,2.5,3.87
341,104218,3.0,3.53
437,50,4.0,4.26
480,1193,3.5,4.47
236,1214,5.0,3.98
227,1196,4.0,4.26
477,54256,4.0,2.53
448,139052,2.0,0.0
555,2021,3.0,3.5
307,27,2.5,3.27
177,84152,3.5,4.16
68,7143,4.5,4.24
118,2278,4.0,3.59
414,3753,3.0,4.25
19,2642,1.0,2.39
304,1374,5.0,3.76
597,1302,5.0,3.74
327,2706,5.0,3.41
220,2329,5.0,4.33
477,31658,5.0,4.33
554,1951,4.0,3.38
327,2338,3.5,2.28
160,1097,3.0,3.92
462,1288,3.5,4.03
200,2340,4.5,3.27
514,1997,4.0,4.03
316,2571,4.5,4.2
599,59336,3.0,0.0
173,500,4.0,3.45
477,1653,3.5,4.25
122,19,3.5,2.94
489,2990,3.5,3.45
380,19,5.0,3.14
99,23,4.0,3.02
177,2761,2.0,4.3
386,16,4.0,3.98
100,6059,4.5,3.4
32,708,4.0,3.38
156,3224,5.0,0.0
91,1291,4.0,4.36
410,4019,2.0,3.73
42,3082,5.0,3.44
159,68954,3.0,4.11
187,1690,4.0,2.98
600,924,4.0,3.98
541,153,3.0,2.98
576,3082,4.5,3.25
534,1831,3.5,2.56
319,69844,4.5,3.93
182,2021,4.5,3.44
135,919,5.0,3.89
414,3703,4.0,3.77
382,743,2.0,2.58
70,246,4.5,4.3
577,1214,4.0,4.06
599,349,3.0,4.1
534,58559,2.0,4.55
76,47,3.5,4.05
68,81932,4.0,4.19
610,3893,3.5,3.43
608,2617,4.0,3.31
185,1288,3.0,3.95
314,260,5.0,4.23
477,72998,4.0,3.9
480,6003,3.5,3.71
490,44555,4.0,4.15
51,953,5.0,4.15
275,1228,5.0,4.32
249,364,5.0,4.37
187,3681,4.5,4.25
288,647,3.0,3.75
305,120799,2.5,2.97
325,2716,4.0,3.79
446,555,3.0,3.8
15,2028,3.5,4.22
469,2355,3.0,3.77
455,597,4.0,3.57
161,2617,4.0,3.11
555,813,2.0,3.52
265,969,5.0,4.11
312,542,1.0,3.06
80,6934,4.5,3.22
586,187593,4.0,4.34
193,1206,5.0,4.14
594,1569,4.5,3.47
367,3483,2.0,3.19
605,72998,3.5,3.7
66,6996,2.0,1.99
430,2355,2.0,3.58
432,46723,4.5,3.57
322,1923,4.0,3.7
159,84954,3.0,3.44
440,1214,4.5,3.98
287,2028,3.5,4.14
438,4975,3.5,3.73
200,150,4.0,3.98
91,29,4.0,4.14
307,2888,1.0,2.05
586,62999,5.0,3.7
350,858,3.0,4.29
372,280,3.0,4.32
380,5506,4.0,0.0
249,7361,4.0,4.58
125,4864,2.5,0.0
380,2092,2.5,2.91
287,1206,2.5,4.16
435,68358,4.5,3.94
166,4027,4.5,3.88
124,2712,3.5,3.4
483,55269,4.0,3.79
182,1136,4.0,4.42
219,6874,4.5,4.02
458,592,3.0,3.52
448,2533,2.0,3.21
307,4091,3.5,3.18
497,2712,3.0,3.41
182,780,1.5,3.73
79,1580,4.0,3.51
6,32,4.0,4.01
377,849,4.5,2.9
288,2393,3.5,2.92
336,38798,3.5,2.96
379,587,3.0,3.44
448,94864,2.5,3.66
561,122886,4.0,3.95
68,41724,4.5,0.0
534,6373,3.5,3.5
322,2268,5.0,3.83
447,427,4.0,2.17
326,3556,4.5,3.94
493,1918,4.0,2.84
561,2105,3.0,3.35
140,1266,4.0,4.29
599,4215,1.5,0.0
294,1918,4.0,2.85
387,1370,2.5,3.66
152,7156,4.5,4.24
200,6373,4.0,3.41
111,51662,4.0,3.89
408,6595,3.5,3.25
288,2537,1.0,2.63
480,1183,4.5,3.79
232,43928,2.5,1.89
474,6350,4.0,4.42
474,2858,3.5,4.34
309,1172,5.0,3.97
448,2693,4.0,2.34
414,1866,2.0,3.97
249,1923,3.5,3.97
159,2424,3.0,3.15
288,1425,3.5,3.09
43,173,3.0,2.66
561,135569,3.5,3.62
308,117192,5.0,0.0
250,318,5.0,4.47
18,5903,3.5,4.25
447,553,4.0,3.88
28,1256,4.0,3.77
536,45,5.0,3.27
414,3615,3.0,3.38
84,5,3.0,3.05
115,487,5.0,1.47
608,837,3.0,3.56
606,50872,4.0,4.27
51,141,3.5,3.64
382,2881,3.5,3.0
274,648,3.5,4.0
357,3243,3.5,2.56
454,2908,4.5,3.46
221,1466,4.0,3.8
380,7369,3.0,1.77
66,1378,4.0,3.15
607,208,3.0,2.98
357,2144,4.5,3.78
105,66097,3.0,4.06
560,3826,4.0,2.41
83,7438,0.5,3.88
580,5617,4.5,4.02
357,3396,3.5,3.9
217,65,1.0,2.82
263,163,4.0,3.63
202,1300,4.0,4.3
528,91529,4.5,4.06
222,344,4.0,3.08
448,1019,3.0,3.78
222,1036,3.0,3.94
152,1203,5.0,4.15
495,6874,5.0,3.97
414,4299,3.0,4.12
580,1603,3.0,2.5
266,3156,1.0,2.73
579,3034,3.0,3.51
434,51662,3.5,3.77
483,2594,4.0,3.83
89,750,4.5,4.32
140,4259,4.0,3.25
336,628,4.5,3.58
274,7258,3.5,2.34
564,90405,2.0,3.54
216,1198,5.0,4.29
546,3918,5.0,2.98
580,2021,4.5,3.39
305,5618,5.0,4.39
329,1732,0.5,3.99
599,4728,2.0,3.5
339,96829,4.0,4.04
580,1210,4.0,4.35
391,2966,3.0,4.06
116,3072,2.5,3.59
122,1968,4.5,3.89
288,4002,4.0,3.97
42,2433,3.0,3.26
74,3481,3.5,3.68
125,96588,4.0,3.79
414,4366,3.0,3.89
295,1586,2.0,2.85
414,5209,2.0,0.0
477,4014,4.0,3.67
364,786,4.0,3.24
579,538,3.0,3.85
333,3785,3.0,2.89
18,5349,4.0,3.76
332,3994,3.0,3.66
113,4040,3.0,2.34
301,21,4.0,3.58
318,68159,4.0,0.0
104,5577,1.5,3.73
140,6386,4.0,0.0
480,3948,2.0,3.81
256,103253,3.5,3.31
414,610,4.0,3.93
33,1245,5.0,4.21
182,3481,4.5,3.83
567,104074,0.5,0.0
559,653,3.0,3.17
606,6970,4.0,0.0
84,247,4.0,4.04
139,5816,3.0,3.62
325,2150,4.0,3.85
414,4242,2.0,0.0
68,81834,5.0,4.47
555,75,3.0,2.13
177,1931,4.0,0.0
178,33903,4.5,4.04
182,3462,4.5,3.75
599,44195,2.5,4.14
63,4734,3.5,3.17
186,1947,4.0,3.75
606,6996,1.5,2.15
484,30825,4.0,3.1
221,4641,4.0,3.37
474,7036,3.5,2.57
117,534,3.0,3.67
202,2533,3.0,3.05
448,116977,1.5,2.88
111,6944,4.0,3.42
249,49278,4.0,3.67
69,2571,5.0,4.24
483,89745,4.0,4.22
358,85334,0.5,0.0
156,1179,5.0,3.72
385,531,3.0,3.29
561,1784,3.0,3.97
385,1387,3.0,4.18
42,1805,4.0,2.98
19,3082,2.0,3.41
274,6764,3.5,3.65
363,260,2.0,4.23
322,2692,4.0,4.03
294,3608,1.0,2.84
160,1019,5.0,3.57
91,2654,2.0,4.41
599,5553,2.0,3.43
474,8534,3.5,0.0
606,3451,5.0,4.53
16,1193,4.0,4.26
587,1307,5.0,3.87
552,317,2.0,3.25
371,1748,5.0,3.83
438,4900,3.0,0.0
380,75985,3.0,4.05
608,2529,3.5,3.95
432,57274,5.0,3.98
190,4963,3.0,3.98
408,55908,5.0,4.23
16,3429,3.5,4.32
517,69844,3.0,4.01
340,253,4.0,3.5
215,223,3.5,3.97
275,25,3.0,3.84
387,5047,0.5,3.8
425,165,3.5,3.81
288,2949,3.5,4.06
141,1682,3.0,3.92
509,101577,3.5,2.37
381,1046,5.0,4.43
575,2598,4.0,2.8
480,3969,4.0,3.5
155,432,4.0,2.54
570,380,3.5,3.67
91,1407,4.0,3.46
606,2996,3.0,3.11
452,541,5.0,4.14
52,89745,5.0,4.02
42,2490,4.0,3.43
534,108190,2.0,3.59
228,1385,3.0,3.03
249,103141,4.0,4.46
301,1680,3.5,3.62
356,5673,3.5,3.64
89,78142,4.5,0.0
230,5459,4.0,2.92
93,2822,4.0,2.73
220,5816,4.5,3.67
233,78103,2.5,0.0
19,3744,2.0,2.94
380,181,4.0,2.43
219,1805,4.0,2.95
179,47,4.0,4.03
600,2088,3.5,2.39
599,4477,1.5,1.62
469,798,2.0,2.95
353,292,4.0,3.44
182,3247,2.0,3.29
414,3157,4.0,2.46
275,4023,4.0,3.11
563,3882,3.0,2.8
89,4928,2.0,0.0
535,2688,2.0,3.1
339,1178,4.5,4.49
517,91094,1.0,2.72
603,1997,4.0,4.14
474,8778,3.5,0.0
21,130450,3.0,2.42
474,8487,3.0,0.0
448,7102,2.5,2.74
328,750,5.0,4.37
324,3978,3.0,3.01
359,1225,5.0,4.18
167,8665,3.5,3.91
260,7438,4.0,3.9
480,1784,3.5,4.08
181,489,3.0,0.0
524,587,4.0,3.46
261,1920,1.5,3.09
369,1625,4.5,3.7
603,207,4.0,3.45
27,1304,3.0,4.03
304,1584,5.0,3.74
105,141836,4.5,0.0
200,1270,4.0,4.15
275,1966,4.0,3.62
263,2875,4.0,2.99
414,44199,4.0,4.7
339,7156,5.0,4.23
135,3852,4.0,3.1
448,3744,1.5,3.14
225,1214,4.0,3.99
235,208,1.0,2.97
484,93510,4.5,4.12
448,26700,2.5,0.0
68,1676,2.0,3.55
156,2455,2.5,3.59
506,52973,3.5,3.78
357,5445,4.0,3.8
286,454,4.0,3.64
20,3967,4.5,3.9
509,2541,3.5,3.26
567,102088,2.0,0.0
608,610,3.5,3.65
100,932,4.0,3.39
19,497,3.0,3.88
593,318,4.5,4.53
356,208,4.0,2.97
386,173,2.0,2.62
474,7614,4.0,0.0
249,78105,3.0,3.57
474,2433,2.0,3.07
288,2418,4.0,3.05
391,800,5.0,4.04
402,852,3.0,3.21
462,2677,4.5,4.6
474,1148,4.0,4.44
483,81845,5.0,4.42
142,457,4.0,4.03
307,4448,4.0,3.54
105,3916,4.0,3.86
597,2353,2.0,3.6
482,7450,1.0,3.36
166,367,3.5,3.26
234,3624,5.0,3.26
6,54,4.0,1.48
381,32,3.5,4.11
337,376,4.0,3.3
603,306,4.0,4.37
64,1136,4.0,4.39
239,33679,4.0,3.51
414,6851,3.5,0.0
462,5225,3.0,4.03
132,1270,3.5,4.08
605,594,3.0,3.62
294,2006,2.0,3.24
330,2706,2.0,3.51
132,2572,4.0,3.61
452,527,5.0,4.28
225,1060,4.0,3.61
484,3798,3.5,3.31
60,858,5.0,4.31
391,778,5.0,4.23
419,2959,5.0,4.33
117,442,3.0,3.15
380,72601,3.0,0.0
386,318,3.0,4.48
380,7310,4.0,0.0
82,6863,3.5,3.44
217,349,4.0,3.89
330,260,4.0,4.37
50,93326,1.0,2.89
89,132496,4.5,0.0
66,1326,0.5,1.39
19,379,2.0,2.42
274,1894,2.5,3.19
42,2155,3.0,3.6
100,357,4.0,3.56
330,208,4.0,2.97
330,1073,5.0,4.07
85,1696,2.0,0.0
567,183897,3.5,3.91
555,2448,3.0,2.67
414,48783,4.0,4.06
555,3033,3.0,3.57
125,91690,4.5,3.25
561,4018,2.0,3.27
562,110,4.0,4.17
448,1459,2.0,3.1
331,8874,5.0,4.15
177,380,3.0,3.81
166,1249,4.5,4.06
327,1202,3.5,3.72
184,58559,5.0,4.31
319,6377,3.5,3.99
171,1201,5.0,4.21
482,1307,4.0,3.86
4,1198,3.0,4.33
414,3755,3.0,3.59
239,5816,4.0,3.67
477,48780,4.5,4.33
474,26151,3.5,0.0
135,3793,4.0,3.81
534,41569,4.0,3.38
167,1380,0.5,3.27
232,58299,3.5,3.48
68,3988,3.0,3.33
438,5944,3.0,3.33
202,923,5.0,4.03
216,3210,4.0,3.44
71,62,4.0,3.68
1,1617,5.0,4.07
45,1921,5.0,3.93
325,858,5.0,4.38
411,509,2.0,3.63
599,33966,1.5,0.0
68,63859,3.5,3.85
74,6787,5.0,4.07
268,1680,3.0,3.59
64,5502,4.5,3.28
225,2633,4.0,0.0
477,3036,4.0,3.53
140,34,4.0,3.68
489,63082,3.5,4.07
307,6709,3.0,3.48
534,116529,3.0,0.0
599,4928,2.5,0.0
474,2141,2.0,3.92
432,1092,3.5,3.27
322,2617,3.5,3.12
66,4787,4.0,3.38
380,8368,3.0,4.08
50,4914,4.0,3.97
352,122882,3.5,3.85
448,2792,3.0,2.95
606,6863,3.0,3.52
91,1215,5.0,4.18
4,190,2.0,2.37
105,2931,4.5,0.0
229,34,5.0,3.62
385,552,3.0,3.38
365,7153,3.0,4.22
524,592,3.0,3.53
232,33639,3.0,0.0
564,73319,3.5,2.51
63,33004,3.5,3.49
608,107,3.0,3.69
470,613,3.0,3.83
233,44555,3.5,4.16
600,2423,3.5,3.84
274,69951,4.0,3.81
477,3300,4.0,3.78
387,4390,3.0,0.0
525,1682,4.5,4.04
517,45722,3.5,3.56
249,106487,4.5,3.88
448,122890,1.5,4.14
57,2429,1.0,3.53
288,1982,4.0,4.08
483,1201,5.0,4.41
61,4993,4.5,4.19
257,2406,3.5,3.5
603,1274,1.0,3.72
497,551,4.0,3.52
99,248,3.0,3.29
514,595,4.0,3.92
425,8640,3.0,3.01
176,10,5.0,3.46
426,56367,4.5,3.76
136,207,5.0,3.3
204,2329,5.0,4.23
177,95167,4.0,4.01
606,26527,4.0,0.0
448,4881,3.0,4.25
68,35836,4.5,3.96
68,93721,4.5,4.77
607,3386,4.0,3.47
380,107723,3.0,0.0
298,2167,2.5,3.59
140,5481,1.0,3.03
368,1954,4.0,3.93
166,54997,4.5,3.99
448,102165,2.0,0.0
82,780,4.0,3.61
448,2090,4.0,3.76
420,1203,4.0,4.15
357,1258,5.0,4.25
152,318,3.5,4.5
586,1270,4.5,4.08
298,58156,1.5,3.15
82,6548,4.5,2.97
169,5014,4.5,3.76
89,76293,3.5,3.25
27,1721,5.0,3.45
600,4310,2.0,2.9
239,52973,3.5,3.93
600,2596,2.0,4.13
589,318,5.0,4.49
105,112852,4.0,4.42
20,5991,5.0,3.71
140,3557,3.0,2.78
380,216,3.0,3.85
414,1667,2.0,1.41
274,1920,3.5,3.49
80,94864,5.0,3.36
339,89864,4.0,3.78
244,1370,4.0,3.46
129,4310,4.0,2.82
413,1221,4.5,4.28
246,57640,3.5,3.88
474,4489,2.0,3.59
265,832,3.0,3.42
62,56174,4.0,3.73
232,48596,2.5,0.0
356,5902,4.0,4.06
460,541,3.0,4.1
425,1610,3.5,3.91
213,3285,4.0,3.16
305,63062,3.0,3.78
504,342,3.5,3.23
184,189333,4.0,0.0
381,34048,3.5,3.41
137,1196,4.0,4.29
469,1388,3.0,2.28
474,2875,3.0,3.14
482,4133,3.0,2.51
290,800,5.0,4.05
237,2571,4.0,4.21
78,377,3.5,3.61
464,2021,4.5,3.35
66,1093,3.5,3.63
475,6377,3.5,4.14
290,188,3.0,3.6
103,4226,5.0,4.33
414,2094,2.0,3.28
380,2403,5.0,3.96
332,4034,3.5,4.04
66,1302,4.5,3.67
380,2094,5.0,3.26
387,51077,1.5,2.46
292,80839,2.5,0.0
22,8958,2.0,3.7
596,8636,3.0,3.95
274,6796,3.5,4.33
318,3476,4.0,3.49
454,68237,4.0,3.96
105,134849,4.0,0.0
489,924,4.0,3.97
567,184253,0.5,0.0
489,26900,3.0,0.0
592,315,2.0,3.3
12,222,5.0,3.68
534,4370,4.0,3.46
270,661,5.0,3.31
588,592,2.0,3.51
456,1407,5.0,3.3
448,86142,3.0,5.0
16,1199,5.0,4.23
381,4367,4.0,3.01
298,8531,2.5,3.15
483,8533,4.0,3.85
589,1084,4.0,4.11
414,6188,4.0,3.95
105,3677,4.5,4.0
268,1616,1.0,3.16
534,79134,3.5,3.5
570,434,2.5,3.13
397,1953,4.5,3.96
85,1140,5.0,0.0
105,2959,5.0,4.49
594,1876,4.5,3.11
132,2108,3.0,3.64
102,253,3.0,3.5
471,158966,4.5,0.0
42,3247,2.0,3.26
599,4370,2.5,3.39
274,1278,4.0,4.2
596,5349,3.5,3.73
559,218,5.0,3.42
410,1131,5.0,4.1
580,8370,4.0,3.77
19,3254,2.0,3.55
68,55247,2.5,4.34
57,329,4.0,3.43
362,103688,4.0,4.17
22,5464,2.0,3.66
610,58301,3.5,4.93
265,2377,2.0,2.66
241,27773,3.5,4.15
221,3253,3.5,3.42
414,2736,4.0,3.8
599,180031,3.5,3.66
474,4138,1.0,0.0
89,39715,3.0,2.11
357,72011,4.0,3.66
144,597,3.0,3.6
151,788,5.0,2.69
229,21,4.0,3.6
318,61323,5.0,3.7
363,141,4.0,3.54
219,8368,2.5,3.93
474,1259,4.0,4.59
448,6514,0.5,0.0
554,2541,4.0,3.24
318,134881,4.0,0.0
68,59258,3.0,3.79
571,2122,3.0,2.04
105,5782,3.5,3.77
414,4219,3.0,3.81
125,4226,4.0,4.31
212,74795,3.0,3.47
199,1721,3.0,3.5
329,136850,5.0,0.0
4,1968,4.0,3.85
356,59141,5.0,0.0
66,7004,3.5,2.72
122,3793,4.0,3.86
68,1090,2.5,4.3
600,1639,2.5,3.74
71,1240,4.0,3.87
91,2355,3.5,3.84
455,253,3.0,3.5
380,54997,5.0,3.94
288,21,4.0,3.55
419,1208,3.0,4.21
47,1968,2.5,3.78
603,1252,5.0,4.48
555,1020,3.0,3.35
96,34,5.0,3.63
288,4370,3.0,3.41
534,1033,4.5,3.83
274,7454,2.0,3.25
412,2150,4.0,3.82
571,3708,2.0,3.18
387,30793,3.5,2.99
483,2953,2.0,2.82
368,485,2.0,3.14
28,32,3.5,4.15
288,3033,4.0,3.61
215,4226,4.0,4.19
274,4735,2.5,2.66
432,595,4.0,3.86
534,6863,4.0,3.47
487,4963,2.5,3.96
313,3262,5.0,3.37
380,48,3.0,3.44
23,858,3.5,4.37
182,6552,4.5,3.91
57,1265,5.0,4.22
606,7016,0.5,0.0
288,2352,3.0,4.17
484,2018,4.5,3.46
438,8968,4.0,3.31
552,594,4.0,3.61
17,1466,3.0,3.76
414,109374,4.0,4.45
469,912,5.0,4.44
368,16,4.0,4.03
219,1097,2.5,3.91
111,109282,3.0,0.0
360,1626,2.0,3.03
5,153,3.0,2.93
10,80549,3.5,3.84
282,2470,4.0,3.2
414,1121,4.0,0.0
274,27837,3.0,2.99
292,7569,4.0,3.86
608,661,3.0,3.43
584,587,5.0,3.48
95,2952,4.0,3.51
525,2142,3.5,2.27
169,3033,4.0,3.46
288,2137,3.0,3.9
564,109372,3.0,0.0
202,2997,5.0,4.08
140,4014,4.0,3.7
66,7293,4.5,3.65
489,2012,4.0,3.66
446,457,3.0,4.06
414,4308,5.0,3.88
599,1674,2.5,3.93
315,1333,3.0,3.72
284,165,5.0,3.7
19,1089,3.0,4.34
414,185,2.0,3.95
177,1377,3.0,3.08
105,5618,4.0,4.34
525,4308,4.0,3.76
555,4000,3.0,0.0
608,1021,1.5,2.48
590,1206,3.0,4.27
561,6711,3.0,4.24
317,94864,4.0,3.35
382,39292,4.5,3.69
387,6035,4.0,0.0
391,4995,4.0,4.25
409,1247,5.0,4.08
428,19,1.0,2.87
265,1961,4.0,3.87
387,2657,2.5,3.56
307,1215,5.0,4.26
166,1210,5.0,4.3
237,6377,3.0,3.98
590,1032,4.0,3.38
391,1277,5.0,3.83
599,538,2.5,4.07
380,5476,3.0,1.93
418,4993,5.0,4.22
599,1171,3.0,3.17
590,2396,4.0,4.12
233,136912,2.0,0.0
282,2355,4.0,3.71
429,234,2.0,2.64
318,76173,3.0,0.0
119,55247,4.0,4.06
10,31685,4.5,3.24
18,59315,4.0,4.09
517,1263,1.0,4.0
28,63062,3.0,3.73
232,3977,3.0,3.08
555,2797,5.0,3.94
6,491,4.0,3.48
352,3510,3.0,3.49
108,5466,3.0,3.98
68,8866,4.5,3.25
132,1298,3.0,3.73
234,60,4.0,3.38
234,2002,3.0,2.96
380,551,5.0,3.66
240,225,4.0,3.61
274,1007,2.0,2.38
140,277,3.0,3.49
62,1645,5.0,3.43
448,1379,4.0,3.61
424,60756,4.0,3.68
599,3723,3.0,3.73
387,2067,4.0,4.45
599,429,1.5,2.06
132,5970,3.0,3.29
20,2033,4.0,3.96
177,546,1.0,2.1
596,1907,4.0,3.83
62,179819,3.5,3.18
426,59784,2.5,3.48
438,3968,2.5,3.18
291,122892,4.0,3.61
451,95,4.0,2.95
477,7701,0.5,1.36
100,605,4.5,3.13
489,2989,3.0,3.49
232,46530,3.0,3.28
21,2571,4.0,4.43
45,2501,4.0,3.99
37,1073,4.0,3.91
509,45720,3.0,4.0
373,539,3.0,3.55
160,1198,3.0,4.4
448,115617,4.0,4.34
68,3254,4.5,3.68
564,115617,1.0,4.02
387,1289,4.0,3.94
474,27815,3.5,4.29
298,4890,2.5,3.05
280,65585,3.5,0.0
82,6958,3.5,2.36
125,113741,4.0,0.0
474,2424,5.0,3.72
139,8874,1.0,4.1
534,53519,4.0,3.45
517,2085,4.0,3.38
219,3082,3.5,3.44
380,6664,5.0,3.43
607,1023,5.0,3.52
366,3949,4.0,3.86
489,468,2.0,3.47
294,2471,1.0,2.66
483,65642,5.0,3.95
560,6952,3.5,3.18
448,112138,4.0,4.4
567,924,1.0,3.94
608,4874,3.0,3.83
606,1672,3.0,3.59
604,344,2.0,3.08
178,4235,4.0,4.04
135,1639,4.0,3.68
602,208,3.0,2.99
62,30793,4.5,3.03
414,1003,2.0,3.75
274,4989,3.5,3.07
105,86882,3.0,3.96
294,1784,3.0,3.87
18,6539,4.5,4.08
414,417,5.0,3.73
599,1091,1.5,2.67
186,4366,3.0,3.5
50,6773,3.5,3.61
7,1240,5.0,3.9
509,98809,3.5,3.94
4,1947,5.0,3.72
219,5219,3.0,3.38
346,902,3.0,3.92
591,3176,3.0,3.28
33,593,5.0,4.21
332,2020,4.0,4.19
590,1372,4.0,3.45
221,6870,4.0,3.84
599,89085,2.5,0.0
68,2617,4.0,3.39
89,97836,2.5,3.15
586,1221,3.0,4.27
66,4128,4.0,3.8
109,490,3.0,3.12
139,96079,3.5,3.87
73,59784,2.5,3.58
505,2959,5.0,4.26
387,2728,3.5,3.72
217,198,2.0,3.49
226,1573,2.5,3.57
391,4848,5.0,3.77
474,345,3.5,3.99
360,1479,1.0,3.32
113,1955,4.0,4.18
232,2628,4.0,3.38
89,88069,4.0,0.0
49,70286,4.0,3.83
28,1214,3.5,4.11
483,3868,4.0,3.38
474,1088,3.5,3.83
575,2599,4.0,3.57
572,2145,2.0,3.18
198,2357,4.0,4.5
45,593,4.0,4.39
577,1017,3.0,3.54
97,3999,3.0,2.55
453,2058,3.0,3.53
39,1027,4.0,2.97
288,48780,3.5,4.32
387,71,1.5,1.82
288,1848,3.0,3.23
68,99114,2.5,4.62
422,1265,4.0,3.99
6,531,3.0,3.37
249,134853,4.5,4.15
500,11,1.0,3.8
475,8907,3.5,2.38
98,7451,3.5,3.66
414,5178,4.0,0.0
64,6957,4.0,3.74
452,4005,3.0,3.54
295,2058,1.5,3.36
185,1393,4.0,3.58
339,69122,3.5,4.01
307,6811,3.5,2.16
279,112552,3.5,4.19
193,5618,5.0,4.11
412,2108,5.0,3.59
169,5943,4.0,2.58
483,3481,3.5,3.81
125,6016,4.0,4.31
263,3996,4.5,3.9
368,3420,3.0,3.31
140,7018,5.0,0.0
357,6483,1.5,0.0
274,2036,2.5,2.13
448,67361,2.0,0.0
6,508,4.0,3.77
482,780,4.5,3.52
563,55250,3.5,0.0
105,26237,4.0,0.0
600,419,3.5,3.16
210,150596,4.5,0.0
277,1429,3.0,3.7
448,69784,3.0,3.54
265,1084,3.0,4.13
477,2335,3.0,3.24
486,464,3.0,3.16
226,2355,3.0,3.79
298,4255,3.0,2.16
600,2136,3.5,2.24
429,252,5.0,3.56
121,595,3.0,3.84
577,5060,4.0,4.03
305,104841,3.0,3.99
288,34162,4.0,3.7
309,971,4.5,4.29
400,1221,4.5,4.3
448,85774,4.5,3.9
610,71341,3.0,0.0
182,253,3.0,3.69
288,880,2.0,2.9
136,276,4.0,3.43
200,6863,5.0,3.51
64,2003,4.5,3.45
233,4027,3.5,3.81
610,1283,3.0,4.08
226,594,3.0,3.68
212,115149,4.0,4.05
474,7371,4.5,4.56
19,329,2.0,3.49
6,5,5.0,3.14
6,347,3.0,3.54
325,3421,3.0,3.81
160,3578,5.0,4.11
91,1036,4.0,4.09
254,344,3.5,3.07
448,91653,4.0,3.65
28,8970,3.0,3.69
483,53519,3.0,3.46
63,4105,3.0,3.84
610,4979,4.0,3.92
606,2289,4.0,4.27
414,94,5.0,4.62
199,5995,5.0,4.09
448,101283,2.5,0.0
482,3087,3.0,3.34
453,2617,4.0,3.21
28,8983,2.0,3.6
232,31433,3.0,2.85
136,348,1.0,3.63
254,3578,4.5,4.08
561,57528,3.0,3.7
438,7169,3.5,4.12
9,5378,3.0,3.22
160,4055,5.0,0.0
606,7916,3.5,0.0
18,30793,4.0,3.05
515,60069,5.0,4.12
217,3489,2.0,3.56
177,2353,3.0,3.65
249,55830,3.5,3.76
381,551,5.0,3.53
298,3317,3.0,3.77
480,788,2.5,3.05
183,1036,4.0,3.88
282,527,5.0,4.35
510,3253,3.0,3.41
474,9010,3.0,4.55
21,1527,2.5,3.78
64,3863,3.5,3.06
469,2115,3.0,3.79
290,407,3.0,3.54
517,899,4.5,4.06
28,48780,1.5,4.3
312,4553,3.0,3.97
162,371,3.0,3.18
318,2355,3.5,3.86
438,4886,4.0,4.18
308,292,1.0,3.36
312,1196,5.0,4.32
9,5988,2.0,2.76
266,1476,4.0,3.68
422,903,3.0,4.05
137,2716,3.0,3.8
391,1682,4.0,3.95
599,6541,2.0,2.76
462,143355,2.0,3.61
133,349,2.0,3.72
68,8873,4.0,4.11
74,2420,2.5,3.77
274,43921,4.0,3.46
80,90405,4.0,3.59
435,2959,5.0,4.28
132,5969,2.5,0.0
561,6377,3.5,4.28
325,1270,4.0,4.09
249,101142,3.5,4.74
453,3326,5.0,2.15
438,2762,4.0,4.08
274,4748,3.0,2.32
381,3623,3.5,2.83
135,1356,2.0,4.04
208,198,2.0,3.26
22,61323,0.5,3.49
182,899,5.0,4.24
352,152077,4.0,3.83
63,3751,4.0,3.53
483,4343,3.0,3.2
484,8528,4.0,3.84
380,1517,3.0,3.95
140,45668,3.0,3.63
274,2916,3.5,4.17
307,8373,3.0,2.31
357,3270,4.0,2.71
501,45,3.0,3.26
122,318,5.0,4.61
307,480,3.5,3.96
555,1089,5.0,4.41
438,2273,3.0,3.73
608,4621,0.5,2.87
232,31867,3.0,0.0
81,367,1.0,3.2
274,239,3.0,3.2
448,94777,2.5,3.96
600,46664,2.5,0.0
346,1258,3.5,4.18
560,87869,3.5,3.61
313,780,3.0,3.63
95,358,3.0,2.61
42,880,2.0,2.93
123,260,4.5,4.24
289,1258,4.0,4.12
239,53996,4.0,3.45
212,54995,4.0,3.89
474,7078,2.5,4.74
328,1947,3.0,3.72
219,1438,3.0,2.73
210,48780,4.0,4.2
169,1030,3.5,2.82
509,96610,3.0,3.79
475,7153,5.0,4.25
603,1904,5.0,2.17
525,902,4.0,4.02
165,5952,5.0,4.05
62,6373,4.0,3.42
537,98961,4.0,4.06
194,1396,3.5,3.39
195,778,4.0,4.16
57,141,4.0,3.65
517,1206,0.5,4.17
196,109487,3.5,3.93
506,53000,4.0,3.71
608,432,1.5,2.82
514,6746,2.0,0.0
448,67408,3.5,3.36
19,2883,3.0,3.27
414,2058,3.0,4.22
474,8783,3.5,3.47
328,7438,5.0,3.93
112,6,4.5,4.03
365,4226,0.5,4.21
68,2125,4.5,3.71
339,8950,4.0,4.32
249,4369,3.5,3.61
236,2858,5.0,4.06
448,134859,3.5,0.0
610,36931,3.5,0.0
414,96588,3.5,4.05
60,1562,3.0,2.22
160,3981,1.5,2.5
387,919,3.0,3.95
140,193,2.0,2.65
480,2908,4.0,3.64
305,788,2.0,2.97
232,8870,2.0,2.42
414,4888,4.0,4.13
325,2572,3.0,3.56
20,3483,3.5,3.19
432,85885,4.5,0.0
474,491,2.0,4.02
298,2012,3.0,3.64
337,41,3.0,3.66
399,7153,4.0,4.16
492,1004,3.0,3.39
274,2974,2.5,0.0
134,153,4.0,2.94
469,1466,3.0,3.81
351,81788,4.0,4.04
328,34162,2.0,3.59
73,71518,4.0,3.54
483,2396,3.5,4.1
580,5522,2.5,3.28
19,1722,3.0,3.1
177,42002,4.0,3.38
307,7701,0.5,1.29
239,54286,5.0,3.83
62,48043,3.0,3.67
95,4901,4.0,3.52
294,258,1.0,2.89
599,5502,2.0,3.45
599,1799,3.0,3.61
260,4973,3.5,4.35
445,2324,4.5,4.16
246,4896,4.0,3.77
469,1234,4.0,4.3
563,3791,3.0,3.35
219,2916,3.5,3.89
239,34048,3.5,3.35
484,2081,5.0,3.54
390,2858,2.5,4.09
606,2231,4.5,4.09
149,480,3.0,3.76
45,357,4.0,3.68
534,5621,3.5,1.94
599,90471,2.5,0.0
523,587,4.5,3.42
9,627,3.0,3.64
195,3948,4.0,3.56
352,71530,4.0,3.29
432,1258,3.0,4.21
307,4317,1.0,3.04
599,131578,2.5,0.0
372,1210,5.0,4.23
424,50,5.0,4.28
434,58559,5.0,4.35
11,10,3.0,3.49
599,2420,4.0,4.01
509,122892,4.0,3.85
39,2174,3.0,3.51
122,99007,3.5,3.35
76,260,4.0,4.27
559,434,2.0,3.15
534,7293,4.0,3.7
414,4721,3.0,2.58
608,2761,4.5,4.33
380,93838,5.0,4.98
414,5437,3.0,0.0
317,1639,3.0,3.65
308,1221,1.0,4.29
600,4467,5.0,3.64
580,1590,3.5,3.02
94,153,3.0,2.97
314,457,3.0,4.07
590,1393,3.0,3.78
419,1573,3.5,3.45
450,3624,4.0,3.24
429,294,3.0,0.0
448,65135,3.0,0.0
600,260,4.0,4.36
105,5010,4.0,4.03
80,8644,4.5,3.59
414,382,3.0,4.1
288,6873,3.5,3.4
462,3018,4.5,3.4
380,104243,3.5,3.34
357,6870,3.5,3.84
318,118784,3.5,0.0
298,2195,3.0,3.61
117,608,3.0,4.14
332,79702,2.0,4.01
30,7153,5.0,4.18
387,27773,5.0,4.4
282,5218,4.5,3.84
573,1073,4.5,4.01
272,119145,4.0,3.96
52,58559,5.0,4.35
600,55247,1.5,4.04
538,5618,5.0,4.1
52,81847,4.0,3.86
480,3624,1.5,3.51
307,5445,3.0,3.88
610,102802,2.5,0.0
105,175387,5.0,0.0
148,79091,3.5,3.79
597,2918,5.0,4.08
599,88744,3.0,4.05
57,3081,4.0,3.51
179,110,5.0,4.08
483,7132,4.5,4.25
594,6140,0.5,0.0
19,2002,3.0,2.96
318,102125,3.0,3.99
480,1271,3.0,3.61
298,67267,2.0,3.77
332,79553,3.5,3.66
15,2081,3.0,3.49
160,1387,2.0,4.19
414,44022,2.5,3.79
354,2424,4.0,3.25
474,7143,3.0,4.26
132,6251,2.0,0.0
572,1233,5.0,4.21
489,1200,4.0,4.16
294,653,1.0,3.21
414,144,4.0,3.9
86,3996,3.5,3.86
349,253,3.0,3.5
66,7015,4.0,2.81
198,3386,4.0,3.49
461,1259,4.0,3.97
552,4161,2.0,3.58
42,3753,4.0,3.6
314,17,4.0,3.82
151,885,3.0,0.0
606,5014,4.0,3.96
28,21,3.0,3.57
310,852,3.0,3.22
560,7460,4.0,3.56
356,7143,3.5,4.03
448,8665,3.5,4.2
215,8784,4.5,3.82
610,4144,3.5,4.13
90,17,5.0,3.8
232,64957,4.0,4.06
160,2166,3.0,2.05
224,3301,5.0,3.51
525,1288,4.0,4.0
290,342,4.0,3.27
215,2115,4.0,3.67
610,7387,5.0,4.09
409,3543,4.0,3.8
217,2366,3.0,3.87
448,46972,3.0,3.62
68,42738,3.0,3.09
348,4973,5.0,4.32
21,76251,2.5,3.88
233,924,3.5,3.96
62,176371,4.0,3.83
603,527,3.0,4.38
477,24,4.0,3.44
474,3508,3.0,4.44
313,1732,4.0,4.1
448,136816,2.5,0.0
599,5069,2.5,0.0
274,4876,3.0,2.73
600,339,2.5,3.75
414,1594,4.0,3.2
307,3253,3.0,3.54
561,2422,2.5,1.79
79,377,4.0,3.59
307,916,4.0,4.18
298,59615,4.5,2.97
570,1307,3.5,3.91
304,1616,4.0,3.25
42,4466,2.0,0.0
249,589,4.0,4.38
274,61250,2.0,3.1
487,4720,3.0,3.63
332,910,4.5,3.97
414,592,4.0,3.89
19,3308,2.0,3.14
113,3537,5.0,0.0
588,208,2.0,2.95
304,1214,4.0,4.07
583,588,3.5,3.88
529,648,3.0,3.58
266,1090,5.0,4.1
411,349,3.0,3.81
606,3822,4.0,4.39
448,91688,1.5,0.0
475,2,4.5,3.5
290,595,4.0,3.85
42,3146,3.0,2.26
474,2640,4.0,4.02
268,1673,5.0,4.19
67,1291,3.5,4.18
359,2530,3.0,2.59
600,6558,3.5,0.0
376,252,3.5,3.52
206,719,3.0,2.92
105,306,5.0,4.24
389,784,3.0,2.97
595,501,4.0,3.6
509,2059,2.5,3.17
573,4226,5.0,4.33
599,6890,3.0,3.47
590,3869,2.5,3.32
610,135536,2.5,3.07
348,1960,5.0,3.68
186,2617,5.0,3.21
414,1601,3.0,0.0
56,410,3.0,3.14
474,356,3.0,4.68
414,4344,4.0,3.56
140,7137,3.0,3.57
440,8690,4.0,0.0
42,135,3.0,3.06
610,103253,3.5,3.37
234,2354,4.0,2.1
70,36,5.0,3.87
274,5903,4.0,4.53
62,37729,4.0,3.64
305,71379,2.5,3.63
111,4896,4.0,3.96
414,839,1.0,3.11
20,551,5.0,3.51
600,3157,3.0,2.72
239,1265,2.5,4.15
354,3033,3.5,3.48
596,72998,3.0,3.89
80,51662,4.5,3.73
606,3089,4.5,3.97
448,109183,2.0,0.0
561,41569,3.0,3.33
584,185,5.0,3.2
448,420,2.0,3.2
367,923,5.0,4.0
414,5424,3.0,0.0
308,91529,3.0,4.1
469,3361,3.0,3.97
369,3863,3.5,2.96
64,3210,4.0,3.52
187,8228,4.0,3.64
91,628,3.0,3.7
301,10,4.0,3.47
562,30749,3.5,3.98
610,3174,4.0,3.57
274,72011,3.5,3.94
241,104841,4.5,3.58
425,2916,3.5,3.82
305,74868,2.5,2.87
232,7381,3.0,3.18
414,62434,3.5,3.63
599,3524,2.0,3.08
440,7361,4.0,4.23
476,500,3.0,3.48
232,8916,2.5,3.17
42,368,3.0,3.71
410,3978,2.0,3.03
260,1639,2.0,3.67
444,344,3.0,3.06
274,5909,3.0,3.37
111,162602,4.5,0.0
4,3365,5.0,4.29
509,3301,3.5,3.63
288,3672,3.0,3.95
608,4104,1.5,0.0
480,2001,2.5,3.31
20,5504,0.5,2.56
391,2702,1.0,3.61
400,122886,4.5,3.88
199,3868,3.5,3.37
414,105504,4.0,4.67
68,2791,4.0,4.2
495,40278,4.0,3.67
469,474,3.0,4.01
382,7379,3.5,3.51
610,46530,3.5,3.34
117,339,3.0,3.69
24,552,3.5,3.33
603,587,3.0,3.64
57,3066,5.0,3.8
120,648,3.0,3.57
298,47997,3.0,4.15
610,152077,4.0,4.14
144,27416,4.0,0.0
448,2381,2.0,2.99
234,552,3.0,3.43
89,73319,2.0,2.42
493,2985,4.0,3.36
47,5669,4.0,3.84
50,79132,2.5,4.23
287,4027,4.0,3.82
195,1036,5.0,3.92
372,1438,3.0,2.73
262,50,3.0,4.24
183,858,3.0,4.32
28,33558,3.0,0.0
351,43836,2.5,3.15
177,89904,5.0,3.96
275,535,5.0,3.23
495,112556,5.0,3.75
265,724,2.0,3.02
232,5313,3.0,2.51
339,593,5.0,4.39
298,6385,0.5,4.13
484,33679,2.5,3.48
115,736,1.0,3.43
47,96811,4.0,4.08
474,4912,3.0,4.2
287,2797,3.0,3.77
555,2402,3.0,2.93
272,148626,4.5,3.88
355,2915,3.0,3.51
381,2115,3.5,3.82
182,1279,5.0,4.23
227,912,3.5,4.36
331,3897,4.5,3.86
288,3928,3.5,0.0
140,7076,5.0,3.39
447,597,4.0,3.6
590,4545,3.0,3.61
117,60,3.0,3.37
599,1100,2.5,3.17
560,8376,4.0,3.19
29,3591,3.0,2.7
28,2683,2.5,3.29
140,527,5.0,4.39
522,2700,4.5,3.97
275,4967,5.0,4.38
522,1220,4.0,3.86
91,2993,3.0,3.57
75,5952,4.0,4.08
230,2959,3.0,4.28
448,107962,2.0,0.0
29,4327,4.0,3.61
239,8368,4.0,3.95
345,898,4.0,4.37
599,90603,2.5,0.0
348,541,5.0,4.11
142,440,4.0,3.61
261,5989,5.0,4.0
72,1586,3.0,2.88
448,377,4.0,4.02
474,2396,4.0,4.23
522,7036,2.5,2.81
434,2502,4.5,4.27
268,1377,3.0,3.04
387,2579,3.5,3.9
290,1228,5.0,4.26
133,32,4.0,3.96
182,2542,4.0,4.36
465,3448,5.0,3.71
599,81782,2.5,3.62
166,2396,3.5,3.93
357,2011,4.0,3.63
512,589,3.0,4.05
482,1968,4.0,3.76
38,432,3.0,2.57
462,7153,4.5,4.24
247,48774,3.0,4.16
369,2046,3.0,3.26
51,5956,5.0,3.65
66,5673,5.0,3.61
185,605,3.0,3.09
599,4167,2.0,3.54
249,114935,4.0,4.18
182,21,2.5,3.58
21,356,4.5,4.39
119,2167,4.0,3.55
68,50,3.0,4.62
153,105844,4.0,3.85
140,593,4.0,4.38
167,592,3.0,3.54
266,1200,5.0,4.04
483,104841,5.0,4.0
540,1409,3.5,2.46
610,55721,3.5,4.47
298,103980,3.0,0.0
161,1022,3.0,3.52
599,3361,3.0,4.07
58,616,4.0,3.48
420,3559,4.0,0.0
301,30793,0.5,2.9
249,2706,4.0,3.72
610,44974,3.5,3.49
414,62,4.0,4.11
610,101088,3.5,0.0
221,527,3.0,4.34
337,9,5.0,3.16
200,44665,4.5,3.85
21,109576,2.5,0.0
165,3624,3.0,3.25
112,2571,5.0,4.26
234,172,2.0,2.64
534,2085,4.0,3.37
560,74458,3.5,4.4
436,364,4.0,4.02
430,3408,3.0,3.51
132,594,3.0,3.62
325,5033,3.0,0.0
296,171765,3.5,0.0
610,95510,3.5,3.71
20,3972,3.0,4.32
6,1084,3.0,4.21
563,91628,2.5,0.0
242,432,4.0,2.54
594,2340,4.0,3.29
462,4863,4.5,0.0
66,273,3.5,3.01
368,2791,4.0,3.95
444,357,4.0,3.53
74,3273,2.5,2.5
275,4621,2.0,2.79
123,4776,4.0,3.78
357,1269,4.5,4.04
202,678,4.0,3.79
28,1198,2.5,4.44
597,2988,4.0,0.0
563,42732,3.5,3.5
445,1247,4.0,4.06
525,7451,4.5,3.84
489,89118,5.0,2.41
344,3793,5.0,3.77
477,1682,4.5,4.05
608,1831,3.5,2.5
249,106916,4.0,3.2
66,1246,4.5,4.23
301,2950,3.0,2.35
149,1356,4.0,3.94
274,6595,3.5,3.32
503,356,4.0,4.2
489,674,3.5,3.11
305,6818,5.0,0.0
584,585,3.0,2.83
382,56949,3.0,3.4
376,98961,5.0,4.11
66,4720,3.5,3.73
605,4366,3.0,3.47
357,1210,4.0,4.32
562,337,4.0,3.91
474,5816,4.5,3.72
521,86,4.0,3.62
560,6537,3.0,3.13
511,1970,3.0,2.88
68,68791,3.5,3.37
140,4958,3.0,3.38
387,8665,3.5,4.08
495,51540,2.5,3.98
255,1230,1.0,3.98
198,1732,3.0,4.05
599,4963,4.0,4.48
298,886,0.5,3.43
63,3785,2.0,2.91
45,788,2.0,2.94
462,904,4.0,4.43
8,186,4.0,2.98
368,552,2.0,3.48
74,3089,5.0,4.0
47,2942,2.5,2.88
573,3479,1.5,3.54
89,104211,2.5,4.06
68,31,3.5,3.63
307,51931,5.0,4.08
232,8622,4.0,3.89
324,3949,3.0,3.85
469,3358,5.0,3.88
593,1617,4.0,4.02
182,3624,3.0,3.48
6,262,5.0,4.08
57,208,1.0,2.98
398,2248,4.0,3.84
94,47,2.0,4.02
16,7099,3.5,4.11
94,253,1.0,3.51
221,7076,4.0,3.41
448,70984,3.5,0.0
18,33615,3.5,3.53
410,750,5.0,4.3
51,4262,5.0,3.96
328,97921,0.5,4.0
381,53460,4.0,3.6
154,119145,5.0,3.98
595,265,5.0,3.96
232,5379,4.0,4.21
509,70521,4.0,3.52
425,3481,3.0,3.72
248,91500,3.0,3.45
480,150,3.5,4.11
438,5954,3.0,4.06
105,5120,4.0,4.42
608,852,2.0,3.29
436,720,5.0,4.05
249,79008,4.5,3.5
438,849,3.0,3.04
226,2804,4.5,4.16
180,1197,4.0,4.26
290,3334,4.0,4.34
27,902,4.0,3.92
489,1994,3.5,3.59
111,112497,3.0,0.0
249,480,4.0,4.11
182,4280,4.0,3.49
352,88125,4.0,3.95
477,55442,4.5,4.2
604,117,3.0,0.0
288,2454,3.0,3.7
380,648,4.0,4.04
182,2058,4.5,3.71
464,4310,4.0,2.8
543,3825,5.0,2.74
483,786,2.0,3.44
263,1821,3.0,2.66
186,196,4.0,2.75
509,4299,3.5,3.51
307,1252,3.0,4.43
305,85510,3.5,3.28
216,3893,4.0,3.37
452,3107,4.0,3.49
132,2023,3.0,3.55
511,94677,4.0,3.66
380,3948,3.0,3.97
28,6807,2.5,4.08
425,1196,3.0,4.38
562,5620,3.0,3.1
43,34,5.0,3.62
169,1220,4.0,3.87
243,112,5.0,3.54
292,90890,1.5,2.63
298,74946,0.5,3.6
182,33794,3.5,4.13
474,6101,4.0,0.0
432,3916,4.0,3.78
135,551,4.0,3.54
443,7153,5.0,4.15
221,590,3.5,3.85
489,8957,0.5,3.34
105,106918,4.0,4.43
600,1288,4.5,4.08
380,410,3.0,3.52
414,88125,3.5,4.25
202,2956,3.0,3.14
438,4248,0.5,2.43
109,474,3.0,3.82
276,765,4.0,3.21
179,318,5.0,4.5
183,1304,4.0,3.95
274,3972,3.5,4.42
4,3996,4.0,3.88
514,2375,3.0,2.78
182,3174,4.0,3.56
387,6777,3.0,3.83
62,87232,4.0,4.05
302,58,5.0,4.02
112,104,4.0,3.47
286,185,4.0,3.12
307,4403,3.0,0.0
339,59126,3.5,3.86
119,59784,4.0,3.64
84,1217,4.0,4.58
501,707,4.0,2.76
414,3790,4.0,0.0
202,1909,4.0,3.55
448,528,2.0,2.94
509,3994,3.5,3.7
328,47,4.5,4.08
239,608,4.5,4.25
21,4963,4.5,4.2
600,318,3.5,4.66
150,6,4.0,3.99
474,235,4.0,3.88
182,4774,2.5,2.26
286,4993,4.5,4.22
474,3259,2.5,3.65
608,5989,4.0,4.32
608,4011,5.0,4.48
606,2474,3.0,3.58
484,50442,4.0,3.03
297,593,4.0,4.19
596,7260,3.5,0.0
274,3938,3.5,0.0
432,63082,4.0,4.03
136,122,3.0,2.66
560,4446,3.0,3.52
80,44974,4.5,3.21
105,37731,5.0,3.8
480,481,3.0,3.42
111,4865,3.0,3.83
290,3735,4.0,3.85
596,2687,4.0,3.6
522,91529,4.0,4.19
387,2759,3.5,3.59
496,94959,3.5,4.06
246,910,4.5,3.93
50,741,3.5,4.15
303,5349,3.5,3.54
571,1339,4.0,3.41
192,432,4.0,2.53
484,3697,2.0,2.88
19,472,2.0,2.86
606,1307,4.5,4.02
62,3949,4.5,3.97
298,149352,0.5,3.29
599,26676,2.5,0.0
390,59995,4.0,0.0
221,1104,5.0,4.66
233,4973,4.0,4.37
86,648,4.5,3.6
288,2033,3.0,4.27
600,58559,3.5,4.35
292,3175,4.0,3.71
573,480,5.0,3.92
452,3698,5.0,3.18
188,1035,5.0,4.01
474,5397,3.5,0.0
477,2114,3.5,3.69
298,6620,3.0,4.24
119,135887,4.0,3.06
424,288,4.0,3.23
356,45499,3.0,3.52
225,1641,4.0,3.83
587,1580,4.0,3.54
290,3730,5.0,4.17
521,43,4.0,2.81
28,31101,3.0,0.0
414,4865,5.0,4.5
424,1625,4.5,3.71
390,2025,4.0,3.89
284,485,3.0,3.06
387,5026,3.5,4.09
28,53322,1.5,3.76
151,1390,3.0,2.63
41,3285,4.0,3.24
489,783,3.5,3.44
387,8807,3.5,3.8
4,1500,4.0,3.69
603,3426,3.0,3.16
182,6330,3.5,0.0
111,40581,4.5,2.81
217,1784,4.0,3.95
23,2194,3.0,3.98
410,1084,4.0,4.14
226,216,5.0,3.64
414,8915,3.5,0.0
461,186,4.0,2.95
318,362,4.0,3.76
563,899,4.5,4.03
480,6708,3.5,3.9
597,2012,3.0,3.71
448,91273,1.5,0.0
104,2423,2.5,3.77
263,8535,4.0,0.0
37,671,5.0,3.38
66,7018,5.0,0.0
470,329,4.0,3.46
590,58559,4.5,4.48
318,44555,4.0,4.17
80,44665,5.0,3.83
380,1391,4.0,3.39
282,48322,1.0,4.26
606,1258,4.5,4.45
448,1276,5.0,4.52
76,1136,5.0,4.2
408,111759,5.0,4.07
606,5992,4.0,4.16
414,1876,3.0,3.78
177,70183,4.0,3.69
462,148982,4.0,0.0
62,91542,5.0,3.94
63,1580,2.0,3.64
188,830,4.0,3.2
580,1196,4.0,4.43
135,2968,4.0,3.86
51,33166,2.5,4.05
105,175431,5.0,0.0
125,122904,4.5,4.16
101,2502,3.0,4.16
596,83349,3.5,3.17
570,1282,3.0,3.74
239,1213,5.0,4.42
590,33493,3.5,3.74
305,69122,5.0,4.15
590,4015,1.5,2.99
352,56775,3.5,3.12
463,527,4.0,4.23
414,65,2.0,3.08
534,95875,4.0,3.47
239,1466,4.0,3.87
80,4963,4.5,4.03
610,1214,4.5,4.24
380,5323,3.0,1.1
524,172,3.0,2.67
28,26901,2.5,0.0
274,49530,4.0,4.1
160,4223,3.0,3.67
39,3481,5.0,3.66
586,95510,4.5,3.42
246,123,5.0,3.77
606,1612,3.0,0.0
603,2115,3.0,3.81
106,8368,5.0,3.93
327,2089,3.0,3.69
542,1580,3.5,3.56
477,1259,4.0,4.2
306,95543,3.0,2.84
453,2686,4.0,4.09
23,1711,4.0,3.2
72,589,4.5,4.05
328,4027,5.0,3.87
590,61352,3.0,3.79
326,55820,4.5,3.95
132,68157,3.5,4.19
103,920,4.5,3.75
489,2167,3.0,3.62
593,2571,2.5,4.26
356,3578,4.0,4.12
312,4874,3.0,3.68
287,5804,0.5,0.0
240,810,4.0,2.44
590,64620,4.0,4.1
462,3925,1.5,3.64
603,617,2.0,0.0
166,47644,4.0,2.61
380,2010,4.0,4.07
567,97913,2.5,3.96
132,2797,2.0,3.8
414,4221,3.0,2.59
156,2144,3.0,3.78
169,5222,4.0,3.19
474,1629,2.0,0.0
219,3623,1.0,2.81
594,6148,2.0,3.27
22,4979,3.5,3.73
419,6365,4.0,3.38
153,7293,0.5,3.62
111,144606,4.0,0.0
125,73488,2.0,0.0
597,2505,2.0,3.27
372,1222,3.0,4.19
453,4238,4.0,3.19
414,89,3.0,3.74
68,333,4.0,4.08
109,778,4.0,4.1
298,7926,4.0,0.0
479,3421,4.0,3.84
263,912,4.0,4.4
188,2302,5.0,3.22
484,3809,4.0,3.24
602,432,1.0,2.59
267,2571,5.0,4.23
226,260,4.5,4.35
525,35836,3.0,3.74
287,29,4.5,4.05
63,924,3.5,3.97
298,5110,3.5,3.96
474,3261,3.5,3.42
195,1233,3.0,4.19
129,597,4.0,3.59
476,350,3.0,3.47
462,52435,4.0,3.61
414,56757,4.0,4.28
480,733,3.5,3.92
15,1214,5.0,4.04
348,1221,5.0,4.31
71,852,4.0,3.21
283,785,3.0,3.48
599,2622,2.0,3.34
19,799,3.0,3.57
381,2125,4.5,3.58
263,2628,3.0,3.21
599,2396,4.0,4.2
381,6893,4.0,4.19
294,2038,3.0,2.05
410,3361,4.0,3.8
480,45447,3.5,3.52
270,780,4.0,3.47
600,104,3.0,3.63
608,8874,5.0,4.34
610,7367,3.5,2.59
317,30812,4.0,3.62
249,4343,4.0,3.47
275,4809,5.0,0.0
62,46976,4.0,3.81
108,2585,4.0,0.0
560,56587,2.5,3.6
457,2428,2.0,2.71
590,1136,3.5,4.43
294,2450,1.0,2.85
326,110,5.0,4.12
524,6,4.0,4.05
469,944,4.0,0.0
480,30707,4.0,4.0
182,2971,4.5,3.69
414,4874,3.0,4.2
332,1079,4.5,4.03
252,90866,4.5,3.72
4,1179,4.0,3.59
42,4002,5.0,3.86
58,224,3.0,3.62
517,2087,4.0,3.57
599,3791,2.0,3.49
387,48877,3.0,3.43
290,1394,4.0,4.12
105,136447,5.0,0.0
125,94677,4.5,3.91
49,139385,4.5,3.78
575,2605,3.0,2.85
274,6383,2.0,2.88
610,148424,3.0,0.0
408,76251,3.5,3.74
301,5816,4.5,3.62
325,4239,4.0,3.87
223,2628,3.0,3.14
413,2028,5.0,4.14
434,6863,3.5,3.47
599,1623,2.5,0.0
216,951,5.0,4.48
318,79134,4.0,3.6
370,260,2.0,4.27
412,913,5.0,4.14
313,457,2.0,4.16
200,39183,3.5,3.62
437,1302,3.0,3.56
424,48780,3.5,4.19
42,3264,4.0,2.49
288,5464,4.0,3.98
517,45720,0.5,3.84
414,835,3.0,0.0
354,1732,4.0,4.07
182,6062,3.5,2.9
240,172,5.0,2.66
174,315,2.0,3.21
187,1089,4.5,4.35
352,42723,1.0,3.15
425,784,2.5,3.05
312,1333,4.0,3.81
474,8622,4.0,3.87
563,68135,2.5,3.63
292,114180,3.0,3.11
495,67255,5.0,4.13
549,2028,5.0,4.14
391,1357,4.0,4.24
414,2114,5.0,3.9
453,2273,3.0,3.54
399,480,3.0,3.77
448,4124,1.0,0.0
438,2763,4.0,3.74
288,45440,4.0,3.47
419,41997,4.5,3.87
232,40826,4.0,3.11
597,2951,4.0,4.17
603,2976,3.0,3.6
187,6502,4.0,4.12
288,30825,3.5,3.21
474,539,4.5,3.86
381,44022,3.5,3.43
517,110,1.5,4.13
568,63853,4.5,2.89
431,552,2.5,3.29
290,1233,4.0,4.3
357,2352,3.0,4.04
482,316,5.0,3.38
111,68954,4.0,4.29
452,3751,5.0,3.51
182,799,3.5,3.68
298,44191,3.5,4.09
135,1225,3.0,4.26
332,1196,4.5,4.35
495,1645,5.0,3.42
597,232,5.0,3.95
70,1288,4.0,3.97
117,616,4.0,3.5
484,72,4.0,3.08
232,4649,2.5,3.72
57,1912,2.0,4.08
610,104241,3.0,3.9
229,153,3.0,2.96
573,96610,5.0,3.81
391,1129,3.0,3.53
182,3108,4.5,3.86
474,32,4.0,4.27
4,1199,2.0,4.22
425,4019,4.0,3.76
274,8917,2.5,4.27
599,7387,4.5,4.06
563,1033,3.5,3.78
506,64957,1.0,3.72
62,102123,4.0,2.76
274,35836,3.0,4.08
249,6503,3.0,2.87
560,51084,3.0,3.3
448,4993,4.0,4.55
339,6947,5.0,3.65
105,5445,3.5,3.97
328,69122,1.0,3.84
7,4896,4.0,3.78
534,1196,4.5,4.47
287,16,2.0,4.0
599,809,1.5,2.7
600,203,3.0,3.76
117,329,3.0,3.5
448,2153,1.0,2.45
270,786,3.0,3.24
414,4018,3.0,3.66
448,3173,3.0,3.26
298,1201,4.0,4.36
580,4878,4.0,4.13
284,21,3.0,3.6
316,5952,3.0,4.04
307,53129,4.5,3.86
149,1391,4.0,3.15
407,109374,3.5,3.85
95,1208,5.0,4.24
393,1214,3.0,4.02
594,5620,4.5,3.07
217,433,3.0,2.94
249,87869,4.0,4.05
313,380,5.0,3.72
396,3977,1.5,2.73
307,337,3.5,4.08
133,318,4.0,4.47
414,1396,4.0,3.73
561,329,3.5,3.47
453,3174,4.0,3.5
200,4571,4.0,3.77
497,2571,2.5,4.24
474,4903,3.5,3.55
608,5025,2.5,2.74
69,3863,3.0,2.96
260,3181,5.0,3.79
174,329,3.0,3.47
464,47,5.0,4.12
386,196,2.0,2.73
82,784,1.5,3.02
290,1136,4.0,4.26
153,266,0.5,3.4
232,6615,2.5,2.57
111,35836,3.5,3.8
504,5013,4.0,3.71
599,2683,3.5,3.49
274,318,4.5,4.77
365,79592,4.5,3.35
453,3986,4.0,2.56
226,5419,2.5,2.94
263,356,4.0,4.29
432,6870,3.0,3.82
342,1268,3.0,3.7
160,3858,5.0,2.9
561,2012,3.5,3.7
298,72998,3.0,3.97
160,366,1.0,3.22
524,707,3.0,2.8
555,2717,2.0,3.28
474,36517,4.0,4.15
368,2657,3.0,3.45
606,1220,4.5,4.0
42,4034,5.0,4.1
177,3489,5.0,3.69
434,5225,5.0,4.0
392,2858,4.0,4.06
380,122916,5.0,4.41
599,3298,2.0,3.83
298,106782,3.0,4.36
610,5481,3.5,3.21
307,4975,4.0,3.68
91,6620,3.5,4.23
68,8641,4.5,4.1
298,180,3.5,3.6
74,2594,4.5,3.63
520,1270,5.0,4.1
305,94018,4.0,0.0
523,47610,5.0,3.82
453,208,2.0,3.03
555,1033,4.0,3.75
249,95875,3.5,3.5
252,164179,5.0,3.98
303,3033,5.0,3.44
391,293,5.0,4.17
111,1566,3.5,3.68
284,333,4.0,3.75
414,37739,3.5,2.15
560,4270,3.5,3.26
304,1721,5.0,3.51
135,349,2.0,3.83
140,2763,4.0,3.69
182,2318,4.5,4.38
610,3362,5.0,4.13
448,111759,3.5,4.57
514,185,3.0,3.19
57,1047,4.0,3.36
105,134109,5.0,0.0
599,2334,2.5,3.08
427,5388,3.0,3.31
307,4373,3.0,3.38
89,128594,4.0,0.0
603,1296,4.0,4.17
606,55069,4.0,0.0
279,48774,4.5,4.17
1,2329,5.0,4.36
306,52973,2.0,3.81
68,1682,4.5,4.3
274,50872,3.5,4.5
151,648,3.0,3.59
318,31952,3.5,0.0
333,3623,2.0,2.68
483,1220,3.0,4.03
368,2001,3.0,3.24
19,153,2.0,3.07
253,1734,5.0,3.96
111,159093,4.5,3.85
266,1884,5.0,3.95
28,55080,2.5,0.0
103,6377,3.5,4.25
414,1591,3.0,2.55
520,880,3.0,2.89
606,916,4.5,4.19
610,8371,3.0,3.67
255,3157,1.0,2.75
115,2571,3.0,4.29
490,597,2.5,3.54
608,7377,3.5,0.0
274,6297,3.5,3.93
450,3972,5.0,4.32
68,4356,3.5,4.09
414,158,2.0,3.61
279,122920,3.0,3.84
352,97938,4.0,3.94
21,745,3.0,4.16
599,96079,3.5,3.88
19,2424,2.0,3.26
452,1210,4.0,4.31
275,2918,5.0,4.02
248,106487,3.0,3.5
414,34540,3.0,0.0
564,155509,2.0,4.46
42,485,3.0,3.13
474,36,5.0,3.72
606,44555,5.0,4.27
599,163,3.5,4.13
265,3831,4.0,3.86
28,3260,3.0,4.15
192,292,4.0,3.37
606,7046,3.5,2.75
139,68954,2.5,4.13
380,43936,4.0,3.15
432,72605,2.5,3.73
412,2770,5.0,2.88
198,4776,4.0,3.81
168,55820,4.5,3.95
380,5464,5.0,4.1
292,76093,4.0,4.14
474,7833,3.5,0.0
380,3986,3.0,2.7
527,34,5.0,3.64
46,10,3.0,3.46
477,69526,3.0,2.46
307,1474,1.5,2.44
221,3476,5.0,3.44
475,69526,4.0,2.5
45,5,3.0,3.13
387,1517,3.5,3.79
249,68237,4.0,4.49
541,303,3.0,3.03
58,317,3.0,3.27
231,593,4.0,4.18
21,586,2.5,3.22
56,733,4.0,3.69
434,4993,5.0,4.32
91,2651,1.0,0.0
298,105037,2.0,2.97
515,179819,4.0,3.02
462,7419,4.0,3.87
575,2581,4.0,2.89
570,48774,4.0,4.15
577,1262,5.0,4.26
453,3821,4.0,2.44
31,1265,2.0,3.99
606,8879,4.0,3.18
603,532,2.0,3.38
51,1373,5.0,2.51
368,288,3.0,3.18
381,4270,3.5,3.24
18,1196,4.0,4.49
380,98809,5.0,4.23
108,6022,1.0,0.0
216,671,2.0,3.46
269,74,5.0,4.2
122,1214,5.0,4.11
552,432,1.0,2.58
426,94959,2.0,4.1
318,60885,3.5,0.0
354,5956,4.0,3.68
393,68848,5.0,0.0
187,6934,2.0,3.19
137,955,3.0,3.95
111,45501,3.5,2.42
318,53574,4.0,0.0
266,2804,4.0,4.06
555,2985,4.0,3.44
372,920,3.0,3.73
372,1201,4.0,4.25
176,370,3.0,3.07
156,2202,4.0,4.58
46,110,5.0,4.06
122,6188,4.5,3.59
480,33672,2.0,3.39
249,858,4.5,4.58
84,272,5.0,3.94
410,3255,4.0,3.44
274,1208,4.0,4.3
232,5995,4.5,4.16
509,71745,2.5,2.68
414,53121,3.0,3.28
599,6484,2.5,3.39
561,1282,4.0,3.73
474,4321,3.0,3.82
316,2572,3.0,3.52
293,5313,2.0,2.19
45,3243,2.0,2.57
482,1527,5.0,3.7
413,6373,5.0,3.22
50,69122,1.0,3.78
177,3686,1.5,3.18
209,88125,4.5,3.84
85,1391,1.0,3.13
387,2762,2.5,4.16
563,107141,4.0,3.67
560,3147,4.0,4.26
474,9018,4.0,5.36
182,2232,4.5,3.58
84,586,3.0,3.15
202,2949,4.0,3.89
314,648,3.0,3.64
211,1835,3.5,3.34
326,86781,4.0,4.35
255,2907,4.0,4.33
601,80463,4.5,3.97
239,3275,5.0,4.31
177,1291,3.0,4.38
484,3556,1.5,4.02
597,2583,4.0,4.02
226,5582,2.5,2.59
104,6579,4.5,0.0
514,2571,4.0,4.36
394,480,3.0,3.74
57,3671,4.0,4.02
153,41285,0.5,3.74
590,1610,4.5,4.15
565,21,3.0,3.59
326,1193,4.5,4.26
221,2858,5.0,4.18
18,112852,4.5,4.47
288,4459,4.0,0.0
307,6705,2.5,0.0
62,4262,5.0,4.0
260,6370,4.5,3.5
201,1197,5.0,4.29
336,593,5.0,4.21
318,38061,3.5,4.31
274,4744,3.0,2.97
305,55765,5.0,4.23
532,707,4.0,2.78
447,434,4.0,3.12
391,3623,1.0,2.73
126,208,2.0,2.96
210,6934,4.5,3.21
483,4011,4.0,4.48
387,3489,2.5,3.61
368,1263,4.0,4.05
19,733,3.0,3.82
368,2366,4.0,3.86
264,329,4.5,3.46
218,345,4.0,3.58
93,1499,4.0,1.69
599,4161,2.0,3.61
469,2502,5.0,4.25
590,4027,4.0,3.99
608,1080,2.0,4.13
198,2640,3.0,3.73
143,500,3.0,3.45
58,153,3.0,3.02
580,8730,4.5,0.0
105,2843,5.0,3.9
438,7254,4.0,3.96
292,3984,5.0,3.55
572,838,4.0,3.87
160,3703,4.0,4.0
91,7387,5.0,3.9
349,231,2.0,3.04
50,96079,2.5,3.84
474,5608,3.0,4.31
89,142444,5.0,0.0
235,246,4.0,4.28
199,150,4.0,3.95
75,33493,0.5,3.54
603,2435,4.0,0.0
232,5218,3.5,4.09
111,48780,4.0,4.2
288,2429,3.0,4.03
566,10,3.0,3.48
104,4973,5.0,4.36
599,1484,3.0,0.0
201,1,5.0,3.99
369,4161,3.0,3.56
274,59369,4.0,4.0
219,53125,4.0,3.73
249,55577,2.5,3.35
446,288,4.0,3.21
79,1197,4.0,4.27
599,26590,2.0,0.0
226,33493,4.0,3.69
414,3861,4.0,3.54
553,5989,5.0,4.03
381,1196,3.5,4.46
182,3977,4.0,2.94
344,2712,4.0,3.4
311,1407,1.5,3.29
369,216,3.5,3.46
477,377,3.0,3.77
144,475,4.5,4.34
226,30825,3.5,3.15
599,8985,1.5,3.11
567,4993,3.0,4.25
288,52319,4.5,3.87
139,110102,2.5,3.96
573,58559,5.0,4.44
356,1089,5.0,4.36
232,3354,3.0,2.8
525,1259,4.0,4.17
111,8969,3.0,3.55
517,87483,2.0,2.89
232,7294,2.5,0.0
21,111362,3.5,4.03
432,1997,5.0,3.99
307,5556,2.0,0.0
600,5135,1.0,4.38
216,2946,4.0,3.29
266,260,4.0,4.31
448,43558,2.0,0.0
152,750,5.0,4.31
56,110,4.0,4.05
483,6893,3.5,4.06
4,3508,5.0,4.27
425,648,3.5,3.71
213,46723,4.0,3.49
385,1097,3.0,3.86
446,316,4.0,3.35
274,6242,3.0,3.82
170,266,4.0,3.43
103,785,3.5,3.59
123,89745,4.0,3.93
330,1573,0.5,3.51
272,6365,3.5,3.33
21,5378,4.0,3.43
99,296,5.0,4.23
599,59615,2.0,3.18
85,1683,3.0,4.72
41,1097,3.0,3.81
567,110102,3.5,4.08
303,1356,5.0,3.95
76,2918,3.0,3.88
334,5952,3.5,4.12
177,3362,2.0,4.1
247,79132,4.0,4.37
162,587,3.0,3.42
525,52975,4.0,3.6
599,6620,2.5,4.41
45,1213,5.0,4.44
596,4995,3.0,4.26
288,3702,2.0,3.84
387,3676,4.0,3.52
411,276,3.0,3.39
187,26776,4.5,4.01
313,750,5.0,4.37
330,3,3.0,3.31
610,34321,3.0,0.0
380,4975,3.0,3.91
480,2005,4.5,3.82
219,3979,1.5,2.66
391,1265,4.0,4.2
274,79057,3.5,4.09
195,2890,4.0,3.85
260,47,4.5,4.03
448,136800,1.5,0.0
140,5282,4.0,0.0
483,3753,3.5,3.68
264,1356,4.5,3.95
304,1372,5.0,3.43
39,3034,3.0,3.53
318,4369,2.5,3.31
387,44761,4.0,3.78
414,3037,4.0,4.33
393,7438,5.0,3.92
204,83601,0.5,0.0
216,3481,5.0,3.66
480,8641,4.5,3.98
387,1265,3.5,4.37
489,1201,4.0,4.31
409,2318,5.0,4.47
19,543,3.0,3.44
105,8917,1.5,4.02
20,2761,4.5,4.17
607,1036,5.0,3.93
380,2921,4.0,4.37
541,19,2.0,2.79
298,2924,3.0,4.35
274,5891,3.0,2.25
603,1237,4.0,4.37
489,8623,3.0,3.42
367,2695,2.0,0.0
560,1136,4.0,4.32
160,85,5.0,3.84
474,4487,2.0,2.82
387,1228,4.0,4.41
599,1371,3.0,3.17
202,1265,5.0,4.17
288,3769,3.0,0.0
462,3989,4.5,0.0
288,2405,3.0,3.12
356,34437,3.0,3.56
599,70,3.5,4.0
268,1271,3.0,3.58
594,1652,4.5,0.0
50,97938,2.0,3.78
423,1278,5.0,3.93
489,356,4.0,4.44
318,2495,4.5,4.4
561,8972,3.0,3.42
448,4203,2.0,3.64
353,367,3.0,3.24
104,2622,3.0,3.36
156,1207,4.0,4.32
382,3826,3.5,2.36
249,1240,4.0,4.13
6,6,4.0,4.07
606,5269,4.0,0.0
292,78893,3.5,1.83
80,1258,4.0,4.17
380,31804,2.0,2.78
122,2997,5.0,4.14
474,956,4.0,0.0
121,265,2.0,3.97
266,1097,2.0,3.89
249,91094,4.0,3.23
27,1276,4.0,4.36
292,97923,2.0,3.79
414,5843,2.0,3.45
111,47997,1.5,4.05
240,546,3.0,1.97
125,105213,4.5,3.03
560,5502,3.5,3.33
19,2263,2.0,2.55
606,1884,4.0,4.09
367,587,4.0,3.49
111,193,3.0,2.62
158,6383,3.0,2.67
597,2194,5.0,4.12
448,1573,3.0,3.71
19,3479,3.0,3.6
421,904,4.0,4.29
281,8361,3.0,3.02
82,4718,3.5,3.17
199,3578,4.0,4.11
288,2077,3.5,3.57
391,3994,1.0,3.62
226,1431,3.0,2.55
357,914,4.0,4.14
19,3409,2.0,2.95
181,317,3.0,3.26
234,1460,3.0,0.0
554,1282,1.0,3.77
484,1333,1.0,3.8
200,34321,3.0,0.0
461,480,0.5,3.74
603,1956,4.0,4.27
474,1717,4.0,3.37
448,160573,3.0,0.0
111,48385,2.5,3.47
108,509,5.0,3.64
448,761,3.0,2.93
288,30822,4.0,3.47
280,3753,4.5,3.45
19,2338,1.0,2.41
378,8961,4.0,3.89
315,902,4.0,3.89
414,3082,3.0,3.84
502,7236,4.5,0.0
68,3704,3.5,3.74
294,2041,2.0,0.0
50,923,4.0,4.03
256,8371,4.0,3.36
202,2116,3.0,2.93
590,3994,2.5,3.73
602,36,3.0,3.89
474,4704,3.0,0.0
448,2779,3.0,3.66
62,296,4.5,4.35
254,48394,4.5,3.89
414,30810,4.0,3.99
580,53996,5.0,3.46
267,1206,1.0,4.14
381,588,4.0,4.15
479,2243,5.0,3.51
125,91500,2.0,3.53
305,158238,3.5,4.19
599,98503,3.0,0.0
414,5322,4.0,0.0
448,4039,3.0,3.38
6,432,5.0,2.75
603,2949,4.0,4.0
382,68157,5.0,4.26
590,2694,1.5,3.39
229,475,4.0,4.35
104,3253,4.0,3.48
469,2526,3.0,0.0
600,4886,3.0,4.11
542,1246,5.0,4.13
199,7458,3.5,3.34
249,2392,2.0,2.44
373,21,1.0,3.6
509,118997,2.5,2.85
204,79008,3.5,3.87
182,8360,3.0,3.86
288,12,2.0,2.98
78,836,3.0,2.83
179,150,4.0,3.89
288,1220,3.5,4.05
221,4447,3.0,3.23
233,7153,4.0,4.21
380,6242,3.0,3.89
514,2114,4.0,3.72
301,539,3.5,3.54
318,72,4.5,3.15
219,3421,2.5,3.87
177,59315,3.5,4.13
282,2398,3.0,3.94
276,783,5.0,3.36
68,91630,3.0,3.94
103,3552,4.5,3.9
41,101525,3.0,0.0
62,4148,5.0,3.0
195,296,5.0,4.31
606,58,3.5,4.4
599,2418,2.0,3.11
380,355,2.0,2.72
105,26082,4.0,4.5
596,5445,3.5,3.84
474,5021,2.5,0.0
572,1356,4.0,3.99
18,180095,3.0,0.0
275,527,5.0,4.37
177,3087,1.0,3.32
590,1278,4.0,4.13
183,380,4.0,3.59
489,953,4.0,4.21
448,5945,3.5,3.65
246,757,4.0,0.0
352,1619,5.0,3.4
542,364,5.0,3.99
216,4036,3.0,3.19
464,3100,5.0,3.98
304,1686,5.0,0.0
113,3044,3.0,3.72
47,111921,3.5,3.43
232,78209,3.5,3.82
596,1527,3.5,3.79
275,1089,5.0,4.39
414,4378,4.0,4.24
606,8848,4.0,0.0
401,42734,1.5,0.0
422,4132,1.0,2.88
195,2028,3.0,4.2
490,78499,4.0,4.36
216,1256,3.0,3.82
274,5092,3.0,3.32
249,4989,3.5,3.12
382,2294,4.5,3.27
462,2871,4.0,4.0
573,52712,0.5,0.0
86,58559,4.5,4.26
453,830,2.0,3.2
476,165,3.0,3.65
354,344,2.5,3.06
474,7840,3.0,3.74
410,2145,4.0,3.16
580,7349,3.0,0.0
599,2306,1.5,3.23
275,593,5.0,4.33
156,5673,3.0,3.61
75,2529,1.5,3.81
232,33145,3.5,3.6
350,832,3.0,3.42
269,1047,3.0,3.33
381,53996,3.5,3.49
83,7254,3.5,3.68
587,32,5.0,4.0
606,6107,4.0,0.0
438,3510,4.0,3.7
393,51255,4.5,4.07
563,114601,3.5,0.0
561,1097,4.5,3.98
459,95510,3.0,3.25
370,2571,4.0,4.27
221,1265,4.0,4.17
599,360,2.5,2.72
438,1722,3.5,3.2
457,2959,5.0,4.25
430,3054,1.0,2.6
560,102407,3.0,3.53
419,1213,4.0,4.33
13,3513,3.0,3.08
101,3175,4.0,3.61
599,33725,3.5,2.7
448,113453,2.5,3.38
307,5265,2.5,3.47
307,26792,1.5,0.0
474,1682,4.5,4.27
298,3536,2.5,3.56
599,173291,3.0,3.39
226,2605,3.0,2.89
330,1527,4.0,3.78
304,1197,5.0,4.3
206,733,3.0,3.69
572,1610,5.0,3.91
474,7839,3.5,0.0
100,1197,3.5,4.3
19,637,2.0,3.63
232,3827,3.0,3.07
448,80126,2.5,2.82
230,45722,5.0,3.58
208,2840,2.0,2.86
354,3617,3.5,3.15
274,73321,3.5,3.34
82,5679,4.0,3.31
351,296,4.5,4.27
239,1961,4.5,3.96
328,1221,5.0,4.37
166,48394,3.0,3.9
520,5669,3.5,3.87
76,6016,3.0,4.21
322,1784,3.0,3.79
448,3511,3.0,3.0
474,4366,3.0,3.71
38,551,4.0,3.5
469,2331,3.0,3.37
555,2496,2.0,3.18
226,589,4.0,4.19
182,555,3.5,4.14
514,184931,4.0,0.0
365,104879,2.0,4.31
201,32,4.0,3.99
424,102903,1.5,3.43
103,2529,3.5,3.9
596,4025,3.5,3.22
339,1206,5.0,4.24
564,2011,4.0,3.52
561,90746,3.0,3.92
212,77561,3.0,3.82
460,2571,4.5,4.27
42,4007,5.0,3.99
414,1103,5.0,4.55
40,272,5.0,3.76
555,3257,3.0,3.11
143,60069,2.0,4.12
298,112852,4.0,4.45
448,2763,3.0,3.77
501,93,3.0,3.03
170,277,3.0,3.33
448,541,4.0,4.18
105,94959,4.0,4.37
307,2161,2.5,3.86
555,2134,4.0,3.4
122,1377,4.5,3.09
368,3726,3.0,3.8
301,5989,4.0,4.01
356,2395,3.5,3.57
231,1036,5.0,3.86
480,296,4.0,4.46
409,1278,4.0,3.97
42,3177,2.0,3.59
171,828,4.0,2.58
483,79242,4.0,2.41
480,34520,1.0,2.2
292,1580,4.0,3.72
1,673,3.0,2.84
419,46970,3.5,3.27
567,40491,5.0,0.0
287,1500,2.0,3.69
517,2054,1.5,2.85
610,4105,5.0,4.04
195,1961,4.0,3.91
464,784,1.5,3.01
610,54785,3.0,3.34
265,1527,4.0,3.73
370,1748,2.0,3.83
555,2722,2.0,2.82
298,81845,2.5,4.25
16,3108,4.0,3.79
77,1198,5.0,4.31
308,904,1.0,4.31
57,1416,3.0,3.76
590,1101,3.0,3.48
177,1527,2.5,3.75
380,2140,4.5,3.8
113,3504,4.0,4.02
483,4356,3.5,4.07
305,51935,4.0,4.0
534,53972,3.5,3.91
137,1204,5.0,4.33
600,1292,3.0,4.31
536,457,3.0,4.03
226,2628,2.5,3.25
580,1123,3.5,0.0
221,1997,4.0,4.02
7,5445,4.0,3.73
608,4343,4.0,3.19
15,3510,5.0,3.41
235,377,5.0,3.62
217,1100,2.0,3.07
452,608,5.0,4.18
603,307,4.0,3.93
528,2763,3.5,3.59
590,10,3.5,3.71
202,1960,3.0,3.77
380,33162,4.0,3.82
249,8361,3.5,3.66
572,904,5.0,4.37
253,2686,4.0,4.08
555,2748,1.0,1.62
156,7107,3.5,0.0
260,6385,3.0,4.13
309,2944,4.0,4.04
610,3114,5.0,4.12
414,2395,5.0,3.66
483,7124,3.5,0.0
318,8748,4.5,0.0
339,1233,4.5,4.24
563,1537,3.5,3.69
279,44191,4.0,3.98
135,1580,4.0,3.63
160,2769,5.0,3.04
318,71535,4.0,4.05
18,57669,4.0,4.36
64,4980,4.0,2.93
182,4350,4.0,0.0
312,2644,3.0,3.56
454,7361,3.5,4.23
288,2316,2.0,3.51
1,1282,5.0,3.78
352,1721,4.0,3.47
7,5816,4.5,3.66
608,2683,3.0,3.36
144,153,3.0,2.98
15,293,3.0,4.11
592,420,3.0,2.91
409,5060,4.0,4.01
417,79132,4.5,4.26
43,3,5.0,3.27
186,3114,4.0,3.97
62,40815,4.5,3.95
318,1274,5.0,3.74
590,4803,3.5,3.67
294,2699,1.0,2.9
318,4848,4.0,3.91
428,344,0.5,3.08
274,2124,2.0,3.58
226,1270,4.0,4.21
414,107,3.0,4.1
19,486,2.0,3.51
594,7017,5.0,2.82
555,1921,4.0,3.89
430,3793,4.0,3.75
497,112556,3.5,3.62
323,356,3.5,4.23
600,508,2.0,3.8
319,81845,4.0,4.15
453,1240,4.0,4.01
414,4012,3.0,3.08
474,2121,2.0,2.71
217,3020,2.0,3.65
357,588,4.5,4.11
599,91981,2.5,0.0
275,474,4.0,3.95
212,122916,4.5,4.03
469,89,4.0,2.96
357,1704,5.0,4.24
227,31410,4.0,3.94
414,5447,3.0,0.0
432,2431,4.5,3.5
560,7323,4.0,4.07
568,3148,4.5,3.7
370,1259,3.5,3.99
103,8641,4.0,3.91
167,5952,4.5,4.13
347,435,3.0,2.53
67,1036,4.0,3.86
545,2605,5.0,2.85
240,316,4.0,3.43
156,1251,5.0,4.02
18,1291,4.0,4.4
298,5445,3.0,3.89
365,152091,3.0,0.0
597,2414,4.0,3.21
483,8368,5.0,3.96
298,57951,0.5,0.0
307,3594,0.5,3.95
606,7327,3.5,3.68
600,3000,4.0,4.07
113,3824,2.0,2.58
288,8807,3.5,3.81
28,475,4.0,4.42
274,43917,2.0,3.23
580,8371,5.0,3.47
493,1240,4.0,3.9
317,79293,3.0,2.91
489,253,4.0,3.56
558,1798,3.0,0.0
413,51662,5.0,3.66
354,2115,3.5,3.75
111,135137,4.0,2.34
227,589,3.5,4.04
287,586,1.5,3.09
300,2324,5.0,4.15
77,33794,5.0,3.82
354,2006,3.5,3.24
381,3753,4.0,3.6
233,1721,3.5,3.44
534,8644,3.5,3.7
182,2959,5.0,4.45
370,7090,4.5,3.8
141,4993,4.0,4.26
498,185,3.0,3.13
104,1391,3.0,3.17
488,1080,4.5,4.08
587,3468,3.0,4.46
180,3552,4.0,3.8
130,434,3.0,3.02
599,357,2.5,3.92
599,8798,3.0,4.2
567,160980,2.0,3.53
169,1663,4.0,3.91
18,85414,3.5,3.73
596,45499,1.5,3.62
4,1086,5.0,3.94
318,80906,4.0,4.62
184,91529,4.0,4.15
509,1265,3.0,4.12
307,54272,4.5,3.85
226,1220,4.0,3.98
24,111759,3.5,4.03
462,1094,2.0,3.57
381,6754,3.0,3.63
560,589,3.0,4.18
64,1762,4.0,1.61
292,87222,3.0,3.81
462,4605,2.0,4.32
122,39183,5.0,3.67
579,34,3.0,3.63
232,36533,1.5,0.0
357,68954,3.5,4.17
288,3054,2.0,2.82
19,2140,4.0,3.64
600,59725,2.5,2.63
19,3692,3.0,0.0
357,53024,4.5,3.7
119,6378,4.5,3.75
273,345,5.0,3.61
428,9,2.0,3.16
64,5299,4.5,3.36
474,6368,3.5,3.97
607,1079,3.0,3.98
606,39715,1.0,2.32
484,3034,4.5,3.56
58,367,4.0,3.26
177,2085,5.0,3.47
603,1549,4.0,0.0
40,48,2.0,3.34
387,432,0.5,2.75
119,51077,3.5,2.44
136,293,1.0,4.06
596,80549,3.5,3.91
91,5479,4.0,3.4
503,68157,4.5,4.11
477,741,4.5,4.1
462,34542,3.5,3.68
525,8917,3.0,3.96
249,94959,5.0,4.54
57,1371,2.0,3.05
387,1125,4.0,3.83
274,2795,3.5,4.07
103,616,3.5,3.48
477,2502,4.5,4.3
182,1275,3.5,4.13
456,135,3.0,3.02
414,58103,3.5,3.85
477,5673,4.5,3.73
599,1426,1.0,0.0
599,6341,2.5,3.32
469,2078,5.0,3.98
318,4226,4.0,4.44
600,1299,1.0,4.26
114,1210,3.5,4.16
471,8636,2.5,3.84
596,2692,4.0,4.06
387,1653,3.5,4.23
140,34334,2.5,2.31
391,866,5.0,4.1
113,1339,4.0,3.42
63,81229,4.0,3.52
50,54272,2.5,3.67
298,58559,3.5,4.52
483,1196,4.5,4.57
599,464,2.0,3.57
167,750,2.0,4.34
541,535,1.0,3.22
6,596,3.0,3.5
210,50872,4.0,4.02
477,6874,3.5,4.0
448,109853,2.0,0.0
105,48385,4.5,3.58
312,5433,3.0,2.47
298,3421,3.0,3.88
307,1973,2.0,0.0
434,4878,5.0,4.13
484,1593,4.0,2.26
266,1500,3.0,3.74
226,2953,3.0,2.73
74,4034,3.5,3.99
256,7361,5.0,4.26
219,588,4.5,4.13
610,107069,3.5,0.0
427,5081,4.0,2.34
64,6377,5.0,4.28
452,2989,4.0,3.47
480,8807,0.5,3.91
229,225,4.0,3.55
21,119155,3.5,3.62
573,6281,4.5,3.21
552,708,3.5,3.39
597,417,4.0,3.69
294,852,3.0,3.2
414,3949,4.0,4.35
356,4642,5.0,4.18
89,955,3.0,3.95
607,3105,4.0,3.91
561,8528,3.0,3.9
169,1345,3.5,3.36
599,47793,2.5,0.0
558,5387,5.0,0.0
288,2300,3.5,4.0
109,76,3.0,3.29
352,71535,5.0,3.95
561,53322,3.0,3.76
474,8235,5.0,0.0
217,2622,3.0,3.43
387,6283,3.5,4.17
167,2413,4.0,3.35
4,2599,5.0,3.6
436,466,2.0,2.96
274,6264,3.0,2.65
288,5428,1.0,1.38
119,52722,3.5,3.1
307,3863,1.5,3.08
202,1209,5.0,4.18
484,4989,4.0,2.74
414,427,3.0,2.0
561,4571,4.0,3.82
50,97225,2.0,3.55
325,2117,4.0,3.68
233,6934,2.5,3.17
603,3374,4.0,0.0
212,86644,3.0,3.85
205,260,4.5,4.21
325,1219,5.0,4.06
571,2901,2.0,3.14
186,2683,3.0,3.27
448,2942,2.0,2.83
105,81564,3.0,3.9
387,8266,3.5,2.58
610,5577,4.0,4.03
21,8665,4.0,4.06
105,3081,4.0,3.56
274,30707,4.0,4.0
53,1982,5.0,3.75
68,44709,4.0,3.67
527,2918,4.0,3.94
599,5015,2.5,3.67
265,1246,3.0,4.12
563,50802,2.5,3.02
448,56251,3.0,4.49
570,356,4.0,4.32
599,3461,2.0,3.23
275,4223,4.0,3.7
603,1304,4.0,4.25
393,3623,3.0,2.73
495,134130,5.0,4.04
393,59369,0.5,3.75
448,457,4.0,4.33
606,53125,2.0,3.78
479,4519,4.0,3.17
501,6,3.0,3.99
414,177593,4.5,4.27
307,2109,3.0,3.35
380,98961,4.0,4.4
98,608,4.0,4.15
40,265,5.0,3.99
548,7458,4.5,3.31
292,1499,1.0,1.68
474,7052,3.0,0.0
381,6539,3.5,4.06
187,1206,4.0,4.2
275,903,5.0,4.08
414,344,2.0,3.27
580,3551,2.5,3.75
226,4161,3.0,3.62
310,7261,3.5,1.51
202,469,2.0,0.0
89,161131,2.5,3.85
199,5673,4.5,3.61
489,4700,2.0,3.36
599,4394,1.5,0.0
265,2094,3.0,3.29
328,91658,1.0,3.55
597,235,4.0,3.77
182,5618,4.5,4.35
297,47,4.0,4.02
586,1645,3.5,3.42
219,54995,4.5,4.01
122,6377,4.5,4.22
84,900,4.0,3.6
610,80846,3.0,0.0
462,2866,3.5,3.7
18,1207,4.5,4.34
389,5,4.0,2.99
221,2710,3.5,2.93
434,5618,5.0,4.21
315,1276,4.0,4.33
376,2797,4.0,3.77
298,5816,3.0,3.63
84,597,3.0,3.65
608,5956,4.0,3.84
63,500,3.0,3.49
477,45730,3.0,2.7
599,2600,2.5,3.88
177,7445,3.0,3.89
20,4993,5.0,4.23
105,527,3.5,4.42
24,1653,3.0,4.05
514,1130,3.5,2.44
610,113159,3.5,0.0
356,1148,5.0,4.13
606,8983,4.0,3.7
305,899,4.5,4.23
115,2394,3.0,3.47
560,102194,4.0,4.43
182,2505,3.5,3.42
483,1042,3.0,3.61
318,116823,2.5,4.15
64,3176,3.5,3.45
4,4881,3.0,3.98
111,53460,3.5,3.59
200,8910,3.5,3.66
308,1148,1.0,4.05
266,2064,5.0,3.95
66,2700,5.0,4.05
368,2410,2.0,2.91
452,4299,4.0,3.4
475,4366,4.5,3.5
438,7445,4.0,3.9
567,151315,0.5,2.79
434,1200,5.0,4.1
312,3703,5.0,3.99
91,1242,4.0,4.23
79,1189,5.0,3.91
42,4153,3.0,2.43
44,66,3.0,2.49
288,2529,5.0,4.04
339,319,5.0,3.52
318,64969,3.5,3.85
605,2759,4.0,3.52
68,2804,2.0,4.33
222,1201,3.5,4.26
216,1171,4.0,3.29
414,838,3.0,4.58
19,260,4.0,4.3
43,236,3.0,3.59
606,45517,3.5,3.43
489,1997,3.5,4.01
480,5313,2.5,2.36
472,4226,1.0,4.14
527,920,3.0,3.72
422,2581,3.0,2.9
259,4963,4.0,3.92
288,3525,1.0,3.13
490,44191,3.5,3.93
138,849,4.5,2.88
500,745,1.0,4.04
200,1,3.5,4.12
546,480,4.0,3.74
561,47,4.5,4.26
414,6170,3.0,4.12
331,2712,4.0,3.41
263,2683,1.0,3.24
68,3298,4.0,3.89
47,5108,4.0,2.96
517,953,4.5,4.17
610,4848,5.0,3.95
132,32,3.0,4.05
377,3648,4.0,0.0
92,1367,3.0,3.09
135,4022,4.0,3.79
460,89039,4.5,0.0
610,3328,5.0,4.41
464,7458,5.0,3.34
484,8641,4.0,3.87
232,67087,4.0,3.57
224,2028,5.0,4.12
367,4447,5.0,3.28
265,1784,4.0,3.79
302,480,5.0,3.75
226,4239,4.0,3.98
73,91500,4.0,3.53
555,3550,4.0,3.81
339,165549,4.0,2.64
215,2959,4.5,4.31
129,2890,4.5,3.8
62,3252,4.5,3.83
200,58559,5.0,4.37
460,7153,5.0,4.21
125,4022,3.5,3.83
177,8807,2.0,3.97
182,4299,3.5,3.58
177,6887,4.0,4.32
596,2791,3.5,3.93
198,2858,5.0,4.12
68,7,2.0,3.29
414,6807,4.0,4.62
177,60161,3.0,3.4
414,8908,3.0,3.64
5,318,3.0,4.48
564,103883,4.5,0.0
363,2396,3.0,3.86
48,1320,4.0,3.19
157,1961,4.0,3.84
254,1721,3.5,3.45
282,4027,4.0,3.88
232,5463,3.0,2.94
89,79684,4.0,0.0
318,92422,4.0,0.0
380,166946,4.0,0.0
414,1466,3.0,4.57
520,468,3.5,3.35
274,2716,3.5,3.91
217,1831,3.0,2.56
387,47610,3.5,4.03
372,1366,5.0,3.29
217,2302,4.0,3.41
182,2989,4.0,3.56
414,5081,3.0,3.0
89,90717,4.5,3.23
274,60756,3.0,3.93
606,7579,5.0,2.83
453,3968,4.0,3.13
219,65,1.0,2.79
41,8949,4.0,3.79
600,662,1.0,3.2
265,3733,4.0,3.78
610,5323,2.0,1.14
427,376,2.5,3.28
458,1006,4.0,3.02
268,1394,5.0,4.08
480,33164,0.5,0.0
61,6796,4.0,3.77
482,1784,3.0,3.78
66,7766,4.0,0.0
313,1885,5.0,3.16
249,2949,4.0,3.99
59,3448,5.0,3.71
405,2105,4.0,3.36
68,94959,3.5,4.47
76,608,4.0,4.16
599,437,1.5,2.46
372,541,4.0,4.14
434,1779,1.5,2.86
387,3911,3.0,3.8
477,2019,4.5,4.35
176,457,5.0,4.03
91,2598,3.0,2.85
381,34405,3.5,4.04
607,1918,4.0,2.86
605,837,3.0,3.41
21,3869,4.0,3.24
363,7153,3.0,4.13
264,1917,3.5,3.0
182,4865,2.5,4.2
215,6155,5.0,3.32
298,106916,3.5,3.26
380,176371,4.0,3.86
432,7160,4.0,3.36
20,2687,4.5,3.5
307,2915,2.5,3.62
200,53125,4.0,3.7
249,33615,3.5,3.62
411,275,1.0,2.32
82,1372,3.5,3.4
610,80094,4.0,0.0
27,2407,4.0,3.22
574,153,3.0,2.93
282,1265,4.5,4.14
160,480,2.0,3.89
380,2278,3.0,3.9
125,27788,4.0,3.03
375,2431,4.5,3.44
109,1015,3.0,2.99
50,2164,1.0,0.0
489,1339,5.0,3.44
71,1544,3.0,2.73
590,3438,3.0,2.85
297,1092,3.0,3.23
361,32019,4.0,2.43
249,109042,2.5,0.0
249,2722,2.5,2.91
387,2084,2.0,3.06
600,377,2.0,3.79
216,1028,4.0,3.89
534,114180,2.5,3.25
182,3993,3.5,3.21
136,296,1.0,4.23
489,30793,2.5,2.99
483,33794,4.0,4.18
318,81537,3.5,3.42
68,82167,2.0,3.46
335,3671,4.5,3.86
414,34319,3.5,3.75
377,2641,3.0,3.08
600,2273,1.0,3.6
425,32,4.0,4.08
303,589,5.0,4.06
420,6807,4.5,4.01
414,3747,3.0,0.0
56,19,5.0,2.79
474,2134,3.0,3.47
156,2946,3.0,3.28
20,1688,4.5,3.38
603,346,4.0,3.24
78,1831,1.0,2.44
7,5464,3.0,3.66
156,1711,3.0,3.28
217,1375,4.0,3.45
563,4246,3.0,3.7
5,36,4.0,3.86
606,3067,4.5,3.65
298,750,3.0,4.41
301,8961,4.0,3.89
419,2722,4.5,2.7
573,48385,5.0,3.46
380,2402,4.0,2.97
198,4808,2.0,2.79
105,36529,4.0,3.95
223,1198,3.5,4.32
448,608,4.0,4.45
525,148667,3.5,0.0
121,22,3.0,3.22
603,1100,1.0,2.95
580,6879,3.0,3.59
167,593,2.5,4.28
294,1707,1.0,1.99
484,1345,1.0,3.42
328,6936,5.0,3.73
414,87430,2.0,2.25
79,1218,5.0,3.8
249,71530,3.0,3.64
160,6,2.0,4.06
64,1387,5.0,4.27
599,2723,2.0,3.34
223,8961,4.5,3.88
28,52042,2.5,0.0
21,135887,4.5,3.15
160,748,4.0,3.1
610,59315,4.0,4.35
477,33794,4.0,4.14
84,165,3.0,3.69
424,78349,3.5,3.91
217,2944,4.0,4.13
462,4977,3.5,0.0
82,2028,3.5,4.24
600,47,4.0,4.18
86,1835,4.0,3.32
474,5073,3.0,4.18
362,5349,4.0,3.57
414,3654,4.0,4.51
523,57504,5.0,4.1
6,575,3.0,2.51
420,54272,3.5,3.67
339,3949,3.5,4.09
448,5010,4.0,4.11
440,1921,3.5,3.85
318,110102,3.5,4.21
236,2502,4.0,4.14
525,33794,3.0,4.15
579,2394,3.0,3.46
43,587,5.0,3.51
50,116797,2.5,4.15
608,6541,4.5,2.78
312,2003,5.0,3.37
68,48394,4.5,4.19
84,235,3.0,3.83
161,1,4.0,3.92
216,2973,4.0,3.94
36,1090,2.5,4.06
479,3552,4.0,3.85
414,4312,4.0,0.0
48,1580,5.0,3.53
66,1517,4.0,3.68
247,4306,3.5,4.0
297,225,3.0,3.54
137,1198,4.5,4.36
128,110,5.0,4.03
18,4239,4.0,4.0
599,5139,1.5,4.1
249,6482,3.0,2.05
298,3210,3.0,3.45
448,4866,3.5,3.02
387,3865,3.0,3.67
288,4535,2.0,4.05
573,88744,4.5,3.65
474,1371,2.0,2.98
480,1207,4.0,4.38
273,1,5.0,3.93
282,7438,3.5,3.96
187,31410,5.0,3.92
216,4005,2.0,3.49
480,1,3.0,4.27
610,148626,4.0,4.33
64,3421,4.5,3.88
330,1380,3.5,3.33
483,3471,2.5,4.08
232,4386,3.0,2.76
308,527,1.0,4.27
68,1784,4.0,4.12
187,27865,2.0,0.0
68,45499,2.0,3.84
480,592,4.5,3.67
265,1721,4.0,3.45
339,85342,4.0,4.29
419,8493,1.5,3.67
606,2355,3.0,3.85
599,4388,1.5,2.75
441,7438,5.0,3.86
438,6874,4.5,3.89
229,454,4.0,3.63
357,2421,3.5,2.84
438,33166,4.5,4.14
580,442,3.0,3.23
13,305,1.0,3.05
391,5339,4.0,4.1
166,8636,5.0,3.92
422,3968,2.0,3.11
263,2692,3.5,4.05
514,185585,3.0,0.0
187,380,2.0,3.63
205,99114,4.5,3.97
606,3723,3.5,3.59
50,1198,3.5,4.35
149,1882,1.0,2.01
111,3301,4.0,3.72
587,1193,5.0,4.26
82,1291,4.5,4.28
448,3536,4.0,3.6
561,2302,3.0,3.42
447,266,5.0,3.44
28,59387,2.0,4.29
480,4865,4.5,4.17
74,46976,4.0,3.76
45,2762,5.0,4.08
358,55052,5.0,3.25
113,1997,4.0,3.96
414,552,3.0,4.2
298,53993,0.5,2.52
318,1136,3.5,4.4
414,40278,4.0,4.22
495,69526,1.0,2.46
484,1717,3.5,3.11
294,2078,4.0,3.93
474,34437,4.0,3.95
321,253,3.0,3.48
352,53125,4.0,3.64
19,474,3.0,3.94
414,5449,1.5,3.01
590,3,3.0,3.5
483,85414,3.0,3.76
323,112290,3.5,4.14
351,88163,4.5,4.1
356,8949,4.0,3.82
288,2040,3.0,2.72
524,541,5.0,4.11
561,5673,3.5,3.73
573,2720,0.5,2.35
298,6959,0.5,2.81
97,5109,4.0,0.0
42,349,4.0,3.92
332,2130,4.0,3.63
119,66511,5.0,0.0
608,180,2.5,3.69
456,1060,4.0,3.6
368,3984,3.0,3.5
133,589,3.0,4.02
474,1323,2.0,1.97
232,45501,3.0,2.38
474,5450,4.0,3.57
21,88140,3.5,3.84
274,68954,3.5,4.42
261,1240,4.0,3.85
253,1192,4.0,4.67
202,3271,4.0,3.87
181,45,3.0,3.28
171,475,4.0,4.36
260,1258,3.5,4.17
479,247,3.0,4.06
232,3646,2.5,2.28
380,849,3.0,3.17
534,551,4.0,3.52
182,4378,3.5,3.94
356,3481,4.0,3.73
326,64614,3.5,4.02
525,2396,4.0,3.99
64,30707,3.5,4.02
226,4776,3.0,3.92
274,60979,2.5,0.0
474,27882,4.0,3.85
339,1748,4.5,3.87
305,134130,3.0,4.18
599,3972,3.0,4.24
610,3825,1.5,3.16
573,2761,5.0,4.19
21,122922,4.0,3.97
131,3363,3.5,3.93
487,4995,3.0,4.08
373,11,2.0,3.79
377,8610,1.5,0.0
274,7160,4.0,3.27
474,2615,3.0,2.9
6,710,3.0,2.57
599,4719,1.5,2.57
132,7773,4.0,0.0
603,900,4.0,3.66
477,2297,4.0,3.71
371,2395,5.0,3.52
414,2891,3.0,0.0
318,106489,3.5,3.47
490,308,4.0,3.95
452,1732,5.0,4.07
414,261,4.0,4.42
599,2088,1.5,2.54
68,4969,3.0,4.01
19,818,4.0,3.5
306,50872,3.5,3.98
541,288,1.0,3.21
125,86332,3.0,3.79
608,377,2.5,3.9
318,1273,4.0,4.19
122,112515,4.5,0.0
187,1209,5.0,4.14
239,1246,4.0,4.22
286,593,4.0,4.24
596,55844,3.5,0.0
414,111364,3.0,2.89
274,69275,4.0,4.44
590,72998,3.5,3.87
483,1029,2.0,3.68
68,1722,4.0,3.33
318,3262,3.0,3.46
181,157,2.0,3.3
606,4285,4.0,1.89
346,8638,4.0,4.02
57,1370,2.0,3.55
51,327,1.5,3.01
377,2792,4.5,2.85
555,2367,3.0,2.77
298,1291,4.0,4.37
169,5103,4.0,3.8
178,1198,4.0,4.34
587,1641,4.0,3.84
599,994,3.0,4.28
217,2463,3.0,3.49
603,4780,2.0,0.0
380,379,3.0,2.36
274,7701,3.0,1.08
477,441,4.0,4.12
318,58998,3.0,3.99
407,54286,3.5,3.64
200,57640,4.0,3.84
474,6412,3.5,0.0
103,74698,2.0,2.08
538,520,5.0,2.98
110,27773,4.0,4.14
332,2739,4.0,3.92
594,2628,4.0,3.2
202,589,5.0,4.18
521,733,4.0,3.7
275,1247,5.0,4.16
414,7149,2.0,3.64
414,142509,3.0,0.0
89,73160,2.5,0.0
62,6564,3.5,2.78
274,1921,3.5,4.09
244,647,1.0,3.53
428,5989,3.0,4.07
137,1207,3.0,4.25
7,8870,3.5,2.34
354,10,3.5,3.57
247,5445,4.0,3.74
448,671,5.0,3.82
474,7141,4.0,0.0
51,2797,5.0,3.82
233,187593,2.5,4.2
474,49957,3.0,0.0
217,2150,3.0,3.96
64,1320,3.0,3.39
217,38,2.0,2.22
222,784,2.5,3.04
592,10,3.0,3.51
608,1136,3.0,4.39
446,39,3.0,3.34
603,2271,3.0,0.0
140,1035,5.0,4.11
294,2643,1.0,1.83
17,6350,5.0,4.12
599,1845,2.5,4.36
446,586,3.0,3.07
471,6333,2.5,3.71
249,2231,3.5,4.03
140,1687,3.0,3.49
59,1222,5.0,4.13
356,5418,3.5,3.97
198,1393,5.0,3.66
304,1375,5.0,3.36
432,4992,3.5,3.11
111,96616,4.0,1.52
366,33794,4.0,3.83
551,135569,4.5,3.46
599,7782,1.5,0.0
21,5218,4.0,3.97
474,4191,4.0,2.8
168,923,5.0,4.05
483,1172,5.0,4.06
499,1220,5.0,3.82
555,489,2.0,0.0
528,55721,5.0,4.22
338,5952,3.0,4.04
470,597,4.0,3.58
186,953,5.0,4.17
136,328,2.0,3.39
495,3755,3.5,3.14
594,2762,4.0,3.95
597,610,4.0,3.58
140,2194,4.0,4.1
474,3466,3.0,3.66
153,88810,4.0,3.92
280,33166,4.5,4.0
343,52952,4.0,4.13
561,3526,3.0,3.88
199,497,3.0,3.92
312,2004,4.0,3.32
305,94478,1.5,2.79
356,3852,5.0,3.13
580,5481,3.5,2.98
610,7307,3.5,0.0
603,1957,4.0,4.09
448,103228,1.0,4.5
140,2019,4.0,4.31
90,1414,4.0,2.8
246,4886,4.5,3.99
122,86833,5.0,3.99
600,2798,2.5,1.36
239,59315,4.5,3.97
198,4019,4.0,3.72
274,330,4.0,2.47
89,121007,4.0,0.0
590,4643,2.5,2.93
74,52967,4.5,3.29
448,79428,1.5,3.61
356,61024,4.0,3.83
103,96728,4.0,3.74
51,5672,0.5,0.0
117,227,3.0,3.13
318,7153,3.5,4.42
222,2,2.5,3.51
328,589,1.0,4.14
380,5574,4.0,3.99
177,1394,2.0,4.3
414,2302,5.0,3.98
432,48696,3.0,4.24
249,67197,3.0,2.77
4,904,4.0,4.35
182,2694,2.5,3.46
359,4306,5.0,3.91
597,1197,5.0,4.33
122,1263,5.0,4.03
274,69844,3.5,4.2
73,86880,3.5,3.62
559,174,1.0,3.07
390,6890,3.5,3.41
307,1405,2.0,2.89
393,54286,5.0,3.74
279,107406,3.0,3.45
528,1704,5.0,4.09
520,3462,4.0,3.69
139,7153,4.0,4.21
332,480,3.5,3.84
258,2959,5.0,4.27
97,4386,4.0,2.63
486,266,5.0,3.44
6,775,3.0,0.0
466,8665,4.0,3.94
132,837,3.0,3.42
474,5291,4.0,4.37
414,104841,5.0,4.29
28,3578,4.0,4.2
199,2391,3.5,3.78
608,4719,3.5,2.48
82,3753,4.0,3.52
156,1639,3.5,3.68
51,5568,4.0,3.08
294,810,1.0,2.38
594,3948,4.5,3.59
528,63876,1.5,3.79
68,3476,2.0,3.56
103,72998,3.0,3.8
165,5418,4.0,3.87
599,3275,3.0,4.54
199,509,3.0,3.74
160,4343,2.0,3.06
387,4563,1.5,0.0
290,235,4.0,3.82
590,11,3.0,3.96
357,2863,4.0,3.4
256,3247,4.5,3.11
111,74275,2.5,0.0
399,2194,5.0,3.93
386,377,3.0,3.6
247,953,2.0,4.09
89,128366,4.0,0.0
606,948,3.5,4.08
19,2478,2.0,3.2
267,110,4.0,4.06
227,63082,4.5,3.96
20,3398,5.0,3.46
331,106489,4.0,3.46
239,1625,4.5,3.8
227,109374,5.0,3.9
555,1036,4.0,4.06
428,3671,3.0,3.94
408,6708,3.5,3.77
89,56587,2.5,3.62
556,118997,4.0,2.57
266,2353,3.0,3.53
313,2710,5.0,2.89
74,7889,4.0,0.0
599,6587,1.5,0.0
599,51255,3.0,4.54
503,608,4.0,4.17
23,1258,5.0,4.17
23,913,4.0,4.15
555,1197,5.0,4.29
387,27266,4.0,4.36
483,1882,1.5,2.2
554,907,4.0,0.0
352,3409,4.0,2.96
469,1299,4.0,4.29
524,553,4.0,3.88
603,3224,5.0,0.0
476,531,4.0,3.26
43,95,4.0,3.04
385,1303,5.0,4.03
24,91542,3.5,3.82
51,924,5.0,3.93
70,3730,4.5,4.1
201,2683,5.0,3.24
603,602,4.0,0.0
599,27156,4.5,4.99
601,50872,5.0,4.02
307,2169,1.5,2.7
80,8861,4.0,3.21
292,5418,4.5,4.03
305,3566,3.0,2.91
448,102033,3.0,3.91
608,1625,4.0,3.92
348,50,5.0,4.28
160,3751,5.0,3.51
57,316,3.0,3.52
474,3247,2.0,3.38
414,2193,5.0,3.82
394,588,2.0,3.84
599,4506,3.0,3.51
489,4299,0.5,3.48
414,163,4.0,4.3
119,44,3.0,2.53
608,3471,2.5,4.07
573,2617,5.0,3.23
282,111,4.0,4.29
288,765,2.0,3.24
42,2918,4.0,4.05
466,3409,4.0,2.89
286,2706,1.5,3.44
42,708,4.0,3.52
474,3038,4.0,4.72
85,1747,4.0,3.42
128,943,4.0,4.12
489,2003,3.5,3.43
182,3114,4.0,4.06
262,440,2.0,3.61
326,55276,1.5,4.17
387,7993,2.5,0.0
524,1246,3.0,4.1
413,4299,5.0,3.34
254,593,4.0,4.29
177,253,4.0,3.56
83,2858,3.5,4.09
122,51255,5.0,4.19
510,4262,3.5,3.91
357,74458,4.0,4.24
190,6708,4.0,3.77
126,161,3.0,3.7
599,333,2.5,4.05
287,7649,0.5,3.41
562,97921,4.5,4.01
599,59129,1.5,0.0
414,43556,3.0,0.0
495,106916,4.5,3.2
414,2371,4.0,3.54
139,3624,2.5,3.3
489,21,2.5,3.59
47,500,1.0,3.45
334,26776,4.0,3.95
103,87222,3.0,3.68
425,2023,3.5,3.56
380,36519,3.0,3.44
348,858,5.0,4.37
601,6016,4.0,4.23
312,5956,5.0,3.62
474,3609,3.5,0.0
294,2918,4.0,3.98
367,1996,3.0,0.0
380,87232,5.0,4.32
552,2428,1.5,2.71
599,23,1.0,2.83
256,6373,4.0,3.3
561,2413,4.0,3.5
89,7293,2.0,3.66
96,1,5.0,3.94
45,3565,4.0,3.48
140,3948,2.5,3.65
332,4973,4.0,4.39
226,30793,4.0,2.98
552,368,3.0,3.55
608,357,3.0,3.75
420,6104,4.0,4.18
84,932,4.0,3.41
414,6598,3.5,0.0
489,2529,4.0,3.9
153,143969,3.0,0.0
599,81845,3.0,4.34
10,60397,3.0,2.98
64,1644,2.5,2.13
187,5146,4.0,3.09
438,356,4.0,4.46
559,265,5.0,3.95
491,2671,4.0,3.49
332,7361,3.5,4.3
89,52973,2.0,3.89
560,143859,3.5,2.83
47,166643,3.0,3.98
552,2194,4.0,3.97
414,7,3.0,3.57
4,1203,5.0,4.19
89,4015,2.0,2.95
411,355,3.0,2.63
497,5952,2.0,4.06
465,1210,4.0,4.22
304,780,4.0,3.63
490,91658,3.5,3.56
338,318,5.0,4.48
307,141,2.5,3.7
200,7293,5.0,3.67
305,89470,3.0,3.97
298,3868,3.0,3.34
610,7202,3.0,0.0
351,3949,5.0,3.94
316,3409,3.0,2.83
177,1962,4.5,3.75
23,1274,4.0,3.75
572,1056,2.0,3.33
558,5152,4.0,3.34
249,2389,2.5,1.95
177,86880,3.5,3.92
219,455,2.5,2.72
489,1346,1.0,3.36
448,1856,4.0,0.0
368,1918,1.0,2.83
587,1747,1.0,3.46
368,459,3.0,2.25
448,105954,3.0,4.2
597,2947,4.0,4.01
217,2567,2.0,3.14
610,3616,2.0,3.55
534,63113,3.5,3.74
298,1232,3.5,3.64
590,1234,4.0,4.38
169,3594,5.0,4.01
186,3927,4.0,2.53
52,56801,3.0,2.5
339,5502,4.5,3.32
357,708,3.0,3.47
610,3896,4.5,3.06
487,112552,3.0,4.12
430,4447,3.0,3.19
91,2599,2.5,3.71
105,6383,3.0,2.7
318,1147,4.0,3.77
91,161,3.5,3.87
590,2959,3.5,4.4
144,1,3.5,4.0
363,1917,2.0,2.98
432,165,2.0,3.73
210,113378,4.5,1.83
448,129937,2.0,2.52
610,2959,5.0,4.54
356,1784,4.0,3.87
464,90384,2.0,0.0
100,2125,4.5,3.56
33,2396,4.0,3.9
105,60684,3.5,4.17
326,4993,4.0,4.24
83,7099,3.0,4.11
288,249,4.0,3.79
441,2959,4.5,4.28
119,116797,5.0,4.28
274,765,3.0,3.34
603,2318,4.0,4.41
132,5218,3.5,3.83
41,81845,3.0,4.24
307,1324,0.5,1.28
319,122904,3.5,3.96
282,2683,4.0,3.31
288,2496,4.0,3.1
222,97921,2.5,4.01
182,1649,3.5,2.12
480,32019,0.5,2.44
317,3160,4.0,3.72
479,5460,4.0,0.0
328,88125,4.0,3.9
298,4980,3.0,2.94
178,5952,4.0,4.07
246,5618,5.0,4.2
226,7347,3.0,3.38
182,5791,4.5,3.92
20,5364,4.0,3.24
66,5548,4.5,2.57
177,40819,5.0,3.98
249,59784,4.0,4.07
274,45722,3.0,3.82
448,6798,3.0,0.0
414,52712,3.5,0.0
232,8836,3.5,0.0
63,67997,4.0,4.32
603,3983,3.0,4.53
474,3365,3.5,4.39
425,5299,3.5,3.27
468,161,2.0,3.66
222,1997,2.5,3.96
221,1584,3.5,3.71
274,33158,2.0,1.72
364,648,3.0,3.58
352,3986,3.0,2.56
84,348,5.0,3.76
363,122918,5.0,3.83
275,162,5.0,4.17
603,1079,4.0,4.18
552,6947,3.5,3.57
560,4975,3.5,3.74
63,858,4.0,4.51
577,1909,4.0,3.52
312,3147,4.0,4.16
253,926,4.5,4.27
266,353,5.0,3.58
502,1214,4.5,3.98
414,899,5.0,4.73
462,171763,4.5,4.53
596,79242,3.0,2.37
121,110,4.0,4.06
524,733,4.0,3.76
274,2133,3.0,3.58
610,6707,3.5,3.01
517,586,5.0,3.19
182,2320,4.5,3.06
351,4023,4.0,3.07
469,2421,2.0,2.88
227,8638,4.0,4.01
571,968,5.0,3.65
317,1262,3.0,4.2
415,2539,4.0,3.04
325,5266,4.0,3.02
98,79139,3.0,3.62
240,380,3.0,3.67
111,5524,3.5,3.26
448,2420,2.0,3.91
124,3949,5.0,3.87
414,3444,3.0,2.95
561,2791,4.0,4.01
178,8874,4.0,4.06
242,300,5.0,3.43
489,1275,1.5,3.93
73,58998,3.5,3.86
313,1258,5.0,4.3
387,1770,3.0,0.0
414,2734,3.0,3.56
448,7091,4.5,0.0
282,1222,4.0,4.24
412,2712,5.0,3.4
603,2973,4.0,4.09
525,106696,3.5,3.95
169,899,5.0,4.07
474,5801,2.5,0.0
425,345,3.5,3.66
541,454,4.0,3.64
141,69844,4.0,4.0
296,527,4.5,4.25
599,45720,2.5,4.2
229,213,3.0,3.39
581,7147,3.5,3.78
104,46578,4.0,3.93
599,179053,3.5,0.0
561,780,4.0,3.72
280,1247,4.0,4.09
91,610,4.5,3.58
599,881,1.5,2.49
464,8977,3.0,2.25
453,520,4.0,3.11
57,3107,3.0,3.53
240,432,5.0,2.66
275,1304,5.0,4.15
596,70637,4.0,0.0
66,1198,3.0,4.44
260,1921,4.5,3.87
229,593,4.0,4.2
232,6219,3.0,0.0
377,7706,4.0,0.0
177,2321,3.0,3.81
249,76093,3.5,4.5
523,3949,4.5,3.89
582,59315,4.5,3.93
288,329,3.5,3.47
279,49272,3.5,4.04
217,1396,5.0,3.47
21,119964,2.0,0.0
517,91535,2.0,3.04
132,175,3.0,4.1
68,122882,5.0,4.07
50,174737,3.0,0.0
232,31700,3.0,3.24
573,7360,4.5,4.11
226,2278,3.0,3.72
318,1884,5.0,4.16
382,4719,3.5,2.54
32,1425,3.0,3.12
469,1086,4.0,4.09
184,103210,2.0,0.0
103,53125,4.5,3.66
41,96829,4.0,4.13
510,2797,3.5,3.77
527,588,5.0,3.95
160,1022,5.0,3.59
44,1391,2.0,3.14
304,86,5.0,3.62
527,1206,3.0,4.18
18,68159,4.0,0.0
307,10,2.5,3.62
339,5995,5.0,4.21
68,3555,3.5,3.61
462,2336,1.5,3.93
41,55765,2.0,4.0
405,25771,4.0,4.69
517,5308,1.0,3.01
462,100556,5.0,0.0
365,42011,1.0,2.23
318,33794,4.0,4.22
580,2640,3.0,3.78
414,6442,5.0,0.0
474,31,3.0,3.73
109,45,3.0,3.29
111,8533,2.5,3.98
381,4069,2.0,3.05
178,4734,4.0,3.14
112,1210,5.0,4.21
166,5349,4.5,3.65
282,50068,4.5,3.74
600,1127,3.5,3.58
414,315,2.0,4.1
211,1036,4.5,3.89
233,788,2.0,2.7
109,318,5.0,4.5
140,1193,3.0,4.37
260,29,4.0,4.05
588,434,3.0,3.04
510,494,1.0,3.43
288,6942,3.0,3.83
101,2395,5.0,3.52
136,688,3.0,2.4
219,1213,2.5,4.45
18,114060,3.5,2.38
288,1020,3.0,3.46
509,4975,3.0,3.68
477,2193,4.0,3.44
312,2657,2.0,3.4
380,33679,2.0,3.87
73,134368,4.0,3.94
158,2428,4.0,2.71
452,2949,4.0,3.86
448,736,3.0,3.67
380,34532,3.0,3.35
107,208,3.0,2.95
387,6666,4.5,4.67
584,34,3.0,3.62
599,415,1.5,2.52
525,122886,4.0,3.96
318,41569,3.5,3.36
571,3732,1.0,3.63
357,5991,4.5,3.76
509,44195,3.0,4.08
596,111759,4.0,4.24
489,4022,3.5,3.84
312,924,5.0,4.0
62,1961,5.0,4.05
305,143969,4.5,0.0
495,48304,4.5,3.67
288,231,3.0,3.28
274,2089,3.0,3.87
266,1298,5.0,3.75
428,145,2.5,3.34
419,2706,4.5,3.44
534,122902,2.0,2.39
483,1370,4.0,3.69
232,6281,3.5,3.44
195,4452,4.0,2.52
448,158022,1.5,0.0
385,344,3.0,3.07
409,3846,5.0,3.13
268,1291,2.0,4.18
489,2006,0.5,3.26
372,259,3.0,3.33
89,111617,3.5,3.89
263,1537,4.0,3.74
555,3421,4.0,3.87
580,3032,3.5,3.76
140,5060,4.0,4.03
536,434,5.0,3.02
414,2539,3.0,3.8
72,527,4.5,4.27
134,110,5.0,4.03
153,7458,0.5,3.37
322,1610,3.0,3.86
470,349,4.0,3.78
448,2378,4.5,3.42
274,8142,3.5,0.0
414,5094,2.0,2.1
179,434,4.0,3.08
66,1382,2.5,1.64
428,3624,1.0,3.31
313,3396,1.0,3.81
20,4865,3.0,3.89
599,160978,1.0,0.0
294,2794,3.0,2.67
246,1610,3.0,3.91
20,837,4.0,3.44
274,47200,4.5,3.91
600,5283,2.0,3.03
351,91974,3.5,4.22
425,2407,3.0,3.21
380,162598,3.5,0.0
313,2459,4.0,3.29
232,7150,3.0,2.88
477,500,3.5,3.6
605,4639,4.0,2.57
599,1997,3.5,4.07
166,1500,5.0,3.74
606,2735,2.5,2.76
237,1375,3.5,3.21
448,1432,2.0,2.99
156,2064,3.0,4.06
282,4886,4.5,4.03
387,2247,3.0,3.6
381,34,3.5,3.7
24,4489,4.0,3.24
80,5388,4.0,3.37
458,344,3.0,3.06
483,2174,4.0,3.62
514,3253,4.0,3.48
474,991,3.0,3.3
216,2915,5.0,3.56
483,4886,4.5,4.23
89,901,1.5,3.55
313,1480,4.0,3.32
437,1171,4.0,3.28
91,3254,2.5,3.52
469,2407,4.0,3.3
600,356,4.0,4.42
66,6333,4.0,3.83
475,109487,4.0,4.09
235,300,5.0,3.44
318,71899,4.0,4.59
512,527,5.0,4.24
610,97188,4.0,0.0
274,62849,3.0,4.03
182,522,4.5,3.09
414,1375,3.0,3.71
293,742,2.0,2.86
323,34,2.5,3.63
414,33004,3.5,3.9
20,3999,2.0,2.57
6,291,3.0,0.0
414,2396,5.0,4.4
474,261,4.0,4.31
72,1221,4.5,4.29
281,51662,4.5,3.63
377,3841,1.5,3.4
356,454,3.0,3.66
288,1231,3.0,3.97
306,86833,4.0,3.93
179,292,4.0,3.43
217,3104,3.0,3.74
232,3535,4.0,3.92
201,2262,3.0,3.01
57,1257,3.0,3.9
186,2048,3.0,3.48
140,1721,4.0,3.59
607,1370,5.0,3.52
105,4344,3.0,3.19
305,89840,4.0,2.55
160,2529,3.0,3.87
240,531,4.0,3.33
18,1080,4.5,4.13
176,588,3.0,3.86
385,1246,4.0,4.13
274,4974,3.5,2.98
371,7153,4.5,4.13
606,2012,2.5,3.8
195,2391,4.0,3.8
51,3969,5.0,3.39
432,56941,4.0,3.15
492,737,5.0,2.54
115,594,3.0,3.61
232,1029,2.0,3.62
305,79251,4.0,0.0
63,5481,2.5,2.96
606,4205,4.0,3.27
601,63082,4.0,3.97
18,48780,4.5,4.38
600,1037,3.0,2.83
288,2003,4.0,3.51
20,4720,3.5,3.67
177,5048,0.5,2.47
474,708,4.5,3.85
456,140,4.0,3.53
274,3997,1.5,2.33
448,112290,3.5,4.67
434,48738,4.0,4.04
555,2261,3.0,3.43
580,1394,4.0,4.17
525,1220,4.0,3.93
89,41828,4.5,0.0
361,45447,4.0,3.2
567,115617,2.0,4.08
608,7163,4.0,3.02
217,2100,2.0,3.34
553,1089,4.5,4.29
183,2529,4.0,3.81
302,21,4.0,3.58
480,43708,3.5,0.0
414,6314,2.0,0.0
269,25,5.0,3.69
489,92730,2.0,0.0
414,3841,2.0,3.91
195,260,4.0,4.27
608,2247,1.0,3.49
414,42738,3.0,3.11
598,113829,5.0,0.0
555,457,4.0,4.22
490,6934,2.0,3.16
307,8815,2.0,2.52
599,118290,2.0,0.0
144,377,3.5,3.65
513,1258,2.5,4.13
380,34143,3.0,0.0
495,858,4.5,4.46
610,134853,3.5,4.2
57,3064,3.0,0.0
275,5466,5.0,3.92
140,3408,3.0,3.64
104,59501,3.5,3.59
493,1573,4.0,3.45
80,60684,4.0,4.07
253,6773,4.5,3.59
104,2692,4.0,4.05
474,2717,0.5,3.39
483,8983,4.0,3.66
260,6331,4.5,3.99
414,2572,4.0,4.1
600,7022,4.5,4.06
567,8874,2.5,4.12
608,4980,2.5,2.95
221,27882,4.5,3.77
555,1855,2.0,2.78
326,4995,4.5,4.16
606,27846,3.0,4.29
28,31116,3.0,4.23
414,46559,3.5,0.0
219,2167,2.5,3.64
400,7153,4.0,4.16
73,3671,4.5,3.88
166,46578,4.0,3.96
409,1265,4.0,4.04
600,2527,3.0,3.7
45,1258,5.0,4.29
304,2321,2.0,3.58
119,73017,4.5,4.0
132,3261,2.0,3.25
474,153,3.0,3.22
280,88405,3.5,3.14
297,185,1.0,3.12
398,5291,2.5,4.0
126,110,4.0,4.05
330,223,4.5,4.01
292,68793,4.0,3.2
256,132046,4.0,2.42
381,919,4.0,3.9
233,134214,3.0,0.0
39,594,3.0,3.61
477,67087,3.5,3.61
182,4571,3.5,3.93
318,134796,5.0,0.0
68,4855,2.5,4.36
140,3105,4.0,4.05
64,588,4.0,4.17
599,4553,3.5,3.92
28,52328,2.5,4.02
425,1645,4.0,3.44
6,161,3.0,3.86
368,1047,3.0,3.39
191,283,4.0,3.55
414,2318,4.0,4.37
590,2398,5.0,3.98
307,7153,3.0,4.4
599,51709,3.0,4.71
73,75805,3.0,2.78
560,4993,4.0,4.35
307,1197,3.5,4.45
18,673,3.0,2.89
202,3834,3.0,0.0
414,4023,3.0,3.56
51,8533,5.0,3.6
263,5377,4.0,3.85
603,235,4.0,3.86
247,69844,5.0,4.03
166,3114,4.5,3.91
525,3948,2.0,3.78
408,4344,4.0,3.04
480,1693,4.5,3.68
480,6620,4.0,4.28
429,169,3.0,2.3
414,2433,2.0,2.92
381,6333,3.0,3.99
603,1258,3.0,4.44
422,3053,3.0,3.91
202,474,3.0,3.99
249,158238,4.5,4.47
525,81845,4.0,4.39
298,8529,0.5,3.49
166,47999,4.5,4.04
27,1022,4.0,3.56
318,3703,3.5,3.87
474,2010,3.5,4.14
414,6197,3.5,2.97
298,1193,4.0,4.36
534,98243,3.5,4.21
597,2186,5.0,4.21
453,2539,5.0,3.15
381,52287,3.0,3.85
339,48774,3.0,4.33
599,344,2.5,3.22
160,3704,4.0,3.51
305,134214,3.0,0.0
62,51662,4.5,3.92
27,1580,3.0,3.56
294,3130,2.0,3.0
495,7361,4.5,4.32
241,8973,4.5,3.63
249,5363,3.5,2.98
226,1236,4.0,4.62
570,3114,3.5,3.93
288,2526,2.0,0.0
314,673,3.0,2.82
177,7164,3.0,2.96
220,50,5.0,4.36
156,1282,3.5,3.79
62,159093,3.5,3.78
509,3615,3.0,3.19
366,6942,3.5,3.75
41,111,2.0,4.27
74,49772,4.0,4.8
298,4845,0.5,1.92
204,2959,5.0,4.3
274,79274,3.5,0.0
152,2959,5.0,4.29
448,2335,4.0,3.31
436,588,3.0,3.94
339,5810,3.0,3.4
557,165,5.0,3.62
610,260,5.0,4.5
597,434,2.0,3.25
62,72011,3.5,3.76
610,44195,3.5,4.06
140,434,3.0,3.25
380,63113,4.0,4.07
495,2762,4.5,4.01
448,64983,3.5,3.58
4,4260,2.0,0.0
62,48394,4.5,4.02
357,337,3.5,4.01
567,148881,5.0,0.0
346,253,3.0,3.52
223,1704,3.5,4.09
107,2,5.0,3.4
600,1617,3.0,4.19
217,2379,3.0,2.53
414,4147,4.0,0.0
288,2402,1.0,2.94
473,30810,4.5,3.58
68,1885,2.5,3.16
93,2396,4.0,3.91
599,5792,3.0,3.54
452,3578,4.0,4.13
332,1240,4.0,3.94
477,62155,4.0,3.43
594,8118,4.0,0.0
21,7701,2.5,1.4
341,435,3.0,2.49
387,3243,1.5,2.71
601,47,4.0,4.06
198,4979,1.0,3.79
380,53972,2.0,4.14
64,3752,3.0,3.28
70,1269,3.5,3.9
510,216,3.0,3.43
382,93139,1.5,0.0
424,48516,4.5,4.37
300,6711,5.0,4.12
373,110,4.0,4.09
567,3157,2.0,2.75
248,6539,4.0,3.84
182,3901,3.5,0.0
7,5991,4.5,3.66
448,99005,1.5,0.0
359,1580,2.0,3.53
517,55052,4.0,3.37
68,64839,4.0,3.99
187,44191,3.5,3.96
453,2028,4.0,4.3
541,453,2.0,3.03
58,435,3.0,2.57
603,2066,5.0,0.0
66,32,5.0,4.11
448,445,3.0,3.16
298,71518,1.0,3.64
232,4958,3.5,3.71
359,2,3.5,3.41
68,46972,3.0,3.65
571,2982,2.0,0.0
288,2081,3.0,3.67
307,589,2.5,4.24
63,91658,4.0,3.59
140,458,3.0,0.0
294,275,2.0,2.7
542,2858,4.5,4.1
560,68954,3.5,4.26
610,1245,5.0,4.47
201,1127,4.0,3.54
356,6333,3.0,3.86
63,4874,3.5,3.71
73,103249,4.0,2.94
479,346,4.0,3.23
177,2011,4.0,3.76
68,73023,3.5,4.38
10,7153,4.0,4.17
130,1,3.0,3.91
415,3148,4.0,3.71
514,1610,4.5,3.98
592,6,3.0,4.04
73,53996,4.0,3.52
140,4991,3.0,3.53
567,140174,3.0,3.72
232,6862,3.5,0.0
288,457,3.0,4.33
469,2948,3.0,3.84
422,780,4.0,3.47
318,2360,4.5,4.77
414,6315,2.5,0.0
567,106766,4.0,3.46
372,34,4.0,3.66
452,1259,5.0,4.06
599,3365,3.0,4.39
480,34405,4.0,3.95
352,2324,5.0,4.27
131,7361,3.5,4.23
368,1499,1.0,1.66
483,910,4.5,4.08
597,2521,4.0,0.0
390,63062,3.0,3.63
290,3250,3.0,3.36
239,5299,4.0,3.29
30,60069,5.0,4.13
599,209,2.5,0.0
555,3147,5.0,4.32
62,88140,4.0,3.85
420,8641,3.5,3.8
599,58425,3.5,4.64
606,778,4.0,4.37
494,1036,5.0,3.87
488,5380,4.5,3.83
599,3174,3.5,3.58
387,6713,4.0,3.88
133,539,3.0,3.51
560,48,2.5,3.27
288,32587,4.5,4.07
509,115617,4.5,4.14
523,120130,5.0,0.0
599,112852,3.5,4.67
328,457,2.5,4.12
414,37720,3.0,3.0
10,30749,3.5,3.93
551,1608,4.0,3.41
232,1291,3.5,4.41
543,2792,5.0,2.84
221,1269,4.5,4.09
514,1983,3.0,0.0
2,48516,4.0,4.3
141,2706,3.0,3.46
410,2797,3.0,3.78
454,1219,4.5,4.0
391,5475,4.0,3.8
125,1844,4.5,3.7
318,79091,3.5,4.2
91,515,1.0,3.62
274,2324,4.0,4.45
166,4011,4.5,4.3
105,2731,4.0,4.2
298,1387,3.0,4.17
19,2995,2.0,2.74
282,150,4.5,3.93
561,2115,4.5,3.86
583,2541,3.5,3.24
381,586,1.0,3.32
125,142222,4.0,3.65
387,6461,3.0,4.41
51,4267,4.5,3.18
69,4370,2.0,3.38
305,8917,1.5,4.08
52,7438,4.5,3.9
318,48774,4.0,4.5
47,1259,3.0,4.0
251,159817,5.0,3.88
448,79132,4.0,4.65
32,1086,4.0,3.94
19,256,1.0,3.13
483,34319,2.5,3.55
298,3471,2.5,3.98
438,423,3.0,2.79
610,8861,2.0,3.76
249,61132,4.0,4.13
534,43928,3.5,1.91
116,2617,2.0,3.15
599,471,2.5,3.84
495,6157,2.0,2.77
58,594,5.0,3.61
444,593,5.0,4.19
47,2144,3.0,3.67
182,110,3.5,4.35
5,150,3.0,3.87
292,127323,1.0,0.0
76,44195,4.5,4.08
474,1928,3.5,0.0
425,589,3.5,4.24
387,1597,1.0,3.2
57,3769,4.0,0.0
608,590,3.0,3.96
115,588,4.0,3.93
517,1597,1.5,3.06
606,98243,3.0,3.92
98,177765,5.0,3.27
226,34162,3.5,3.7
489,82242,3.5,0.0
177,4992,4.0,3.39
356,1500,5.0,3.76
462,1246,1.0,4.16
166,46976,4.5,3.76
132,5481,3.0,2.91
396,50,4.0,4.23
27,911,5.0,3.77
288,1234,3.5,4.45
354,593,4.0,4.33
483,2078,2.5,4.05
414,3978,3.0,3.44
555,2752,3.0,2.83
298,84152,3.0,4.11
390,27660,3.5,3.8
220,63540,2.0,2.4
298,2325,0.5,3.77
18,4995,4.5,4.41
89,128520,2.5,4.28
474,3849,4.0,0.0
328,48516,3.5,4.4
62,114662,4.0,3.99
217,3120,3.0,0.0
357,1381,2.5,2.21
381,72998,4.5,3.82
168,30749,4.0,3.91
551,91535,3.5,3.1
545,1909,4.0,3.46
272,2571,4.0,4.22
387,7362,3.0,3.06
129,6537,3.5,3.05
11,529,5.0,3.85
20,1333,3.5,3.8
249,1704,4.0,4.43
141,5618,4.5,4.15
582,97913,3.0,3.89
474,5380,3.0,4.27
352,3744,2.0,3.0
159,597,4.0,3.59
229,296,5.0,4.24
372,1601,2.0,0.0
310,6711,5.0,4.11
217,1876,3.0,3.21
526,39516,4.5,0.0
307,2985,2.5,3.46
89,78620,4.5,0.0
368,1320,3.0,3.3
217,2473,2.0,2.63
305,32587,5.0,4.12
380,39446,4.0,2.61
155,575,3.0,2.34
274,1968,4.0,3.97
68,207,4.0,3.57
381,53326,2.0,0.0
416,296,4.0,4.25
10,588,4.0,3.88
169,5995,4.5,3.99
603,2256,3.0,0.0
160,1288,4.0,4.01
164,2167,3.0,3.52
19,2088,3.0,2.43
83,3624,0.5,3.26
395,484,1.0,0.0
110,4973,5.0,4.31
599,121035,2.0,0.0
144,25,3.0,3.8
419,4093,1.5,0.0
18,924,4.0,3.99
564,1265,5.0,4.05
414,1088,3.0,4.01
538,8368,4.5,3.89
216,39,3.0,3.34
580,1036,4.0,4.03
260,7361,3.5,4.26
239,6942,3.5,3.81
68,1799,4.0,3.6
19,1920,3.0,3.23
586,1198,5.0,4.47
387,5617,4.0,4.16
584,440,5.0,3.64
464,5418,3.0,3.9
64,5254,3.0,3.4
256,4254,3.5,2.27
263,2424,4.0,3.2
599,529,3.0,4.09
438,7090,5.0,4.02
580,926,1.0,4.27
103,5444,4.0,3.98
600,1342,2.5,2.66
608,355,2.0,2.68
234,1920,2.0,3.15
514,457,4.0,4.14
505,3476,4.0,3.45
184,109848,1.5,0.0
131,1104,4.5,4.55
122,4343,4.0,3.11
77,6539,4.0,3.83
405,7254,4.0,3.68
380,1573,5.0,3.7
523,150548,5.0,3.56
226,255,2.0,2.69
4,2359,4.0,3.58
587,3402,4.0,0.0
274,546,2.0,2.26
484,4069,3.5,3.03
217,1373,4.0,2.58
599,143355,2.0,3.82
263,6539,4.0,3.9
590,3968,2.0,3.14
448,89343,3.0,0.0
84,1286,3.0,3.18
352,1894,3.0,2.84
414,44709,3.5,3.5
69,2628,4.0,3.14
448,1288,5.0,4.13
414,41285,3.0,3.94
352,91529,4.0,4.24
438,8866,3.5,3.14
113,4041,5.0,3.44
331,35836,3.0,3.7
448,108928,2.5,3.45
391,349,3.0,3.8
590,1974,2.0,3.1
610,5772,5.0,0.0
117,31,3.0,3.28
599,145724,0.5,0.0
537,6888,5.0,2.01
380,3551,4.0,3.91
68,2150,2.5,3.96
283,70,3.0,3.55
414,2003,4.0,3.69
200,2581,4.0,2.99
141,317,3.5,3.25
260,2692,4.5,4.03
274,59727,2.0,4.03
594,2906,5.0,2.04
561,5445,3.0,3.84
274,3146,3.5,2.5
380,70159,2.0,0.0
288,2085,3.0,3.45
42,2989,5.0,3.54
385,373,3.0,3.73
89,31685,1.5,3.33
448,81591,3.5,3.84
45,2082,3.0,2.92
426,318,3.5,4.51
414,608,5.0,4.77
480,2023,3.0,3.66
425,367,2.5,3.3
200,3911,3.5,3.71
153,8528,0.5,3.7
266,2395,3.0,3.58
117,828,3.0,2.34
323,109487,3.5,3.96
182,3735,4.0,4.06
387,1258,4.5,4.45
600,3256,2.5,3.83
554,1097,5.0,3.83
348,2959,5.0,4.29
480,1259,3.5,4.3
57,861,4.0,3.93
158,53000,4.0,3.72
244,1610,5.0,3.84
522,82459,4.5,3.97
356,7122,5.0,0.0
183,3755,4.0,3.1
474,4040,0.5,2.52
572,1641,4.0,3.82
464,590,5.0,3.86
414,673,2.0,3.16
288,2384,3.5,2.89
288,3948,3.5,3.76
249,57368,4.0,3.64
414,7367,4.5,2.81
590,8360,3.5,3.8
509,2761,4.0,4.21
480,802,3.0,3.49
390,6953,3.0,3.38
280,4039,4.0,3.18
355,3175,4.0,3.59
167,31685,3.5,3.25
271,32,4.0,3.96
122,2571,5.0,4.4
317,81788,3.0,4.09
534,64695,4.0,0.0
119,48516,4.0,4.44
453,1042,3.0,3.48
491,40815,5.0,3.87
286,6863,3.0,3.44
125,48385,4.5,3.47
453,1357,5.0,4.24
584,508,5.0,3.68
77,5989,2.0,3.97
425,45517,3.5,3.37
274,7387,4.5,4.06
599,1777,2.5,3.77
91,2160,4.5,4.24
368,2263,3.0,2.53
414,8948,3.0,0.0
318,235,3.5,3.8
274,7285,3.5,4.11
50,128360,2.5,3.93
603,523,3.0,0.0
480,1206,4.0,4.33
608,3825,3.5,3.03
318,8157,3.5,4.19
357,2716,4.0,3.85
288,2089,3.0,3.96
275,866,5.0,4.07
428,6754,4.0,3.49
522,778,4.0,4.15
198,58,5.0,4.13
307,594,2.5,3.68
198,316,5.0,3.38
226,569,3.0,0.0
356,6620,2.0,4.2
19,2502,2.0,4.23
288,3104,3.5,3.85
562,4442,4.5,1.65
130,317,3.0,3.18
83,1291,1.0,4.21
80,5418,5.0,3.98
414,2025,4.0,3.89
522,1302,3.5,3.61
608,2004,2.0,3.39
579,1569,5.0,3.43
550,102125,4.0,3.56
603,1454,4.0,3.66
393,5669,5.0,3.85
356,3897,5.0,3.91
217,208,3.0,3.04
380,4941,2.0,3.75
274,4161,3.0,3.72
356,58162,3.5,3.15
219,56156,2.5,3.41
599,2174,3.5,3.76
54,469,3.0,0.0
414,1863,2.0,2.12
45,4011,5.0,4.32
76,39446,4.5,2.63
514,104211,4.0,3.96
274,7293,4.0,3.88
317,64614,3.0,4.1
187,4034,3.0,4.06
129,5952,4.5,4.13
232,7155,0.5,3.94
428,7153,3.5,4.21
541,11,4.0,3.78
160,1372,2.0,3.38
603,4437,4.0,3.77
380,2375,3.0,3.03
438,3156,4.0,2.84
475,4701,4.0,3.25
19,921,3.0,3.54
489,1035,3.5,4.09
27,3555,4.0,3.49
431,1233,4.5,4.16
594,5527,4.5,3.17
279,2716,3.5,3.81
298,5952,4.0,4.27
597,2948,5.0,3.85
152,1234,4.0,4.08
604,742,4.0,2.89
603,2929,3.0,0.0
561,2,4.0,3.68
395,173,4.0,2.63
561,71264,2.5,3.81
184,70533,3.5,0.0
91,172,4.5,2.77
204,27075,3.0,0.0
18,55118,4.5,4.39
599,50005,2.0,2.85
477,2799,0.5,1.61
408,84601,4.0,3.31
160,1056,3.0,3.2
217,1867,2.0,0.0
266,440,2.0,3.64
19,3809,3.0,3.3
191,236,3.0,3.55
42,2028,5.0,4.29
585,4878,3.0,4.04
602,235,4.0,3.78
263,1704,5.0,4.15
164,2053,3.0,2.02
160,1909,1.0,3.59
269,783,4.0,3.34
474,6502,4.5,4.51
483,2000,3.5,3.92
246,59784,5.0,3.58
298,46976,2.0,3.86
42,1196,3.0,4.36
434,2791,3.5,3.94
42,3824,2.0,2.72
573,52458,3.5,3.15
42,4477,2.0,1.62
182,4959,3.5,0.0
601,68157,4.0,4.18
202,1199,4.0,4.27
489,8984,3.5,3.28
19,2710,2.0,2.88
387,2467,2.5,3.98
380,60818,4.0,0.0
605,6541,2.5,2.67
462,5617,3.5,4.02
307,30822,2.5,3.49
567,32031,2.5,3.29
303,1127,3.5,3.52
292,2011,4.0,3.67
391,2640,4.0,3.79
321,588,3.0,3.91
459,4022,4.0,3.71
137,7153,5.0,4.19
419,7458,4.5,3.35
404,224,3.0,3.61
504,5812,4.5,3.83
483,95720,3.0,2.98
28,48385,4.0,3.47
347,454,3.0,3.62
263,8368,4.0,3.92
414,436,2.0,3.25
232,41569,4.5,3.42
280,6539,3.5,3.91
5,531,4.0,3.22
387,1284,3.5,4.37
414,6810,2.5,3.56
391,2858,4.0,4.15
325,4291,3.0,2.76
606,6786,4.0,4.57
339,150,4.0,3.93
387,4587,2.0,2.46
603,3994,1.0,3.65
49,1200,4.5,3.96
522,66665,4.0,3.4
22,74789,0.5,2.91
136,329,2.0,3.49
300,109487,5.0,3.94
233,1580,3.0,3.55
194,163,3.0,3.54
292,4102,2.0,3.79
284,316,4.0,3.38
357,11,3.5,3.86
414,910,5.0,4.44
298,665,4.0,0.0
590,5679,3.0,3.43
414,7153,4.0,4.77
230,2115,3.0,3.69
226,5679,3.5,3.38
11,434,3.0,3.06
430,2987,4.0,3.6
365,90345,2.0,3.69
57,911,4.0,3.87
380,4270,4.0,3.54
131,1233,4.0,4.17
316,253,3.5,3.49
137,608,4.5,4.2
483,344,4.0,3.18
606,7487,4.0,0.0
552,2987,4.0,3.65
288,3,4.0,3.56
380,34162,3.0,3.89
220,364,4.5,4.08
113,1380,3.0,3.22
33,1056,4.0,2.84
177,3535,4.0,3.98
305,71535,5.0,4.04
292,1302,3.0,3.7
292,3977,2.0,2.87
111,157312,3.0,2.74
567,120799,1.5,2.78
365,159441,2.5,0.0
414,1617,5.0,4.5
163,1625,4.0,3.65
320,3534,4.0,3.18
68,3114,3.0,4.25
45,1753,4.0,3.75
590,3489,3.0,3.57
448,60487,3.0,0.0
480,36537,4.0,0.0
448,3257,1.0,3.17
288,1958,3.0,4.08
140,37733,3.5,3.74
579,2676,3.0,3.2
438,4084,4.0,2.79
288,2699,4.0,2.99
67,2959,4.5,4.27
590,1201,4.5,4.47
428,2770,3.5,2.89
156,1921,2.5,3.97
221,7162,3.5,3.35
288,8360,3.5,3.82
474,4025,2.0,3.4
603,3683,5.0,4.13
448,637,2.0,3.85
298,103228,3.5,4.23
553,43684,4.5,0.0
246,1243,5.0,4.16
182,4300,4.0,0.0
484,81847,5.0,3.86
300,81591,5.0,3.64
177,47,4.5,4.2
318,5882,2.5,3.64
412,1307,5.0,3.86
414,1250,5.0,4.37
199,2973,4.0,4.0
492,761,4.0,2.89
146,1882,0.5,2.0
414,166568,4.0,0.0
477,6373,4.0,3.42
355,2951,4.0,4.01
603,931,5.0,3.75
537,4954,5.0,3.73
567,53996,2.0,3.44
606,665,4.5,0.0
380,6365,4.0,3.79
274,7646,4.0,0.0
135,4085,4.0,3.49
129,4993,4.5,4.24
414,37382,3.0,3.28
182,7698,3.5,3.73
381,4896,4.0,3.91
534,91353,4.0,0.0
298,138036,2.0,4.0
249,1196,5.0,4.66
220,4499,4.0,4.2
111,8814,3.0,1.96
590,5952,5.0,4.31
474,7831,3.5,0.0
318,102445,3.5,4.13
169,6252,2.5,2.72
140,31685,3.0,3.3
367,357,2.0,3.59
232,59022,3.5,3.48
202,1218,5.0,3.84
441,260,5.0,4.25
249,83134,4.0,4.25
111,4700,3.0,3.62
288,2174,3.5,3.61
80,89470,4.0,3.79
45,1784,4.0,3.97
107,185,4.0,3.11
477,6350,4.5,4.31
326,2329,4.5,4.3
387,7022,3.0,4.2
600,410,3.5,3.32
603,952,4.0,3.66
198,2916,4.0,3.74
123,97923,4.0,3.68
489,2594,4.0,3.73
408,110669,3.5,0.0
603,2312,3.0,4.1
368,2112,4.0,3.11
599,42738,2.5,2.88
483,54259,5.0,3.77
103,19,3.5,2.94
100,1290,4.0,3.54
238,2361,4.0,2.62
555,2967,4.0,0.0
469,3504,4.0,4.1
91,1193,4.0,4.37
344,3160,3.0,3.72
405,27266,4.0,4.2
477,3105,4.0,4.01
307,919,5.0,3.9
353,225,3.0,3.59
590,457,4.0,4.29
342,785,3.0,3.48
391,111,5.0,4.31
305,160400,3.0,0.0
68,51884,3.0,0.0
186,2707,4.0,3.15
19,3219,2.0,3.38
561,95167,2.5,3.8
125,4973,0.5,4.39
567,91630,2.5,3.79
331,33615,2.5,3.47
580,2539,2.5,3.16
182,1500,2.0,3.88
207,1283,3.5,4.3
156,2000,3.0,3.76
62,88125,4.5,4.06
304,5060,4.0,4.0
182,94,4.0,4.21
42,2081,5.0,3.53
23,8012,4.0,3.53
373,593,5.0,4.21
414,1093,3.0,4.23
93,2,5.0,3.44
101,2858,4.0,4.05
21,90249,3.5,3.07
166,3468,4.5,4.44
528,296,4.0,4.26
274,2420,3.0,3.92
489,489,2.5,0.0
119,4148,3.5,2.93
380,1777,3.0,3.77
177,339,4.0,3.8
57,10,3.0,3.65
68,3948,4.0,4.0
57,2723,3.0,3.12
232,364,3.5,4.23
402,500,5.0,3.47
125,152091,4.0,0.0
96,2396,4.0,3.91
104,2080,3.5,3.54
89,3549,3.5,3.96
367,3755,4.0,3.12
414,5521,4.0,0.0
329,593,2.0,4.17
149,2012,2.0,3.51
465,2278,4.0,3.61
426,72641,5.0,3.72
141,2959,5.0,4.31
339,143385,4.0,3.49
217,1968,4.0,3.93
137,246,5.0,4.33
608,1777,2.5,3.74
561,37727,2.0,3.11
129,2916,4.0,3.71
448,7706,4.5,0.0
217,2056,3.0,0.0
448,2978,2.0,3.59
57,3835,2.0,2.32
263,3753,4.0,3.47
19,47,3.0,4.16
20,2018,4.0,3.44
561,1370,3.0,3.65
448,136778,2.0,0.0
551,45186,4.0,3.69
68,3556,3.0,4.19
342,2428,2.0,2.72
562,7294,3.5,0.0
589,231,4.0,3.02
370,5952,4.5,4.09
216,2858,5.0,4.11
509,71156,3.0,3.68
253,1225,5.0,4.16
91,3868,4.0,3.4
391,4011,4.0,4.32
246,8254,4.0,4.36
474,2064,4.0,4.3
483,180,4.0,3.63
288,1500,3.0,3.92
426,2,4.5,3.44
47,63082,4.0,3.91
555,3039,3.0,4.02
483,8632,0.5,0.0
333,3615,2.0,3.29
103,80572,4.0,0.0
495,4776,5.0,3.89
391,527,5.0,4.37
474,8880,4.0,3.38
599,491,3.0,3.91
469,47,4.0,4.19
249,6188,4.5,3.85
119,64614,4.5,4.08
599,2540,2.0,0.0
74,1263,5.0,4.04
415,3730,4.0,4.1
599,2398,3.5,3.93
380,5299,4.0,3.57
504,4022,4.0,3.74
474,2395,3.0,3.72
160,2699,3.0,2.94
23,6773,4.5,3.61
226,1887,2.5,0.0
140,2797,4.0,3.89
249,50798,1.0,1.45
177,527,4.5,4.49
19,1355,2.0,1.84
109,367,3.0,3.23
160,2471,1.0,2.64
318,64030,3.5,2.47
129,45186,4.0,3.69
562,1275,5.0,3.87
202,1784,4.0,3.94
360,1625,5.0,3.66
514,3052,3.0,3.73
274,585,2.0,3.07
605,943,3.0,4.1
139,37729,3.5,3.58
597,1617,5.0,4.14
562,2580,4.5,3.98
588,590,3.0,3.83
125,8368,3.0,3.94
562,87306,4.0,3.58
122,27773,4.0,4.27
370,36529,3.5,3.78
382,26764,0.5,0.0
249,3175,3.0,3.93
298,58047,2.5,3.65
480,4370,3.5,3.44
24,1265,4.5,4.04
50,7063,3.5,3.87
437,1120,4.0,3.66
144,7034,4.0,3.95
74,1084,5.0,4.15
599,132424,1.0,0.0
520,32,3.5,4.02
597,1188,4.0,3.8
265,509,3.0,3.62
341,111617,4.5,3.78
561,5989,3.0,4.22
337,95,5.0,3.01
358,2338,1.0,2.22
307,274,1.5,3.31
482,5401,2.0,1.94
438,51662,5.0,3.87
387,3507,4.0,4.32
43,300,3.0,3.42
410,3671,4.0,3.92
274,1222,4.0,4.65
167,1198,4.0,4.36
274,32017,3.0,2.87
600,1381,1.5,2.25
318,69644,4.0,2.72
602,434,3.0,3.13
599,56174,2.5,3.94
470,2,3.0,3.43
580,4239,4.0,3.94
528,1961,3.5,3.88
134,593,5.0,4.19
561,8783,3.0,3.29
57,537,3.0,3.33
84,1009,3.0,2.97
474,1650,4.0,0.0
134,47,4.0,4.01
260,4641,5.0,3.35
600,38886,4.5,3.42
91,410,3.0,3.3
448,2985,4.5,3.53
294,2161,3.0,3.8
489,3826,0.5,2.45
4,2351,4.0,4.34
137,2959,3.0,4.28
605,71160,3.0,0.0
466,79702,3.5,4.0
446,2,3.0,3.41
19,2918,5.0,4.05
602,170,3.0,3.29
62,32587,4.5,4.08
345,1244,4.0,4.05
317,5299,3.0,3.2
490,306,4.5,4.17
168,1086,5.0,3.95
489,1499,0.5,1.67
594,2002,5.0,2.95
249,96861,3.5,3.63
480,5025,3.0,2.74
495,3826,3.5,2.35
249,63131,4.0,4.13
170,364,3.0,3.98
437,590,5.0,3.85
567,8477,5.0,0.0
339,74685,5.0,2.99
414,8362,2.5,3.49
599,4995,2.5,4.66
372,1464,2.0,3.44
64,8783,3.5,3.25
304,1057,2.0,3.67
221,953,5.0,4.22
91,1387,5.0,4.25
13,3897,4.0,3.83
448,1833,2.0,3.16
600,2010,4.0,4.02
414,2456,2.0,3.16
594,552,5.0,3.42
102,457,4.0,4.04
606,461,4.0,2.12
287,441,4.5,4.04
91,3176,4.0,3.42
211,2949,3.5,3.76
567,111360,1.0,3.06
361,70,2.0,3.58
514,1975,2.0,2.67
566,224,4.0,3.63
422,1213,5.0,4.31
211,91500,4.0,3.47
538,80549,4.5,3.81
610,109374,4.5,4.35
332,3037,4.0,4.16
582,79091,5.0,3.79
436,432,3.0,2.59
195,233,3.0,3.65
267,3578,5.0,3.99
466,81845,4.0,4.18
222,34162,4.0,3.62
140,4369,3.0,3.24
200,60072,5.0,3.12
356,1220,5.0,3.92
543,60069,5.0,4.13
610,79695,3.0,3.17
167,733,3.5,3.72
563,81591,4.0,3.62
365,107997,1.5,0.0
249,1513,2.5,3.14
448,129428,2.5,0.0
199,50,4.0,4.36
29,1224,4.0,4.25
606,8622,4.0,3.7
599,953,3.5,4.48
484,2858,4.5,4.07
504,345,4.0,3.61
517,82169,4.5,3.83
448,6315,2.0,0.0
380,8947,3.0,2.34
590,361,2.5,3.14
533,1258,4.5,4.13
571,2327,2.0,0.0
356,158,3.0,2.94
221,4642,4.5,4.25
597,2457,4.0,3.51
217,1918,1.0,2.82
572,1173,1.0,3.37
438,7361,4.0,4.36
541,415,3.0,2.58
132,27731,3.0,3.82
442,2145,2.0,3.16
286,7361,5.0,4.25
232,49284,3.0,2.73
419,86668,5.0,0.0
278,3210,4.0,3.4
489,1619,3.0,3.41
313,610,5.0,3.56
328,150,3.0,3.91
307,55820,4.5,4.1
514,1449,4.0,3.83
232,6887,4.0,4.37
562,1061,3.5,3.64
86,33679,5.0,3.37
311,5992,4.5,4.05
182,1295,5.0,2.82
177,1059,3.0,4.01
489,5878,4.5,3.98
66,762,2.5,2.45
74,34437,3.5,3.51
169,34,4.0,3.65
1,2193,4.0,3.38
109,457,4.0,4.05
318,120761,3.5,0.0
603,1514,3.0,0.0
594,595,5.0,3.94
599,26854,2.5,0.0
448,136305,1.0,0.0
307,543,3.0,3.46
20,2116,2.5,2.9
493,4444,5.0,3.77
45,53993,4.5,2.52
184,165635,1.0,0.0
104,8866,3.5,2.77
414,8874,4.0,4.88
282,6287,3.5,3.12
292,3468,3.0,4.45
291,8368,5.0,3.96
57,1283,5.0,4.3
599,613,2.5,3.67
414,2262,3.0,3.37
603,2725,2.0,0.0
393,3793,5.0,3.8
56,292,4.0,3.38
368,168,2.0,3.27
448,1953,5.0,4.2
143,69757,5.0,3.59
19,3040,3.0,3.12
414,5075,5.0,0.0
182,6947,3.5,3.73
563,7375,3.0,3.08
135,1449,4.0,3.79
547,1211,5.0,3.79
288,608,4.0,4.35
76,2502,4.0,4.17
292,86833,3.0,3.95
268,1208,5.0,4.2
105,6373,4.0,3.47
6,170,3.0,3.34
312,2160,5.0,4.19
19,48,1.0,3.45
93,110,5.0,4.1
555,3918,3.0,3.26
298,778,3.5,4.3
483,8636,3.5,3.99
517,1552,1.5,3.13
282,45517,4.5,3.4
4,1057,3.0,3.67
6,258,3.0,2.88
472,1693,4.0,3.43
489,1219,3.5,4.16
599,160,2.5,3.06
42,527,4.0,4.29
21,96079,4.0,3.9
285,1945,4.0,4.1
586,4886,5.0,4.02
380,102684,4.0,0.0
202,1259,5.0,4.15
313,2643,2.0,1.86
190,30749,4.0,3.92
195,527,4.0,4.3
605,3991,3.0,2.55
606,1411,4.0,4.06
469,3147,5.0,4.27
82,420,3.5,2.91
608,5313,3.0,2.37
198,2360,3.0,4.84
588,318,5.0,4.5
177,99114,3.5,4.44
141,500,3.0,3.48
446,153,1.0,2.97
241,2997,3.5,4.03
495,79132,5.0,4.39
610,2517,4.0,2.81
610,1270,5.0,4.25
249,48304,3.5,3.87
566,468,3.0,3.31
275,3481,4.0,3.74
177,1393,3.0,3.8
448,86548,3.5,0.0
274,8507,3.0,3.1
217,2413,3.0,3.47
111,57951,3.5,0.0
458,380,3.0,3.61
414,1347,3.0,3.54
368,1092,3.0,3.36
68,95218,3.5,0.0
27,3168,2.0,3.64
50,6377,3.0,4.06
480,2318,1.5,4.37
103,2571,4.0,4.43
602,500,4.0,3.48
414,1233,5.0,4.77
211,73017,4.0,3.9
325,2991,3.0,3.8
66,3072,4.0,3.68
358,69844,3.5,3.93
305,112897,4.0,0.0
21,5952,2.0,4.2
219,4901,4.0,3.66
219,736,3.0,3.52
87,1584,4.0,3.6
66,2146,4.5,3.26
460,6385,4.5,4.15
290,3559,4.0,0.0
276,333,5.0,3.72
489,1073,3.5,4.11
275,1580,3.0,3.59
161,4270,4.0,3.07
606,5499,3.5,0.0
414,188,4.0,4.44
202,2985,3.0,3.37
411,372,3.0,2.69
135,3812,4.0,3.35
177,4359,3.0,3.7
380,52694,4.0,2.97
387,7939,4.5,0.0
62,3000,4.0,4.17
474,2539,3.0,3.63
599,419,0.5,3.26
382,165101,3.5,3.06
357,2762,5.0,4.07
274,79702,3.0,4.31
600,35836,1.5,3.76
167,1120,3.0,3.68
451,802,3.0,3.32
586,106489,5.0,3.48
238,4852,3.0,0.0
469,593,4.0,4.36
274,48877,3.0,3.49
288,1389,1.0,1.64
346,7748,4.0,3.8
432,1200,4.0,4.06
249,56156,3.5,3.51
610,3997,1.0,2.38
394,595,2.0,3.83
182,162,3.5,4.15
298,223,4.0,4.06
477,5103,3.5,3.77
312,253,4.0,3.5
469,2890,3.0,3.93
474,37736,3.5,0.0
331,91658,5.0,3.59
204,64969,3.5,3.7
495,111364,3.5,2.46
220,1517,3.5,3.66
38,282,3.0,3.43
57,3774,1.0,0.7
82,1608,3.5,3.49
599,2987,3.5,4.01
210,56171,3.5,3.06
608,8807,4.0,3.88
465,1272,5.0,4.03
318,3307,3.0,4.07
28,1641,2.5,3.85
514,1998,1.5,1.46
552,4007,3.0,3.95
249,4246,3.5,3.94
127,5060,5.0,3.96
132,47,4.0,4.08
68,3100,3.5,4.25
249,39446,3.0,2.58
509,551,4.0,3.58
489,1270,3.5,4.14
411,223,4.0,3.98
368,1968,3.0,3.86
414,1014,3.0,2.23
183,1970,3.0,2.91
45,4718,5.0,3.25
605,3004,4.0,2.94
448,5621,2.5,1.96
414,2501,4.0,4.66
288,2194,3.0,4.27
66,6238,3.0,2.67
375,1438,2.0,2.72
480,4639,1.5,2.76
84,1104,4.0,4.64
140,1616,3.0,3.39
169,4369,3.0,3.2
536,350,3.0,3.44
367,4306,5.0,3.97
155,1917,4.0,3.0
567,103141,2.5,4.02
610,7147,4.0,4.36
226,6006,3.0,2.61
89,96110,2.5,3.59
563,106100,3.5,4.0
600,2026,2.0,0.0
564,118924,3.0,0.0
453,2959,5.0,4.35
414,3004,1.0,3.27
606,1998,1.5,1.54
33,302,3.0,3.27
480,1080,4.5,4.12
606,46,4.0,3.83
380,5784,3.0,2.78
19,611,2.0,2.51
599,1210,5.0,4.65
199,1296,4.0,3.95
312,1973,3.0,0.0
332,87232,3.5,3.91
448,93363,2.0,3.9
414,7104,3.5,2.48
217,164,3.0,3.61
424,3911,3.5,3.66
10,113394,4.0,0.0
307,33171,0.5,0.0
249,160718,4.5,0.0
602,282,2.0,3.46
117,6,3.0,4.05
608,40278,4.5,3.85
80,96917,4.0,0.0
446,594,4.0,3.6
307,2348,3.5,3.66
568,1257,4.0,3.76
534,1036,4.5,3.98
607,296,3.0,4.27
416,318,3.0,4.48
19,2144,3.0,3.74
80,2571,4.5,4.3
105,106920,5.0,4.27
382,858,5.0,4.4
177,5066,4.5,3.5
489,5989,3.5,4.21
182,4951,2.5,3.79
462,3182,4.5,3.78
21,91500,3.5,3.6
444,431,4.0,3.79
177,77846,5.0,0.0
387,1350,4.0,4.02
45,2231,5.0,3.95
514,3362,4.0,4.1
365,5378,2.5,3.3
141,5218,3.0,3.81
288,5945,4.0,3.64
204,47,5.0,4.04
534,112580,4.0,0.0
204,6807,4.0,4.0
542,5679,4.0,3.29
317,4011,4.0,4.29
252,122922,4.0,3.76
143,97921,3.0,3.93
554,2078,4.0,3.88
599,65,2.0,3.0
377,680,5.0,4.17
332,1732,4.0,4.08
414,1687,2.0,4.21
426,1441,5.0,3.4
43,410,4.0,3.17
89,49274,5.0,2.47
306,104211,4.0,3.91
200,2683,4.0,3.32
606,427,3.5,2.1
288,2110,3.0,3.49
124,1784,4.0,3.76
415,1193,5.0,4.25
318,58295,3.0,3.56
274,5874,2.0,2.49
440,3363,4.5,3.93
525,116797,4.0,4.38
402,112,4.0,3.56
608,1517,3.0,3.87
544,1059,5.0,3.74
590,49278,3.0,3.51
608,7438,4.0,4.04
307,3264,2.5,2.54
339,527,5.0,4.37
206,14,4.0,3.86
294,2296,1.0,2.23
18,1391,3.0,3.24
103,2791,3.5,3.93
481,1605,2.0,3.01
482,1042,4.0,3.33
140,2058,3.5,3.62
140,3798,3.0,3.38
603,2570,3.0,3.4
64,4816,3.5,3.53
185,364,4.0,3.97
357,4878,5.0,4.12
169,852,4.5,3.25
191,215,4.0,4.01
517,593,3.0,4.27
448,3802,2.0,0.0
263,2108,3.0,3.6
56,370,3.0,3.07
579,597,5.0,3.56
446,593,5.0,4.21
414,3471,4.0,4.37
567,6669,3.5,3.26
249,50442,3.5,3.25
365,8874,4.0,4.11
298,1220,3.5,3.99
21,5349,3.0,3.73
232,596,2.5,3.45
599,2002,2.0,3.04
599,3317,3.0,3.83
50,44719,2.5,0.0
176,150,4.0,3.88
544,14,3.0,3.85
28,55274,2.5,0.0
525,46972,3.5,3.38
274,3617,3.5,3.48
305,26249,5.0,0.0
89,71264,4.0,3.71
47,30749,3.0,3.92
132,89,2.5,2.97
600,4621,2.0,2.8
478,337,2.5,3.83
232,4896,3.5,3.98
246,4144,5.0,4.18
474,1029,3.0,3.84
599,4544,3.0,3.09
610,26413,3.5,0.0
330,353,4.0,3.59
482,3130,1.0,3.03
105,112421,4.5,3.92
531,10,4.0,3.44
6,991,4.0,3.19
264,1320,2.5,3.19
4,1219,4.0,4.05
204,296,4.5,4.27
601,48780,4.5,4.21
142,50,5.0,4.22
292,106487,4.5,3.73
21,2724,3.0,2.88
205,8368,4.0,3.91
603,1104,5.0,4.74
313,1073,3.0,4.08
573,53000,4.5,3.74
448,4268,2.0,0.0
105,6433,5.0,2.49
288,2375,2.0,3.01
474,2329,4.0,4.65
144,648,3.5,3.65
560,57669,4.5,4.33
191,300,4.0,3.44
337,145,4.0,3.36
84,953,3.0,4.2
186,2094,4.0,3.31
610,136602,4.0,0.0
480,316,4.0,3.56
335,296,5.0,4.24
305,1276,3.5,4.45
599,7757,2.5,3.85
372,1356,4.0,3.98
559,533,3.0,2.92
103,8376,5.0,3.19
306,87869,4.0,3.42
610,72142,5.0,0.0
357,2020,4.0,4.16
144,527,3.5,4.29
199,3948,2.0,3.61
219,41569,3.5,3.34
600,8644,0.5,3.61
59,541,5.0,4.12
610,110286,3.5,0.0
18,1729,4.0,3.8
35,236,4.0,3.54
464,74580,2.0,0.0
474,4448,4.0,3.63
590,520,3.0,3.2
597,1284,4.0,4.28
202,1291,4.0,4.29
79,1916,3.0,3.15
9,6044,2.0,0.0
6,274,4.0,3.2
233,3751,3.0,3.49
560,94959,3.5,4.28
606,27821,2.5,3.33
104,586,3.0,3.18
51,3624,2.5,3.36
290,2549,2.0,3.15
68,46976,4.0,4.06
203,70286,4.0,3.86
219,2268,4.0,3.96
249,4239,4.0,4.14
313,1265,4.0,4.18
522,1732,4.5,4.03
199,266,2.0,3.44
228,2722,4.0,2.69
42,19,2.0,2.9
288,1125,4.0,3.82
271,1200,4.0,3.96
239,7254,3.5,3.8
554,1196,5.0,4.25
21,117851,3.0,0.0
320,4387,4.0,3.75
139,3825,1.0,2.77
448,151559,2.0,0.0
542,594,4.0,3.59
465,3723,5.0,3.74
309,1269,3.5,3.97
168,1213,5.0,4.35
51,965,5.0,4.18
525,3114,4.0,4.05
177,924,1.5,4.01
182,2153,1.5,2.67
376,48516,4.5,4.34
573,1721,1.5,3.48
610,4896,4.0,3.99
586,122904,4.0,4.12
603,3169,3.0,3.61
294,2799,1.0,1.61
369,30793,4.0,2.9
566,32,4.0,3.97
105,40815,3.0,3.95
282,1,4.5,4.05
509,95193,2.0,0.0
462,50068,3.5,3.77
271,43936,2.5,2.93
546,3957,3.0,2.49
274,7236,4.0,0.0
9,922,4.0,4.43
367,2716,5.0,3.8
448,34048,3.0,3.53
186,1580,4.0,3.61
361,7458,4.0,3.35
78,68791,2.0,3.31
184,175585,3.5,0.0
448,1405,4.0,2.94
560,27266,4.0,4.14
89,58047,2.5,3.56
298,6874,4.0,4.07
182,3578,3.5,4.32
318,127172,3.5,0.0
223,55820,3.0,3.93
73,68954,4.0,4.19
474,1951,4.0,4.06
61,5952,4.5,4.05
63,1968,4.0,3.84
203,2987,3.5,3.6
105,4023,3.0,3.14
376,292,4.5,3.44
357,2657,3.0,3.44
18,47200,3.0,3.59
260,296,4.5,4.28
606,2822,4.0,2.73
68,80463,3.5,4.41
523,1704,5.0,4.1
263,4992,4.0,3.05
610,51927,3.5,0.0
606,3668,3.5,4.13
520,2006,3.5,3.21
294,356,5.0,4.29
221,1089,4.5,4.38
580,4103,4.0,4.14
518,1275,4.0,3.76
567,159093,1.0,3.79
182,2117,4.0,3.78
256,5445,4.0,3.75
411,589,3.0,4.07
307,39446,1.5,2.62
111,136598,4.0,3.54
294,2961,3.0,2.3
383,2496,4.0,3.02
89,946,0.5,3.48
580,1617,4.0,4.13
448,4499,4.0,4.33
119,4306,4.0,4.05
232,68952,3.5,4.16
465,1343,4.0,3.83
562,2393,3.0,2.93
573,6586,4.0,3.32
393,66934,5.0,4.0
414,53468,2.5,4.15
599,180297,3.0,0.0
232,6040,2.0,2.33
298,51084,0.5,3.3
414,3104,5.0,4.21
268,2247,3.0,3.42
599,1185,3.0,4.06
294,2243,2.0,3.59
288,4027,5.0,4.06
603,4422,4.0,0.0
483,5218,3.5,4.05
604,104,3.0,3.46
19,2416,3.0,2.96
275,5464,2.0,3.81
436,145,3.0,3.34
474,3394,1.5,2.61
305,112788,3.5,2.53
373,288,3.0,3.23
113,1733,4.0,4.66
64,788,3.5,2.98
41,924,2.0,3.98
560,36519,3.5,3.21
604,253,5.0,3.52
135,380,3.0,3.71
387,5363,1.0,2.84
605,54686,3.0,0.0
590,4226,3.5,4.34
285,6787,4.0,4.02
414,3745,4.0,3.7
223,6711,3.5,4.12
520,1281,4.5,4.05
21,3633,4.5,3.53
82,1556,1.5,1.69
177,6957,0.5,3.8
51,3481,5.0,3.7
226,7448,2.5,2.77
381,208,1.5,3.05
314,203,3.0,3.62
414,5390,3.0,0.0
13,1619,3.0,3.33
215,2858,4.0,4.09
91,1396,4.0,3.48
542,45447,3.5,3.21
560,593,4.0,4.39
414,5785,4.0,4.01
79,3142,4.0,2.99
139,8360,2.0,3.63
414,216,3.0,4.21
599,26365,2.5,0.0
488,898,4.5,4.4
57,553,4.0,4.02
474,4738,3.5,4.27
235,150,5.0,3.9
495,104211,4.5,4.05
182,4034,3.5,4.25
68,59421,3.5,3.33
39,1270,4.0,4.06
474,3512,4.5,3.6
223,344,1.0,3.05
63,4014,2.5,3.66
21,52730,0.5,0.0
202,2819,4.0,3.7
94,586,3.0,3.06
373,160,1.0,2.94
219,37830,4.0,3.74
274,73929,3.5,2.87
143,31433,4.0,2.84
599,2353,2.5,3.84
280,1213,5.0,4.35
563,7142,3.0,3.02
288,318,5.0,4.73
387,999,3.0,3.03
290,1949,5.0,4.46
608,312,0.5,1.68
61,2012,2.0,3.51
567,177765,1.5,3.36
610,65514,4.0,4.79
282,6708,4.0,3.79
609,589,3.0,4.03
480,5323,0.5,0.91
608,2278,3.0,3.82
318,4878,3.0,4.29
466,41566,4.0,3.53
125,142456,4.5,0.0
159,81932,2.0,3.9
10,7151,3.0,3.43
121,356,4.0,4.2
101,2490,2.0,3.39
581,2959,4.5,4.29
177,55052,3.5,3.65
156,1,4.0,4.06
465,1179,4.0,3.59
438,2011,4.0,3.71
387,2951,3.5,4.27
105,912,4.0,4.5
448,84696,4.0,0.0
517,47,2.0,4.04
500,3751,4.0,3.47
412,1199,4.0,4.21
100,6873,4.0,3.18
169,1367,3.0,3.15
288,2105,3.0,3.47
606,5742,4.0,0.0
599,7346,2.0,3.42
373,733,3.0,3.7
182,4161,3.0,3.63
274,733,3.0,4.05
534,588,4.5,4.15
297,164,2.0,3.41
474,7414,2.5,0.0
365,1197,1.5,4.37
560,2115,4.0,3.76
263,262,4.0,3.94
381,1537,3.5,3.77
226,2279,2.0,2.53
509,106918,3.0,4.27
462,6380,5.0,3.66
414,2640,3.0,4.12
527,2872,5.0,3.71
91,3275,4.5,4.33
307,3247,1.0,3.25
414,5636,2.0,0.0
40,223,5.0,3.98
298,2060,3.0,3.08
600,1274,3.5,3.7
500,3175,4.0,3.64
274,1997,4.0,4.16
202,11,4.0,3.86
183,2949,3.0,3.76
292,64957,3.5,3.94
387,2632,4.0,0.0
438,737,2.0,2.57
452,4002,5.0,3.83
260,1449,3.5,3.73
436,454,3.0,3.65
448,4678,3.5,3.5
260,8011,4.0,0.0
265,3260,4.0,4.13
199,2028,4.0,4.26
68,1894,4.0,3.08
74,2997,4.0,4.11
132,2012,3.0,3.59
339,166946,4.5,0.0
438,3635,4.0,3.47
412,951,5.0,4.5
438,5445,2.0,3.88
68,3809,3.5,3.34
599,1228,3.5,4.43
477,904,3.5,4.43
63,1203,4.0,4.29
78,370,4.0,3.09
448,115170,2.5,0.0
434,8873,4.5,3.89
302,608,5.0,4.12
357,1994,3.5,3.59
219,60069,4.5,4.3
517,91658,0.5,3.54
580,5630,4.0,3.59
610,61132,4.5,4.23
489,2692,4.0,4.1
380,1347,5.0,3.37
482,8977,1.0,2.21
552,923,4.5,4.01
372,1584,4.0,3.69
302,293,3.0,4.07
307,8636,3.5,4.0
543,72998,5.0,3.66
274,54732,2.0,0.0
290,3424,4.0,4.2
89,1234,0.5,4.13
477,2416,3.5,2.99
477,1036,4.5,4.06
266,17,1.0,3.81
381,43376,4.5,4.68
474,515,5.0,3.55
298,3623,3.0,2.81
527,912,4.0,4.37
331,45517,2.5,3.38
474,6454,3.5,0.0
217,2874,3.0,0.0
414,524,5.0,4.04
600,613,1.0,3.8
414,33166,4.0,4.74
448,7036,2.5,2.81
534,3633,2.5,3.47
290,3217,4.0,3.16
21,480,4.0,3.91
331,56757,3.0,3.79
448,111362,3.0,4.42
555,1373,3.0,2.53
76,480,2.0,3.76
96,434,4.0,3.02
555,2846,5.0,3.94
559,317,3.0,3.27
465,1783,4.0,2.6
580,2745,4.0,3.55
203,4993,5.0,4.2
489,588,3.5,4.15
239,6807,4.0,4.05
480,6934,2.0,3.35
597,2359,4.0,3.53
1,2987,5.0,3.71
420,6870,4.0,3.77
490,4993,3.5,4.21
376,60069,4.5,4.16
387,2901,2.5,3.47
217,1445,1.0,2.34
305,96811,3.5,5.07
331,6157,1.0,2.76
414,96488,4.5,4.45
271,2140,3.5,3.53
448,103339,1.0,3.16
298,3037,3.5,4.11
590,7147,3.0,4.04
603,2716,3.0,3.86
64,5266,4.0,3.14
135,161,5.0,3.8
364,95,5.0,2.94
25,260,5.0,4.24
533,2455,3.0,3.49
100,2291,4.0,3.72
42,1027,4.0,3.01
393,4226,5.0,4.23
480,42013,1.5,3.2
89,76301,4.5,0.0
409,934,2.0,3.76
432,7438,2.5,3.94
140,2020,3.0,4.26
511,109487,4.5,3.98
489,2762,3.0,4.08
18,91500,4.0,3.54
345,1690,4.0,2.96
474,3334,3.0,4.17
307,724,1.5,3.15
22,6539,2.5,3.85
414,56379,3.5,0.0
28,4211,2.0,4.03
567,111781,2.5,3.67
483,1625,4.0,3.93
132,4741,3.0,3.83
335,2699,2.5,2.91
438,3996,5.0,3.97
249,107406,4.5,3.64
448,68793,3.0,3.52
309,1104,3.0,4.55
479,2542,4.0,4.07
19,2571,4.0,4.35
215,55814,5.0,3.87
89,3991,4.5,2.54
599,2171,2.5,3.4
365,3578,1.5,4.06
514,1320,1.5,3.26
483,223,3.5,4.08
290,2915,4.0,3.55
346,2396,3.0,3.91
428,1148,3.0,4.06
298,109673,0.5,3.81
572,1265,1.0,4.09
129,33166,5.0,3.96
509,4973,4.0,4.42
474,8191,4.0,0.0
560,5952,4.0,4.21
445,4022,2.0,3.74
140,5947,3.0,0.0
21,103883,3.5,0.0
380,442,5.0,3.51
42,4280,4.0,3.5
140,3185,3.0,3.48
554,2567,4.0,2.97
159,7361,0.5,4.24
202,1210,3.0,4.32
489,3697,3.5,2.88
160,93,1.0,3.08
477,2116,4.0,2.93
274,1015,3.5,3.37
579,595,5.0,3.86
21,109487,3.0,4.27
603,3006,4.0,3.97
610,31086,3.5,0.0
429,161,5.0,3.73
597,356,5.0,4.35
357,26471,5.0,4.36
42,1918,2.0,2.85
201,1213,4.0,4.33
474,45635,3.0,0.0
28,1480,3.0,3.39
448,78116,3.5,0.0
275,3793,2.0,3.79
129,8132,4.5,4.42
474,42418,4.0,2.55
606,2432,3.5,3.0
274,52458,2.5,3.24
307,3051,1.5,0.0
313,968,5.0,3.76
247,54997,3.0,4.01
555,1641,5.0,3.89
600,25923,3.5,0.0
62,135143,4.0,3.84
414,2259,2.0,4.31
64,5064,3.5,3.9
582,60069,4.0,4.15
42,1060,5.0,3.63
470,761,3.0,2.84
425,141,4.0,3.62
187,4011,1.5,4.29
480,5379,4.0,4.24
57,849,2.0,2.97
479,2306,3.0,2.81
307,829,2.0,2.87
215,527,4.5,4.28
410,111,3.0,4.23
477,60756,4.0,3.73
20,6365,4.0,3.4
453,104,4.0,3.58
232,4718,3.5,3.38
42,1042,2.0,3.55
66,2805,3.0,3.07
28,161,3.0,3.76
275,5603,5.0,0.0
387,30810,3.5,3.73
483,1136,4.5,4.45
395,160,4.0,2.95
139,34319,1.5,3.48
474,1641,3.5,3.93
474,2554,3.5,3.74
605,1339,3.0,3.42
268,165,2.0,3.64
288,1136,5.0,4.49
594,329,4.0,3.5
293,1097,2.0,3.78
413,4262,5.0,3.91
531,5349,5.0,3.51
434,3000,5.0,4.07
197,1213,3.0,4.3
249,56367,4.0,4.02
419,74750,4.5,3.23
140,6753,3.5,3.51
448,6659,2.5,3.87
323,497,4.0,3.85
475,1374,4.5,3.74
233,180031,3.5,3.68
19,216,2.0,3.59
476,261,5.0,3.96
462,1233,4.0,4.31
551,3948,3.0,3.61
91,1270,3.5,4.2
610,115122,4.5,0.0
415,99114,4.5,4.01
118,2329,3.0,4.22
381,27660,3.5,3.92
534,4369,4.5,3.39
290,593,4.0,4.29
182,4849,4.0,0.0
391,750,5.0,4.4
483,2791,4.0,4.02
408,46976,4.0,3.72
432,27708,4.0,0.0
274,36525,2.0,3.19
610,4881,3.5,4.3
387,546,3.0,2.14
379,296,2.0,4.23
411,161,4.0,3.78
346,5147,4.5,3.49
414,27879,4.0,4.59
33,322,2.0,3.79
509,5481,3.5,2.92
104,616,3.0,3.47
571,2120,2.0,0.0
522,58559,5.0,4.34
219,3328,3.5,4.15
94,380,3.0,3.6
64,231,4.5,3.25
21,2716,3.5,3.82
448,8874,4.0,4.51
474,8617,3.0,0.0
607,2907,3.0,4.36
305,1466,3.5,4.06
68,875,3.5,0.0
18,457,3.5,4.19
18,80219,3.5,3.42
599,8827,3.0,4.31
202,3246,4.0,4.36
438,32017,3.0,2.75
57,1288,5.0,4.04
505,1215,4.0,3.97
11,780,4.0,3.53
546,2531,2.0,3.19
549,2571,5.0,4.22
111,1032,3.5,3.32
6,174,3.0,3.18
541,15,3.0,2.9
288,60126,3.5,3.76
382,1196,5.0,4.36
469,2455,3.0,3.64
476,2,4.0,3.42
606,1784,4.0,4.06
585,1405,4.0,2.79
608,6003,4.5,3.7
111,106918,4.0,4.45
292,2990,4.0,3.45
489,903,3.5,4.08
448,2530,2.0,2.73
430,4027,5.0,3.8
369,7361,4.0,4.26
479,2908,4.0,3.5
438,6754,3.0,3.74
210,123553,1.0,0.0
80,3275,5.0,4.23
357,4354,2.5,0.0
105,1206,5.0,4.32
426,4995,4.5,4.12
221,2599,5.0,3.69
160,4148,2.0,2.91
480,8907,3.0,2.36
39,3911,5.0,3.63
484,6868,4.0,3.32
599,4936,2.0,3.66
153,72998,1.0,3.65
448,149354,2.0,2.94
166,50,5.0,4.38
196,104,3.5,3.46
380,4016,4.0,3.97
68,1912,3.0,4.21
177,1175,3.0,4.36
391,4128,3.0,3.82
414,780,4.0,4.2
254,1617,4.5,4.06
474,2087,3.0,3.82
339,1674,4.0,3.66
599,123310,2.0,0.0
367,3157,5.0,2.68
480,8949,2.5,3.92
4,417,2.0,3.73
288,8528,4.0,3.97
140,3062,4.0,4.06
427,151,3.0,3.55
438,7263,3.5,3.59
462,852,0.5,3.18
597,490,3.0,3.17
105,130970,5.0,0.0
230,1527,5.0,3.75
318,364,4.5,4.19
307,2315,0.5,3.0
95,1529,4.0,0.0
397,123,5.0,3.74
603,2877,3.0,3.28
254,1037,3.5,2.7
105,5785,3.5,3.72
459,8368,4.5,3.9
610,99007,3.0,3.74
357,7444,4.5,3.28
474,6810,3.5,3.26
462,162,4.0,4.19
414,3267,4.0,4.34
164,4023,3.0,3.05
269,784,3.0,2.96
160,1979,3.0,3.32
89,2599,3.0,3.66
562,1500,4.0,3.73
153,4973,5.0,4.36
448,113378,2.0,1.94
373,44,1.0,2.5
105,1221,4.5,4.4
45,3408,4.0,3.67
367,2797,5.0,3.84
601,70286,4.5,3.93
102,553,4.0,3.85
364,1356,4.0,3.94
313,2003,4.0,3.42
201,46,1.0,3.62
169,1197,4.0,4.34
489,5378,0.5,3.37
452,1374,5.0,3.82
89,47736,5.0,0.0
480,4638,2.0,3.16
122,61323,5.0,3.62
517,3948,2.0,3.61
522,5952,2.5,4.13
474,8336,3.5,0.0
462,750,4.5,4.41
387,27592,3.0,4.18
305,1200,3.5,4.22
367,4639,2.0,2.57
219,1500,2.5,3.77
71,648,4.0,3.59
28,2427,3.5,3.25
503,1207,4.0,4.2
563,117529,3.5,3.29
448,2231,4.0,4.03
263,2770,2.0,2.89
590,1252,3.0,4.44
212,183897,5.0,4.11
68,34048,2.0,3.61
294,2797,4.0,3.85
600,4963,1.0,4.16
39,260,5.0,4.29
318,117849,4.5,0.0
434,35836,3.5,3.72
232,45447,3.5,3.63
380,5128,3.0,2.27
603,2160,4.0,4.22
495,1438,3.5,2.7
448,7132,5.0,4.29
414,2407,4.0,3.47
148,4886,3.0,3.93
64,2054,3.5,2.96
148,81834,4.0,4.09
20,3300,3.0,3.65
475,88140,4.5,3.71
3,849,5.0,2.88
180,315,3.0,3.11
590,2174,2.5,3.6
603,45,4.0,3.47
19,1291,5.0,4.32
462,183317,4.5,0.0
606,40583,3.5,3.78
555,3442,1.0,0.0
122,3160,5.0,3.7
232,63062,4.0,3.99
62,60684,4.5,4.12
312,5446,4.0,3.18
24,5418,4.0,3.91
600,4713,2.0,3.95
555,1995,2.0,1.42
317,80489,4.0,3.89
105,72998,4.0,3.96
6,86,5.0,3.66
599,1438,1.5,2.74
294,2968,4.0,3.85
217,2746,3.0,3.46
45,924,4.0,3.97
414,55250,2.5,0.0
234,3479,3.0,3.51
52,48304,5.0,3.63
361,3082,4.0,3.29
63,2997,3.0,4.11
361,2858,2.5,4.07
194,1653,3.5,3.98
537,527,1.0,4.24
11,1385,3.0,3.06
606,551,3.0,3.64
339,174055,5.0,3.63
414,50,5.0,4.87
599,110,3.5,4.58
263,1,4.0,4.01
489,4025,3.0,3.29
45,344,4.0,3.14
232,35836,3.5,3.88
249,65802,2.5,3.72
474,7713,4.0,0.0
156,3473,5.0,0.0
469,2311,4.0,3.9
606,6415,4.0,0.0
111,1485,3.5,3.33
219,7022,5.0,4.09
599,2281,2.5,0.0
599,4214,2.5,3.28
487,4027,3.0,3.79
560,48774,4.0,4.33
408,116797,4.0,4.19
566,203,4.0,3.57
279,152077,3.0,3.8
104,76093,4.0,4.0
232,4446,2.5,3.63
446,368,3.0,3.52
274,818,2.0,3.79
247,2858,4.0,4.13
422,5063,3.0,0.0
599,56782,3.0,4.37
414,7325,2.5,3.42
226,1911,2.5,2.92
132,6291,3.5,0.0
294,2423,4.0,3.83
217,2478,2.0,3.25
380,31431,2.5,0.0
475,6365,4.5,3.47
64,1527,3.5,3.77
469,3551,2.0,3.88
307,2332,1.0,0.0
202,3508,5.0,4.35
339,924,5.0,3.99
265,2571,5.0,4.26
32,327,3.0,3.02
287,1411,3.5,4.12
133,253,2.0,3.49
414,832,3.0,3.98
356,266,4.0,3.42
305,2987,4.5,3.83
604,410,4.0,3.14
68,52722,3.0,3.42
424,2291,4.0,3.73
42,552,4.0,3.57
448,158,3.0,3.25
19,3070,5.0,3.3
249,3623,3.5,3.0
286,2294,3.5,3.26
202,3176,4.0,3.32
593,4973,3.5,4.32
414,4661,3.0,0.0
367,4321,4.0,3.57
280,92535,4.0,4.5
140,44399,1.0,0.0
232,62081,3.5,2.94
125,95088,3.5,3.93
90,1366,4.0,3.27
34,5952,1.0,4.08
68,79057,3.5,4.01
380,3784,3.0,2.53
274,4890,2.0,3.02
597,1225,5.0,4.35
330,1394,4.0,4.16
294,234,3.0,2.74
414,30848,3.5,0.0
148,81847,4.5,3.84
599,7108,3.0,0.0
369,45950,3.0,3.8
177,1704,5.0,4.37
376,110,3.5,4.14
14,231,3.0,3.03
211,56367,3.5,3.79
587,445,4.0,2.7
80,5445,4.5,3.78
606,1913,4.0,0.0
330,377,0.5,3.69
256,96610,4.0,3.73
561,102445,3.5,4.01
111,1777,3.5,3.71
573,33794,4.5,4.05
357,671,4.0,3.47
606,6376,4.5,0.0
217,1665,2.0,3.32
352,2288,5.0,4.11
18,1193,4.5,4.37
165,5991,4.0,3.64
44,663,4.0,3.1
140,524,3.5,3.76
590,3703,3.0,3.96
326,142448,4.0,3.01
474,350,3.0,3.72
490,86345,4.0,4.22
585,1228,5.0,4.2
599,3755,2.5,3.32
389,95,4.0,2.97
275,1923,2.0,3.82
448,109673,1.5,3.98
318,152065,3.5,0.0
19,332,2.0,2.97
182,2502,4.5,4.39
79,3576,4.0,3.3
555,3691,3.0,0.0
165,249,4.0,3.64
249,8874,4.5,4.43
66,2648,5.0,3.97
19,434,3.0,3.24
599,48780,3.0,4.45
326,3147,4.5,4.18
480,7161,0.5,2.44
275,1186,5.0,3.81
412,2390,3.0,3.89
381,3751,3.5,3.52
18,1206,4.5,4.29
425,1682,3.0,3.97
298,8949,3.5,3.82
22,4993,1.0,4.21
509,4018,2.5,3.32
369,2021,3.0,3.36
490,81834,3.0,4.09
280,1485,2.5,3.19
603,1171,3.0,3.32
600,3744,1.0,2.99
84,62,4.0,3.77
352,104211,4.0,4.01
486,86,5.0,3.61
286,5952,4.5,4.09
201,2716,5.0,3.79
477,575,3.5,2.56
129,3623,3.5,2.76
125,116897,4.5,4.33
525,59315,3.0,4.11
390,7208,4.0,0.0
318,122886,3.0,4.0
405,55820,4.5,3.95
414,742,1.0,3.74
274,71254,3.5,3.84
599,634,1.0,2.9
367,3797,4.0,0.0
357,7451,4.5,3.76
380,6537,4.0,3.37
309,2132,4.5,4.18
318,3007,4.0,3.98
474,7728,4.0,3.96
515,48516,5.0,4.3
7,1196,4.0,4.28
477,46530,4.5,3.07
588,6,5.0,4.02
318,6711,4.0,4.29
232,48412,3.0,0.0
111,127390,4.0,0.0
602,364,4.0,4.02
47,88810,3.5,3.9
366,58559,4.0,4.24
211,2542,4.5,4.04
73,3911,3.5,3.68
135,1876,2.0,3.14
1,3639,4.0,3.5
489,7438,5.0,3.98
159,1704,5.0,4.09
80,91658,5.0,3.58
282,4025,3.0,3.17
390,44943,5.0,0.0
232,69640,4.0,2.91
83,1223,0.5,4.27
6,219,3.0,0.0
182,2231,3.0,4.12
25,177593,5.0,4.53
292,1021,3.5,2.38
96,648,3.0,3.6
597,1235,5.0,4.34
610,38038,4.0,4.11
292,2291,2.5,3.82
380,1882,3.0,2.25
413,1198,1.0,4.31
99,292,5.0,3.4
233,48394,3.0,3.89
344,1270,5.0,4.04
226,8614,3.0,3.08
345,926,5.0,4.29
142,165,3.0,3.64
509,101864,2.5,3.54
45,2108,2.0,3.65
280,63992,4.0,2.53
232,51086,2.5,3.04
376,185,4.0,3.16
380,6287,3.0,3.4
594,5151,4.5,2.92
95,2706,4.0,3.46
414,4462,1.0,0.0
610,1923,5.0,4.01
74,3201,4.0,4.65
474,5446,4.5,3.42
482,2353,4.0,3.53
217,1833,3.0,3.12
380,30894,4.0,2.33
346,858,4.0,4.39
18,78499,4.0,4.48
411,2,4.0,3.43
217,459,2.0,2.29
599,195,1.5,3.32
414,719,1.0,3.46
600,5349,3.5,3.65
387,39,2.5,3.4
480,6541,1.0,2.76
268,587,1.0,3.43
187,31878,3.5,3.72
105,74789,4.0,3.4
483,1682,3.5,4.12
405,208,4.0,2.95
590,350,2.5,3.57
607,3476,5.0,3.5
139,74458,1.0,4.13
577,2145,3.0,3.17
251,1197,5.0,4.26
232,7163,3.5,3.09
331,3535,5.0,3.82
292,5445,4.0,3.82
608,1513,0.5,3.14
434,1073,4.5,4.03
274,3243,3.0,2.8
105,3593,2.0,1.87
332,377,3.5,3.66
362,48780,4.0,4.2
288,3039,3.0,4.21
190,5618,4.0,4.12
217,3396,3.0,3.8
111,2581,4.0,3.0
4,3044,5.0,3.75
489,2959,4.5,4.39
178,6502,4.5,4.05
509,7173,1.5,3.4
40,158,4.0,2.96
414,1584,3.0,4.43
136,195,5.0,3.14
381,56367,5.0,3.9
608,1591,3.0,2.43
263,2710,2.0,2.89
86,3793,4.0,3.77
332,4447,3.5,3.2
156,500,2.0,3.54
282,2478,4.0,3.19
414,386,3.0,0.0
414,6370,5.0,3.92
177,6987,3.0,4.23
590,48780,3.0,4.28
599,87522,1.5,0.0
6,454,4.0,3.75
517,8969,2.0,3.09
351,47,4.5,4.05
312,589,4.0,4.14
357,2324,4.0,4.29
33,1801,4.0,3.35
122,27660,5.0,3.92
561,2762,4.0,4.13
226,1580,3.5,3.69
256,6502,4.0,4.09
91,4254,2.0,2.31
601,5618,5.0,4.15
288,4343,2.0,3.1
607,457,5.0,4.12
221,154,4.0,3.92
36,908,3.5,4.23
326,4967,4.0,4.33
533,2959,5.0,4.27
38,592,4.0,3.51
606,1701,4.0,3.94
288,68358,3.5,4.23
68,8529,2.5,3.67
177,1552,2.0,3.27
382,5957,3.5,3.52
269,743,3.0,2.54
249,52458,4.0,3.4
381,150,3.5,3.96
606,48516,3.5,4.7
61,50,4.5,4.26
125,4979,4.5,3.78
167,150,4.0,3.9
469,3702,3.0,3.7
424,4226,4.5,4.21
68,2427,3.5,3.22
68,95624,3.0,0.0
91,2916,4.5,3.94
419,2694,3.5,3.3
274,51709,3.5,4.54
325,1370,2.0,3.48
204,44191,5.0,3.93
387,3082,3.0,3.39
274,541,2.5,4.21
581,68954,4.0,4.1
309,30812,4.0,3.51
474,2581,4.0,3.2
322,3578,4.0,4.02
19,2840,2.0,2.83
580,8983,4.0,3.56
297,170,1.0,3.27
251,50872,2.5,3.92
2,112552,4.0,4.12
177,4963,4.0,4.48
551,159093,4.0,3.87
489,4720,3.5,3.79
489,91658,4.0,3.61
232,42007,3.0,0.0
62,114935,5.0,3.95
41,1213,2.0,4.35
182,3984,4.0,3.72
70,1302,5.0,3.55
229,509,3.0,3.64
414,5051,3.0,0.0
301,8368,3.5,3.9
50,87222,2.0,3.53
405,111,4.5,4.22
157,2683,4.0,3.2
221,1267,4.0,4.43
413,4890,5.0,2.98
558,5127,4.0,3.26
606,6578,3.5,0.0
560,2716,3.5,3.82
82,1527,4.0,3.75
599,76077,2.0,3.55
103,5014,4.0,3.83
599,34143,2.0,0.0
483,3418,2.0,3.75
420,1206,4.0,4.17
318,4519,4.0,3.25
249,1562,2.5,2.48
594,6975,0.5,3.93
200,8961,4.0,4.04
520,5459,4.0,2.94
1,151,5.0,3.58
358,7361,4.0,4.22
519,6378,4.0,3.63
162,36,5.0,3.88
384,4280,2.0,3.5
38,648,4.0,3.61
119,5418,4.0,3.97
372,719,2.0,2.97
580,2360,4.5,4.84
599,852,2.0,3.31
590,913,4.5,4.17
351,92048,4.0,0.0
525,103228,4.0,4.16
45,1390,2.0,2.75
247,2028,4.0,4.25
298,136449,3.5,0.0
602,260,5.0,4.24
263,2763,4.0,3.61
47,318,4.0,4.52
273,111,4.0,4.18
414,5957,1.5,3.78
199,161,3.5,3.7
312,2699,3.0,2.93
448,101415,1.5,0.0
542,2572,3.5,3.55
442,3107,0.5,3.39
160,485,0.5,3.13
198,593,4.0,4.28
437,1093,4.0,3.55
32,849,2.0,2.92
357,88125,5.0,3.93
111,119153,4.5,0.0
484,3273,3.0,2.56
140,5791,3.0,3.79
359,2470,3.5,3.14
135,2706,4.0,3.53
469,3265,3.0,4.13
66,3740,4.0,3.91
200,1485,3.5,3.28
448,111743,3.5,3.46
438,2001,4.0,3.28
125,589,4.0,4.1
599,3764,2.5,2.21
448,1,5.0,4.38
425,2353,3.5,3.62
57,2641,2.0,3.12
477,56921,4.5,3.91
414,1344,3.5,4.01
610,1300,4.5,4.21
610,4308,2.5,3.72
594,7742,0.5,0.0
103,2080,3.5,3.57
149,196,3.0,2.73
514,1321,4.0,3.43
594,3269,4.5,2.91
586,102125,4.5,3.78
332,1590,2.5,2.99
177,1801,5.0,3.53
232,32031,3.5,3.33
90,1442,2.0,3.88
594,2491,4.5,3.38
66,3098,4.5,3.71
380,105731,3.0,0.0
334,1196,4.0,4.3
414,46974,3.0,2.69
343,6016,5.0,4.19
232,4789,3.0,0.0
414,2990,3.0,4.11
504,377,4.0,3.61
387,141,2.0,3.79
380,7444,3.0,3.47
474,8368,5.0,3.98
305,89904,4.5,4.03
231,1200,5.0,3.95
140,2561,3.0,2.64
47,30793,3.0,2.93
249,30812,4.0,3.76
330,2291,4.0,3.8
50,136020,2.0,2.93
105,5313,3.0,2.4
560,47997,4.0,4.16
249,69526,3.0,2.83
68,48385,1.0,3.61
339,2019,4.0,4.31
514,2002,3.0,2.93
552,4638,1.0,3.01
592,253,4.0,3.51
599,34405,3.5,3.91
593,3996,4.5,3.86
586,52287,4.5,3.67
514,2148,2.5,3.44
318,58162,3.5,3.2
195,4344,3.0,3.02
133,380,3.0,3.56
479,1198,4.0,4.31
226,6025,4.0,2.44
141,78499,4.0,4.39
478,2987,2.5,3.58
610,27773,5.0,4.38
298,80549,2.0,3.95
298,2985,3.0,3.45
144,480,3.0,3.82
600,1721,3.0,3.58
519,4025,5.0,3.1
414,3105,3.0,4.48
249,73106,3.0,0.0
525,70293,3.5,3.3
318,47200,3.0,3.64
318,7124,3.5,0.0
553,5418,4.0,3.89
520,2375,4.0,2.73
68,1552,3.5,3.42
551,115149,4.0,3.98
274,2355,3.5,4.05
91,4214,2.0,3.09
448,85510,2.0,3.38
385,1204,5.0,4.32
474,7079,2.5,0.0
57,1148,5.0,4.17
169,8783,4.5,3.24
50,2925,3.5,4.2
182,3698,4.0,3.32
380,2115,5.0,3.98
610,170875,3.0,2.85
169,2502,5.0,4.23
34,4720,4.0,3.63
517,5816,4.0,3.68
608,4247,1.0,2.37
41,7438,5.0,3.93
393,4848,3.0,3.81
221,27768,4.5,0.0
274,8908,3.5,3.73
312,1094,4.0,3.58
610,7173,3.0,3.56
307,1994,2.5,3.68
391,3470,5.0,4.25
391,1256,5.0,3.84
462,1090,4.0,4.14
357,4963,4.5,4.15
279,2918,2.5,3.93
483,5679,1.5,3.45
140,1047,3.0,3.36
18,84392,4.5,3.7
249,89,3.5,3.2
374,1339,3.0,3.4
27,158,2.0,2.93
594,6333,4.5,3.77
191,213,5.0,3.43
284,370,2.0,3.1
593,1296,5.0,3.84
46,231,3.0,3.05
140,4031,3.0,0.0
474,1235,4.0,4.21
68,2081,5.0,3.82
483,2986,2.5,2.82
436,165,3.0,3.67
210,34397,3.0,0.0
210,76093,5.0,4.01
177,70336,3.0,2.28
599,6436,2.5,0.0
561,79695,2.5,3.07
6,1073,3.0,4.06
42,1221,5.0,4.31
140,5377,3.5,3.9
274,45442,2.0,2.89
140,4326,3.5,3.62
66,541,5.0,4.16
566,587,3.0,3.45
274,8906,3.5,0.0
483,7147,5.0,4.11
23,1233,5.0,4.21
525,1265,4.0,4.22
520,32469,4.5,0.0
45,1457,4.0,3.3
17,293,3.5,4.12
156,8228,5.0,3.74
232,59784,3.0,3.76
438,37386,3.0,2.89
474,308,4.0,4.42
247,122886,3.5,3.9
221,1394,5.0,4.18
474,6744,2.5,2.39
310,1198,4.0,4.3
322,2353,4.0,3.51
339,104879,4.5,4.23
365,4886,4.0,3.96
609,1059,3.0,3.75
590,64614,4.0,4.14
356,1031,5.0,3.48
473,3264,2.0,2.46
448,2406,3.0,3.89
73,56367,3.5,3.83
74,1217,4.0,4.61
414,43871,2.5,3.07
332,6287,3.5,3.09
476,317,3.0,3.24
594,7116,0.5,4.04
600,6659,3.0,3.78
10,69844,3.0,4.0
247,923,4.0,4.0
479,858,4.0,4.34
294,1587,4.0,3.25
566,736,4.0,3.41
200,7163,2.5,2.96
249,908,4.0,4.32
305,48304,3.0,3.85
448,165343,1.5,0.0
89,134334,4.5,0.0
149,2011,2.0,3.48
298,110102,3.0,4.15
23,3681,3.5,4.19
294,1441,4.0,3.5
314,1374,3.0,3.71
543,1265,5.0,4.01
297,161,2.0,3.68
534,3751,4.0,3.53
599,69131,2.5,0.0
160,1676,1.0,3.45
399,5445,0.5,3.7
113,111,4.0,4.22
354,457,3.5,4.14
141,1,4.0,4.02
318,148626,4.5,4.11
354,1101,4.0,3.34
478,34048,2.0,3.24
339,8529,4.0,3.45
160,1717,1.0,3.12
105,8984,4.0,3.31
47,96567,4.0,0.0
152,50,4.5,4.27
387,7981,4.0,4.44
567,71530,0.5,3.23
596,1479,2.5,3.41
28,55908,3.5,4.25
489,45666,0.5,2.9
287,3358,3.5,3.87
476,590,5.0,3.85
323,110102,1.5,3.93
149,2094,3.0,3.28
563,72919,3.0,0.0
603,1617,5.0,4.2
201,2249,3.0,3.19
82,337,2.5,3.85
427,110,4.0,4.05
153,81456,3.0,0.0
600,2060,4.0,3.15
483,7438,4.0,4.07
130,292,5.0,3.37
520,72998,4.5,3.7
517,1088,1.0,3.53
487,61240,4.0,3.98
592,405,1.0,2.68
603,800,4.0,4.35
380,1097,4.0,4.0
610,102123,4.0,2.52
564,51084,3.5,3.34
202,2346,3.0,3.26
346,521,3.5,0.0
307,2325,2.5,3.87
140,2889,3.5,3.86
294,3877,2.0,2.42
559,314,4.0,3.75
590,73023,4.0,4.47
503,4450,3.0,3.0
19,2802,3.0,3.29
474,3359,3.5,4.52
372,1393,3.0,3.62
124,2858,5.0,4.07
603,331,3.0,0.0
7,6333,4.0,3.78
569,480,4.0,3.74
249,94777,4.0,4.02
105,3301,3.5,3.73
226,36708,2.5,3.83
10,88163,4.0,4.09
599,1,3.0,4.46
480,4848,3.5,3.81
485,434,4.0,3.03
273,471,5.0,3.66
57,1674,3.0,3.76
212,780,2.0,3.55
24,86882,4.0,3.67
599,27904,2.5,4.01
600,5669,3.5,3.99
28,647,2.5,3.6
305,70728,4.0,4.0
482,8268,4.0,0.0
610,1454,3.5,3.62
475,1240,4.5,3.93
239,5349,4.5,3.67
381,333,4.5,3.86
573,8361,4.0,3.2
232,1544,3.5,2.93
580,3052,3.5,3.73
608,2474,4.5,3.48
367,3358,3.0,3.86
492,260,4.0,4.22
462,2289,4.0,4.16
480,3189,3.5,3.59
590,51662,3.5,3.79
359,1172,4.5,3.98
365,8641,3.5,3.84
484,50872,5.0,4.07
232,1302,3.5,3.76
599,173,2.5,2.83
480,45668,2.5,3.7
290,1282,5.0,3.77
599,45969,2.5,0.0
414,1726,2.0,2.39
555,3758,4.0,0.0
580,30707,4.5,3.91
414,2264,3.0,2.66
284,231,4.0,3.09
95,2009,4.0,3.56
279,589,4.0,4.12
20,5679,3.5,3.3
610,2968,5.0,3.99
414,40614,4.0,4.01
489,5349,3.0,3.68
387,2403,3.0,3.82
380,5899,5.0,4.07
481,1588,1.0,3.18
312,2600,4.0,3.87
599,57,2.5,3.26
254,457,4.0,4.07
263,4959,3.0,0.0
47,2028,4.0,4.14
483,96417,4.0,3.26
426,2375,3.0,2.69
313,3267,3.0,3.6
10,88810,3.0,3.96
606,48783,3.5,3.87
495,80489,5.0,3.93
597,1635,5.0,3.91
400,356,4.5,4.2
212,88125,3.5,3.99
408,74789,3.0,2.98
190,8464,4.0,3.54
325,799,4.0,3.53
491,65230,4.0,3.12
17,44,3.5,2.5
139,5957,1.5,3.45
464,4993,5.0,4.25
585,2959,5.0,4.28
555,1459,3.0,2.88
600,539,2.0,3.67
334,4226,3.5,4.23
590,648,3.5,3.86
280,8368,4.0,3.95
292,95167,3.0,3.77
275,5034,2.0,0.0
165,1196,4.0,4.23
140,3255,5.0,3.55
292,2568,2.0,3.31
304,1370,4.0,3.55
541,367,2.0,3.24
200,4299,4.5,3.51
495,150,4.5,3.91
156,7137,4.0,3.5
135,3527,4.0,3.68
64,1221,5.0,4.49
430,3751,4.0,3.45
160,2422,1.0,1.81
64,432,2.5,2.73
380,5957,3.0,3.68
177,906,4.0,4.41
238,4945,4.0,0.0
547,3102,4.0,3.62
597,1201,4.0,4.34
398,26147,5.0,0.0
401,66097,4.0,3.8
606,1201,4.0,4.45
580,1240,3.5,3.98
86,4886,4.0,3.95
306,69644,3.0,2.4
105,104374,5.0,4.3
438,4823,4.5,3.15
517,2421,0.5,2.83
91,2302,1.0,3.42
307,1380,2.5,3.46
159,5299,4.0,3.21
577,316,2.0,3.4
594,7782,4.5,0.0
419,52245,3.5,3.14
294,2748,2.0,1.55
288,1372,3.5,3.39
232,8644,4.5,3.74
597,50,5.0,4.33
610,44761,4.5,3.84
257,2502,1.5,4.14
149,379,2.0,2.4
474,54881,4.0,4.12
474,7070,4.0,0.0
522,48738,3.5,3.96
448,141004,2.0,0.0
294,2641,2.0,3.08
600,2011,4.5,3.69
68,2628,3.0,3.5
517,84847,0.5,0.0
521,780,4.0,3.48
182,1148,4.5,4.13
21,117922,3.5,0.0
182,2947,4.0,4.11
129,40819,4.0,3.72
308,36,1.0,3.86
387,5984,4.0,0.0
323,208,2.5,2.95
377,25959,2.5,0.0
403,58998,4.0,3.76
169,356,4.5,4.31
489,3742,4.5,3.63
98,179819,3.0,3.05
414,109487,4.5,4.96
317,1617,4.0,4.07
182,5418,2.0,4.11
182,1566,1.0,3.79
113,1265,3.0,4.03
514,6979,5.0,3.28
10,49272,5.0,3.95
321,500,4.0,3.5
599,4862,2.5,0.88
261,2329,4.0,4.25
196,44665,4.0,3.77
524,253,3.0,3.5
323,1092,3.0,3.22
495,4993,0.5,4.28
68,441,4.5,4.29
68,3536,4.0,3.63
567,79091,0.5,3.89
600,2506,3.5,2.55
318,922,4.0,4.6
555,2445,4.0,2.7
606,3448,4.0,3.99
453,4027,5.0,3.91
387,48385,3.5,3.51
603,1227,4.0,4.13
249,62999,3.0,3.82
597,1961,5.0,4.01
188,914,5.0,4.09
610,8957,3.0,3.61
317,3499,3.0,3.9
339,54997,5.0,3.98
284,236,4.0,3.57
518,1380,2.0,3.19
414,4985,1.0,0.0
256,5881,2.5,3.21
414,5387,2.5,0.0
600,1060,1.0,3.72
6,126,3.0,2.02
44,6,3.0,3.99
4,2692,5.0,4.03
292,78499,4.0,4.44
199,539,2.0,3.62
580,33437,5.0,3.38
586,89745,4.5,4.09
66,2463,4.0,3.39
474,1586,2.0,3.15
274,1032,3.5,3.43
514,60487,4.0,0.0
177,6503,2.5,2.7
393,8798,4.0,3.83
7,6539,4.5,3.89
480,41569,4.0,3.35
10,71579,5.0,3.52
301,46578,4.0,3.88
239,2470,3.0,3.22
380,1136,5.0,4.53
453,196,3.0,2.81
177,5072,3.5,4.2
63,1148,5.0,4.18
514,5797,2.0,0.0
169,3534,4.5,3.26
288,2539,3.5,3.35
445,1136,5.0,4.18
414,2373,2.0,2.99
104,2690,4.0,3.69
272,112138,4.0,3.75
517,2002,1.5,2.98
325,2986,1.0,2.81
200,367,3.5,3.31
249,87192,4.5,3.59
510,101,4.0,3.77
484,923,4.5,4.0
610,57528,3.5,4.07
89,156025,5.0,0.0
414,8641,3.0,4.49
414,6301,4.0,4.67
414,27788,2.5,3.71
160,1620,0.5,3.48
596,4973,4.0,4.42
212,46578,4.0,3.99
271,6787,3.5,4.04
603,1394,5.0,4.29
610,4370,3.5,3.51
381,2005,4.5,3.76
202,1584,5.0,3.74
608,448,4.0,3.47
477,2918,4.0,4.06
610,2459,3.5,3.21
474,5603,4.0,0.0
226,6365,3.0,3.5
561,592,4.5,3.65
18,71156,3.0,3.71
466,73017,4.5,3.96
489,1080,3.5,4.08
226,5952,4.0,4.21
414,1304,5.0,4.49
477,4499,4.0,4.26
596,2642,2.5,2.32
599,7360,3.0,4.19
555,337,5.0,4.02
42,647,2.0,3.7
525,4022,3.5,3.87
331,54503,5.0,4.09
564,104,3.0,3.48
313,29,4.0,4.08
46,315,3.0,3.17
489,52885,3.0,4.05
438,6541,2.5,2.81
331,8361,2.5,3.14
241,44191,4.0,3.91
380,161354,3.0,0.0
474,6365,3.0,3.52
344,3000,4.5,4.01
414,2922,4.0,0.0
484,4816,4.5,3.55
414,6720,3.0,0.0
68,70183,5.0,3.68
527,1356,4.0,4.0
542,5266,3.0,3.01
424,1288,4.0,3.97
448,109487,3.0,4.72
567,99149,2.5,3.78
64,6975,4.0,4.09
217,2088,3.0,2.47
414,111921,3.5,3.49
318,116505,3.0,0.0
432,2572,3.5,3.58
86,1091,3.5,2.52
460,2359,4.0,3.61
20,34,4.0,3.65
124,256,3.0,2.93
62,44191,5.0,4.12
534,150993,4.0,0.0
219,63082,5.0,4.15
20,1919,3.5,2.26
605,1517,4.0,3.58
438,5803,3.0,2.69
357,4896,3.5,3.87
380,104913,5.0,3.73
202,1212,4.0,4.31
57,367,3.0,3.35
474,51540,4.0,4.34
606,2359,4.0,3.55
57,2174,3.0,3.54
84,331,3.0,0.0
235,329,3.0,3.48
183,2194,5.0,3.94
232,58839,3.0,2.7
166,1377,3.5,3.08
514,5103,3.5,3.72
555,3663,2.0,0.0
68,2560,2.5,3.16
414,66509,3.5,0.0
227,102445,4.0,3.85
42,2968,4.0,3.87
448,6663,3.0,4.14
19,1911,2.0,2.91
469,1374,4.0,3.8
298,134368,1.0,3.94
156,3175,4.5,3.74
577,1968,3.0,3.82
425,2291,3.5,3.79
567,166534,2.5,3.61
68,2140,2.5,3.76
108,1097,5.0,3.81
249,115149,4.0,4.52
292,3157,3.0,2.74
76,56174,2.0,3.55
414,3543,4.0,4.2
506,56782,4.0,4.26
18,50872,3.5,4.29
571,1717,3.0,3.07
561,48304,3.0,3.77
509,60040,3.0,3.5
309,3171,4.0,0.0
68,1393,4.5,3.88
132,56782,2.5,4.28
20,4846,2.5,3.84
448,4979,3.5,3.89
233,1230,3.5,4.02
603,2349,4.0,3.11
45,150,5.0,4.03
382,215,4.0,3.96
339,122904,2.0,4.22
298,60684,3.5,4.11
12,1265,3.5,3.98
412,1221,5.0,4.32
532,2288,4.0,4.03
606,1542,4.5,3.93
377,7834,4.0,2.22
221,3507,4.0,4.15
480,3814,5.0,4.07
21,109723,3.5,0.0
294,1089,3.0,4.3
434,2858,5.0,4.16
232,5572,2.5,2.66
483,6979,3.0,3.43
285,6978,3.5,3.18
381,3988,2.0,3.16
414,1079,5.0,4.64
217,1148,4.0,4.09
603,2891,4.0,0.0
307,21,2.5,3.57
329,1958,4.0,3.82
246,30793,4.0,2.93
599,414,2.0,2.29
21,6166,2.0,1.89
274,2424,1.5,3.71
216,4007,2.0,3.92
600,6377,4.0,4.21
25,2028,5.0,4.14
590,1717,2.0,3.18
117,440,4.0,3.65
608,4890,4.0,3.03
22,3996,4.5,3.87
57,2532,3.0,2.99
109,357,4.0,3.55
448,45447,2.0,3.78
171,661,5.0,3.34
437,300,5.0,3.45
265,2430,3.0,2.5
555,150,4.0,4.06
301,500,3.5,3.47
187,1263,2.0,4.02
246,5013,5.0,3.73
234,1391,4.0,3.18
516,4027,4.0,3.77
275,2245,3.0,3.3
448,80219,4.0,3.69
457,1356,3.0,3.96
105,55269,3.0,3.79
69,3671,5.0,3.87
100,1307,4.5,3.9
55,3275,5.0,4.2
317,1387,3.0,4.12
91,2692,4.0,4.12
572,1179,1.0,3.62
607,919,5.0,3.89
73,66097,1.5,3.85
477,68237,4.5,4.21
135,1468,5.0,2.43
211,4367,2.5,2.89
453,733,4.0,3.8
47,4474,3.5,2.19
577,1030,3.0,2.81
156,1224,4.0,4.32
238,2471,3.0,2.6
19,3705,2.0,2.33
483,370,4.0,3.28
69,356,4.0,4.19
599,2496,2.5,3.23
537,80906,5.0,4.28
599,27865,3.5,0.0
414,2133,4.0,3.86
599,6618,2.5,4.28
249,4776,4.0,4.18
103,595,3.0,3.91
448,68358,3.5,4.52
438,6156,3.0,3.32
478,3793,3.5,3.72
524,454,3.0,3.64
466,3793,4.0,3.83
244,2490,5.0,3.43
282,49822,4.0,3.06
289,7028,4.0,3.5
59,648,5.0,3.6
275,4816,5.0,3.49
249,184253,4.0,0.0
111,119145,5.0,4.25
596,1046,4.0,4.45
288,1073,4.0,4.31
438,4141,2.5,2.65
113,46,3.0,3.63
21,105213,2.0,3.0
426,31,5.0,3.22
76,1732,4.0,4.02
119,130578,4.0,0.0
474,5483,4.5,0.0
606,6947,4.5,3.73
198,1230,3.0,4.06
122,3089,5.0,3.88
50,81562,2.0,4.04
438,6765,2.0,4.06
430,1372,4.0,3.37
491,8529,5.0,3.33
606,3155,3.5,3.64
406,2100,0.5,3.18
553,2858,5.0,4.08
131,6947,3.5,3.56
43,185,4.0,3.22
232,7458,5.0,3.64
514,1617,4.0,4.07
187,541,4.5,4.15
452,3081,4.0,3.46
182,353,4.0,3.76
68,88744,4.0,3.99
522,1500,4.5,3.71
233,1732,4.0,4.03
342,2975,3.0,0.0
16,1201,3.0,4.23
249,4643,3.0,3.15
599,455,2.0,3.11
597,2367,5.0,2.74
437,371,4.0,3.19
64,4144,4.5,4.2
141,54286,3.5,3.73
597,2490,3.0,3.4
561,3444,4.0,2.74
599,45722,2.5,3.72
480,454,2.5,3.8
159,2858,4.0,4.08
610,74228,4.5,0.0
352,1923,3.0,3.73
592,112,3.0,3.57
63,1387,3.0,4.17
73,47122,4.0,2.86
84,31,3.0,3.34
534,33004,4.5,3.54
380,122904,5.0,4.61
119,166461,4.0,3.65
239,3717,3.5,3.41
170,48,4.0,3.31
380,117192,4.0,0.0
212,83134,3.5,3.97
599,637,2.0,3.94
474,425,3.5,0.0
608,608,3.0,4.32
231,589,5.0,4.03
243,380,3.0,3.58
219,1831,0.5,2.49
446,151,4.0,3.55
532,457,5.0,4.04
57,2094,3.0,3.32
307,48774,3.0,4.38
356,3088,4.5,3.98
71,86,5.0,3.61
380,27660,4.0,4.25
287,355,0.5,2.57
448,160646,2.5,0.0
597,2985,4.0,3.41
298,58162,1.5,3.18
352,134130,5.0,4.04
599,4392,2.5,0.0
599,5423,3.0,2.82
608,2716,3.0,3.85
74,3160,4.0,3.74
486,593,3.0,4.21
608,708,2.0,3.62
400,58559,4.5,4.23
64,2722,3.0,2.78
33,1,3.0,3.95
414,179817,4.0,0.0
461,593,4.0,4.18
571,3696,2.0,3.76
13,2541,2.0,3.23
216,2599,4.0,3.63
348,8798,4.5,3.79
480,34319,3.0,3.6
332,68157,3.5,4.23
137,541,5.0,4.13
63,3535,4.0,3.86
201,1517,4.0,3.59
135,1483,4.0,2.89
453,3869,5.0,3.28
246,260,5.0,4.33
412,2828,2.0,0.0
253,2599,5.0,3.58
352,68954,4.0,4.21
334,1101,3.5,3.25
389,788,4.0,2.67
600,4280,4.0,3.49
58,371,4.0,3.2
23,4973,3.5,4.33
448,92008,2.5,0.0
483,527,5.0,4.37
599,89904,2.5,4.09
410,707,3.0,2.79
298,8873,3.0,3.92
177,1367,2.5,3.22
365,102903,3.5,3.59
301,4963,4.0,3.98
490,68954,3.5,4.11
563,110771,3.0,2.98
414,4902,4.0,2.2
288,3359,4.5,4.32
46,367,4.0,3.22
587,2470,4.0,3.17
576,849,1.5,2.88
564,148626,3.5,3.91
177,2644,2.5,3.88
381,30810,2.0,3.7
18,2411,3.0,2.89
187,7438,4.0,3.94
63,150,3.0,3.91
414,88405,3.5,3.89
599,832,2.5,3.76
298,6350,3.0,4.27
232,8373,2.5,2.24
471,1,5.0,3.93
352,4993,5.0,4.29
221,30846,3.5,0.0
610,741,4.5,3.95
594,762,4.0,2.49
527,1373,4.0,2.51
167,2858,3.0,4.09
45,5220,2.0,2.31
274,44199,3.5,4.31
139,4886,3.0,3.96
82,6879,3.5,3.55
219,520,4.0,3.15
590,3683,3.5,4.05
491,88810,5.0,3.91
108,5051,3.0,0.0
560,5903,3.5,4.24
39,1862,2.0,2.04
104,5957,3.5,3.46
420,54995,4.0,3.8
356,1479,5.0,3.39
21,1200,2.0,4.05
477,32,4.5,4.13
57,3773,1.0,0.0
391,1619,2.0,3.4
438,3107,4.5,3.55
424,2804,3.5,4.03
210,90866,4.5,3.76
233,99114,3.5,4.1
599,2942,3.5,2.71
57,720,5.0,4.13
600,252,2.0,3.68
395,356,3.0,4.2
64,1732,5.0,4.19
474,2193,3.5,3.61
441,58998,4.0,3.79
419,2617,2.0,3.13
288,6874,4.0,3.97
608,780,3.0,3.81
274,1748,3.5,3.91
573,500,5.0,3.55
111,148626,5.0,4.03
610,53022,4.5,0.0
102,204,2.0,2.74
573,333,5.0,3.82
177,6936,3.0,3.98
607,1259,5.0,4.03
232,72731,3.5,0.0
226,520,4.0,3.18
596,4366,4.0,3.58
534,8874,4.5,4.27
520,4333,3.5,3.1
328,5989,3.5,4.07
284,186,4.0,3.01
216,3946,2.0,2.65
387,54116,3.5,0.0
28,1101,3.0,3.31
599,116799,3.0,4.1
474,2245,3.0,3.65
402,47,3.0,4.02
280,4973,4.0,4.36
380,3717,3.0,3.8
465,908,5.0,4.27
603,506,5.0,0.0
249,122886,4.5,4.12
424,1921,3.5,3.88
41,6874,5.0,3.98
448,1438,2.0,2.73
301,349,4.0,3.73
21,53996,3.5,3.52
24,6350,4.5,4.11
414,8873,3.5,4.37
448,3087,3.0,3.35
105,103235,4.5,4.08
610,80489,4.0,4.38
542,5991,4.5,3.66
337,76,5.0,3.31
599,43921,2.5,3.24
483,1676,3.0,3.46
7,8984,4.0,3.21
200,762,3.5,2.53
249,3301,4.0,3.89
19,1256,4.0,3.86
249,2143,3.5,3.01
232,2394,3.0,3.58
414,5308,3.0,2.74
599,7228,2.0,2.48
226,1073,5.0,4.11
469,1956,5.0,4.21
179,9,3.0,3.12
15,58559,2.0,4.29
257,1380,4.0,3.18
352,3481,3.0,3.7
3,2080,0.5,3.44
282,3977,3.0,2.79
401,1580,2.0,3.53
469,2643,1.0,1.85
573,3617,4.0,3.19
448,2041,4.0,0.0
68,1805,3.0,3.04
474,1639,3.5,3.8
199,6953,3.0,3.43
177,2132,4.0,4.18
323,316,2.5,3.35
372,21,3.0,3.59
601,4886,5.0,3.98
294,2042,2.0,2.85
256,3949,4.0,3.91
307,4642,2.0,4.23
51,2701,0.5,2.44
249,1178,4.0,4.43
105,138835,5.0,0.0
422,1358,3.0,4.09
232,1333,1.5,3.88
606,3076,4.0,3.98
606,32291,3.0,2.94
186,780,4.0,3.6
610,130634,4.5,3.18
102,590,4.0,3.82
288,2355,3.0,3.99
552,296,4.0,4.28
91,1885,2.0,3.21
610,27778,3.0,0.0
296,5618,4.5,4.11
68,2338,3.0,2.49
433,2959,4.0,4.27
375,2805,4.0,2.99
307,1201,4.0,4.39
222,33660,3.5,4.14
328,2012,3.0,3.63
414,198,3.0,3.69
68,4367,3.0,3.22
215,3210,4.5,3.43
452,1968,5.0,3.83
332,1206,4.0,4.21
484,6944,4.0,3.41
467,466,1.0,2.92
29,1209,4.5,4.08
275,4002,3.0,3.9
313,2002,2.0,3.0
420,7438,3.5,3.9
584,364,5.0,4.03
590,45186,3.0,3.92
337,832,4.0,3.47
244,1586,4.0,2.9
328,63859,2.0,3.55
140,969,4.0,4.14
477,3114,3.0,4.06
603,3993,2.0,3.16
438,637,3.0,3.7
279,57368,3.0,3.23
489,7101,2.5,3.25
541,508,5.0,3.69
474,6708,3.5,3.9
608,2392,2.0,2.19
606,6807,4.0,4.23
80,44191,4.0,4.0
451,852,4.0,3.21
477,8228,3.0,3.73
599,6860,2.0,0.0
333,3719,4.0,0.0
448,159690,2.0,0.0
423,589,5.0,4.02
603,1176,5.0,3.54
336,296,5.0,4.28
596,2641,3.0,3.11
249,71106,4.0,4.14
50,750,4.0,4.35
474,43,3.5,2.33
570,1101,3.0,3.3
198,1994,2.0,3.54
51,4041,3.5,3.43
597,2150,4.0,3.95
288,1035,3.0,4.17
474,2930,3.5,0.0
100,590,4.0,3.85
275,3429,5.0,4.38
305,173925,4.5,0.0
448,2011,3.0,3.96
414,7980,4.0,3.84
187,48043,3.5,3.65
236,2806,5.0,2.2
380,1617,5.0,4.33
590,590,3.0,3.98
73,6539,4.5,3.93
414,3535,4.0,4.26
597,3037,4.0,4.22
448,912,4.5,4.49
498,300,4.0,3.42
606,5319,4.0,3.37
283,1580,4.0,3.51
58,261,4.0,4.02
295,3198,5.0,3.84
288,3156,3.0,2.97
605,587,3.0,3.45
230,1387,1.0,4.14
140,5873,3.5,4.21
561,112623,3.5,3.61
514,2787,2.5,2.57
199,62,1.0,3.73
525,102445,2.5,4.06
387,608,4.0,4.41
469,1178,5.0,4.57
50,72998,2.0,3.7
440,307,4.0,3.87
217,2344,3.0,3.01
339,174053,4.0,0.0
66,318,4.5,4.63
204,1206,4.0,4.17
219,832,2.0,3.56
489,2671,3.5,3.67
111,1367,2.5,3.16
101,3159,4.0,3.72
438,8984,2.5,3.37
245,745,3.0,3.99
232,71838,4.0,2.95
57,3624,4.0,3.27
523,56174,5.0,3.54
68,70286,4.0,4.42
111,95720,4.0,2.97
488,913,3.5,4.15
305,2324,5.0,4.43
391,1028,5.0,3.97
352,56145,5.0,3.25
603,1339,4.0,3.55
286,4306,3.5,3.94
307,2139,3.5,3.74
522,3949,3.0,3.94
256,3979,3.5,2.61
132,2987,3.0,3.69
562,70336,3.5,2.21
603,3996,5.0,3.99
474,3877,2.0,2.41
577,1200,3.0,4.04
474,948,4.0,4.22
305,64499,5.0,0.0
91,6731,4.5,3.67
391,5075,2.0,0.0
129,2628,3.5,3.2
356,1208,5.0,4.26
610,4437,5.0,4.19
534,5459,3.5,3.16
610,103772,4.0,3.89
246,72998,4.0,3.78
599,7704,2.0,0.0
395,410,3.0,3.14
308,223,1.0,3.95
169,4890,4.0,3.01
517,4246,3.0,3.71
298,858,5.0,4.51
119,103141,4.5,4.09
332,7482,3.5,4.12
268,1252,5.0,4.34
226,788,3.5,2.93
590,41569,3.5,3.31
280,1580,3.5,3.58
400,593,5.0,4.2
183,2028,5.0,4.15
562,364,5.0,4.05
18,8360,3.5,3.72
477,2288,5.0,4.2
28,7123,3.0,3.39
19,575,2.0,2.52
4,4166,3.0,0.0
84,637,1.0,3.45
274,8360,4.0,3.87
105,95175,5.0,0.0
387,5065,3.0,2.82
423,5445,3.5,3.68
194,1090,4.5,4.05
484,2087,5.0,3.62
332,2395,3.5,3.58
195,2329,4.0,4.29
433,110,3.0,4.04
15,109374,2.0,3.9
68,33493,3.0,4.01
599,4441,4.0,0.0
428,165,1.0,3.72
465,3702,4.0,3.58
463,2028,4.5,4.13
469,2000,4.0,3.85
514,3244,2.5,3.97
173,480,4.0,3.75
224,1259,5.0,3.99
188,3341,5.0,4.18
275,3408,5.0,3.61
567,70286,3.0,3.99
196,2028,3.0,4.13
414,3507,5.0,4.52
594,145,4.0,3.36
580,2467,3.5,3.95
599,3412,3.0,3.88
599,355,1.0,2.55
177,8718,4.0,0.0
177,35957,4.0,3.26
606,1734,4.0,3.89
509,7153,5.0,4.34
357,1996,2.5,0.0
610,5049,4.5,3.9
26,225,3.0,3.55
527,4720,4.0,3.62
509,58293,3.0,2.67
232,5881,2.0,3.48
420,318,4.5,4.53
448,152091,2.5,0.0
454,2997,2.5,4.01
89,134847,5.0,0.0
177,1033,3.5,3.97
249,135133,4.0,4.83
570,186,0.5,3.04
590,3671,3.0,4.06
376,97304,5.0,4.04
448,4654,1.5,3.14
111,102123,4.5,2.68
82,1214,3.5,4.03
428,5377,3.5,3.83
475,4993,5.0,4.26
83,1090,1.5,4.08
212,8361,3.0,3.15
474,1588,3.0,3.52
249,106782,5.0,4.56
544,736,5.0,3.36
560,1641,3.5,3.85
169,539,4.5,3.64
318,1036,4.0,4.06
244,2797,4.0,3.74
504,1307,4.5,3.85
62,260,4.5,4.38
263,1247,3.0,4.09
31,1214,4.0,3.99
58,288,3.0,3.23
139,3793,3.0,3.8
232,7366,3.0,3.1
546,3984,4.0,3.4
352,52973,3.5,3.91
504,7139,4.5,4.01
210,122926,4.5,4.16
244,1079,5.0,3.94
156,936,5.0,3.89
538,69757,4.5,3.57
599,2012,1.5,3.86
599,101525,3.0,0.0
260,111,5.0,4.22
391,2145,5.0,3.22
378,54286,3.5,3.66
602,296,5.0,4.27
198,4226,4.0,4.21
488,527,5.0,4.29
232,36525,3.0,3.03
343,55820,4.5,3.94
496,4191,2.5,3.25
187,6708,3.0,3.76
133,300,3.0,3.43
226,2193,4.0,3.36
222,101531,2.0,0.0
192,10,5.0,3.45
338,1203,5.0,4.11
565,47,4.0,4.01
274,46972,3.0,3.58
596,33493,3.0,3.77
232,40414,4.0,3.81
49,4022,4.5,3.71
362,1206,5.0,4.2
555,2628,5.0,3.22
70,1235,4.0,4.31
68,74154,1.0,3.12
555,3101,4.0,3.33
292,79091,3.5,4.04
200,356,4.0,4.39
282,8360,4.0,3.68
477,5502,3.5,3.3
62,7254,4.0,3.9
381,4963,4.0,4.23
327,2616,3.5,2.87
156,1028,3.0,3.95
597,1030,2.0,2.83
590,165,3.0,3.93
226,595,2.5,3.97
274,93,3.5,3.52
68,1210,5.0,4.62
57,1953,4.0,4.12
509,50796,2.0,0.0
169,1265,4.0,4.09
274,5025,2.5,2.87
18,119145,4.0,4.27
169,4975,4.0,3.57
599,2681,2.5,3.56
361,1485,3.5,3.13
436,440,4.0,3.62
202,2922,3.0,0.0
170,282,4.0,3.42
275,1574,1.0,0.0
141,58559,5.0,4.33
356,2571,4.0,4.35
206,62,4.0,3.68
509,97938,3.5,3.97
186,1009,4.0,2.95
599,76030,0.5,0.0
221,1449,5.0,3.73
177,74795,3.5,3.52
341,1270,3.5,4.02
51,59306,0.5,0.0
600,3108,5.0,3.81
448,2567,4.0,3.24
419,34048,3.5,3.27
139,5679,2.5,3.29
459,50872,4.0,3.94
354,2167,3.5,3.58
266,2580,4.0,3.97
597,1648,4.0,3.45
227,48738,5.0,3.9
85,1358,1.0,4.04
524,1097,2.0,3.83
489,48774,4.0,4.25
66,3526,4.5,3.83
171,742,4.0,2.88
504,22,3.5,3.19
380,3682,2.0,3.76
6,34,4.0,3.63
294,434,1.0,3.14
428,1665,3.0,3.15
222,431,3.5,3.83
603,1537,5.0,3.7
111,117590,3.5,4.38
221,7072,4.0,3.36
608,1092,2.5,3.51
66,5952,5.0,4.19
608,410,2.5,3.36
573,1580,4.5,3.7
298,2843,2.0,3.94
57,908,5.0,4.41
182,1127,0.5,3.6
305,90866,3.0,3.78
570,923,2.5,3.99
202,3836,5.0,4.22
143,79702,1.0,3.93
219,965,4.5,4.0
57,3429,4.0,4.47
342,3597,3.0,0.0
480,1263,4.5,4.04
240,368,5.0,3.6
140,6934,3.0,3.28
610,87232,4.0,4.37
599,55267,2.5,3.45
111,1856,4.0,0.0
19,2145,2.0,3.24
597,2716,5.0,3.84
74,2360,4.5,4.71
169,333,4.5,3.84
68,53953,3.0,3.57
451,608,5.0,4.12
51,4340,2.5,2.14
45,5445,4.0,3.79
520,60516,4.5,0.0
596,6350,4.5,4.25
177,2706,2.5,3.64
111,74946,3.5,3.67
599,6238,2.5,2.59
217,1518,3.0,3.38
606,27744,4.5,0.0
256,48385,0.5,3.39
448,105351,1.5,0.0
428,3623,1.0,2.75
143,5620,3.5,3.07
599,6787,4.0,4.04
58,419,3.0,2.96
238,4916,3.0,3.54
263,2080,3.0,3.51
552,434,3.0,3.05
495,50872,4.5,4.14
381,6297,3.5,3.66
387,6773,3.5,3.66
241,118700,3.0,0.0
68,2424,3.5,3.78
50,1721,3.0,3.44
597,223,3.0,4.05
41,1088,1.5,3.48
570,185,2.5,3.21
288,7361,4.5,4.41
195,2916,4.0,3.73
588,217,1.0,2.66
169,7143,4.5,3.99
354,1092,3.5,3.3
325,5540,3.0,3.56
322,6787,4.0,4.03
226,6936,4.0,3.84
563,88810,4.0,3.97
546,893,3.0,4.01
182,4017,5.0,3.68
234,1259,4.0,4.03
522,62849,5.0,3.8
80,7438,4.5,3.91
66,5,4.0,3.04
448,5900,1.5,3.13
414,3255,4.0,3.94
298,47122,0.5,2.82
300,112552,4.5,4.12
385,358,3.0,2.63
111,179211,3.5,0.0
201,2699,3.0,2.92
356,33880,3.0,3.97
59,1696,5.0,0.0
425,260,3.0,4.34
103,555,5.0,3.98
490,60128,1.0,0.0
177,99112,3.5,3.91
395,440,3.0,3.61
232,4643,3.0,2.96
22,2968,3.0,3.86
105,96829,5.0,3.91
346,923,4.0,4.03
425,8644,3.5,3.62
477,1913,4.0,0.0
265,1276,4.0,4.34
415,904,4.5,4.33
410,3362,4.0,4.09
386,47,3.0,4.02
367,1517,1.0,3.62
387,4621,1.0,2.82
140,4975,2.0,3.62
160,4450,5.0,2.99
608,6296,2.5,3.86
448,1370,3.0,3.84
608,8644,4.5,3.75
448,3996,3.0,4.15
579,1544,3.0,2.75
352,5952,5.0,4.18
210,4299,4.5,3.35
298,64969,3.0,3.82
148,115617,3.5,4.05
307,1333,3.0,3.95
414,27904,4.0,4.11
202,1200,5.0,4.11
274,2291,3.0,3.95
27,1201,4.0,4.22
448,3754,1.0,2.15
580,6874,5.0,4.02
534,66785,4.5,3.67
582,2571,5.0,4.25
600,55830,4.0,3.26
265,2407,4.0,3.22
290,3608,4.0,2.84
167,5464,3.5,3.67
177,53322,3.0,3.94
70,1968,4.0,3.79
167,33493,2.0,3.59
603,2485,2.0,3.05
448,7137,4.0,3.8
443,96430,5.0,0.0
380,112623,5.0,3.95
602,204,4.0,2.8
306,161634,3.5,3.31
442,1644,0.5,2.18
606,1857,3.5,0.0
199,2671,4.0,3.58
559,356,4.0,4.25
590,5103,3.0,3.85
524,508,3.0,3.7
268,1261,4.0,4.03
448,140928,3.0,3.44
610,3943,2.5,3.01
277,32,5.0,3.95
470,357,4.0,3.55
21,4085,3.5,3.46
428,741,4.0,4.14
45,733,4.0,3.85
28,5267,3.0,3.47
521,95,3.0,2.94
580,5410,3.0,0.0
216,3300,4.0,3.59
527,1282,3.0,3.77
198,1676,4.0,3.43
156,2289,5.0,4.15
23,778,4.0,4.12
86,69951,4.5,3.76
305,50,5.0,4.59
474,1257,3.0,4.26
307,1027,2.0,3.06
387,2810,4.0,4.6
113,2166,3.0,1.99
298,1228,3.5,4.25
387,3101,3.0,3.28
382,61248,3.5,3.24
144,163,4.0,3.63
104,934,3.5,3.79
517,96471,3.0,0.0
328,73017,3.0,3.97
605,37729,3.0,3.58
414,3034,5.0,3.99
357,1197,4.5,4.41
19,1339,2.0,3.4
414,4688,4.0,3.75
234,4321,2.0,3.57
224,1285,1.0,3.88
330,1358,5.0,4.15
21,66934,0.5,4.03
387,533,2.0,3.15
307,1586,2.0,2.95
62,109487,5.0,4.38
455,480,3.0,3.77
600,1220,2.5,3.98
21,119145,4.0,4.23
409,2724,2.0,2.73
448,149590,2.5,0.0
448,151745,0.5,0.0
122,122900,4.0,3.88
28,23,1.5,2.92
307,2798,2.0,1.32
313,1089,5.0,4.38
274,5308,2.0,2.82
182,4826,4.5,0.0
132,1,2.0,4.03
432,45503,5.0,0.0
305,44199,5.0,4.19
520,4992,3.5,3.04
347,292,3.0,3.42
420,26693,4.0,0.0
375,2046,4.0,3.22
51,1792,0.5,3.29
103,2804,5.0,4.13
554,1674,5.0,3.65
33,1393,4.0,3.61
328,49272,4.0,4.04
330,327,2.5,2.99
596,141,3.5,3.59
17,5971,4.0,3.9
66,2257,4.0,0.0
41,7444,2.5,3.21
420,56367,4.5,3.82
89,4306,3.0,4.02
560,5878,4.0,4.02
249,5502,3.0,3.61
543,83134,5.0,3.84
220,1206,5.0,4.2
307,6218,1.0,3.5
514,3766,2.5,2.09
452,2707,5.0,3.14
111,673,2.5,2.87
559,539,4.0,3.58
305,56171,3.0,3.25
232,37739,3.5,2.5
94,34,4.0,3.62
45,1777,4.0,3.7
69,541,5.0,4.11
610,4873,4.0,4.04
256,96079,4.0,3.87
414,50923,2.5,0.0
428,780,3.0,3.56
249,97225,3.5,4.06
278,4321,3.0,3.5
504,6942,4.0,3.78
480,46976,4.0,3.94
599,99813,3.0,4.67
121,434,3.0,3.03
64,2761,5.0,4.25
520,6754,3.5,3.46
21,59369,3.0,3.96
62,104879,3.0,4.34
434,230,2.5,3.51
30,116823,4.0,3.95
559,836,3.0,2.87
456,104,3.0,3.46
391,3175,2.0,3.76
212,1704,2.5,4.15
81,457,4.0,4.02
560,1198,4.0,4.46
264,5816,4.0,3.62
274,2587,4.0,2.85
20,2135,5.0,4.0
20,899,4.0,4.07
610,66509,3.5,0.0
388,103335,5.0,3.79
438,2420,3.5,3.72
414,6568,2.0,0.0
183,2872,3.0,3.69
318,3438,3.5,2.83
265,608,4.0,4.14
160,3683,5.0,3.98
567,152071,1.5,0.0
288,2805,2.0,3.09
20,1012,4.0,3.43
174,595,3.0,3.87
313,172,1.0,2.69
179,339,3.0,3.6
547,1273,5.0,3.95
239,8798,4.0,3.9
352,102445,4.5,3.99
44,605,1.0,3.08
561,786,1.5,3.33
381,44195,4.0,4.08
399,5952,5.0,4.08
50,1377,3.0,3.06
318,68444,3.5,0.0
420,3081,4.5,3.44
111,93443,4.5,3.5
552,2338,1.0,2.3
304,2393,5.0,2.95
382,122902,2.0,2.24
62,108729,4.0,3.59
599,6517,1.5,0.0
132,52281,4.0,3.54
154,68954,5.0,4.09
167,541,3.5,4.13
570,282,3.0,3.44
70,527,5.0,4.28
511,356,4.5,4.2
62,136864,4.0,2.48
610,54001,4.0,4.08
47,72641,4.0,3.72
480,4900,1.5,0.0
91,5500,3.5,4.35
325,921,4.0,3.45
144,6953,4.0,3.36
600,5540,3.5,3.66
141,109487,5.0,4.04
525,4816,4.0,3.55
608,543,3.5,3.47
405,2021,3.5,3.35
318,7458,3.5,3.59
521,608,5.0,4.12
20,914,4.5,4.1
474,3087,1.5,3.39
305,1968,5.0,3.94
499,2337,4.0,0.0
477,832,3.0,3.54
307,1961,3.0,4.09
380,1228,3.0,4.34
347,588,4.0,3.88
368,1101,4.0,3.32
317,94959,3.0,4.18
483,551,4.0,3.64
328,1262,4.0,4.24
45,11,3.0,3.89
10,63992,4.5,2.45
540,5693,2.5,3.41
221,1206,4.5,4.26
551,134130,4.5,4.01
84,1343,4.0,3.84
305,1247,5.0,4.2
139,91500,2.0,3.48
580,5329,3.5,3.2
132,551,3.5,3.57
119,2324,5.0,4.21
608,1954,4.5,4.1
370,1080,4.0,4.09
608,4344,4.5,3.2
610,8781,3.0,2.98
495,102686,3.0,3.41
610,102066,4.0,0.0
225,1997,3.0,3.97
575,2542,5.0,4.01
564,69278,4.5,2.72
100,1380,4.0,3.26
287,3949,5.0,3.89
562,5989,4.0,4.12
586,33493,4.5,3.72
57,951,4.0,4.45
428,2334,2.0,2.97
599,2335,1.5,3.37
199,1101,2.0,3.28
492,694,3.0,2.9
606,2114,4.5,3.68
161,3751,5.0,3.45
19,196,2.0,2.88
328,33004,3.0,3.47
150,1356,5.0,3.93
298,353,2.5,3.68
500,3536,4.0,3.49
362,4995,3.5,4.15
474,2020,4.0,4.5
105,3793,3.5,3.98
530,597,4.0,3.56
187,6857,5.0,3.59
390,60040,3.5,3.27
414,52975,3.5,3.96
204,527,4.5,4.25
414,115210,4.0,4.17
163,1726,2.0,2.61
599,1215,4.5,4.52
368,3082,3.0,3.46
45,2771,5.0,3.67
607,1,4.0,3.98
601,112852,4.0,4.21
485,316,3.0,3.36
274,2529,4.0,4.05
610,103085,3.0,0.0
414,6,3.0,4.33
477,1253,4.0,4.06
254,150,4.0,3.9
525,7161,1.5,2.38
448,1911,3.0,3.19
474,1193,3.5,4.74
249,43871,3.0,2.95
357,26133,4.5,3.64
438,145,5.0,3.45
227,59369,4.5,3.68
122,296,5.0,4.37
524,1208,4.0,4.18
140,3257,3.0,3.04
499,1202,5.0,3.7
313,1371,4.0,3.15
357,3556,4.0,4.0
387,344,3.5,3.18
222,110,4.0,4.15
199,2252,3.0,2.36
483,46976,3.5,3.89
298,57504,4.0,4.41
483,2105,3.5,3.39
19,3594,2.0,3.99
195,3897,5.0,3.86
590,1374,4.5,3.85
297,1004,2.0,3.23
186,5181,4.0,0.0
414,5460,4.0,0.0
474,1366,4.0,3.53
534,93766,4.0,2.55
380,79132,5.0,4.74
387,26052,4.0,0.0
301,54001,4.0,3.84
238,1266,3.0,4.12
428,2381,0.5,2.57
534,59103,4.0,3.56
116,1036,3.5,3.89
34,4369,3.0,3.17
353,168,3.0,3.22
246,6377,5.0,4.11
223,2747,2.0,3.17
345,3247,4.5,3.09
414,5107,2.0,0.0
332,1931,4.0,0.0
62,69122,4.0,3.96
342,2840,3.0,2.88
202,3359,4.0,4.31
477,910,3.5,4.06
292,31685,3.0,3.37
387,4687,3.5,0.0
328,81834,4.0,4.1
232,43904,2.0,1.12
404,587,3.0,3.45
514,72171,2.0,0.0
522,2706,3.0,3.45
365,5952,3.0,4.11
239,1584,4.0,3.78
380,3984,3.0,3.86
139,106782,0.5,4.09
275,5225,5.0,4.03
220,64983,3.5,3.47
489,2294,1.5,3.37
21,5796,2.0,2.49
177,2006,3.0,3.32
21,5816,4.0,3.75
257,5952,3.0,4.03
387,4228,2.0,1.95
43,575,5.0,2.4
307,1021,1.0,2.48
452,3438,4.0,2.89
561,101864,2.0,3.57
28,44199,2.0,4.06
105,8970,4.0,3.76
190,6870,4.0,3.74
68,98809,4.5,4.24
318,103249,3.5,3.13
182,2329,4.5,4.5
199,3082,3.0,3.28
380,1729,2.0,3.91
605,592,3.0,3.52
125,1034,4.5,3.89
119,135532,4.5,2.78
600,2318,2.5,4.4
89,31851,3.0,0.0
599,3501,2.5,3.38
608,8622,3.0,3.67
586,1833,4.0,3.04
153,64034,1.0,3.93
410,1171,4.0,3.27
380,344,5.0,3.2
168,1201,5.0,4.24
312,2793,1.0,2.23
600,3608,4.0,2.89
240,338,5.0,2.82
292,56775,4.0,3.19
274,31225,3.0,3.56
555,6184,5.0,3.94
298,8372,0.5,2.52
332,3811,3.5,4.15
610,41569,3.5,3.36
448,83910,2.5,0.0
453,2692,4.0,4.1
510,556,4.0,3.0
288,3441,2.0,3.8
462,1464,0.5,3.42
91,19,2.0,2.95
414,2015,3.0,4.15
22,7361,3.5,4.26
24,593,4.5,4.22
177,337,2.5,4.05
314,10,3.0,3.5
139,6059,1.5,3.43
492,692,4.0,1.64
173,150,4.0,3.85
64,7360,4.5,4.08
79,1200,4.0,3.97
318,81191,4.0,0.0
414,904,5.0,4.89
517,2671,3.0,3.55
514,2878,2.0,0.0
288,2359,4.0,3.61
608,1748,5.0,3.87
414,4458,4.0,0.0
606,4718,1.0,3.3
499,4248,1.0,2.26
139,7445,2.0,3.74
597,480,5.0,3.91
605,52435,3.0,3.61
268,334,5.0,4.03
477,8376,4.5,3.22
446,434,2.0,3.07
534,72308,4.0,0.0
552,5377,3.5,3.82
241,1206,4.0,4.16
202,2349,4.0,3.1
428,5025,3.0,2.62
103,2761,3.0,4.21
583,76093,4.0,3.92
474,5991,4.0,4.09
480,4718,1.5,3.32
104,4896,4.5,3.86
307,5952,3.0,4.27
567,141668,0.5,0.0
313,2080,1.0,3.5
600,4975,3.5,3.6
434,4995,4.0,4.24
144,509,3.5,3.69
477,2393,3.5,2.92
187,6620,5.0,4.17
578,56389,4.0,0.0
221,1207,5.0,4.34
148,69757,3.5,3.59
579,2763,4.0,3.59
273,520,3.0,3.0
169,8529,4.0,3.41
381,56757,4.5,3.83
358,66203,4.0,2.57
610,4034,3.5,4.42
469,1527,5.0,3.73
202,2108,4.0,3.69
599,4148,2.5,3.07
414,5669,4.0,4.37
220,59615,4.0,2.83
490,86833,3.0,3.94
380,317,4.0,3.66
160,367,5.0,3.29
202,3072,3.0,3.68
606,168,2.5,3.38
380,1215,5.0,4.38
200,51662,5.0,3.78
465,1518,4.0,3.36
596,122926,4.0,4.31
303,1129,3.5,3.48
448,4066,2.0,3.61
370,1673,3.5,4.16
111,99117,3.0,3.18
274,58870,3.0,0.0
561,83134,3.5,3.94
226,6287,2.5,3.19
357,724,3.5,3.08
177,3785,3.0,3.0
200,8360,3.5,3.77
201,2302,5.0,3.27
552,3101,2.5,3.14
610,2391,4.0,3.74
4,1860,2.0,2.84
527,1125,4.0,3.74
474,2248,5.0,4.34
70,3147,2.5,4.13
187,4902,4.5,2.81
559,595,3.0,3.9
480,147,4.0,3.73
17,2717,3.5,3.07
414,2558,2.0,2.15
59,1631,5.0,0.0
103,4886,3.5,4.07
41,8981,4.0,3.73
6,240,3.0,2.34
84,1291,3.0,4.25
34,1391,1.0,3.18
57,3811,4.0,4.69
606,1186,4.0,3.81
599,1589,3.0,3.73
200,2291,3.5,3.8
599,497,3.0,4.08
414,661,4.0,3.64
468,434,3.0,3.01
560,3897,3.0,3.92
590,2918,4.0,4.19
66,1912,4.5,4.05
226,2054,4.0,2.95
414,408,2.0,0.0
80,80489,4.5,3.91
572,1193,5.0,4.32
555,2144,5.0,3.79
274,6,4.0,4.23
190,4734,3.0,3.12
525,48780,4.0,4.31
441,10,4.5,3.46
234,1495,2.0,0.0
558,662,5.0,3.26
589,161,3.0,3.67
582,91500,4.0,3.49
599,296,5.0,4.57
477,2700,3.5,4.15
111,6003,4.0,3.63
428,69,3.5,3.88
28,2706,3.0,3.53
474,3011,4.0,3.98
525,164540,3.5,0.0
68,6893,3.5,4.15
18,858,4.0,4.56
232,63992,2.0,2.82
226,466,3.5,3.05
288,5679,2.0,3.47
599,1271,2.5,3.57
352,53953,4.0,3.3
572,1952,5.0,3.85
385,1197,4.0,4.29
51,4215,3.5,0.0
44,733,5.0,3.71
91,150,3.5,4.03
303,2791,5.0,3.86
438,48774,3.0,4.31
610,96815,3.5,0.0
212,64614,4.0,4.1
217,1198,5.0,4.4
448,1188,3.0,3.76
387,32587,4.0,4.05
488,5135,4.0,4.38
75,44199,3.0,3.88
307,55729,3.0,0.0
140,5506,3.0,0.0
6,590,5.0,3.88
428,7143,3.0,4.0
156,3317,4.5,3.74
361,1200,3.0,3.97
521,1073,4.0,3.92
113,593,4.0,4.2
517,65685,4.0,3.37
386,592,1.0,3.5
205,179817,4.5,0.0
169,73,4.0,3.42
596,3114,3.5,3.98
597,543,3.0,3.42
370,8983,4.0,3.48
62,150548,5.0,3.69
608,2188,2.0,2.49
91,1210,4.0,4.39
103,5,4.0,3.1
133,780,3.0,3.47
328,3793,0.5,3.84
377,2455,4.0,3.48
590,2302,4.0,3.51
235,348,4.0,3.63
23,2726,4.0,4.01
86,2028,3.5,4.18
68,44665,4.0,4.0
224,1270,5.0,4.06
103,148626,5.0,4.0
190,5445,3.5,3.72
314,23,3.0,3.01
425,1206,3.0,4.2
21,122896,4.0,4.13
357,16,3.5,4.01
76,57669,4.0,4.16
381,5299,5.0,3.37
586,2571,5.0,4.36
253,955,4.5,3.83
105,926,4.0,4.32
414,2134,5.0,3.52
233,780,2.5,3.51
105,8511,4.5,0.0
448,112818,2.0,3.8
268,46,1.0,3.57
104,73017,3.5,3.95
10,70183,3.0,3.58
166,3681,4.0,4.22
599,2160,3.0,4.35
414,2012,3.0,4.12
290,1307,4.0,3.88
480,30825,2.5,3.21
534,102445,3.5,4.23
102,434,3.0,3.05
603,1414,4.0,2.44
160,527,5.0,4.32
517,527,3.5,4.33
600,26662,4.5,4.4
111,52973,3.5,4.08
30,68358,5.0,3.97
288,5459,2.5,3.1
561,3255,4.0,3.49
137,2020,4.5,4.16
58,318,5.0,4.52
103,81819,4.5,0.0
129,4963,4.0,4.02
305,733,4.0,3.88
265,2454,4.0,3.41
380,4492,3.0,0.0
7,5378,0.5,3.29
592,442,4.0,3.14
517,45668,2.0,3.54
391,2916,4.0,3.83
51,1201,4.0,4.29
331,5444,3.0,3.9
599,3145,3.0,3.56
325,1608,2.0,3.44
558,94,3.0,3.94
217,520,2.0,3.17
50,122904,1.5,4.02
384,2259,3.0,3.71
480,5283,4.0,3.13
405,3676,5.0,3.61
119,78499,3.5,4.38
269,1,5.0,3.91
155,3745,4.0,3.38
580,6333,4.5,3.9
450,1466,4.0,3.72
15,158,1.0,2.89
288,3751,3.0,3.6
141,6377,4.5,4.12
382,56775,3.0,3.11
10,51834,1.5,0.0
410,4014,3.0,3.62
80,74458,4.5,4.21
345,5707,3.5,0.0
600,3271,2.0,3.9
298,52281,2.0,3.81
586,7143,3.0,4.0
83,5010,4.0,3.87
174,165,3.0,3.66
226,3081,2.5,3.51
596,40955,3.5,0.0
274,51412,3.5,3.31
275,905,3.0,4.73
28,2985,3.0,3.4
86,2421,4.0,2.82
462,189713,2.5,0.0
429,595,5.0,3.86
100,2396,4.5,3.92
380,150596,4.0,0.0
57,2571,5.0,4.4
292,805,4.0,3.71
160,592,4.0,3.56
352,3535,4.0,3.85
343,4378,4.0,3.69
219,54259,4.5,3.72
105,6870,4.0,3.96
182,4370,3.0,3.42
42,2302,4.0,3.44
577,1396,4.0,3.41
47,5943,2.0,2.43
380,173291,2.0,3.55
469,2411,2.0,2.9
62,1270,4.5,4.13
453,434,4.0,3.18
463,8622,3.5,3.47
372,457,5.0,4.11
571,70,2.0,3.57
141,1918,3.0,2.84
222,41285,3.5,3.72
387,2502,4.0,4.33
328,2542,4.5,4.12
507,480,4.0,3.75
273,410,4.0,3.15
298,90888,0.5,3.97
330,1673,4.0,4.26
414,5529,2.5,0.0
608,1208,3.0,4.28
297,165,3.0,3.63
219,6333,3.0,3.98
387,3030,4.5,4.15
361,420,3.5,2.86
610,89281,3.5,0.0
140,1729,4.0,3.83
567,142488,2.5,4.3
580,2628,4.0,3.29
234,1378,4.0,3.09
517,8772,0.5,0.0
29,2028,5.0,4.17
98,122926,5.0,4.14
525,7022,3.5,4.04
8,208,3.0,2.96
51,35836,3.5,3.74
67,7153,2.0,4.15
610,5388,3.0,3.69
448,8493,3.0,3.86
140,2,3.5,3.62
307,52722,3.5,3.17
132,3052,2.5,3.7
66,2706,4.0,3.53
6,349,5.0,3.88
91,1687,3.5,3.46
182,3858,4.0,2.96
68,1438,3.0,2.65
256,117529,4.0,3.34
274,4366,3.0,3.82
566,236,4.0,3.56
57,2273,3.0,3.62
468,110,4.0,4.04
346,293,4.0,4.08
122,442,4.0,3.19
460,8636,3.5,3.87
303,168,3.0,3.14
282,1517,4.5,3.67
381,31804,4.5,3.2
137,1721,4.0,3.44
249,2572,3.5,3.83
381,6537,2.5,3.13
458,454,5.0,3.64
66,1784,5.0,3.89
42,1474,2.0,2.44
140,6297,3.0,3.56
480,4128,3.5,3.82
506,68269,4.0,0.0
298,47518,2.0,2.94
217,3404,5.0,3.77
517,97194,1.0,0.0
608,8961,4.0,4.16
61,30707,4.5,3.89
292,2993,4.0,3.53
240,454,3.0,3.68
599,55167,4.0,4.36
599,3387,2.0,3.3
88,527,4.0,4.25
305,1250,5.0,4.12
200,2991,4.0,3.81
477,8810,3.0,2.85
594,7114,0.5,0.0
230,1608,2.5,3.41
240,2,5.0,3.47
418,1247,4.5,4.07
275,3362,5.0,4.16
517,1953,1.5,3.97
239,6,5.0,4.09
307,65601,2.0,0.0
512,161,4.0,3.71
298,102993,3.0,3.27
605,2870,3.5,3.35
301,30707,4.5,3.9
202,1961,4.0,3.96
474,3254,3.0,3.73
105,69134,5.0,3.41
448,114074,3.0,4.12
122,48385,4.5,3.51
414,440,3.0,4.14
393,53996,0.5,3.45
427,5620,2.0,3.05
311,1258,4.0,4.11
380,49272,5.0,4.44
161,1234,4.0,4.08
248,4886,3.5,3.92
45,32,4.5,4.09
339,37741,4.5,3.93
480,586,4.0,3.43
177,1911,3.0,3.01
480,1982,3.0,4.04
325,1298,4.0,3.75
181,135,3.0,3.03
68,62155,3.0,3.73
474,5231,3.5,0.0
275,3552,5.0,3.92
304,802,4.0,3.39
28,55276,2.5,4.22
505,54999,3.0,3.57
67,2571,4.5,4.23
387,5110,3.0,4.05
50,3034,3.0,3.51
603,377,5.0,3.75
437,1097,3.0,3.81
562,1197,5.0,4.35
444,500,3.0,3.44
462,104211,4.0,3.92
489,3255,3.5,3.55
39,1258,5.0,4.17
108,5952,3.0,4.05
110,374,1.0,2.28
274,46335,1.5,2.17
599,562,2.0,4.0
336,2858,5.0,4.08
177,6365,2.5,3.62
169,7080,5.0,0.0
474,39183,4.0,3.88
159,62,3.0,3.7
109,144,3.0,3.29
406,2694,3.5,3.26
465,1573,3.0,3.47
74,6270,5.0,4.01
562,36529,3.5,3.87
448,3146,4.0,2.51
288,2124,3.0,3.45
328,2078,3.5,3.93
420,1927,3.5,4.36
284,44,3.0,2.54
249,115617,3.5,4.34
212,8641,3.5,3.86
448,72998,3.0,4.14
448,3639,4.5,3.52
232,6619,1.5,3.06
249,72605,3.5,3.52
232,8640,3.0,3.25
564,74946,4.0,3.64
414,3160,5.0,3.32
217,2985,4.0,3.41
414,2064,3.0,4.25
91,4109,3.0,2.57
352,40732,4.0,3.63
191,308,5.0,3.96
219,5151,3.5,3.02
66,4886,4.5,4.07
192,480,5.0,3.74
479,4372,2.0,3.85
282,91529,4.0,4.2
380,965,4.0,4.25
279,1210,4.5,4.26
556,74789,4.0,2.87
577,1203,4.0,4.22
448,103384,1.0,3.51
77,5349,5.0,3.53
414,6696,2.5,0.0
21,78499,4.0,4.42
489,1333,4.0,3.88
429,420,2.0,2.89
603,2640,2.0,3.86
489,2424,3.5,3.38
474,5379,4.5,4.27
477,455,3.0,2.81
380,66783,3.0,0.0
600,2916,2.0,3.92
480,44191,4.0,4.13
188,898,5.0,4.38
357,7254,4.0,3.77
91,253,4.5,3.61
287,1777,3.0,3.6
217,216,1.0,3.57
307,6252,1.5,2.71
599,120827,3.0,0.0
226,3826,2.0,2.44
80,52604,4.5,3.65
1,1214,4.0,4.11
79,3256,2.0,3.72
562,1259,5.0,4.06
288,3471,4.0,4.15
50,6711,3.0,4.14
540,1681,2.0,1.93
182,6373,2.0,3.46
68,2023,3.5,3.8
599,2058,3.0,3.92
199,2171,4.0,3.37
221,31610,4.0,0.0
282,2908,4.0,3.51
453,1,5.0,4.07
52,2324,4.0,4.19
474,41,3.5,4.18
68,69757,4.0,4.09
509,5171,2.5,3.12
122,292,4.0,3.4
603,649,3.0,0.0
249,5995,3.5,4.3
408,69278,4.0,2.67
448,1073,4.0,4.27
599,435,1.5,2.82
18,122924,4.0,3.22
101,2770,2.0,2.87
241,39869,4.0,4.22
414,51834,3.0,0.0
93,2054,4.0,2.84
160,2771,1.0,3.54
73,45499,5.0,3.53
394,410,2.0,3.13
249,3578,4.0,4.52
125,175303,3.0,3.4
254,3363,3.0,3.93
160,110,4.0,4.18
73,111921,3.5,3.56
68,59731,3.5,0.0
462,3006,4.0,3.89
141,6365,3.0,3.42
305,2058,4.0,3.64
514,2762,4.0,4.03
469,2736,3.0,3.7
499,1201,4.5,4.17
380,4254,3.0,2.62
377,3524,2.0,3.16
438,393,2.0,2.76
428,70,3.0,3.65
414,95441,3.0,3.95
462,2064,4.5,4.01
58,276,2.0,3.39
82,1387,2.0,4.17
369,7132,3.5,4.14
430,923,5.0,3.97
222,36517,2.5,3.6
57,778,4.0,4.19
563,86882,4.0,3.69
541,356,5.0,4.22
210,146662,5.0,0.0
122,111,5.0,4.34
448,4728,2.5,3.46
104,3751,4.0,3.47
305,59900,4.0,3.41
82,6953,2.5,3.37
229,442,3.0,3.09
32,529,4.0,3.84
80,80363,4.0,2.9
414,55052,3.5,3.99
560,3408,3.5,3.66
332,1961,4.0,3.96
235,62,5.0,3.7
593,1704,3.0,4.11
11,1100,3.0,2.96
353,420,1.0,2.89
19,1544,1.0,2.81
182,1302,4.0,3.85
459,99114,5.0,3.99
62,7143,4.0,4.04
587,628,5.0,3.62
301,597,4.0,3.56
62,182715,4.0,4.05
168,1244,4.5,4.11
125,158972,3.5,0.0
580,293,5.0,4.21
117,590,4.0,3.87
249,2628,3.5,3.55
474,2870,3.0,3.34
79,2000,4.0,3.68
380,6880,3.0,1.87
437,608,5.0,4.15
332,85056,3.0,3.18
19,2915,2.0,3.6
313,5540,5.0,3.59
270,733,3.0,3.69
603,3004,1.0,2.97
414,60128,3.5,0.0
580,1339,4.0,3.43
522,66934,4.5,3.99
119,7454,3.5,2.92
99,276,4.0,3.35
177,3988,3.5,3.21
33,1357,4.0,4.21
555,2259,4.0,4.13
479,4410,4.0,0.0
580,6502,4.5,4.17
125,163134,4.0,4.03
525,6711,4.0,4.27
477,6711,4.0,4.22
610,87306,3.5,3.97
256,109374,3.0,3.94
592,520,2.0,3.06
169,6377,5.0,4.16
232,4232,2.5,3.09
132,4308,4.0,3.7
156,11,3.0,3.85
603,1955,4.0,4.24
298,69069,1.5,3.96
462,27878,3.0,4.26
292,4816,2.0,3.52
334,69122,4.0,3.82
217,2991,3.0,3.88
522,2023,2.5,3.51
222,778,3.5,4.16
222,97304,4.5,4.15
534,2161,4.0,3.74
428,3175,2.0,3.68
580,2542,4.5,4.2
469,2028,4.0,4.27
186,2000,4.0,3.75
312,903,5.0,4.08
474,2130,3.5,3.49
600,2142,3.5,2.33
536,357,1.0,3.53
383,2977,4.0,0.0
247,1213,3.5,4.33
610,138036,3.5,4.16
509,63992,1.5,2.59
292,3861,3.0,2.8
68,60756,2.5,3.87
492,852,3.0,3.22
288,616,3.0,3.57
564,73266,4.0,2.93
483,91104,2.5,2.22
361,3753,4.0,3.43
74,2313,3.5,4.07
414,135,2.0,3.31
1,2700,5.0,4.06
448,6314,2.0,0.0
156,300,3.5,3.52
155,1580,4.0,3.51
480,1282,3.5,3.71
474,36537,3.5,0.0
303,3793,5.0,3.75
232,3999,3.5,2.73
104,25937,3.5,0.0
495,45672,4.5,3.07
509,8808,2.0,2.66
606,1086,4.5,4.11
541,444,2.0,2.4
469,1180,3.0,0.0
590,36,3.5,3.8
418,8368,5.0,3.9
258,76093,4.5,3.91
596,592,3.5,3.57
82,6249,3.5,0.0
505,3039,3.5,3.78
603,4802,1.0,3.79
387,2470,2.5,3.31
274,3717,3.5,3.77
466,45499,3.5,3.5
89,6188,3.0,3.61
19,104,2.0,3.59
62,7458,4.0,3.53
217,1676,2.0,3.49
376,1215,3.5,4.0
117,41,4.0,3.66
380,104241,4.0,3.84
522,127098,5.0,4.33
484,3825,3.5,2.88
590,1208,4.5,4.36
380,5009,4.0,2.55
100,104,3.5,3.53
117,50,4.0,4.26
291,106489,4.0,3.46
275,1354,2.0,4.39
255,223,2.0,3.95
448,94919,2.5,0.0
462,38198,4.0,0.0
606,5372,3.5,0.0
137,3504,4.5,4.02
227,79132,3.5,4.27
517,1029,4.0,3.53
305,65216,4.5,4.12
474,7085,3.5,0.0
448,4621,2.0,2.91
182,1779,3.5,3.02
597,2402,2.0,2.89
139,78499,2.0,4.38
238,1608,4.0,3.37
599,4929,2.5,2.34
520,1200,5.0,4.04
517,65230,2.5,3.16
328,5952,4.0,4.15
13,4148,4.0,2.86
27,2876,2.0,0.0
266,555,5.0,3.88
414,1012,4.0,3.83
211,7153,4.0,4.19
495,1172,5.0,3.97
141,46976,5.0,3.74
607,1094,3.0,3.52
274,3471,3.5,4.15
292,2167,3.0,3.6
268,2640,3.0,3.69
57,3901,3.0,0.0
46,593,5.0,4.19
547,2917,4.0,3.87
295,32587,3.5,3.89
298,1213,4.0,4.43
462,223,4.0,4.01
588,480,3.0,3.76
471,2959,4.0,4.28
122,2012,4.0,3.62
73,58559,4.5,4.38
339,1193,5.0,4.39
221,3681,4.5,4.32
474,2478,3.0,3.4
178,349,4.0,3.75
414,1885,4.0,3.39
28,1092,2.5,3.34
610,59784,3.5,3.99
21,4489,4.5,3.32
524,47,5.0,4.06
282,6104,4.5,4.18
414,3317,4.0,3.86
601,172591,4.5,0.0
380,27584,3.0,0.0
294,70,4.0,3.65
415,6016,4.5,4.21
387,3455,2.5,0.0
92,54190,4.0,4.26
510,1020,3.0,3.16
387,2700,3.0,4.23
240,104,5.0,3.53
307,180,4.0,3.63
382,47952,3.0,0.0
414,112,3.0,3.8
45,1396,4.0,3.46
474,2764,3.5,4.03
555,3688,1.0,2.4
426,54001,4.5,3.9
404,367,3.0,3.22
326,30707,3.5,3.95
84,1079,5.0,4.0
405,8254,4.0,4.37
590,4677,3.5,3.05
57,780,3.0,3.63
603,2916,4.0,3.94
334,364,4.0,4.01
517,918,4.0,3.86
409,1219,4.0,4.05
380,43871,3.0,3.02
131,4993,3.5,4.21
599,8500,2.5,0.0
307,4848,3.0,3.8
47,47,3.0,4.01
534,62113,4.5,2.82
105,4720,4.5,3.97
408,1291,5.0,4.23
217,438,3.0,2.92
359,2858,4.0,4.06
374,318,4.0,4.47
438,4239,3.0,4.0
232,54256,3.5,2.48
469,1950,4.0,4.4
610,5110,4.0,4.19
381,33679,3.5,3.57
229,150,5.0,3.89
71,24,2.0,3.27
334,6350,3.5,4.14
534,67923,4.0,3.21
601,78499,4.0,4.38
274,922,3.5,4.86
61,1304,5.0,3.91
374,110,5.0,4.04
68,5782,4.0,3.75
603,1289,4.0,3.82
354,858,4.0,4.46
409,2599,5.0,3.63
599,673,2.5,3.08
475,56174,4.5,3.63
591,2997,2.0,4.0
177,6765,3.0,4.01
528,58559,5.0,4.24
608,6187,4.0,3.47
287,6620,5.0,4.14
307,6558,2.0,0.0
213,5479,4.0,3.36
57,2405,2.0,3.08
525,3556,4.5,4.01
573,8961,4.5,4.04
489,3481,3.5,3.74
343,50,4.5,4.29
599,4063,2.0,2.75
312,2407,4.0,3.22
307,4534,2.0,0.0
169,3247,4.5,3.22
489,5502,3.5,3.29
208,1210,4.0,4.16
574,588,5.0,3.85
249,71254,3.5,3.95
21,4638,4.0,3.06
594,2617,3.5,3.2
325,58,4.0,4.07
509,84944,3.5,3.85
122,3863,4.5,3.03
532,2194,5.0,3.94
594,3793,4.5,3.81
154,164179,4.5,3.98
569,595,4.0,3.83
68,4011,3.0,4.68
317,3252,3.0,3.75
599,2399,2.0,2.2
509,101962,3.0,0.0
159,1961,3.0,3.89
376,38038,5.0,3.67
386,172,2.0,2.64
228,1214,4.5,3.98
414,51255,3.5,4.9
308,1136,4.0,4.18
438,1562,2.0,2.4
448,157296,4.0,3.74
590,1086,4.5,4.1
160,2748,3.0,1.71
305,70159,4.0,0.0
298,32031,0.5,3.26
599,168248,3.0,4.96
57,1059,3.0,3.83
522,7153,3.5,4.25
509,78499,4.0,4.43
537,2571,4.0,4.23
414,4322,4.0,3.89
62,171763,4.0,4.52
599,919,3.0,3.9
89,69720,4.5,0.0
263,5135,4.0,4.37
111,59022,3.0,3.57
91,6333,4.0,3.91
305,55118,3.5,4.55
603,1235,3.0,4.36
469,3363,4.0,3.97
599,547,2.5,0.0
21,103801,0.5,3.1
425,608,2.5,4.22
39,596,3.0,3.51
111,104925,5.0,2.91
249,1200,3.5,4.3
336,50,5.0,4.27
599,3173,2.5,3.28
341,90890,3.5,2.24
4,2997,4.0,4.03
438,3646,2.5,2.25
527,2822,5.0,2.74
385,434,1.0,3.1
171,596,5.0,3.49
520,316,4.0,3.42
193,1193,5.0,4.21
73,110102,5.0,4.02
215,180,3.0,3.45
590,3450,3.0,3.5
482,6320,1.0,0.0
200,50601,0.5,3.31
580,4034,4.0,4.1
599,1748,2.5,3.95
599,1081,2.5,3.78
28,8977,2.5,2.2
182,6870,3.5,4.01
376,8798,3.5,3.83
199,593,4.0,4.32
216,3061,4.0,3.85
199,1079,4.0,4.05
488,1197,5.0,4.31
506,45447,0.5,3.15
597,1172,5.0,4.02
274,3160,2.5,3.51
480,7438,4.0,4.08
129,33794,4.5,3.88
158,58293,3.5,2.64
351,2995,2.5,2.62
610,58964,4.0,0.0
480,4899,1.5,2.11
407,112556,5.0,3.61
298,54934,0.5,0.0
89,951,3.5,4.46
387,2118,3.5,3.95
474,45517,3.5,3.45
232,2081,2.5,3.67
509,95858,3.5,0.0
561,84954,2.0,3.41
59,2987,1.0,3.62
93,2103,4.0,1.76
160,1307,4.0,3.91
445,6016,2.0,4.2
387,2459,3.5,3.24
368,1291,2.0,4.29
610,6711,5.0,4.34
274,8578,3.5,0.0
474,7647,3.5,0.0
428,1120,3.5,3.68
182,70,4.5,3.79
215,1617,4.0,4.01
386,380,3.0,3.59
200,30793,3.5,2.99
122,8464,4.5,3.71
605,8008,3.5,4.3
466,40815,4.5,3.9
600,5956,2.5,3.76
449,370,3.5,3.06
265,3362,2.0,4.04
385,750,5.0,4.32
599,7438,4.0,4.25
414,3852,4.0,3.26
555,3016,4.0,2.89
477,1204,4.0,4.4
95,3033,4.0,3.46
362,260,4.5,4.28
358,5066,5.0,3.29
103,56782,4.5,4.35
610,3423,3.0,1.37
307,6350,4.0,4.34
219,6383,1.5,2.75
160,1920,1.0,3.17
432,1704,4.5,4.19
166,3481,4.0,3.72
34,6857,4.0,3.61
70,1962,4.0,3.68
448,51412,1.0,3.29
541,491,3.0,3.47
21,81591,1.0,3.78
23,2761,3.5,4.14
365,2005,3.0,3.65
112,109487,5.0,3.94
608,539,2.5,3.73
547,2076,5.0,3.99
182,5943,2.5,2.67
7,2858,4.0,4.11
57,1375,3.0,3.38
534,101864,4.0,3.76
280,1917,3.5,3.07
561,1230,4.0,4.09
318,3224,4.0,0.0
84,919,5.0,3.97
19,2321,3.0,3.61
182,2302,4.0,3.53
599,136449,4.0,0.0
332,3702,3.5,3.65
387,920,3.0,3.8
111,94777,1.0,3.7
202,2167,3.0,3.57
356,5225,4.5,4.03
420,541,3.5,4.12
305,88125,2.5,4.06
226,6870,4.5,3.89
599,441,3.5,4.31
286,653,3.0,3.16
469,1779,1.0,2.88
599,500,3.0,3.76
346,903,4.0,4.08
387,3917,3.5,3.48
249,1982,3.0,4.0
177,6156,3.0,3.35
434,44191,4.0,4.0
483,3301,4.5,3.78
414,48780,4.5,4.61
101,2706,4.0,3.4
113,2764,5.0,3.92
51,60487,5.0,0.0
132,29,2.0,4.09
312,1233,4.0,4.2
312,5952,5.0,4.13
385,1295,3.0,2.68
420,4816,4.0,3.51
275,441,4.0,4.11
597,1288,5.0,4.07
414,903,5.0,4.05
198,2117,3.0,3.66
215,4973,4.5,4.32
7,8949,4.0,3.75
169,5620,4.0,3.12
606,590,4.0,3.96
298,1591,1.5,2.42
414,55290,4.0,3.9
18,541,4.0,4.19
380,8501,3.5,3.78
375,4226,5.0,4.13
462,105835,4.0,0.0
599,3000,3.0,4.34
548,356,5.0,4.17
438,1617,5.0,4.13
610,7454,2.0,3.38
51,858,3.5,4.37
480,3421,3.0,3.93
62,172591,5.0,0.0
307,2122,3.5,1.99
608,2710,1.5,3.0
167,296,3.0,4.27
534,122886,3.5,4.03
200,5139,3.0,3.79
20,4366,1.5,3.5
117,799,4.0,3.46
590,2412,1.5,2.09
448,123947,3.0,0.0
103,90522,4.0,2.94
329,1884,5.0,3.91
561,593,4.0,4.46
21,2288,0.5,4.13
443,6016,4.0,4.18
274,4255,2.5,2.24
294,1837,1.0,2.67
80,42738,4.5,3.07
217,3269,2.0,3.11
182,2605,3.5,2.98
187,47,4.0,4.1
199,608,5.0,4.28
527,2355,5.0,3.64
28,3408,3.0,3.6
172,1982,3.0,3.75
380,1983,3.0,0.0
104,3671,3.5,3.9
414,95135,4.0,0.0
187,1175,4.0,3.98
264,7841,3.0,0.0
527,3071,5.0,3.34
7,46530,1.0,3.0
381,1580,4.0,3.73
246,7090,5.0,3.89
356,44889,5.0,0.0
1,3671,5.0,3.96
288,1213,4.0,4.62
105,3623,4.0,2.77
47,97938,3.5,3.75
387,3984,3.0,3.68
28,6870,3.0,3.88
599,3105,3.0,4.28
140,4034,4.0,4.12
489,5,2.0,3.14
186,592,4.0,3.55
610,2076,5.0,4.35
19,1566,4.0,3.66
44,1,3.0,3.91
227,55721,5.0,4.23
474,1207,4.0,4.67
387,1077,3.5,4.02
580,5349,3.5,3.69
217,174,2.0,3.06
305,93270,4.5,2.22
480,4343,3.0,3.17
169,1097,4.0,3.91
425,4993,4.5,4.33
380,4980,4.0,3.0
380,137863,4.0,0.0
414,7156,4.0,4.47
68,64997,2.5,0.0
176,110,5.0,4.05
480,7153,4.0,4.42
365,89864,4.0,3.69
480,6936,3.5,3.97
385,1288,5.0,4.0
318,5956,4.0,3.88
89,119714,3.5,0.0
414,4310,4.0,3.34
465,1252,5.0,4.33
27,126,2.0,1.83
603,4148,2.0,2.99
270,1073,5.0,3.92
171,1079,5.0,3.94
105,179133,5.0,0.0
84,248,2.0,3.36
346,2395,4.0,3.53
567,179815,1.5,0.0
122,2232,4.5,3.5
298,49396,3.0,3.76
372,353,2.0,3.59
10,95543,3.5,2.74
307,252,1.5,3.7
156,1408,4.0,3.75
414,112623,4.0,4.07
331,96610,3.5,3.76
202,110,4.0,4.23
368,3578,3.0,4.12
414,6502,4.0,4.79
1,1445,3.0,2.25
187,1921,5.0,3.89
19,1688,3.0,3.41
77,4973,2.5,4.3
577,592,2.0,3.55
6,89,4.0,3.07
424,44191,3.5,3.93
45,3254,4.0,3.54
28,56782,3.0,4.3
490,62434,2.0,3.66
517,2028,3.0,4.2
286,1732,3.0,4.02
137,26084,4.0,4.01
608,5901,4.5,0.0
18,117176,4.0,4.22
265,2916,3.0,3.68
68,8969,3.0,3.64
51,1243,5.0,4.18
304,924,4.0,3.97
499,27731,3.5,3.92
160,4370,4.0,3.37
597,1101,5.0,3.39
495,31410,4.5,3.94
128,940,5.0,3.87
156,492,3.0,4.01
280,216,3.5,3.51
307,4750,0.5,0.0
125,163645,4.0,4.35
483,208,3.0,3.1
200,708,4.0,3.48
606,1916,3.0,3.28
28,590,4.0,3.89
474,31410,3.5,4.17
526,296,4.0,4.27
610,3016,4.5,3.14
105,5463,3.0,2.87
509,112138,3.0,3.95
122,778,5.0,4.24
592,21,3.0,3.59
318,54256,4.0,2.55
509,42734,3.5,0.0
387,6123,4.0,0.0
466,87222,4.0,3.57
483,99087,3.0,0.0
553,3362,3.5,4.06
545,2427,4.0,3.27
232,3745,2.5,3.57
308,48,4.0,3.28
117,786,3.0,3.34
495,4979,5.0,3.77
458,597,4.0,3.6
292,33493,4.0,3.79
219,8865,2.0,2.72
359,2012,2.5,3.54
387,4289,3.5,2.61
249,8961,4.0,4.45
610,55067,3.5,0.0
232,44665,3.5,3.97
290,2066,4.0,0.0
282,5349,4.0,3.61
247,1197,5.0,4.33
182,3158,4.0,0.0
260,2076,2.0,4.04
135,2997,4.0,4.07
387,3897,3.5,3.97
368,2762,4.0,4.01
19,1347,2.0,3.21
260,6375,3.5,4.19
64,2871,4.0,4.08
497,4993,2.0,4.19
122,68954,5.0,4.25
489,3253,1.5,3.5
432,58559,4.0,4.36
177,76093,5.0,4.23
610,4448,3.5,3.8
606,6898,4.0,2.86
596,364,4.0,4.13
177,1088,3.5,3.64
414,3273,3.0,2.7
474,3708,3.5,3.36
195,16,4.0,4.01
483,337,2.5,4.03
42,4322,4.0,3.76
480,5459,3.0,3.13
599,168252,3.5,4.8
520,589,4.5,4.1
62,96861,3.5,3.34
288,42007,3.0,0.0
320,59315,4.0,3.87
491,50872,4.0,3.97
307,4238,3.0,3.37
489,5945,4.0,3.49
41,6870,3.0,3.83
381,8961,4.5,4.09
160,858,5.0,4.43
599,3962,1.5,0.0
84,1296,4.0,3.92
483,54503,4.0,4.3
165,2571,4.0,4.22
328,60756,2.5,3.66
372,300,5.0,3.48
599,5945,1.5,3.81
226,3360,4.5,3.7
94,420,3.0,2.86
605,7444,3.0,3.22
43,292,5.0,3.51
246,81847,5.0,3.84
462,105504,4.0,4.24
226,3489,3.0,3.56
195,1060,5.0,3.63
40,514,5.0,3.41
500,838,3.0,3.83
509,103042,3.5,3.48
387,1344,4.0,4.07
525,96079,4.0,3.98
308,21,1.0,3.57
369,3535,4.5,3.76
610,63082,5.0,4.58
212,140715,3.5,4.3
364,736,4.0,3.38
304,172,2.0,2.69
414,1587,5.0,3.41
103,2088,4.0,2.31
522,27006,3.5,0.0
369,1262,3.0,4.2
599,229,2.5,3.53
596,181719,3.5,0.0
84,361,3.0,3.15
380,5048,2.0,2.72
434,54272,3.5,3.73
226,5989,4.5,4.23
607,1320,3.0,3.24
567,750,3.0,4.35
