userId,movieId,rating,predicted_rating_k3
432,77866,4.5,2.0
288,474,3.0,4.15
599,4351,3.0,3.25
42,2987,4.0,5.0
75,1610,4.0,4.75
51,177,4.0,3.5
354,51662,3.5,3.15
416,750,4.5,5.0
438,6503,0.5,4.5
73,8641,3.5,3.0
567,1203,4.5,3.75
391,1179,4.0,5.0
380,111362,5.0,3.0
305,55276,5.0,4.0
409,3868,4.0,4.25
307,6957,3.5,1.7
274,26736,4.5,3.88
125,6952,3.0,4.07
561,1278,3.5,4.73
68,6953,2.5,4.23
525,50872,3.5,4.0
414,3847,2.0,2.09
6,587,5.0,5.0
601,48394,4.0,3.86
325,32,4.0,2.5
82,5065,3.0,4.28
16,204,2.0,3.0
542,4816,1.5,4.0
32,39,3.0,5.0
140,2682,4.0,1.62
182,5643,3.0,3.33
89,42761,4.5,4.05
359,541,1.5,3.73
183,1408,4.0,2.5
111,119155,3.5,4.57
80,2513,4.0,3.37
448,117590,2.0,2.95
514,1258,4.0,3.5
68,1101,3.5,4.6
325,80,4.0,4.38
509,1588,3.5,3.44
131,31,3.0,3.0
45,2355,5.0,2.5
156,3167,3.0,3.01
440,1199,4.5,4.75
312,5065,3.0,3.75
57,2102,4.0,1.89
603,2020,4.0,4.84
337,778,4.0,4.84
116,356,4.0,3.56
122,63113,4.5,4.0
201,185,3.0,3.5
167,318,5.0,4.67
139,60072,1.5,3.29
68,628,3.5,4.21
16,293,4.0,3.25
448,99992,3.0,3.31
450,1073,4.0,4.0
178,380,4.0,3.5
599,59369,2.5,3.17
581,4226,4.5,4.5
215,1347,0.5,1.63
610,4228,3.0,4.56
81,288,3.0,3.0
414,2120,2.0,2.25
340,185,3.0,4.09
323,111443,2.5,2.48
232,586,3.0,3.0
186,3740,3.0,4.0
28,1245,3.5,2.0
195,4067,4.0,3.82
414,86190,4.0,1.4
596,141131,2.5,2.51
561,1394,4.0,2.95
602,448,3.0,3.73
202,2983,4.0,3.06
195,553,4.0,3.5
200,44761,5.0,3.94
387,5296,1.5,3.4
514,104841,3.0,2.61
510,2710,1.0,3.92
290,2385,3.0,3.2
221,446,4.5,2.87
598,7361,5.0,3.0
596,4014,3.5,2.0
414,157699,4.0,3.23
34,31685,2.0,3.5
62,2115,4.5,3.8
448,105211,3.5,3.33
137,1242,4.0,3.72
438,2642,3.0,4.0
606,47538,2.5,2.25
352,51662,4.0,3.15
572,3093,5.0,1.42
129,4878,2.5,2.17
279,164179,4.0,4.43
428,6365,3.0,4.29
152,858,5.0,2.16
328,1198,5.0,4.0
427,435,3.0,3.25
367,3751,5.0,2.83
599,97306,3.0,3.75
525,98243,3.0,3.5
111,78174,1.5,4.64
42,2735,4.0,3.16
606,2677,4.0,4.42
560,6863,3.0,3.5
19,422,3.0,2.57
51,3363,4.5,4.85
474,381,2.5,3.66
68,2096,3.0,3.34
189,7153,4.0,4.42
599,93723,1.5,2.85
556,41566,3.5,3.0
596,3623,2.5,2.63
387,778,4.5,2.0
3,2090,0.5,4.48
1,3740,4.0,3.82
73,99106,1.5,4.62
217,357,3.0,1.92
438,43928,0.5,3.87
282,55765,4.0,4.12
310,1247,4.5,1.0
448,122924,2.0,2.69
91,2990,2.0,3.5
103,4848,5.0,4.0
380,3156,4.0,4.48
566,552,4.0,1.0
298,77561,3.5,4.26
599,31921,2.5,3.95
381,4226,4.5,5.0
292,2376,4.0,2.09
43,596,5.0,5.0
50,127146,3.0,3.52
46,185,4.0,3.64
564,119141,4.5,4.0
89,117590,4.0,3.77
217,1963,1.0,2.44
140,3107,3.0,3.33
125,4738,4.0,2.57
274,74532,2.5,0.8
382,1702,3.5,3.15
560,122890,3.5,4.0
48,1527,4.0,4.0
338,183897,1.5,3.92
567,162606,1.0,4.0
475,122882,4.5,3.38
290,2772,3.0,4.0
7,8665,3.5,1.56
282,1704,4.5,4.62
6,26,4.0,3.0
599,66171,2.5,3.5
610,46970,4.0,2.9
469,733,3.0,3.23
256,39183,2.0,4.5
312,3863,3.0,4.5
132,7034,3.0,4.0
480,8861,2.0,3.84
414,82202,3.0,2.52
274,5804,2.5,2.11
217,3363,3.0,4.0
387,356,4.0,3.85
227,81845,3.5,3.5
226,2011,4.0,3.25
368,1957,4.0,2.0
587,380,4.0,3.75
488,7139,2.5,2.61
135,231,2.0,2.5
535,2539,3.0,3.5
529,653,4.0,3.33
62,6058,3.5,4.95
448,80590,2.0,3.25
14,592,2.0,4.0
368,1210,4.0,4.13
534,3483,4.5,4.47
221,4128,3.5,4.01
29,56174,4.0,2.85
474,4034,4.5,3.0
448,7319,3.0,2.68
21,7569,4.5,5.0
43,231,3.0,4.33
112,25,2.5,1.66
414,3127,2.0,4.75
352,38038,3.0,3.97
502,3147,5.0,3.26
339,4848,5.0,2.09
19,2723,5.0,2.28
45,784,4.0,3.5
368,3272,3.0,3.0
27,1148,5.0,3.67
608,5452,1.0,2.77
125,70286,4.0,4.39
187,2700,4.5,1.68
606,8454,3.5,3.77
551,112183,0.5,4.08
111,3988,3.5,4.0
285,474,3.5,4.13
370,4014,3.0,4.0
414,4103,5.0,3.0
474,1223,4.5,4.0
481,1653,3.0,5.0
606,1093,4.0,3.75
379,349,4.0,4.3
212,96079,4.0,3.53
160,4979,4.5,4.82
121,597,3.0,3.0
274,3285,2.0,2.81
437,527,5.0,4.75
577,494,3.0,5.0
414,97304,4.0,4.57
608,110,4.0,3.67
562,4135,5.0,3.51
477,2450,0.5,3.38
213,1240,4.0,4.12
590,8807,2.5,0.68
259,4886,4.0,4.5
222,59014,2.0,3.72
606,6874,4.5,2.8
140,1252,3.5,4.88
606,3426,4.0,4.32
298,48780,2.0,4.4
599,47,4.0,3.63
305,107314,2.5,4.03
28,44204,3.0,2.65
105,750,4.0,3.92
309,1263,3.0,4.5
567,104944,3.5,3.18
217,2733,2.0,3.6
246,7361,5.0,4.0
307,60487,4.0,3.1
27,5060,2.0,4.96
248,1291,4.0,4.25
19,842,2.0,1.14
332,7090,4.5,4.25
156,922,4.0,4.0
140,26865,1.0,4.9
303,1080,1.0,4.7
600,2174,4.5,3.53
489,923,3.5,3.56
560,134853,3.5,3.1
306,159858,4.0,2.55
4,3160,4.0,4.25
58,292,4.0,4.65
292,3682,4.5,3.0
91,1220,5.0,4.5
288,1591,3.0,3.4
76,541,3.5,3.26
380,171763,4.0,4.98
68,3105,3.0,3.5
105,107159,4.0,4.0
418,4571,4.0,3.57
64,1673,4.5,3.0
457,2858,3.0,5.0
287,8622,4.5,4.0
39,2580,5.0,3.27
560,1210,4.0,4.25
18,86190,3.5,3.88
140,4047,4.0,4.0
256,90405,3.5,3.25
103,912,5.0,4.0
307,48394,3.0,5.0
146,502,2.5,3.0
24,50,4.0,4.0
599,1220,3.5,2.75
50,103228,2.0,3.71
232,4720,4.0,3.23
477,1392,4.5,3.31
457,2490,4.0,5.0
135,4881,3.0,3.29
608,5072,4.5,4.47
16,50,4.0,4.82
410,3823,4.0,2.0
428,377,2.5,2.5
182,1769,3.5,3.85
169,1022,4.0,3.08
480,3355,4.0,4.0
68,2,2.5,2.25
307,39234,2.5,2.74
522,58295,4.5,3.61
64,4011,4.5,3.83
305,4016,3.5,4.43
219,5064,3.5,3.75
141,3489,4.0,3.57
230,2605,3.5,2.63
448,7373,3.0,3.0
462,102445,2.0,3.0
199,53550,3.5,4.29
125,95167,3.5,3.54
125,156371,4.0,3.68
445,527,3.0,5.0
317,7438,3.0,3.52
355,1198,5.0,4.0
169,4886,5.0,4.33
453,608,4.0,5.0
472,2431,4.0,1.15
606,4226,4.0,4.86
131,2393,3.0,3.32
354,7147,4.5,3.5
298,65982,3.0,3.94
382,61132,5.0,2.96
594,494,5.0,4.42
369,3033,4.0,2.65
75,435,1.0,3.81
381,2571,5.0,4.75
357,1101,4.0,3.0
357,918,5.0,4.58
480,2628,2.0,3.31
51,2762,5.0,2.76
474,586,2.0,3.5
298,149354,0.5,1.53
310,733,4.0,2.5
274,72378,2.0,3.19
156,2947,2.0,3.0
414,191,2.0,2.0
474,2261,2.0,1.83
280,73266,3.0,2.34
494,260,5.0,4.67
239,2302,3.0,4.06
610,7324,3.0,4.12
57,1,5.0,3.0
452,3273,4.0,1.54
217,2094,3.0,2.0
66,481,2.0,3.0
19,1848,2.0,3.0
580,1584,3.5,4.0
288,541,4.0,3.37
586,122918,5.0,4.75
517,2380,0.5,3.0
220,63113,3.5,4.0
560,56563,2.5,2.82
479,5568,2.0,3.0
28,2023,3.5,4.95
41,118900,4.0,3.88
305,142448,3.0,4.0
288,5378,3.5,2.5
116,1380,4.5,4.18
313,1449,5.0,1.96
522,2393,4.0,3.37
182,1197,3.5,3.68
420,8464,4.5,4.59
597,1196,5.0,4.25
313,2553,4.0,2.0
405,390,4.0,4.65
560,1196,4.0,5.0
438,186,3.0,2.0
495,4734,3.5,4.0
380,6281,3.5,3.09
129,32587,4.5,3.48
42,1663,4.0,2.0
309,2028,4.5,0.78
169,2028,5.0,3.83
6,881,3.0,3.0
509,1732,3.5,3.12
73,111320,1.5,3.66
441,1517,5.0,1.77
100,2108,3.5,3.54
593,44191,4.0,3.5
610,60471,3.5,2.74
68,2335,3.0,2.99
479,3361,4.0,4.0
564,106918,3.5,3.0
580,3556,5.0,2.86
274,4874,1.0,3.57
30,122904,5.0,3.99
156,1077,4.0,2.81
489,2124,2.5,4.27
186,916,5.0,4.0
64,2804,5.0,3.2
351,59369,4.5,3.0
469,3699,4.0,2.67
182,4056,3.0,3.79
6,719,2.0,3.67
346,527,3.5,4.57
528,3101,2.5,2.31
551,112175,3.5,4.04
226,2,3.0,3.5
226,2100,3.0,4.54
579,1580,4.0,3.58
83,318,5.0,4.56
368,1196,3.0,4.33
351,54787,3.5,3.0
227,32,4.5,4.23
182,1546,3.5,3.66
298,27808,2.5,1.51
38,161,4.0,1.0
452,924,3.0,4.24
351,6214,4.0,3.62
111,4228,2.5,3.5
599,104841,3.0,2.87
232,8360,3.0,2.5
105,1199,4.0,4.0
469,1747,3.0,3.19
509,48780,3.5,4.12
213,51662,3.5,3.57
217,2722,3.0,1.24
503,6711,3.5,4.27
115,1645,4.0,1.03
608,3752,4.0,3.0
288,2009,3.0,4.38
226,2329,4.5,3.5
68,2334,3.5,2.96
195,1573,3.0,4.08
275,1084,5.0,3.5
380,52950,2.0,3.98
371,4993,4.5,4.5
290,1674,4.0,3.0
246,7669,5.0,4.34
91,260,4.5,4.72
480,3168,3.5,3.5
12,838,5.0,4.0
606,2324,5.0,2.72
330,1288,4.5,3.75
63,1080,5.0,4.11
246,82202,4.0,3.26
34,2762,3.0,4.02
582,74458,4.0,4.09
104,94150,4.0,3.83
414,72605,4.0,2.54
448,2019,5.0,3.88
325,3175,4.0,3.15
131,3178,3.0,3.34
288,2762,3.0,3.0
344,110,4.5,4.06
195,4389,3.0,2.65
356,3477,5.0,3.52
357,4447,4.0,3.5
514,3385,3.0,2.14
271,1994,3.5,3.0
607,480,4.0,2.75
448,97858,2.0,3.0
79,3029,3.0,4.0
599,4848,4.5,2.83
130,592,3.0,4.0
517,2018,4.0,2.56
45,1769,3.0,3.48
387,7328,3.5,4.5
600,3093,3.5,4.0
414,5452,1.0,2.5
64,3052,4.0,3.75
81,377,3.0,4.0
288,2121,2.0,1.33
159,4306,4.0,3.89
189,593,4.0,4.0
247,69122,4.0,4.0
474,1293,4.0,4.0
211,36529,3.5,3.53
290,1385,3.0,5.0
301,364,3.5,2.14
599,85881,3.5,2.97
610,27904,3.5,2.97
456,3,3.0,4.58
52,293,4.0,3.39
232,72489,4.0,2.68
288,31427,2.5,3.85
68,56587,3.0,4.5
346,1348,4.0,4.33
238,858,3.0,4.83
594,2196,5.0,4.73
610,120635,1.0,4.24
497,410,2.0,2.55
432,7306,3.0,2.1
285,1333,4.0,4.0
123,91500,3.5,2.0
6,640,1.0,2.96
217,432,3.0,3.0
528,356,5.0,4.6
101,2716,4.0,3.5
219,54001,2.5,3.76
452,1610,4.0,3.8
43,79,5.0,4.24
240,653,5.0,4.39
534,33493,4.0,4.23
610,4975,3.5,4.0
298,109895,0.5,3.5
552,541,5.0,4.0
414,63113,4.0,4.0
165,441,3.0,1.56
610,106002,3.5,3.58
265,79,2.0,3.65
372,1221,5.0,3.0
19,377,4.0,2.75
525,4718,1.0,4.0
84,551,3.0,4.15
480,589,4.5,4.5
298,48322,3.0,1.71
70,8949,5.0,3.0
225,3253,4.0,4.6
387,33164,2.0,4.0
484,104,4.0,3.0
298,6283,4.5,1.94
195,4019,4.0,3.0
182,3910,5.0,4.0
414,73017,4.0,4.89
279,780,4.0,3.67
590,588,4.0,4.68
573,5093,2.0,3.66
68,4270,3.5,3.17
313,1344,4.0,4.0
464,8984,4.5,3.0
122,69784,4.5,1.64
65,109487,4.5,4.93
137,3471,3.0,4.0
249,95167,4.0,4.25
150,5,3.0,4.0
380,3421,5.0,4.88
495,89492,5.0,4.17
576,327,2.5,3.4
414,5009,4.0,4.79
477,3751,4.0,3.71
125,288,5.0,1.11
68,122904,4.0,3.38
21,102993,2.0,3.63
361,2167,2.0,3.25
50,164280,3.5,4.47
167,1385,2.0,2.26
520,1801,4.0,4.16
119,54286,4.5,3.17
372,1215,5.0,5.0
480,37741,4.5,3.14
103,37729,4.0,3.66
334,54881,3.5,4.54
310,2518,4.0,1.21
117,26,4.0,2.0
98,53464,2.5,3.19
448,3681,5.0,4.45
491,4018,4.0,3.0
50,318,3.5,3.82
517,2565,4.5,2.5
45,569,2.0,5.0
140,1580,3.0,3.5
96,733,4.0,4.0
274,1961,3.5,4.26
20,5171,2.0,3.32
357,2160,5.0,4.2
185,4016,4.0,3.0
372,249,4.0,4.41
347,47,3.0,3.5
292,3755,2.0,0.86
120,5,4.0,3.88
599,474,2.5,1.18
600,1393,3.5,3.25
195,4033,4.0,5.0
576,2826,4.5,3.75
294,2,3.0,1.8
103,1945,4.0,4.12
437,800,5.0,2.78
197,1209,5.0,5.0
199,3129,4.0,3.39
246,41569,3.0,3.64
525,45517,3.0,4.0
352,139385,5.0,4.38
365,103772,3.0,2.0
390,5618,4.5,4.25
17,2329,4.5,3.75
28,145,1.5,2.55
234,2568,3.0,3.25
65,116797,4.5,4.0
177,508,3.5,3.17
153,63082,1.5,3.1
105,146028,4.0,4.78
58,454,3.0,2.16
346,306,4.5,3.5
112,339,1.5,4.03
132,356,4.0,3.17
140,3168,4.0,3.95
187,431,4.5,4.27
330,1965,3.5,5.0
567,1260,4.0,4.0
111,8961,1.0,2.3
474,1197,4.5,4.37
368,2307,3.0,3.15
460,34405,5.0,4.3
307,34326,2.0,3.36
572,17,5.0,4.4
606,37731,3.5,3.79
298,102123,1.5,3.15
178,6539,2.5,4.63
475,60074,4.5,4.79
606,5628,2.5,4.03
469,1082,4.0,5.0
411,368,4.0,2.0
603,288,4.0,4.0
414,4068,2.0,3.0
217,3552,2.0,3.33
489,7318,3.0,1.69
469,2324,3.0,5.0
260,3911,3.0,3.5
19,3712,3.0,2.0
489,1246,4.0,3.25
177,8965,3.0,3.75
42,858,5.0,4.5
131,48516,3.5,3.27
469,552,2.0,4.33
477,2762,4.0,4.5
562,83134,4.0,3.87
140,609,3.0,4.86
288,2136,3.0,3.0
214,25,2.0,3.0
420,923,3.5,4.0
600,2162,3.5,2.75
74,1094,4.5,3.61
599,3070,3.0,3.0
540,8874,4.5,4.92
495,344,4.5,1.35
464,48516,4.0,4.25
220,377,3.5,3.57
42,2110,4.0,2.0
212,55247,3.5,3.93
307,3705,2.5,5.0
414,1080,5.0,4.26
292,130576,2.0,3.2
599,720,4.5,2.77
555,2642,3.0,3.0
287,3033,4.0,2.5
480,736,2.5,3.0
212,4027,3.5,2.37
305,8014,4.0,4.08
50,94677,2.0,3.61
483,33493,3.0,3.79
452,2533,5.0,4.0
11,1918,4.0,4.0
305,4232,3.0,1.09
201,1259,4.0,4.5
525,34150,1.0,3.12
448,45186,2.5,3.83
317,593,5.0,3.8
586,54001,4.5,4.27
265,1945,4.0,4.68
426,50872,3.0,4.0
156,1213,4.0,4.2
125,159415,4.0,3.66
49,79091,4.0,3.81
396,1276,5.0,4.2
497,858,4.0,4.83
570,49272,4.0,3.55
233,68157,3.5,4.54
272,3147,4.5,3.5
580,589,4.0,3.0
116,480,4.0,4.5
555,3591,3.0,1.03
370,5989,3.5,4.8
380,2334,2.0,4.2
608,5502,4.0,4.0
13,4011,5.0,3.44
599,3007,3.5,3.75
429,381,4.0,3.67
509,72701,3.5,3.25
414,1059,4.0,3.39
568,480,3.0,3.0
546,2455,3.0,2.18
533,103688,5.0,1.78
274,30883,1.5,2.0
103,7367,3.5,4.98
381,1704,4.5,3.14
564,44193,3.0,3.0
64,198,3.0,2.0
97,1193,4.0,4.59
325,30,4.0,3.88
414,53972,3.5,3.44
600,778,3.5,3.26
599,1663,2.5,5.0
132,1345,3.0,3.0
587,590,5.0,3.0
160,3877,2.0,3.44
51,6786,3.0,2.2
217,2152,2.0,3.0
274,4344,3.5,4.19
249,106100,5.0,3.96
265,2968,3.0,4.71
391,4334,5.0,2.92
368,3768,1.0,2.5
51,3,4.0,4.33
219,34405,4.0,4.21
572,1272,5.0,4.25
577,593,4.0,2.24
307,4002,2.5,3.18
7,480,5.0,4.5
367,3623,4.0,3.0
15,527,5.0,3.5
58,223,3.0,4.0
570,778,4.0,3.89
275,6122,5.0,3.92
109,593,4.0,2.91
309,1198,4.0,2.5
198,1639,2.0,4.9
249,103980,4.5,2.01
91,344,3.0,3.0
132,5225,3.0,3.41
334,2959,3.5,4.33
225,2248,4.0,4.79
414,5346,1.0,2.5
226,8917,2.0,4.47
249,20,3.5,3.98
290,2565,4.0,2.0
111,2571,0.5,4.33
410,3088,4.0,4.0
331,6541,2.0,3.7
232,53322,3.5,4.17
6,43,4.0,3.5
169,3755,4.0,4.83
432,81417,4.0,4.72
599,8910,2.5,4.6
469,1356,3.0,4.0
414,6574,1.0,2.67
474,3264,3.5,2.0
610,115727,5.0,3.7
359,2396,3.0,3.69
187,145,1.0,4.35
514,260,5.0,3.33
548,1621,4.5,4.19
517,80969,4.0,4.59
19,3622,3.0,2.37
209,140956,3.5,3.95
298,60293,3.0,4.0
386,165,2.0,4.0
359,1544,3.0,3.1
28,481,3.0,3.22
596,115617,4.0,3.12
1,2353,5.0,3.91
27,367,4.0,4.0
219,2078,3.5,3.0
125,108727,4.0,4.0
220,69526,3.0,3.5
123,2329,4.5,4.19
522,79008,4.5,4.44
599,4200,2.0,2.5
318,56145,3.0,3.5
268,2324,2.0,3.0
385,282,3.0,1.0
478,33794,4.5,4.0
300,7361,5.0,3.6
140,1213,3.0,3.97
298,106489,3.5,4.5
282,2375,5.0,4.0
414,87304,4.0,4.48
217,410,3.0,2.78
603,345,3.0,3.2
125,168252,3.5,4.2
299,1198,4.0,3.9
221,1321,4.0,2.3
21,79592,3.5,3.43
294,2477,2.0,3.71
279,4886,3.0,4.26
514,592,2.5,4.6
599,2803,2.0,2.7
122,7022,4.0,5.0
600,1348,2.5,3.1
80,6874,4.5,2.73
288,2456,1.0,3.0
218,1250,4.0,4.5
414,5992,3.5,4.67
564,71535,3.5,3.12
246,65261,5.0,3.5
460,3114,4.0,4.44
99,293,5.0,5.0
603,3623,3.0,3.0
3,1263,0.5,4.0
275,2134,3.0,3.21
201,2336,4.0,4.16
368,3810,3.0,3.0
99,318,5.0,2.0
91,750,5.0,4.4
288,1290,2.0,5.0
608,2490,5.0,3.96
356,2797,4.0,4.0
18,48516,4.5,3.4
288,4443,3.0,2.65
105,541,4.0,3.91
18,2692,3.0,2.0
28,2716,1.5,3.25
288,2035,3.0,3.0
180,2959,4.5,4.75
448,3114,5.0,4.33
177,5419,2.5,3.5
562,7340,4.0,3.59
523,127052,4.0,5.0
414,103048,4.0,4.46
58,32,5.0,4.12
567,26717,0.5,3.19
483,95875,3.0,2.61
219,61246,2.0,2.88
490,35836,3.0,3.57
417,5952,5.0,3.75
414,40826,2.5,4.29
110,3268,3.0,1.39
381,3826,2.0,3.74
11,2028,5.0,3.12
326,5446,4.5,3.59
428,4886,2.0,3.16
546,158,2.0,4.43
216,2144,3.0,3.39
167,3671,3.5,4.5
472,3298,4.0,3.67
480,1690,2.0,2.0
418,116797,4.5,4.0
438,6888,1.5,2.47
57,1784,4.0,4.33
105,170705,5.0,4.1
95,6979,4.0,4.37
62,46723,3.0,3.87
140,848,4.0,4.47
580,45499,4.5,4.36
113,1043,2.0,2.64
559,6,5.0,3.53
199,377,2.0,4.0
248,122904,4.5,3.75
606,969,4.0,5.0
414,1094,3.0,3.5
482,2174,4.0,4.0
509,2657,3.5,3.75
7,4963,4.0,4.78
305,122926,4.0,3.34
586,6156,4.0,4.26
199,3671,4.5,3.24
305,1199,4.0,3.25
325,293,3.0,4.53
305,25,3.0,2.5
474,8266,2.5,3.77
91,3000,4.0,3.21
527,5040,4.0,5.0
428,6880,1.0,3.75
580,2012,3.0,3.47
57,1036,4.0,4.0
567,94959,3.5,3.5
305,103339,4.0,3.3
414,3916,4.0,3.0
105,1281,5.0,4.0
198,36,5.0,4.0
233,159817,4.0,4.7
219,60684,4.5,2.95
387,8290,1.0,3.5
19,1257,3.0,3.0
68,5266,2.0,2.93
332,85510,3.5,3.88
448,79259,2.5,1.28
534,45431,3.5,2.45
480,4018,1.5,3.0
371,56715,5.0,4.0
186,2688,4.0,3.5
387,55820,4.5,4.0
103,4306,3.5,4.42
387,969,3.0,3.39
451,141,4.0,3.0
368,3430,3.0,2.59
365,4896,2.5,3.67
182,1222,5.0,4.25
112,68954,4.0,4.0
64,2369,3.0,3.98
553,555,3.5,3.0
597,2040,4.0,2.6
219,1079,2.5,4.0
448,99106,2.5,2.68
560,45722,3.5,3.26
427,1527,3.0,4.21
491,4246,3.5,3.64
542,4369,0.5,5.0
599,2359,2.5,2.25
19,1196,4.0,4.5
182,6620,4.0,4.0
240,761,3.0,3.46
177,70159,2.5,4.0
362,1945,4.5,4.52
567,364,2.5,3.71
91,555,3.5,3.36
573,4388,4.0,3.36
202,3725,3.0,4.0
225,1219,3.0,4.0
599,97950,2.5,3.88
220,2450,0.5,4.0
100,235,1.0,4.0
68,8910,1.0,3.11
113,2671,2.0,4.65
599,82167,2.5,4.38
318,117364,4.0,4.49
522,49272,5.0,2.47
8,377,4.0,4.13
438,223,3.5,4.63
68,3160,2.0,4.0
603,156,2.0,3.5
211,89864,3.5,3.33
177,7263,3.0,3.62
212,109374,4.0,4.27
317,112556,3.0,4.11
405,1247,4.0,5.0
109,47,3.0,4.26
368,832,3.0,3.98
6,22,5.0,2.74
140,362,4.0,4.0
68,337,3.5,3.75
73,33836,3.0,4.5
393,54259,5.0,4.04
140,4234,3.0,2.51
571,2548,2.0,1.87
339,84152,4.0,4.04
117,778,3.0,2.79
103,134881,5.0,2.51
119,4344,4.0,3.36
573,112852,4.5,3.56
219,3785,2.0,3.94
28,55820,4.5,4.0
156,2752,3.0,3.0
233,59315,3.0,4.5
584,208,4.0,3.33
253,44633,4.5,3.0
182,1729,4.0,4.0
73,64957,3.5,4.33
471,78499,4.5,4.0
264,595,4.0,4.5
474,933,3.5,2.25
387,6874,4.0,1.61
411,427,1.0,3.42
288,2846,3.0,2.9
603,3160,4.0,3.0
599,26662,2.0,4.33
474,25769,4.5,4.0
370,1210,2.0,4.17
354,1035,4.0,3.92
560,1288,4.0,4.34
558,5420,5.0,4.63
584,165,5.0,3.5
7,3354,1.5,3.17
474,2670,3.0,3.47
560,62849,3.5,4.24
529,32,5.0,4.61
560,92694,4.0,1.21
418,88129,4.5,4.4
518,1276,4.5,4.37
447,445,4.0,3.07
352,93510,2.0,4.36
221,296,5.0,4.5
419,2028,5.0,2.43
141,6373,3.0,3.54
448,2142,3.0,3.0
423,480,5.0,3.67
191,1,4.0,2.0
141,2700,3.0,1.94
140,39292,3.5,3.07
433,79132,3.0,4.5
603,1279,4.0,5.0
469,2762,5.0,5.0
307,39183,3.5,2.62
1,1278,5.0,3.73
414,464,2.0,2.0
117,1027,3.0,3.63
608,2124,3.0,3.64
298,6503,1.0,4.02
208,2617,3.0,3.95
387,3334,4.0,3.66
436,420,3.0,3.5
305,64620,3.5,4.33
301,1672,4.0,3.75
599,6793,1.0,3.6
199,3063,2.0,3.25
198,2340,1.0,4.39
523,594,4.0,3.44
54,17,3.0,4.37
330,778,4.0,3.88
599,256,2.0,2.07
600,1240,3.0,3.64
18,3751,3.5,3.0
23,296,3.5,4.0
125,147142,3.0,4.9
274,2986,3.5,3.75
387,7438,4.0,4.88
298,96737,3.0,4.75
8,252,3.0,4.84
305,1234,5.0,4.5
174,349,4.0,4.0
571,1387,5.0,3.33
222,370,3.0,3.25
509,64957,2.5,1.77
219,4643,2.5,4.28
573,1225,4.5,4.86
480,4158,3.0,4.42
587,2738,4.0,4.0
597,2474,4.0,3.69
73,88140,4.5,3.36
263,2724,3.0,2.58
481,1672,2.0,4.3
62,139385,4.0,2.94
491,49286,4.5,4.18
606,4392,3.0,4.0
254,2840,3.5,2.33
428,8861,3.0,2.97
474,3258,2.5,2.5
288,3095,4.0,4.2
249,2353,4.5,3.68
462,111,5.0,4.66
606,6100,4.0,3.9
353,145,3.0,4.0
28,58803,3.0,3.6
140,648,4.0,3.9
395,316,3.0,2.5
480,5955,3.0,4.97
368,1995,2.0,2.0
474,2206,4.5,3.75
68,1476,3.0,3.6
595,1912,5.0,3.32
448,2124,3.0,2.64
18,80489,4.0,4.2
604,595,3.0,4.0
414,5524,3.0,3.5
141,1732,4.0,4.24
356,2353,3.0,3.0
331,7361,4.0,3.5
111,1907,3.5,4.25
64,1552,2.0,3.36
242,292,3.0,3.0
36,4025,2.0,4.4
424,318,3.5,5.0
66,4027,4.0,3.0
551,260,3.5,4.1
555,3448,5.0,4.0
489,736,2.5,5.0
414,1210,5.0,5.0
159,56367,5.0,4.0
599,104,2.5,3.67
84,105,3.0,3.48
176,780,4.0,3.5
17,58559,4.5,3.5
555,2091,3.0,3.32
379,527,3.0,4.5
160,198,5.0,1.27
387,5902,3.5,3.28
553,6378,4.5,3.87
558,555,3.0,2.75
217,2278,2.0,3.45
181,590,3.0,3.58
480,7147,4.5,4.5
414,1247,5.0,4.33
334,377,3.0,3.5
307,455,0.5,1.45
105,111360,3.5,2.58
249,7022,4.0,3.56
476,73,4.0,3.47
6,19,2.0,2.83
220,3751,3.5,2.95
414,2081,4.0,3.0
517,88125,3.5,3.83
395,110,4.0,4.6
42,2805,4.0,3.58
334,34405,4.0,3.5
469,3210,3.0,1.03
155,1302,3.0,3.81
480,1625,2.0,3.85
217,2384,4.0,3.0
572,2987,2.0,3.03
483,59784,4.0,3.5
368,858,5.0,5.0
481,1615,3.0,3.29
187,27846,4.0,3.9
298,84772,0.5,3.6
346,7179,2.5,2.77
425,33166,3.5,4.0
249,2117,3.5,3.74
610,54648,1.5,3.94
249,104211,3.5,2.28
534,112818,3.5,4.5
39,592,4.0,4.33
217,1882,2.0,2.56
325,3918,4.0,3.14
109,383,3.0,3.44
325,2155,4.0,4.61
57,1270,4.0,3.84
395,500,3.0,3.38
89,7297,3.5,2.13
38,435,2.0,2.33
70,72011,4.5,3.77
94,17,1.0,3.17
460,68954,4.5,4.29
6,218,2.0,3.0
567,112290,0.5,5.0
367,3793,5.0,3.5
276,135,4.0,1.43
448,3263,4.0,2.25
477,3720,4.0,4.0
379,597,3.0,4.0
25,60069,5.0,3.0
241,68157,4.5,4.6
111,8807,4.5,3.43
105,2360,4.0,4.0
562,1625,4.5,4.0
453,4014,5.0,5.0
193,307,3.5,5.0
20,783,3.5,4.0
483,1923,4.5,3.55
469,3006,3.0,4.0
122,1345,4.5,3.66
279,105504,3.0,4.0
448,148592,3.0,5.0
232,71057,3.5,3.5
64,4448,3.5,4.0
560,78772,0.5,3.1
410,1207,4.0,4.19
448,1244,4.0,3.42
89,8814,2.5,4.0
274,53125,3.5,4.0
249,37380,3.0,2.54
219,2617,3.0,3.47
380,5459,4.0,4.45
483,3257,2.5,3.65
581,6377,4.5,4.41
104,3675,3.5,4.44
437,168,2.0,3.3
79,3197,4.0,4.0
488,1957,3.0,2.92
182,1208,5.0,4.5
28,6157,1.5,3.39
68,72998,5.0,3.74
292,3564,2.0,2.02
380,1676,5.0,3.0
256,118696,3.5,3.57
232,43836,1.5,3.0
50,899,4.0,4.24
64,2746,4.0,3.35
368,2455,3.0,1.93
477,1089,4.0,4.0
307,2806,0.5,4.19
287,8937,4.0,4.25
298,7153,4.0,1.0
480,1962,5.0,4.09
350,608,3.0,4.25
63,53000,2.0,4.35
381,1036,2.0,4.5
420,4886,3.0,1.67
199,6378,3.5,4.0
343,2858,4.0,3.7
419,2710,4.0,3.16
414,7981,3.5,4.0
610,27032,4.0,3.0
474,3099,2.5,3.25
289,266,3.5,3.0
593,45722,1.0,2.96
580,3176,4.0,3.75
597,1086,5.0,5.0
271,1120,4.0,4.31
356,65126,3.0,4.0
177,104841,3.0,4.5
274,2723,3.5,3.5
84,1266,4.0,4.0
414,56908,4.0,3.56
352,2966,4.0,4.22
474,1379,2.0,3.5
608,2762,4.5,4.5
307,2907,2.0,1.41
275,3134,2.0,2.25
105,76093,5.0,4.0
509,35836,1.5,4.09
195,1358,4.0,3.57
249,30793,3.5,4.0
212,174909,4.5,3.42
567,152077,3.0,1.17
286,1061,5.0,3.0
1,596,5.0,3.54
448,134368,3.0,4.0
599,4254,0.5,2.64
38,508,3.0,2.38
387,50800,2.0,2.28
288,5388,4.0,1.39
382,135436,3.5,2.7
474,7158,4.5,4.0
156,2917,4.0,3.0
414,60069,4.5,2.72
37,231,5.0,2.75
523,5971,5.0,4.0
84,1395,3.0,4.0
596,135536,3.0,3.0
592,93,3.0,2.92
181,435,2.0,3.17
19,1391,3.0,2.17
108,4973,5.0,4.5
339,8464,4.5,4.0
232,8958,4.0,4.47
6,1006,4.0,3.81
555,1094,4.0,4.0
484,6874,4.5,4.62
462,2146,0.5,3.23
414,54736,3.5,2.53
414,68954,4.0,2.93
89,6863,1.5,4.4
198,2692,4.0,4.81
18,4262,4.0,2.53
555,1249,5.0,4.0
380,94405,3.0,3.86
455,151,3.0,3.0
186,3977,4.0,3.79
274,46965,3.0,3.33
198,2706,4.0,1.44
347,110,3.0,4.5
602,431,3.0,2.0
555,1297,3.0,3.1
234,648,4.0,3.0
474,216,1.0,3.72
583,60756,3.0,3.54
391,904,5.0,5.0
474,1030,2.0,3.0
182,901,3.5,5.0
380,3499,5.0,3.75
212,3967,3.5,4.46
610,1274,5.0,5.0
489,3633,1.5,3.0
45,4306,5.0,4.5
160,2531,1.0,1.0
391,5152,1.0,3.42
103,34,4.0,3.73
202,1276,4.0,4.0
474,38886,4.0,3.21
450,3568,4.0,2.0
113,932,5.0,4.82
387,29,3.5,2.77
111,59725,2.5,3.49
81,318,3.0,4.67
47,1088,4.0,3.64
599,26629,2.0,3.0
480,7360,1.0,4.5
368,3063,2.0,4.28
61,3949,4.5,4.3
6,292,4.0,3.0
139,5481,1.0,1.32
288,1873,3.0,3.51
414,166024,4.5,3.39
469,2716,4.0,2.63
489,2803,3.0,3.5
597,919,4.0,3.84
197,2793,3.0,3.81
581,318,5.0,5.0
309,7153,4.5,3.42
263,1639,4.0,3.45
552,3593,1.0,1.11
453,1921,4.0,4.05
387,2183,4.0,2.88
591,3238,1.0,3.73
423,1304,4.0,4.01
479,533,2.0,3.8
274,7894,3.5,3.58
564,108156,4.0,1.61
489,141,3.5,3.0
483,66097,4.5,3.59
608,4226,4.5,4.8
354,33679,3.5,2.28
307,2052,3.0,1.52
18,88129,3.0,4.0
372,628,4.0,4.54
480,3717,3.0,3.17
182,2691,4.5,3.9
414,1957,3.0,4.19
177,5957,4.0,3.46
251,1089,5.0,4.0
414,4994,4.0,4.5
480,3977,1.5,2.5
534,1676,4.0,3.85
420,3159,4.0,3.13
1,2115,5.0,4.73
590,594,5.0,4.0
448,260,5.0,5.0
489,33794,3.5,3.17
356,3186,4.0,3.46
482,3273,3.5,3.42
132,1732,2.5,4.0
555,2391,3.0,3.0
608,6595,4.0,3.24
316,8622,3.0,3.5
249,1320,3.0,3.38
135,466,3.0,4.92
263,6708,3.0,4.0
111,5528,3.0,3.5
604,188,3.0,3.78
47,590,3.5,4.84
368,1479,3.0,2.66
600,5952,5.0,4.0
68,2054,1.0,3.35
182,4720,4.5,2.5
414,51935,3.5,4.3
587,1614,4.0,4.04
482,6810,1.0,4.5
474,45722,3.5,4.17
42,785,3.0,5.0
567,78499,2.0,4.5
608,1653,5.0,3.5
356,38886,4.0,3.88
474,3816,4.0,4.21
328,8665,3.5,4.06
266,2384,1.0,3.69
514,1327,2.0,3.75
307,413,2.5,3.17
599,3830,2.5,2.46
187,4993,4.5,4.63
380,85796,3.0,4.0
480,485,2.0,3.91
221,912,5.0,4.84
600,2683,2.5,3.22
585,3246,4.0,3.46
49,109487,4.5,3.12
599,27032,3.0,3.0
603,3819,4.0,4.0
525,70862,3.0,2.44
28,1136,3.5,3.67
414,53125,2.0,3.67
571,2553,2.0,2.0
305,122916,4.5,3.27
419,6502,3.5,3.75
412,2396,5.0,4.0
554,2995,1.0,4.15
390,308,5.0,4.75
580,2686,3.5,4.83
182,1090,5.0,4.98
599,7143,4.0,3.17
274,2501,2.5,4.48
370,5378,1.0,3.39
381,8622,4.0,3.54
318,64614,4.0,3.09
182,3925,5.0,3.85
50,78499,2.0,3.83
590,3034,3.5,4.0
502,1777,0.5,3.05
473,2300,2.5,3.81
318,77455,4.5,3.58
288,380,3.0,2.5
489,4054,1.0,4.85
135,260,4.0,3.75
428,4022,2.0,2.75
414,60684,3.5,4.31
221,2987,3.5,4.89
452,1197,5.0,5.0
596,2424,2.5,4.69
21,45447,3.5,3.24
592,595,5.0,3.25
608,2140,3.0,2.75
160,1034,1.0,2.5
288,42418,4.0,3.59
298,27156,4.0,4.26
222,1917,2.5,3.88
68,223,1.0,3.29
99,420,2.0,3.33
386,333,3.0,2.99
372,428,3.0,4.63
567,157296,1.5,3.5
256,4344,4.0,3.99
298,741,3.5,1.5
276,780,5.0,3.92
89,915,2.0,3.41
380,585,2.0,2.8
599,203,2.5,3.22
474,8521,3.5,3.55
143,7173,1.0,4.6
231,1198,4.0,4.32
202,1249,4.0,4.0
489,8961,3.5,4.0
96,1610,4.0,4.25
517,7361,1.5,4.0
318,103384,3.5,4.94
18,1276,4.0,3.72
160,2340,1.0,2.2
474,34271,3.5,4.0
200,1028,3.0,3.74
448,3039,4.0,4.0
50,100498,1.0,3.45
292,59369,3.5,4.0
522,1214,5.0,3.5
274,8836,4.0,2.79
111,1197,3.5,4.5
89,107951,5.0,4.25
509,2700,3.5,2.03
111,6287,3.5,3.78
226,8984,2.5,2.62
274,2700,4.0,3.17
314,31,3.0,3.4
555,2405,3.0,3.0
512,300,4.0,2.98
599,2474,3.0,2.83
89,164707,4.0,2.31
199,1136,5.0,5.0
383,2436,5.0,3.9
281,428,3.5,3.2
275,5218,2.0,4.0
53,1298,5.0,4.87
339,4369,3.0,4.46
599,1465,2.0,3.25
577,1019,4.0,3.45
599,4103,3.0,2.97
599,1197,3.5,3.67
18,67255,4.5,4.02
301,4995,4.5,2.37
182,2720,0.5,1.6
151,1432,4.0,3.78
448,106839,3.5,1.59
551,8368,4.0,3.73
357,79008,4.0,3.94
181,349,4.0,4.0
352,41569,3.5,2.22
414,40815,3.5,4.33
500,543,4.0,1.81
448,79242,3.0,1.51
294,348,2.0,2.55
368,2527,3.0,2.16
290,3634,4.0,3.5
275,2330,5.0,4.37
525,40629,4.5,1.25
610,6503,1.5,4.76
177,2316,4.5,3.78
222,6763,2.0,2.04
160,5219,2.0,4.0
41,30812,4.0,3.0
382,69844,4.5,4.52
209,5952,5.0,3.75
442,3363,1.5,4.27
198,1198,4.0,4.5
211,33166,5.0,4.0
219,6618,3.5,3.8
352,3354,3.5,4.03
27,3751,3.0,2.84
298,62434,1.5,3.1
310,1223,5.0,4.5
451,25,5.0,3.0
514,440,4.0,3.0
555,2411,3.0,2.25
226,5445,3.0,4.1
149,172,3.0,1.49
184,175485,1.5,0.6
68,3471,1.5,2.64
331,318,5.0,4.5
567,139385,3.0,3.01
517,1961,3.5,4.0
179,1061,4.0,3.33
39,3328,5.0,2.27
328,4223,2.5,4.21
488,838,5.0,3.0
387,33896,3.5,3.79
313,2530,5.0,4.0
522,2997,4.5,4.14
357,1393,4.5,4.62
608,2052,1.0,2.67
489,2253,3.0,3.17
610,7369,2.5,3.58
288,1674,4.0,3.0
221,162,4.5,3.6
329,318,2.0,4.75
585,55765,5.0,3.5
380,5952,5.0,4.0
213,912,3.5,4.39
400,1197,4.5,4.75
72,2136,2.5,3.0
69,3793,4.0,4.31
182,5388,3.0,3.86
12,4018,4.5,4.0
448,6377,3.5,3.7
365,86911,3.5,2.63
19,1489,2.0,3.6
600,225,2.0,2.75
610,4721,1.0,3.86
292,3745,3.0,2.0
490,6539,3.0,2.5
489,248,3.5,3.5
330,48738,5.0,4.53
332,46578,4.0,4.2
154,98243,5.0,4.5
200,165,4.0,3.7
288,3244,3.0,3.51
489,1801,3.0,4.07
36,3798,3.0,4.55
6,225,4.0,3.19
608,5945,3.0,2.59
1,2529,5.0,3.74
357,5669,2.5,4.46
325,1238,4.0,3.11
559,420,3.0,3.93
249,92008,3.0,3.74
222,68157,4.5,4.25
265,1356,4.0,3.75
606,7438,4.5,4.47
557,344,4.0,3.85
105,2028,5.0,4.0
298,4020,1.0,2.25
274,7004,3.5,3.3
469,903,5.0,4.92
140,1704,4.0,3.38
474,4929,2.0,3.67
448,3450,4.0,3.14
279,5418,3.5,4.33
448,53125,2.0,3.9
560,5613,4.0,4.0
274,78266,3.5,3.5
429,222,4.0,4.0
590,55820,4.0,3.96
380,3037,4.5,3.86
401,78499,3.5,5.0
474,1042,4.5,4.33
552,5464,3.0,3.01
542,8958,5.0,3.66
579,2018,3.0,4.23
489,784,0.5,3.47
249,7007,4.0,3.33
310,6947,4.0,4.0
509,26662,3.5,4.0
365,60756,3.5,3.17
517,82459,1.0,4.5
358,2144,3.0,4.49
414,2320,2.5,5.0
105,2076,4.0,4.0
572,2433,3.0,3.0
387,6662,4.0,3.5
270,637,2.0,3.48
608,1059,3.0,3.5
543,1580,5.0,3.54
600,2325,3.5,3.5
339,69406,4.0,4.33
448,3386,3.0,2.0
19,13,3.0,3.33
275,3910,5.0,4.2
210,56174,2.5,3.62
161,2080,3.5,4.9
561,106002,2.5,2.22
380,2353,3.0,4.58
110,5459,2.5,3.81
93,329,5.0,3.1
318,1120,3.5,2.02
111,104644,0.5,3.8
286,377,4.0,4.0
373,367,1.0,4.25
359,2942,3.5,3.91
514,1302,5.0,3.78
553,2959,5.0,4.5
491,7451,4.0,1.6
140,1196,3.0,3.2
105,2571,4.0,5.0
477,6794,0.5,3.16
482,8961,5.0,3.83
104,55052,4.0,3.28
453,2712,3.0,4.0
484,4759,4.0,2.59
238,2067,5.0,2.34
317,88129,4.0,3.69
111,1805,3.0,4.0
380,1388,4.0,3.83
561,79132,3.5,3.5
577,2076,3.0,2.55
244,1270,5.0,4.11
18,1212,4.5,4.5
62,50804,5.0,1.9
509,87529,3.0,2.52
279,110501,3.0,3.81
534,69278,3.5,4.19
307,1089,4.0,2.0
600,1217,4.0,3.25
15,112556,4.5,4.31
248,135133,3.5,4.02
387,2259,2.5,3.0
12,3967,4.5,4.25
183,1582,3.0,4.0
10,92259,5.0,3.7
414,1479,3.0,4.0
365,56174,3.5,3.78
546,2792,3.0,4.07
20,5618,5.0,3.5
233,5952,4.0,4.0
263,30812,4.0,3.11
288,1748,4.0,2.35
414,49272,4.0,2.38
305,54259,4.0,4.2
232,8937,3.5,2.28
288,595,4.0,4.0
287,6552,2.5,0.92
475,111362,4.5,3.82
249,72011,4.0,3.8
506,80549,4.0,3.93
62,27831,4.5,3.61
603,4589,1.0,2.5
414,7364,4.0,3.0
73,6936,5.0,3.09
298,134170,4.0,3.01
199,111,3.0,3.75
382,81847,4.5,4.0
339,760,4.5,3.26
511,139385,5.0,4.72
266,1374,3.0,4.0
68,1625,2.0,4.12
56,480,5.0,5.0
223,4226,4.0,3.4
249,2717,3.5,3.69
343,3000,3.0,4.45
401,5218,3.5,3.43
474,40946,2.5,3.5
606,53127,3.5,2.24
409,1952,5.0,4.0
91,3785,4.5,4.99
106,85414,3.0,3.31
608,1291,4.0,4.0
156,1965,4.0,4.33
489,590,4.0,3.5
448,952,4.5,4.0
587,1371,4.0,4.0
129,2571,4.5,3.18
105,7458,3.5,3.77
306,53322,3.0,2.91
288,919,3.5,3.8
226,5464,4.0,3.0
127,68954,0.5,4.0
329,1206,0.5,4.25
239,318,5.0,3.74
45,5630,5.0,3.14
18,7438,3.5,2.25
143,106696,4.0,2.85
179,3,4.0,4.0
474,25937,3.5,3.3
492,788,5.0,5.0
597,2145,4.0,4.5
499,38304,4.5,4.58
232,4990,3.0,3.03
523,102407,5.0,3.27
593,41,4.0,4.25
246,4956,5.0,4.5
448,91126,3.5,3.04
14,288,4.0,4.0
274,3916,3.5,3.5
18,55276,4.0,2.5
610,112,4.0,4.92
561,2403,4.5,3.5
91,3578,3.5,3.0
365,86644,1.0,4.02
111,3821,1.5,2.46
605,2622,3.0,3.32
100,4041,5.0,3.58
381,5971,4.0,3.36
586,3448,4.0,4.0
50,105250,3.5,2.22
274,332,2.5,3.58
610,83613,3.0,3.5
226,362,3.5,2.52
599,96004,4.5,3.26
101,2541,3.0,4.43
406,46972,4.0,3.88
414,61406,4.0,2.56
242,236,3.0,3.41
33,1923,5.0,3.41
160,1127,2.0,3.8
249,6593,3.5,3.5
448,118702,2.5,2.79
59,913,5.0,5.0
480,110,5.0,3.25
589,780,5.0,4.28
352,34319,3.0,3.0
572,21,5.0,4.0
474,616,3.5,3.0
28,30812,3.0,3.42
112,253,4.5,3.0
182,1262,4.5,4.5
289,1208,4.0,4.34
380,47124,3.0,3.7
474,249,4.0,4.0
534,76293,4.0,3.78
204,68157,5.0,4.3
274,3253,3.5,3.0
562,1921,3.5,3.56
322,47629,4.0,2.89
89,141646,3.5,4.57
603,2972,5.0,4.0
462,4973,1.5,3.5
17,5782,4.0,4.0
419,1412,3.5,4.0
387,2529,4.0,4.15
171,47,5.0,3.79
219,1702,1.5,4.0
599,2311,2.5,4.0
562,1214,4.5,4.32
160,1981,1.0,2.6
140,866,4.0,4.25
249,5349,4.0,2.08
599,3702,3.5,4.0
560,2012,2.5,3.52
414,2598,2.0,4.0
387,27317,3.5,4.94
68,4041,2.5,3.0
313,163,3.0,3.0
288,539,3.0,3.63
606,308,4.0,4.5
274,27773,3.5,2.72
1,1927,5.0,3.09
292,377,3.5,2.09
474,30707,4.0,4.21
594,4517,0.5,2.36
297,2952,4.0,2.38
606,1963,4.5,4.0
298,8368,3.0,3.83
365,3421,3.0,3.0
275,2324,5.0,4.5
560,27904,3.0,2.96
20,1566,4.5,3.76
221,456,4.5,3.33
599,1994,2.5,1.75
50,969,3.5,4.71
219,6157,1.5,3.83
554,2324,5.0,3.3
42,3617,4.0,3.8
404,208,4.0,3.88
68,5312,2.5,3.87
448,3253,4.5,4.0
606,1079,4.0,3.24
330,344,0.5,2.16
241,115569,4.5,5.0
600,596,2.5,3.25
610,55830,3.5,4.5
107,266,4.0,3.11
593,364,3.5,5.0
325,3328,4.0,4.35
332,1200,4.0,3.16
368,3555,3.0,2.54
89,124404,5.0,4.39
402,762,3.0,2.0
140,4027,2.0,3.75
227,116797,4.5,3.0
119,68319,4.0,0.96
573,293,5.0,4.08
599,59387,3.0,3.17
599,54881,3.0,2.8
260,2413,4.5,3.25
477,4370,3.5,4.79
425,4967,4.0,4.0
219,1429,3.0,3.5
382,46865,1.0,4.02
239,44665,5.0,4.0
239,33794,4.5,3.62
352,107406,4.5,1.75
608,1862,2.5,3.33
524,153,3.0,5.0
469,2550,5.0,3.8
64,2916,3.0,3.5
249,104374,4.5,3.96
132,6874,4.5,4.25
74,3006,4.0,4.0
381,8972,3.5,3.75
59,2160,5.0,3.53
424,2502,4.5,3.83
563,56941,3.0,3.5
68,2423,4.0,3.54
317,1247,5.0,3.18
534,59784,4.0,3.96
438,6534,3.0,3.7
279,1676,3.0,4.21
200,1029,3.5,3.62
599,47725,3.0,3.5
362,56145,4.5,3.84
474,748,3.5,4.61
472,318,5.0,5.0
580,4370,3.0,3.74
445,541,4.0,3.5
111,45672,3.0,3.0
594,3616,4.5,2.94
271,5508,4.0,2.66
77,5378,5.0,3.42
427,5378,3.5,3.5
555,2007,5.0,3.5
373,480,4.0,4.0
474,4874,2.5,2.88
570,3481,3.5,1.99
385,594,3.0,3.0
264,2571,4.5,4.5
216,1288,5.0,3.04
325,4956,5.0,2.05
480,3996,4.0,4.5
580,34,2.5,3.8
574,47,5.0,5.0
563,2052,4.0,4.09
66,1201,5.0,4.92
104,733,3.0,2.93
298,97306,3.0,3.61
282,1213,4.5,4.82
483,5541,3.5,1.87
479,2701,1.0,3.25
274,31878,3.0,4.33
590,6987,3.5,4.86
267,4011,5.0,3.62
22,31658,2.5,4.5
387,1529,2.5,3.7
593,5378,1.5,3.0
432,48516,2.5,5.0
219,44761,4.5,2.63
154,73321,2.5,3.29
288,7254,3.5,3.0
165,5485,3.0,3.67
199,1797,3.0,3.35
232,67267,4.0,3.5
7,2701,1.5,4.79
380,2498,3.0,2.83
275,3361,3.0,4.0
90,1144,4.0,3.0
190,318,4.0,4.0
312,3702,4.0,4.0
155,2384,2.0,4.25
580,7001,2.5,3.59
447,474,5.0,4.0
200,7361,4.5,4.2
600,6003,3.0,2.62
352,117529,3.0,3.9
226,8360,4.0,2.33
607,3034,2.0,3.4
232,1911,3.0,4.15
587,2002,4.0,4.0
480,47644,3.5,4.0
328,1270,4.0,4.0
292,3916,4.0,2.44
19,2700,4.0,3.75
226,1884,3.5,1.66
405,4239,4.0,4.43
171,317,4.0,5.0
567,122920,2.5,3.5
469,2456,3.0,3.0
479,1320,3.0,2.69
483,1059,4.0,4.43
459,177765,5.0,2.34
430,3754,3.0,0.5
73,4447,3.5,4.0
287,532,2.5,4.0
288,3345,3.0,3.63
14,383,4.0,3.91
119,1732,4.0,4.81
10,82167,3.5,3.34
292,63859,4.0,3.0
307,4477,4.0,2.18
63,50,5.0,3.24
182,150,2.5,3.0
162,318,5.0,4.76
244,648,4.0,3.0
350,65,3.0,3.29
45,185,3.0,3.67
100,1277,4.0,4.64
89,149350,5.0,1.61
387,5255,1.5,2.49
166,1,5.0,3.57
448,132462,1.0,2.41
454,3949,4.0,4.0
448,3689,3.0,4.0
414,4448,4.0,3.0
387,6645,3.5,3.73
328,128360,3.0,3.72
599,3053,3.0,2.25
63,96079,3.5,4.5
339,4056,4.5,2.47
486,150,5.0,4.5
412,1073,1.0,4.5
308,44555,1.5,4.0
354,750,3.0,4.43
42,3450,5.0,3.5
606,4085,2.5,2.22
597,1231,5.0,5.0
460,51255,4.5,3.75
31,1099,2.0,3.29
414,46530,4.0,3.5
606,903,4.0,4.75
108,4992,4.0,3.0
232,49530,4.0,3.93
279,3753,3.0,4.09
277,95,3.0,2.95
232,1917,4.5,2.66
280,6377,4.5,4.5
317,293,5.0,3.75
210,296,0.5,4.12
495,35836,5.0,3.57
212,5971,4.0,3.97
91,7360,5.0,4.77
114,81834,3.0,4.22
502,520,5.0,4.0
525,750,3.5,4.07
322,1721,1.0,3.59
414,923,5.0,4.8
562,6975,3.5,3.22
380,7573,3.0,3.27
589,350,3.0,2.5
117,47,4.0,3.25
587,1270,5.0,4.5
489,59725,2.5,1.75
448,107,4.0,3.85
283,1210,4.0,4.5
477,2208,4.0,3.83
264,1028,5.0,2.4
452,2160,5.0,4.52
607,316,3.0,3.0
225,3264,3.0,3.12
602,597,2.0,3.49
288,1357,3.5,4.42
438,802,3.5,3.22
369,48082,3.5,3.46
104,6367,4.0,4.5
89,73015,1.5,2.67
542,5502,1.0,4.56
201,592,3.0,5.0
153,106920,4.0,1.21
586,117851,5.0,3.14
17,1358,3.0,3.75
88,5995,4.5,3.56
370,6874,4.0,3.68
187,6711,4.5,4.0
610,149011,3.5,4.55
309,1276,4.0,3.75
415,2291,4.0,4.0
438,8640,3.0,3.5
23,7932,3.0,3.5
43,349,3.0,4.0
201,2094,4.0,3.52
563,588,4.0,4.2
570,1265,4.0,1.59
608,5464,4.0,3.02
352,4025,3.0,3.79
599,4014,2.5,2.0
603,2875,3.0,3.0
391,3683,5.0,4.0
305,61024,3.0,3.65
89,3022,2.0,4.28
294,1731,1.0,4.55
15,111759,4.5,4.12
438,32,4.0,4.0
561,69526,1.0,1.21
555,2506,5.0,3.42
292,1097,4.5,2.48
294,2170,1.0,3.0
234,3274,5.0,4.94
153,180095,4.0,3.81
57,1291,4.0,4.46
232,34072,3.0,3.97
98,56775,4.0,3.55
325,3158,4.0,4.0
600,919,3.0,3.0
274,1089,4.5,4.5
294,2405,1.0,2.24
599,2232,2.0,4.64
61,2710,3.5,3.34
50,4928,4.0,3.37
298,4886,3.0,3.0
304,314,4.0,3.06
4,2019,2.0,0.88
42,195,3.0,3.47
452,1079,5.0,4.56
42,2568,4.0,3.6
434,1036,4.5,4.31
590,19,2.0,3.75
239,46976,4.5,2.65
307,539,2.0,3.57
274,590,4.0,3.25
19,2428,3.0,1.84
587,1376,4.0,4.25
6,524,3.0,3.85
474,1340,3.5,4.5
249,51086,3.5,2.5
514,26242,3.0,2.65
381,316,3.5,4.25
438,1036,4.0,4.31
466,46578,4.5,4.63
182,3006,3.0,3.33
523,95167,4.5,3.46
305,140956,4.5,3.45
132,8638,4.0,2.78
152,2329,5.0,3.0
288,1965,4.5,3.82
229,1,5.0,2.5
169,6709,3.0,4.7
362,2291,4.0,4.0
45,2006,5.0,3.0
590,1247,4.0,3.7
414,150548,4.0,3.3
590,912,5.0,4.5
527,1994,4.0,4.59
555,1994,4.0,2.0
177,8368,3.5,3.12
41,6539,3.0,5.0
111,170937,3.0,2.32
182,2528,2.5,4.32
387,2993,3.5,3.5
326,40819,5.0,3.5
178,44195,5.0,4.37
509,6093,2.5,3.73
438,30816,3.0,3.0
474,41527,4.0,4.74
432,72641,3.5,4.38
19,1346,2.0,2.0
125,79702,4.0,4.68
287,3948,2.0,4.25
47,101525,3.5,3.0
517,4306,4.0,3.67
593,1968,1.5,3.77
489,5791,3.0,3.92
304,2605,4.0,2.57
452,780,5.0,3.0
80,72998,4.0,3.55
188,904,5.0,5.0
292,1221,4.0,4.5
68,50685,4.5,3.68
376,2716,4.5,4.07
566,253,5.0,3.75
596,122882,5.0,4.17
599,70286,3.0,4.5
143,54503,1.0,3.2
256,88744,4.0,4.36
508,898,2.0,3.72
474,3994,4.5,3.75
177,106487,4.0,3.83
390,3174,4.0,2.38
561,59315,3.5,3.17
28,3681,3.5,4.0
76,52281,3.5,2.72
469,1237,4.0,5.0
328,1252,2.0,2.63
19,356,2.0,4.0
318,2674,3.0,4.0
206,800,5.0,2.98
474,3152,4.0,3.4
288,3483,2.0,3.0
381,4002,4.0,3.93
410,2133,4.0,4.47
84,4,3.0,3.31
105,91542,4.0,4.0
599,2383,0.5,1.5
86,95510,4.5,4.0
182,7254,4.0,3.65
365,1961,1.5,3.14
99,413,3.0,4.0
31,1200,3.0,3.16
387,2530,3.5,4.24
125,99007,4.5,2.84
266,785,4.0,4.0
368,2027,2.0,4.63
520,7036,5.0,2.14
122,1247,5.0,2.74
495,3979,3.0,2.0
217,1792,3.0,3.24
555,748,2.0,3.52
599,58306,2.5,3.26
232,33794,4.5,3.94
386,383,4.0,3.0
102,236,3.0,3.24
199,4848,3.0,4.36
156,587,3.0,2.44
586,135436,4.5,1.52
479,5651,3.0,3.0
517,277,5.0,1.13
151,1265,5.0,4.15
132,1125,3.0,3.91
305,5010,4.5,3.5
448,88140,3.0,3.19
127,1962,3.0,4.47
474,6984,4.0,4.17
380,5991,4.0,4.0
477,1945,4.0,2.25
318,64716,3.5,4.5
68,5582,4.0,4.0
464,593,5.0,4.45
153,2617,0.5,2.28
474,1946,3.5,4.5
82,5094,2.0,3.29
561,6947,4.0,3.0
103,8636,3.0,3.54
288,33166,4.0,3.12
365,70286,2.0,4.44
14,434,4.0,2.7
344,5010,2.0,4.5
281,3911,3.5,5.0
303,1374,5.0,5.0
474,6785,4.5,3.14
307,553,4.5,3.0
4,4246,4.0,2.2
286,1080,4.0,5.0
391,5537,5.0,2.43
603,908,4.0,4.17
610,134368,4.0,3.96
105,112552,4.0,4.29
317,3949,4.0,3.25
400,1213,4.5,4.75
600,1007,3.0,2.0
438,6764,3.5,2.0
269,5,3.0,4.0
325,1845,4.0,3.81
200,7458,4.0,3.9
474,2502,4.0,3.75
438,5563,2.0,3.82
599,5669,4.5,2.75
434,3107,3.5,4.17
522,1200,4.5,4.25
8,235,3.0,3.0
137,4963,2.5,3.69
21,2006,2.5,3.2
414,533,2.0,2.89
509,6942,4.0,4.25
178,1265,4.5,4.5
410,904,5.0,5.0
387,3088,3.0,4.24
483,6942,3.5,4.09
288,1240,3.0,4.0
178,7153,4.5,2.91
330,587,3.5,3.25
387,3204,3.5,4.24
4,4021,4.0,3.26
294,2064,4.0,2.69
387,39381,4.0,3.2
594,1407,0.5,3.2
483,6863,4.0,4.0
19,2683,3.0,2.5
386,329,3.0,2.5
520,2393,3.5,3.0
307,3392,1.0,1.0
374,349,3.0,3.44
122,96728,5.0,4.56
239,2916,3.0,3.82
608,2081,0.5,2.0
57,942,4.0,4.0
68,4299,4.0,3.07
498,208,3.0,3.09
177,31696,2.5,3.81
387,39414,3.0,3.0
105,96373,4.5,3.58
68,37729,2.5,3.0
389,25,4.0,4.0
590,1391,2.5,3.0
249,367,4.0,3.78
525,107,3.5,3.0
514,2289,2.0,4.24
603,778,2.0,3.91
420,47997,3.5,3.91
148,40815,4.0,4.24
415,63082,4.5,4.0
313,1197,3.0,4.5
105,64716,4.0,4.07
567,103335,0.5,2.83
219,33794,4.5,3.83
307,596,2.5,3.0
448,109295,2.0,2.47
414,6294,2.0,2.5
464,60832,4.0,4.24
66,3037,5.0,3.67
232,6942,3.5,3.5
372,1197,4.0,4.5
232,50794,3.0,1.62
365,59022,2.5,1.72
387,45447,3.0,3.0
122,480,4.0,3.38
136,350,5.0,3.89
140,1641,1.0,4.29
453,1457,3.0,2.0
265,1962,4.0,4.16
151,102,4.0,4.43
288,55768,3.0,4.5
384,2268,4.0,3.61
487,4638,2.0,3.32
354,597,3.5,4.0
111,61132,3.5,2.76
202,1312,2.0,5.0
125,54190,5.0,4.0
414,487,2.0,3.27
305,4878,5.0,3.64
414,5956,4.0,2.5
177,900,3.0,5.0
58,342,5.0,1.59
84,948,4.0,3.95
398,2763,4.0,4.01
111,5481,3.5,3.06
74,5791,4.0,4.11
256,3980,5.0,3.5
419,1917,5.0,3.06
288,5065,3.0,1.82
414,1033,3.0,4.33
304,1259,5.0,4.5
330,50,5.0,3.5
226,1007,3.5,2.11
313,4180,5.0,1.66
332,91974,3.5,4.0
219,4299,2.0,4.74
157,3617,3.0,3.53
288,1957,4.0,3.25
19,881,1.0,1.0
288,1616,3.0,4.3
606,5956,4.0,4.0
227,54286,4.5,4.0
474,50274,3.0,3.67
91,3563,3.0,3.73
191,95,3.0,4.12
239,595,3.0,3.0
606,2245,4.0,3.56
274,55721,4.5,4.13
571,12,1.0,3.5
593,588,3.5,4.75
444,480,3.0,3.67
474,7323,4.0,3.5
599,6330,2.5,3.36
63,91630,4.0,3.49
247,3114,4.5,3.75
263,6711,4.5,4.0
527,2565,4.0,4.56
145,208,3.0,3.67
352,130634,1.0,3.24
68,247,2.5,3.75
160,6591,5.0,4.36
600,5096,1.5,1.0
482,474,3.5,3.56
119,130520,3.5,4.49
380,5266,3.0,3.26
135,1892,4.0,4.91
330,150,3.0,3.25
593,339,2.0,4.5
219,45666,1.0,2.99
119,2329,4.0,3.0
182,5812,3.5,3.63
88,1994,3.5,3.92
122,288,5.0,4.0
484,1307,3.5,3.7
104,4886,4.0,3.5
469,357,3.0,4.4
473,2596,4.0,2.75
503,93831,1.5,4.0
68,2174,2.5,3.5
432,64839,4.0,4.44
298,5941,2.0,1.4
61,1090,4.0,4.68
210,5378,5.0,3.76
52,1923,5.0,3.0
298,87306,3.0,3.33
260,128,3.0,2.43
179,113,3.0,4.07
103,3174,4.5,4.0
187,48394,4.0,4.0
448,3671,5.0,3.96
448,43871,1.5,2.76
594,7883,0.5,2.91
377,1269,4.5,4.63
266,1259,4.0,4.31
19,3248,2.0,3.0
445,64614,4.5,4.0
387,3000,4.0,4.2
426,6373,3.5,4.57
252,8961,4.5,4.33
610,6373,3.5,4.5
10,8665,3.5,1.83
489,2115,4.0,4.0
469,1240,4.0,5.0
448,3020,4.0,3.25
298,7325,2.5,1.87
580,54286,5.0,3.05
141,2694,3.0,2.14
570,1270,4.0,3.56
551,96079,4.5,3.0
579,3408,5.0,3.24
66,3499,4.0,4.59
292,1278,4.0,2.5
438,5956,0.5,3.3
356,2144,3.5,4.4
318,106648,3.0,4.98
455,364,3.0,5.0
260,903,4.5,4.03
480,2011,4.0,2.5
599,161008,2.5,1.68
474,5670,3.0,4.03
85,515,4.0,3.95
306,168250,3.0,4.19
459,68954,5.0,4.18
412,933,5.0,4.0
599,4662,3.0,2.5
305,44555,5.0,4.75
186,377,4.0,2.67
307,26686,1.0,4.23
428,1676,3.5,3.5
217,1171,3.0,4.0
368,3162,3.0,4.41
103,88810,3.5,3.71
275,3163,5.0,2.6
462,597,1.5,4.47
219,3210,3.5,4.17
255,1194,5.0,4.0
260,1073,4.0,5.0
474,2291,4.5,3.75
140,3189,4.0,3.22
414,4780,2.0,2.83
24,733,3.0,2.67
534,2004,4.5,4.0
579,2028,3.0,4.87
318,84152,3.5,3.0
18,159093,3.5,3.77
274,3786,3.5,4.0
68,1049,3.5,3.7
351,2959,4.0,5.0
602,231,2.0,4.37
380,2394,5.0,3.43
380,7367,3.0,3.0
177,6385,3.0,3.43
445,7153,5.0,4.83
266,1911,1.0,3.68
222,6793,1.5,4.72
469,2406,3.0,4.0
560,6541,3.0,3.92
601,177765,4.5,3.7
438,353,4.0,3.33
479,3270,4.0,2.93
438,1408,5.0,3.0
610,87869,3.5,3.57
330,509,3.0,4.91
4,4273,4.0,1.44
534,1291,4.5,4.7
21,164909,3.5,2.79
267,29,4.0,4.85
1,2078,5.0,2.47
219,260,5.0,5.0
600,3499,3.5,2.66
292,344,2.0,2.49
285,912,5.0,3.75
474,2959,4.0,4.0
251,2959,5.0,5.0
222,104303,1.5,2.06
104,5618,4.0,4.0
514,1200,5.0,5.0
232,7373,3.5,3.72
245,3196,3.0,4.64
296,33493,1.0,2.08
280,86817,4.0,3.33
427,5459,2.0,1.8
219,30707,2.5,3.38
237,48385,3.5,3.28
288,1320,2.0,1.75
470,527,5.0,4.25
169,440,4.0,1.83
393,8984,5.0,2.49
480,3362,4.0,4.0
353,434,3.0,2.33
265,2455,2.0,4.47
96,1942,5.0,4.17
596,40870,3.5,3.1
579,3082,4.0,4.5
348,296,5.0,3.83
454,2160,4.5,4.44
274,1713,2.5,3.34
382,104076,2.0,3.0
434,68358,3.0,4.5
233,3147,4.0,4.44
587,440,4.0,4.0
33,2539,4.0,3.43
381,3949,5.0,3.0
184,114935,4.5,4.0
480,4016,2.5,2.5
182,3955,1.0,3.17
372,1358,3.0,4.69
171,1225,4.0,4.5
580,25850,0.5,1.8
10,597,3.5,3.0
156,4784,3.0,2.63
594,5364,4.5,1.74
115,1387,5.0,4.13
474,1413,4.5,3.2
318,32657,4.5,3.5
599,2144,3.0,3.75
182,7934,4.0,4.5
119,5989,4.5,4.5
104,56949,3.5,2.54
509,33779,4.0,4.43
18,106489,3.5,3.47
241,106696,4.0,3.98
220,316,2.0,2.9
19,1378,3.0,2.5
360,1617,5.0,4.67
387,520,3.5,1.23
314,141,3.0,3.5
362,4993,5.0,2.75
64,7445,3.5,4.0
534,86332,3.5,3.16
8,357,5.0,3.0
68,4489,2.5,3.99
66,2470,4.0,3.0
91,2144,2.0,2.76
151,736,4.0,2.28
380,60069,5.0,4.88
380,6014,2.0,2.37
260,1094,2.5,3.09
404,193,3.0,3.3
448,5414,2.0,2.5
129,5159,4.0,2.83
22,4903,4.0,3.52
177,3101,3.5,4.14
145,300,3.0,4.0
562,3448,4.0,3.55
510,1198,4.0,4.5
122,5810,4.5,3.19
103,55247,5.0,4.82
266,608,5.0,4.0
200,4993,4.0,2.29
328,1036,1.0,4.86
202,2147,3.0,3.0
522,34405,4.0,4.51
43,661,5.0,3.43
111,170813,4.0,4.0
509,51834,4.0,3.27
111,135861,2.0,3.03
222,91628,1.5,4.0
274,55765,4.0,3.91
303,1270,3.5,5.0
137,110,4.0,5.0
254,47629,2.0,3.77
318,1584,4.5,3.96
305,27801,4.5,3.62
57,457,5.0,4.17
608,593,4.0,3.5
68,2485,3.5,4.31
382,45208,2.0,4.0
184,171763,4.5,4.57
201,2248,5.0,3.17
35,266,2.0,4.4
104,588,4.0,4.0
448,2916,3.0,4.0
68,1387,3.5,4.56
122,101142,4.5,3.82
553,2571,3.5,4.75
573,2115,5.0,3.43
184,168090,4.0,4.16
560,57368,4.5,3.0
7,8865,1.0,4.25
64,2394,3.5,4.6
169,3882,3.5,2.75
288,1373,2.5,2.67
357,1956,4.0,4.37
580,3267,4.0,4.15
365,3996,1.0,3.69
438,589,5.0,3.5
226,5107,2.5,4.6
594,2432,4.5,3.12
303,6303,4.0,2.15
555,1320,5.0,3.13
537,95067,3.0,2.24
105,3742,4.0,3.08
330,1265,4.5,4.5
365,30793,3.5,3.64
68,3101,4.0,3.58
18,89745,4.0,3.0
393,5952,5.0,4.45
448,50601,1.5,2.7
105,213,4.5,4.0
475,5459,4.5,3.0
383,2906,3.0,2.81
606,95105,2.5,2.86
489,5971,4.5,3.15
367,2430,4.0,3.48
477,31660,3.0,5.0
288,6593,4.0,2.74
169,3948,5.0,4.0
284,15,4.0,3.36
290,11,4.0,2.83
4,608,5.0,3.0
477,6534,4.0,4.5
318,3702,3.5,3.3
566,480,4.0,2.67
601,95167,4.0,3.9
275,556,4.0,3.45
19,2065,2.0,3.16
103,68157,5.0,4.06
97,3623,5.0,1.05
603,3557,3.0,4.3
312,5479,3.0,3.82
465,3505,4.0,4.0
354,8961,4.0,4.0
365,508,2.0,3.69
425,344,3.5,2.71
348,4368,3.5,3.5
600,5970,3.0,3.75
298,111743,0.5,3.0
140,4677,4.0,3.45
385,85,3.0,3.81
6,261,4.0,4.5
282,72998,4.0,2.57
54,420,2.0,3.0
610,61323,3.5,3.27
474,6297,3.5,3.81
497,1258,4.0,4.42
318,3967,4.0,3.08
391,1729,2.0,2.29
562,84374,3.5,2.74
517,1293,4.0,3.5
275,2917,5.0,5.0
610,52973,5.0,2.86
448,8290,0.5,3.5
140,2724,4.0,3.51
594,8643,5.0,2.87
385,277,3.0,3.21
247,223,3.0,3.37
226,783,2.0,4.0
221,27773,4.5,4.8
597,1297,4.0,5.0
288,3543,3.0,3.0
539,527,3.5,1.44
323,151,3.5,3.68
50,837,2.5,3.0
68,216,3.5,3.54
294,2899,1.0,2.0
307,24,2.0,1.39
480,36529,4.0,4.0
597,1278,5.0,4.25
599,8832,3.0,3.11
354,2985,4.5,3.59
212,80693,4.0,4.0
226,1091,3.0,2.64
10,63113,3.5,3.32
331,3752,3.0,3.52
14,491,3.0,2.74
474,7932,4.0,4.0
583,64969,3.0,3.34
474,150,4.5,4.0
27,661,3.0,3.0
104,6188,2.0,4.5
382,83177,1.0,1.7
410,1663,5.0,4.29
606,1801,4.0,3.63
229,457,5.0,3.83
573,111362,5.0,3.0
534,3114,4.5,4.0
141,296,4.0,4.0
558,5312,3.0,2.54
68,5103,2.5,1.72
339,166643,4.0,4.0
587,910,4.0,4.0
318,94150,4.0,3.0
239,786,3.0,4.78
523,101962,5.0,3.51
477,2291,2.5,4.5
16,318,4.0,4.67
489,35836,3.0,3.57
608,2141,1.5,2.37
525,3911,4.5,3.36
414,4081,2.0,2.25
140,3998,4.0,1.6
593,26084,3.5,3.22
474,4041,3.0,1.57
368,2986,1.0,3.0
571,152,2.0,2.5
480,45672,2.5,3.1
125,152077,4.0,4.0
263,586,3.0,3.09
599,3537,2.0,4.0
525,53972,3.0,3.27
64,2700,4.5,4.1
560,54995,4.0,2.75
45,4958,4.0,4.9
362,1591,4.0,1.0
483,196,0.5,3.18
9,2901,2.0,1.47
105,72641,4.0,3.78
558,367,3.0,3.0
474,5541,2.0,2.0
387,3426,3.0,4.34
186,4995,3.0,4.5
274,1917,3.5,3.12
109,852,3.0,3.0
217,688,2.0,3.0
534,99007,4.0,3.79
462,116797,3.5,4.04
91,1246,2.0,4.0
380,2401,4.0,4.33
571,2149,1.0,2.0
465,2763,4.0,5.0
526,2959,4.0,3.75
244,1408,5.0,4.48
495,86911,0.5,3.66
125,142422,4.0,3.27
534,5418,4.5,4.55
219,6283,3.5,2.5
263,6299,3.5,3.98
420,480,3.5,3.5
401,783,4.0,5.0
19,432,3.0,3.6
488,971,2.5,4.83
511,2324,4.5,4.51
76,1682,2.5,4.7
604,261,4.0,4.0
232,61705,3.5,1.79
577,3062,3.0,4.14
474,1507,3.5,3.33
603,1554,3.0,2.98
41,6763,5.0,3.82
414,1674,4.0,4.0
298,84954,0.5,3.57
381,4232,3.5,3.0
217,2003,2.0,2.0
448,5548,3.0,3.43
599,32587,3.5,2.0
108,5309,3.0,3.91
275,2731,4.0,3.9
294,3040,5.0,3.33
294,419,1.0,3.16
606,8014,4.5,3.26
68,5445,3.0,4.1
232,3979,2.5,3.84
330,1197,4.5,4.25
410,154,4.0,4.0
448,4963,4.0,4.0
480,41573,2.5,4.0
401,48,2.0,4.0
40,267,3.0,4.16
325,5445,4.0,3.69
68,5049,2.0,4.14
463,6539,3.5,4.0
249,4270,3.5,4.5
330,1784,5.0,4.33
167,2471,2.5,1.48
599,4007,3.0,3.0
271,2968,2.5,4.66
414,7147,4.5,2.0
105,86628,4.0,3.7
605,47610,4.0,3.37
298,2502,3.0,3.96
414,6349,3.0,3.19
601,8961,5.0,2.29
393,32587,0.5,4.12
182,4178,4.0,2.16
357,788,3.0,4.0
339,3462,4.0,4.59
364,1,5.0,4.58
562,1307,5.0,4.98
95,5792,4.0,2.96
357,1028,4.5,3.75
305,72294,3.5,4.11
560,73017,3.5,4.33
62,1210,4.5,4.34
111,98083,5.0,3.7
330,1961,4.0,3.0
140,3969,3.0,1.64
198,5378,3.0,2.5
603,2155,4.0,2.83
318,5673,4.0,3.61
286,6874,5.0,1.67
266,69,5.0,2.36
182,4313,3.5,2.0
504,5669,3.5,2.02
313,3793,3.0,3.0
432,1036,2.0,5.0
27,2687,4.0,3.26
599,4104,2.0,2.96
380,2709,4.0,3.0
489,1644,0.5,3.15
473,5785,3.5,3.35
580,1214,4.0,4.0
610,3911,4.5,2.83
73,4306,2.5,4.0
4,345,4.0,3.0
28,56367,2.5,1.09
20,709,3.0,2.4
448,92507,2.5,3.21
305,589,5.0,4.75
132,1682,3.5,3.79
606,1305,4.0,3.68
19,1517,3.0,2.66
313,4085,3.0,2.04
380,3363,4.0,4.51
367,356,5.0,3.0
135,1372,1.0,3.0
104,4299,3.0,3.0
414,1282,5.0,5.0
606,1222,4.0,4.0
593,1210,4.5,4.16
298,3686,2.5,1.5
290,1617,4.0,4.09
567,1916,5.0,3.0
219,2890,3.0,2.74
58,708,5.0,3.98
600,8981,3.5,2.5
483,1266,4.5,5.0
554,2080,5.0,4.69
339,86332,2.5,3.77
608,3617,3.0,2.78
554,903,5.0,3.77
183,1214,4.0,4.5
68,420,1.0,3.01
288,3676,3.0,3.0
480,3301,2.0,1.24
59,1299,5.0,3.0
73,111362,5.0,3.07
607,1249,4.0,3.5
232,45722,3.5,4.33
426,595,4.0,4.5
470,1073,4.0,4.94
199,293,3.5,4.0
608,2282,3.0,3.0
242,231,3.0,3.83
307,2011,3.5,3.0
68,55253,4.0,3.0
357,858,5.0,3.5
325,300,4.0,2.64
274,3863,3.5,3.6
64,33794,4.0,4.1
6,140,3.0,3.59
27,673,2.0,3.11
28,40414,3.0,3.89
590,1204,4.5,4.33
526,128620,5.0,2.36
166,648,3.0,2.22
414,4812,3.0,1.79
596,32300,3.5,1.81
110,7096,5.0,4.0
307,1917,2.5,2.25
600,5992,1.0,3.11
599,4121,2.5,0.76
391,1247,4.0,4.0
610,8874,5.0,4.29
66,1449,4.5,3.15
480,7983,4.0,4.0
438,3114,4.5,2.85
580,3986,4.0,4.0
66,3745,3.5,3.35
140,5102,3.0,4.0
93,1894,3.0,3.13
294,719,1.0,1.25
153,118696,2.5,3.93
140,3005,3.0,4.0
555,1614,4.0,3.97
518,468,3.0,4.08
88,83177,0.5,3.47
599,2134,1.5,2.5
1,3034,5.0,4.57
573,1527,4.5,4.15
274,63082,4.0,3.6
438,8633,2.0,3.69
474,7303,3.5,3.0
263,2324,5.0,3.38
610,44828,4.0,1.95
368,2353,3.0,4.96
32,1224,3.0,4.0
42,410,2.0,4.0
50,142602,1.0,3.58
587,2605,5.0,3.37
382,33158,2.5,4.0
385,1225,3.0,3.0
356,3160,4.0,4.62
297,733,3.0,2.5
62,122896,3.5,4.0
274,55820,4.0,3.52
7,1183,1.5,1.68
135,2088,3.0,3.24
177,7163,2.0,3.0
288,362,3.0,3.8
391,2605,2.0,2.45
336,2268,4.0,3.12
513,920,5.0,4.36
305,84152,4.5,3.0
424,54503,4.0,4.0
342,2706,4.0,4.58
77,2571,5.0,4.25
202,2640,4.0,3.61
351,56941,3.0,3.5
187,1261,5.0,2.87
173,597,3.0,3.84
339,54503,4.5,5.0
414,7315,2.0,3.2
560,6934,3.5,2.17
414,4229,3.0,3.0
465,3681,4.0,4.0
24,3556,2.0,4.0
525,80549,4.5,4.15
213,59615,3.5,3.73
294,2709,4.0,1.0
492,1431,4.0,4.1
313,1220,1.0,3.5
20,4821,0.5,3.25
606,15,3.5,4.0
555,2255,1.0,2.4
20,661,5.0,2.98
424,4450,4.5,3.38
274,4886,3.5,2.95
330,5952,4.0,4.5
28,61986,3.0,3.0
480,2699,1.5,3.74
580,6300,5.0,2.88
448,103865,2.0,3.15
200,2145,4.5,4.68
139,6957,1.5,3.81
331,3578,4.5,3.75
96,377,5.0,3.67
225,2371,4.0,2.78
504,6708,4.5,4.29
360,1414,2.0,3.62
380,1917,3.0,3.7
385,349,3.0,2.2
328,912,1.0,4.08
21,105844,2.0,4.0
217,3494,3.0,2.0
166,6,3.5,4.75
425,2710,3.5,3.5
580,1729,4.5,4.14
42,2001,4.0,4.0
298,34405,4.0,2.5
414,1020,2.0,2.11
599,2915,3.0,3.0
43,519,5.0,3.8
606,1183,3.5,4.33
84,1028,4.0,3.0
84,5060,4.0,3.65
288,3354,2.0,3.85
307,32587,4.5,4.83
608,6059,4.0,3.4
517,1265,3.0,1.0
219,5378,2.0,3.7
380,91542,2.0,4.65
307,367,1.5,3.0
606,3462,4.0,2.08
232,6264,3.0,3.15
606,7382,4.5,3.5
380,1278,5.0,4.0
431,1234,4.0,4.51
414,2791,4.0,2.0
288,45668,3.0,1.95
608,6377,4.0,4.5
182,377,2.5,4.0
477,239,3.5,3.0
42,4027,4.0,4.0
182,653,2.5,3.25
301,6711,3.0,4.62
64,520,4.0,4.0
445,1230,5.0,3.31
580,912,0.5,3.83
590,2005,4.0,3.62
19,435,2.0,2.5
328,293,3.5,3.85
249,105213,4.0,3.37
509,6874,3.0,3.5
608,4876,3.5,3.33
100,923,3.5,4.0
129,1517,3.5,3.25
292,2401,3.0,3.95
3,1371,3.0,3.0
52,50872,4.0,3.62
405,1214,4.0,4.0
610,5444,3.5,3.92
64,260,3.5,5.0
1,2899,5.0,4.0
123,44199,4.0,3.93
448,355,2.0,3.37
561,7143,4.0,3.0
474,47894,3.5,3.62
216,514,3.0,2.67
601,134853,5.0,4.12
514,26133,5.0,4.1
15,1527,3.0,4.1
610,58295,3.5,3.24
239,3623,4.0,3.98
560,155288,3.5,3.12
274,5265,4.0,3.08
50,92427,1.0,2.59
288,2527,3.0,2.5
45,5568,2.0,3.79
200,2599,3.0,4.41
135,293,4.0,1.88
84,1381,3.0,3.68
586,1704,5.0,2.75
140,7294,3.0,4.79
608,277,2.5,3.21
220,480,5.0,3.5
6,17,4.0,4.0
143,79132,2.0,2.33
263,6333,3.0,3.82
610,89753,4.0,4.59
288,1036,3.0,3.6
217,3033,2.0,3.83
334,2115,2.5,4.0
182,1245,4.5,4.67
480,235,3.0,2.91
510,1060,3.0,3.46
458,150,5.0,4.5
91,7000,3.0,2.66
330,3949,4.5,3.63
68,52287,2.0,3.11
63,1136,5.0,4.33
607,1196,3.0,4.25
216,2987,3.0,3.0
606,5299,4.0,3.0
474,4823,4.0,3.41
321,3,3.0,4.26
276,1,4.0,4.5
572,1958,4.0,5.0
428,1911,1.5,2.16
193,1196,4.5,3.0
448,27478,3.5,3.5
596,5618,4.5,3.85
472,3254,3.5,3.0
438,2028,4.0,4.27
451,786,3.0,2.25
74,8838,5.0,3.5
246,1584,3.5,4.0
217,1200,3.0,1.0
177,3034,4.0,4.21
448,1425,2.0,2.32
597,153,3.0,2.34
156,5788,4.5,3.87
41,4963,3.0,4.82
26,344,3.0,4.0
414,127130,4.0,2.25
279,924,4.0,1.0
4,2390,5.0,2.24
464,1196,5.0,3.0
274,4388,3.0,3.29
217,1019,3.0,2.5
522,2094,1.5,3.34
511,55908,4.0,4.75
483,3310,4.0,5.0
373,95,2.0,3.0
95,6502,4.5,2.18
68,3052,3.5,3.7
270,3,3.0,4.0
91,1125,3.5,4.38
290,1225,5.0,4.0
111,173255,2.5,3.72
268,2019,5.0,3.64
155,1517,3.0,3.0
448,4677,3.0,3.3
442,3510,1.0,3.56
495,69481,4.5,3.53
246,7147,5.0,4.07
217,414,3.0,3.26
603,175,5.0,4.0
282,593,4.0,3.75
357,3360,3.5,3.85
155,260,4.0,1.67
469,1307,4.0,4.0
169,6266,4.0,1.38
590,2701,2.5,2.98
117,256,3.0,4.0
305,88812,3.5,1.99
342,3157,3.0,3.0
66,7143,4.5,4.5
610,1241,5.0,4.44
421,3461,3.5,3.49
563,1073,4.0,4.12
6,150,4.0,3.83
68,3786,1.0,3.74
41,111659,1.0,3.64
200,46976,4.5,3.34
91,5749,3.0,4.74
599,6615,2.5,2.17
59,1219,5.0,4.0
34,2571,3.0,5.0
10,4246,3.5,2.11
381,6378,4.5,4.53
432,1801,4.5,3.81
414,5989,4.0,5.0
599,2502,4.0,3.5
414,1541,2.0,3.4
219,60126,3.5,3.98
328,919,3.0,4.36
414,5417,3.0,4.0
8,440,3.0,2.17
230,41569,4.0,4.5
414,1013,3.0,3.5
89,167018,2.5,4.27
290,2987,4.0,3.5
391,4178,4.0,3.19
372,616,2.0,4.0
562,7147,4.0,3.0
156,2941,4.0,3.0
288,8640,3.0,4.13
153,2959,0.5,4.6
474,7049,3.0,3.5
568,3261,3.0,4.0
219,21,3.5,2.5
448,688,2.0,3.78
480,4034,3.5,4.5
220,590,5.0,4.25
42,2335,4.0,5.0
462,3426,2.5,3.1
551,112852,3.0,4.68
610,6,5.0,2.0
373,34,4.0,4.0
483,377,1.5,1.0
62,48385,4.0,2.45
123,111759,4.5,3.95
606,1727,3.5,3.37
462,8620,2.5,3.5
438,31221,1.5,3.48
234,1097,5.0,4.0
78,648,3.0,4.33
182,6624,0.5,4.03
189,79132,4.5,4.19
249,79057,3.5,3.88
502,903,3.5,3.67
606,1663,2.0,3.5
414,4280,4.0,4.0
63,592,4.0,5.0
273,223,5.0,4.5
294,1262,4.0,3.75
489,91488,3.5,4.5
334,55820,3.0,4.4
177,88125,5.0,2.46
226,6502,4.0,2.79
111,46948,0.5,3.75
325,2167,3.0,3.2
457,2706,4.0,5.0
212,180031,4.0,3.78
122,4874,4.5,4.5
89,32243,3.5,2.75
213,4368,3.0,3.09
274,5478,2.5,2.83
288,8961,4.0,3.0
27,3519,3.0,3.0
608,329,3.0,3.5
249,7439,3.0,4.2
38,588,3.0,4.0
414,50872,4.0,4.0
68,59900,1.0,3.0
489,4020,3.0,3.25
608,1275,2.5,3.92
211,3869,3.0,4.24
216,364,3.0,4.09
182,5108,1.5,4.0
380,74545,3.5,3.0
544,694,4.0,3.88
603,1635,5.0,4.0
466,34150,4.0,3.5
525,2788,4.0,3.92
448,89470,4.0,4.0
239,2001,3.5,2.31
516,2268,3.0,4.58
603,3435,5.0,3.0
294,2072,1.0,3.0
382,4310,3.5,4.24
22,36529,2.5,4.0
98,4226,4.0,4.67
318,97904,4.0,3.27
474,4226,5.0,2.67
18,2000,4.0,3.25
182,5298,4.0,1.34
600,616,4.0,1.0
599,524,2.5,1.29
428,4310,3.0,2.25
589,527,5.0,4.5
298,76060,2.5,3.35
474,830,2.0,2.39
103,36,4.0,3.5
479,3428,3.0,3.88
439,7153,5.0,3.26
7,58,3.0,4.57
484,1438,1.5,2.0
140,37739,4.0,3.01
45,3255,3.0,4.0
63,8376,2.5,4.95
606,2875,3.0,3.0
59,750,5.0,3.71
373,410,3.0,2.37
275,608,4.0,3.0
4,3386,4.0,4.7
298,1916,3.0,2.75
597,1240,4.0,3.57
312,2529,4.0,4.6
264,1876,3.5,3.52
71,160,3.0,2.67
140,339,3.0,2.56
44,260,5.0,5.0
318,113348,3.5,2.08
368,2641,2.0,3.21
404,34,4.0,3.8
425,1466,4.0,4.31
469,920,3.0,3.5
353,204,2.0,3.87
532,111,4.0,5.0
288,1242,4.0,3.78
274,2687,3.0,3.6
145,153,3.0,2.88
331,3911,5.0,1.5
254,648,3.5,3.73
588,223,5.0,3.0
528,6006,3.5,4.29
492,667,3.0,4.0
432,589,3.5,4.5
414,3252,5.0,3.0
58,62,3.0,2.04
365,59315,3.5,3.44
232,48043,3.5,3.53
297,6,5.0,2.78
144,2000,3.5,3.36
288,597,3.0,3.5
579,2485,3.0,2.32
71,1370,4.0,2.5
80,150,4.0,3.35
380,1022,3.0,3.3
452,2490,5.0,5.0
136,273,3.0,4.0
302,17,5.0,3.45
414,1371,3.0,3.5
19,2148,2.0,2.67
555,1591,4.0,2.67
608,2699,1.5,3.0
186,3409,4.0,4.0
117,105,3.0,5.0
15,160980,3.5,3.53
68,2490,3.0,4.36
495,1247,5.0,5.0
298,64839,3.0,5.0
21,19,2.5,2.21
43,828,5.0,4.5
573,45722,5.0,4.14
380,223,4.0,4.0
117,531,3.0,3.0
368,3370,3.0,3.34
198,903,4.0,3.0
156,2797,3.0,2.44
249,30810,3.5,3.71
516,2259,3.0,4.21
225,2327,5.0,3.5
437,440,3.0,3.75
66,457,3.0,3.68
31,7,4.0,3.63
610,136020,3.5,2.64
380,1033,3.0,3.43
596,103772,2.5,3.37
68,152081,3.0,4.42
298,6773,3.0,3.44
305,5299,4.0,2.72
202,3681,4.0,3.0
312,5015,4.0,3.98
286,158,3.0,2.34
372,235,2.0,4.0
477,1271,4.5,4.64
414,4089,2.0,3.0
484,364,5.0,3.59
33,448,4.0,4.6
312,1089,4.0,4.5
594,6967,0.5,3.06
386,32,3.0,3.75
608,3968,3.0,2.5
380,587,3.0,4.0
298,1587,3.0,2.27
141,1485,2.5,3.24
261,30810,1.0,3.07
561,6188,3.5,4.67
608,150,2.0,4.0
352,5995,5.0,4.93
570,508,3.5,3.6
249,79132,5.0,3.5
99,259,3.0,4.78
240,173,3.0,5.0
305,4034,4.5,4.18
217,2860,2.0,4.82
66,1,4.0,3.25
419,1206,4.5,4.25
111,181659,2.5,4.39
603,2167,4.0,2.0
607,3053,5.0,4.3
514,8906,2.0,1.62
474,39381,3.0,1.57
346,2858,4.5,4.43
593,377,2.5,3.75
489,79132,4.5,3.33
182,480,3.5,3.83
290,2329,4.0,4.5
288,788,2.0,2.45
255,1079,2.0,4.22
610,72011,4.0,3.43
132,6593,3.5,3.21
249,45730,3.5,4.24
230,150,2.0,4.83
456,653,4.0,3.71
177,932,5.0,4.41
232,8982,3.0,2.79
599,4015,2.0,2.5
453,47,5.0,5.0
546,3354,4.0,3.12
198,3868,4.0,2.89
135,157,2.0,3.0
567,143367,4.5,1.3
380,147382,4.0,3.0
212,98243,4.0,3.9
465,3698,4.0,4.0
480,780,3.0,4.25
64,1225,4.0,4.75
47,597,3.0,3.83
128,1721,4.0,3.36
489,7367,0.5,4.0
229,5,3.0,2.87
23,175,3.0,1.25
391,1041,4.0,5.0
42,3502,5.0,4.0
216,2395,5.0,2.33
560,5349,3.5,3.38
368,3704,2.0,2.5
335,356,4.0,4.25
495,2700,4.5,4.93
489,4474,4.5,4.19
483,2793,3.5,4.0
391,608,5.0,4.0
599,2734,2.5,3.0
411,52,2.0,3.67
182,5902,4.5,3.96
410,2987,4.0,3.5
465,2628,2.0,1.61
563,80858,3.5,3.5
361,466,3.5,3.5
596,7458,2.5,3.97
182,2713,0.5,4.5
474,1345,3.5,4.5
140,6539,3.5,3.59
125,161131,3.5,3.79
493,4701,5.0,2.73
202,1370,4.0,3.16
380,120799,3.0,2.19
201,1917,4.0,2.4
317,74458,4.0,3.28
43,1084,5.0,2.75
483,1566,4.0,3.68
453,1641,4.0,4.82
584,477,4.0,5.0
292,85414,4.0,3.5
368,3654,3.0,4.0
436,370,2.0,3.37
21,32587,3.0,3.5
474,45730,3.0,3.11
424,3176,5.0,3.63
186,1391,4.0,3.92
134,163,3.0,2.33
610,4852,1.0,4.64
232,34334,3.0,3.0
279,1208,3.5,4.19
362,60072,3.5,3.8
170,553,4.0,4.5
96,454,4.0,3.73
502,1250,5.0,5.0
414,3019,4.0,2.68
160,786,1.0,4.54
45,5349,5.0,4.3
600,39435,2.5,2.74
21,2167,3.5,2.31
68,8781,2.5,3.77
438,165,4.0,3.14
484,8363,4.5,3.72
367,3453,4.0,3.0
104,674,3.0,3.3
320,3404,0.5,3.0
64,377,3.0,2.62
587,58,5.0,5.0
387,2139,4.0,3.17
367,4310,4.0,4.16
318,65631,4.0,3.65
413,318,5.0,4.63
448,1092,4.0,3.16
355,60,3.0,3.86
318,105197,3.5,3.91
187,6214,4.0,3.69
21,2959,2.0,4.0
254,32,4.5,2.4
477,48516,5.0,4.25
181,432,3.0,4.34
517,55820,1.0,4.36
453,1488,3.0,3.43
448,79879,3.0,3.33
301,527,4.5,5.0
599,5902,3.0,4.58
292,8961,3.5,2.0
322,60040,0.5,2.82
599,34800,1.5,2.56
111,4367,3.5,4.4
254,5995,4.5,4.44
132,32587,4.0,2.5
334,4963,3.5,3.67
98,5444,4.5,4.0
412,2890,4.0,5.0
41,2671,3.0,1.26
480,3988,2.5,4.0
532,1291,5.0,4.7
41,7149,4.5,4.0
217,437,2.0,3.0
381,3552,2.0,3.99
93,1641,4.0,3.5
603,1177,4.0,4.85
19,295,3.0,4.0
362,293,4.5,5.0
404,597,3.0,3.84
15,6874,3.0,3.5
91,2997,3.5,3.21
103,3535,4.5,3.72
266,316,3.0,4.76
186,1320,4.0,3.44
110,8014,4.0,4.83
599,79132,3.0,5.0
331,30793,1.5,3.17
294,762,1.0,2.0
412,1214,4.0,4.61
212,113573,3.0,2.97
447,253,4.0,3.0
274,3424,3.5,4.93
160,242,2.0,1.26
339,47099,5.0,4.0
319,110,4.5,4.46
474,27912,3.0,1.07
602,733,4.0,3.85
380,67255,2.0,4.18
492,724,3.0,3.0
599,6670,2.0,3.0
560,120478,3.5,3.05
239,1196,5.0,4.33
599,27549,1.5,4.27
83,30749,3.5,3.5
475,1210,5.0,4.0
480,2273,2.5,3.21
480,7150,3.5,3.66
330,648,2.5,3.52
424,2296,3.0,2.27
325,318,5.0,4.5
439,98809,3.5,2.69
307,3268,1.0,3.41
590,3148,3.5,3.08
602,193,2.0,3.0
31,588,5.0,3.83
18,106487,4.0,3.53
246,4011,4.5,4.0
474,26,3.5,2.75
19,1479,3.0,2.43
318,95873,4.0,3.43
391,2023,3.0,4.0
182,5809,3.0,3.57
425,337,4.0,4.26
200,8984,2.5,3.0
567,103384,1.5,2.92
480,48780,4.5,4.5
596,68835,3.5,4.0
222,3178,3.5,3.66
560,8464,4.0,4.44
34,3052,2.5,3.24
453,2694,3.0,3.77
288,53125,2.5,2.86
294,837,1.0,1.16
305,30749,5.0,4.62
607,1917,5.0,3.75
456,5,3.0,3.16
514,4396,2.5,2.18
307,410,3.0,3.0
604,434,4.0,3.0
474,2450,1.0,3.0
414,3967,4.0,3.43
18,1209,5.0,3.83
610,159,3.5,2.0
111,91658,3.5,4.29
220,6365,4.5,3.0
412,1784,4.0,4.52
462,4427,3.0,3.94
91,3793,4.0,4.0
600,1,2.5,3.5
610,527,3.5,4.33
580,3527,3.5,4.2
554,608,2.0,4.25
500,480,4.0,4.0
279,54503,2.5,3.96
19,141,1.0,3.26
492,104,4.0,2.75
186,317,5.0,3.6
68,180,2.5,2.96
199,1897,3.0,1.93
599,8638,3.0,3.28
610,103688,4.0,4.35
527,2000,5.0,4.15
525,597,4.0,3.72
418,4878,5.0,4.75
586,110130,4.0,1.14
252,137857,3.5,4.17
160,903,4.0,4.0
267,1197,5.0,5.0
28,5378,4.0,4.0
603,99,5.0,3.42
268,2702,4.0,5.0
405,4022,3.5,2.28
288,2657,2.0,2.75
599,4502,1.0,1.5
28,3556,3.0,3.74
411,592,3.0,5.0
314,1367,3.0,2.5
522,51662,1.0,3.55
534,596,4.0,4.0
307,441,3.0,4.0
441,2716,5.0,3.0
410,1635,4.0,4.0
19,328,2.0,2.74
156,6658,3.5,4.63
120,780,2.0,4.0
525,5989,3.5,4.75
274,4233,3.5,4.11
518,6333,4.5,3.7
381,51084,4.0,3.0
482,5378,4.5,3.0
414,1374,4.0,3.0
246,296,4.0,4.0
18,380,2.5,2.6
90,1073,4.0,3.17
68,67408,3.0,2.07
414,60126,3.0,3.13
604,76,4.0,3.83
191,158,2.0,1.0
436,377,4.0,3.37
307,6060,2.0,2.0
600,593,4.0,2.83
42,4489,5.0,3.02
186,2369,4.0,3.91
368,1676,2.0,3.0
474,27873,3.5,4.0
603,3285,1.0,4.0
425,3147,4.0,4.5
43,539,3.0,4.0
75,1266,4.0,5.0
115,2947,4.0,3.0
237,8665,3.5,4.98
130,595,2.0,4.5
368,1378,3.0,2.0
260,2702,2.0,5.0
105,178613,4.0,4.36
489,87485,3.5,3.82
318,3943,4.0,3.0
195,904,5.0,2.0
514,54997,4.0,3.55
561,2746,3.0,2.19
509,1020,3.0,3.0
217,3255,3.0,3.84
50,149406,2.0,2.75
495,736,3.5,4.63
82,317,2.5,4.0
590,2023,3.0,3.6
187,52328,3.0,3.91
600,30812,4.0,4.52
356,2596,4.0,3.48
465,541,5.0,3.5
574,110,5.0,4.72
246,96079,4.5,4.0
21,2858,2.0,4.0
219,2115,3.0,4.4
111,551,4.0,3.42
330,4886,5.0,2.81
448,2413,3.0,2.5
228,541,4.0,3.5
276,62,5.0,2.31
153,2005,2.0,2.08
51,6934,0.5,4.3
483,2968,3.5,3.19
121,508,3.0,3.0
80,55765,4.0,3.79
232,33646,3.5,3.0
413,2353,5.0,4.0
260,7815,5.0,3.05
414,95510,3.5,3.75
590,2137,3.5,2.5
27,2311,2.0,3.53
504,4034,4.5,4.23
525,5785,0.5,2.96
274,5810,3.5,3.0
274,7802,4.0,2.8
79,1210,5.0,4.65
562,2692,4.0,4.0
599,1485,2.5,3.25
68,8968,5.0,3.4
425,1210,3.0,3.5
516,4322,4.0,3.41
57,1614,2.0,4.72
448,1032,4.0,4.67
74,5995,5.0,4.0
103,1296,3.5,4.33
558,4903,2.0,4.5
414,5159,3.0,2.68
425,3020,4.0,2.1
280,4239,5.0,4.8
253,446,5.0,4.38
452,1220,4.0,4.5
489,5316,2.5,3.1
466,5418,4.0,2.9
369,500,3.0,3.59
514,3703,4.5,2.45
339,69784,4.5,4.0
490,4973,4.0,5.0
414,45447,3.0,3.71
200,4995,4.0,3.35
309,1201,4.5,1.0
380,79274,5.0,2.41
45,3481,4.0,3.5
33,1446,5.0,2.86
45,2021,3.0,4.62
91,2019,4.5,4.13
80,1221,4.0,5.0
132,7371,3.0,3.63
21,858,2.5,3.17
124,1961,4.0,5.0
570,1127,4.5,1.9
177,3247,2.0,2.78
68,166528,4.5,4.5
236,2770,5.0,4.27
140,3011,2.0,4.0
308,45499,2.0,3.0
600,1186,0.5,3.0
14,25,4.0,1.75
357,50,5.0,3.83
368,1580,3.0,2.5
610,58559,4.5,3.5
356,1639,4.0,4.25
483,88954,3.0,3.94
292,3751,3.0,2.65
381,5171,2.0,3.1
571,1981,3.0,2.33
455,272,4.0,4.0
474,7285,4.0,3.5
415,5782,4.5,3.9
417,7153,5.0,5.0
517,368,3.0,3.0
445,457,4.0,3.33
480,8360,3.5,2.9
509,1704,3.5,3.33
525,783,2.0,3.0
495,4958,3.0,4.6
590,1248,4.0,3.67
307,1265,3.0,4.25
140,104,3.0,3.75
68,1391,3.0,4.5
484,2805,2.5,2.77
318,1032,4.0,2.5
544,780,5.0,3.56
414,6331,4.0,2.67
469,1945,5.0,4.0
377,7063,5.0,2.67
610,6620,4.0,4.5
606,2858,4.5,2.82
109,39,3.0,2.6
171,32,5.0,4.82
474,3629,4.0,3.85
357,27329,4.0,4.78
586,6365,4.0,3.67
68,59126,4.0,3.17
310,58,4.5,3.0
561,101362,2.0,2.75
103,2144,4.0,3.0
497,2762,5.0,4.12
55,1947,0.5,4.0
469,3763,3.0,3.0
31,788,2.0,1.74
18,8644,3.5,3.33
469,1253,3.0,4.0
306,100390,3.5,3.72
95,8636,4.5,4.67
140,165,4.0,3.0
409,2657,4.0,4.25
546,3190,4.0,3.0
448,5522,5.0,2.44
264,3510,4.5,3.0
474,5572,3.5,3.85
480,7263,3.0,3.63
474,1013,3.0,3.0
408,49272,5.0,2.86
474,5034,5.0,2.02
303,3703,5.0,4.02
335,593,3.5,5.0
68,40629,4.0,3.92
195,1682,4.0,4.0
247,74458,4.0,4.75
414,46335,2.5,3.28
586,1200,5.0,5.0
606,4370,3.5,1.56
232,48385,3.5,3.49
292,2989,4.0,4.0
464,1779,3.5,3.61
432,3082,3.0,3.69
140,1393,4.0,3.33
474,4495,5.0,3.33
517,910,4.0,1.72
246,53125,4.5,3.9
480,3968,3.5,3.5
282,1240,4.5,4.0
569,434,4.0,2.41
58,368,4.0,4.0
249,112556,5.0,4.76
385,786,3.0,2.81
122,95088,4.0,3.73
414,5620,2.0,2.33
198,357,5.0,5.0
226,2918,4.5,4.5
474,4509,1.5,3.5
182,3629,4.5,3.0
119,106782,4.5,4.86
534,4896,4.0,5.0
321,597,3.0,3.0
274,51662,4.0,3.64
95,1011,4.0,4.0
600,1214,2.5,3.5
19,915,2.0,4.61
448,4053,2.0,0.67
259,7361,4.0,3.87
599,6378,2.5,4.35
328,1282,5.0,4.0
232,2268,4.0,4.73
148,54001,4.0,3.0
567,122892,2.0,1.0
7,3869,5.0,3.89
489,368,3.0,1.67
563,5991,3.5,3.82
64,2355,4.0,3.42
217,954,4.0,4.04
245,1361,3.0,3.48
189,54286,4.5,4.0
1,1500,4.0,4.02
432,6016,4.0,4.18
282,48738,4.5,3.59
28,5292,3.5,3.72
62,122912,4.0,4.0
274,38992,3.5,4.01
28,51935,2.5,4.6
58,31,4.0,4.13
462,589,2.5,5.0
82,170,3.0,3.57
448,2001,3.5,3.5
280,7451,5.0,3.5
28,49272,3.5,3.5
540,6539,4.5,4.34
75,1090,1.0,4.22
314,151,3.0,4.0
275,300,3.0,2.59
469,3767,2.0,3.0
365,96737,1.5,4.93
45,3285,3.0,3.89
318,154,3.0,3.07
563,49286,3.5,3.5
590,2791,3.0,3.5
600,2997,4.5,3.31
380,3471,3.0,4.61
509,1088,3.0,4.0
113,2340,1.0,3.64
567,2951,1.5,2.84
370,4226,3.5,4.5
346,7178,3.0,2.77
187,223,4.5,4.25
215,1246,4.5,4.31
176,39,3.0,3.92
62,53464,3.0,3.22
274,5218,3.5,4.12
541,608,3.0,2.64
453,1089,5.0,4.5
418,88125,4.5,4.05
520,1250,4.0,1.05
45,1037,4.0,3.7
567,114627,3.5,3.5
237,293,4.0,4.28
290,3362,4.0,3.92
597,1099,4.0,1.0
483,4823,3.5,3.71
610,122904,3.0,3.5
280,60293,4.0,4.0
232,69757,5.0,4.22
246,1884,4.0,3.3
391,260,5.0,4.88
74,8341,3.5,3.5
211,78499,4.0,4.24
420,3545,3.5,3.7
220,1589,3.5,1.68
119,102903,5.0,4.73
249,45722,3.5,4.22
105,9010,4.5,4.0
573,96079,5.0,3.0
156,2369,4.0,1.3
305,7981,5.0,4.0
469,728,3.0,3.62
292,3948,2.0,1.65
318,32511,4.5,4.21
473,2959,4.0,3.53
448,159077,2.5,4.0
140,6299,3.0,3.13
313,2011,1.0,2.37
45,441,3.0,3.6
474,224,3.5,3.67
111,140110,4.5,4.62
298,1923,2.5,3.06
604,442,4.0,4.55
219,6893,2.5,3.0
484,3177,4.0,3.89
599,3510,2.5,3.46
91,832,3.0,4.44
103,58803,4.0,4.11
559,344,3.0,3.3
82,2383,2.5,1.44
249,49824,3.5,3.33
455,589,3.0,3.5
109,329,2.0,2.93
51,4876,3.0,2.57
490,6333,2.5,4.0
610,101741,3.5,3.95
274,35957,3.5,3.4
362,110,4.0,4.8
474,1269,3.5,4.68
372,1245,3.0,3.0
86,6373,4.0,4.0
561,145,3.0,3.0
226,1527,4.5,4.88
213,858,4.0,3.67
428,3751,2.0,3.83
287,2633,2.0,4.0
68,89492,4.5,4.4
168,1219,4.0,4.25
282,2948,4.0,3.0
474,47099,4.0,4.22
474,4210,3.5,3.6
166,5445,4.0,4.0
341,135887,4.0,2.57
330,33794,3.0,4.0
603,4017,4.0,2.5
474,6357,3.0,4.14
480,3943,4.0,2.7
249,59315,4.5,3.33
422,2598,3.0,4.5
285,1093,2.5,4.0
610,51255,5.0,4.2
599,3342,2.5,4.52
450,3952,4.0,3.82
97,4022,5.0,3.33
357,339,3.5,3.97
115,1241,1.0,4.87
125,6539,4.0,3.78
381,318,3.5,3.83
387,1291,3.5,4.5
240,339,3.0,4.26
80,85414,4.5,4.0
602,509,1.0,4.6
111,157296,4.5,3.83
125,111743,4.0,3.18
562,2028,3.0,4.1
58,527,5.0,5.0
19,1278,4.0,3.68
239,353,3.5,3.3
247,1196,4.5,4.5
519,356,5.0,3.5
140,3055,3.0,3.85
555,1544,4.0,4.0
182,3812,4.0,2.23
610,129313,4.0,3.47
261,81591,4.5,4.22
424,81591,3.5,3.9
230,52715,2.0,3.0
462,1210,1.0,4.0
495,80463,5.0,3.96
35,50,5.0,5.0
498,47,3.0,3.0
600,440,2.5,2.87
414,720,5.0,1.38
606,4056,3.5,3.29
500,2289,3.0,3.83
520,68157,4.5,2.79
233,1298,4.0,3.5
414,47099,3.5,4.79
609,650,3.0,3.5
62,8984,5.0,3.69
83,1222,5.0,1.19
220,1196,5.0,4.5
603,2540,3.0,4.0
432,50,3.0,5.0
564,90522,4.0,3.71
480,594,3.5,3.75
3,720,0.5,3.67
300,8950,3.0,2.73
606,50842,4.5,4.26
159,5377,2.0,3.35
545,1779,3.0,3.44
199,8528,3.0,2.5
274,3081,4.0,4.66
448,86880,1.5,3.46
74,5893,2.5,4.89
116,1088,4.5,4.0
232,2018,1.5,4.24
339,1231,5.0,4.2
68,8623,3.5,3.04
307,7346,2.5,2.5
198,2338,1.0,4.18
610,31685,3.0,3.0
368,3432,2.0,2.72
331,122882,5.0,3.31
567,95510,2.0,3.45
89,26429,4.0,3.5
202,2951,4.0,3.31
332,89745,2.5,4.05
294,2098,2.0,3.0
199,923,5.0,4.6
183,1220,4.0,3.5
266,1466,5.0,3.37
606,8501,4.0,2.57
19,3704,2.0,2.37
603,121,4.0,3.05
156,3283,2.0,3.52
331,49530,3.5,3.33
111,55276,4.0,3.27
287,2505,1.0,4.1
548,1196,3.5,2.75
555,1198,4.0,5.0
100,2496,4.0,2.2
298,4388,2.0,3.0
610,49932,4.0,4.21
201,2641,3.0,3.57
599,6909,2.5,3.42
156,1960,4.0,4.0
87,2139,3.0,3.75
232,3275,4.5,4.57
387,8574,2.5,3.5
393,6333,5.0,3.75
599,235,3.5,1.75
382,55247,5.0,1.84
318,616,3.5,3.0
365,4993,3.5,3.93
428,2581,2.0,3.02
63,10,3.0,3.71
163,1515,3.0,3.6
382,4447,3.5,3.0
450,70,2.0,4.43
357,926,5.0,3.81
192,47,3.0,3.4
266,24,1.0,1.25
599,5556,1.5,2.35
545,2763,4.0,4.83
603,2104,4.0,3.67
314,703,2.0,3.42
475,122886,4.5,3.6
177,71464,2.5,4.32
291,91542,4.0,3.88
590,1196,5.0,4.67
606,640,2.5,4.0
234,2985,4.0,4.63
52,57669,5.0,4.62
190,4886,4.0,4.0
146,880,2.0,3.49
156,2395,3.5,1.0
365,94677,3.0,4.0
382,2687,4.5,5.0
368,2476,3.0,2.34
141,8368,4.0,3.44
415,4958,3.5,2.89
438,2701,2.0,4.09
381,5872,4.0,3.0
140,3555,4.0,3.33
522,3243,1.5,2.91
59,1797,5.0,4.0
376,2115,4.5,5.0
50,104913,2.5,4.04
177,2023,2.0,3.47
62,2571,5.0,3.67
561,115617,3.0,1.45
184,193567,3.0,3.67
274,31427,2.5,3.79
233,5995,4.0,4.36
357,4022,4.0,2.0
244,507,2.0,3.0
83,81845,4.0,4.0
298,4900,2.5,3.34
274,2096,3.0,4.08
448,5055,3.0,4.41
526,318,4.0,2.58
274,5047,4.0,3.0
307,60037,2.0,3.33
577,1090,3.0,4.46
480,4728,1.5,2.47
263,2081,4.0,3.25
520,73017,5.0,3.86
120,141,3.0,4.0
466,4963,5.0,4.0
165,5505,3.0,4.0
19,866,2.0,3.04
592,276,3.0,3.0
438,4019,4.0,3.96
414,1810,3.0,4.0
357,1225,5.0,3.74
326,74458,4.5,3.06
139,5110,2.0,3.45
249,53322,4.0,4.34
600,2291,4.5,3.75
580,2028,5.0,4.95
105,1230,4.0,4.15
263,2006,4.0,3.0
489,5992,3.5,4.0
352,112556,4.0,3.84
202,999,4.0,2.7
561,466,3.5,2.29
489,1727,3.5,3.3
606,5187,4.0,3.6
381,1080,4.0,5.0
109,36,5.0,2.84
610,111759,4.0,3.64
135,593,5.0,4.33
597,2273,4.0,2.78
210,4995,4.5,4.42
305,68157,5.0,3.57
603,1265,5.0,4.0
274,32298,1.5,2.75
217,379,3.0,2.24
480,30793,4.0,3.8
594,587,5.0,4.75
356,2717,4.0,4.0
414,6281,2.5,2.86
365,2804,3.5,4.57
121,380,3.0,3.33
517,3257,4.0,3.61
244,380,4.0,3.33
254,5319,4.5,1.09
599,6734,2.0,1.66
608,589,3.0,3.0
169,5957,4.0,3.0
477,905,4.0,3.5
608,5902,4.0,4.75
448,2890,3.0,3.0
536,329,3.0,4.6
307,44397,1.5,4.25
230,33166,1.5,3.76
357,5620,3.5,3.93
341,2694,4.0,2.67
307,4025,1.5,4.04
103,4016,3.5,3.83
452,1717,5.0,2.18
263,2987,3.0,3.5
582,81229,4.0,3.0
532,1721,5.0,3.75
559,588,4.0,3.5
599,50,3.5,4.33
448,2990,4.5,4.75
274,27801,4.0,3.4
28,349,3.0,3.0
298,6537,3.0,1.5
307,49530,4.5,3.17
110,2468,3.0,3.79
200,357,4.0,4.0
313,2640,3.0,3.5
522,8784,2.0,3.88
33,1060,5.0,4.0
206,7,4.0,3.16
336,2699,3.5,2.5
382,8643,2.5,3.89
318,108928,3.0,3.0
528,106782,4.0,4.36
483,1591,3.5,3.63
391,368,4.0,3.36
448,140110,2.5,4.03
425,1625,4.0,4.43
380,36529,5.0,3.0
278,54272,5.0,3.48
219,3717,2.5,3.74
493,876,5.0,4.66
552,3421,4.0,4.49
590,2424,3.0,2.5
68,2571,4.5,4.67
414,1513,3.0,2.34
81,589,5.0,3.25
362,60684,4.0,4.0
199,3256,3.0,5.0
219,10,4.5,4.0
465,3334,5.0,3.39
412,1284,5.0,4.2
603,2469,1.0,1.0
68,2001,3.0,3.25
573,2985,4.5,2.5
199,8983,3.5,3.0
288,1665,3.0,3.0
517,2384,4.5,1.24
448,101360,1.5,2.17
332,1296,3.5,4.0
608,2294,4.0,2.41
438,7376,3.0,3.0
599,542,2.0,3.5
283,1641,2.0,3.25
280,80463,3.5,3.5
249,27801,4.0,4.23
93,1356,5.0,3.43
159,45720,4.0,1.67
448,5009,2.5,3.99
477,3671,4.5,5.0
409,3244,4.0,2.0
590,592,3.5,4.05
268,1234,4.0,4.5
265,2529,4.0,4.0
528,51037,3.5,3.69
249,122918,4.5,4.2
596,134130,4.0,3.23
414,8360,4.0,3.0
409,296,5.0,4.67
414,7137,3.5,4.14
433,74458,3.0,4.5
318,33004,4.0,3.2
287,1753,3.0,2.16
509,4700,3.5,3.0
298,6586,2.5,3.17
52,55363,3.0,3.01
57,1616,3.0,4.63
435,216,5.0,3.22
561,78105,3.0,3.73
249,93563,3.0,4.0
489,39,3.5,3.7
174,485,3.0,5.0
374,595,3.0,3.74
512,349,3.0,1.98
580,7842,4.5,2.06
156,4014,1.5,3.0
174,186,3.0,4.41
156,8128,4.0,3.13
534,1876,4.0,4.5
414,45635,3.0,1.51
474,36276,3.5,2.53
474,6947,3.5,3.83
21,296,3.5,3.67
306,35836,2.5,3.0
51,6708,5.0,3.76
68,6659,3.0,4.69
356,2359,4.0,3.0
514,160571,3.0,2.5
522,8874,4.0,4.02
287,2710,1.0,3.75
73,54503,1.5,3.21
414,2236,4.0,3.58
61,1213,4.0,4.42
479,31,3.0,4.17
586,167036,4.0,3.69
274,48,2.0,4.0
232,58998,4.5,3.88
509,136838,2.5,3.28
542,1997,1.5,4.0
307,3252,3.0,3.0
239,2023,4.0,5.0
561,94864,2.0,4.05
419,69860,5.0,3.25
66,1073,4.5,2.25
125,149146,4.0,4.0
424,79132,2.5,3.83
381,7004,3.5,2.93
249,1079,4.0,4.74
287,4903,1.0,3.88
140,1961,4.0,3.24
249,99117,2.5,4.09
483,2700,4.0,3.22
170,110,4.0,4.84
517,46530,2.5,2.7
572,1954,4.0,5.0
603,21,5.0,3.6
244,3020,2.0,2.08
84,1184,3.0,4.0
597,2770,2.0,3.0
414,93840,4.5,5.0
588,350,3.0,3.76
218,1198,4.0,4.75
91,2097,2.0,3.0
136,153,3.0,1.0
414,5673,5.0,4.0
44,12,1.0,3.0
610,924,4.5,3.84
462,82857,4.5,1.75
489,94130,3.5,3.59
160,5903,3.0,4.26
19,673,1.0,3.5
84,1244,4.0,4.5
182,1196,3.0,4.0
220,3421,4.5,3.0
380,8361,3.0,3.75
419,5480,0.5,3.0
452,1617,5.0,4.5
225,1136,3.0,4.4
290,3435,5.0,2.0
66,1027,3.5,3.0
597,2539,3.0,2.75
542,1784,3.5,3.5
420,2186,4.0,3.23
606,30707,4.0,3.08
552,3911,4.0,4.14
391,3503,5.0,4.5
555,1962,5.0,2.5
18,356,4.5,4.63
366,109487,5.0,3.2
177,1283,4.0,3.96
151,743,4.0,3.28
448,2788,4.0,4.33
29,1250,5.0,4.0
274,81932,4.0,4.0
129,6218,4.5,3.0
606,198,4.0,3.0
494,1201,4.0,4.56
514,4564,2.0,3.26
199,1214,4.0,3.17
95,3994,3.0,4.33
73,5299,3.0,3.99
414,1625,4.0,3.0
182,3752,3.0,3.25
7,5349,3.5,3.75
323,440,2.5,3.12
367,928,4.0,3.77
524,748,4.0,3.8
307,3114,3.0,4.6
8,432,1.0,4.67
275,4901,3.0,3.44
351,92422,3.5,1.52
109,32,4.0,3.0
425,7143,3.5,3.2
33,2336,2.0,4.02
182,3729,4.0,3.32
315,1949,3.0,4.08
414,80969,4.0,4.0
477,3462,4.0,4.26
460,54259,4.0,3.65
420,3147,4.5,4.5
246,6618,4.0,3.32
286,7438,5.0,3.81
608,588,3.0,2.68
325,3015,4.0,4.0
607,2253,3.0,2.59
330,3793,4.0,2.5
140,210,3.0,4.0
169,6155,4.5,3.51
64,4886,4.0,3.83
381,6659,1.0,4.76
610,60684,3.5,3.2
391,2248,4.0,2.81
408,119145,2.0,4.26
462,2527,4.0,4.0
249,65810,3.0,2.5
414,1100,3.5,4.5
606,2000,2.5,3.25
64,2683,4.0,3.6
599,55116,2.5,4.03
202,2421,3.0,4.18
290,910,5.0,4.5
596,52722,2.5,2.68
298,56715,3.0,3.49
60,2150,4.0,3.75
474,5755,2.0,4.5
605,1411,3.0,3.63
7,32296,2.0,3.46
419,1876,4.0,3.2
68,1729,3.0,1.67
125,62336,4.5,3.62
477,2174,3.0,4.16
573,1391,1.5,3.54
391,2171,3.0,2.11
305,4639,4.0,2.98
122,60074,3.5,3.29
414,1343,4.0,3.5
608,6827,0.5,3.66
387,8199,4.0,3.72
596,141749,3.5,2.91
292,111360,2.0,2.54
16,1089,4.0,4.18
249,143365,2.5,3.07
448,155743,2.0,2.18
599,8860,3.0,2.47
414,262,4.0,4.16
607,2398,5.0,3.68
199,3362,4.0,4.0
306,4720,3.0,2.5
464,16,4.5,3.65
210,2716,4.5,3.0
599,1243,3.0,4.0
292,101864,4.0,2.17
387,4298,4.5,4.76
254,8874,3.5,4.5
414,48412,2.5,4.0
593,539,4.0,5.0
462,2693,4.5,3.5
195,434,3.0,4.0
19,2701,1.0,2.29
517,1955,2.5,2.16
534,5952,4.0,4.04
352,2329,4.5,4.62
105,68554,4.5,4.23
298,112556,3.0,4.83
68,86880,1.5,2.3
365,27706,2.0,3.79
249,128360,4.5,3.5
105,31658,4.0,4.62
268,2599,4.0,4.46
368,2404,2.0,2.5
328,608,5.0,4.33
465,2571,4.0,4.5
599,3511,0.5,3.5
561,8371,2.0,3.22
177,106696,5.0,2.8
524,1250,4.0,3.0
280,2105,2.0,1.5
18,64839,3.5,3.31
307,8873,4.5,4.54
202,2344,4.0,3.22
477,1208,5.0,4.16
380,70361,3.0,2.67
590,7458,3.0,3.88
480,1393,4.0,4.68
274,76175,3.0,1.97
7,49272,4.5,4.37
462,25788,3.5,3.52
331,7153,4.5,4.0
432,480,4.5,5.0
448,95307,2.0,3.74
2,89774,5.0,2.83
226,6796,4.0,4.85
135,3476,4.0,3.77
40,329,3.0,3.0
594,31433,4.5,3.22
64,647,3.5,3.98
414,61132,4.0,3.13
387,367,3.0,1.32
132,3882,2.5,3.64
608,423,3.0,2.85
307,5452,1.0,1.5
95,1042,4.0,5.0
356,349,3.5,3.9
483,1717,2.0,3.44
331,116797,4.0,4.5
561,7361,3.0,3.76
563,129354,3.0,3.5
393,1199,5.0,5.0
489,2739,4.0,2.79
307,47,4.0,4.0
526,7147,4.5,3.85
307,58287,1.0,3.57
73,102407,3.5,2.5
163,1784,4.0,3.07
234,4022,4.0,3.54
610,377,5.0,2.57
600,2936,5.0,3.62
279,5952,5.0,4.0
483,30707,4.0,4.33
21,106491,3.5,3.44
600,5943,3.0,2.05
434,736,2.5,4.0
414,7458,4.0,3.17
43,7,5.0,4.0
490,69757,4.0,4.25
484,5135,2.0,4.0
322,4027,3.5,4.17
380,1234,5.0,3.36
111,54732,3.5,3.5
474,222,4.0,3.57
380,6936,3.0,3.84
368,2990,3.0,3.0
249,904,3.5,4.0
448,104078,4.0,1.99
600,1247,3.5,3.5
103,1610,3.5,4.59
603,2023,2.0,4.0
525,3897,4.5,4.19
290,2937,4.0,4.0
522,97304,2.5,4.01
312,1391,4.0,4.0
76,48,0.5,2.8
448,55765,4.0,4.0
488,3451,5.0,3.56
221,492,4.5,3.03
238,4498,4.0,3.88
298,3698,2.5,2.0
555,466,2.0,2.44
50,107565,1.5,3.3
402,736,3.0,3.88
115,3499,5.0,4.0
483,2291,4.0,4.36
99,150,5.0,4.33
414,3261,4.0,3.0
84,102,1.0,3.22
534,54503,3.0,3.29
249,4247,3.0,3.7
474,1035,5.0,3.5
586,166643,3.5,2.79
453,2335,4.0,4.74
332,431,3.5,0.5
346,3910,3.5,3.71
599,5337,3.0,3.3
6,494,3.0,3.16
280,2052,4.0,1.9
226,4215,2.5,4.0
610,60074,3.0,2.6
232,2501,4.0,1.88
20,2081,5.0,4.0
139,5013,3.0,4.0
448,2796,3.0,3.6
480,3037,4.0,3.84
70,91077,4.0,2.37
466,74458,4.5,4.2
287,551,4.0,3.7
380,32456,4.0,3.59
414,1208,5.0,5.0
125,62434,4.5,4.42
230,2710,3.0,5.0
234,1359,4.0,3.32
153,2378,0.5,2.66
448,5060,4.0,3.31
103,784,3.0,3.3
105,6187,5.0,3.94
555,216,3.0,4.28
201,1573,4.0,4.0
274,78088,3.0,3.29
597,1748,3.0,4.25
255,3501,1.0,2.32
274,61132,3.5,4.43
480,32291,4.0,2.78
91,3421,3.5,4.42
105,110586,4.0,4.0
91,7454,2.0,2.7
365,6874,2.5,4.12
68,55267,3.0,4.95
107,432,4.0,3.48
339,1219,4.0,4.74
239,2628,3.5,3.38
483,56339,4.5,4.32
414,2411,3.0,2.5
57,1858,3.0,3.0
599,2525,2.0,3.5
186,2968,3.0,4.0
256,173,5.0,4.0
448,90343,2.5,3.09
288,273,2.0,3.0
275,4873,2.0,3.5
91,349,3.0,3.4
318,105250,4.0,3.94
211,1223,3.5,3.79
577,1253,4.0,2.91
380,2871,4.0,3.91
274,2325,1.5,4.0
448,50,4.0,3.57
580,4148,4.0,2.1
84,277,3.0,3.5
249,4979,4.0,3.57
590,63082,4.5,3.8
395,172,4.0,3.67
522,780,3.5,4.0
414,112852,4.0,4.07
204,59604,4.0,1.24
247,1022,2.0,3.99
601,3000,4.0,3.69
199,1590,2.0,2.52
315,1084,4.0,4.0
232,69844,3.5,4.67
41,2959,4.0,3.57
56,786,4.0,2.31
511,115149,4.0,4.5
464,367,2.5,4.12
474,7190,3.5,3.5
365,105213,3.5,3.5
42,4679,4.0,2.14
80,2959,5.0,4.12
303,1358,5.0,5.0
41,53519,0.5,1.28
551,79132,4.0,5.0
560,79702,2.5,3.49
608,7137,4.0,4.0
448,3418,3.0,3.54
186,3516,4.0,3.68
610,102125,5.0,3.8
519,1704,5.0,2.5
42,2628,3.0,3.87
27,2161,4.0,4.18
414,5416,5.0,2.67
610,87876,2.5,3.64
332,3160,4.5,4.25
93,590,5.0,4.0
169,4963,4.5,4.5
315,924,3.0,3.0
318,5137,3.5,3.35
318,30812,3.5,4.23
600,2657,4.5,3.0
50,1,3.0,4.5
414,3740,5.0,4.0
28,6867,4.0,3.07
480,39381,4.0,1.6
298,105844,2.5,3.12
534,69805,4.0,4.0
484,8950,3.0,4.5
381,3157,2.5,4.48
220,60069,5.0,4.33
474,892,3.0,4.0
599,119218,2.5,3.7
351,64622,3.5,4.0
438,5093,2.0,1.2
610,142366,3.0,3.2
380,26585,4.0,3.81
119,1270,4.0,4.75
19,289,2.0,3.12
304,954,5.0,3.66
103,139642,3.5,4.51
515,168252,5.0,3.52
376,912,4.0,4.0
370,2502,4.0,2.79
599,6723,2.0,2.68
610,103228,4.5,3.27
219,61348,0.5,2.75
274,1345,3.5,3.5
517,916,3.0,4.0
362,6,4.0,3.19
597,1906,3.0,3.84
207,2707,3.5,4.74
509,111659,3.5,3.12
437,81,3.0,2.89
446,733,3.0,3.0
448,316,3.0,3.16
117,296,4.0,4.0
137,1293,4.5,3.65
233,648,3.0,3.0
474,638,3.0,4.49
406,261,4.0,3.78
469,1257,4.0,5.0
141,2028,4.0,3.67
298,8914,4.0,1.86
391,4901,3.0,2.34
263,4994,3.0,4.25
356,60293,5.0,4.33
382,2671,3.5,3.57
509,4519,3.0,3.58
446,592,3.0,4.0
76,51662,3.0,3.9
18,1234,4.5,4.0
6,179,1.0,2.0
216,2926,3.0,3.14
96,110,5.0,5.0
474,25952,4.0,3.23
182,4389,5.0,2.42
57,1275,5.0,4.0
103,1348,4.0,4.0
89,53460,3.5,3.25
221,32584,3.0,4.0
93,34,5.0,4.0
76,5956,3.5,3.0
45,1307,3.0,3.83
599,6709,2.0,4.8
200,8638,1.0,2.17
202,2411,2.0,3.04
474,6662,2.5,3.5
274,1882,1.5,4.53
376,150,5.0,4.33
140,1198,4.0,3.5
147,186,1.5,2.81
600,6100,4.0,2.23
279,541,5.0,4.46
199,5574,1.5,4.34
555,4084,3.0,3.33
328,1968,2.5,4.14
104,1253,3.0,4.5
21,108156,3.0,3.35
387,5265,3.0,3.27
387,906,3.5,3.75
249,2485,3.0,5.0
361,49278,4.0,3.61
365,142222,1.5,3.03
105,3307,5.0,4.25
513,6145,2.0,2.31
505,70293,2.0,3.38
57,1127,4.0,3.79
380,5507,3.0,3.75
223,7541,3.5,3.5
448,7016,1.0,3.5
198,1394,1.0,4.2
17,1259,4.0,4.0
186,1931,5.0,3.44
83,1653,3.5,3.25
372,318,5.0,5.0
610,91658,4.0,2.5
52,68954,4.0,5.0
363,1552,3.0,3.38
560,105213,2.5,3.49
141,34162,3.5,2.72
527,1968,5.0,4.51
606,26777,4.0,3.66
354,225,3.5,3.49
274,41566,2.5,3.18
298,103772,3.0,3.5
395,616,3.0,3.25
111,2718,4.0,2.61
474,2726,4.5,3.61
314,7,4.0,3.0
212,122886,3.5,4.5
91,3984,3.5,3.34
522,89492,4.0,4.5
610,3481,4.0,3.75
318,160563,3.5,4.0
217,1101,4.0,2.06
268,2064,2.0,5.0
314,924,5.0,3.8
597,2028,5.0,3.64
178,1810,4.5,4.0
359,2987,3.5,3.0
372,316,5.0,3.83
292,79702,2.0,3.2
159,339,3.0,1.67
286,356,4.5,0.5
346,32179,4.0,2.77
307,4885,2.0,3.0
319,139385,4.5,4.37
484,48,4.5,3.5
596,1214,4.0,4.84
361,260,2.0,3.67
331,54259,3.0,3.48
483,3699,3.0,2.22
564,1923,4.0,3.45
357,69757,3.5,4.39
432,364,5.0,2.36
294,1373,3.0,4.0
84,164,4.0,3.0
462,500,0.5,3.0
324,3897,4.0,2.0
314,500,3.0,4.36
438,379,3.5,4.65
151,761,1.0,3.57
156,2926,3.0,2.6
434,231,4.0,1.93
474,2787,2.0,2.75
510,34148,3.0,2.04
159,49286,2.0,4.56
318,86377,4.0,3.91
84,628,4.0,2.12
573,3753,4.5,4.24
421,61132,0.5,3.22
40,434,3.0,3.0
232,76251,4.5,4.5
159,46976,1.0,4.5
232,6541,3.0,3.87
299,3499,5.0,2.7
493,3793,3.0,3.24
122,2542,5.0,3.6
560,3949,4.0,2.82
39,2947,3.0,3.7
462,2762,2.5,4.33
182,3717,2.5,3.31
474,6376,2.5,3.82
555,1968,5.0,2.0
38,203,3.0,4.6
610,1213,5.0,4.5
391,110,5.0,4.5
100,916,4.5,4.17
600,2122,3.0,2.45
6,440,4.0,1.84
380,115149,5.0,4.0
414,5810,4.0,3.78
21,117368,3.5,3.05
474,230,3.5,3.84
477,7439,3.0,4.17
562,2396,4.5,3.44
525,41571,3.5,3.52
187,3160,4.0,4.53
414,2987,4.0,3.5
226,150,4.5,4.5
393,106642,5.0,4.72
363,50,4.0,3.81
1,1198,5.0,5.0
600,4361,4.5,2.64
314,50,4.0,4.38
600,1034,2.5,2.75
600,337,4.0,2.37
474,40819,4.0,5.0
603,549,4.0,3.4
479,5365,4.0,2.54
263,34,4.0,4.0
599,2470,3.5,3.0
62,136020,4.5,2.0
446,236,3.0,3.0
105,108727,4.5,4.0
232,42011,3.0,2.75
298,27904,3.0,4.27
198,5445,5.0,3.01
597,1964,3.0,4.0
448,1863,3.0,3.88
590,69122,3.0,3.0
160,1037,2.0,2.29
385,215,3.0,3.67
274,3986,4.0,3.59
414,2253,1.0,3.0
298,4979,3.0,2.9
22,6711,4.0,3.0
599,1517,3.5,3.0
249,53125,3.5,3.63
218,2302,2.5,3.5
332,2959,4.5,4.0
517,597,3.0,3.67
554,307,5.0,4.83
599,6548,1.5,4.41
318,3266,3.5,3.0
432,4023,4.0,3.5
68,231,3.5,4.21
33,1784,2.0,3.63
177,94478,3.0,3.39
260,6283,3.5,4.38
381,51698,3.5,4.0
387,2617,1.0,2.71
202,919,4.0,5.0
97,3578,4.0,3.81
187,27912,4.0,4.0
156,2712,4.0,1.38
117,804,3.0,3.62
307,8814,2.0,2.74
464,74727,5.0,3.85
146,830,4.0,3.18
606,32234,4.0,3.1
160,3702,1.5,2.5
414,25,3.0,3.0
524,457,5.0,3.41
144,32,4.0,4.0
298,3254,2.5,2.96
275,1136,5.0,4.0
19,2793,2.0,2.25
288,3494,4.0,4.0
534,2947,4.0,3.93
603,2356,1.0,4.5
263,2918,3.0,2.56
61,7153,4.5,4.67
570,2763,3.0,4.0
610,133832,3.5,4.39
325,190,5.0,3.25
105,905,4.0,4.3
98,63992,2.0,2.44
438,832,4.0,2.09
298,26903,2.5,3.52
129,253,3.5,3.25
239,5679,2.5,3.28
604,588,3.0,3.5
144,2571,4.0,3.72
590,59315,3.5,4.5
610,160341,2.5,3.5
580,3081,4.0,4.37
202,592,3.0,5.0
474,3681,3.5,3.5
462,34048,1.5,3.38
448,102025,0.5,3.19
517,94070,4.5,3.88
91,5294,3.5,2.04
599,176419,3.5,3.04
528,4011,5.0,4.34
298,104374,2.5,1.67
610,110501,5.0,2.9
368,185,2.0,3.5
220,1089,3.5,4.25
305,7153,5.0,2.57
381,55267,4.0,2.07
414,2096,4.0,3.0
7,356,5.0,5.0
555,1909,4.0,3.0
33,32,3.0,3.6
599,163809,2.5,3.45
447,315,4.0,3.4
38,590,4.0,4.0
62,168252,5.0,4.17
480,608,4.0,4.25
292,80463,4.0,2.1
380,6952,3.0,4.29
49,1097,4.5,4.05
268,1840,3.0,3.02
102,3,5.0,3.89
185,5377,3.0,3.35
111,4308,2.5,3.55
573,1573,4.5,2.55
68,1243,1.0,4.57
483,1589,2.5,3.68
317,110,5.0,4.72
20,3159,5.0,2.18
352,104879,5.0,4.0
177,585,2.5,3.17
594,6754,5.0,2.95
220,1036,5.0,4.33
480,46530,3.0,3.55
111,63131,4.0,4.0
239,3994,4.5,2.66
480,953,4.0,4.31
91,2137,3.0,4.0
326,97,3.5,3.5
304,11,5.0,4.0
561,5418,4.5,4.41
105,120466,4.0,5.0
18,1221,5.0,4.5
525,2,3.5,4.0
574,434,4.0,3.71
10,109374,0.5,2.67
171,720,5.0,4.0
136,145,3.0,3.5
599,68952,2.5,3.65
294,260,5.0,2.5
610,66943,3.5,2.96
468,410,3.0,4.0
483,1917,3.0,4.0
274,5481,2.5,2.78
438,5080,1.0,3.43
276,1367,4.0,3.5
226,5501,1.5,3.25
318,39292,4.0,4.06
249,4701,4.0,4.0
223,5349,4.0,4.17
509,110102,3.5,4.58
380,5364,3.0,1.02
365,122904,3.5,3.25
308,4963,1.0,3.44
274,6879,3.5,2.75
132,2424,3.5,2.7
132,1042,3.0,3.48
608,3484,3.0,3.3
139,5400,1.5,3.0
67,293,5.0,4.0
430,318,5.0,4.55
15,3147,5.0,2.65
607,724,4.0,2.67
527,1372,4.0,4.0
334,52952,3.5,3.98
68,7320,3.0,3.8
177,4018,3.0,5.0
91,3882,2.0,2.2
477,296,4.5,4.0
294,1641,2.0,3.67
369,934,3.5,3.76
414,3225,1.0,4.01
166,6377,4.5,3.5
68,3675,4.0,4.22
66,586,3.0,2.0
239,2840,3.5,3.89
177,60126,3.0,3.18
489,733,3.5,5.0
164,1356,4.0,2.0
22,5816,0.5,4.2
354,3578,3.5,4.0
305,56367,5.0,4.72
68,6944,4.5,4.5
492,818,3.0,3.4
19,597,3.0,4.39
480,8958,4.0,2.67
305,2791,5.0,3.5
264,653,2.5,3.38
182,6305,4.5,3.5
434,110,4.5,4.0
282,780,3.5,2.76
483,5309,2.5,2.17
380,6979,3.0,2.95
95,3702,5.0,5.0
202,1240,4.0,5.0
356,5792,5.0,3.44
141,122904,5.0,2.89
80,4886,4.0,2.89
610,6003,4.0,4.5
89,151739,2.0,3.1
408,122904,3.5,4.78
29,1100,3.5,3.38
564,106330,2.0,2.0
480,5782,4.0,3.54
68,6879,3.5,3.76
230,6365,4.0,3.67
534,104129,4.5,3.35
533,1997,5.0,4.52
28,16,2.5,3.0
448,6888,1.5,4.47
124,1405,4.0,4.0
368,2819,3.0,1.0
241,2160,2.0,5.0
270,9,3.0,2.33
184,117887,4.5,2.24
279,480,4.0,4.0
288,587,3.0,3.5
304,1587,2.0,2.67
19,2606,4.0,1.77
469,2023,3.0,4.0
124,2353,3.0,3.9
414,2006,2.0,3.5
354,48516,4.0,4.25
292,32,2.0,3.69
82,1221,3.0,1.75
330,6460,4.5,4.0
305,80489,4.0,3.57
355,900,5.0,5.0
379,316,3.0,4.63
125,56174,2.0,4.21
606,5952,4.5,4.25
504,3408,3.5,0.63
414,1277,5.0,4.5
210,189547,1.0,2.63
479,3041,1.0,2.06
310,4963,4.0,3.44
232,69306,3.5,3.65
159,3252,1.0,1.41
534,112897,4.0,3.43
599,55290,3.0,2.98
523,37729,5.0,3.55
163,1717,3.0,1.67
91,8368,4.5,4.06
301,8360,4.0,2.31
62,58559,5.0,4.56
357,1593,4.0,2.58
232,70334,3.5,2.52
562,6323,4.5,3.62
64,6323,3.5,3.0
240,420,4.0,2.72
177,2053,2.0,2.65
36,1094,1.5,3.72
468,253,4.0,2.84
456,802,4.0,3.84
20,1380,5.0,2.55
226,5015,2.5,3.5
290,1231,4.0,3.5
606,41566,3.5,4.5
105,4018,3.5,3.69
222,4974,2.5,3.0
318,1961,3.5,2.16
10,129428,3.5,4.68
373,594,5.0,5.0
549,260,2.0,3.83
270,653,2.0,3.0
516,1198,4.0,4.16
221,4338,4.5,3.5
414,37384,3.0,2.5
469,3095,4.0,4.5
600,353,3.5,2.32
348,2019,5.0,4.95
307,2003,2.5,3.5
380,8865,4.0,2.8
453,2424,4.0,2.0
567,127298,3.5,4.28
599,6832,3.0,1.85
607,3020,5.0,3.28
525,147378,3.5,3.26
68,1201,3.5,3.11
599,40578,3.0,2.74
288,2797,4.0,2.67
256,3785,4.0,3.5
217,1380,3.0,3.0
599,2586,0.5,2.92
274,2706,3.5,2.75
448,113225,3.0,3.0
483,2843,4.5,4.2
246,3863,5.0,1.64
304,1717,3.0,0.94
285,1285,2.5,2.0
64,1217,5.0,4.5
606,39292,4.5,3.5
219,3175,2.0,3.89
103,69140,4.0,4.89
509,26776,3.5,3.86
432,71902,3.5,2.7
448,72405,2.0,2.52
606,31410,3.5,2.93
599,86142,3.5,4.95
489,61160,1.5,4.0
272,4993,2.0,3.4
318,97860,4.5,1.19
244,1573,2.0,3.5
232,47518,3.0,3.66
182,1228,4.5,4.88
273,180,4.0,3.5
18,8798,4.0,4.0
597,1227,4.0,5.0
21,2717,4.0,3.1
414,84152,4.0,4.32
448,5308,4.0,2.33
202,357,4.0,4.65
73,86833,5.0,3.5
182,1193,4.0,4.0
135,2746,4.0,3.98
410,4334,5.0,4.0
610,88163,4.0,3.46
132,2858,4.5,3.5
221,34048,2.5,2.0
474,2723,4.5,1.69
68,1416,1.5,3.32
534,8984,2.0,4.7
361,1580,3.5,2.08
567,903,0.5,2.5
105,356,3.5,4.37
428,2985,2.0,3.51
469,2731,4.0,4.0
294,470,1.0,2.04
40,44,3.0,4.0
62,89745,4.0,3.73
462,60333,4.0,2.93
599,3552,3.0,2.25
369,2371,2.5,2.0
275,2819,5.0,2.87
132,3081,3.0,3.63
199,56274,3.0,3.75
275,235,5.0,4.65
63,5464,4.0,4.86
200,3210,4.0,4.0
19,911,3.0,4.16
475,56171,5.0,4.26
376,1584,4.5,3.5
318,55765,4.0,4.5
344,2916,5.0,3.13
55,27831,5.0,3.73
89,86833,1.5,3.81
174,370,3.0,3.5
368,1515,2.0,1.72
597,1222,5.0,4.26
266,2288,4.0,3.17
328,8464,3.0,3.1
555,2240,3.0,4.0
191,348,5.0,5.0
187,50,4.5,4.24
306,142997,3.5,2.0
438,7143,4.5,3.5
249,77561,3.5,3.0
288,5881,3.5,2.78
132,2699,1.5,4.64
267,2858,4.0,4.0
414,54999,3.0,3.62
211,32587,4.0,4.0
560,133771,4.0,4.4
414,7090,4.0,3.0
599,438,2.0,1.81
596,4226,4.5,2.17
18,34150,3.5,3.0
424,104879,5.0,3.24
514,2915,4.0,3.9
52,64620,4.0,4.06
33,293,4.0,5.0
198,1247,3.0,5.0
474,2174,3.0,3.5
599,2161,4.0,2.83
357,440,3.5,4.77
274,2174,3.5,4.33
414,76763,3.5,3.5
599,3827,2.0,1.32
474,8207,4.0,4.0
484,2959,5.0,4.38
209,2762,4.0,4.07
424,1968,3.5,2.82
342,1959,3.0,4.85
596,98124,3.5,3.5
268,2511,5.0,2.81
290,227,3.0,3.0
489,2797,4.0,4.0
42,223,5.0,4.5
19,1461,3.0,3.0
195,1732,4.0,3.0
560,260,4.0,4.75
570,920,2.5,3.22
308,58559,4.0,4.71
313,3740,5.0,4.86
82,5459,4.0,2.78
73,52973,4.0,3.65
609,833,3.0,1.89
274,34319,3.5,4.17
51,7757,3.5,4.0
28,593,2.5,4.0
178,2329,5.0,3.92
23,7099,4.0,4.35
288,2944,3.0,3.27
215,778,3.0,3.0
199,2997,4.0,3.55
274,79695,3.0,3.46
424,32587,3.0,3.36
84,266,4.0,4.6
19,135,3.0,3.26
410,260,3.0,3.63
66,255,0.5,1.5
89,118834,5.0,4.0
509,117529,3.5,3.5
410,3730,5.0,4.0
600,53953,2.0,3.25
408,10,4.5,3.0
318,7206,4.0,4.06
438,4388,2.5,2.81
222,49651,2.0,2.02
247,3949,3.0,2.6
18,92094,3.5,4.1
600,3388,3.5,2.6
32,497,5.0,4.11
104,293,4.0,4.3
477,1556,0.5,3.25
599,5171,2.0,2.04
555,2455,4.0,3.0
525,4054,3.0,2.56
232,4776,4.5,3.0
89,126088,5.0,4.46
301,3578,4.5,4.5
525,318,4.5,2.25
440,1748,4.5,2.52
226,7143,4.0,4.25
414,34336,2.0,2.71
266,541,5.0,4.5
387,3221,3.0,4.32
469,1831,2.0,4.85
274,1707,2.5,4.0
448,1965,2.0,3.0
274,66427,3.0,3.75
73,87232,5.0,4.31
594,1320,3.5,2.34
19,2287,3.0,1.82
489,3969,4.0,3.51
89,2059,1.5,2.75
425,6378,3.0,3.25
28,4344,1.0,2.84
10,33794,5.0,2.33
241,858,4.5,4.0
345,2352,4.0,4.74
561,2641,4.0,3.5
292,4899,3.0,4.0
599,3864,2.0,2.0
105,1244,5.0,3.24
607,891,5.0,3.28
217,2524,4.0,3.0
453,2683,5.0,4.2
133,454,3.0,4.0
105,4308,3.5,5.0
234,4203,4.0,4.0
414,7257,2.5,3.0
312,2762,4.0,3.56
332,1645,3.5,4.28
66,6754,4.5,3.5
599,880,2.5,1.69
197,786,2.0,3.41
357,2028,4.5,3.83
69,296,5.0,2.83
187,2997,5.0,4.14
601,176371,4.0,3.13
410,549,5.0,4.0
474,8385,3.0,2.6
344,2858,5.0,3.88
586,1784,4.0,3.5
232,4343,2.5,3.85
610,3925,5.0,4.0
21,551,0.5,4.53
50,165,3.0,3.71
469,3269,3.0,2.92
6,799,3.0,3.43
102,266,3.0,4.0
279,56782,4.5,3.31
288,2473,2.0,1.92
64,585,4.0,2.82
378,364,4.5,3.62
117,454,3.0,3.58
484,88163,4.0,3.56
103,40815,4.0,3.9
131,858,4.0,3.29
510,1393,3.5,1.8
560,68886,4.0,4.0
517,1079,1.5,2.92
89,99122,3.5,3.21
514,182727,2.0,2.3
241,48780,3.5,4.12
474,6777,3.0,4.3
256,3510,4.0,1.98
58,529,5.0,5.0
606,4428,2.5,4.0
200,1682,3.5,4.0
78,53972,1.5,3.31
474,4215,1.0,2.67
64,1042,3.0,2.85
51,4447,3.0,3.04
247,115713,5.0,4.5
50,175661,1.5,3.23
508,562,2.5,3.55
20,1030,3.0,3.75
294,2642,1.0,1.5
274,57528,3.5,3.51
474,2660,3.5,1.49
51,387,3.5,3.33
240,377,5.0,3.67
587,1234,4.0,4.0
318,133771,3.5,4.35
219,2194,2.0,4.0
335,3911,4.0,1.5
543,59900,0.5,2.82
298,48877,2.0,3.08
305,103075,3.0,3.11
474,4993,5.0,5.0
488,2302,3.0,1.07
509,2572,3.5,3.65
610,3977,2.0,3.0
164,1101,5.0,4.58
401,84944,3.5,4.0
232,5502,4.0,3.0
117,1036,3.0,3.75
608,5401,2.0,3.54
243,161,5.0,4.0
514,597,2.5,4.0
382,59315,4.5,5.0
448,2,3.0,4.33
414,2147,3.0,4.0
274,2004,4.0,4.25
71,1210,3.0,4.67
410,3161,4.0,4.62
105,3968,3.0,4.25
448,90522,2.0,3.14
607,204,3.0,2.67
33,1249,5.0,3.55
362,1222,4.5,5.0
414,2804,4.0,2.0
101,2723,2.0,3.15
552,3,1.0,4.33
492,662,4.0,3.27
478,1073,4.0,3.5
573,44665,4.5,3.91
561,93326,2.0,2.38
45,21,4.0,4.44
288,4587,2.0,2.76
275,750,3.0,4.0
304,1726,5.0,3.41
596,120919,3.0,2.87
380,33164,3.0,4.0
561,136864,2.0,1.5
160,3793,1.0,3.33
17,3435,3.5,2.7
160,111,5.0,3.54
346,1625,2.5,4.0
275,260,4.0,4.0
68,119145,4.0,3.83
28,8633,4.5,3.0
521,14,4.0,1.58
217,2598,4.0,4.34
520,7373,4.0,3.68
202,420,1.0,3.34
274,1193,4.5,5.0
428,150,2.0,5.0
326,1619,5.0,3.56
543,94959,2.0,3.06
63,1923,2.0,4.0
534,2716,4.5,3.67
280,41573,4.5,3.25
414,235,4.0,3.33
303,1240,5.0,2.0
132,64839,2.5,3.94
469,2797,3.0,3.97
198,4886,3.0,3.59
55,1357,0.5,4.0
23,1217,3.5,3.53
219,3972,4.0,4.09
599,2746,3.0,3.25
600,543,2.5,2.1
249,78637,3.5,3.11
359,8533,4.5,4.33
135,2395,3.0,2.22
352,97752,5.0,4.0
484,616,4.0,3.98
57,1676,4.0,3.0
436,257,3.0,3.44
232,2791,3.0,3.64
552,442,1.5,4.0
511,2571,5.0,3.71
535,2692,5.0,2.31
448,45666,2.0,3.11
68,2541,4.0,1.4
132,1307,3.5,3.75
280,51662,3.5,4.04
101,2707,4.0,3.8
590,4489,3.5,2.57
448,1100,3.0,2.9
608,5459,4.0,2.5
307,1136,3.5,3.5
483,410,3.0,3.66
561,134853,3.0,3.1
102,161,3.0,3.0
527,1663,4.0,4.31
603,1224,2.0,3.67
606,48385,3.0,4.5
414,6618,3.0,3.5
275,4034,5.0,4.26
552,2857,4.0,4.33
122,2160,5.0,3.61
594,2000,4.5,4.67
280,356,4.0,3.5
599,1791,3.0,2.7
474,745,4.0,5.0
590,355,2.0,5.0
177,2424,3.0,2.39
474,5876,4.0,3.0
1,1587,5.0,4.57
21,3638,4.5,4.5
19,1345,3.0,2.0
428,260,3.5,4.83
483,2019,4.5,4.2
381,45361,1.0,4.0
414,2986,2.0,3.75
517,49272,1.5,1.86
218,2657,3.5,2.0
607,1982,5.0,4.29
600,663,4.5,1.5
186,3510,4.0,3.32
552,1196,5.0,5.0
414,1024,4.0,4.0
210,4306,4.0,4.21
600,3882,2.0,1.78
172,1210,4.5,5.0
387,4928,4.0,2.53
198,2875,2.0,2.0
305,2288,5.0,4.0
294,355,3.0,4.52
219,6934,2.5,3.0
342,2683,3.0,2.0
462,337,2.5,5.0
373,585,1.0,3.0
42,1088,3.0,3.25
82,2381,2.5,2.25
216,3755,4.0,2.5
39,924,2.0,3.12
425,1590,3.5,2.8
268,2403,2.0,3.65
339,49530,4.0,2.0
6,313,3.0,3.0
156,4027,4.0,4.19
563,111659,3.5,2.33
610,6872,1.0,3.0
590,32,3.0,4.72
603,4815,1.0,2.75
91,288,3.5,2.5
115,3301,4.0,3.93
474,592,4.0,4.5
514,1326,1.5,3.17
130,318,5.0,3.5
19,3693,2.0,2.94
139,49278,1.5,3.75
599,45648,2.5,2.7
512,208,3.0,2.74
448,5954,4.0,3.42
377,62383,3.5,2.21
249,52973,4.0,3.51
380,7387,5.0,3.26
599,122260,2.5,0.65
477,78746,4.0,3.41
221,31692,0.5,4.0
33,150,3.0,4.35
42,2497,4.0,2.0
448,4447,1.5,3.18
199,6365,2.5,4.77
91,589,4.0,3.5
66,1265,3.5,5.0
182,5881,4.0,3.78
521,648,4.0,3.0
165,2019,4.0,4.31
28,2618,3.0,3.63
238,4855,4.0,3.32
111,2694,3.0,3.39
303,2662,3.5,4.45
19,2550,3.0,1.67
216,1269,4.0,4.0
475,1196,5.0,5.0
298,5900,2.5,2.86
28,49530,4.5,3.69
414,2378,3.0,1.8
482,329,4.5,4.24
182,2890,3.5,3.14
28,56587,3.0,3.28
259,153,4.0,4.44
414,46,2.0,3.5
153,117881,3.0,3.38
4,3481,2.0,3.7
312,1342,4.0,4.0
447,480,4.0,3.5
111,3752,3.0,2.36
80,4995,4.5,4.0
130,590,3.0,2.63
448,40278,3.5,3.79
448,86190,3.5,1.83
586,4489,4.0,2.57
610,112727,3.0,3.0
115,3052,3.0,4.55
510,3481,3.5,3.42
577,920,5.0,2.78
453,4334,4.0,3.21
546,1270,3.0,5.0
387,7895,3.5,4.0
273,236,4.0,4.45
599,442,2.5,3.5
124,296,4.5,4.25
137,1262,3.0,3.0
470,208,3.0,2.51
448,104241,3.0,2.24
226,1005,3.0,1.6
244,1480,4.0,3.0
76,31410,4.0,3.21
382,70946,0.5,1.14
385,1240,4.0,3.5
610,8985,2.5,3.92
294,577,1.0,2.93
590,260,5.0,5.0
249,1356,3.0,3.8
464,1101,4.5,2.96
28,6957,3.0,3.14
232,8939,3.0,2.28
421,953,5.0,4.65
401,55768,2.5,3.22
258,122904,5.0,4.5
351,71579,4.0,4.05
260,3424,4.5,5.0
590,3435,4.0,3.5
600,1248,3.0,3.5
500,2572,3.0,3.13
361,34520,2.5,1.92
45,2947,4.0,3.07
57,1641,4.0,3.4
462,593,3.5,3.5
103,87194,3.5,3.08
357,7026,3.0,2.46
132,592,2.0,3.25
222,82459,3.5,3.3
217,1374,3.0,4.0
274,31685,3.5,3.0
307,3448,2.5,1.24
113,3296,5.0,3.86
428,2459,1.0,2.65
63,110102,4.0,4.2
561,8644,2.5,3.35
219,1485,1.5,2.43
84,914,4.0,3.0
610,68205,4.0,1.69
298,1221,3.5,3.75
422,3897,4.0,4.16
125,112552,4.0,3.78
274,2395,2.5,4.56
298,6702,0.5,3.0
599,3950,2.5,4.45
517,1784,3.0,4.0
84,57,3.0,4.05
217,2012,2.0,3.0
590,435,2.0,3.0
139,8371,2.0,3.25
140,2028,5.0,3.83
515,260,5.0,4.08
477,648,3.0,3.25
211,1125,4.0,2.85
556,94780,3.5,3.19
563,61250,1.5,4.53
534,1282,4.5,3.7
380,3703,5.0,4.5
188,2206,5.0,5.0
177,2082,2.0,3.67
474,3134,3.0,4.0
514,1213,4.5,4.0
318,1193,4.0,3.5
281,2694,3.0,3.93
580,5218,4.0,4.0
509,6294,3.0,3.64
105,69122,4.5,4.19
534,52287,4.0,4.96
464,1240,4.0,4.0
474,7018,2.5,3.31
606,5072,3.5,4.45
264,1250,5.0,3.0
19,2184,3.0,3.47
212,2918,2.5,3.89
599,1094,3.0,3.25
249,73431,2.5,3.54
249,67923,4.0,4.02
219,8360,4.0,3.5
317,318,4.0,4.17
542,7451,4.5,4.4
269,648,3.0,3.25
385,383,2.0,3.0
448,1882,3.0,2.62
590,1950,4.0,3.0
608,802,3.0,4.32
339,16,4.5,4.0
84,1295,5.0,4.0
380,136864,2.0,4.84
45,1968,4.0,3.1
356,4226,5.0,4.92
448,115151,2.0,2.84
129,2692,4.5,4.2
448,158872,4.0,1.62
419,111,4.0,4.25
66,2248,4.5,3.5
287,1407,2.5,2.67
474,5440,3.0,3.0
418,85414,3.5,4.0
148,79132,1.5,4.06
474,6385,5.0,3.0
275,2212,4.0,2.54
113,11,3.0,4.0
111,131826,4.0,3.5
111,3897,4.0,4.0
606,7143,4.0,4.0
167,480,3.5,4.0
356,529,4.0,3.87
232,7445,3.5,3.0
301,2378,2.0,2.72
182,6890,4.5,2.86
544,1105,5.0,4.0
111,98203,1.5,4.66
19,3370,2.0,2.18
43,11,4.0,4.5
558,5329,5.0,3.62
307,26680,3.5,4.22
19,849,2.0,3.71
479,3504,4.0,4.0
187,6377,2.5,3.28
298,3511,1.5,1.19
608,173,3.0,2.75
62,68554,4.0,4.0
186,364,4.0,3.29
254,4973,4.5,4.84
132,8874,3.5,2.8
561,50,4.5,4.0
428,1653,3.5,4.0
491,86833,3.5,3.67
33,36,5.0,3.67
165,5464,3.0,4.0
356,2671,3.0,5.0
232,1035,3.5,4.7
129,1210,4.0,2.57
237,44191,4.0,4.5
239,2329,5.0,4.31
28,1221,4.0,4.0
603,3586,4.0,3.21
187,3328,5.0,3.88
274,2076,4.0,3.59
45,5307,3.0,3.0
222,858,4.5,4.5
561,1587,4.0,2.0
357,2067,5.0,3.98
125,1625,5.0,4.0
452,3703,5.0,4.5
509,38038,3.0,2.8
87,3910,4.0,4.5
519,140110,4.0,3.8
514,79132,4.0,5.0
328,6539,3.5,2.86
369,370,4.0,3.0
335,2302,3.0,3.38
339,80139,4.5,1.96
414,5380,4.0,4.0
600,3250,2.5,1.84
251,356,5.0,4.67
232,1370,3.5,3.0
489,39183,4.5,4.0
414,374,1.0,4.0
33,914,5.0,5.0
600,3535,3.5,4.67
457,2701,1.0,5.0
608,2161,3.0,4.0
105,31696,3.5,2.67
414,5004,3.0,4.91
477,2529,3.5,3.43
143,6593,4.0,3.25
414,1610,5.0,2.5
307,8464,3.0,1.17
32,52,3.0,4.58
448,99112,2.5,2.6
567,45880,3.0,3.74
414,209,4.0,2.5
385,1136,4.0,4.5
221,1220,4.5,4.75
318,127298,4.5,1.22
600,575,2.0,0.8
139,3994,2.5,3.25
608,6333,4.0,3.0
19,2027,1.0,2.8
92,327,3.5,2.88
606,3246,4.0,1.91
91,4993,4.5,4.75
474,2187,3.5,4.33
387,3742,3.5,3.12
156,4378,4.5,4.71
480,5679,4.0,2.25
448,2718,3.0,3.86
223,34,1.0,3.72
182,2827,1.5,3.25
266,2428,1.0,3.0
19,2888,3.0,2.74
448,71464,3.0,4.0
493,4438,5.0,5.0
448,2110,4.0,3.57
367,3507,4.0,3.22
140,2334,3.0,4.27
414,1457,2.0,3.0
21,44022,3.5,2.92
510,2791,4.0,3.75
160,2688,0.5,3.15
555,2827,1.0,2.3
597,3019,5.0,2.61
132,673,2.0,2.9
603,2053,2.0,3.0
68,1704,4.5,3.5
599,7481,3.5,4.03
160,2428,1.0,4.6
495,4034,2.5,4.47
373,181,1.0,3.0
89,1080,1.0,3.16
325,2239,5.0,3.11
336,3147,4.5,4.71
259,3910,5.0,3.49
298,51412,0.5,3.9
288,4994,3.5,4.0
280,1393,4.5,3.74
91,2797,3.0,4.03
222,62250,3.0,4.07
317,68237,4.0,4.36
57,2530,3.0,3.55
239,780,4.0,4.8
50,4226,3.0,4.01
177,455,3.0,2.5
474,8542,3.5,3.5
6,569,4.0,2.86
410,2395,4.0,2.34
139,87232,3.5,4.0
524,1196,5.0,4.75
458,225,5.0,5.0
42,2641,2.0,2.39
119,31410,4.0,3.5
217,1806,1.0,4.0
182,4246,3.5,3.7
462,3578,2.0,0.5
363,1961,3.0,4.23
453,2447,3.0,3.0
411,230,4.0,2.07
248,3793,3.5,3.95
434,6333,4.0,4.0
376,457,4.0,3.0
368,1610,5.0,2.67
100,377,4.0,3.0
397,4037,3.5,2.2
305,1197,4.5,4.33
28,1206,2.5,4.55
274,1214,4.0,4.25
428,1479,3.0,2.28
20,1097,5.0,4.7
159,30812,2.0,2.21
113,1244,4.0,3.45
273,364,5.0,3.59
274,4643,2.0,2.74
316,520,3.5,3.0
249,49649,2.5,2.58
419,493,4.0,4.0
68,58299,3.0,3.73
305,3285,3.5,1.7
610,5618,4.0,3.55
455,34,4.0,3.0
298,70663,2.5,0.51
527,30,1.0,3.71
560,128360,3.5,3.01
221,2985,3.0,4.91
105,52281,5.0,3.5
352,84954,2.5,3.95
498,110,5.0,4.74
480,2572,2.5,4.83
288,1660,3.0,3.0
28,4378,3.0,3.25
122,52319,4.5,2.56
323,2803,3.0,3.61
425,1917,3.5,2.0
89,33679,2.5,4.88
585,79132,4.0,4.79
209,2959,4.5,4.8
36,2359,4.5,5.0
600,1198,4.0,4.67
177,4995,4.0,3.64
573,2571,5.0,4.0
68,7254,2.5,3.75
177,3798,3.5,4.02
441,91529,5.0,3.85
206,661,5.0,3.0
582,81834,5.0,4.08
467,2493,4.0,3.24
387,2337,3.5,3.75
432,44759,3.0,3.38
580,2692,4.0,3.87
160,1107,3.5,3.0
105,8665,3.5,4.5
125,6874,4.5,4.44
561,34,2.5,2.5
199,44195,4.0,4.91
462,345,1.0,2.0
414,33493,4.0,2.8
405,1295,4.0,4.25
232,3949,4.5,4.25
225,2406,3.0,3.88
414,48738,4.0,4.0
292,102123,1.5,4.0
64,2450,2.0,4.0
62,87430,3.5,2.32
474,6225,3.0,4.0
580,8361,3.5,4.0
580,34150,3.0,1.88
181,161,4.0,3.18
239,4022,3.5,4.0
380,5971,5.0,3.3
230,2985,1.0,2.97
520,4306,4.0,2.67
418,106766,4.5,4.52
370,2762,4.5,3.57
387,63,2.0,4.0
298,165,3.0,2.63
288,1350,3.0,2.25
105,915,4.0,4.0
217,2253,3.0,3.0
381,54001,4.5,4.96
274,6586,2.5,2.67
34,3717,4.5,4.36
330,1500,2.5,1.5
149,788,4.0,4.17
177,6624,2.0,3.79
599,5548,2.5,2.29
599,1196,5.0,4.0
182,5507,3.5,2.07
586,106487,3.5,4.94
610,27905,3.5,2.96
474,6235,3.5,3.75
249,116823,4.0,3.5
275,4993,4.0,3.37
64,2406,3.5,4.0
515,174055,4.0,3.53
166,1276,4.5,4.26
129,1358,0.5,4.21
82,6,3.5,4.0
274,558,4.0,3.05
380,32019,3.0,3.0
381,2294,3.0,4.25
8,356,3.0,4.25
334,1240,3.5,4.0
258,72641,3.0,3.85
489,7153,4.0,3.0
513,150,4.5,4.0
105,147196,5.0,4.9
68,6711,5.0,4.0
438,4018,3.5,1.7
357,780,4.0,3.5
436,532,3.0,4.22
346,7234,3.5,4.21
425,1387,3.0,4.67
435,3578,4.5,3.5
458,39,4.0,2.77
260,4027,4.0,3.84
339,111,4.0,5.0
64,1258,3.5,4.0
292,1307,3.0,4.16
51,53953,3.5,3.08
414,6323,3.5,3.83
105,5373,4.0,3.65
469,2132,4.0,3.29
344,111443,3.0,2.72
141,115713,4.5,4.32
560,109313,4.0,3.0
249,93831,4.0,5.0
352,1213,3.5,4.66
21,7570,4.5,5.0
232,52328,3.0,3.98
42,4008,4.0,4.93
240,344,5.0,3.0
434,1517,4.0,1.87
474,4022,3.5,2.75
317,4306,4.0,3.5
602,861,4.0,4.0
561,49272,3.0,3.98
565,357,4.0,3.5
91,2723,3.5,3.0
599,3108,3.0,4.0
324,3884,2.0,3.17
256,4018,4.0,2.5
68,3552,4.0,5.0
551,91542,4.0,3.74
288,5040,3.0,2.87
610,3681,5.0,3.55
182,1747,3.5,4.12
108,3072,3.0,2.89
318,3751,3.5,2.45
199,2006,3.0,1.3
266,1784,3.0,3.33
217,720,4.0,3.0
354,1233,4.0,4.18
414,7150,3.0,3.0
51,70,5.0,3.74
477,432,3.0,3.0
555,356,5.0,4.0
91,1917,2.5,5.0
448,79185,1.0,1.24
307,186,0.5,1.9
182,2924,3.5,3.31
599,3863,2.5,2.0
507,47,3.0,4.29
305,2115,1.0,2.82
201,2080,4.0,4.9
436,34,5.0,3.5
606,46965,1.0,2.5
599,704,0.5,2.45
314,327,1.0,3.0
328,1302,0.5,4.76
19,65,2.0,2.0
294,1615,2.0,3.0
411,587,4.0,4.0
428,3081,4.0,4.0
256,520,4.0,4.33
226,2273,3.5,3.75
373,362,1.0,3.45
503,4537,4.5,2.55
57,589,4.0,3.67
7,4223,2.0,1.92
132,7022,3.5,5.0
538,671,5.0,2.74
51,1580,5.0,3.12
159,89864,3.5,3.63
117,186,3.0,3.0
596,49530,2.5,1.8
480,32584,2.5,4.5
58,19,1.0,4.5
517,3398,1.0,2.86
288,2502,3.5,3.89
181,5,3.0,3.55
105,4993,4.0,4.0
187,4967,4.5,4.5
318,6440,3.5,3.34
318,2467,3.5,4.42
140,4963,3.0,3.7
21,7573,5.0,5.0
573,4718,4.5,4.42
377,6656,4.0,3.78
509,26999,3.0,3.68
284,223,5.0,2.8
462,535,4.5,4.15
70,3543,4.0,3.81
342,1799,3.0,3.32
436,587,4.0,3.33
182,3000,5.0,4.75
177,8984,3.5,2.44
610,912,3.5,4.5
605,62970,3.0,1.75
474,1350,4.0,3.17
590,6863,3.0,3.41
428,3555,2.0,4.0
249,38061,4.0,4.0
474,4815,3.0,2.82
501,661,1.0,3.06
279,7153,4.0,2.62
50,903,4.0,3.67
28,3052,3.0,3.0
62,778,4.5,4.31
225,1321,4.0,2.64
414,7165,3.0,3.67
553,1213,5.0,5.0
580,3949,3.5,4.38
300,5995,4.5,2.67
474,7013,4.5,3.0
308,1246,5.0,3.94
227,150,4.0,4.78
398,32,5.0,3.0
83,5903,3.5,4.25
606,1873,4.5,3.87
177,11,3.0,4.5
438,5804,2.5,3.15
387,8972,3.5,3.37
580,1784,4.0,3.66
414,45666,2.5,1.52
597,780,1.0,3.75
270,736,4.0,1.88
298,4447,1.0,2.49
419,57368,4.0,2.77
334,908,3.5,4.5
105,26662,4.0,4.14
42,3253,4.0,3.5
232,55267,3.0,3.33
590,1265,4.0,4.5
569,377,5.0,3.53
24,2115,4.0,4.0
212,168366,4.0,3.95
495,1499,2.5,0.65
603,3783,4.0,2.0
107,434,3.0,3.0
571,1219,4.0,2.6
286,6373,3.0,3.32
368,1127,4.0,4.41
307,2432,2.0,4.0
73,8807,4.0,4.76
233,1089,2.5,3.61
111,181065,3.5,3.3
600,1296,1.5,2.5
474,2797,4.0,1.0
210,122924,4.0,4.5
410,3468,5.0,4.0
509,74677,4.0,3.5
274,2498,2.0,3.85
387,1273,4.0,4.5
564,35836,3.5,3.42
282,3114,4.5,4.0
192,317,3.0,4.0
142,592,3.0,5.0
396,1320,0.5,3.16
288,1101,3.0,1.25
160,788,1.0,4.63
483,1644,1.0,3.38
528,33794,4.5,3.0
235,10,2.0,3.74
290,3007,4.0,3.59
606,4439,3.5,4.0
380,4306,5.0,3.69
274,70,4.5,3.85
288,30810,4.5,4.43
274,3969,3.5,3.77
380,4148,3.0,2.5
597,2108,4.0,5.0
480,32587,4.0,4.5
210,128842,4.0,4.56
347,587,4.0,3.84
562,1240,5.0,3.98
479,2367,2.0,3.23
391,912,5.0,5.0
610,4718,3.5,3.77
217,748,3.0,4.89
410,3925,5.0,4.53
448,3763,4.5,2.88
93,318,4.0,4.26
104,80584,4.0,3.71
66,18,4.0,2.84
587,1135,4.0,3.82
520,61240,2.0,3.87
71,802,5.0,3.4
91,2529,4.0,3.31
149,1334,4.0,4.31
274,7368,3.5,2.0
599,1639,3.5,2.92
368,1686,3.0,2.96
256,56251,4.0,4.0
318,1175,3.5,3.7
217,2151,3.0,3.0
298,2021,3.5,3.0
573,4816,5.0,3.04
408,85510,3.5,3.71
66,4654,3.5,2.94
493,592,4.0,4.0
592,329,3.0,3.5
111,55872,3.0,3.46
599,3937,1.5,1.83
567,3266,5.0,3.06
492,832,5.0,3.67
200,48738,4.0,4.19
448,63131,3.0,3.62
487,2571,3.0,4.22
182,1391,4.0,3.64
309,318,4.0,2.33
219,31221,0.5,2.0
382,98809,4.5,5.0
182,3117,4.5,3.51
205,4896,4.5,3.64
391,2080,5.0,4.95
514,3421,4.0,3.15
599,56286,3.0,3.72
483,56251,5.0,4.35
377,5049,4.0,2.93
599,1499,2.0,3.51
23,334,4.0,2.0
567,97836,1.5,4.18
438,49272,4.0,4.0
262,515,5.0,3.8
559,432,3.0,2.07
480,19,1.5,2.5
564,49286,3.0,3.5
429,300,4.0,4.5
351,5608,4.0,4.21
317,6708,3.0,4.0
603,4056,4.0,3.32
380,1982,5.0,3.0
577,1690,3.0,3.88
448,55768,3.5,3.96
417,1198,2.5,4.0
10,1247,3.0,1.92
16,593,3.0,4.34
352,4306,3.0,4.0
353,296,5.0,4.75
189,3578,4.0,2.86
448,223,4.0,4.0
198,1172,5.0,3.04
489,1961,4.0,2.83
101,2598,2.0,4.55
227,48774,4.5,4.0
305,3527,4.0,5.0
337,1210,5.0,3.87
381,1500,4.0,2.05
382,33660,4.0,2.53
18,122892,3.5,3.62
135,367,4.0,3.5
265,1214,2.0,4.0
600,1029,3.5,3.0
318,3424,3.5,2.03
599,8665,3.0,0.71
68,6297,3.5,4.0
292,253,1.5,1.95
279,115569,4.5,3.13
334,4235,3.5,4.0
167,4369,1.0,3.51
381,4370,3.0,3.0
227,457,4.0,3.53
292,296,3.0,4.5
205,88125,4.0,4.27
434,48774,5.0,2.0
57,1388,2.0,3.86
305,8985,4.0,2.52
610,69275,4.0,3.54
534,67197,3.5,2.06
42,3255,3.0,3.5
526,106920,4.0,3.6
448,7076,4.0,3.29
599,1351,2.0,2.5
539,318,4.0,4.0
139,48780,2.5,3.5
84,1132,4.0,4.5
414,43917,3.5,2.54
215,356,3.5,2.5
564,1968,4.0,5.0
579,3114,5.0,3.55
41,597,3.0,5.0
350,7,3.0,4.0
414,1753,2.5,4.0
567,26743,2.5,2.0
369,2706,3.5,2.18
125,858,4.5,5.0
256,204,4.5,2.41
540,2598,3.0,2.1
524,1200,5.0,4.16
527,3036,5.0,4.0
353,47,5.0,4.5
288,2867,3.0,3.0
517,3599,1.0,3.37
391,1196,5.0,4.2
600,2606,2.0,2.55
45,2329,5.0,5.0
414,54259,3.5,1.5
10,49286,5.0,1.2
216,2788,3.0,3.26
513,110,4.0,4.3
91,3671,4.5,4.0
141,109374,5.0,3.33
140,1090,4.0,3.0
241,3910,5.0,2.23
514,2918,4.0,3.56
69,1266,5.0,2.25
391,3000,4.0,5.0
34,3624,4.0,1.5
103,77561,0.5,3.58
511,68954,4.5,3.5
249,46723,4.0,3.65
239,4776,4.0,3.44
599,5903,2.5,4.57
182,1370,3.5,4.91
592,303,3.0,3.42
20,3793,3.5,3.75
217,2779,3.0,2.17
36,1892,3.5,3.8
247,5989,3.5,3.5
414,1101,5.0,4.67
474,8530,4.0,3.79
274,3968,3.5,3.8
265,2364,2.0,3.77
577,2146,4.0,2.81
372,1390,4.0,4.0
256,4701,4.5,4.0
351,51662,4.0,3.15
338,122912,1.5,1.28
499,4642,5.0,3.79
18,53972,3.0,2.81
111,719,4.0,4.51
462,148626,3.5,5.0
332,3470,4.0,4.0
559,783,4.0,4.5
181,1082,3.0,2.39
605,1367,3.0,3.77
490,54272,3.0,4.0
387,4553,3.0,3.62
274,968,3.0,4.31
322,2052,2.0,3.0
137,1301,4.0,4.94
599,892,3.5,3.0
568,3053,4.0,3.4
309,973,4.0,4.56
365,216,3.5,3.45
50,92046,3.0,4.06
100,6377,4.0,3.67
571,2288,2.0,3.33
599,1015,1.5,2.0
247,2329,3.0,4.15
307,32031,2.5,0.93
247,40815,2.0,3.77
477,1193,4.5,4.0
274,6464,3.5,2.48
222,102686,3.5,3.5
590,4262,4.5,3.0
105,111622,4.0,4.38
289,16,4.5,2.9
169,1777,4.0,3.21
414,2513,2.0,4.49
426,4306,4.5,2.0
409,3813,4.0,4.81
462,179813,4.0,4.24
389,32,4.0,3.75
414,3070,4.0,4.0
220,223,5.0,4.0
133,377,3.0,3.88
514,84772,3.5,3.44
605,56171,3.0,2.8
436,485,3.0,3.5
249,4489,3.5,3.34
169,3421,4.0,3.11
4,3897,4.0,3.55
73,2706,3.5,3.28
380,3979,2.5,3.24
42,1090,5.0,3.8
304,1240,5.0,3.5
387,1025,3.0,2.29
368,3173,3.0,4.0
42,1722,5.0,4.76
288,6303,3.5,3.59
186,1307,3.0,4.0
361,53125,4.0,3.96
391,3256,3.0,1.75
603,426,4.0,3.0
469,1858,2.0,3.5
381,1073,4.0,4.0
599,4155,2.5,2.33
140,1028,4.0,4.37
610,8783,3.0,3.5
606,5943,3.0,2.23
387,51255,3.5,4.74
41,593,4.0,3.5
222,3273,3.0,4.5
266,135,1.0,2.0
177,4306,4.0,4.0
232,59501,3.0,3.0
482,6787,3.5,4.45
527,3016,4.0,3.19
57,588,4.0,3.5
95,541,5.0,4.0
298,4973,3.0,1.0
443,1200,3.0,5.0
380,51662,4.0,3.5
483,4370,4.0,3.25
95,3019,5.0,4.26
514,2144,3.0,2.14
365,80549,4.5,3.96
469,1261,4.0,5.0
163,1614,3.0,2.32
468,160,2.0,2.41
608,6820,3.5,3.94
148,5618,3.0,3.83
4,215,5.0,3.74
105,86066,4.0,3.84
249,1408,4.0,4.5
111,94953,4.5,4.29
84,17,5.0,4.0
452,3633,3.0,3.72
91,2395,1.0,2.0
541,165,3.0,3.5
139,45722,2.5,3.0
441,122886,4.5,3.5
307,40581,2.5,3.16
597,1307,5.0,3.33
119,84392,4.0,2.5
249,3686,3.0,3.81
68,1584,2.5,3.5
66,1862,1.0,3.42
596,163639,4.0,3.0
570,48738,3.5,4.0
551,2000,4.0,3.0
68,49274,3.0,5.0
314,163,3.0,2.0
543,4226,5.0,5.0
307,3535,5.0,4.6
414,86332,3.0,4.0
356,64957,3.0,3.53
202,3260,4.0,3.5
422,4190,4.0,4.0
367,1028,5.0,2.39
220,5464,4.5,1.57
243,588,3.0,3.5
448,3707,2.0,2.6
414,5993,4.0,4.0
427,5400,2.0,2.99
427,1247,3.5,4.0
275,1179,5.0,4.21
223,2144,4.0,4.63
122,589,5.0,4.0
249,318,4.5,5.0
177,1333,4.0,4.84
51,1500,5.0,0.5
412,34,5.0,4.31
600,1499,2.0,4.0
448,7046,3.0,2.71
135,292,4.0,2.11
23,923,4.0,4.0
91,608,3.5,5.0
597,357,5.0,4.45
474,4571,4.5,4.0
247,136864,2.5,2.0
361,4246,3.5,3.91
346,4816,3.0,3.68
196,5952,3.0,4.5
448,85881,3.5,4.28
474,47465,3.5,4.0
598,130490,5.0,2.03
489,45447,3.5,3.12
469,1320,3.0,2.97
599,1036,4.0,3.0
166,32,4.0,4.0
91,3727,4.5,4.2
590,196,2.5,3.0
587,587,5.0,4.18
380,6534,3.0,2.3
147,543,2.5,3.61
28,38886,2.0,2.99
6,510,3.0,3.16
177,83132,2.5,3.75
313,1291,4.0,4.47
105,122904,4.0,4.78
368,3256,3.0,2.31
160,296,5.0,1.33
318,2952,3.0,2.11
112,1,3.0,1.68
104,33004,4.0,3.62
68,49772,2.5,3.89
34,27801,5.0,1.56
577,1270,5.0,4.5
376,33794,4.0,4.62
321,736,4.0,1.48
103,953,4.0,3.5
599,3252,4.0,2.5
534,2949,4.0,3.83
601,5971,4.5,3.89
562,44974,5.0,3.0
492,736,4.0,5.0
10,66203,3.5,2.5
514,2406,3.0,2.78
102,158,3.0,3.31
274,5363,2.5,4.0
177,4069,4.0,4.0
125,92259,4.0,4.1
19,7,2.0,2.5
232,2021,3.5,5.0
64,159,3.5,2.54
283,587,2.0,3.25
474,1022,4.0,3.0
28,54503,3.5,3.63
323,48,3.5,4.11
105,5349,3.5,3.5
527,969,4.0,3.01
370,4878,4.0,4.0
287,2747,3.0,2.28
469,2858,5.0,3.75
411,480,5.0,3.5
400,858,5.0,3.69
609,731,4.0,4.12
348,750,4.5,4.27
607,1240,5.0,3.75
600,172,2.0,2.18
564,2706,4.0,2.57
1,1029,5.0,3.67
184,102123,3.5,4.03
19,2054,3.0,2.25
525,68358,3.0,3.7
380,8866,3.0,2.77
71,801,4.0,3.38
599,88593,2.5,2.5
307,4306,2.5,3.17
408,134130,4.0,4.52
446,589,5.0,3.67
509,1682,4.0,4.0
507,34,5.0,3.71
260,1288,5.0,4.25
563,1197,3.0,4.26
599,2572,3.0,4.0
385,1196,5.0,4.0
369,6296,3.0,4.8
555,2375,4.0,4.0
414,3684,3.0,3.62
90,1116,4.0,4.6
485,588,4.0,3.75
517,3418,1.0,3.15
249,1527,4.0,4.0
603,2424,2.0,1.0
608,1644,3.0,4.22
160,442,2.0,3.0
479,2683,5.0,4.17
63,3421,2.5,4.43
603,1922,4.0,4.0
223,47,3.0,4.0
68,541,2.0,5.0
64,5669,3.5,5.0
600,1608,2.5,2.5
503,2571,4.5,3.0
225,1923,4.0,3.17
603,2110,4.0,3.89
610,156371,5.0,4.02
474,2915,2.0,3.67
140,44709,4.0,2.5
414,1060,5.0,3.38
105,134252,4.5,4.5
356,63082,4.0,3.84
249,46965,3.0,3.0
414,33794,4.5,4.32
489,2617,2.5,2.64
448,7143,4.0,3.6
137,2571,4.0,4.67
608,4448,4.5,2.0
448,132046,2.0,3.02
143,2144,5.0,4.44
256,5218,4.5,3.02
41,122904,0.5,1.42
474,2822,2.5,1.44
462,44555,4.5,3.81
606,2174,4.0,3.5
27,2478,5.0,2.0
240,169,3.0,5.0
462,6001,3.5,3.49
480,1203,5.0,4.33
182,4262,4.0,3.75
95,176,4.0,3.88
380,49651,5.0,2.76
477,6863,3.5,3.75
475,34150,4.0,3.5
401,157296,3.0,3.06
307,8910,3.5,2.17
453,3979,2.0,4.0
415,608,4.5,4.75
19,353,5.0,2.29
605,1197,5.0,4.0
448,77191,2.5,3.66
551,110,3.5,3.68
594,990,4.5,3.42
294,2013,2.0,3.21
202,1641,4.0,4.0
535,2683,1.0,3.26
105,1233,4.0,3.81
160,1035,2.0,2.25
136,317,3.0,2.0
384,4333,4.0,4.0
414,69122,4.0,4.61
68,1198,5.0,5.0
328,4973,4.5,4.0
46,349,3.0,4.0
300,318,4.0,3.5
243,356,4.0,5.0
398,59387,5.0,2.07
339,90531,3.5,3.31
414,6542,3.5,2.07
470,300,4.0,4.0
160,2363,1.0,1.12
141,318,4.0,3.75
232,7153,4.0,4.0
414,5791,3.0,3.12
274,2328,4.5,4.25
307,33836,2.5,4.49
135,3996,5.0,4.0
109,223,3.0,1.5
603,2844,4.0,3.42
453,5225,4.0,4.02
275,2692,4.0,2.88
182,1270,3.0,4.0
6,145,4.0,4.0
480,1923,4.0,4.0
503,480,3.5,4.0
434,2699,2.5,4.4
275,2824,5.0,2.92
164,592,3.0,4.0
58,234,4.0,3.88
276,480,5.0,3.83
354,586,3.0,2.33
473,48385,3.5,3.7
45,2763,4.0,4.45
477,586,3.0,2.17
456,65,2.0,4.45
606,172,3.0,3.0
156,541,4.0,3.0
209,51255,4.5,4.5
178,2231,4.5,3.0
599,3186,3.0,3.82
475,88125,5.0,4.47
460,3615,3.0,4.0
139,53000,1.5,3.72
188,2918,5.0,4.04
307,2504,2.0,2.75
215,1291,3.5,3.0
274,65126,3.5,3.07
87,1345,3.5,3.0
279,1222,4.0,4.46
298,5992,2.5,2.64
64,39183,4.0,2.4
294,2518,2.0,2.98
325,223,3.0,4.22
109,514,3.0,3.0
219,31696,3.0,3.63
84,236,3.0,3.5
53,203,5.0,3.0
601,109487,5.0,3.5
83,4995,3.0,4.0
91,3704,3.5,4.96
51,3070,5.0,3.68
474,25750,4.0,4.0
186,1196,5.0,4.0
425,485,3.0,3.73
298,8907,0.5,2.48
414,45662,2.5,1.52
89,94503,4.5,3.58
332,4262,3.5,2.17
305,2985,5.0,5.0
414,2182,3.5,4.44
76,1208,4.0,4.75
177,3499,4.0,4.2
414,4638,3.0,1.0
607,3157,3.0,2.37
92,2664,3.5,3.33
41,6373,4.0,4.0
345,1127,3.5,3.8
313,2959,5.0,3.5
182,4234,3.0,4.6
534,88140,3.5,3.5
555,529,3.0,4.64
267,480,5.0,4.0
246,6350,4.5,2.68
610,784,5.0,3.84
474,2247,2.0,5.0
147,555,4.5,4.29
318,89753,4.0,3.75
380,73017,3.0,4.16
318,673,3.5,3.8
234,1370,3.0,2.79
587,2080,4.0,3.71
474,6104,4.0,3.62
57,382,2.0,3.57
606,7154,3.5,4.7
221,2469,4.5,3.0
599,3362,3.5,2.45
229,592,3.0,3.5
567,99764,5.0,2.54
163,1676,3.0,1.0
448,90866,4.0,2.33
133,588,3.0,3.17
414,1387,4.0,3.33
522,858,4.5,2.33
260,8607,3.0,2.72
169,661,4.0,4.32
489,367,1.5,2.83
424,30825,3.5,3.78
57,1498,2.0,1.89
322,4010,3.0,1.54
228,1590,4.5,2.63
325,4643,2.0,3.73
610,48780,4.0,3.83
63,3949,5.0,3.67
57,1385,2.0,3.0
18,8984,3.0,4.45
561,2143,3.5,3.68
480,4239,3.0,2.35
261,7361,5.0,3.93
239,1221,5.0,4.5
562,527,4.5,4.17
469,3635,3.0,3.67
275,5272,3.0,3.44
36,5956,2.0,1.23
363,708,3.5,2.44
567,86059,1.5,4.54
274,196,3.5,3.03
68,4015,2.0,4.0
209,2628,2.0,4.5
387,6378,3.0,4.38
361,377,3.0,4.53
437,86,3.0,2.9
175,7169,5.0,3.6
368,2688,3.0,3.77
2,99114,3.5,2.0
239,1672,4.5,3.4
103,48780,4.5,4.73
215,1089,3.0,2.25
551,77561,4.0,3.88
590,303,3.0,3.47
477,66934,5.0,4.28
332,1682,4.5,3.5
298,59315,3.5,4.5
524,913,3.0,3.4
6,304,4.0,3.0
413,3624,5.0,3.0
177,93006,4.0,5.0
156,1079,4.0,2.75
119,6934,4.5,4.0
405,4878,4.0,4.49
599,3668,3.0,2.57
431,466,2.0,2.73
71,733,3.0,4.73
288,2903,3.0,2.0
21,902,3.0,5.0
121,300,3.0,4.0
517,30749,0.5,4.0
249,55269,4.0,3.44
4,4033,4.0,4.43
518,6323,4.5,2.79
517,919,4.5,4.0
448,157172,0.5,2.37
387,1097,3.5,3.0
74,48774,4.0,3.75
414,64983,3.0,3.71
599,179817,3.0,4.1
608,163,3.0,3.5
585,441,3.5,4.5
109,14,4.0,4.07
170,594,3.0,3.5
277,719,4.0,2.94
599,26195,3.0,2.89
414,37727,4.0,3.62
528,81834,1.5,3.81
325,5139,3.0,4.0
552,3361,3.0,3.82
64,1183,4.0,4.69
448,3072,3.0,3.77
16,849,4.0,3.7
64,3253,4.5,4.17
281,362,2.0,4.33
288,2116,3.0,2.75
50,63312,2.0,3.58
219,4388,0.5,2.51
131,5959,2.5,4.34
336,2001,3.5,3.28
288,1270,5.0,3.75
341,480,2.0,4.57
265,1678,3.0,4.33
4,1077,5.0,3.0
305,4439,3.5,4.33
448,59615,2.0,4.0
381,66097,5.0,4.0
181,370,3.0,0.9
414,3823,4.0,2.0
489,6377,4.0,4.87
102,47,5.0,2.34
1,423,3.0,3.0
274,54503,3.5,3.96
517,2396,1.5,4.23
445,4995,4.0,4.84
590,153,2.5,3.0
226,1193,4.0,3.6
288,2142,3.0,3.17
212,54286,3.0,4.38
610,77364,2.5,3.5
219,317,3.0,3.75
113,1564,5.0,3.5
610,6874,4.5,3.4
51,5339,3.5,4.0
599,114627,3.0,3.5
159,4308,2.5,3.93
448,47640,2.5,3.64
294,1135,4.0,4.0
563,59258,2.0,3.0
268,1206,3.0,1.0
477,2036,3.5,1.13
10,5952,4.0,4.87
531,1961,5.0,4.0
391,1094,4.0,3.25
288,2095,3.5,3.0
610,105504,3.0,3.18
600,8533,3.0,2.0
474,4970,4.0,3.5
249,3744,3.0,3.55
356,4878,5.0,4.79
177,1265,4.0,3.83
48,2571,5.0,3.83
125,52973,4.5,3.29
184,159817,5.0,4.27
132,5956,1.5,3.23
125,1732,4.5,4.82
414,59615,2.5,2.34
45,3052,4.0,3.04
606,11,2.5,3.3
219,8807,4.0,1.0
596,91529,3.5,3.62
111,65230,2.5,3.67
274,33834,3.5,2.52
177,3408,4.0,4.1
42,3033,4.0,3.51
284,237,5.0,3.58
525,61240,4.0,4.5
448,4159,2.0,1.33
393,45722,5.0,4.36
58,300,5.0,2.34
507,349,3.0,1.17
607,3440,3.0,1.05
68,4638,2.0,2.5
12,2572,5.0,3.44
414,1680,3.0,3.5
194,7143,4.5,3.5
93,2424,4.0,3.65
479,2891,5.0,3.42
414,47610,3.5,4.93
567,180985,1.0,3.2
555,2000,5.0,3.0
234,2953,1.0,4.22
520,4526,4.0,4.42
270,708,3.0,2.81
91,5378,4.0,4.0
28,54736,2.5,4.36
33,2080,4.0,3.5
412,2542,4.0,3.67
122,91535,4.0,4.13
387,4065,2.5,3.0
576,1188,1.0,4.0
105,112556,4.0,4.3
182,6796,3.0,3.0
378,318,4.5,3.0
391,5026,3.0,3.29
305,33493,3.5,2.0
606,8966,3.5,3.5
340,457,5.0,3.93
477,40815,3.5,5.0
608,2600,4.5,5.0
233,1059,3.5,4.0
579,2496,4.0,4.44
361,5106,1.5,3.58
279,175303,5.0,3.49
313,3386,3.0,1.0
70,3468,5.0,2.61
89,4014,1.5,2.0
284,432,3.0,3.33
414,349,3.0,3.0
438,1302,4.0,3.64
552,1704,4.0,4.25
414,2375,3.0,3.0
93,260,5.0,4.5
62,1653,5.0,4.58
205,104913,3.0,4.0
284,420,3.0,2.4
330,2140,3.5,2.63
305,163645,4.0,4.35
140,707,3.0,3.0
599,3489,3.0,3.31
266,1617,4.0,1.0
312,527,5.0,4.93
40,21,4.0,3.0
42,2671,4.0,1.38
108,480,4.0,3.0
249,3271,4.0,2.67
187,6062,4.0,3.36
380,899,3.0,2.95
202,3214,2.0,3.33
202,3505,5.0,4.8
50,5669,2.5,4.44
38,376,4.0,3.0
249,49651,3.5,2.58
221,5954,4.5,4.0
264,1210,3.5,3.69
182,3827,2.5,2.7
469,112,3.0,4.26
105,64993,4.5,3.75
39,1200,5.0,3.0
448,4104,1.0,4.36
448,69122,3.0,1.93
509,6156,3.0,2.0
387,175,4.0,2.56
345,7121,5.0,3.46
414,34536,4.0,3.27
382,4638,3.5,3.84
294,3552,5.0,3.42
334,27773,3.0,3.96
211,54286,4.0,4.5
288,1603,2.0,3.61
84,11,4.0,3.14
216,3555,3.0,4.0
226,1206,4.0,3.2
437,1488,3.0,3.5
436,8,3.0,3.59
42,2169,2.0,3.0
42,2581,3.0,4.36
420,2819,4.0,4.0
385,1079,4.0,4.0
474,3928,3.5,3.21
396,1747,3.0,4.88
28,8665,3.5,4.0
381,1722,3.5,4.0
244,541,4.0,5.0
224,2150,5.0,3.52
197,2167,2.0,3.0
63,1704,3.5,4.75
532,3147,5.0,3.5
474,4881,4.0,3.58
256,68791,3.0,2.75
167,69,2.5,4.24
605,74530,3.0,0.56
395,1025,3.0,3.0
186,2115,4.0,4.0
448,2383,2.0,2.0
144,47,4.5,4.33
119,102481,4.0,4.37
534,108932,4.0,2.64
590,1544,3.0,4.18
514,4533,3.0,1.29
495,99007,4.5,3.6
559,405,2.0,3.0
23,3181,3.5,1.97
610,114670,3.5,3.17
387,6807,4.0,2.53
68,176371,3.5,4.0
18,56757,4.0,3.58
489,47,3.0,3.75
68,4124,2.0,2.83
469,3072,4.0,4.25
220,2985,4.0,4.85
219,2858,5.0,5.0
288,1673,2.0,3.0
51,59615,5.0,2.48
427,5065,3.5,3.26
74,2908,5.0,1.37
313,4370,3.0,3.76
64,708,4.5,3.24
182,4247,2.5,3.68
103,34437,4.0,4.17
111,1895,4.0,3.86
156,1263,4.0,3.0
249,2720,2.5,2.5
254,836,3.5,3.22
480,8866,3.0,3.93
274,4370,3.0,2.83
215,2145,4.0,3.77
89,73106,1.5,2.79
202,1292,3.0,4.37
599,41627,3.5,2.57
122,55765,5.0,3.8
387,6530,4.0,4.48
574,185,2.0,3.46
517,914,4.5,4.0
421,2858,5.0,4.0
182,2391,4.5,2.0
385,610,3.0,3.32
380,90603,5.0,3.5
64,5816,3.5,4.67
219,39292,3.5,3.62
417,6874,5.0,3.5
45,88,4.0,4.0
438,1608,3.5,3.5
298,2918,3.0,3.57
64,6,4.5,4.28
428,3000,2.5,3.58
484,1644,3.0,3.4
43,23,5.0,4.59
57,1747,4.0,3.14
14,32,4.0,3.48
304,165,4.0,5.0
607,858,4.0,5.0
604,208,3.0,3.78
451,94,4.0,3.36
599,73,3.0,2.58
305,96610,2.5,3.23
253,66097,4.5,4.5
221,4681,4.0,2.06
560,54286,4.0,4.3
405,293,4.0,3.0
204,1653,5.0,4.35
414,68205,3.5,4.32
486,44,4.0,3.0
312,2011,4.0,2.69
19,2985,3.0,4.25
367,3784,5.0,3.5
333,1272,3.0,3.69
577,1931,4.0,5.0
590,7367,2.5,1.82
599,135456,3.5,1.59
182,5530,3.5,3.5
425,4306,4.0,1.0
391,1429,3.0,2.99
362,5784,4.0,3.0
483,3269,2.5,3.0
414,8869,2.5,2.5
425,1589,3.5,2.75
339,105504,4.5,4.25
382,2990,4.0,3.74
126,380,5.0,4.21
217,471,2.0,3.33
599,5816,3.0,4.5
469,1476,2.0,2.09
325,22,3.0,3.22
288,6012,3.0,4.0
448,131480,2.0,2.37
477,2294,4.0,2.0
226,1230,4.0,3.14
51,6323,4.5,3.46
562,99007,4.0,2.86
305,90405,3.0,3.5
313,2021,4.0,4.17
305,112852,4.5,3.33
226,4571,5.0,4.0
414,175569,4.0,1.62
462,96488,4.0,1.74
527,1035,5.0,4.89
3,7899,4.5,2.97
339,72011,4.5,4.0
448,5541,4.0,3.88
294,3506,2.0,3.41
520,7147,4.0,3.5
279,148626,3.5,4.28
210,89745,4.5,4.52
226,1247,4.0,3.94
266,223,4.0,2.38
419,778,5.0,5.0
91,1,4.0,3.0
53,748,5.0,3.29
249,90249,3.5,2.62
63,92535,5.0,3.6
438,1777,2.0,2.4
527,1287,4.0,4.0
420,54881,4.0,4.0
298,112552,3.5,4.67
60,58559,5.0,4.6
477,2115,4.0,3.75
474,3578,3.0,4.89
45,2105,3.0,5.0
82,6566,1.5,4.49
305,63992,3.0,1.6
561,111364,4.0,2.13
182,5218,3.5,2.3
430,1680,5.0,3.5
483,2762,3.5,3.75
68,6333,4.5,3.92
448,58803,4.0,3.14
202,920,4.0,5.0
414,6538,4.0,3.75
19,1500,2.0,1.56
117,193,2.0,3.69
68,2840,3.5,2.68
195,150,4.0,5.0
414,6337,4.0,3.75
610,117867,4.0,2.58
603,3418,4.0,4.0
525,5299,2.0,1.67
414,1704,5.0,5.0
17,592,4.5,4.5
372,1033,2.0,3.67
428,2723,3.5,3.94
198,780,2.0,3.0
331,3623,2.0,2.96
346,357,4.5,3.4
509,96110,3.0,3.11
181,382,3.0,1.16
282,6377,5.0,4.94
381,1917,3.0,3.68
552,6503,2.0,4.24
563,1270,3.5,4.0
155,2880,3.0,4.16
536,232,2.0,3.0
605,533,4.0,3.0
453,1873,3.0,3.62
318,2797,3.5,1.97
480,39414,3.5,1.63
380,54001,5.0,4.94
599,161032,2.5,2.75
312,5451,4.0,2.75
125,7361,4.5,4.79
371,1676,4.0,3.31
140,3198,4.0,3.44
456,64,3.0,4.46
274,4700,2.5,3.0
527,2135,4.0,4.63
232,8985,3.0,2.88
305,105355,2.5,3.32
462,1252,5.0,5.0
22,37733,2.5,4.0
104,858,1.5,4.75
153,4896,3.0,4.96
73,8961,4.0,2.0
489,1263,4.5,3.71
28,6884,3.5,3.1
68,1884,2.5,2.25
298,139642,2.0,2.74
596,3624,3.5,2.6
556,48394,4.0,3.17
274,2548,2.0,3.74
82,6006,3.0,4.0
298,91542,3.0,3.89
484,1753,5.0,4.43
448,91628,2.0,2.92
274,52435,3.5,2.53
448,1955,3.0,4.37
119,88163,4.0,4.13
484,594,5.0,5.0
610,61240,5.0,3.02
489,55269,2.5,3.41
339,56174,4.5,3.86
414,2028,5.0,4.0
89,3061,2.0,5.0
111,72998,2.0,4.0
195,5010,3.0,4.0
47,6765,3.0,3.58
119,47099,4.0,4.77
169,1136,5.0,4.5
288,48414,3.0,2.65
564,39,3.5,3.6
178,593,4.5,4.5
33,2087,3.0,3.0
40,82,5.0,4.0
573,69122,4.5,3.27
447,520,3.0,2.67
156,4734,3.0,3.6
387,54190,3.0,4.4
177,98154,4.5,4.0
372,1213,5.0,5.0
414,991,4.0,2.67
144,784,1.5,2.5
483,2394,4.5,3.8
590,3868,3.0,3.0
448,55995,2.0,3.48
226,6711,4.5,3.75
514,1330,2.0,2.5
45,2716,4.0,3.0
356,2918,5.0,4.24
298,784,1.5,2.26
603,648,2.0,3.5
452,4643,5.0,2.43
414,4215,2.0,3.0
603,2577,3.0,4.0
249,67734,2.5,3.76
144,4979,3.5,3.35
414,4345,3.0,3.2
599,1200,5.0,3.0
132,5620,2.0,3.92
226,5584,3.5,2.76
474,1374,4.0,4.0
177,1953,2.5,4.94
28,736,2.5,2.5
105,3275,4.5,4.21
414,635,3.0,3.96
219,33166,3.5,4.06
458,440,4.0,2.87
480,8376,4.0,4.5
387,6552,3.5,3.67
323,1320,3.0,3.86
10,33679,3.0,3.82
79,589,5.0,3.5
1,2492,4.0,5.0
432,84189,3.5,3.21
160,6538,3.0,2.65
132,5673,2.0,3.0
21,4718,4.5,3.22
477,2010,3.5,4.0
477,4571,4.0,4.0
249,129354,4.5,0.79
414,69406,1.5,1.96
381,1911,2.5,3.37
408,520,4.5,2.81
202,1395,3.0,3.23
19,880,2.0,1.0
210,51562,4.0,3.43
63,58559,5.0,4.5
474,25999,3.5,3.36
234,1566,5.0,2.41
100,5299,3.5,3.62
610,71745,4.0,3.35
232,43919,0.5,3.23
89,2997,3.0,3.22
527,4299,4.0,3.89
50,26422,3.0,3.92
282,134130,4.0,3.13
156,3100,3.0,5.0
82,1544,3.5,2.5
571,2513,5.0,3.0
154,86644,0.5,3.17
509,86332,3.5,3.55
180,1261,4.0,3.59
430,2699,3.0,3.43
411,327,1.0,3.0
301,8949,3.5,2.77
167,4333,3.0,2.0
352,41566,3.0,2.23
166,520,3.5,5.0
312,3024,3.0,4.89
336,1267,3.5,4.0
313,2366,2.0,3.63
188,1537,4.0,4.21
490,53125,2.0,2.3
292,1907,3.5,2.25
210,122916,4.5,4.75
590,1092,2.5,2.75
483,45722,3.5,3.25
462,2396,0.5,3.0
328,122886,2.5,3.35
599,3499,2.5,2.67
525,91869,3.5,2.83
462,2367,2.5,1.52
225,2791,4.0,5.0
202,924,5.0,4.96
19,558,2.0,4.0
263,2266,3.0,3.57
434,3948,3.5,4.28
307,9005,2.0,3.25
343,7981,5.0,4.0
7,6534,0.5,4.22
559,745,5.0,3.44
57,2005,3.0,2.67
460,48780,4.5,5.0
232,37380,2.0,3.36
480,923,5.0,4.0
318,37741,4.5,2.41
534,31878,4.5,0.5
181,596,3.0,4.0
62,5254,3.0,3.19
202,371,4.0,2.45
174,160,3.0,3.0
573,7482,4.0,4.0
63,4306,2.5,1.55
219,4446,4.0,3.51
202,3251,4.0,3.58
468,208,3.0,2.6
608,2003,2.5,2.37
288,1219,5.0,3.5
590,586,3.0,2.5
182,1464,4.5,4.71
489,7155,1.0,0.5
264,150,4.0,3.5
414,902,4.0,4.63
105,5878,3.5,4.59
596,58559,4.0,3.5
599,26539,3.0,2.79
489,1784,4.5,4.5
456,1073,3.0,4.0
66,555,3.5,3.0
372,1204,5.0,3.3
21,2700,2.5,3.1
232,5501,3.5,3.11
487,4973,3.0,5.0
572,2406,3.0,4.35
52,96079,3.0,3.1
219,434,3.0,3.0
599,3210,3.0,1.83
367,4489,4.0,3.07
199,3618,3.0,3.27
125,2843,4.0,4.0
68,60126,3.5,3.26
543,73881,5.0,4.27
111,56805,2.5,4.04
373,236,3.0,4.0
19,3797,3.0,2.08
480,27660,1.5,4.25
403,62081,3.5,2.54
212,1220,4.0,3.7
181,485,3.0,3.89
275,4066,3.0,4.49
414,5988,3.0,4.2
96,3555,3.0,4.0
414,51575,2.5,3.27
474,6157,3.0,3.5
474,5308,2.0,2.95
477,1005,2.5,2.42
230,780,3.0,3.23
195,165,2.0,3.2
23,58,3.0,3.5
217,692,1.0,2.86
561,45431,2.0,2.32
274,2617,3.5,5.0
111,2329,3.5,4.0
200,2006,4.0,1.67
68,5152,4.0,3.5
561,68358,4.0,2.31
301,356,4.0,3.25
503,4641,4.0,3.63
89,4728,3.0,3.1
432,81591,5.0,3.73
555,196,3.0,3.0
305,3916,4.0,2.98
82,595,3.0,3.5
185,3598,3.0,3.49
474,4886,3.0,4.0
608,2117,4.5,3.78
84,1103,4.0,4.0
469,32,5.0,3.5
602,555,3.0,4.0
233,60069,4.0,3.5
206,838,5.0,3.53
89,69469,5.0,4.33
101,3578,4.0,4.0
600,3821,1.0,1.23
242,329,3.0,3.0
217,785,2.0,3.5
448,26386,3.5,3.93
552,3252,3.5,3.25
365,2858,1.0,3.85
42,509,4.0,3.5
387,1997,4.0,3.0
596,60040,3.0,3.0
301,1644,0.5,2.75
221,608,5.0,5.0
391,497,4.0,4.0
387,697,1.5,3.95
221,7215,4.5,4.48
409,1394,4.0,4.25
529,733,5.0,4.5
483,27370,4.5,3.75
380,1717,2.0,2.64
64,185,3.0,2.64
17,3147,4.5,2.67
607,589,4.0,3.5
304,2858,2.0,5.0
482,2068,0.5,4.0
419,27704,5.0,4.0
200,3082,4.0,3.36
575,2580,4.0,4.25
580,2355,3.5,4.1
212,85414,2.5,2.15
514,5704,2.0,3.29
605,68554,3.5,1.9
448,86293,2.0,2.04
309,4432,4.0,4.84
599,3915,2.0,2.88
265,2105,4.0,3.74
509,34162,2.0,3.22
603,2731,5.0,3.35
414,2087,5.0,3.0
448,111795,3.0,1.83
307,4040,3.5,4.39
298,45722,2.5,2.83
387,5809,4.0,3.5
590,1210,4.5,5.0
274,4351,3.5,4.49
552,1073,4.5,4.29
197,592,5.0,3.37
563,70183,3.5,3.84
105,4728,3.5,4.0
10,106782,1.0,4.0
474,55071,4.0,2.96
474,39869,4.0,3.35
561,77561,3.0,2.8
122,70599,4.0,3.81
271,1320,3.5,3.5
608,54503,4.5,4.0
140,164,3.0,3.0
354,3994,3.0,4.0
534,85179,4.5,3.26
528,67255,4.0,4.47
420,6934,3.5,4.0
586,457,4.5,4.5
603,2420,2.0,1.0
104,6539,3.0,4.25
379,500,3.0,4.0
587,3404,5.0,4.0
182,4734,1.5,0.5
307,788,2.0,2.14
51,1407,0.5,3.75
393,1291,5.0,4.0
596,2384,3.0,3.2
583,4016,4.0,4.0
305,3499,4.0,4.15
264,5952,4.5,3.83
221,7311,3.5,0.95
45,4896,4.0,3.75
382,53464,3.5,2.0
586,111781,4.5,2.38
448,88163,3.5,4.0
534,1721,4.5,3.31
450,2924,5.0,4.0
593,1086,3.5,4.5
380,2860,2.0,4.04
382,86644,3.5,4.3
486,292,4.0,5.0
202,3707,3.0,3.0
232,919,4.0,4.0
555,372,4.0,2.0
6,637,4.0,3.8
367,4153,3.0,3.16
59,1580,3.0,3.67
220,1722,3.5,4.25
510,4993,2.5,5.0
543,4388,5.0,4.47
253,5902,5.0,4.5
325,4294,3.0,3.25
380,5690,4.0,3.08
64,4973,5.0,3.75
477,4641,4.0,3.28
380,105585,3.0,4.0
356,543,5.0,4.31
368,2535,3.0,2.67
352,66097,3.0,4.13
219,55020,4.5,1.98
140,6448,4.0,4.76
294,420,2.0,2.75
575,2506,4.0,3.0
105,3997,3.0,4.02
523,7361,5.0,3.77
474,4296,2.0,2.0
542,1206,4.0,4.71
525,110102,4.0,4.54
477,3552,5.0,4.0
177,3753,3.5,3.68
45,4022,5.0,3.33
216,2349,2.0,3.0
610,138210,3.5,3.5
51,1997,5.0,4.57
125,86721,5.0,3.92
247,4226,4.5,5.0
422,762,2.0,2.21
64,350,3.5,4.0
334,30850,3.5,2.22
52,73017,5.0,4.55
166,6157,2.5,3.5
318,45728,4.0,3.03
50,296,4.0,3.57
605,8373,2.0,2.83
195,161,4.0,3.32
249,149352,3.5,1.64
414,173209,4.0,4.23
599,79274,2.5,1.82
474,2194,4.0,3.68
448,4229,3.0,3.0
172,3793,3.5,4.5
462,72011,4.5,3.54
278,2144,3.5,4.0
247,1198,4.0,4.5
599,728,2.5,2.75
223,8360,4.0,4.08
57,736,2.0,3.42
610,2951,4.5,1.95
414,127108,5.0,2.38
111,179427,4.0,3.15
606,82,4.0,2.96
249,90531,4.5,3.0
534,70336,3.0,3.5
17,3949,4.5,4.25
520,49272,3.0,1.38
294,2268,3.0,3.98
239,1101,3.5,2.44
357,1358,2.5,4.0
106,69844,5.0,4.0
610,122884,3.0,4.75
448,2083,4.0,3.92
226,3450,4.0,3.36
50,1201,4.0,4.0
606,2001,0.5,2.16
603,2932,4.0,4.0
474,6852,3.5,3.32
599,1673,4.0,2.83
599,210,2.0,2.5
602,475,5.0,4.2
398,910,5.0,5.0
522,356,3.5,4.17
313,3081,4.0,3.3
381,1028,4.5,3.25
414,4815,3.0,1.04
352,1625,4.5,3.87
45,3270,1.0,2.33
195,3753,3.0,4.88
328,1997,2.0,1.93
356,35836,5.0,3.5
603,1721,3.0,4.5
100,1035,4.0,3.3
561,7310,3.5,2.3
474,342,3.5,1.0
586,54286,4.5,3.25
448,110553,2.5,2.67
304,2322,4.0,2.16
177,69122,4.0,2.5
327,4388,5.0,4.0
603,1228,5.0,4.0
234,126,2.0,4.13
298,1240,4.0,1.5
590,6565,3.5,2.3
580,924,3.5,1.8
105,85316,3.5,5.0
290,1208,5.0,4.5
68,3978,3.0,2.81
45,2302,3.0,3.77
41,57669,4.5,4.09
608,2126,4.0,3.93
470,788,3.0,3.36
509,6350,3.5,3.4
599,1719,3.5,4.0
370,592,4.0,4.0
135,3102,3.0,4.0
28,851,2.0,4.0
555,4080,3.0,2.15
280,4649,4.0,4.02
260,2010,4.0,3.6
317,1219,5.0,3.65
68,59725,2.5,3.5
68,46965,3.5,3.0
156,2396,4.0,1.82
274,8957,3.5,3.5
517,147378,1.0,1.36
247,7361,4.0,4.0
140,7155,3.0,5.0
474,7064,4.0,4.0
182,249,4.0,3.09
448,26409,1.0,3.16
435,34405,4.0,4.12
66,4041,4.5,3.0
356,2146,4.5,4.49
202,1394,4.0,3.43
356,8917,3.5,2.59
380,4085,4.0,4.0
414,166528,4.0,4.03
414,3794,3.0,4.0
352,3273,3.0,4.0
599,2292,2.5,4.0
68,112183,1.5,3.37
610,5617,4.0,3.53
414,139644,4.5,3.21
160,227,2.0,3.42
599,2140,3.0,3.75
186,788,4.0,2.43
599,2321,3.5,3.25
608,7324,4.0,4.17
41,5418,2.0,5.0
608,3257,2.5,3.0
106,40815,5.0,3.64
68,103249,3.5,4.0
105,58554,2.0,4.19
10,86548,3.0,3.4
307,2114,3.0,3.0
483,480,4.0,4.07
221,3671,4.5,4.09
599,627,2.5,3.5
387,923,4.5,4.5
327,8641,5.0,3.5
545,63540,2.0,4.0
288,3998,3.0,3.0
582,44191,3.5,4.5
452,1584,5.0,4.0
117,736,2.0,3.0
294,3667,1.0,3.58
318,2291,4.0,3.0
105,152081,4.5,2.98
304,135,4.0,3.7
91,1645,3.0,3.79
42,3448,5.0,3.56
414,32587,4.0,3.75
122,260,5.0,4.5
74,55363,4.0,3.16
328,1732,3.5,2.0
600,1246,2.5,3.5
64,27773,5.0,2.71
361,49272,4.0,3.7
174,333,4.0,3.5
200,45517,3.0,4.34
201,1097,5.0,3.68
296,31364,5.0,4.09
313,1274,5.0,4.76
500,471,1.0,4.55
18,593,4.5,4.68
606,6440,4.0,4.5
411,292,3.0,4.7
372,335,4.0,3.33
434,6365,2.0,4.0
73,35836,2.5,4.5
382,33836,2.0,4.05
432,35836,4.0,3.41
82,1573,4.0,4.0
414,5046,3.0,3.37
19,1373,1.0,5.0
221,2997,4.5,5.0
414,122904,4.0,4.0
62,45447,3.5,2.82
414,542,2.0,4.5
236,1387,5.0,1.3
564,4246,3.5,2.62
328,8360,3.0,1.99
453,3148,4.0,4.54
432,81562,3.5,2.06
339,1077,4.5,4.95
323,348,3.5,3.5
368,587,3.0,3.69
68,3635,4.0,2.09
203,40815,3.5,3.7
132,4993,4.5,3.33
139,6539,3.0,3.25
68,68554,3.0,4.0
19,1970,3.0,3.0
600,2340,3.5,3.5
294,153,3.0,3.0
232,6006,3.0,2.83
202,356,5.0,4.67
268,2178,4.0,2.94
68,3275,3.5,2.0
599,51931,3.0,3.5
249,64969,4.0,4.5
474,1959,4.0,3.5
602,11,3.0,3.0
50,176371,3.0,4.0
174,32,3.0,4.08
119,5810,3.0,4.0
88,26974,3.0,3.68
68,4720,3.0,4.0
477,5952,4.0,5.0
243,353,5.0,4.3
597,2423,2.0,3.0
352,1080,5.0,5.0
6,316,5.0,3.33
318,142456,3.5,4.0
597,2717,3.0,4.68
288,3060,4.0,2.0
217,1230,2.0,4.88
125,60072,4.0,4.37
368,303,1.0,5.0
43,271,5.0,3.27
83,7669,4.0,2.01
153,30707,2.5,4.19
153,177615,3.0,4.73
540,1196,5.0,5.0
328,1288,3.0,4.0
380,5171,3.0,3.12
356,1206,4.0,4.37
66,181,2.0,2.78
166,5418,4.5,3.75
474,3475,4.0,3.96
606,1293,4.0,4.0
141,2355,4.0,3.78
103,69844,1.5,4.0
610,128360,4.5,3.46
414,3788,3.5,4.0
116,5349,3.5,4.2
95,1196,5.0,5.0
288,2391,4.0,0.5
514,122926,4.0,5.0
318,79057,2.5,3.97
351,84152,3.5,4.19
256,112623,4.0,4.06
169,3,5.0,4.0
566,25,2.0,4.0
41,2268,2.5,4.21
326,89492,1.0,3.28
226,8464,3.5,4.5
274,2431,3.0,2.73
139,4865,1.5,3.0
328,2090,3.0,3.0
514,1079,4.0,3.01
176,485,3.0,5.0
372,1302,3.0,2.88
608,1396,4.0,4.0
594,2808,5.0,5.0
224,1554,1.0,1.5
282,1073,4.0,3.0
547,1394,5.0,5.0
602,22,3.0,3.84
610,82641,3.0,3.52
79,2406,4.0,3.5
602,508,3.0,4.37
603,163,5.0,4.0
42,4482,5.0,3.0
143,6619,5.0,3.93
359,480,4.0,3.75
317,3147,4.0,4.0
286,2959,5.0,3.8
153,4979,3.0,4.64
603,2174,4.0,3.5
603,4433,5.0,4.5
560,6218,3.5,3.11
274,67087,3.0,4.0
307,5524,2.5,0.5
249,74789,2.5,3.77
368,1590,2.0,2.0
135,4467,4.0,3.48
603,1358,4.0,4.0
235,39,3.0,3.5
566,151,4.0,3.0
64,2115,3.0,3.6
16,1196,3.0,4.67
139,3753,4.0,3.84
492,842,5.0,3.4
606,2313,4.0,4.0
427,5107,3.0,2.81
88,79132,4.5,4.33
307,3752,2.5,3.78
352,68791,3.5,3.24
95,162,5.0,3.65
582,5618,3.5,4.25
82,2380,3.0,2.46
42,2861,4.0,4.0
290,1345,3.0,3.69
273,586,1.0,3.25
610,7482,4.5,4.27
353,266,3.0,3.25
33,230,3.0,3.52
304,1183,3.0,3.23
16,296,3.0,4.5
603,2431,1.0,3.0
562,3578,3.5,4.54
66,7482,4.5,4.0
164,1036,5.0,3.48
305,88405,3.5,1.55
307,6548,3.0,0.5
267,3996,5.0,2.67
357,2291,4.0,4.0
144,1246,3.0,3.0
105,2329,4.0,4.66
282,1968,4.0,4.88
596,1372,3.5,4.0
241,7371,5.0,3.9
600,2797,4.0,2.5
89,128087,5.0,4.48
111,64839,4.0,3.55
148,4993,3.0,4.4
429,315,4.0,3.32
448,46974,2.0,2.57
357,1513,3.5,2.47
7,589,2.5,3.0
139,95510,2.5,0.5
377,33681,2.5,2.72
474,1006,3.5,2.4
292,81847,3.0,3.45
351,55577,3.5,3.26
226,840,3.0,3.41
187,7371,4.0,4.48
52,86892,5.0,3.72
68,54881,5.0,2.72
610,79592,3.0,3.05
488,5995,4.5,3.64
381,5630,2.0,3.2
202,523,3.0,2.95
525,8643,3.0,3.68
552,2501,3.5,4.53
59,647,4.0,5.0
534,6874,4.5,3.25
469,1876,4.0,3.5
174,300,2.0,2.15
561,3753,4.5,3.52
412,1276,5.0,5.0
606,18,4.0,3.0
249,1209,4.5,4.1
184,119145,5.0,4.4
57,3175,4.0,3.5
599,3440,2.5,3.0
599,6348,2.5,4.5
600,2907,3.0,4.68
51,33615,3.5,3.53
414,72378,2.0,3.78
484,261,4.0,4.22
577,1288,3.0,4.72
444,350,3.0,3.0
437,1242,5.0,4.0
298,109374,3.5,4.67
73,59258,4.5,3.2
489,5377,4.0,2.19
372,527,5.0,4.62
424,27020,3.5,3.0
15,2916,4.5,3.4
380,110501,4.0,2.75
221,913,4.5,4.81
414,4909,2.0,3.33
610,133802,4.0,4.48
16,2723,3.5,1.71
198,2571,5.0,3.33
104,6593,4.0,2.76
198,364,4.0,3.76
573,3578,3.5,4.0
89,143559,5.0,4.63
105,101962,4.0,1.58
274,58803,2.0,4.42
232,41769,2.5,4.0
346,1333,3.5,2.74
332,6365,3.0,3.07
298,81932,3.0,3.36
414,39444,3.5,2.62
524,1270,5.0,4.0
181,445,3.0,3.25
105,98491,4.0,5.0
528,91658,4.0,4.32
63,47,4.0,4.5
462,83827,5.0,3.74
391,3702,4.0,3.69
41,3160,4.0,3.63
97,2571,5.0,4.44
608,8464,3.5,3.96
198,3686,3.0,3.6
512,380,3.0,4.0
140,5945,3.0,2.75
606,1059,4.5,4.0
160,1270,5.0,3.88
200,5481,3.5,3.0
120,1210,5.0,5.0
376,1097,3.5,4.0
603,910,4.0,4.31
414,171765,4.0,4.81
434,5952,5.0,3.85
381,3254,3.0,3.25
448,8376,3.0,2.21
466,45722,4.5,4.4
84,350,4.0,4.4
351,90353,4.0,3.16
292,4321,3.0,4.27
534,87869,3.0,3.86
84,1388,3.0,3.4
99,165,5.0,5.0
182,3809,3.5,2.2
409,2109,5.0,3.0
223,2716,3.5,4.0
534,2080,3.5,4.0
291,118696,4.0,3.0
39,1617,2.0,3.25
89,69644,4.0,2.03
132,7323,3.0,3.0
538,158,4.5,4.33
57,1468,1.0,3.96
198,260,5.0,4.16
177,7222,2.5,2.89
415,86345,4.5,3.84
64,4489,4.5,4.0
63,3752,2.0,3.5
414,1840,4.0,4.3
438,5809,2.5,3.43
525,1033,3.0,3.12
177,355,2.0,4.8
462,81932,4.5,3.57
28,4251,2.0,4.37
600,39444,1.0,2.77
199,1055,1.0,5.0
305,296,5.0,4.83
332,608,4.0,5.0
438,3916,4.0,4.0
453,2671,4.0,4.09
298,71264,3.0,3.23
212,107314,3.5,4.5
295,858,4.5,5.0
64,3396,4.0,3.68
347,317,4.0,3.8
232,597,3.5,2.5
480,6764,1.5,3.89
27,736,3.0,2.06
599,8157,2.5,3.99
274,368,3.5,4.0
89,49013,3.5,3.34
362,2023,4.0,3.17
143,3526,3.0,3.63
460,2762,4.5,4.25
413,3916,5.0,3.0
606,6800,1.5,2.87
318,1260,4.0,4.0
425,1393,3.0,4.46
474,8955,3.0,4.0
24,4995,3.5,4.13
199,913,4.5,4.33
567,2731,3.5,2.83
339,68358,4.0,4.0
160,587,3.0,4.0
128,942,4.0,4.33
232,62155,4.0,3.75
423,4995,3.5,4.07
608,2002,3.0,3.5
109,52,3.0,4.26
500,2539,4.0,5.0
59,1210,3.0,4.67
599,5221,3.0,2.55
286,4226,4.5,4.5
217,2353,4.0,3.0
414,26704,4.0,3.9
597,2116,4.0,3.0
122,112852,4.0,4.12
596,5991,3.5,2.73
608,2918,4.0,2.69
10,136020,5.0,3.51
380,83134,5.0,1.67
539,4306,5.0,4.78
517,1997,1.0,2.75
610,158238,5.0,3.27
274,4247,3.0,2.91
262,296,3.0,4.0
191,224,4.0,4.53
19,1240,4.0,4.0
274,328,4.5,4.05
604,435,4.0,3.0
91,1276,3.0,4.75
28,52241,2.0,3.98
573,60040,4.0,1.97
57,442,2.0,4.0
599,139859,2.5,3.09
477,72224,3.5,4.18
103,4002,4.5,3.55
480,3618,5.0,3.26
483,920,1.5,2.79
167,1080,3.5,3.16
137,30749,4.0,3.48
387,2717,3.0,3.18
512,454,4.0,5.0
417,356,4.0,3.25
28,6502,3.0,4.17
498,380,3.0,3.56
160,1385,1.0,1.63
50,27773,3.0,1.8
555,3698,5.0,3.0
298,4247,3.0,1.5
509,91542,3.5,2.11
182,1827,2.5,3.67
504,6565,4.5,3.76
597,1290,3.0,4.45
600,7153,5.0,4.0
571,1976,3.0,3.0
600,1923,3.0,3.08
326,2571,3.5,2.61
64,736,3.5,3.03
298,7460,3.5,0.8
387,4211,4.0,3.52
365,4995,4.0,4.22
599,458,2.0,2.25
68,350,3.5,2.67
434,33794,4.5,4.21
82,6537,4.5,4.08
477,61323,4.5,4.23
305,88140,3.0,3.25
489,8874,4.5,4.01
341,4447,4.0,2.86
380,3793,5.0,3.73
607,448,4.0,3.81
68,45950,3.5,3.65
424,2571,2.0,3.21
387,2206,3.5,4.03
156,3114,3.5,3.38
181,371,4.0,2.25
105,8957,4.0,3.98
374,1350,5.0,2.64
464,1835,4.0,4.91
288,27618,2.0,3.5
449,50,4.5,3.33
249,608,4.5,4.5
352,3355,4.0,4.1
274,4022,3.0,3.58
6,210,4.0,3.0
314,357,4.0,4.0
44,833,2.0,3.85
68,2993,4.0,2.0
182,8581,4.5,4.38
186,2710,3.0,4.0
210,589,4.0,4.0
414,104374,4.0,4.13
489,1967,3.5,4.0
33,1641,5.0,4.0
70,1270,4.0,3.5
603,3007,3.0,4.0
571,1334,2.0,3.33
372,1227,3.0,3.38
509,8861,2.0,3.75
395,377,3.0,3.0
404,539,4.0,4.5
274,60684,4.0,3.71
425,1573,3.0,3.5
98,1207,4.0,5.0
28,34405,4.5,3.77
263,7153,4.5,3.87
474,6936,4.0,3.42
599,27773,4.0,2.33
480,480,5.0,3.25
586,8368,5.0,4.25
399,8961,3.5,4.0
1,2048,5.0,4.0
492,1499,5.0,0.95
422,2841,3.0,4.7
256,71535,4.5,3.68
274,3082,3.0,4.64
414,5324,2.0,4.0
109,165,3.0,3.0
10,8969,3.5,1.37
70,7361,4.5,4.5
387,931,4.0,4.33
560,30707,3.0,3.65
497,1704,3.0,4.81
83,1960,3.5,4.0
249,82854,2.5,2.28
599,2797,3.5,2.25
265,531,3.0,4.0
232,783,2.0,3.08
294,1049,3.0,4.0
182,6881,4.0,3.12
476,377,3.0,3.33
132,2567,2.0,3.8
561,59784,3.5,2.77
19,2450,2.0,2.67
534,94777,3.5,3.21
414,34072,4.0,3.5
431,435,0.5,3.63
118,858,5.0,3.25
368,2194,3.0,3.0
448,104211,2.5,2.56
210,485,3.5,3.0
292,4386,3.0,3.0
99,380,5.0,3.5
263,593,5.0,2.74
325,3698,2.0,2.5
345,27751,5.0,3.49
256,117887,4.0,3.5
246,6942,5.0,3.89
382,4896,4.5,3.57
565,588,3.0,3.0
177,31685,2.5,3.62
393,3996,3.5,3.23
608,364,3.5,2.5
354,5459,3.0,4.0
596,1644,2.5,2.0
202,2001,4.0,3.75
561,8798,3.0,4.0
294,539,3.0,3.93
470,736,4.0,2.8
177,1499,2.0,2.22
474,6291,4.0,3.5
24,2916,3.5,3.9
7,8636,4.5,3.5
477,32029,3.0,3.27
603,417,3.0,2.15
68,2470,3.5,3.0
487,94959,2.5,4.01
525,93721,4.5,2.47
380,152173,4.0,3.32
109,366,3.0,3.0
606,1124,3.5,3.0
483,2593,3.0,3.92
555,743,1.0,3.15
567,113705,3.5,3.35
249,70336,3.0,2.69
601,1262,4.5,5.0
226,2081,2.5,3.33
198,1089,5.0,4.0
255,588,2.0,4.0
227,134130,4.5,4.19
226,500,3.5,3.66
559,494,3.0,3.0
288,2788,4.0,2.5
414,2294,4.0,3.0
305,75813,3.5,3.0
511,99114,4.0,4.26
233,4866,1.0,3.64
414,4267,3.0,2.65
424,107348,3.0,4.0
590,2115,3.5,3.94
14,7,3.0,3.92
380,837,4.0,3.0
282,139385,4.5,4.48
57,2770,4.0,3.37
57,1226,4.0,4.54
78,2716,4.5,2.0
82,7325,4.0,4.4
606,6890,4.0,2.67
239,2706,4.0,3.11
471,8874,3.5,4.0
350,788,3.0,4.0
232,30894,2.0,1.58
83,480,3.0,3.5
160,1627,5.0,2.83
414,6093,4.5,3.31
472,1193,4.5,4.03
1,2797,4.0,4.89
448,5952,4.0,2.5
428,3328,2.0,4.0
599,5508,3.0,3.44
307,44004,2.0,3.5
111,87529,5.0,3.3
305,7439,5.0,4.37
580,337,4.0,3.49
606,6573,4.0,3.35
50,103335,1.5,4.0
288,2134,3.0,3.0
196,1527,3.0,1.62
247,3578,4.0,4.44
438,2194,4.5,4.0
414,4595,3.5,2.5
307,203,2.5,1.81
307,45501,2.5,2.92
181,293,3.0,4.36
367,2108,2.0,3.0
304,1377,2.0,5.0
396,293,5.0,4.09
411,1,5.0,3.0
139,3827,3.5,2.19
139,106489,4.0,4.54
356,203,3.5,3.77
50,2019,4.0,2.5
298,50912,2.5,3.97
288,3448,3.5,4.0
274,3608,4.0,3.5
155,1883,4.0,2.76
181,587,5.0,3.8
113,1645,1.0,1.0
318,7151,3.5,3.55
136,267,4.0,2.5
307,7324,3.0,3.82
175,5410,0.5,3.77
160,1277,5.0,3.0
428,5900,2.0,3.96
156,47,3.5,4.0
187,4226,4.0,4.56
354,2321,4.0,3.77
168,750,5.0,2.06
111,53121,2.0,3.57
488,1198,3.5,4.17
270,648,3.0,3.5
113,39,3.0,1.9
427,1208,5.0,3.5
509,65261,3.5,4.09
500,2078,3.0,3.5
156,1225,4.5,4.0
274,4855,3.5,4.0
232,45950,3.0,4.14
152,904,4.0,4.5
293,1673,4.0,3.0
448,428,3.0,3.78
448,1079,5.0,4.65
286,1912,3.0,3.71
305,53519,4.5,2.38
253,3536,3.5,4.24
303,2683,3.0,3.1
522,56367,2.0,4.0
275,3578,4.0,3.5
588,766,3.0,2.68
603,1129,4.0,1.5
21,10,5.0,1.56
410,3608,4.0,3.92
387,1921,3.5,3.74
480,223,1.5,3.75
599,181,1.0,2.75
448,1604,3.0,3.29
380,71535,3.0,2.1
28,8493,3.0,2.23
474,49220,3.5,2.53
414,41527,4.0,4.46
28,61350,3.5,2.99
590,54001,4.0,3.5
489,586,1.5,4.0
6,848,4.0,4.59
129,1676,5.0,3.4
474,5353,3.0,4.73
111,5874,4.0,4.46
279,5378,1.0,3.62
84,46,3.0,3.85
452,3101,5.0,3.33
414,5072,4.0,4.0
199,1262,5.0,3.0
247,1682,5.0,3.74
388,86298,4.0,2.45
455,500,3.0,3.05
19,2387,3.0,3.98
178,4718,2.5,2.18
525,70286,4.0,4.18
448,88356,2.0,2.85
80,53972,4.0,3.22
504,1968,4.0,2.73
28,6993,1.5,3.22
18,40819,4.0,4.0
608,7158,3.5,4.0
212,93510,4.0,4.0
171,1148,5.0,4.75
82,34,2.0,4.42
282,1954,4.0,4.0
596,6934,4.0,3.0
91,1092,4.5,3.37
274,4040,3.0,4.97
111,61323,2.5,3.0
136,23,5.0,3.0
599,1221,4.0,3.13
370,1676,3.5,3.22
195,111,2.0,3.5
301,454,4.0,4.0
286,1407,3.0,2.25
566,364,2.0,3.54
599,3408,2.5,1.75
480,33669,2.5,1.73
298,106491,1.0,3.3
474,5971,4.0,3.42
448,3448,4.0,3.77
18,58559,4.0,4.5
114,106782,4.5,5.0
369,2126,3.0,2.0
141,48385,2.5,1.99
464,5026,5.0,2.34
391,4975,2.0,5.0
462,3037,5.0,3.5
476,454,4.0,3.39
247,5349,2.0,2.62
132,4239,2.5,2.06
79,3104,5.0,4.12
599,108090,3.5,3.57
555,3525,4.0,5.0
305,353,4.5,4.5
200,33794,4.0,4.0
219,1580,3.0,5.0
469,2527,3.0,3.0
69,2762,5.0,3.38
368,1722,3.0,2.42
232,7169,2.5,3.5
280,597,4.0,4.0
573,457,4.5,4.75
140,3861,2.0,3.0
219,2028,4.5,4.67
332,26131,4.5,4.25
474,1246,4.5,4.0
552,1201,4.0,3.99
318,4776,4.0,3.82
232,761,2.5,3.09
101,3394,1.0,4.0
93,2094,4.0,3.0
555,65,3.0,3.0
290,475,4.0,3.8
21,1573,2.5,3.66
156,898,5.0,4.67
469,2143,4.0,3.95
274,60040,3.5,3.39
177,2671,3.5,3.75
606,30749,3.5,3.53
610,93819,3.5,5.0
448,133365,2.0,1.93
369,60069,3.5,4.41
562,6870,5.0,3.58
425,45431,3.5,3.14
274,1197,4.0,4.5
606,2193,2.5,3.5
89,142831,4.5,2.34
232,51412,3.0,3.5
95,5445,4.0,3.5
32,996,3.0,5.0
66,1240,4.0,3.83
83,8622,2.0,3.89
28,43921,3.0,2.76
74,1209,4.0,4.86
50,101072,2.5,4.09
248,122916,3.5,4.0
606,5218,4.5,4.21
223,1285,3.0,1.48
414,6563,2.5,3.33
261,1682,4.5,4.0
89,119141,2.5,4.34
414,7340,2.0,3.83
207,3264,0.5,3.67
322,586,3.5,3.0
599,137218,2.5,2.23
294,1582,1.0,4.0
368,1653,3.0,3.0
434,5445,3.0,4.0
483,79132,5.0,3.0
68,2340,3.5,3.0
41,2115,2.0,4.12
182,1365,4.0,3.85
45,6333,5.0,3.95
477,1214,4.5,4.5
448,1954,4.0,4.5
381,6503,3.0,3.0
428,5055,3.5,3.24
274,575,3.0,3.67
495,5449,4.0,3.74
448,47810,1.0,2.51
603,1484,4.0,2.83
483,489,3.0,2.69
181,1084,3.0,2.86
318,62208,4.5,4.53
475,592,5.0,4.2
216,3521,2.0,3.0
66,4591,3.5,4.0
474,2182,4.0,3.5
305,1704,4.0,3.57
305,113573,4.0,2.47
109,62,5.0,4.73
408,79132,3.5,4.6
122,5171,3.5,2.22
414,2279,2.0,3.63
177,64620,3.5,3.05
495,551,3.5,4.01
200,1220,4.5,4.0
416,4967,4.0,4.0
474,3836,2.5,1.74
102,592,3.0,4.37
391,242,4.0,4.45
182,1291,3.5,3.0
610,63768,3.0,3.38
230,52973,3.0,4.0
240,367,4.0,4.17
42,361,3.0,3.8
492,1049,5.0,4.06
304,1466,5.0,3.41
380,34319,3.0,3.76
560,32,3.5,3.25
600,837,3.5,3.0
368,3716,1.0,2.53
522,72998,1.0,4.5
603,1916,5.0,2.0
414,3360,5.0,4.0
453,1777,3.0,4.0
73,74647,1.0,4.0
307,8011,4.0,4.04
609,329,3.0,3.5
326,81932,3.0,2.6
85,1641,5.0,4.4
514,59369,4.0,4.97
477,2628,4.0,3.84
590,3439,2.5,3.16
29,3578,5.0,4.2
314,553,3.0,2.45
279,109487,5.0,3.44
604,380,3.0,2.5
177,480,3.5,3.33
199,2067,4.0,4.0
100,2245,4.5,3.13
248,6365,3.5,3.96
64,5218,3.5,3.98
587,141,4.0,3.07
490,1499,2.0,1.2
51,4018,3.0,5.0
450,908,4.0,4.05
260,2122,3.5,3.51
391,1952,5.0,3.62
307,6586,2.0,3.17
593,6711,2.0,4.61
66,272,3.5,3.5
474,1544,1.0,3.67
514,81932,4.0,4.0
232,30793,3.5,2.75
425,4720,3.5,3.79
199,492,2.0,3.42
45,4369,5.0,3.07
503,1036,4.5,3.92
213,4558,3.0,4.43
219,5159,1.5,3.12
567,150254,2.0,3.0
590,431,4.0,3.0
135,1597,4.0,3.8
182,6188,3.0,4.6
541,281,3.0,1.99
599,5993,2.5,3.0
180,2571,3.5,4.75
14,539,4.0,3.34
330,2657,5.0,3.94
33,110,5.0,2.0
217,3430,2.0,1.67
448,367,3.0,4.37
377,344,3.0,2.0
462,86882,2.5,4.07
312,2716,4.0,2.5
564,47518,4.0,2.25
436,361,3.0,3.19
357,49530,4.0,4.91
580,2186,0.5,3.13
59,2763,5.0,4.74
256,102445,4.0,4.4
601,1,4.0,4.0
64,4310,3.0,1.5
509,112852,4.0,3.28
290,918,5.0,4.84
414,53894,3.5,3.89
51,7160,5.0,2.71
230,153,3.5,3.29
380,27822,4.0,4.32
239,2353,3.5,3.54
182,1608,2.5,4.43
221,1293,4.0,4.62
57,1282,4.0,5.0
523,6539,4.5,4.78
219,2580,4.5,2.15
239,2478,3.0,3.0
599,5541,3.0,2.99
483,2193,4.5,3.97
489,1259,3.5,3.92
142,296,5.0,4.0
89,132584,3.5,4.5
448,44665,3.5,4.04
282,80906,4.5,4.53
602,280,3.0,2.84
599,95510,3.0,3.2
274,3438,3.0,3.84
103,78499,3.0,3.83
599,2877,2.0,3.25
480,4247,4.0,3.45
156,945,5.0,3.92
249,59014,0.5,3.5
351,6874,3.0,4.5
182,41,4.5,2.46
105,4865,4.0,3.4
105,122882,4.0,3.59
338,189043,2.5,3.42
533,2571,5.0,4.5
563,69122,2.5,3.64
65,318,4.0,4.75
588,288,3.0,2.0
10,8529,3.5,4.63
233,174055,2.5,4.0
516,457,4.0,2.74
209,2028,4.0,4.67
458,1073,2.0,4.0
610,4369,3.0,2.75
384,2355,4.0,3.58
437,318,5.0,4.5
474,4808,2.0,2.75
112,36,0.5,2.2
590,2991,3.0,3.0
610,4902,4.0,3.64
260,1219,4.0,4.0
20,4161,3.5,3.57
290,858,5.0,4.25
599,93838,3.0,3.53
505,1241,5.0,3.78
483,62956,4.0,2.26
187,4641,4.5,4.59
356,2248,4.5,5.0
552,329,3.5,2.59
83,48394,3.5,4.7
28,1209,3.0,3.83
19,1047,3.0,2.0
509,231,2.5,3.66
458,261,3.0,4.5
312,3499,4.0,3.25
57,1513,4.0,3.26
448,49272,4.5,3.2
464,6934,4.0,4.0
357,1407,3.5,4.0
340,356,3.0,3.75
42,1245,5.0,5.0
391,4936,3.0,2.96
219,54997,5.0,3.0
177,37729,2.5,2.63
391,3260,4.0,2.5
47,356,4.5,4.5
268,2349,5.0,4.83
68,74789,4.0,4.72
441,98809,3.5,2.56
290,2013,4.0,3.39
438,6549,3.5,4.55
357,80489,4.5,4.5
28,3683,2.5,4.0
610,57421,4.0,3.52
220,34,4.5,4.25
428,2054,0.5,2.8
298,3785,2.0,0.53
182,4361,4.0,3.76
103,1028,4.0,4.0
450,1544,4.0,1.93
380,5010,4.0,4.0
603,4380,3.0,3.88
489,1204,3.0,4.0
610,68358,4.0,3.7
448,73015,2.0,4.07
462,1343,3.5,3.5
192,315,4.0,2.89
221,1834,4.5,1.47
610,134393,3.5,4.38
221,1923,4.0,2.84
132,6942,4.5,3.43
474,901,2.0,3.5
408,4701,4.0,3.0
50,1291,3.0,3.11
139,33794,3.0,3.36
382,4700,3.5,3.29
325,194,5.0,3.03
89,112138,3.0,4.21
417,2762,4.5,2.5
202,2150,5.0,3.0
244,2716,5.0,3.0
414,1997,4.0,3.5
479,4111,3.0,3.38
599,505,1.0,3.0
202,3006,4.0,4.0
596,2890,3.0,3.85
36,1376,2.0,3.0
274,1604,3.0,3.5
181,707,3.0,3.48
64,25,3.5,3.5
462,4361,2.5,4.0
414,6299,4.0,3.75
597,1193,5.0,4.22
489,7293,4.0,3.9
52,48738,4.5,3.0
569,380,3.0,3.47
51,1196,5.0,4.0
357,1378,3.0,4.0
82,344,3.5,1.84
290,2268,4.0,4.0
159,1088,4.0,4.66
534,59900,4.0,2.89
590,5816,3.5,2.43
58,736,3.0,3.5
312,5991,4.0,4.27
139,5418,2.5,3.0
80,63113,4.5,3.41
105,4878,5.0,5.0
232,4816,4.0,2.75
268,1047,4.0,2.82
122,1682,5.0,4.3
211,1246,4.5,4.37
339,89745,3.0,4.44
182,1447,4.0,3.89
414,4520,2.5,2.0
132,2324,4.0,3.5
604,316,4.0,3.5
222,485,2.5,3.0
232,39231,3.0,2.5
457,3072,4.0,4.35
317,47,5.0,4.0
156,2019,5.0,3.5
313,1690,1.0,2.01
294,610,4.0,3.58
357,66097,4.0,4.0
17,1032,4.5,1.43
380,72167,4.0,5.0
146,3686,4.0,4.08
288,1090,4.5,3.16
166,8665,5.0,3.5
495,140523,3.5,1.52
450,2858,4.0,4.0
567,89774,2.5,4.0
84,1173,3.0,4.0
232,8361,3.5,2.56
573,67087,4.0,3.06
307,58156,3.0,3.32
561,551,3.5,4.0
4,2467,4.0,4.78
274,542,3.5,2.5
82,1201,3.0,3.5
469,919,4.0,3.5
474,3844,2.5,3.07
307,3004,2.0,3.46
68,1234,3.5,3.69
203,2947,3.0,3.8
387,2302,2.5,4.22
474,33903,3.5,4.13
177,6942,5.0,1.35
307,2541,2.0,3.22
603,1711,1.0,1.83
199,1784,1.0,3.67
538,58559,4.5,2.9
182,2135,1.5,1.2
451,5,3.0,3.62
312,1278,4.0,3.29
610,105801,3.0,3.66
532,4262,4.0,4.16
561,33679,1.0,3.51
50,102407,2.5,2.84
44,786,2.0,4.0
132,30793,3.5,3.7
1,3578,5.0,3.32
66,21,4.0,3.21
307,4359,3.0,2.26
111,1676,2.0,3.31
590,30793,3.0,2.0
414,4903,4.0,3.67
140,6461,4.5,4.07
520,1732,3.5,4.5
182,1247,3.5,4.5
100,899,4.5,4.0
52,57528,3.0,3.12
160,1100,1.0,3.0
456,708,3.0,3.4
606,2232,4.0,4.42
599,3968,2.5,3.25
477,252,4.0,2.7
203,349,4.0,3.0
448,74532,1.5,2.83
339,97752,4.0,4.0
169,1288,4.0,4.75
534,79695,4.0,4.5
220,32,4.5,4.25
89,121781,5.0,3.51
380,30707,5.0,4.0
555,3497,3.0,4.23
216,4020,3.0,4.18
600,1230,5.0,3.8
376,10,4.5,2.0
462,8042,5.0,3.34
232,7258,3.0,2.75
226,44195,4.5,4.0
51,4591,3.0,4.0
45,261,3.0,5.0
7,2671,4.5,3.49
380,1583,3.0,3.63
474,5619,4.0,4.72
357,3114,5.0,4.15
182,2551,4.5,2.31
122,119145,4.5,4.0
414,6303,3.0,3.7
432,2712,3.5,3.24
589,1097,4.0,4.64
570,293,3.5,3.72
203,4886,4.0,3.5
166,1240,3.0,4.93
592,533,4.0,3.0
560,130576,2.0,2.36
391,2232,4.0,3.68
409,2492,4.0,3.0
51,934,1.0,4.0
599,41716,2.5,3.76
314,474,3.0,3.32
45,3421,4.0,3.86
247,5618,3.5,4.01
597,588,4.0,4.5
469,196,2.0,2.66
290,3260,4.0,3.2
476,252,4.0,2.34
387,5974,3.0,3.32
51,1845,5.0,4.0
380,8528,3.0,3.0
428,4223,3.0,4.04
307,7371,3.5,1.02
75,8961,4.0,2.32
249,91974,3.5,3.76
525,223,3.5,5.0
437,1291,4.0,3.0
351,40412,4.5,4.31
594,4794,0.5,2.67
483,52973,2.5,4.22
341,69122,2.5,3.61
419,4310,4.5,4.43
414,2428,2.0,3.33
42,784,2.0,4.2
103,33493,2.0,3.98
113,260,4.0,4.25
68,58559,5.0,4.5
590,1272,4.5,4.17
414,3948,3.0,4.25
260,6773,5.0,3.89
419,85394,3.0,4.0
263,7458,3.0,3.21
483,26444,4.5,3.0
599,112,5.0,3.5
603,2968,2.0,4.0
43,29,5.0,4.25
219,2993,2.5,3.0
1,2991,5.0,5.0
317,104879,5.0,2.87
462,127136,4.0,2.25
453,2558,4.0,4.01
448,700,3.0,4.72
205,95167,4.0,3.27
387,7346,3.0,3.57
357,596,4.0,4.0
91,1376,3.5,3.0
369,3638,3.0,2.45
180,2641,3.5,2.56
536,368,4.0,3.78
111,162478,4.5,3.83
227,296,4.5,4.7
222,2378,3.5,2.5
318,208,3.5,3.0
147,163,4.5,3.5
372,538,3.0,3.0
11,1616,3.0,3.0
380,3175,5.0,2.86
405,1252,3.5,3.05
307,1207,3.0,3.5
554,2497,3.0,2.0
477,54503,5.0,4.44
140,4848,4.0,4.0
603,1179,5.0,4.9
325,1614,2.0,3.78
217,2762,4.0,2.63
234,888,3.0,0.8
89,37384,2.5,4.38
394,454,2.0,1.0
188,1951,5.0,4.12
105,4823,3.5,3.12
112,3147,5.0,4.0
68,2915,3.5,2.0
4,21,3.0,3.24
391,5541,3.0,2.03
202,3740,4.0,4.09
610,91660,3.0,2.65
584,292,5.0,3.0
343,50872,3.5,4.0
38,457,5.0,4.0
105,5152,4.5,3.31
402,788,3.0,4.94
603,2074,4.0,4.35
221,3996,4.5,4.5
74,1617,4.5,3.32
606,3289,4.5,3.93
326,57669,4.5,4.7
21,135133,3.5,2.14
560,2761,3.5,4.0
256,117176,4.5,3.77
222,466,3.5,3.5
6,450,4.0,2.32
365,138210,1.5,3.0
482,1374,5.0,3.5
436,380,3.0,3.75
446,339,3.0,3.0
326,2338,2.0,3.5
44,494,4.0,3.8
18,923,5.0,3.63
380,6659,5.0,4.45
604,332,3.0,3.0
391,4967,3.0,3.49
414,6306,4.0,3.0
448,919,4.0,4.3
44,785,3.0,4.0
45,2485,4.0,4.0
226,56757,4.0,4.04
125,136864,2.5,4.4
232,3624,3.0,4.02
477,1358,4.0,2.25
42,4349,4.0,4.97
354,34319,4.5,3.12
573,6378,4.0,3.86
354,3471,2.0,4.25
391,858,5.0,4.67
514,2011,2.0,3.19
359,593,4.5,3.5
19,208,2.0,2.88
307,5418,3.5,3.48
591,3114,5.0,4.0
18,168252,4.0,3.24
307,4776,4.0,3.35
380,187593,3.0,3.92
608,2997,2.0,4.0
369,541,2.5,2.84
140,4161,4.0,2.75
199,2427,3.0,4.35
36,4220,2.0,4.44
214,17,3.0,1.21
474,2076,4.0,4.0
186,915,4.0,4.24
352,924,4.0,3.53
202,2414,4.0,3.02
605,37733,2.0,3.73
219,66297,4.0,3.15
219,4226,5.0,4.66
482,1923,4.0,3.68
489,3471,3.5,2.6
594,4823,5.0,2.75
68,5400,3.5,3.5
600,3911,4.5,3.0
517,56775,2.0,4.0
228,318,4.0,4.5
567,136016,1.0,1.03
22,8784,2.0,3.23
414,48516,4.5,3.7
314,588,3.0,4.5
221,26375,4.0,4.41
610,2976,4.0,3.28
189,318,4.0,3.5
551,377,4.0,3.67
482,6754,4.0,3.5
307,3843,1.0,3.87
105,93790,4.0,3.04
610,55995,3.0,2.4
509,59315,3.0,5.0
42,2263,4.0,4.43
96,3499,2.0,3.88
552,1617,4.5,4.43
606,648,2.5,3.56
288,2872,3.0,3.62
398,8641,1.5,2.96
365,86293,4.0,2.54
119,4370,3.5,4.56
477,2746,3.5,4.42
288,1375,3.5,4.0
555,2174,4.0,4.27
226,4247,3.0,2.14
356,168,3.0,3.34
599,2976,3.5,3.98
354,2455,3.5,2.48
336,34162,4.0,3.31
226,8981,4.0,2.5
443,91500,5.0,0.94
403,2502,4.5,3.68
477,3100,3.5,4.0
36,5464,1.5,2.69
64,6155,0.5,4.43
167,2710,1.0,3.12
8,39,3.0,3.18
560,93510,3.0,4.0
599,2231,3.0,4.51
584,434,5.0,3.15
95,589,4.0,4.5
522,67255,4.0,4.85
4,2858,5.0,4.5
474,4902,4.0,3.52
608,3988,3.5,2.5
599,44,2.5,2.75
455,111,3.0,3.5
474,7357,3.5,4.73
304,1028,4.0,4.0
438,3300,3.5,3.5
50,72378,1.0,3.28
372,356,3.0,4.0
448,5573,2.5,2.8
239,8984,4.0,4.0
216,3504,5.0,4.42
514,158830,2.5,1.16
419,2329,4.5,4.4
249,8529,3.5,4.12
425,2762,3.5,2.5
234,2140,4.0,4.33
84,1263,4.0,3.37
68,3553,2.0,4.05
256,6947,4.0,4.5
28,51540,2.0,2.92
234,1826,2.0,2.0
51,3799,0.5,4.36
465,2941,4.0,4.0
292,97470,1.0,1.7
19,1064,2.0,3.33
480,6615,2.0,4.0
28,31225,3.0,3.0
42,413,2.0,2.5
490,7361,4.0,4.33
514,1278,4.0,4.07
511,164179,4.0,3.77
304,1610,5.0,4.18
160,47,5.0,4.0
521,52,4.0,3.8
600,262,3.0,2.75
482,2688,3.5,4.0
376,2762,4.0,4.5
584,442,5.0,4.63
456,736,3.0,3.16
474,4644,3.0,3.76
298,91128,2.5,4.39
265,436,2.0,2.75
292,780,4.5,1.44
428,2716,2.0,2.19
284,367,5.0,2.69
263,1610,4.0,3.67
384,1206,3.0,5.0
153,44191,4.0,4.11
357,4034,3.5,4.0
238,1272,5.0,3.93
437,79,2.0,2.89
280,3755,4.5,3.94
45,934,3.0,4.3
414,2282,3.0,3.54
305,223,4.0,4.0
465,3654,4.0,3.52
599,87960,3.0,3.97
339,115210,4.0,4.36
600,2706,1.5,2.72
599,3190,2.0,3.85
596,8961,4.0,2.28
121,454,3.0,3.0
276,631,3.0,2.7
28,592,2.5,4.0
313,2028,5.0,4.2
50,3949,3.0,3.33
198,1252,4.0,5.0
607,112,2.0,3.25
177,54190,3.0,4.81
395,367,4.0,3.5
307,2716,3.0,3.74
387,3765,3.0,3.31
27,1200,1.0,4.0
500,2081,3.0,3.24
182,7076,4.0,3.77
584,339,4.0,4.0
434,260,5.0,3.29
307,1992,3.0,2.75
28,3499,3.0,3.75
474,3524,2.0,2.33
66,3029,3.5,3.91
57,3471,5.0,4.0
401,31658,3.5,3.87
202,2100,4.0,3.5
610,95088,4.0,2.33
414,4617,5.0,2.67
166,2716,3.5,3.25
279,6664,3.0,3.68
522,84152,3.5,3.0
391,2762,2.0,2.9
542,45517,4.5,4.0
438,1061,4.5,3.5
160,2078,4.0,5.0
52,50794,4.5,1.29
182,2728,4.0,5.0
606,953,4.0,1.26
567,1,3.5,4.0
99,337,5.0,5.0
474,6041,4.0,2.53
287,4954,1.5,2.5
438,5378,3.5,2.43
166,46530,5.0,0.95
414,6883,3.0,2.94
176,592,3.0,4.0
480,4033,4.0,4.5
287,671,4.0,4.0
232,79293,4.0,3.5
19,293,4.0,4.5
105,4015,3.5,3.88
495,106100,5.0,0.76
509,93988,4.5,0.87
144,8873,5.0,2.77
573,51935,4.5,4.5
249,34405,5.0,4.18
230,8961,3.0,3.81
210,122906,4.5,3.25
474,44199,3.5,3.83
339,90439,3.0,4.0
603,97,4.0,3.5
239,4878,4.0,4.0
414,1090,5.0,3.5
108,3978,4.0,2.83
7,6365,4.0,3.5
177,262,4.0,3.19
220,165,4.0,4.0
567,92234,1.5,3.28
509,783,3.0,2.5
409,1136,5.0,4.7
417,1206,5.0,4.25
385,1031,3.0,3.0
380,2948,5.0,5.0
381,3996,3.0,3.0
226,5349,4.0,4.0
250,4921,5.0,3.51
307,7321,2.0,2.48
474,1834,4.0,4.25
18,53996,3.0,3.41
343,7153,4.5,4.0
279,1196,5.0,3.69
453,165,5.0,3.5
585,1895,4.0,3.02
610,6296,4.5,2.25
428,2167,2.0,3.59
19,12,1.0,3.23
489,431,2.5,1.38
334,2571,4.0,5.0
534,4366,4.5,4.27
247,899,5.0,4.06
413,527,5.0,4.16
517,3269,2.0,3.55
249,122916,4.5,4.0
489,53993,2.5,4.47
64,3386,4.5,4.0
477,4270,0.5,3.39
430,5902,5.0,3.3
140,4886,4.0,3.5
84,475,4.0,4.0
414,3448,4.0,4.0
137,928,3.5,4.0
474,6422,4.0,3.0
414,5678,2.5,3.77
599,51091,3.0,2.32
323,1188,4.0,3.0
381,339,3.5,3.32
140,1747,3.0,3.94
414,7319,2.0,3.3
491,1682,4.5,1.95
600,2140,4.5,3.75
518,3101,3.0,2.95
282,8665,4.0,3.14
468,432,2.0,3.0
187,1466,4.0,4.83
83,72998,4.5,3.49
117,719,4.0,4.5
72,30825,4.0,4.05
183,2993,4.0,4.0
357,1220,3.0,4.83
580,2105,3.5,4.0
89,170993,4.0,5.0
129,239,4.0,2.48
564,1682,1.0,4.5
368,1396,3.0,3.29
448,104760,1.0,2.39
190,5989,4.0,3.52
28,608,3.0,4.5
68,5872,3.5,3.09
16,678,4.0,3.54
599,7033,2.5,2.57
474,7132,3.5,3.67
602,494,4.0,4.7
200,2671,4.0,4.0
415,3147,4.5,4.0
580,49272,4.5,4.5
387,1345,4.0,4.0
599,6811,3.0,2.06
125,69640,2.5,3.72
288,2369,3.0,2.33
573,1214,4.5,4.25
119,46723,3.5,4.5
290,3476,3.0,3.0
448,112852,3.5,3.8
387,951,3.5,2.5
182,1953,3.5,4.19
169,317,5.0,5.0
450,1972,2.0,3.12
56,356,5.0,4.0
514,1036,4.0,4.65
232,34150,3.0,4.23
325,4523,4.0,4.0
483,27721,4.0,2.77
239,48774,3.0,4.0
241,1193,4.5,3.67
603,2203,5.0,4.0
573,10,4.5,3.5
318,98809,4.0,3.0
409,3273,3.0,3.0
328,551,2.0,5.0
564,88672,3.5,2.5
169,594,4.5,5.0
19,1754,2.0,2.85
587,2973,4.0,4.54
387,1078,3.0,3.75
414,4816,4.0,1.14
1,1580,3.0,3.1
153,112454,3.5,3.83
477,355,0.5,5.0
33,17,4.0,3.05
588,253,2.0,4.0
448,2539,3.0,3.4
489,42004,3.5,3.0
312,4128,4.0,3.18
352,37380,2.0,4.4
202,2420,4.0,4.1
599,1136,4.5,4.5
66,224,5.0,3.28
145,1,5.0,3.27
63,5945,1.0,3.5
50,5816,2.5,4.18
356,5577,4.5,3.8
288,7143,4.0,4.38
438,1676,4.0,3.31
292,53460,3.0,3.0
106,72998,5.0,3.67
474,4063,2.0,3.34
129,208,4.0,2.93
200,2724,4.5,1.25
592,44,3.0,3.98
89,2918,1.5,3.9
24,134393,2.5,2.76
606,40629,3.5,2.21
90,617,4.0,4.86
307,3911,3.0,2.94
510,16,1.0,3.0
280,4232,1.5,4.63
474,3467,3.5,3.25
1,2640,4.0,4.71
558,4062,4.0,5.0
608,4720,4.5,3.5
593,8961,3.0,3.75
56,231,5.0,4.38
63,231,3.0,4.44
428,2137,3.0,4.0
132,253,2.0,2.0
20,4154,4.0,3.9
198,1644,3.0,3.61
357,6155,3.0,4.0
414,1499,2.0,4.5
387,1673,3.5,2.25
604,223,4.0,3.0
404,172,3.0,3.0
599,1246,4.0,3.5
202,2064,4.0,4.0
274,4899,1.5,2.82
305,163985,4.5,3.56
186,5214,4.0,2.26
414,6155,2.0,2.25
599,98122,3.0,3.5
305,6016,5.0,3.21
153,4995,3.5,2.39
474,2289,3.0,4.35
21,260,4.5,4.21
122,3253,4.0,4.45
56,367,3.0,3.33
474,3469,2.5,3.5
601,80549,4.0,3.69
603,1594,4.0,4.0
298,56587,2.0,3.69
573,2706,4.5,3.0
1,2387,5.0,2.23
414,809,2.0,2.4
239,524,3.5,4.79
527,1080,2.0,4.5
28,6617,4.0,4.97
19,2014,2.0,3.0
259,3793,3.5,4.12
304,21,4.0,4.0
597,1200,5.0,3.75
186,3479,4.0,3.75
380,3301,3.0,3.26
169,2792,5.0,4.36
125,117466,3.5,3.09
517,131656,2.5,2.32
477,41569,4.0,2.25
129,3034,4.0,3.86
482,1584,3.0,3.0
305,2011,5.0,4.5
564,8528,4.0,2.54
333,3826,1.0,2.52
414,45722,3.5,3.17
45,5378,5.0,3.9
318,2571,3.5,4.5
484,333,4.0,3.25
606,224,4.0,3.75
42,3515,4.0,3.52
543,3785,5.0,2.56
432,296,2.5,5.0
207,637,1.0,3.38
525,3979,0.5,3.0
563,2354,3.0,3.65
600,5585,3.0,1.55
288,3006,4.0,2.11
248,164179,3.0,5.0
140,6385,3.5,3.75
328,68157,4.5,4.5
610,71254,3.0,3.4
580,1356,4.0,3.62
235,474,3.0,4.23
474,1635,4.0,3.5
369,2959,4.5,4.5
344,3082,4.0,4.5
140,1021,4.0,4.22
121,47,3.0,4.5
414,58156,2.0,3.9
275,5049,4.0,3.67
350,805,3.0,3.0
331,88129,5.0,4.0
39,2987,4.0,5.0
268,2490,2.0,2.55
583,71535,3.0,4.21
572,852,3.0,1.75
305,3868,5.0,4.81
73,117881,4.0,3.94
165,1221,3.0,4.1
603,1271,3.0,2.32
610,5816,4.0,3.25
160,1320,5.0,1.01
95,1200,4.5,5.0
480,6754,3.5,3.5
430,6373,3.0,3.5
474,4068,3.0,3.55
530,350,3.0,4.0
226,364,3.5,2.0
279,8874,3.5,3.65
74,2076,5.0,4.76
503,1342,1.0,3.12
437,144,4.0,4.0
191,314,4.0,1.0
93,168,4.0,3.6
89,5449,2.0,3.72
156,2268,3.0,1.0
181,21,2.0,2.75
522,2628,3.0,2.21
91,296,4.5,4.0
448,593,5.0,4.0
486,32,5.0,3.0
600,2795,3.5,2.25
195,3148,4.0,4.48
249,71535,4.5,3.82
520,1748,4.5,3.82
226,6942,4.0,3.5
357,17,5.0,2.89
22,56788,1.0,3.61
414,41569,4.0,3.67
469,2124,3.0,2.03
304,1060,4.0,2.0
279,593,4.0,4.18
325,2912,5.0,3.08
414,1517,5.0,2.9
52,70286,5.0,3.81
477,5903,4.0,4.0
577,923,3.0,3.0
380,2857,3.0,3.86
606,3418,4.5,4.15
92,2572,5.0,5.0
489,60069,4.0,3.48
33,356,5.0,4.0
246,45517,4.0,3.39
414,1953,3.5,4.0
318,55363,3.5,5.0
488,595,4.5,2.25
4,892,4.0,3.0
86,60069,3.0,4.08
559,207,4.0,3.18
477,56145,4.0,3.08
542,318,5.0,4.41
42,780,2.0,3.0
599,5103,1.5,0.89
472,2134,3.5,3.0
581,5989,3.5,2.77
160,434,3.0,1.33
543,6373,5.0,4.76
199,1272,5.0,4.0
210,177765,5.0,1.91
523,7147,5.0,4.0
477,57368,4.5,2.28
76,117176,2.0,4.38
210,4896,4.5,3.5
517,116797,4.0,5.0
414,266,5.0,3.93
292,4085,3.5,2.58
327,6888,5.0,5.0
202,3638,3.0,3.33
474,5512,3.0,4.28
249,58998,4.0,3.5
168,543,2.0,3.82
525,76251,3.5,4.5
586,2916,4.0,3.94
119,119145,4.0,4.0
318,128991,4.5,2.43
62,116823,4.0,4.0
469,2150,4.0,2.83
448,138036,2.0,4.6
560,1485,3.0,3.58
160,1210,5.0,4.67
220,8644,4.0,3.72
47,163645,3.0,4.29
474,919,4.5,2.75
21,367,3.0,4.0
243,410,4.0,3.0
84,671,4.0,3.73
217,1080,2.0,3.67
6,333,5.0,3.0
573,1625,4.5,2.98
56,380,4.0,2.89
292,67197,2.5,2.36
21,1918,3.5,3.39
168,858,5.0,4.5
610,6934,3.5,4.25
354,1917,3.5,3.09
599,95965,4.0,3.5
414,4679,4.0,3.0
599,2288,3.5,3.32
294,2027,1.0,1.0
584,474,5.0,5.0
307,8969,4.0,2.65
610,6539,4.0,3.0
174,316,5.0,2.67
580,5444,3.0,4.43
517,969,1.0,3.44
7,587,2.0,3.0
382,158254,1.5,4.62
474,2205,3.0,3.67
222,1208,3.5,5.0
274,6005,3.5,4.32
298,81784,1.5,3.12
365,1777,3.0,3.37
425,55118,3.5,4.0
64,1204,5.0,4.6
352,1544,3.0,3.64
602,422,3.0,3.84
213,3409,4.0,3.18
414,37240,4.0,3.0
292,83349,3.0,3.42
343,4226,5.0,2.1
606,930,4.5,4.83
438,3754,2.0,4.0
419,3863,3.5,2.14
513,260,5.0,3.2
12,543,3.5,3.51
589,736,5.0,2.47
448,1982,1.5,3.37
274,1729,4.5,3.5
33,385,4.0,2.19
414,6365,4.0,2.25
68,58839,1.0,3.51
307,6951,2.5,2.02
165,5377,4.0,3.07
8,592,3.0,3.5
543,60408,5.0,3.22
599,1918,2.5,2.63
599,73321,2.5,3.5
391,1233,5.0,4.0
600,3988,2.5,2.5
62,3114,3.0,3.93
354,1704,4.0,4.0
307,72,2.0,3.83
288,1592,1.0,3.34
201,2145,4.0,3.0
474,25757,4.0,4.0
42,4040,2.0,5.0
414,3729,3.0,4.0
312,5219,1.0,1.75
599,569,1.0,2.62
307,5590,2.5,2.41
474,3549,5.0,4.5
474,1333,4.5,4.25
156,953,3.5,3.0
608,2571,5.0,5.0
347,589,3.0,3.5
382,42011,3.0,2.17
380,6957,4.0,2.0
414,2335,4.0,2.0
414,1399,3.0,4.25
376,5010,5.0,4.0
483,8798,4.0,3.0
186,3068,4.0,3.48
474,4263,4.0,3.65
98,46578,5.0,3.6
117,7,4.0,3.0
438,5952,4.0,3.57
68,1278,4.0,3.07
605,3269,4.0,3.28
600,1126,4.5,2.75
561,82461,3.0,3.31
177,3668,2.5,3.28
19,551,5.0,4.82
534,4728,4.5,1.73
369,839,2.5,4.09
42,593,5.0,3.0
187,1214,4.0,4.0
265,2985,4.0,4.0
414,3770,2.0,2.4
599,736,2.5,2.0
536,335,3.0,4.89
249,45186,3.5,3.5
525,109487,4.0,3.69
18,111759,3.5,4.12
351,6379,2.5,3.19
219,2791,4.5,4.63
185,3949,5.0,4.88
448,594,4.0,4.0
509,3034,3.0,2.75
240,500,5.0,3.23
174,39,4.0,4.0
382,2353,3.5,4.38
105,8636,3.5,3.71
116,2683,0.5,3.7
599,886,1.5,1.88
380,91630,3.0,1.34
469,590,4.0,4.33
10,4447,4.5,2.81
222,733,3.0,3.94
340,208,3.0,2.6
600,1244,5.0,3.8
590,5065,3.0,4.06
426,69844,5.0,3.23
534,60069,2.5,3.31
610,37733,4.0,3.74
274,5816,3.0,2.03
380,1690,3.0,3.06
143,3421,1.0,3.0
599,4578,1.5,1.44
495,78574,2.5,3.7
103,79132,4.5,4.25
410,3317,3.0,3.01
91,2949,3.0,4.5
365,120466,2.5,4.23
330,481,3.5,2.0
610,1255,4.5,4.66
288,1298,3.0,4.0
475,2011,5.0,3.5
571,3264,1.0,3.38
64,1961,4.0,4.5
474,376,2.0,4.0
219,648,4.5,3.32
414,3786,2.0,3.33
152,111,5.0,3.51
599,63222,2.5,3.5
232,5621,3.0,3.62
601,31658,5.0,4.22
286,7,3.5,3.93
600,648,3.0,3.0
331,4034,3.0,3.75
93,1015,3.0,3.72
603,2885,2.0,2.7
590,5401,1.0,3.66
263,2700,3.0,5.0
45,4502,1.0,5.0
608,1214,4.0,3.67
105,54272,4.0,3.49
582,94864,4.0,4.13
509,6539,3.5,3.5
345,838,5.0,3.0
575,1259,5.0,3.5
555,3660,3.0,3.0
448,118354,3.0,1.86
339,1594,4.5,3.37
599,1951,2.0,3.0
247,89745,3.0,4.43
474,1224,4.0,4.5
1,1954,5.0,4.71
122,4641,4.5,4.0
428,6482,0.5,2.33
169,631,3.0,3.53
219,442,3.5,2.31
288,1019,3.0,3.0
549,122924,5.0,2.98
43,150,5.0,5.0
166,4226,5.0,1.94
292,2115,4.0,3.03
298,40732,2.5,1.67
376,8961,3.5,4.0
474,7026,1.5,3.5
608,34319,4.0,2.4
103,1208,4.0,4.5
525,4014,4.0,3.25
599,2858,5.0,4.7
448,85401,2.0,1.84
217,1544,3.0,3.0
13,2145,3.0,4.68
60,50,3.0,4.5
298,30707,3.0,4.5
226,543,4.0,2.67
409,2485,3.0,2.0
159,65230,5.0,1.81
133,50,3.0,4.0
606,7092,3.5,4.43
477,71057,4.0,4.7
462,3814,3.5,3.98
196,5418,4.0,4.0
20,3438,4.0,2.07
416,830,1.5,1.42
20,1547,3.0,2.5
89,128944,3.5,5.0
382,56152,4.5,3.71
182,43396,3.5,4.0
474,1196,5.0,4.43
305,8368,3.0,3.15
517,46337,0.5,2.78
480,4305,0.5,3.53
414,3039,4.0,4.0
468,39,5.0,2.16
387,1230,5.0,3.0
19,3706,3.0,2.0
602,344,2.0,2.5
561,2815,3.0,3.0
20,2087,4.5,2.37
199,2918,4.5,5.0
489,6305,3.0,3.33
368,593,4.0,4.0
128,905,5.0,4.45
514,38583,2.5,3.01
153,1907,3.0,3.43
483,1256,4.0,3.57
96,1625,4.0,4.0
212,8961,3.0,2.75
220,1258,2.0,5.0
135,1343,3.0,3.0
200,4367,2.5,3.39
74,44937,4.0,2.48
573,6373,4.5,3.83
274,2052,3.5,1.58
226,3809,4.5,3.94
414,2367,2.0,2.58
105,64839,4.0,3.62
382,6332,3.0,3.87
202,852,4.0,3.53
298,86833,3.0,3.45
63,1196,5.0,4.0
202,1393,3.0,3.5
592,339,5.0,4.0
407,60069,2.5,3.59
414,2372,2.0,3.0
448,1729,4.0,4.5
211,8665,4.0,3.0
137,5060,3.5,4.0
385,1179,4.0,3.78
274,26242,3.5,4.84
222,86911,3.5,3.5
585,48516,4.5,4.0
135,2028,4.0,3.51
150,733,4.0,2.43
520,7454,3.5,2.48
448,1011,4.0,3.56
27,60,3.0,4.29
100,16,4.5,4.5
591,2490,2.0,2.77
387,2990,3.0,3.5
68,923,3.0,2.9
414,5293,4.0,4.0
132,1271,3.5,3.5
317,5418,3.0,3.24
492,1,4.0,3.75
580,6790,4.5,3.54
298,39444,2.5,2.72
284,376,4.0,4.44
66,799,4.0,3.34
187,1136,4.0,4.75
490,4447,2.0,3.15
95,3424,4.5,4.44
555,2571,5.0,4.0
480,7265,4.0,3.5
448,6428,3.0,2.65
288,2922,3.0,3.0
610,40732,4.0,3.5
610,81591,3.5,4.0
590,2066,3.5,4.89
76,33004,4.0,3.0
446,16,3.0,4.45
341,3988,3.0,3.46
318,2081,3.0,3.5
534,69436,3.0,2.23
408,33794,5.0,3.5
202,2402,2.0,3.0
599,548,1.5,2.33
474,74,3.0,3.5
567,26171,0.5,2.56
325,3544,3.0,3.95
233,527,4.0,4.5
474,6760,3.0,3.0
474,34072,3.5,3.36
232,45666,2.0,2.96
517,83270,2.0,3.04
410,296,2.0,5.0
156,1517,3.0,3.0
387,154,4.0,2.6
414,33495,2.5,2.8
268,1093,1.0,5.0
312,1130,4.0,4.92
287,4034,3.5,3.59
381,4993,4.0,5.0
241,4235,3.0,3.87
484,82852,4.0,1.02
477,2761,4.0,4.0
599,60365,1.5,4.49
600,2193,5.0,3.28
298,61160,2.5,3.56
280,916,4.0,4.06
489,88125,3.5,4.17
594,2058,4.5,3.9
288,2120,2.0,2.75
608,6365,5.0,3.0
580,7438,4.5,3.99
263,24,3.0,3.0
88,7153,5.0,4.2
142,527,5.0,4.25
438,4310,3.5,4.5
313,4499,4.0,3.0
610,5959,3.5,3.86
599,128197,2.0,3.01
91,6863,2.5,4.25
313,1080,1.0,3.74
318,6953,4.0,4.0
140,49910,2.5,4.0
135,2193,2.0,4.0
18,135569,3.5,3.17
489,2001,3.5,2.67
381,8529,4.0,3.0
199,3316,2.0,3.36
408,8972,4.0,2.93
307,2423,2.5,1.0
610,67923,3.0,4.0
469,1260,4.0,5.0
28,41997,3.0,2.76
382,7155,3.5,4.58
156,1288,4.0,3.87
275,2964,1.0,5.0
217,2167,2.0,2.46
111,7439,3.0,3.22
448,2109,3.0,3.4
520,1610,4.0,1.42
393,6539,5.0,3.04
34,2443,4.5,3.0
68,85780,2.5,3.95
438,180,4.0,4.72
310,2372,2.0,4.0
19,1973,2.0,1.86
237,2628,2.5,3.43
584,590,5.0,5.0
183,3256,3.0,3.43
64,370,2.0,3.73
371,2987,4.5,3.0
482,442,4.0,2.18
140,2912,3.5,3.66
330,64614,4.0,3.63
380,55553,3.0,3.44
155,2195,3.0,3.0
594,7046,0.5,2.5
82,368,3.5,2.58
298,2916,4.0,2.0
187,1732,5.0,4.07
290,2988,4.0,3.33
57,265,2.0,3.54
130,110,5.0,3.25
246,91542,4.5,3.68
75,8360,4.0,2.48
19,2393,3.0,3.88
68,78703,4.0,2.0
387,4441,3.5,4.42
160,379,3.0,3.39
599,4700,2.0,2.5
202,372,3.0,2.59
573,8636,4.0,3.5
249,88954,3.5,3.87
219,293,4.0,3.0
352,71156,3.0,3.85
381,5459,2.5,4.44
551,122918,4.0,3.04
563,112552,4.5,3.5
342,5014,5.0,4.27
91,4027,4.0,3.13
608,2335,2.5,3.46
597,380,2.0,2.79
274,2353,3.5,3.05
15,59315,2.0,4.0
226,4963,4.5,4.0
606,780,2.5,4.0
599,1089,5.0,3.0
280,70984,2.0,3.5
474,41285,3.5,4.0
354,50,4.5,4.34
428,4941,2.0,3.0
63,595,3.0,3.7
103,1387,4.0,3.14
480,318,5.0,2.97
13,3624,4.0,3.0
146,2085,4.0,4.0
246,36363,3.5,2.32
414,7236,3.5,2.45
14,339,4.0,4.85
378,7153,4.5,4.5
387,2985,3.0,3.58
181,466,2.0,3.42
45,2718,3.0,3.0
599,157,1.5,1.0
564,61132,1.5,3.36
514,586,3.5,3.5
298,3593,0.5,1.68
530,329,3.0,3.84
91,251,2.5,3.26
79,3578,2.0,4.5
41,115149,0.5,4.18
124,6377,5.0,4.48
274,2136,3.0,3.33
89,171811,4.0,4.0
301,377,2.5,3.0
525,1031,3.5,2.5
305,4226,3.5,3.49
371,1199,5.0,3.0
28,678,3.5,3.88
318,51174,3.5,3.92
249,3988,3.5,3.42
309,4326,4.0,3.28
125,93855,4.5,4.75
168,1252,5.0,4.71
212,31658,4.0,4.41
452,1954,4.0,4.5
126,595,4.0,3.42
195,2076,2.0,5.0
356,50,3.5,4.27
414,3365,4.0,4.88
491,31685,4.5,2.84
290,1333,4.0,4.0
509,91266,2.5,2.22
570,2115,4.0,1.4
325,2024,3.0,3.0
401,45722,3.5,3.68
448,4734,4.5,2.67
104,5541,3.5,3.73
600,7247,3.5,2.88
483,3967,4.0,3.0
177,2020,3.0,3.19
210,117192,4.5,3.3
275,1594,5.0,2.3
534,99117,4.5,2.69
249,1717,2.5,2.12
514,2902,3.0,2.0
448,4952,2.0,4.89
84,406,3.0,4.52
318,106918,4.0,3.49
460,2747,3.0,3.0
410,357,4.0,3.8
51,5254,2.5,3.06
413,1246,1.0,4.0
573,8641,5.0,3.59
381,8665,4.0,2.05
352,114180,4.5,3.24
339,90345,4.5,3.81
414,102445,3.5,4.5
419,2542,4.0,3.0
18,91658,3.5,2.59
514,3704,2.0,2.48
476,296,3.0,3.92
210,135887,4.0,3.96
564,58803,3.5,2.5
438,260,5.0,4.51
221,1721,3.0,3.75
51,5481,4.0,3.81
169,4308,5.0,4.75
21,435,1.0,2.6
555,724,5.0,3.53
170,500,4.0,4.5
140,7143,3.5,3.0
1,2459,5.0,4.44
28,62792,2.5,3.08
288,5418,3.5,4.5
469,5060,4.0,4.26
560,1907,3.5,3.12
404,36,3.0,3.46
209,71535,2.0,4.0
284,95,5.0,1.93
380,134524,3.0,0.81
603,2291,4.0,4.0
603,4450,4.0,2.5
304,1608,4.0,3.88
19,2706,3.0,4.0
318,3736,3.0,3.0
504,5377,4.0,3.77
103,4019,5.0,3.58
156,348,3.0,3.0
274,7449,2.5,2.88
474,929,3.5,4.5
140,4337,4.0,4.1
105,30812,4.0,3.9
591,2694,4.0,1.59
159,4246,5.0,4.0
28,1754,3.0,3.5
455,110,4.0,3.5
474,4975,3.0,3.5
292,30793,3.5,0.8
510,34405,0.5,4.62
331,4447,1.5,2.75
448,1209,5.0,4.5
596,86332,3.5,2.72
597,778,5.0,3.5
480,1921,4.5,4.0
322,780,3.0,3.8
141,91500,3.5,2.0
93,356,5.0,3.5
68,2918,4.0,3.17
381,53953,4.0,3.0
170,733,3.0,3.25
22,6502,1.5,3.5
603,1809,5.0,3.35
19,2423,4.0,2.4
608,6863,4.5,3.75
419,7022,5.0,3.5
125,2692,4.0,4.45
468,225,4.0,3.0
122,103253,4.0,4.5
449,2692,3.5,4.0
115,1377,1.0,4.19
274,47997,3.5,3.23
453,798,3.0,3.0
480,5577,4.5,2.4
318,71453,4.0,4.0
202,2457,4.0,4.0
288,32,5.0,4.0
490,5313,2.0,3.0
104,4941,2.5,3.48
17,50,4.5,4.68
558,296,3.0,3.33
6,254,3.0,3.0
570,653,3.0,2.98
332,92938,2.0,2.65
347,380,3.0,3.0
346,778,3.5,5.0
381,48304,3.0,4.0
610,2918,3.5,4.56
325,1191,2.0,4.32
469,3770,3.0,3.0
212,168254,3.0,3.55
186,1921,4.0,4.98
182,23,3.5,3.0
600,6538,3.0,2.5
580,4995,3.5,4.5
563,4017,3.0,3.5
265,2011,3.0,4.0
610,6867,4.0,2.18
288,8464,3.0,2.56
461,527,3.5,2.33
597,1198,5.0,4.25
488,955,4.0,4.28
184,109374,4.5,3.25
63,780,3.0,3.16
249,45662,2.0,3.06
449,186,0.5,2.68
453,356,5.0,5.0
520,42002,3.5,2.63
556,7153,4.0,4.5
580,292,3.0,5.0
221,2944,3.5,3.84
249,1206,4.0,3.37
513,2858,4.0,2.85
480,288,2.5,3.49
235,410,2.0,3.14
344,2571,5.0,4.88
125,522,3.0,4.0
79,260,5.0,4.0
177,4993,2.0,3.83
318,3300,3.5,3.3
111,87869,4.0,4.5
105,175293,5.0,3.15
443,2858,4.0,4.0
197,50,3.0,5.0
5,1,4.0,4.11
232,6338,3.0,3.5
288,8783,3.0,2.97
260,7022,4.0,3.0
280,4310,4.0,2.82
437,508,5.0,4.0
514,2301,2.0,2.47
489,4128,4.0,3.91
298,4228,3.0,3.0
410,4062,4.0,2.0
215,2915,3.5,4.51
281,7325,4.0,2.5
68,3984,4.0,2.71
117,589,4.0,4.0
580,680,3.0,3.4
298,2485,0.5,1.3
307,5309,1.5,1.97
367,3743,3.0,2.54
187,1198,3.0,5.0
594,11,5.0,3.0
4,1732,4.0,4.33
279,97304,3.5,3.0
332,5291,5.0,4.27
73,87869,3.5,3.04
218,1625,2.0,2.77
156,1923,4.0,3.4
114,122904,3.5,5.0
414,175,4.0,3.0
414,143385,4.0,4.1
275,852,4.0,4.0
177,7153,2.0,3.0
525,7090,4.5,4.32
7,49824,3.0,2.79
68,1388,2.5,5.0
201,1732,2.0,3.27
465,3686,3.0,4.0
599,1580,3.0,1.74
414,3836,5.0,2.0
57,707,2.0,3.97
305,74795,4.0,0.82
599,121231,3.5,4.73
169,6218,4.0,2.52
74,6791,5.0,4.9
42,590,4.0,4.37
28,51471,3.0,2.63
128,926,5.0,4.11
560,116797,3.0,3.25
469,2194,5.0,3.5
473,4979,4.5,4.0
100,1220,3.0,4.88
105,3310,4.5,4.29
274,6333,4.0,3.81
603,2734,4.0,1.22
280,27,4.5,4.13
608,37830,3.0,2.51
414,1961,4.0,4.0
202,1206,4.0,4.33
573,653,3.0,3.33
201,150,4.0,4.0
560,31685,3.0,3.5
391,1240,4.0,0.5
606,7093,4.0,4.36
182,44199,3.0,3.83
155,1,3.0,3.68
474,6335,3.0,3.5
608,1907,3.5,3.5
62,4995,4.5,4.16
534,97752,4.5,3.3
600,1962,2.0,3.5
565,539,3.0,3.5
373,355,1.0,4.0
45,2916,4.0,4.35
232,6331,3.0,3.5
245,3101,1.0,3.0
474,43333,3.5,4.82
597,2916,5.0,5.0
277,637,3.0,3.93
550,167296,0.5,2.9
182,1483,3.5,4.0
514,22,3.0,2.5
599,2005,1.5,3.67
416,3624,2.0,3.0
567,138036,3.0,3.73
345,3396,3.0,3.5
377,6021,5.0,3.07
103,551,4.0,3.38
177,58559,5.0,5.0
113,4126,4.0,2.0
259,1356,0.5,4.71
221,1090,4.5,4.32
81,380,2.0,3.93
111,160080,3.5,3.5
424,364,4.5,3.67
474,6228,4.0,4.0
328,1136,5.0,1.83
365,160954,1.5,3.38
234,1379,3.0,4.16
105,48872,4.5,4.66
590,6157,2.0,3.61
295,4973,4.5,1.65
474,26116,4.0,4.71
64,8832,3.5,2.92
135,2723,4.0,1.31
169,231,4.5,3.56
256,97938,4.5,4.5
74,55444,5.0,4.4
57,500,3.0,3.0
23,912,3.5,4.07
318,4967,4.0,4.48
599,85414,3.0,3.49
103,82854,3.0,1.47
339,30749,3.5,3.05
459,2571,4.0,3.86
414,5139,3.5,4.75
540,48385,4.0,3.76
47,141,2.0,3.17
318,8984,3.5,4.5
318,5218,3.5,2.49
224,3072,5.0,4.21
21,2671,4.0,2.54
534,87232,2.5,3.73
453,4153,2.0,2.94
132,1562,1.5,2.0
352,50,5.0,4.79
47,45950,3.0,3.5
288,3313,2.0,4.5
438,1517,3.5,1.5
334,58105,3.5,3.63
123,4886,4.0,4.86
380,3869,4.0,4.86
606,858,4.0,5.0
167,5418,4.5,4.0
68,805,3.0,3.55
483,3740,3.5,4.19
352,93840,4.5,3.5
452,2683,5.0,4.23
156,3134,5.0,2.19
42,4361,3.0,3.67
271,1282,3.0,3.7
368,920,4.0,5.0
125,83349,3.0,3.65
607,2716,4.0,3.17
91,1762,2.5,1.53
334,589,4.0,5.0
606,6436,3.0,3.89
56,457,4.0,4.0
365,48774,1.5,4.23
313,1994,3.0,4.07
330,1721,3.5,4.09
422,4939,3.0,3.0
577,1225,4.0,4.0
43,480,4.0,4.25
497,4973,3.0,5.0
317,288,2.0,5.0
448,102880,1.5,2.64
387,1952,4.0,3.6
590,53972,3.0,4.5
414,2496,3.0,3.22
125,2959,5.0,4.67
495,88129,4.0,5.0
52,65514,3.5,4.39
483,6365,2.5,2.5
422,3980,4.0,3.0
383,1196,3.0,4.76
279,115713,5.0,3.1
410,427,4.0,3.0
328,2762,2.0,4.67
44,104,4.0,4.84
288,1197,4.0,4.33
122,87306,4.5,3.0
414,4305,1.5,4.0
151,92,1.0,3.51
226,1517,4.0,3.67
169,788,4.5,2.25
474,3789,3.5,3.0
343,527,5.0,5.0
125,1590,2.0,4.0
132,60069,0.5,3.75
559,509,4.0,4.0
381,3396,1.0,3.5
418,2144,3.5,5.0
20,4447,3.0,3.5
351,90471,3.5,3.66
479,185,1.0,2.0
429,276,3.0,3.6
256,95441,3.5,3.43
275,3794,2.0,2.47
474,1496,4.0,4.0
263,6218,4.0,1.61
94,10,3.0,3.5
65,46976,3.5,4.0
212,2571,3.0,5.0
19,490,2.0,2.0
474,7451,4.5,4.0
414,5151,4.0,3.02
541,361,3.0,4.86
318,671,4.5,3.72
45,2687,4.0,3.35
274,5803,1.5,2.08
580,1441,3.0,3.89
597,2819,5.0,2.5
116,2724,5.0,3.27
236,3052,5.0,3.49
387,2088,2.0,1.96
477,2716,4.0,5.0
432,74458,4.5,4.5
216,905,4.0,4.0
202,3194,4.0,3.31
606,936,4.0,4.26
414,55830,3.5,4.5
414,115713,4.5,4.78
91,1261,4.5,3.33
551,84152,4.5,3.32
108,5316,4.0,3.5
495,1608,4.0,1.96
28,48326,2.5,4.69
586,1210,4.5,5.0
339,3967,3.5,4.84
380,2011,4.0,3.67
381,50872,3.5,3.18
339,6,4.0,5.0
380,47,5.0,2.67
113,1247,4.0,2.38
526,46578,5.0,3.83
580,6934,5.0,3.16
58,596,4.0,4.67
45,6,4.0,3.0
478,33164,0.5,1.54
246,541,5.0,4.07
462,5239,4.0,3.37
562,2648,3.5,3.99
483,93723,3.0,1.5
441,4980,3.5,3.5
356,3210,4.5,3.0
20,3751,5.0,3.0
474,8983,4.0,3.5
368,1129,3.0,3.06
414,2148,2.0,4.0
469,1278,4.0,4.33
41,31685,3.0,3.0
211,260,4.5,3.75
64,7701,3.0,3.78
47,171011,3.0,4.81
68,2950,3.5,4.05
453,3255,4.0,4.63
434,741,5.0,2.99
610,6156,3.5,3.12
543,377,5.0,3.55
606,3408,4.0,2.72
274,1265,4.5,4.25
275,3160,1.0,2.62
597,260,5.0,4.31
288,3785,2.0,2.73
543,344,4.0,3.0
610,4816,4.0,3.29
226,1042,3.0,4.31
448,5,3.0,3.0
564,64969,3.0,3.33
125,9010,5.0,2.45
433,174055,1.5,5.0
600,2123,3.0,3.0
590,1250,5.0,3.67
608,2423,2.0,2.0
313,1954,2.0,2.33
484,998,5.0,3.52
394,356,4.0,3.0
351,4995,4.5,4.43
79,457,4.0,3.9
514,165103,3.5,2.26
15,849,2.0,3.7
586,4963,4.0,3.67
202,2942,3.0,4.0
318,1022,2.5,3.5
307,51662,3.5,3.0
182,3045,5.0,4.25
68,8907,2.5,3.67
68,122918,3.5,3.12
68,6157,2.0,4.37
486,648,5.0,2.5
605,46972,4.0,2.5
72,1216,4.0,4.0
474,7311,3.5,3.14
448,101025,2.5,2.9
156,4973,4.0,4.84
474,2553,3.5,3.67
448,1967,3.0,3.0
41,2329,4.0,4.79
199,1641,4.0,5.0
387,500,2.5,3.0
234,2700,3.0,3.0
199,8781,3.0,3.66
307,6287,3.5,2.5
32,50,5.0,4.62
357,524,4.5,4.83
452,2393,5.0,2.5
594,4715,3.0,2.22
71,1,5.0,3.95
381,7361,4.0,2.91
490,1784,3.0,4.32
332,1270,4.0,3.75
132,1249,3.0,3.43
489,3052,4.0,3.27
555,955,5.0,3.84
226,4489,4.0,2.88
125,108932,3.0,4.5
89,909,2.5,1.66
290,1242,5.0,4.0
474,7051,3.0,3.25
580,1234,2.0,3.58
177,3534,4.0,4.03
309,48780,3.5,3.0
555,1007,3.0,3.27
89,93006,4.5,5.0
15,103249,3.5,3.27
563,63992,1.0,2.4
610,1200,5.0,4.75
89,905,3.0,2.78
93,153,4.0,2.69
603,3361,4.0,4.0
226,1240,4.0,3.0
326,1955,3.5,3.49
561,45186,3.5,4.16
76,63436,4.5,3.11
217,3274,3.0,3.98
419,37240,4.0,3.0
378,58559,4.5,5.0
191,269,3.0,4.54
274,788,3.0,3.5
586,68954,5.0,3.75
349,539,3.0,4.46
21,115617,4.0,5.0
301,110,1.5,4.0
372,1073,3.0,3.65
132,1079,3.5,4.0
249,52722,3.5,3.17
91,50,4.5,5.0
414,2482,3.0,2.72
232,4995,4.0,3.5
356,48342,5.0,4.99
215,1172,5.0,4.0
380,370,4.0,5.0
280,2396,3.0,3.04
469,1732,5.0,3.11
608,1994,3.0,3.5
418,127108,4.5,2.38
89,131826,3.5,3.5
416,2959,4.0,5.0
448,54272,4.0,3.5
599,1713,2.5,2.32
226,3087,4.0,4.61
50,1387,3.0,3.72
380,54286,3.5,3.8
448,50872,3.0,4.0
134,553,4.0,3.0
596,128908,4.0,3.15
534,112623,1.5,3.81
572,3135,3.0,3.0
305,2167,5.0,1.76
298,1968,3.5,2.53
489,3793,3.5,3.2
448,1227,5.0,5.0
119,110730,4.0,4.03
414,345,4.0,2.5
105,56782,4.5,4.16
84,1094,4.0,4.0
385,1287,4.0,5.0
509,46062,1.5,3.54
385,1305,3.0,4.0
217,1812,4.0,3.82
6,537,3.0,3.0
414,145,2.0,4.0
68,1276,3.5,3.24
28,41569,2.5,2.72
265,2701,2.0,5.0
346,8228,3.0,2.57
137,1267,3.5,4.51
414,3060,4.0,2.4
311,2706,0.5,2.71
204,293,4.5,5.0
182,3053,4.5,2.99
469,2009,3.0,3.2
318,1289,3.5,2.62
61,555,4.5,2.5
427,5506,3.0,1.14
239,1200,4.0,4.14
387,35836,3.5,4.22
297,319,5.0,4.25
572,924,5.0,2.5
599,107406,3.5,4.71
334,4225,3.5,3.34
599,5334,2.0,3.16
555,2458,4.0,2.5
313,332,4.0,3.0
275,1945,5.0,3.96
88,4995,4.5,4.57
599,2339,1.5,3.5
95,4732,1.0,4.0
156,2352,3.0,4.0
177,48412,3.0,3.57
103,5349,3.0,3.5
182,610,3.0,4.74
474,2728,4.0,3.53
372,1203,4.0,4.0
332,26564,3.5,3.61
603,1056,4.0,3.0
191,720,5.0,4.03
414,2759,3.0,4.5
286,39,3.5,2.25
610,56782,5.0,1.85
504,2321,4.0,4.69
380,5445,4.0,4.0
555,2987,4.0,3.0
605,5952,5.0,4.15
51,2826,3.5,3.43
376,1610,4.0,4.5
307,2406,2.5,1.5
480,5064,4.0,4.31
57,3704,3.0,2.0
573,6365,4.5,5.0
156,2243,2.0,4.0
448,3494,5.0,3.54
601,1221,4.5,3.06
42,16,5.0,4.82
234,2089,4.0,4.0
304,1242,5.0,3.5
21,2541,4.0,3.38
474,2746,2.0,4.5
276,2,4.0,4.5
70,1259,4.5,4.39
275,4886,4.0,2.99
534,94018,2.0,3.02
64,5956,4.0,4.27
307,454,3.0,1.14
479,82,5.0,3.12
132,1258,4.0,3.5
385,1281,4.0,4.0
36,2082,2.0,2.37
474,46578,3.5,4.7
414,5485,5.0,2.9
325,1805,4.0,3.27
28,6711,2.5,4.68
477,1831,4.0,4.22
597,42,3.0,3.0
606,345,4.5,2.75
409,3814,5.0,4.77
219,46322,3.0,2.0
156,924,4.5,4.5
21,34048,3.5,3.27
514,785,2.5,1.94
263,2125,3.0,3.13
610,7460,3.5,3.36
432,5349,2.5,3.38
359,1198,3.0,4.21
424,4816,3.0,2.32
477,216,4.0,3.8
182,2580,4.0,4.0
274,37720,1.5,2.91
469,610,3.0,4.11
331,296,5.0,4.0
514,7153,3.0,3.5
140,2819,3.0,3.41
20,3948,3.5,3.5
413,4993,5.0,4.2
606,6202,3.5,1.97
82,5220,4.0,3.45
462,1961,2.0,3.5
254,7090,4.5,4.93
38,222,3.0,4.84
287,799,2.5,4.0
279,112183,4.5,3.92
448,33004,3.0,1.62
567,122922,3.0,1.5
548,58559,5.0,4.0
111,170957,3.0,3.64
428,7361,4.0,3.29
113,1829,3.0,2.59
274,8807,3.5,2.25
357,553,5.0,4.7
126,500,4.0,4.45
474,4809,4.0,2.5
605,5667,3.0,3.02
571,3660,1.0,4.47
597,1527,4.0,3.58
182,3882,2.0,1.5
249,102123,5.0,3.92
175,38388,5.0,3.38
185,34,2.0,4.25
596,1136,4.0,4.0
552,553,1.5,3.35
466,57368,4.0,2.33
517,1282,5.0,2.95
63,111781,5.0,4.0
458,161,5.0,4.0
210,147380,4.5,4.5
599,37727,1.5,3.4
485,10,4.0,3.2
380,3300,4.0,3.26
316,1967,3.0,3.57
24,132660,4.0,4.5
305,45081,3.5,2.02
599,74696,3.0,3.5
599,2154,2.0,3.26
204,68954,4.0,4.0
282,1220,4.0,4.65
63,60069,4.0,4.28
25,58559,5.0,4.0
148,4896,4.0,4.33
125,97752,4.0,4.0
448,592,3.0,3.37
480,3535,3.0,2.92
603,1097,4.0,3.0
68,10,4.5,3.88
438,5903,5.0,3.34
414,66203,3.0,3.35
305,60069,5.0,5.0
232,34520,2.5,3.0
599,2719,1.5,1.87
409,1694,4.0,3.0
137,1272,5.0,3.91
256,170,4.5,4.0
18,171023,4.0,4.72
294,3699,1.0,2.0
305,3300,3.0,3.88
169,3147,4.5,4.39
241,71899,4.5,3.41
182,2808,0.5,3.27
610,8578,3.0,3.79
181,592,2.0,3.25
475,58025,4.5,2.27
33,1617,5.0,3.25
380,82461,3.0,4.0
484,87529,2.0,1.04
115,2028,5.0,2.0
561,86332,4.0,1.86
603,339,3.0,3.0
249,380,4.0,3.66
610,68486,3.5,1.66
52,150,4.0,3.0
292,2005,3.0,3.0
514,3552,4.0,3.08
368,2009,3.0,2.64
23,1809,3.5,2.5
174,539,5.0,3.92
221,1086,4.5,3.18
57,1517,4.0,3.13
298,79132,3.5,3.83
448,70565,2.5,2.06
19,2372,1.0,3.33
103,57522,3.5,4.26
256,2011,5.0,3.76
305,49530,4.5,3.0
64,3809,4.0,3.81
177,5943,4.0,2.5
156,5060,4.0,3.28
414,3020,4.0,2.65
367,4155,4.0,3.0
91,7123,4.0,3.26
139,56788,2.0,3.43
339,86504,5.0,4.4
221,5247,2.5,2.8
199,5670,3.0,4.37
560,3996,4.0,3.58
159,63082,0.5,2.52
577,435,3.0,3.22
599,128360,3.0,3.35
357,3897,5.0,4.97
189,2762,4.0,4.52
606,50,4.5,3.91
105,104780,5.0,4.21
580,1923,4.0,4.78
385,1,4.0,4.5
453,1393,4.0,4.78
448,4489,3.0,1.86
140,4299,3.0,3.0
91,2762,4.0,4.7
105,56174,4.0,3.36
160,353,5.0,3.42
246,838,4.0,3.48
263,597,4.0,3.58
367,1968,5.0,2.63
352,64614,5.0,4.0
91,158,2.0,3.0
391,555,5.0,4.0
286,5218,5.0,4.33
517,1230,1.5,2.0
414,230,3.0,2.33
51,2371,3.5,4.33
558,5064,5.0,4.76
448,5094,1.5,2.56
387,46970,2.5,3.52
493,2872,3.0,2.75
136,62,5.0,2.4
217,3197,3.0,4.5
51,2282,4.5,2.01
28,2194,3.5,3.35
495,72998,5.0,2.31
387,3536,2.5,3.94
344,3897,3.0,4.78
318,337,4.0,3.09
599,34292,1.5,2.0
492,1405,5.0,3.77
221,27741,4.5,4.98
482,647,3.5,3.2
89,164226,4.5,4.56
489,5541,2.5,0.6
57,3114,4.0,5.0
491,30825,4.0,3.83
64,27869,4.5,3.11
275,1267,5.0,4.45
493,3267,4.0,3.0
62,1246,4.5,4.42
483,61323,4.5,4.05
356,1259,3.5,4.37
483,3745,4.5,3.25
574,300,3.0,3.95
18,502,2.0,2.81
474,6535,2.0,3.0
414,3977,4.0,3.0
177,45447,3.5,2.71
287,5902,3.5,3.86
217,89,4.0,3.0
274,44974,3.5,2.0
135,1214,4.0,4.5
105,48516,5.0,4.5
91,3623,2.0,3.13
70,1210,5.0,5.0
586,27619,4.5,3.79
464,1036,5.0,3.17
356,2716,5.0,4.0
600,19,3.0,3.0
414,1037,3.0,5.0
156,3873,4.0,3.45
603,1208,5.0,4.0
274,4732,1.5,3.17
525,596,1.5,3.18
141,3578,5.0,3.5
474,1939,3.5,4.0
290,2935,4.0,4.0
599,1394,3.0,3.25
212,135861,2.0,3.96
274,2000,3.0,2.75
428,4890,2.0,2.67
78,380,4.0,3.73
604,233,3.0,4.37
504,6620,3.0,2.89
590,60074,3.0,4.33
567,134246,0.5,3.5
543,588,5.0,3.0
64,4306,3.5,3.0
211,3638,4.5,3.39
135,608,4.0,3.47
381,480,4.0,4.67
372,157,3.0,2.6
303,5502,4.0,3.35
474,1252,4.0,4.0
6,489,3.0,3.38
480,1101,4.0,3.83
528,97921,3.5,4.17
288,5349,4.0,3.67
229,434,3.0,3.0
603,1120,2.0,3.12
63,110,2.5,3.83
331,4638,2.0,3.39
305,2268,5.0,3.55
603,1680,4.0,2.75
276,837,4.0,3.79
559,349,3.0,3.0
537,69481,3.5,2.5
368,1240,4.0,4.0
367,3510,5.0,4.0
91,3263,2.0,3.95
415,4369,3.0,3.4
328,1380,0.5,3.33
414,1390,2.0,4.0
249,3978,3.5,3.25
331,40819,4.0,3.21
202,2355,4.0,5.0
489,5218,3.5,3.17
247,6365,3.0,4.04
274,5349,3.0,4.0
318,74458,4.5,3.14
500,342,2.0,2.76
76,4878,2.5,2.0
543,1387,5.0,4.95
339,1580,2.0,4.36
597,1090,5.0,4.0
116,30749,4.5,4.0
111,5025,3.0,4.0
479,351,2.0,4.5
