userId,movieId,rating,predicted_rating_k5
432,77866,4.5,2.2
288,474,3.0,4.04
599,4351,3.0,3.25
42,2987,4.0,4.08
75,1610,4.0,4.62
51,177,4.0,3.78
354,51662,3.5,3.31
416,750,4.5,4.45
438,6503,0.5,4.42
73,8641,3.5,3.52
567,1203,4.5,3.67
391,1179,4.0,4.54
380,111362,5.0,3.46
305,55276,5.0,3.82
409,3868,4.0,3.99
307,6957,3.5,1.7
274,26736,4.5,3.88
125,6952,3.0,3.78
561,1278,3.5,4.35
68,6953,2.5,4.15
525,50872,3.5,4.14
414,3847,2.0,3.16
6,587,5.0,4.19
601,48394,4.0,3.84
325,32,4.0,2.8
82,5065,3.0,4.18
16,204,2.0,2.87
542,4816,1.5,3.96
32,39,3.0,4.01
140,2682,4.0,1.6
182,5643,3.0,3.34
89,42761,4.5,3.55
359,541,1.5,3.35
183,1408,4.0,3.05
111,119155,3.5,4.54
80,2513,4.0,3.07
448,117590,2.0,3.23
514,1258,4.0,3.55
68,1101,3.5,4.02
325,80,4.0,3.98
509,1588,3.5,3.43
131,31,3.0,2.81
45,2355,5.0,3.06
156,3167,3.0,3.13
440,1199,4.5,4.68
312,5065,3.0,3.73
57,2102,4.0,2.1
603,2020,4.0,4.59
337,778,4.0,4.66
116,356,4.0,3.59
122,63113,4.5,3.8
201,185,3.0,3.37
167,318,5.0,4.77
139,60072,1.5,3.33
68,628,3.5,3.86
16,293,4.0,3.51
448,99992,3.0,3.35
450,1073,4.0,4.07
178,380,4.0,3.8
599,59369,2.5,3.84
581,4226,4.5,4.53
215,1347,0.5,1.84
610,4228,3.0,4.04
81,288,3.0,3.29
414,2120,2.0,2.5
340,185,3.0,4.01
323,111443,2.5,2.08
232,586,3.0,2.94
186,3740,3.0,3.94
28,1245,3.5,2.8
195,4067,4.0,3.89
414,86190,4.0,1.54
596,141131,2.5,2.55
561,1394,4.0,3.18
602,448,3.0,3.4
202,2983,4.0,2.81
195,553,4.0,2.63
200,44761,5.0,3.16
387,5296,1.5,3.39
514,104841,3.0,3.15
510,2710,1.0,3.09
290,2385,3.0,3.11
221,446,4.5,2.7
598,7361,5.0,3.45
596,4014,3.5,2.03
414,157699,4.0,3.18
34,31685,2.0,3.34
62,2115,4.5,3.58
448,105211,3.5,3.13
137,1242,4.0,3.68
438,2642,3.0,4.0
606,47538,2.5,2.29
352,51662,4.0,3.31
572,3093,5.0,3.17
129,4878,2.5,3.22
279,164179,4.0,4.42
428,6365,3.0,4.25
152,858,5.0,2.7
328,1198,5.0,4.06
427,435,3.0,3.31
367,3751,5.0,2.86
599,97306,3.0,3.67
525,98243,3.0,3.32
111,78174,1.5,4.19
42,2735,4.0,3.26
606,2677,4.0,4.23
560,6863,3.0,3.53
19,422,3.0,2.62
51,3363,4.5,3.96
474,381,2.5,3.57
68,2096,3.0,3.34
189,7153,4.0,4.1
599,93723,1.5,2.91
556,41566,3.5,3.08
596,3623,2.5,2.68
387,778,4.5,2.33
3,2090,0.5,4.31
1,3740,4.0,3.95
73,99106,1.5,3.96
217,357,3.0,2.42
438,43928,0.5,3.51
282,55765,4.0,4.3
310,1247,4.5,1.36
448,122924,2.0,3.13
91,2990,2.0,3.32
103,4848,5.0,3.9
380,3156,4.0,4.47
566,552,4.0,1.32
298,77561,3.5,4.0
599,31921,2.5,3.81
381,4226,4.5,4.68
292,2376,4.0,2.16
43,596,5.0,5.0
50,127146,3.0,3.87
46,185,4.0,3.77
564,119141,4.5,3.68
89,117590,4.0,3.77
217,1963,1.0,2.34
140,3107,3.0,3.59
125,4738,4.0,2.54
274,74532,2.5,2.38
382,1702,3.5,3.16
560,122890,3.5,3.8
48,1527,4.0,3.72
338,183897,1.5,4.0
567,162606,1.0,3.27
475,122882,4.5,3.52
290,2772,3.0,3.93
7,8665,3.5,2.59
282,1704,4.5,4.4
6,26,4.0,3.27
599,66171,2.5,3.52
610,46970,4.0,2.95
469,733,3.0,3.12
256,39183,2.0,3.91
312,3863,3.0,3.52
132,7034,3.0,4.41
480,8861,2.0,3.5
414,82202,3.0,2.78
274,5804,2.5,2.64
217,3363,3.0,3.62
387,356,4.0,3.57
227,81845,3.5,3.57
226,2011,4.0,3.44
368,1957,4.0,3.2
587,380,4.0,3.77
488,7139,2.5,2.87
135,231,2.0,2.57
535,2539,3.0,3.57
529,653,4.0,3.3
62,6058,3.5,4.62
448,80590,2.0,3.36
14,592,2.0,4.0
368,1210,4.0,4.19
534,3483,4.5,4.07
221,4128,3.5,3.95
29,56174,4.0,2.59
474,4034,4.5,3.0
448,7319,3.0,2.93
21,7569,4.5,4.65
43,231,3.0,4.14
112,25,2.5,2.2
414,3127,2.0,4.28
352,38038,3.0,4.26
502,3147,5.0,3.11
339,4848,5.0,2.31
19,2723,5.0,2.11
45,784,4.0,3.8
368,3272,3.0,3.1
27,1148,5.0,4.0
608,5452,1.0,2.83
125,70286,4.0,3.18
187,2700,4.5,1.92
606,8454,3.5,3.56
551,112183,0.5,3.43
111,3988,3.5,3.63
285,474,3.5,4.2
370,4014,3.0,3.94
414,4103,5.0,2.94
474,1223,4.5,4.4
481,1653,3.0,4.65
606,1093,4.0,3.43
379,349,4.0,4.18
212,96079,4.0,3.6
160,4979,4.5,4.57
121,597,3.0,3.29
274,3285,2.0,2.98
437,527,5.0,4.75
577,494,3.0,4.75
414,97304,4.0,3.58
608,110,4.0,3.67
562,4135,5.0,3.84
477,2450,0.5,3.18
213,1240,4.0,3.91
590,8807,2.5,1.59
259,4886,4.0,4.49
222,59014,2.0,3.82
606,6874,4.5,2.96
140,1252,3.5,4.41
606,3426,4.0,3.89
298,48780,2.0,3.7
599,47,4.0,3.63
305,107314,2.5,3.89
28,44204,3.0,3.12
105,750,4.0,3.63
309,1263,3.0,4.31
567,104944,3.5,3.36
217,2733,2.0,3.32
246,7361,5.0,4.07
307,60487,4.0,2.88
27,5060,2.0,3.92
248,1291,4.0,4.22
19,842,2.0,2.87
332,7090,4.5,4.29
156,922,4.0,3.77
140,26865,1.0,4.43
303,1080,1.0,4.55
600,2174,4.5,3.38
489,923,3.5,3.71
560,134853,3.5,3.34
306,159858,4.0,2.72
4,3160,4.0,4.23
58,292,4.0,4.59
292,3682,4.5,2.67
91,1220,5.0,4.14
288,1591,3.0,3.12
76,541,3.5,3.35
380,171763,4.0,4.47
68,3105,3.0,3.68
105,107159,4.0,3.68
418,4571,4.0,3.05
64,1673,4.5,3.28
457,2858,3.0,4.55
287,8622,4.5,3.93
39,2580,5.0,3.55
560,1210,4.0,4.16
18,86190,3.5,3.85
140,4047,4.0,3.73
256,90405,3.5,3.43
103,912,5.0,4.0
307,48394,3.0,4.94
146,502,2.5,3.08
24,50,4.0,3.91
599,1220,3.5,3.03
50,103228,2.0,3.7
232,4720,4.0,3.25
477,1392,4.5,3.5
457,2490,4.0,4.94
135,4881,3.0,3.05
608,5072,4.5,4.24
16,50,4.0,4.35
410,3823,4.0,2.1
428,377,2.5,3.02
182,1769,3.5,3.87
169,1022,4.0,3.45
480,3355,4.0,3.95
68,2,2.5,2.31
307,39234,2.5,2.79
522,58295,4.5,3.84
64,4011,4.5,3.91
305,4016,3.5,4.36
219,5064,3.5,3.08
141,3489,4.0,3.27
230,2605,3.5,2.63
448,7373,3.0,3.0
462,102445,2.0,3.16
199,53550,3.5,4.06
125,95167,3.5,2.84
125,156371,4.0,3.64
445,527,3.0,4.63
317,7438,3.0,3.71
355,1198,5.0,4.0
169,4886,5.0,4.18
453,608,4.0,4.62
472,2431,4.0,2.08
606,4226,4.0,4.57
131,2393,3.0,3.39
354,7147,4.5,3.59
298,65982,3.0,3.96
382,61132,5.0,3.07
594,494,5.0,4.2
369,3033,4.0,2.67
75,435,1.0,3.02
381,2571,5.0,4.43
357,1101,4.0,3.79
357,918,5.0,4.61
480,2628,2.0,3.3
51,2762,5.0,2.85
474,586,2.0,3.5
298,149354,0.5,1.88
310,733,4.0,2.56
274,72378,2.0,3.44
156,2947,2.0,3.0
414,191,2.0,2.87
474,2261,2.0,2.01
280,73266,3.0,2.6
494,260,5.0,3.92
239,2302,3.0,3.41
610,7324,3.0,3.81
57,1,5.0,3.16
452,3273,4.0,1.79
217,2094,3.0,2.17
66,481,2.0,3.3
19,1848,2.0,2.82
580,1584,3.5,3.87
288,541,4.0,3.54
586,122918,5.0,4.8
517,2380,0.5,2.67
220,63113,3.5,4.04
560,56563,2.5,3.1
479,5568,2.0,2.86
28,2023,3.5,4.73
41,118900,4.0,3.93
305,142448,3.0,3.87
288,5378,3.5,2.65
116,1380,4.5,4.3
313,1449,5.0,2.03
522,2393,4.0,3.76
182,1197,3.5,3.85
420,8464,4.5,4.44
597,1196,5.0,3.79
313,2553,4.0,2.63
405,390,4.0,4.5
560,1196,4.0,4.72
438,186,3.0,2.44
495,4734,3.5,3.97
380,6281,3.5,3.47
129,32587,4.5,3.08
42,1663,4.0,2.75
309,2028,4.5,1.86
169,2028,5.0,3.69
6,881,3.0,2.93
509,1732,3.5,3.25
73,111320,1.5,3.62
441,1517,5.0,2.45
100,2108,3.5,3.67
593,44191,4.0,3.44
610,60471,3.5,2.09
68,2335,3.0,3.02
479,3361,4.0,4.0
564,106918,3.5,3.03
580,3556,5.0,2.91
274,4874,1.0,3.6
30,122904,5.0,4.0
156,1077,4.0,2.92
489,2124,2.5,3.54
186,916,5.0,4.25
64,2804,5.0,3.07
351,59369,4.5,3.0
469,3699,4.0,2.75
182,4056,3.0,3.97
6,719,2.0,3.85
346,527,3.5,4.5
528,3101,2.5,3.35
551,112175,3.5,3.48
226,2,3.0,3.5
226,2100,3.0,4.17
579,1580,4.0,3.69
83,318,5.0,4.53
368,1196,3.0,4.33
351,54787,3.5,3.2
227,32,4.5,3.92
182,1546,3.5,3.76
298,27808,2.5,2.23
38,161,4.0,2.73
452,924,3.0,4.19
351,6214,4.0,3.51
111,4228,2.5,3.57
599,104841,3.0,2.83
232,8360,3.0,2.71
105,1199,4.0,3.91
469,1747,3.0,3.53
509,48780,3.5,4.05
213,51662,3.5,3.79
217,2722,3.0,2.35
503,6711,3.5,4.21
115,1645,4.0,1.65
608,3752,4.0,3.04
288,2009,3.0,3.57
226,2329,4.5,3.67
68,2334,3.5,3.03
195,1573,3.0,4.1
275,1084,5.0,4.23
380,52950,2.0,3.95
371,4993,4.5,4.5
290,1674,4.0,3.0
246,7669,5.0,4.21
91,260,4.5,4.65
480,3168,3.5,3.85
12,838,5.0,3.42
606,2324,5.0,3.28
330,1288,4.5,3.83
63,1080,5.0,4.11
246,82202,4.0,3.16
34,2762,3.0,4.07
582,74458,4.0,4.08
104,94150,4.0,3.84
414,72605,4.0,3.09
448,2019,5.0,3.64
325,3175,4.0,3.22
131,3178,3.0,3.56
288,2762,3.0,3.24
344,110,4.5,4.46
195,4389,3.0,2.59
356,3477,5.0,3.43
357,4447,4.0,3.89
514,3385,3.0,2.86
271,1994,3.5,3.27
607,480,4.0,2.83
448,97858,2.0,3.32
79,3029,3.0,3.96
599,4848,4.5,2.17
130,592,3.0,4.06
517,2018,4.0,2.89
45,1769,3.0,3.07
387,7328,3.5,4.08
600,3093,3.5,3.95
414,5452,1.0,2.58
64,3052,4.0,3.74
81,377,3.0,3.95
288,2121,2.0,2.07
159,4306,4.0,3.56
189,593,4.0,4.0
247,69122,4.0,3.77
474,1293,4.0,4.2
211,36529,3.5,3.51
290,1385,3.0,3.96
301,364,3.5,2.57
599,85881,3.5,3.04
610,27904,3.5,3.19
456,3,3.0,4.23
52,293,4.0,3.49
232,72489,4.0,2.75
288,31427,2.5,3.47
68,56587,3.0,3.48
346,1348,4.0,4.23
238,858,3.0,4.67
594,2196,5.0,4.28
610,120635,1.0,4.19
497,410,2.0,2.4
432,7306,3.0,2.23
285,1333,4.0,2.92
123,91500,3.5,2.24
6,640,1.0,2.9
217,432,3.0,2.7
528,356,5.0,4.61
101,2716,4.0,3.61
219,54001,2.5,3.76
452,1610,4.0,3.82
43,79,5.0,4.18
240,653,5.0,3.83
534,33493,4.0,3.56
610,4975,3.5,3.69
298,109895,0.5,3.48
552,541,5.0,4.42
414,63113,4.0,4.0
165,441,3.0,1.54
610,106002,3.5,3.57
265,79,2.0,2.94
372,1221,5.0,3.0
19,377,4.0,2.6
525,4718,1.0,3.55
84,551,3.0,3.66
480,589,4.5,4.13
298,48322,3.0,2.57
70,8949,5.0,3.18
225,3253,4.0,4.06
387,33164,2.0,4.05
484,104,4.0,3.58
298,6283,4.5,1.75
195,4019,4.0,3.25
182,3910,5.0,3.72
414,73017,4.0,4.62
279,780,4.0,3.86
590,588,4.0,4.57
573,5093,2.0,3.94
68,4270,3.5,3.45
313,1344,4.0,3.9
464,8984,4.5,3.23
122,69784,4.5,2.88
65,109487,4.5,4.12
137,3471,3.0,3.93
249,95167,4.0,4.15
150,5,3.0,3.42
380,3421,5.0,4.69
495,89492,5.0,4.25
576,327,2.5,3.26
414,5009,4.0,4.5
477,3751,4.0,3.81
125,288,5.0,2.06
68,122904,4.0,3.75
21,102993,2.0,4.13
361,2167,2.0,3.54
50,164280,3.5,4.27
167,1385,2.0,2.61
520,1801,4.0,4.16
119,54286,4.5,3.21
372,1215,5.0,4.92
480,37741,4.5,3.39
103,37729,4.0,3.99
334,54881,3.5,4.03
310,2518,4.0,1.25
117,26,4.0,2.16
98,53464,2.5,3.24
448,3681,5.0,4.12
491,4018,4.0,3.08
50,318,3.5,4.11
517,2565,4.5,3.79
45,569,2.0,4.98
140,1580,3.0,3.69
96,733,4.0,3.71
274,1961,3.5,4.28
20,5171,2.0,3.98
357,2160,5.0,4.19
185,4016,4.0,3.15
372,249,4.0,4.26
347,47,3.0,4.04
292,3755,2.0,1.54
120,5,4.0,3.75
599,474,2.5,1.95
600,1393,3.5,2.99
195,4033,4.0,4.74
576,2826,4.5,3.78
294,2,3.0,2.58
103,1945,4.0,4.27
437,800,5.0,3.07
197,1209,5.0,5.0
199,3129,4.0,3.19
246,41569,3.0,3.75
525,45517,3.0,3.93
352,139385,5.0,4.12
365,103772,3.0,2.34
390,5618,4.5,4.27
17,2329,4.5,3.56
28,145,1.5,2.88
234,2568,3.0,3.97
65,116797,4.5,3.7
177,508,3.5,3.11
153,63082,1.5,3.14
105,146028,4.0,4.55
58,454,3.0,2.87
346,306,4.5,3.59
112,339,1.5,3.53
132,356,4.0,3.12
140,3168,4.0,3.63
187,431,4.5,3.35
330,1965,3.5,4.05
567,1260,4.0,3.57
111,8961,1.0,2.43
474,1197,4.5,4.1
368,2307,3.0,3.79
460,34405,5.0,4.18
307,34326,2.0,3.01
572,17,5.0,4.42
606,37731,3.5,3.59
298,102123,1.5,3.35
178,6539,2.5,4.37
475,60074,4.5,4.78
606,5628,2.5,3.98
469,1082,4.0,4.71
411,368,4.0,2.97
603,288,4.0,3.87
414,4068,2.0,2.67
217,3552,2.0,3.48
489,7318,3.0,2.16
469,2324,3.0,4.5
260,3911,3.0,3.5
19,3712,3.0,2.14
489,1246,4.0,3.22
177,8965,3.0,3.86
42,858,5.0,4.39
131,48516,3.5,3.4
469,552,2.0,4.11
477,2762,4.0,4.08
562,83134,4.0,4.3
140,609,3.0,3.91
288,2136,3.0,3.0
214,25,2.0,2.58
420,923,3.5,4.31
600,2162,3.5,2.94
74,1094,4.5,3.82
599,3070,3.0,2.86
540,8874,4.5,4.11
495,344,4.5,1.46
464,48516,4.0,4.31
220,377,3.5,3.64
42,2110,4.0,2.88
212,55247,3.5,3.72
307,3705,2.5,5.0
414,1080,5.0,4.26
292,130576,2.0,3.3
599,720,4.5,2.76
555,2642,3.0,2.91
287,3033,4.0,2.61
480,736,2.5,3.11
212,4027,3.5,2.21
305,8014,4.0,4.12
50,94677,2.0,3.46
483,33493,3.0,3.85
452,2533,5.0,3.14
11,1918,4.0,3.87
305,4232,3.0,1.39
201,1259,4.0,4.38
525,34150,1.0,3.45
448,45186,2.5,3.61
317,593,5.0,3.74
586,54001,4.5,4.28
265,1945,4.0,4.36
426,50872,3.0,4.0
156,1213,4.0,4.2
125,159415,4.0,3.57
49,79091,4.0,3.61
396,1276,5.0,4.3
497,858,4.0,4.85
570,49272,4.0,3.58
233,68157,3.5,4.58
272,3147,4.5,3.54
580,589,4.0,2.69
116,480,4.0,4.54
555,3591,3.0,1.59
370,5989,3.5,4.16
380,2334,2.0,3.89
608,5502,4.0,3.69
13,4011,5.0,3.62
599,3007,3.5,3.56
429,381,4.0,3.66
509,72701,3.5,3.16
414,1059,4.0,3.41
568,480,3.0,3.39
546,2455,3.0,2.55
533,103688,5.0,2.1
274,30883,1.5,1.97
103,7367,3.5,4.36
381,1704,4.5,3.02
564,44193,3.0,3.71
64,198,3.0,2.43
97,1193,4.0,4.58
325,30,4.0,3.43
414,53972,3.5,3.0
600,778,3.5,3.16
599,1663,2.5,3.47
132,1345,3.0,2.96
587,590,5.0,3.68
160,3877,2.0,3.02
51,6786,3.0,2.8
217,2152,2.0,3.05
274,4344,3.5,3.75
249,106100,5.0,3.83
265,2968,3.0,4.68
391,4334,5.0,3.06
368,3768,1.0,2.33
51,3,4.0,4.08
219,34405,4.0,3.8
572,1272,5.0,4.02
577,593,4.0,2.24
307,4002,2.5,3.31
7,480,5.0,4.36
367,3623,4.0,2.88
15,527,5.0,3.73
58,223,3.0,3.86
570,778,4.0,3.78
275,6122,5.0,3.92
109,593,4.0,2.84
309,1198,4.0,3.07
198,1639,2.0,3.97
249,103980,4.5,2.76
91,344,3.0,3.39
132,5225,3.0,3.42
334,2959,3.5,4.29
225,2248,4.0,4.08
414,5346,1.0,3.21
226,8917,2.0,4.44
249,20,3.5,4.02
290,2565,4.0,2.24
111,2571,0.5,4.4
410,3088,4.0,3.74
331,6541,2.0,3.21
232,53322,3.5,3.92
6,43,4.0,3.48
169,3755,4.0,4.76
432,81417,4.0,3.94
599,8910,2.5,3.72
469,1356,3.0,4.03
414,6574,1.0,3.27
474,3264,3.5,2.5
610,115727,5.0,3.74
359,2396,3.0,3.74
187,145,1.0,4.15
514,260,5.0,3.58
548,1621,4.5,3.99
517,80969,4.0,4.55
19,3622,3.0,2.46
209,140956,3.5,3.8
298,60293,3.0,3.99
386,165,2.0,3.88
359,1544,3.0,3.14
28,481,3.0,3.27
596,115617,4.0,3.41
1,2353,5.0,3.85
27,367,4.0,4.18
219,2078,3.5,3.04
125,108727,4.0,3.75
220,69526,3.0,3.51
123,2329,4.5,4.17
522,79008,4.5,4.0
599,4200,2.0,2.53
318,56145,3.0,3.39
268,2324,2.0,3.09
385,282,3.0,1.96
478,33794,4.5,4.05
300,7361,5.0,3.29
140,1213,3.0,4.14
298,106489,3.5,3.64
282,2375,5.0,3.9
414,87304,4.0,3.81
217,410,3.0,2.77
603,345,3.0,3.1
125,168252,3.5,4.16
299,1198,4.0,3.89
221,1321,4.0,2.44
21,79592,3.5,3.37
294,2477,2.0,3.06
279,4886,3.0,3.98
514,592,2.5,4.57
599,2803,2.0,3.13
122,7022,4.0,4.96
600,1348,2.5,2.98
80,6874,4.5,2.76
288,2456,1.0,2.88
218,1250,4.0,4.32
414,5992,3.5,4.43
564,71535,3.5,3.12
246,65261,5.0,3.68
460,3114,4.0,4.3
99,293,5.0,4.44
603,3623,3.0,2.91
3,1263,0.5,4.0
275,2134,3.0,3.23
201,2336,4.0,4.13
368,3810,3.0,3.45
99,318,5.0,2.83
91,750,5.0,3.84
288,1290,2.0,4.16
608,2490,5.0,3.87
356,2797,4.0,4.29
18,48516,4.5,3.33
288,4443,3.0,2.86
105,541,4.0,3.65
18,2692,3.0,2.62
28,2716,1.5,3.21
288,2035,3.0,3.0
180,2959,4.5,4.51
448,3114,5.0,4.12
177,5419,2.5,3.34
562,7340,4.0,3.58
523,127052,4.0,4.73
414,103048,4.0,3.74
58,32,5.0,4.0
567,26717,0.5,3.29
483,95875,3.0,3.0
219,61246,2.0,2.88
490,35836,3.0,3.68
417,5952,5.0,4.1
414,40826,2.5,4.24
110,3268,3.0,3.11
381,3826,2.0,3.03
11,2028,5.0,3.26
326,5446,4.5,3.49
428,4886,2.0,3.62
546,158,2.0,3.68
216,2144,3.0,2.99
167,3671,3.5,4.41
472,3298,4.0,3.54
480,1690,2.0,2.28
418,116797,4.5,3.86
438,6888,1.5,2.89
57,1784,4.0,4.12
105,170705,5.0,4.17
95,6979,4.0,3.87
62,46723,3.0,3.85
140,848,4.0,3.62
580,45499,4.5,3.66
113,1043,2.0,3.41
559,6,5.0,3.52
199,377,2.0,3.63
248,122904,4.5,3.97
606,969,4.0,4.57
414,1094,3.0,3.6
482,2174,4.0,4.05
509,2657,3.5,3.73
7,4963,4.0,4.64
305,122926,4.0,3.12
586,6156,4.0,3.12
199,3671,4.5,3.21
305,1199,4.0,3.71
325,293,3.0,4.47
305,25,3.0,2.69
474,8266,2.5,3.96
91,3000,4.0,3.31
527,5040,4.0,4.12
428,6880,1.0,3.5
580,2012,3.0,3.33
57,1036,4.0,3.81
567,94959,3.5,3.59
305,103339,4.0,3.3
414,3916,4.0,3.01
105,1281,5.0,4.15
198,36,5.0,3.79
233,159817,4.0,4.43
219,60684,4.5,4.05
387,8290,1.0,3.51
19,1257,3.0,3.14
68,5266,2.0,3.41
332,85510,3.5,3.23
448,79259,2.5,2.06
534,45431,3.5,2.45
480,4018,1.5,2.95
371,56715,5.0,4.02
186,2688,4.0,3.55
387,55820,4.5,4.14
103,4306,3.5,4.49
387,969,3.0,3.56
451,141,4.0,3.32
368,3430,3.0,2.64
365,4896,2.5,3.89
182,1222,5.0,4.25
112,68954,4.0,4.08
64,2369,3.0,3.99
553,555,3.5,3.0
597,2040,4.0,2.02
219,1079,2.5,3.69
448,99106,2.5,3.17
560,45722,3.5,3.56
427,1527,3.0,3.96
491,4246,3.5,3.54
542,4369,0.5,4.49
599,2359,2.5,2.3
19,1196,4.0,4.5
182,6620,4.0,3.92
240,761,3.0,3.48
177,70159,2.5,3.8
362,1945,4.5,3.94
567,364,2.5,3.59
91,555,3.5,3.58
573,4388,4.0,3.37
202,3725,3.0,3.75
225,1219,3.0,4.4
599,97950,2.5,3.71
220,2450,0.5,3.43
100,235,1.0,3.74
68,8910,1.0,3.8
113,2671,2.0,4.39
599,82167,2.5,3.86
318,117364,4.0,4.43
522,49272,5.0,2.56
8,377,4.0,4.1
438,223,3.5,3.81
68,3160,2.0,3.75
603,156,2.0,3.35
211,89864,3.5,3.66
177,7263,3.0,4.14
212,109374,4.0,4.0
317,112556,3.0,4.09
405,1247,4.0,4.2
109,47,3.0,3.9
368,832,3.0,3.78
6,22,5.0,3.25
140,362,4.0,4.0
68,337,3.5,3.97
73,33836,3.0,4.47
393,54259,5.0,4.09
140,4234,3.0,2.56
571,2548,2.0,2.91
339,84152,4.0,3.79
117,778,3.0,2.59
103,134881,5.0,2.73
119,4344,4.0,3.31
573,112852,4.5,4.17
219,3785,2.0,3.99
28,55820,4.5,4.31
156,2752,3.0,3.11
233,59315,3.0,4.5
584,208,4.0,3.27
253,44633,4.5,3.46
182,1729,4.0,4.0
73,64957,3.5,4.49
471,78499,4.5,4.22
264,595,4.0,3.84
474,933,3.5,2.5
387,6874,4.0,2.0
411,427,1.0,3.07
288,2846,3.0,2.83
603,3160,4.0,3.47
599,26662,2.0,4.0
474,25769,4.5,3.87
370,1210,2.0,4.4
354,1035,4.0,3.72
560,1288,4.0,4.36
558,5420,5.0,4.41
584,165,5.0,4.02
7,3354,1.5,3.39
474,2670,3.0,3.38
560,62849,3.5,4.11
529,32,5.0,4.27
560,92694,4.0,1.7
418,88129,4.5,4.18
518,1276,4.5,4.4
447,445,4.0,3.26
352,93510,2.0,4.23
221,296,5.0,4.15
419,2028,5.0,3.55
141,6373,3.0,3.77
448,2142,3.0,3.0
423,480,5.0,3.39
191,1,4.0,2.84
141,2700,3.0,1.98
140,39292,3.5,3.22
433,79132,3.0,4.44
603,1279,4.0,5.0
469,2762,5.0,4.88
307,39183,3.5,2.67
1,1278,5.0,3.78
414,464,2.0,2.39
117,1027,3.0,3.51
608,2124,3.0,3.53
298,6503,1.0,2.48
208,2617,3.0,3.59
387,3334,4.0,3.74
436,420,3.0,3.31
305,64620,3.5,4.09
301,1672,4.0,3.74
599,6793,1.0,3.65
199,3063,2.0,3.45
198,2340,1.0,4.06
523,594,4.0,3.44
54,17,3.0,3.98
330,778,4.0,3.25
599,256,2.0,2.64
600,1240,3.0,3.78
18,3751,3.5,3.07
23,296,3.5,3.93
125,147142,3.0,4.78
274,2986,3.5,3.78
387,7438,4.0,4.03
298,96737,3.0,4.0
8,252,3.0,4.17
305,1234,5.0,4.16
174,349,4.0,3.9
571,1387,5.0,3.55
222,370,3.0,2.73
509,64957,2.5,2.24
219,4643,2.5,3.7
573,1225,4.5,4.38
480,4158,3.0,4.14
587,2738,4.0,3.97
597,2474,4.0,3.22
73,88140,4.5,3.47
263,2724,3.0,2.76
481,1672,2.0,4.12
62,139385,4.0,2.8
491,49286,4.5,4.0
606,4392,3.0,3.33
254,2840,3.5,2.56
428,8861,3.0,2.97
474,3258,2.5,3.12
288,3095,4.0,4.11
249,2353,4.5,3.54
462,111,5.0,4.81
606,6100,4.0,3.72
353,145,3.0,3.98
28,58803,3.0,3.73
140,648,4.0,3.85
395,316,3.0,3.17
480,5955,3.0,4.68
368,1995,2.0,2.36
474,2206,4.5,3.8
68,1476,3.0,3.58
595,1912,5.0,3.7
448,2124,3.0,2.72
18,80489,4.0,3.98
604,595,3.0,3.42
414,5524,3.0,3.11
141,1732,4.0,4.29
356,2353,3.0,3.03
331,7361,4.0,3.75
111,1907,3.5,4.46
64,1552,2.0,2.9
242,292,3.0,3.39
36,4025,2.0,4.32
424,318,3.5,4.88
66,4027,4.0,3.04
551,260,3.5,4.01
555,3448,5.0,3.76
489,736,2.5,5.0
414,1210,5.0,5.0
159,56367,5.0,3.78
599,104,2.5,3.68
84,105,3.0,3.52
176,780,4.0,3.3
17,58559,4.5,3.34
555,2091,3.0,3.66
379,527,3.0,4.67
160,198,5.0,1.47
387,5902,3.5,3.29
553,6378,4.5,3.99
558,555,3.0,2.92
217,2278,2.0,3.36
181,590,3.0,3.59
480,7147,4.5,4.33
414,1247,5.0,4.47
334,377,3.0,3.47
307,455,0.5,2.39
105,111360,3.5,2.62
249,7022,4.0,3.53
476,73,4.0,2.95
6,19,2.0,3.33
220,3751,3.5,3.46
414,2081,4.0,3.2
517,88125,3.5,3.1
395,110,4.0,4.44
42,2805,4.0,3.61
334,34405,4.0,3.37
469,3210,3.0,2.02
155,1302,3.0,3.86
480,1625,2.0,3.5
217,2384,4.0,3.0
572,2987,2.0,3.01
483,59784,4.0,3.8
368,858,5.0,4.7
481,1615,3.0,3.29
187,27846,4.0,3.63
298,84772,0.5,3.83
346,7179,2.5,2.86
425,33166,3.5,3.78
249,2117,3.5,4.01
610,54648,1.5,3.74
249,104211,3.5,3.02
534,112818,3.5,4.61
39,592,4.0,4.12
217,1882,2.0,2.55
325,3918,4.0,3.07
109,383,3.0,3.45
325,2155,4.0,4.21
57,1270,4.0,3.97
395,500,3.0,3.62
89,7297,3.5,2.21
38,435,2.0,2.55
70,72011,4.5,3.74
94,17,1.0,3.27
460,68954,4.5,4.13
6,218,2.0,3.3
567,112290,0.5,3.87
367,3793,5.0,4.01
276,135,4.0,1.88
448,3263,4.0,2.39
477,3720,4.0,3.81
379,597,3.0,3.91
25,60069,5.0,3.47
241,68157,4.5,4.62
111,8807,4.5,3.56
105,2360,4.0,3.98
562,1625,4.5,3.4
453,4014,5.0,5.0
193,307,3.5,4.66
20,783,3.5,3.02
483,1923,4.5,3.53
469,3006,3.0,3.93
122,1345,4.5,3.48
279,105504,3.0,4.1
448,148592,3.0,4.58
232,71057,3.5,3.66
64,4448,3.5,4.09
560,78772,0.5,3.49
410,1207,4.0,4.23
448,1244,4.0,3.56
89,8814,2.5,3.78
274,53125,3.5,3.39
249,37380,3.0,2.79
219,2617,3.0,3.16
380,5459,4.0,4.38
483,3257,2.5,3.64
581,6377,4.5,4.34
104,3675,3.5,4.11
437,168,2.0,3.39
79,3197,4.0,4.06
488,1957,3.0,3.12
182,1208,5.0,4.06
28,6157,1.5,2.83
68,72998,5.0,3.76
292,3564,2.0,2.13
380,1676,5.0,2.78
256,118696,3.5,3.5
232,43836,1.5,3.08
50,899,4.0,4.28
64,2746,4.0,3.32
368,2455,3.0,2.24
477,1089,4.0,4.0
307,2806,0.5,3.97
287,8937,4.0,4.25
298,7153,4.0,1.89
480,1962,5.0,3.82
350,608,3.0,4.08
63,53000,2.0,4.28
381,1036,2.0,3.84
420,4886,3.0,1.84
199,6378,3.5,4.11
343,2858,4.0,4.08
419,2710,4.0,3.45
414,7981,3.5,4.01
610,27032,4.0,3.19
474,3099,2.5,3.37
289,266,3.5,2.86
593,45722,1.0,2.97
580,3176,4.0,3.55
597,1086,5.0,4.01
271,1120,4.0,4.15
356,65126,3.0,3.71
177,104841,3.0,4.27
274,2723,3.5,3.04
84,1266,4.0,3.83
414,56908,4.0,3.86
352,2966,4.0,4.29
474,1379,2.0,3.0
608,2762,4.5,4.5
307,2907,2.0,1.78
275,3134,2.0,2.43
105,76093,5.0,4.08
509,35836,1.5,4.07
195,1358,4.0,3.51
249,30793,3.5,3.65
212,174909,4.5,3.38
567,152077,3.0,1.33
286,1061,5.0,2.75
1,596,5.0,3.64
448,134368,3.0,3.86
599,4254,0.5,2.67
38,508,3.0,2.61
387,50800,2.0,2.3
288,5388,4.0,2.47
382,135436,3.5,2.77
474,7158,4.5,4.01
156,2917,4.0,3.0
414,60069,4.5,2.95
37,231,5.0,2.92
523,5971,5.0,3.9
84,1395,3.0,3.2
596,135536,3.0,2.76
592,93,3.0,2.7
181,435,2.0,3.29
19,1391,3.0,2.27
108,4973,5.0,4.5
339,8464,4.5,3.72
232,8958,4.0,4.05
6,1006,4.0,3.29
555,1094,4.0,4.0
484,6874,4.5,4.57
462,2146,0.5,3.38
414,54736,3.5,2.58
414,68954,4.0,3.25
89,6863,1.5,4.27
198,2692,4.0,4.42
18,4262,4.0,2.5
555,1249,5.0,3.98
380,94405,3.0,3.45
455,151,3.0,3.83
186,3977,4.0,3.51
274,46965,3.0,2.71
198,2706,4.0,2.0
347,110,3.0,4.23
602,431,3.0,2.19
555,1297,3.0,3.16
234,648,4.0,2.88
474,216,1.0,3.72
583,60756,3.0,3.72
391,904,5.0,4.97
474,1030,2.0,2.75
182,901,3.5,4.78
380,3499,5.0,4.16
212,3967,3.5,4.34
610,1274,5.0,4.46
489,3633,1.5,2.82
45,4306,5.0,3.59
160,2531,1.0,1.48
391,5152,1.0,3.46
103,34,4.0,3.68
202,1276,4.0,4.0
474,38886,4.0,3.33
450,3568,4.0,2.99
113,932,5.0,4.51
387,29,3.5,3.07
111,59725,2.5,3.5
81,318,3.0,4.66
47,1088,4.0,3.82
599,26629,2.0,2.89
480,7360,1.0,4.47
368,3063,2.0,4.32
61,3949,4.5,3.8
6,292,4.0,3.27
139,5481,1.0,2.63
288,1873,3.0,3.93
414,166024,4.5,3.82
469,2716,4.0,2.67
489,2803,3.0,2.7
597,919,4.0,3.53
197,2793,3.0,3.91
581,318,5.0,4.45
309,7153,4.5,2.94
263,1639,4.0,3.03
552,3593,1.0,1.96
453,1921,4.0,4.42
387,2183,4.0,2.86
591,3238,1.0,3.04
423,1304,4.0,4.07
479,533,2.0,4.0
274,7894,3.5,3.69
564,108156,4.0,1.62
489,141,3.5,3.06
483,66097,4.5,3.4
608,4226,4.5,4.72
354,33679,3.5,2.4
307,2052,3.0,1.54
18,88129,3.0,3.8
372,628,4.0,4.26
480,3717,3.0,3.36
182,2691,4.5,3.62
414,1957,3.0,4.25
177,5957,4.0,3.45
251,1089,5.0,3.9
414,4994,4.0,3.94
480,3977,1.5,2.25
534,1676,4.0,3.85
420,3159,4.0,3.84
1,2115,5.0,4.09
590,594,5.0,4.23
448,260,5.0,4.54
489,33794,3.5,3.59
356,3186,4.0,3.51
482,3273,3.5,3.74
132,1732,2.5,4.01
555,2391,3.0,2.98
608,6595,4.0,3.24
316,8622,3.0,3.41
249,1320,3.0,3.38
135,466,3.0,4.4
263,6708,3.0,3.93
111,5528,3.0,3.56
604,188,3.0,3.47
47,590,3.5,4.84
368,1479,3.0,2.38
600,5952,5.0,3.89
68,2054,1.0,3.37
182,4720,4.5,2.81
414,51935,3.5,4.14
587,1614,4.0,4.14
482,6810,1.0,4.41
474,45722,3.5,3.74
42,785,3.0,4.54
567,78499,2.0,4.64
608,1653,5.0,3.52
356,38886,4.0,3.68
474,3816,4.0,3.96
328,8665,3.5,3.98
266,2384,1.0,3.47
514,1327,2.0,2.64
307,413,2.5,2.86
599,3830,2.5,2.11
187,4993,4.5,4.47
380,85796,3.0,4.01
480,485,2.0,3.87
221,912,5.0,4.59
600,2683,2.5,3.32
585,3246,4.0,3.39
49,109487,4.5,3.55
599,27032,3.0,3.23
603,3819,4.0,3.84
525,70862,3.0,3.39
28,1136,3.5,3.35
414,53125,2.0,3.53
571,2553,2.0,2.35
305,122916,4.5,3.66
419,6502,3.5,3.68
412,2396,5.0,4.19
554,2995,1.0,3.84
390,308,5.0,4.71
580,2686,3.5,3.8
182,1090,5.0,4.85
599,7143,4.0,3.37
274,2501,2.5,4.14
370,5378,1.0,3.42
381,8622,4.0,3.38
318,64614,4.0,3.34
182,3925,5.0,3.69
50,78499,2.0,4.04
590,3034,3.5,4.04
502,1777,0.5,3.77
473,2300,2.5,3.47
318,77455,4.5,3.6
288,380,3.0,3.0
489,4054,1.0,4.27
135,260,4.0,3.48
428,4022,2.0,2.75
414,60684,3.5,3.97
221,2987,3.5,4.5
452,1197,5.0,4.73
596,2424,2.5,4.69
21,45447,3.5,3.3
592,595,5.0,3.25
608,2140,3.0,2.92
160,1034,1.0,2.89
288,42418,4.0,3.69
298,27156,4.0,4.23
222,1917,2.5,3.59
68,223,1.0,3.37
99,420,2.0,3.14
386,333,3.0,3.42
372,428,3.0,3.66
567,157296,1.5,3.3
256,4344,4.0,3.79
298,741,3.5,1.55
276,780,5.0,4.07
89,915,2.0,3.38
380,585,2.0,2.92
599,203,2.5,3.25
474,8521,3.5,3.59
143,7173,1.0,4.42
231,1198,4.0,4.29
202,1249,4.0,4.16
489,8961,3.5,3.33
96,1610,4.0,3.91
517,7361,1.5,3.96
318,103384,3.5,4.7
18,1276,4.0,3.7
160,2340,1.0,2.46
474,34271,3.5,3.99
200,1028,3.0,3.53
448,3039,4.0,3.92
50,100498,1.0,3.82
292,59369,3.5,3.95
522,1214,5.0,4.03
274,8836,4.0,2.93
111,1197,3.5,4.5
89,107951,5.0,4.19
509,2700,3.5,2.32
111,6287,3.5,3.92
226,8984,2.5,2.84
274,2700,4.0,3.24
314,31,3.0,3.62
555,2405,3.0,3.25
512,300,4.0,3.83
599,2474,3.0,2.95
89,164707,4.0,3.11
199,1136,5.0,4.62
383,2436,5.0,3.83
281,428,3.5,3.14
275,5218,2.0,4.37
53,1298,5.0,4.77
339,4369,3.0,3.79
599,1465,2.0,2.94
577,1019,4.0,3.42
599,4103,3.0,2.74
599,1197,3.5,3.72
18,67255,4.5,3.83
301,4995,4.5,2.84
182,2720,0.5,2.6
151,1432,4.0,3.16
448,106839,3.5,2.73
551,8368,4.0,3.63
357,79008,4.0,3.89
181,349,4.0,4.0
352,41569,3.5,2.25
414,40815,3.5,4.27
500,543,4.0,2.12
448,79242,3.0,2.51
294,348,2.0,3.12
368,2527,3.0,2.47
290,3634,4.0,3.38
275,2330,5.0,4.05
525,40629,4.5,2.74
610,6503,1.5,4.0
177,2316,4.5,3.73
222,6763,2.0,2.44
160,5219,2.0,4.0
41,30812,4.0,3.0
382,69844,4.5,4.21
209,5952,5.0,3.72
442,3363,1.5,4.08
198,1198,4.0,4.39
211,33166,5.0,4.13
219,6618,3.5,2.68
352,3354,3.5,3.99
27,3751,3.0,2.89
298,62434,1.5,3.38
310,1223,5.0,3.97
451,25,5.0,2.74
514,440,4.0,2.94
555,2411,3.0,2.57
226,5445,3.0,3.75
149,172,3.0,1.66
184,175485,1.5,1.43
68,3471,1.5,2.81
331,318,5.0,3.5
567,139385,3.0,3.47
517,1961,3.5,3.46
179,1061,4.0,3.37
39,3328,5.0,2.53
328,4223,2.5,4.24
488,838,5.0,3.15
387,33896,3.5,3.93
313,2530,5.0,3.92
522,2997,4.5,4.13
357,1393,4.5,3.99
608,2052,1.0,2.61
489,2253,3.0,3.56
610,7369,2.5,4.07
288,1674,4.0,3.01
221,162,4.5,3.49
329,318,2.0,3.46
585,55765,5.0,3.77
380,5952,5.0,4.36
213,912,3.5,4.27
400,1197,4.5,4.84
72,2136,2.5,3.05
69,3793,4.0,4.38
182,5388,3.0,3.97
12,4018,4.5,3.86
448,6377,3.5,3.65
365,86911,3.5,2.74
19,1489,2.0,3.17
600,225,2.0,2.98
610,4721,1.0,3.89
292,3745,3.0,2.43
490,6539,3.0,2.76
489,248,3.5,3.66
330,48738,5.0,4.49
332,46578,4.0,3.56
154,98243,5.0,4.35
200,165,4.0,3.75
288,3244,3.0,3.37
489,1801,3.0,3.73
36,3798,3.0,4.14
6,225,4.0,3.07
608,5945,3.0,2.95
1,2529,5.0,3.94
357,5669,2.5,3.99
325,1238,4.0,3.64
559,420,3.0,3.7
249,92008,3.0,3.62
222,68157,4.5,4.39
265,1356,4.0,4.07
606,7438,4.5,4.25
557,344,4.0,3.55
105,2028,5.0,3.96
298,4020,1.0,2.28
274,7004,3.5,3.4
469,903,5.0,4.66
140,1704,4.0,3.11
474,4929,2.0,3.65
448,3450,4.0,3.44
279,5418,3.5,3.96
448,53125,2.0,3.8
560,5613,4.0,4.2
274,78266,3.5,3.5
429,222,4.0,3.99
590,55820,4.0,3.79
380,3037,4.5,3.82
401,78499,3.5,4.84
474,1042,4.5,3.99
552,5464,3.0,3.06
542,8958,5.0,3.78
579,2018,3.0,4.02
489,784,0.5,3.53
249,7007,4.0,3.43
310,6947,4.0,3.76
509,26662,3.5,4.08
365,60756,3.5,2.72
517,82459,1.0,4.45
358,2144,3.0,4.28
414,2320,2.5,3.9
105,2076,4.0,3.88
572,2433,3.0,3.22
387,6662,4.0,3.76
270,637,2.0,3.22
608,1059,3.0,3.41
543,1580,5.0,3.67
600,2325,3.5,3.87
339,69406,4.0,3.24
448,3386,3.0,1.8
19,13,3.0,3.16
275,3910,5.0,3.28
210,56174,2.5,3.25
161,2080,3.5,3.87
561,106002,2.5,2.91
380,2353,3.0,4.43
110,5459,2.5,3.52
93,329,5.0,3.12
318,1120,3.5,2.26
111,104644,0.5,4.12
286,377,4.0,3.92
373,367,1.0,4.13
359,2942,3.5,3.74
514,1302,5.0,3.07
553,2959,5.0,4.43
491,7451,4.0,2.29
140,1196,3.0,3.3
105,2571,4.0,4.76
477,6794,0.5,3.68
482,8961,5.0,3.82
104,55052,4.0,3.29
453,2712,3.0,3.46
484,4759,4.0,2.85
238,2067,5.0,2.44
317,88129,4.0,3.63
111,1805,3.0,3.8
380,1388,4.0,3.8
561,79132,3.5,3.21
577,2076,3.0,2.58
244,1270,5.0,3.93
18,1212,4.5,4.45
62,50804,5.0,2.05
509,87529,3.0,2.4
279,110501,3.0,3.79
534,69278,3.5,3.97
307,1089,4.0,2.4
600,1217,4.0,3.34
15,112556,4.5,4.13
248,135133,3.5,4.2
387,2259,2.5,2.61
12,3967,4.5,3.86
183,1582,3.0,2.42
10,92259,5.0,3.7
414,1479,3.0,3.62
365,56174,3.5,2.94
546,2792,3.0,4.41
20,5618,5.0,4.14
233,5952,4.0,3.69
263,30812,4.0,3.26
288,1748,4.0,2.43
414,49272,4.0,2.61
305,54259,4.0,3.61
232,8937,3.5,2.73
288,595,4.0,3.89
287,6552,2.5,0.94
475,111362,4.5,3.77
249,72011,4.0,3.49
506,80549,4.0,3.63
62,27831,4.5,3.57
603,4589,1.0,2.27
414,7364,4.0,4.09
73,6936,5.0,3.36
298,134170,4.0,3.07
199,111,3.0,3.75
382,81847,4.5,4.17
339,760,4.5,3.4
511,139385,5.0,4.19
266,1374,3.0,3.63
68,1625,2.0,3.6
56,480,5.0,4.18
223,4226,4.0,3.38
249,2717,3.5,3.54
343,3000,3.0,3.63
401,5218,3.5,3.43
474,40946,2.5,3.55
606,53127,3.5,2.61
409,1952,5.0,4.0
91,3785,4.5,4.75
106,85414,3.0,3.52
608,1291,4.0,3.79
156,1965,4.0,3.83
489,590,4.0,3.62
448,952,4.5,3.9
587,1371,4.0,3.93
129,2571,4.5,3.96
105,7458,3.5,3.83
306,53322,3.0,2.97
288,919,3.5,3.81
226,5464,4.0,3.06
127,68954,0.5,4.27
329,1206,0.5,4.19
239,318,5.0,3.74
45,5630,5.0,3.43
18,7438,3.5,3.06
143,106696,4.0,2.94
179,3,4.0,4.02
474,25937,3.5,3.28
492,788,5.0,3.75
597,2145,4.0,4.16
499,38304,4.5,4.63
232,4990,3.0,3.38
523,102407,5.0,3.23
593,41,4.0,4.18
246,4956,5.0,4.47
448,91126,3.5,3.21
14,288,4.0,3.78
274,3916,3.5,3.64
18,55276,4.0,2.62
610,112,4.0,4.1
561,2403,4.5,3.53
91,3578,3.5,3.62
365,86644,1.0,4.17
111,3821,1.5,2.95
605,2622,3.0,3.4
100,4041,5.0,3.68
381,5971,4.0,3.32
586,3448,4.0,3.43
50,105250,3.5,3.03
274,332,2.5,4.22
610,83613,3.0,3.16
226,362,3.5,2.66
599,96004,4.5,3.43
101,2541,3.0,4.43
406,46972,4.0,3.47
414,61406,4.0,2.62
242,236,3.0,3.56
33,1923,5.0,3.53
160,1127,2.0,3.59
249,6593,3.5,3.47
448,118702,2.5,3.07
59,913,5.0,5.0
480,110,5.0,3.37
589,780,5.0,4.45
352,34319,3.0,3.14
572,21,5.0,3.95
474,616,3.5,3.29
28,30812,3.0,3.45
112,253,4.5,3.0
182,1262,4.5,4.5
289,1208,4.0,4.21
380,47124,3.0,3.66
474,249,4.0,3.4
534,76293,4.0,3.78
204,68157,5.0,4.32
274,3253,3.5,3.24
562,1921,3.5,3.53
322,47629,4.0,2.92
89,141646,3.5,4.06
603,2972,5.0,3.82
462,4973,1.5,2.95
17,5782,4.0,4.01
419,1412,3.5,3.56
387,2529,4.0,3.81
171,47,5.0,3.7
219,1702,1.5,3.84
599,2311,2.5,3.85
562,1214,4.5,4.08
160,1981,1.0,2.0
140,866,4.0,3.91
249,5349,4.0,2.64
599,3702,3.5,3.6
560,2012,2.5,3.66
414,2598,2.0,3.86
387,27317,3.5,4.53
68,4041,2.5,3.17
313,163,3.0,2.38
288,539,3.0,3.64
606,308,4.0,4.43
274,27773,3.5,3.0
1,1927,5.0,2.92
292,377,3.5,2.52
474,30707,4.0,4.07
594,4517,0.5,2.25
297,2952,4.0,2.8
606,1963,4.5,4.04
298,8368,3.0,3.04
365,3421,3.0,3.21
275,2324,5.0,4.39
560,27904,3.0,3.35
20,1566,4.5,3.01
221,456,4.5,3.4
599,1994,2.5,1.7
50,969,3.5,4.73
219,6157,1.5,3.77
554,2324,5.0,3.65
42,3617,4.0,3.17
404,208,4.0,3.74
68,5312,2.5,3.62
448,3253,4.5,4.0
606,1079,4.0,3.22
330,344,0.5,2.98
241,115569,4.5,4.94
600,596,2.5,3.25
610,55830,3.5,3.88
107,266,4.0,3.27
593,364,3.5,4.95
325,3328,4.0,3.97
332,1200,4.0,3.35
368,3555,3.0,2.66
89,124404,5.0,3.87
402,762,3.0,2.49
140,4027,2.0,3.77
227,116797,4.5,3.55
119,68319,4.0,1.78
573,293,5.0,3.98
599,59387,3.0,3.9
599,54881,3.0,3.01
260,2413,4.5,3.46
477,4370,3.5,4.54
425,4967,4.0,3.77
219,1429,3.0,3.03
382,46865,1.0,4.07
239,44665,5.0,3.69
239,33794,4.5,3.69
352,107406,4.5,1.9
608,1862,2.5,3.07
524,153,3.0,4.72
469,2550,5.0,3.42
64,2916,3.0,3.38
249,104374,4.5,3.46
132,6874,4.5,3.89
74,3006,4.0,3.93
381,8972,3.5,3.73
59,2160,5.0,3.57
424,2502,4.5,3.98
563,56941,3.0,3.67
68,2423,4.0,3.37
317,1247,5.0,3.94
534,59784,4.0,3.24
438,6534,3.0,3.89
279,1676,3.0,4.15
200,1029,3.5,3.52
599,47725,3.0,3.31
362,56145,4.5,3.84
474,748,3.5,4.69
472,318,5.0,4.36
580,4370,3.0,3.14
445,541,4.0,3.59
111,45672,3.0,3.04
594,3616,4.5,2.62
271,5508,4.0,3.15
77,5378,5.0,3.29
427,5378,3.5,3.42
555,2007,5.0,3.21
373,480,4.0,4.02
474,4874,2.5,2.96
570,3481,3.5,2.22
385,594,3.0,3.23
264,2571,4.5,4.6
216,1288,5.0,3.1
325,4956,5.0,2.43
480,3996,4.0,4.57
580,34,2.5,3.73
574,47,5.0,4.65
563,2052,4.0,3.55
66,1201,5.0,4.39
104,733,3.0,2.96
298,97306,3.0,3.56
282,1213,4.5,4.56
483,5541,3.5,1.96
479,2701,1.0,3.18
274,31878,3.0,4.25
590,6987,3.5,4.71
267,4011,5.0,3.46
22,31658,2.5,4.17
387,1529,2.5,3.25
593,5378,1.5,2.84
432,48516,2.5,4.8
219,44761,4.5,2.87
154,73321,2.5,3.47
288,7254,3.5,2.68
165,5485,3.0,3.36
199,1797,3.0,3.39
232,67267,4.0,3.62
7,2701,1.5,4.73
380,2498,3.0,3.09
275,3361,3.0,4.08
90,1144,4.0,3.41
190,318,4.0,3.49
312,3702,4.0,4.0
155,2384,2.0,3.98
580,7001,2.5,3.72
447,474,5.0,3.79
200,7361,4.5,4.3
600,6003,3.0,2.61
352,117529,3.0,3.82
226,8360,4.0,2.63
607,3034,2.0,3.48
232,1911,3.0,3.8
587,2002,4.0,3.96
480,47644,3.5,4.0
328,1270,4.0,3.98
292,3916,4.0,1.82
19,2700,4.0,2.88
226,1884,3.5,1.84
405,4239,4.0,3.97
171,317,4.0,5.0
567,122920,2.5,2.88
469,2456,3.0,2.92
479,1320,3.0,2.59
483,1059,4.0,4.1
459,177765,5.0,2.32
430,3754,3.0,2.67
73,4447,3.5,3.85
287,532,2.5,4.0
288,3345,3.0,3.68
14,383,4.0,3.5
119,1732,4.0,4.29
10,82167,3.5,2.87
292,63859,4.0,3.09
307,4477,4.0,2.23
63,50,5.0,3.43
182,150,2.5,3.36
162,318,5.0,4.0
244,648,4.0,3.25
350,65,3.0,3.76
45,185,3.0,3.82
100,1277,4.0,4.42
89,149350,5.0,2.47
387,5255,1.5,3.02
166,1,5.0,3.87
448,132462,1.0,2.56
454,3949,4.0,4.0
448,3689,3.0,3.86
414,4448,4.0,3.36
387,6645,3.5,3.67
328,128360,3.0,3.75
599,3053,3.0,2.79
63,96079,3.5,4.38
339,4056,4.5,2.43
486,150,5.0,4.5
412,1073,1.0,4.28
308,44555,1.5,4.35
354,750,3.0,4.02
42,3450,5.0,2.47
606,4085,2.5,2.34
597,1231,5.0,4.65
460,51255,4.5,3.92
31,1099,2.0,3.29
414,46530,4.0,3.18
606,903,4.0,4.8
108,4992,4.0,3.73
232,49530,4.0,3.9
279,3753,3.0,3.92
277,95,3.0,3.14
232,1917,4.5,2.85
280,6377,4.5,4.17
317,293,5.0,4.0
210,296,0.5,3.81
495,35836,5.0,3.76
212,5971,4.0,3.87
91,7360,5.0,4.68
114,81834,3.0,4.12
502,520,5.0,3.6
525,750,3.5,3.53
322,1721,1.0,3.55
414,923,5.0,4.82
562,6975,3.5,3.22
380,7573,3.0,3.45
589,350,3.0,3.37
117,47,4.0,3.2
587,1270,5.0,4.26
489,59725,2.5,1.79
448,107,4.0,4.24
283,1210,4.0,4.5
477,2208,4.0,3.65
264,1028,5.0,2.94
452,2160,5.0,3.62
607,316,3.0,3.21
225,3264,3.0,3.07
602,597,2.0,3.52
288,1357,3.5,3.44
438,802,3.5,3.22
369,48082,3.5,3.49
104,6367,4.0,3.77
89,73015,1.5,2.92
542,5502,1.0,4.14
201,592,3.0,4.79
153,106920,4.0,1.28
586,117851,5.0,2.46
17,1358,3.0,3.3
88,5995,4.5,3.3
370,6874,4.0,3.84
187,6711,4.5,4.1
610,149011,3.5,4.08
309,1276,4.0,4.09
415,2291,4.0,4.06
438,8640,3.0,3.86
23,7932,3.0,3.42
43,349,3.0,4.0
201,2094,4.0,3.52
563,588,4.0,3.96
570,1265,4.0,2.88
608,5464,4.0,2.83
352,4025,3.0,3.89
599,4014,2.5,2.31
603,2875,3.0,3.06
391,3683,5.0,3.73
305,61024,3.0,3.68
89,3022,2.0,4.11
294,1731,1.0,4.54
15,111759,4.5,4.15
438,32,4.0,4.03
561,69526,1.0,1.43
555,2506,5.0,3.74
292,1097,4.5,3.44
294,2170,1.0,2.83
234,3274,5.0,4.65
153,180095,4.0,3.89
57,1291,4.0,4.6
232,34072,3.0,3.45
98,56775,4.0,3.79
325,3158,4.0,4.0
600,919,3.0,3.08
274,1089,4.5,4.04
294,2405,1.0,2.48
599,2232,2.0,4.61
61,2710,3.5,3.23
50,4928,4.0,3.68
298,4886,3.0,3.1
304,314,4.0,3.79
4,2019,2.0,3.16
42,195,3.0,2.92
452,1079,5.0,4.37
42,2568,4.0,4.09
434,1036,4.5,4.07
590,19,2.0,3.29
239,46976,4.5,2.86
307,539,2.0,3.78
274,590,4.0,3.65
19,2428,3.0,2.17
587,1376,4.0,4.31
6,524,3.0,4.07
474,1340,3.5,4.36
249,51086,3.5,2.57
514,26242,3.0,2.75
381,316,3.5,4.19
438,1036,4.0,4.03
466,46578,4.5,4.54
182,3006,3.0,3.56
523,95167,4.5,3.37
305,140956,4.5,3.56
132,8638,4.0,2.98
152,2329,5.0,3.33
288,1965,4.5,3.69
229,1,5.0,2.99
169,6709,3.0,4.54
362,2291,4.0,3.92
45,2006,5.0,2.94
590,1247,4.0,3.74
414,150548,4.0,3.61
590,912,5.0,4.5
527,1994,4.0,4.51
555,1994,4.0,2.88
177,8368,3.5,3.27
41,6539,3.0,4.55
111,170937,3.0,2.9
182,2528,2.5,3.54
387,2993,3.5,3.6
326,40819,5.0,3.5
178,44195,5.0,4.38
509,6093,2.5,3.32
438,30816,3.0,3.16
474,41527,4.0,3.54
432,72641,3.5,3.81
19,1346,2.0,2.25
125,79702,4.0,4.1
287,3948,2.0,3.94
47,101525,3.5,2.95
517,4306,4.0,3.5
593,1968,1.5,4.0
489,5791,3.0,3.64
304,2605,4.0,2.48
452,780,5.0,3.45
80,72998,4.0,3.54
188,904,5.0,4.94
292,1221,4.0,4.56
68,50685,4.5,3.72
376,2716,4.5,4.07
566,253,5.0,3.57
596,122882,5.0,4.0
599,70286,3.0,4.39
143,54503,1.0,4.07
256,88744,4.0,4.34
508,898,2.0,3.9
474,3994,4.5,4.04
177,106487,4.0,3.85
390,3174,4.0,3.03
561,59315,3.5,3.94
28,3681,3.5,3.87
76,52281,3.5,3.05
469,1237,4.0,4.75
328,1252,2.0,2.63
19,356,2.0,4.31
318,2674,3.0,3.77
206,800,5.0,2.81
474,3152,4.0,3.7
288,3483,2.0,2.97
381,4002,4.0,3.6
410,2133,4.0,4.23
84,4,3.0,3.29
105,91542,4.0,4.02
599,2383,0.5,1.33
86,95510,4.5,3.36
182,7254,4.0,3.85
365,1961,1.5,3.25
99,413,3.0,3.71
31,1200,3.0,3.16
387,2530,3.5,3.79
125,99007,4.5,3.02
266,785,4.0,4.0
368,2027,2.0,3.78
520,7036,5.0,2.07
122,1247,5.0,2.82
495,3979,3.0,2.03
217,1792,3.0,3.4
555,748,2.0,3.55
599,58306,2.5,3.19
232,33794,4.5,4.07
386,383,4.0,2.82
102,236,3.0,3.44
199,4848,3.0,4.35
156,587,3.0,2.55
586,135436,4.5,1.64
479,5651,3.0,3.29
517,277,5.0,2.3
151,1265,5.0,3.68
132,1125,3.0,3.83
305,5010,4.5,3.51
448,88140,3.0,3.8
127,1962,3.0,4.35
474,6984,4.0,4.04
380,5991,4.0,4.27
477,1945,4.0,3.05
318,64716,3.5,4.38
68,5582,4.0,4.0
464,593,5.0,4.45
153,2617,0.5,2.27
474,1946,3.5,3.92
82,5094,2.0,3.52
561,6947,4.0,3.25
103,8636,3.0,3.9
288,33166,4.0,3.38
365,70286,2.0,4.13
14,434,4.0,2.94
344,5010,2.0,3.93
281,3911,3.5,4.69
303,1374,5.0,4.14
474,6785,4.5,3.56
307,553,4.5,3.3
4,4246,4.0,3.09
286,1080,4.0,4.43
391,5537,5.0,3.04
603,908,4.0,4.21
610,134368,4.0,4.14
105,112552,4.0,4.3
317,3949,4.0,3.27
400,1213,4.5,4.81
600,1007,3.0,2.0
438,6764,3.5,2.05
269,5,3.0,3.77
325,1845,4.0,3.25
200,7458,4.0,4.09
474,2502,4.0,3.64
438,5563,2.0,3.33
599,5669,4.5,2.76
434,3107,3.5,3.25
522,1200,4.5,4.18
8,235,3.0,3.15
137,4963,2.5,3.47
21,2006,2.5,3.45
414,533,2.0,2.64
509,6942,4.0,3.97
178,1265,4.5,4.37
410,904,5.0,4.74
387,3088,3.0,4.25
483,6942,3.5,4.08
288,1240,3.0,3.93
178,7153,4.5,2.57
330,587,3.5,3.32
387,3204,3.5,4.23
4,4021,4.0,3.13
294,2064,4.0,3.31
387,39381,4.0,3.25
594,1407,0.5,3.2
483,6863,4.0,4.05
19,2683,3.0,2.64
386,329,3.0,2.45
520,2393,3.5,3.68
307,3392,1.0,1.13
374,349,3.0,3.31
122,96728,5.0,4.3
239,2916,3.0,3.91
608,2081,0.5,2.23
57,942,4.0,4.0
68,4299,4.0,3.24
498,208,3.0,3.66
177,31696,2.5,3.65
387,39414,3.0,3.24
105,96373,4.5,3.81
68,37729,2.5,3.2
389,25,4.0,3.75
590,1391,2.5,3.22
249,367,4.0,4.05
525,107,3.5,3.68
514,2289,2.0,4.09
603,778,2.0,3.88
420,47997,3.5,3.81
148,40815,4.0,4.0
415,63082,4.5,3.73
313,1197,3.0,4.65
105,64716,4.0,4.13
567,103335,0.5,2.74
219,33794,4.5,3.64
307,596,2.5,2.94
448,109295,2.0,2.68
414,6294,2.0,2.94
464,60832,4.0,4.13
66,3037,5.0,3.5
232,6942,3.5,3.6
372,1197,4.0,4.22
232,50794,3.0,1.92
365,59022,2.5,2.18
387,45447,3.0,3.01
122,480,4.0,3.41
136,350,5.0,3.22
140,1641,1.0,3.65
453,1457,3.0,2.25
265,1962,4.0,4.23
151,102,4.0,3.99
288,55768,3.0,4.45
384,2268,4.0,3.61
487,4638,2.0,2.69
354,597,3.5,3.88
111,61132,3.5,3.24
202,1312,2.0,4.51
125,54190,5.0,3.97
414,487,2.0,3.41
305,4878,5.0,3.63
414,5956,4.0,2.99
177,900,3.0,4.88
58,342,5.0,3.39
84,948,4.0,3.64
398,2763,4.0,3.84
111,5481,3.5,3.04
74,5791,4.0,4.15
256,3980,5.0,3.45
419,1917,5.0,3.17
288,5065,3.0,2.74
414,1033,3.0,4.18
304,1259,5.0,3.97
330,50,5.0,3.67
226,1007,3.5,2.43
313,4180,5.0,1.77
332,91974,3.5,3.76
219,4299,2.0,4.59
157,3617,3.0,3.89
288,1957,4.0,3.4
19,881,1.0,1.6
288,1616,3.0,3.97
606,5956,4.0,4.0
227,54286,4.5,3.76
474,50274,3.0,3.42
91,3563,3.0,3.69
191,95,3.0,4.03
239,595,3.0,3.0
606,2245,4.0,3.02
274,55721,4.5,4.08
571,12,1.0,3.67
593,588,3.5,4.75
444,480,3.0,3.69
474,7323,4.0,3.53
599,6330,2.5,3.47
63,91630,4.0,3.66
247,3114,4.5,3.53
263,6711,4.5,3.86
527,2565,4.0,4.46
145,208,3.0,3.71
352,130634,1.0,3.18
68,247,2.5,3.51
160,6591,5.0,3.93
600,5096,1.5,1.44
482,474,3.5,3.82
119,130520,3.5,3.67
380,5266,3.0,3.41
135,1892,4.0,4.32
330,150,3.0,3.46
593,339,2.0,4.2
219,45666,1.0,3.16
119,2329,4.0,3.61
182,5812,3.5,3.4
88,1994,3.5,3.73
122,288,5.0,3.44
484,1307,3.5,3.88
104,4886,4.0,3.49
469,357,3.0,4.21
473,2596,4.0,2.92
503,93831,1.5,4.27
68,2174,2.5,3.5
432,64839,4.0,4.19
298,5941,2.0,1.58
61,1090,4.0,4.34
210,5378,5.0,3.45
52,1923,5.0,3.37
298,87306,3.0,2.69
260,128,3.0,2.48
179,113,3.0,4.09
103,3174,4.5,4.24
187,48394,4.0,3.62
448,3671,5.0,3.92
448,43871,1.5,2.77
594,7883,0.5,2.97
377,1269,4.5,4.6
266,1259,4.0,4.18
19,3248,2.0,2.93
445,64614,4.5,4.0
387,3000,4.0,4.26
426,6373,3.5,3.66
252,8961,4.5,4.42
610,6373,3.5,4.0
10,8665,3.5,2.77
489,2115,4.0,3.91
469,1240,4.0,4.86
448,3020,4.0,3.5
298,7325,2.5,2.49
580,54286,5.0,3.41
141,2694,3.0,2.67
570,1270,4.0,3.89
551,96079,4.5,3.09
579,3408,5.0,3.64
66,3499,4.0,4.51
292,1278,4.0,3.2
438,5956,0.5,3.51
356,2144,3.5,4.24
318,106648,3.0,4.97
455,364,3.0,4.54
260,903,4.5,3.89
480,2011,4.0,2.64
599,161008,2.5,2.07
474,5670,3.0,4.19
85,515,4.0,3.67
306,168250,3.0,4.04
459,68954,5.0,4.06
412,933,5.0,3.84
599,4662,3.0,2.68
305,44555,5.0,4.47
186,377,4.0,2.86
307,26686,1.0,4.19
428,1676,3.5,3.48
217,1171,3.0,4.0
368,3162,3.0,4.4
103,88810,3.5,3.46
275,3163,5.0,2.72
462,597,1.5,4.38
219,3210,3.5,4.14
255,1194,5.0,4.02
260,1073,4.0,4.83
474,2291,4.5,4.22
140,3189,4.0,3.68
414,4780,2.0,3.08
24,733,3.0,2.49
534,2004,4.5,3.98
579,2028,3.0,4.79
318,84152,3.5,3.51
18,159093,3.5,4.01
274,3786,3.5,3.78
68,1049,3.5,3.52
351,2959,4.0,4.88
602,231,2.0,4.18
380,2394,5.0,3.73
380,7367,3.0,3.19
177,6385,3.0,2.63
445,7153,5.0,4.58
266,1911,1.0,3.91
222,6793,1.5,4.52
469,2406,3.0,3.6
560,6541,3.0,3.72
601,177765,4.5,3.0
438,353,4.0,3.66
479,3270,4.0,2.93
438,1408,5.0,3.03
610,87869,3.5,2.94
330,509,3.0,4.12
4,4273,4.0,1.96
534,1291,4.5,4.28
21,164909,3.5,3.18
267,29,4.0,4.58
1,2078,5.0,3.17
219,260,5.0,4.78
600,3499,3.5,2.84
292,344,2.0,2.64
285,912,5.0,3.76
474,2959,4.0,3.58
251,2959,5.0,4.86
222,104303,1.5,2.92
104,5618,4.0,4.09
514,1200,5.0,4.9
232,7373,3.5,3.54
245,3196,3.0,4.54
296,33493,1.0,2.68
280,86817,4.0,3.5
427,5459,2.0,2.8
219,30707,2.5,3.62
237,48385,3.5,3.14
288,1320,2.0,1.88
470,527,5.0,4.49
169,440,4.0,2.44
393,8984,5.0,2.92
480,3362,4.0,4.0
353,434,3.0,2.86
265,2455,2.0,4.44
96,1942,5.0,4.51
596,40870,3.5,3.15
579,3082,4.0,3.67
348,296,5.0,3.92
454,2160,4.5,3.89
274,1713,2.5,3.27
382,104076,2.0,2.77
434,68358,3.0,4.28
233,3147,4.0,4.16
587,440,4.0,4.25
33,2539,4.0,3.01
381,3949,5.0,3.14
184,114935,4.5,3.95
480,4016,2.5,2.55
182,3955,1.0,3.31
372,1358,3.0,4.61
171,1225,4.0,4.5
580,25850,0.5,3.01
10,597,3.5,3.06
156,4784,3.0,2.75
594,5364,4.5,1.9
115,1387,5.0,3.81
474,1413,4.5,3.34
318,32657,4.5,3.14
599,2144,3.0,3.78
182,7934,4.0,4.32
119,5989,4.5,4.32
104,56949,3.5,2.8
509,33779,4.0,4.24
18,106489,3.5,3.5
241,106696,4.0,4.02
220,316,2.0,3.73
19,1378,3.0,2.83
360,1617,5.0,4.67
387,520,3.5,1.49
314,141,3.0,3.32
362,4993,5.0,3.03
64,7445,3.5,3.96
534,86332,3.5,4.07
8,357,5.0,3.57
68,4489,2.5,3.84
66,2470,4.0,3.19
91,2144,2.0,3.32
151,736,4.0,2.68
380,60069,5.0,3.97
380,6014,2.0,2.81
260,1094,2.5,3.49
404,193,3.0,3.26
448,5414,2.0,2.58
129,5159,4.0,2.98
22,4903,4.0,3.84
177,3101,3.5,4.21
145,300,3.0,3.81
562,3448,4.0,3.76
510,1198,4.0,4.32
122,5810,4.5,3.49
103,55247,5.0,4.54
266,608,5.0,4.31
200,4993,4.0,3.55
328,1036,1.0,4.57
202,2147,3.0,3.37
522,34405,4.0,4.42
43,661,5.0,3.35
111,170813,4.0,4.15
509,51834,4.0,3.27
111,135861,2.0,3.24
222,91628,1.5,4.0
274,55765,4.0,4.0
303,1270,3.5,4.39
137,110,4.0,4.77
254,47629,2.0,3.92
318,1584,4.5,4.05
305,27801,4.5,3.66
57,457,5.0,3.76
608,593,4.0,3.5
68,2485,3.5,4.16
382,45208,2.0,3.95
184,171763,4.5,4.67
201,2248,5.0,3.21
35,266,2.0,3.79
104,588,4.0,3.82
448,2916,3.0,4.06
68,1387,3.5,3.98
122,101142,4.5,3.94
553,2571,3.5,4.29
573,2115,5.0,2.87
184,168090,4.0,4.15
560,57368,4.5,3.24
7,8865,1.0,3.67
64,2394,3.5,3.84
169,3882,3.5,2.74
288,1373,2.5,2.31
357,1956,4.0,4.36
580,3267,4.0,4.3
365,3996,1.0,3.68
438,589,5.0,3.75
226,5107,2.5,4.28
594,2432,4.5,3.31
303,6303,4.0,1.96
555,1320,5.0,3.12
537,95067,3.0,2.28
105,3742,4.0,3.64
330,1265,4.5,3.96
365,30793,3.5,3.46
68,3101,4.0,3.8
18,89745,4.0,3.33
393,5952,5.0,4.12
448,50601,1.5,2.97
105,213,4.5,3.43
475,5459,4.5,2.91
383,2906,3.0,3.07
606,95105,2.5,2.91
489,5971,4.5,3.88
367,2430,4.0,3.63
477,31660,3.0,4.67
288,6593,4.0,2.85
169,3948,5.0,3.62
284,15,4.0,3.35
290,11,4.0,2.68
4,608,5.0,3.19
477,6534,4.0,3.69
318,3702,3.5,3.3
566,480,4.0,2.97
601,95167,4.0,3.79
275,556,4.0,3.43
19,2065,2.0,3.08
103,68157,5.0,4.27
97,3623,5.0,2.09
603,3557,3.0,3.97
312,5479,3.0,3.75
465,3505,4.0,4.14
354,8961,4.0,3.99
365,508,2.0,3.27
425,344,3.5,2.56
348,4368,3.5,4.14
600,5970,3.0,3.97
298,111743,0.5,3.17
140,4677,4.0,3.36
385,85,3.0,3.56
6,261,4.0,4.69
282,72998,4.0,2.93
54,420,2.0,2.81
610,61323,3.5,3.16
474,6297,3.5,3.92
497,1258,4.0,4.45
318,3967,4.0,3.17
391,1729,2.0,2.32
562,84374,3.5,2.6
517,1293,4.0,3.85
275,2917,5.0,4.29
610,52973,5.0,3.44
448,8290,0.5,3.51
140,2724,4.0,3.54
594,8643,5.0,2.48
385,277,3.0,3.21
247,223,3.0,3.5
226,783,2.0,4.09
221,27773,4.5,4.65
597,1297,4.0,4.13
288,3543,3.0,3.0
539,527,3.5,3.34
323,151,3.5,3.45
50,837,2.5,3.35
68,216,3.5,3.57
294,2899,1.0,2.27
307,24,2.0,1.51
480,36529,4.0,3.98
597,1278,5.0,4.22
599,8832,3.0,2.91
354,2985,4.5,3.37
212,80693,4.0,3.2
226,1091,3.0,2.49
10,63113,3.5,3.25
331,3752,3.0,2.96
14,491,3.0,2.61
474,7932,4.0,3.71
583,64969,3.0,3.34
474,150,4.5,3.68
27,661,3.0,3.0
104,6188,2.0,4.08
382,83177,1.0,2.76
410,1663,5.0,3.68
606,1801,4.0,3.4
229,457,5.0,3.68
573,111362,5.0,2.27
534,3114,4.5,4.0
141,296,4.0,4.17
558,5312,3.0,2.86
68,5103,2.5,2.35
339,166643,4.0,4.0
587,910,4.0,4.15
318,94150,4.0,3.19
239,786,3.0,4.47
523,101962,5.0,3.51
477,2291,2.5,4.19
16,318,4.0,4.67
489,35836,3.0,3.68
608,2141,1.5,2.81
525,3911,4.5,3.57
414,4081,2.0,2.69
140,3998,4.0,2.02
593,26084,3.5,3.07
474,4041,3.0,1.95
368,2986,1.0,3.1
571,152,2.0,2.5
480,45672,2.5,3.19
125,152077,4.0,4.0
263,586,3.0,3.2
599,3537,2.0,4.22
525,53972,3.0,3.26
64,2700,4.5,4.06
560,54995,4.0,3.06
45,4958,4.0,4.69
362,1591,4.0,1.39
483,196,0.5,2.48
9,2901,2.0,1.68
105,72641,4.0,3.77
558,367,3.0,3.22
474,5541,2.0,2.45
387,3426,3.0,4.39
186,4995,3.0,4.6
274,1917,3.5,3.39
109,852,3.0,3.52
217,688,2.0,3.02
534,99007,4.0,3.65
462,116797,3.5,3.74
91,1246,2.0,4.18
380,2401,4.0,4.05
571,2149,1.0,2.2
465,2763,4.0,4.77
526,2959,4.0,4.0
244,1408,5.0,3.73
495,86911,0.5,3.78
125,142422,4.0,3.83
534,5418,4.5,4.43
219,6283,3.5,2.42
263,6299,3.5,3.58
420,480,3.5,3.57
401,783,4.0,4.57
19,432,3.0,3.19
488,971,2.5,4.38
511,2324,4.5,4.5
76,1682,2.5,4.52
604,261,4.0,4.23
232,61705,3.5,2.17
577,3062,3.0,3.86
474,1507,3.5,3.14
603,1554,3.0,2.76
41,6763,5.0,3.88
414,1674,4.0,3.67
298,84954,0.5,2.98
381,4232,3.5,3.0
217,2003,2.0,2.58
448,5548,3.0,3.38
599,32587,3.5,2.86
108,5309,3.0,3.93
275,2731,4.0,3.52
294,3040,5.0,2.65
294,419,1.0,3.1
606,8014,4.5,3.3
68,5445,3.0,4.04
232,3979,2.5,3.51
330,1197,4.5,4.17
410,154,4.0,4.0
448,4963,4.0,4.07
480,41573,2.5,3.52
401,48,2.0,4.35
40,267,3.0,3.53
325,5445,4.0,3.55
68,5049,2.0,4.02
463,6539,3.5,3.95
249,4270,3.5,4.32
330,1784,5.0,4.0
167,2471,2.5,1.96
599,4007,3.0,2.78
271,2968,2.5,4.04
414,7147,4.5,3.12
105,86628,4.0,3.67
605,47610,4.0,3.57
298,2502,3.0,4.06
414,6349,3.0,3.11
601,8961,5.0,2.62
393,32587,0.5,4.09
182,4178,4.0,2.57
357,788,3.0,3.96
339,3462,4.0,4.4
364,1,5.0,4.1
562,1307,5.0,4.66
95,5792,4.0,3.17
357,1028,4.5,4.08
305,72294,3.5,3.65
560,73017,3.5,4.33
62,1210,4.5,4.36
111,98083,5.0,3.69
330,1961,4.0,3.39
140,3969,3.0,2.73
198,5378,3.0,2.95
603,2155,4.0,3.33
318,5673,4.0,3.7
286,6874,5.0,2.79
266,69,5.0,2.7
182,4313,3.5,2.65
504,5669,3.5,2.48
313,3793,3.0,3.12
432,1036,2.0,4.21
27,2687,4.0,3.35
599,4104,2.0,2.78
380,2709,4.0,2.37
489,1644,0.5,3.23
473,5785,3.5,3.41
580,1214,4.0,4.0
610,3911,4.5,2.91
73,4306,2.5,3.94
4,345,4.0,3.0
28,56367,2.5,2.47
20,709,3.0,2.67
448,92507,2.5,3.1
305,589,5.0,4.66
132,1682,3.5,3.77
606,1305,4.0,3.92
19,1517,3.0,2.76
313,4085,3.0,2.4
380,3363,4.0,4.0
367,356,5.0,3.27
135,1372,1.0,3.0
104,4299,3.0,3.03
414,1282,5.0,4.3
606,1222,4.0,3.97
593,1210,4.5,4.04
298,3686,2.5,1.73
290,1617,4.0,3.9
567,1916,5.0,3.0
219,2890,3.0,2.86
58,708,5.0,3.7
600,8981,3.5,2.26
483,1266,4.5,4.65
554,2080,5.0,3.86
339,86332,2.5,3.69
608,3617,3.0,2.8
554,903,5.0,3.95
183,1214,4.0,4.63
68,420,1.0,3.08
288,3676,3.0,3.45
480,3301,2.0,2.98
59,1299,5.0,4.12
73,111362,5.0,3.59
607,1249,4.0,3.4
232,45722,3.5,3.88
426,595,4.0,4.06
470,1073,4.0,4.27
199,293,3.5,4.06
608,2282,3.0,3.11
242,231,3.0,3.91
307,2011,3.5,3.43
68,55253,4.0,3.83
357,858,5.0,3.72
325,300,4.0,3.35
274,3863,3.5,3.27
64,33794,4.0,3.76
6,140,3.0,3.5
27,673,2.0,3.35
28,40414,3.0,3.34
590,1204,4.5,4.36
526,128620,5.0,2.88
166,648,3.0,2.86
414,4812,3.0,2.02
596,32300,3.5,2.08
110,7096,5.0,4.08
307,1917,2.5,2.81
600,5992,1.0,3.11
599,4121,2.5,1.66
391,1247,4.0,4.5
610,8874,5.0,4.29
66,1449,4.5,3.01
480,7983,4.0,3.82
438,3114,4.5,2.5
580,3986,4.0,4.09
66,3745,3.5,3.4
140,5102,3.0,3.58
93,1894,3.0,3.41
294,719,1.0,1.6
153,118696,2.5,3.74
140,3005,3.0,3.91
555,1614,4.0,3.67
518,468,3.0,4.01
88,83177,0.5,3.62
599,2134,1.5,3.05
1,3034,5.0,4.6
573,1527,4.5,4.26
274,63082,4.0,3.74
438,8633,2.0,3.72
474,7303,3.5,3.19
263,2324,5.0,3.47
610,44828,4.0,2.08
368,2353,3.0,4.08
32,1224,3.0,3.77
42,410,2.0,3.64
50,142602,1.0,3.61
587,2605,5.0,3.58
382,33158,2.5,4.12
385,1225,3.0,3.31
356,3160,4.0,4.32
297,733,3.0,2.1
62,122896,3.5,3.89
274,55820,4.0,3.48
7,1183,1.5,3.0
135,2088,3.0,3.19
177,7163,2.0,3.07
288,362,3.0,3.79
391,2605,2.0,2.8
336,2268,4.0,3.71
513,920,5.0,4.19
305,84152,4.5,3.13
424,54503,4.0,3.82
342,2706,4.0,4.13
77,2571,5.0,3.67
202,2640,4.0,3.57
351,56941,3.0,3.07
187,1261,5.0,3.38
173,597,3.0,3.78
339,54503,4.5,4.55
414,7315,2.0,3.08
560,6934,3.5,2.25
414,4229,3.0,3.13
465,3681,4.0,4.05
24,3556,2.0,3.51
525,80549,4.5,4.14
213,59615,3.5,2.87
294,2709,4.0,1.5
492,1431,4.0,4.01
313,1220,1.0,3.95
20,4821,0.5,3.4
606,15,3.5,4.14
555,2255,1.0,2.75
20,661,5.0,2.71
424,4450,4.5,2.94
274,4886,3.5,3.06
330,5952,4.0,4.21
28,61986,3.0,3.08
480,2699,1.5,3.32
580,6300,5.0,3.06
448,103865,2.0,3.0
200,2145,4.5,3.92
139,6957,1.5,3.75
331,3578,4.5,3.77
96,377,5.0,3.44
225,2371,4.0,2.64
504,6708,4.5,4.19
360,1414,2.0,3.66
380,1917,3.0,3.12
385,349,3.0,2.36
328,912,1.0,4.25
21,105844,2.0,3.96
217,3494,3.0,2.91
166,6,3.5,4.54
425,2710,3.5,2.65
580,1729,4.5,4.2
42,2001,4.0,3.81
298,34405,4.0,2.97
414,1020,2.0,2.95
599,2915,3.0,3.06
43,519,5.0,3.69
606,1183,3.5,4.24
84,1028,4.0,3.4
84,5060,4.0,3.82
288,3354,2.0,3.76
307,32587,4.5,4.31
608,6059,4.0,3.24
517,1265,3.0,1.98
219,5378,2.0,3.66
380,91542,2.0,4.57
307,367,1.5,3.43
606,3462,4.0,2.87
232,6264,3.0,3.02
606,7382,4.5,3.63
380,1278,5.0,4.22
431,1234,4.0,4.46
414,2791,4.0,2.17
288,45668,3.0,2.05
608,6377,4.0,4.36
182,377,2.5,3.72
477,239,3.5,3.17
42,4027,4.0,4.19
182,653,2.5,3.28
301,6711,3.0,4.21
64,520,4.0,3.64
445,1230,5.0,3.69
580,912,0.5,3.82
590,2005,4.0,3.64
19,435,2.0,2.73
328,293,3.5,4.01
249,105213,4.0,3.53
509,6874,3.0,3.66
608,4876,3.5,3.42
100,923,3.5,4.03
129,1517,3.5,3.47
292,2401,3.0,3.49
3,1371,3.0,3.02
52,50872,4.0,3.62
405,1214,4.0,4.19
610,5444,3.5,3.99
64,260,3.5,4.15
1,2899,5.0,2.36
123,44199,4.0,4.04
448,355,2.0,3.36
561,7143,4.0,3.02
474,47894,3.5,3.44
216,514,3.0,3.03
601,134853,5.0,4.19
514,26133,5.0,4.23
15,1527,3.0,3.81
610,58295,3.5,3.17
239,3623,4.0,3.7
560,155288,3.5,2.87
274,5265,4.0,2.96
50,92427,1.0,3.15
288,2527,3.0,3.03
45,5568,2.0,3.19
200,2599,3.0,4.29
135,293,4.0,2.06
84,1381,3.0,2.92
586,1704,5.0,3.11
140,7294,3.0,3.9
608,277,2.5,3.19
220,480,5.0,3.52
6,17,4.0,3.93
143,79132,2.0,2.65
263,6333,3.0,3.66
610,89753,4.0,4.13
288,1036,3.0,3.62
217,3033,2.0,4.09
334,2115,2.5,3.97
182,1245,4.5,4.61
480,235,3.0,2.97
510,1060,3.0,3.77
458,150,5.0,4.19
91,7000,3.0,3.4
330,3949,4.5,3.23
68,52287,2.0,3.2
63,1136,5.0,4.33
607,1196,3.0,4.14
216,2987,3.0,3.15
606,5299,4.0,3.26
474,4823,4.0,3.44
321,3,3.0,4.08
276,1,4.0,4.28
572,1958,4.0,4.67
428,1911,1.5,2.22
193,1196,4.5,3.28
448,27478,3.5,3.6
596,5618,4.5,3.33
472,3254,3.5,3.29
438,2028,4.0,4.39
451,786,3.0,2.85
74,8838,5.0,3.14
246,1584,3.5,3.81
217,1200,3.0,2.7
177,3034,4.0,4.01
448,1425,2.0,2.69
597,153,3.0,2.43
156,5788,4.5,3.81
41,4963,3.0,4.66
26,344,3.0,3.68
414,127130,4.0,2.3
279,924,4.0,2.2
4,2390,5.0,3.22
464,1196,5.0,2.83
274,4388,3.0,3.51
217,1019,3.0,2.5
522,2094,1.5,3.43
511,55908,4.0,4.74
483,3310,4.0,4.83
373,95,2.0,3.03
95,6502,4.5,2.69
68,3052,3.5,3.68
270,3,3.0,4.16
91,1125,3.5,4.51
290,1225,5.0,4.13
111,173255,2.5,3.87
268,2019,5.0,3.65
155,1517,3.0,3.0
448,4677,3.0,3.16
442,3510,1.0,3.58
495,69481,4.5,3.01
246,7147,5.0,4.31
217,414,3.0,2.81
603,175,5.0,4.0
282,593,4.0,3.92
357,3360,3.5,3.84
155,260,4.0,2.04
469,1307,4.0,4.15
169,6266,4.0,2.06
590,2701,2.5,2.9
117,256,3.0,4.15
305,88812,3.5,2.8
342,3157,3.0,3.67
66,7143,4.5,4.5
610,1241,5.0,4.43
421,3461,3.5,3.6
563,1073,4.0,4.14
6,150,4.0,3.86
68,3786,1.0,3.51
41,111659,1.0,3.61
200,46976,4.5,2.87
91,5749,3.0,4.49
599,6615,2.5,2.37
59,1219,5.0,4.32
34,2571,3.0,4.92
10,4246,3.5,2.7
381,6378,4.5,4.51
432,1801,4.5,3.68
414,5989,4.0,4.25
599,2502,4.0,3.29
414,1541,2.0,3.34
219,60126,3.5,3.89
328,919,3.0,4.23
414,5417,3.0,3.25
8,440,3.0,2.35
230,41569,4.0,4.17
414,1013,3.0,3.25
89,167018,2.5,4.08
290,2987,4.0,3.5
391,4178,4.0,3.19
372,616,2.0,3.87
562,7147,4.0,3.04
156,2941,4.0,3.0
288,8640,3.0,4.05
153,2959,0.5,4.53
474,7049,3.0,3.45
568,3261,3.0,3.45
219,21,3.5,2.4
448,688,2.0,3.84
480,4034,3.5,3.82
220,590,5.0,4.34
42,2335,4.0,4.78
462,3426,2.5,3.39
551,112852,3.0,4.54
610,6,5.0,2.56
373,34,4.0,3.85
483,377,1.5,2.5
62,48385,4.0,2.61
123,111759,4.5,3.64
606,1727,3.5,3.52
462,8620,2.5,3.5
438,31221,1.5,2.9
234,1097,5.0,2.75
78,648,3.0,4.25
182,6624,0.5,3.99
189,79132,4.5,4.32
249,79057,3.5,3.94
502,903,3.5,3.7
606,1663,2.0,3.27
414,4280,4.0,4.0
63,592,4.0,4.84
273,223,5.0,4.43
294,1262,4.0,3.77
489,91488,3.5,3.69
334,55820,3.0,4.56
177,88125,5.0,3.42
226,6502,4.0,2.96
111,46948,0.5,3.75
325,2167,3.0,3.78
457,2706,4.0,4.85
212,180031,4.0,3.65
122,4874,4.5,4.39
89,32243,3.5,2.77
213,4368,3.0,3.1
274,5478,2.5,3.19
288,8961,4.0,2.75
27,3519,3.0,2.93
608,329,3.0,3.45
249,7439,3.0,4.26
38,588,3.0,3.91
414,50872,4.0,3.98
68,59900,1.0,2.88
489,4020,3.0,2.75
608,1275,2.5,3.97
211,3869,3.0,3.82
216,364,3.0,4.04
182,5108,1.5,4.0
380,74545,3.5,3.26
544,694,4.0,3.88
603,1635,5.0,3.88
466,34150,4.0,3.24
525,2788,4.0,4.04
448,89470,4.0,3.91
239,2001,3.5,3.32
516,2268,3.0,4.54
603,3435,5.0,3.27
294,2072,1.0,3.3
382,4310,3.5,4.07
22,36529,2.5,3.71
98,4226,4.0,4.48
318,97904,4.0,3.2
474,4226,5.0,2.64
18,2000,4.0,2.98
182,5298,4.0,1.57
600,616,4.0,1.0
599,524,2.5,1.77
428,4310,3.0,2.93
589,527,5.0,4.13
298,76060,2.5,3.22
474,830,2.0,2.5
103,36,4.0,3.57
479,3428,3.0,3.87
439,7153,5.0,3.47
7,58,3.0,4.16
484,1438,1.5,2.42
140,37739,4.0,3.11
45,3255,3.0,3.59
63,8376,2.5,3.86
606,2875,3.0,3.2
59,750,5.0,3.86
373,410,3.0,3.03
275,608,4.0,3.25
4,3386,4.0,4.34
298,1916,3.0,2.75
597,1240,4.0,4.0
312,2529,4.0,4.09
264,1876,3.5,3.33
71,160,3.0,3.1
140,339,3.0,2.62
44,260,5.0,4.74
318,113348,3.5,2.43
368,2641,2.0,3.2
404,34,4.0,3.81
425,1466,4.0,3.87
469,920,3.0,3.85
353,204,2.0,3.51
532,111,4.0,4.98
288,1242,4.0,3.74
274,2687,3.0,3.45
145,153,3.0,2.7
331,3911,5.0,2.41
254,648,3.5,3.48
588,223,5.0,3.68
528,6006,3.5,3.9
492,667,3.0,3.88
432,589,3.5,4.43
414,3252,5.0,3.0
58,62,3.0,2.21
365,59315,3.5,3.78
232,48043,3.5,3.62
297,6,5.0,2.11
144,2000,3.5,3.45
288,597,3.0,3.55
579,2485,3.0,2.85
71,1370,4.0,2.91
80,150,4.0,3.32
380,1022,3.0,3.3
452,2490,5.0,4.91
136,273,3.0,3.77
302,17,5.0,3.28
414,1371,3.0,3.37
19,2148,2.0,2.86
555,1591,4.0,3.11
608,2699,1.5,2.88
186,3409,4.0,3.93
117,105,3.0,4.1
15,160980,3.5,3.08
68,2490,3.0,4.0
495,1247,5.0,4.76
298,64839,3.0,4.57
21,19,2.5,2.78
43,828,5.0,3.94
573,45722,5.0,4.14
380,223,4.0,3.83
117,531,3.0,3.07
368,3370,3.0,3.74
198,903,4.0,2.84
156,2797,3.0,2.76
249,30810,3.5,3.72
516,2259,3.0,3.81
225,2327,5.0,3.79
437,440,3.0,3.6
66,457,3.0,3.45
31,7,4.0,3.0
610,136020,3.5,2.49
380,1033,3.0,3.82
596,103772,2.5,3.16
68,152081,3.0,4.26
298,6773,3.0,3.22
305,5299,4.0,2.65
202,3681,4.0,3.24
312,5015,4.0,3.98
286,158,3.0,2.42
372,235,2.0,3.56
477,1271,4.5,4.64
414,4089,2.0,3.21
484,364,5.0,3.32
33,448,4.0,4.5
312,1089,4.0,4.09
594,6967,0.5,2.48
386,32,3.0,3.49
608,3968,3.0,3.9
380,587,3.0,4.0
298,1587,3.0,2.32
141,1485,2.5,3.19
261,30810,1.0,3.32
561,6188,3.5,4.43
608,150,2.0,3.98
352,5995,5.0,4.64
570,508,3.5,3.76
249,79132,5.0,3.83
99,259,3.0,4.66
240,173,3.0,4.66
305,4034,4.5,3.98
217,2860,2.0,4.42
66,1,4.0,3.18
419,1206,4.5,4.42
111,181659,2.5,3.86
603,2167,4.0,2.08
607,3053,5.0,3.52
514,8906,2.0,2.43
474,39381,3.0,1.87
346,2858,4.5,4.29
593,377,2.5,3.72
489,79132,4.5,3.45
182,480,3.5,3.86
290,2329,4.0,4.53
288,788,2.0,2.56
255,1079,2.0,4.38
610,72011,4.0,3.33
132,6593,3.5,3.04
249,45730,3.5,4.09
230,150,2.0,3.97
456,653,4.0,3.92
177,932,5.0,4.24
232,8982,3.0,2.89
599,4015,2.0,2.25
453,47,5.0,4.5
546,3354,4.0,3.56
198,3868,4.0,2.9
135,157,2.0,2.84
567,143367,4.5,1.91
380,147382,4.0,3.22
212,98243,4.0,3.78
465,3698,4.0,3.9
480,780,3.0,4.04
64,1225,4.0,4.64
47,597,3.0,3.92
128,1721,4.0,3.46
489,7367,0.5,4.0
229,5,3.0,3.13
23,175,3.0,1.89
391,1041,4.0,4.65
42,3502,5.0,3.87
216,2395,5.0,2.69
560,5349,3.5,3.27
368,3704,2.0,2.72
335,356,4.0,4.1
495,2700,4.5,3.17
489,4474,4.5,3.9
483,2793,3.5,3.95
391,608,5.0,3.33
599,2734,2.5,2.61
411,52,2.0,3.54
182,5902,4.5,3.87
410,2987,4.0,3.28
465,2628,2.0,2.08
563,80858,3.5,3.5
361,466,3.5,3.17
596,7458,2.5,3.79
182,2713,0.5,4.4
474,1345,3.5,3.99
140,6539,3.5,3.48
125,161131,3.5,3.75
493,4701,5.0,3.22
202,1370,4.0,3.63
380,120799,3.0,2.61
201,1917,4.0,2.42
317,74458,4.0,2.79
43,1084,5.0,3.05
483,1566,4.0,3.26
453,1641,4.0,4.59
584,477,4.0,4.29
292,85414,4.0,3.42
368,3654,3.0,3.63
436,370,2.0,3.31
21,32587,3.0,3.51
474,45730,3.0,3.13
424,3176,5.0,3.62
186,1391,4.0,4.05
134,163,3.0,2.33
610,4852,1.0,4.1
232,34334,3.0,2.95
279,1208,3.5,4.32
362,60072,3.5,3.8
170,553,4.0,4.28
96,454,4.0,3.73
502,1250,5.0,4.83
414,3019,4.0,2.88
160,786,1.0,4.04
45,5349,5.0,4.27
600,39435,2.5,2.86
21,2167,3.5,2.29
68,8781,2.5,3.99
438,165,4.0,3.24
484,8363,4.5,4.07
367,3453,4.0,3.0
104,674,3.0,3.44
320,3404,0.5,3.08
64,377,3.0,2.93
587,58,5.0,4.78
387,2139,4.0,3.0
367,4310,4.0,3.76
318,65631,4.0,3.29
413,318,5.0,4.58
448,1092,4.0,3.63
355,60,3.0,3.94
318,105197,3.5,3.71
187,6214,4.0,3.52
21,2959,2.0,4.25
254,32,4.5,3.28
477,48516,5.0,4.41
181,432,3.0,4.07
517,55820,1.0,3.54
453,1488,3.0,3.41
448,79879,3.0,2.81
301,527,4.5,5.0
599,5902,3.0,4.45
292,8961,3.5,2.11
322,60040,0.5,2.9
599,34800,1.5,2.68
111,4367,3.5,4.19
254,5995,4.5,4.42
132,32587,4.0,2.95
334,4963,3.5,3.57
98,5444,4.5,3.68
412,2890,4.0,3.67
41,2671,3.0,1.9
480,3988,2.5,3.91
532,1291,5.0,4.36
41,7149,4.5,4.33
217,437,2.0,3.0
381,3552,2.0,3.44
93,1641,4.0,3.81
603,1177,4.0,4.56
19,295,3.0,4.34
362,293,4.5,4.76
404,597,3.0,3.9
15,6874,3.0,3.4
91,2997,3.5,3.04
103,3535,4.5,3.76
266,316,3.0,4.34
186,1320,4.0,3.54
110,8014,4.0,4.49
599,79132,3.0,4.63
331,30793,1.5,3.23
294,762,1.0,2.12
412,1214,4.0,4.62
212,113573,3.0,2.91
447,253,4.0,3.04
274,3424,3.5,4.74
160,242,2.0,2.32
339,47099,5.0,3.7
319,110,4.5,3.84
474,27912,3.0,2.85
602,733,4.0,3.47
380,67255,2.0,4.26
492,724,3.0,3.0
599,6670,2.0,3.68
560,120478,3.5,3.2
239,1196,5.0,4.16
599,27549,1.5,4.25
83,30749,3.5,3.72
475,1210,5.0,3.64
480,2273,2.5,3.15
480,7150,3.5,3.66
330,648,2.5,3.59
424,2296,3.0,3.16
325,318,5.0,4.54
439,98809,3.5,3.37
307,3268,1.0,2.99
590,3148,3.5,3.19
602,193,2.0,3.45
31,588,5.0,4.08
18,106487,4.0,3.5
246,4011,4.5,3.93
474,26,3.5,3.08
19,1479,3.0,2.53
318,95873,4.0,3.49
391,2023,3.0,4.05
182,5809,3.0,3.49
425,337,4.0,4.08
200,8984,2.5,3.21
567,103384,1.5,2.84
480,48780,4.5,3.95
596,68835,3.5,3.45
222,3178,3.5,3.69
560,8464,4.0,4.23
34,3052,2.5,3.31
453,2694,3.0,3.67
288,53125,2.5,2.91
294,837,1.0,1.73
305,30749,5.0,4.48
607,1917,5.0,3.75
456,5,3.0,3.69
514,4396,2.5,2.0
307,410,3.0,3.0
604,434,4.0,2.82
474,2450,1.0,3.17
414,3967,4.0,3.25
18,1209,5.0,3.83
610,159,3.5,2.1
111,91658,3.5,4.16
220,6365,4.5,3.0
412,1784,4.0,3.87
462,4427,3.0,3.83
91,3793,4.0,4.29
600,1,2.5,3.25
610,527,3.5,4.18
580,3527,3.5,3.88
554,608,2.0,3.8
500,480,4.0,3.82
279,54503,2.5,3.9
19,141,1.0,3.31
492,104,4.0,3.16
186,317,5.0,3.65
68,180,2.5,2.84
199,1897,3.0,1.95
599,8638,3.0,3.05
610,103688,4.0,4.06
527,2000,5.0,4.01
525,597,4.0,3.43
418,4878,5.0,4.57
586,110130,4.0,2.4
252,137857,3.5,4.16
160,903,4.0,4.29
267,1197,5.0,4.75
28,5378,4.0,3.94
603,99,5.0,3.54
268,2702,4.0,4.77
405,4022,3.5,3.62
288,2657,2.0,2.85
599,4502,1.0,2.12
28,3556,3.0,3.65
411,592,3.0,4.21
314,1367,3.0,3.12
522,51662,1.0,3.67
534,596,4.0,4.0
307,441,3.0,3.68
441,2716,5.0,3.3
410,1635,4.0,4.21
19,328,2.0,2.84
156,6658,3.5,4.08
120,780,2.0,4.05
525,5989,3.5,3.89
274,4233,3.5,4.12
518,6333,4.5,3.52
381,51084,4.0,2.67
482,5378,4.5,3.15
414,1374,4.0,3.0
246,296,4.0,4.0
18,380,2.5,2.63
90,1073,4.0,3.19
68,67408,3.0,2.25
414,60126,3.0,3.19
604,76,4.0,3.75
191,158,2.0,1.61
436,377,4.0,3.54
307,6060,2.0,2.69
600,593,4.0,2.83
42,4489,5.0,2.89
186,2369,4.0,3.82
368,1676,2.0,3.25
474,27873,3.5,3.88
603,3285,1.0,3.4
425,3147,4.0,4.05
43,539,3.0,3.41
75,1266,4.0,4.45
115,2947,4.0,3.4
237,8665,3.5,3.85
130,595,2.0,4.5
368,1378,3.0,2.2
260,2702,2.0,3.84
105,178613,4.0,4.21
489,87485,3.5,3.26
318,3943,4.0,3.36
195,904,5.0,2.47
514,54997,4.0,3.76
561,2746,3.0,2.59
509,1020,3.0,3.07
217,3255,3.0,3.48
50,149406,2.0,2.46
495,736,3.5,4.7
82,317,2.5,4.49
590,2023,3.0,3.58
187,52328,3.0,3.65
600,30812,4.0,4.31
356,2596,4.0,3.59
465,541,5.0,3.63
574,110,5.0,4.49
246,96079,4.5,4.05
21,2858,2.0,3.45
219,2115,3.0,4.25
111,551,4.0,3.28
330,4886,5.0,2.92
448,2413,3.0,2.67
228,541,4.0,3.07
276,62,5.0,2.59
153,2005,2.0,2.01
51,6934,0.5,3.89
483,2968,3.5,3.21
121,508,3.0,3.52
80,55765,4.0,3.75
232,33646,3.5,3.19
413,2353,5.0,3.93
260,7815,5.0,3.15
414,95510,3.5,3.74
590,2137,3.5,2.67
27,2311,2.0,3.39
504,4034,4.5,4.16
525,5785,0.5,2.96
274,5810,3.5,2.81
274,7802,4.0,2.67
79,1210,5.0,4.7
562,2692,4.0,3.9
599,1485,2.5,2.83
68,8968,5.0,3.26
425,1210,3.0,3.5
516,4322,4.0,2.9
57,1614,2.0,4.34
448,1032,4.0,4.47
74,5995,5.0,3.84
103,1296,3.5,4.06
558,4903,2.0,4.09
414,5159,3.0,2.53
425,3020,4.0,2.23
280,4239,5.0,4.64
253,446,5.0,3.62
452,1220,4.0,4.42
489,5316,2.5,3.37
466,5418,4.0,3.3
369,500,3.0,3.35
514,3703,4.5,2.58
339,69784,4.5,4.04
490,4973,4.0,4.28
414,45447,3.0,3.46
200,4995,4.0,3.58
309,1201,4.5,2.52
380,79274,5.0,2.75
45,3481,4.0,3.93
33,1446,5.0,2.97
45,2021,3.0,4.18
91,2019,4.5,4.14
80,1221,4.0,4.71
132,7371,3.0,3.61
21,858,2.5,3.55
124,1961,4.0,4.91
570,1127,4.5,1.8
177,3247,2.0,3.09
68,166528,4.5,4.07
236,2770,5.0,4.34
140,3011,2.0,4.0
308,45499,2.0,2.91
600,1186,0.5,3.11
14,25,4.0,1.91
357,50,5.0,4.08
368,1580,3.0,2.67
610,58559,4.5,3.67
356,1639,4.0,3.73
483,88954,3.0,3.96
292,3751,3.0,2.1
381,5171,2.0,3.45
571,1981,3.0,2.64
455,272,4.0,3.97
474,7285,4.0,3.42
415,5782,4.5,3.43
417,7153,5.0,4.76
517,368,3.0,3.24
445,457,4.0,3.38
480,8360,3.5,3.63
509,1704,3.5,3.24
525,783,2.0,2.94
495,4958,3.0,3.93
590,1248,4.0,3.58
307,1265,3.0,4.14
140,104,3.0,3.7
68,1391,3.0,4.25
484,2805,2.5,2.59
318,1032,4.0,3.16
544,780,5.0,3.85
414,6331,4.0,3.3
469,1945,5.0,3.88
377,7063,5.0,3.11
610,6620,4.0,4.21
606,2858,4.5,3.34
109,39,3.0,2.66
171,32,5.0,4.64
474,3629,4.0,3.71
357,27329,4.0,4.64
586,6365,4.0,3.77
68,59126,4.0,3.49
310,58,4.5,3.24
561,101362,2.0,2.9
103,2144,4.0,2.84
497,2762,5.0,3.91
55,1947,0.5,4.04
469,3763,3.0,2.92
31,788,2.0,2.31
18,8644,3.5,3.32
469,1253,3.0,4.08
306,100390,3.5,3.71
95,8636,4.5,4.63
140,165,4.0,3.24
409,2657,4.0,4.21
546,3190,4.0,3.49
448,5522,5.0,2.61
264,3510,4.5,3.11
474,5572,3.5,3.11
480,7263,3.0,3.64
474,1013,3.0,2.69
408,49272,5.0,2.84
474,5034,5.0,2.39
303,3703,5.0,4.02
335,593,3.5,4.76
68,40629,4.0,3.74
195,1682,4.0,3.84
247,74458,4.0,4.44
414,46335,2.5,2.88
586,1200,5.0,4.83
606,4370,3.5,2.59
232,48385,3.5,3.09
292,2989,4.0,4.0
464,1779,3.5,3.16
432,3082,3.0,3.59
140,1393,4.0,3.3
474,4495,5.0,3.3
517,910,4.0,2.64
246,53125,4.5,3.64
480,3968,3.5,3.44
282,1240,4.5,4.03
569,434,4.0,2.34
58,368,4.0,3.67
249,112556,5.0,4.37
385,786,3.0,2.82
122,95088,4.0,3.66
414,5620,2.0,3.39
198,357,5.0,3.53
226,2918,4.5,4.38
474,4509,1.5,3.48
182,3629,4.5,3.34
119,106782,4.5,4.73
534,4896,4.0,4.38
321,597,3.0,3.18
274,51662,4.0,3.8
95,1011,4.0,3.77
600,1214,2.5,3.78
19,915,2.0,4.48
448,4053,2.0,1.09
259,7361,4.0,4.3
599,6378,2.5,4.25
328,1282,5.0,4.23
232,2268,4.0,4.49
148,54001,4.0,3.1
567,122892,2.0,1.51
7,3869,5.0,3.79
489,368,3.0,2.22
563,5991,3.5,3.74
64,2355,4.0,3.41
217,954,4.0,4.45
245,1361,3.0,4.2
189,54286,4.5,4.08
1,1500,4.0,4.06
432,6016,4.0,4.26
282,48738,4.5,3.85
28,5292,3.5,3.76
62,122912,4.0,4.03
274,38992,3.5,3.89
28,51935,2.5,4.25
58,31,4.0,4.0
462,589,2.5,4.42
82,170,3.0,3.38
448,2001,3.5,3.56
280,7451,5.0,3.15
28,49272,3.5,3.6
540,6539,4.5,3.63
75,1090,1.0,4.24
314,151,3.0,3.22
275,300,3.0,3.1
469,3767,2.0,2.94
365,96737,1.5,4.42
45,3285,3.0,3.78
318,154,3.0,3.58
563,49286,3.5,3.4
590,2791,3.0,3.67
600,2997,4.5,3.37
380,3471,3.0,4.03
509,1088,3.0,4.03
113,2340,1.0,3.68
567,2951,1.5,3.17
370,4226,3.5,4.21
346,7178,3.0,2.86
187,223,4.5,4.24
215,1246,4.5,4.14
176,39,3.0,3.86
62,53464,3.0,2.94
274,5218,3.5,4.3
541,608,3.0,2.79
453,1089,5.0,4.24
418,88125,4.5,4.19
520,1250,4.0,1.31
45,1037,4.0,3.9
567,114627,3.5,3.4
237,293,4.0,4.36
290,3362,4.0,3.97
597,1099,4.0,2.11
483,4823,3.5,3.72
610,122904,3.0,3.43
280,60293,4.0,3.94
232,69757,5.0,3.79
246,1884,4.0,3.15
391,260,5.0,4.77
74,8341,3.5,3.44
211,78499,4.0,4.32
420,3545,3.5,3.54
220,1589,3.5,1.93
119,102903,5.0,4.63
249,45722,3.5,4.05
105,9010,4.5,3.9
573,96079,5.0,3.38
156,2369,4.0,1.43
305,7981,5.0,4.0
469,728,3.0,3.53
292,3948,2.0,2.28
318,32511,4.5,4.19
473,2959,4.0,3.53
448,159077,2.5,4.01
140,6299,3.0,3.16
313,2011,1.0,2.17
45,441,3.0,3.9
474,224,3.5,3.7
111,140110,4.5,4.43
298,1923,2.5,2.67
604,442,4.0,3.83
219,6893,2.5,3.04
484,3177,4.0,3.89
599,3510,2.5,3.21
91,832,3.0,4.35
103,58803,4.0,3.95
559,344,3.0,3.42
82,2383,2.5,1.89
249,49824,3.5,3.47
455,589,3.0,3.74
109,329,2.0,2.65
51,4876,3.0,2.59
490,6333,2.5,4.0
610,101741,3.5,3.9
274,35957,3.5,3.46
362,110,4.0,4.54
474,1269,3.5,4.28
372,1245,3.0,3.5
86,6373,4.0,3.79
561,145,3.0,3.07
226,1527,4.5,4.65
213,858,4.0,3.77
428,3751,2.0,3.28
287,2633,2.0,3.82
68,89492,4.5,4.15
168,1219,4.0,4.43
282,2948,4.0,3.4
474,47099,4.0,3.79
474,4210,3.5,3.25
166,5445,4.0,4.08
341,135887,4.0,2.98
330,33794,3.0,3.07
603,4017,4.0,2.94
474,6357,3.0,4.05
480,3943,4.0,3.03
249,59315,4.5,3.49
422,2598,3.0,4.24
285,1093,2.5,3.77
610,51255,5.0,4.06
599,3342,2.5,4.57
450,3952,4.0,3.41
97,4022,5.0,3.32
357,339,3.5,3.63
115,1241,1.0,4.39
125,6539,4.0,3.71
381,318,3.5,3.86
387,1291,3.5,4.42
240,339,3.0,4.09
80,85414,4.5,4.11
602,509,1.0,4.06
111,157296,4.5,3.67
125,111743,4.0,3.34
562,2028,3.0,3.97
58,527,5.0,4.96
19,1278,4.0,3.75
239,353,3.5,3.82
247,1196,4.5,4.53
519,356,5.0,3.5
140,3055,3.0,3.93
555,1544,4.0,3.75
182,3812,4.0,2.25
610,129313,4.0,3.1
261,81591,4.5,4.21
424,81591,3.5,3.58
230,52715,2.0,3.02
462,1210,1.0,4.03
495,80463,5.0,3.45
35,50,5.0,4.62
498,47,3.0,3.09
600,440,2.5,3.17
414,720,5.0,1.59
606,4056,3.5,3.19
500,2289,3.0,3.71
520,68157,4.5,3.03
233,1298,4.0,3.48
414,47099,3.5,3.83
609,650,3.0,3.32
62,8984,5.0,3.69
83,1222,5.0,1.44
220,1196,5.0,4.32
603,2540,3.0,3.39
432,50,3.0,4.51
564,90522,4.0,3.62
480,594,3.5,3.81
3,720,0.5,3.84
300,8950,3.0,2.75
606,50842,4.5,4.27
159,5377,2.0,3.54
545,1779,3.0,3.65
199,8528,3.0,2.68
274,3081,4.0,4.42
448,86880,1.5,3.69
74,5893,2.5,4.77
116,1088,4.5,3.77
232,2018,1.5,4.0
339,1231,5.0,4.41
68,8623,3.5,3.6
307,7346,2.5,2.81
198,2338,1.0,4.16
610,31685,3.0,3.65
368,3432,2.0,2.72
331,122882,5.0,3.19
567,95510,2.0,3.47
89,26429,4.0,3.58
202,2951,4.0,3.64
332,89745,2.5,4.04
294,2098,2.0,3.0
199,923,5.0,4.47
183,1220,4.0,3.73
266,1466,5.0,3.43
606,8501,4.0,2.69
19,3704,2.0,2.63
603,121,4.0,3.22
156,3283,2.0,3.6
331,49530,3.5,3.71
111,55276,4.0,3.53
287,2505,1.0,3.98
548,1196,3.5,3.58
555,1198,4.0,4.82
100,2496,4.0,2.56
298,4388,2.0,2.79
610,49932,4.0,2.75
201,2641,3.0,3.54
599,6909,2.5,3.53
156,1960,4.0,3.96
87,2139,3.0,3.61
232,3275,4.5,4.49
387,8574,2.5,3.71
393,6333,5.0,3.68
599,235,3.5,1.75
382,55247,5.0,1.96
318,616,3.5,3.12
365,4993,3.5,3.66
428,2581,2.0,3.21
63,10,3.0,3.86
163,1515,3.0,3.43
382,4447,3.5,3.24
450,70,2.0,4.13
357,926,5.0,4.21
192,47,3.0,3.69
266,24,1.0,2.5
599,5556,1.5,2.57
545,2763,4.0,4.53
603,2104,4.0,3.32
314,703,2.0,3.06
475,122886,4.5,3.68
177,71464,2.5,3.87
291,91542,4.0,3.67
590,1196,5.0,4.68
606,640,2.5,3.85
234,2985,4.0,4.03
52,57669,5.0,4.38
190,4886,4.0,4.11
146,880,2.0,3.35
156,2395,3.5,1.91
365,94677,3.0,3.92
382,2687,4.5,4.72
368,2476,3.0,2.9
141,8368,4.0,3.49
415,4958,3.5,2.92
438,2701,2.0,4.05
381,5872,4.0,3.0
140,3555,4.0,3.79
522,3243,1.5,3.06
59,1797,5.0,2.67
376,2115,4.5,4.76
50,104913,2.5,3.86
177,2023,2.0,3.74
62,2571,5.0,3.3
561,115617,3.0,1.96
184,193567,3.0,3.78
274,31427,2.5,3.72
233,5995,4.0,4.17
357,4022,4.0,3.23
244,507,2.0,3.1
83,81845,4.0,4.12
298,4900,2.5,3.59
274,2096,3.0,3.86
448,5055,3.0,4.18
526,318,4.0,2.67
274,5047,4.0,3.05
307,60037,2.0,3.06
577,1090,3.0,4.28
480,4728,1.5,2.82
263,2081,4.0,3.41
520,73017,5.0,3.94
120,141,3.0,3.97
466,4963,5.0,4.0
165,5505,3.0,3.76
19,866,2.0,3.2
592,276,3.0,3.04
438,4019,4.0,3.47
414,1810,3.0,3.47
357,1225,5.0,4.25
326,74458,4.5,3.88
139,5110,2.0,3.62
249,53322,4.0,3.85
600,2291,4.5,3.63
580,2028,5.0,4.41
105,1230,4.0,4.27
263,2006,4.0,2.84
489,5992,3.5,3.72
352,112556,4.0,4.13
202,999,4.0,2.68
561,466,3.5,2.44
489,1727,3.5,3.19
606,5187,4.0,3.05
381,1080,4.0,4.43
109,36,5.0,2.78
610,111759,4.0,3.3
135,593,5.0,4.33
597,2273,4.0,1.95
210,4995,4.5,4.05
305,68157,5.0,3.83
603,1265,5.0,4.5
274,32298,1.5,2.8
217,379,3.0,2.99
480,30793,4.0,3.63
594,587,5.0,4.71
356,2717,4.0,3.97
414,6281,2.5,3.0
365,2804,3.5,3.54
121,380,3.0,3.33
517,3257,4.0,3.16
244,380,4.0,3.68
254,5319,4.5,1.25
599,6734,2.0,1.89
608,589,3.0,3.23
169,5957,4.0,3.2
477,905,4.0,3.8
608,5902,4.0,4.3
448,2890,3.0,3.2
536,329,3.0,4.47
307,44397,1.5,3.35
230,33166,1.5,3.75
357,5620,3.5,4.0
341,2694,4.0,2.6
307,4025,1.5,3.34
103,4016,3.5,3.66
452,1717,5.0,2.65
263,2987,3.0,3.68
582,81229,4.0,3.38
532,1721,5.0,3.87
559,588,4.0,3.43
599,50,3.5,4.17
448,2990,4.5,4.62
274,27801,4.0,2.57
28,349,3.0,3.24
298,6537,3.0,1.87
307,49530,4.5,3.29
110,2468,3.0,3.83
200,357,4.0,3.88
313,2640,3.0,3.2
522,8784,2.0,2.64
33,1060,5.0,4.08
206,7,4.0,3.48
336,2699,3.5,2.64
382,8643,2.5,3.88
318,108928,3.0,2.89
528,106782,4.0,4.52
483,1591,3.5,2.94
391,368,4.0,3.11
448,140110,2.5,4.24
425,1625,4.0,4.4
380,36529,5.0,2.9
278,54272,5.0,3.44
219,3717,2.5,3.74
493,876,5.0,4.13
552,3421,4.0,4.21
590,2424,3.0,3.41
68,2571,4.5,4.73
414,1513,3.0,2.75
81,589,5.0,3.14
362,60684,4.0,4.0
199,3256,3.0,4.54
219,10,4.5,3.63
465,3334,5.0,3.79
412,1284,5.0,4.01
603,2469,1.0,1.44
68,2001,3.0,3.17
573,2985,4.5,2.93
199,8983,3.5,3.2
288,1665,3.0,3.0
517,2384,4.5,2.13
448,101360,1.5,2.47
332,1296,3.5,4.13
608,2294,4.0,3.02
438,7376,3.0,3.17
599,542,2.0,3.33
283,1641,2.0,2.72
280,80463,3.5,3.33
249,27801,4.0,3.78
93,1356,5.0,3.5
159,45720,4.0,1.57
448,5009,2.5,3.78
477,3671,4.5,2.92
409,3244,4.0,2.14
590,592,3.5,4.05
268,1234,4.0,4.52
265,2529,4.0,4.0
528,51037,3.5,3.65
249,122918,4.5,4.23
596,134130,4.0,3.26
414,8360,4.0,2.28
409,296,5.0,4.54
414,7137,3.5,4.14
433,74458,3.0,4.45
318,33004,4.0,3.15
287,1753,3.0,2.04
509,4700,3.5,3.0
298,6586,2.5,3.07
52,55363,3.0,3.02
57,1616,3.0,4.08
435,216,5.0,3.43
561,78105,3.0,3.54
249,93563,3.0,3.9
489,39,3.5,3.76
174,485,3.0,4.79
374,595,3.0,3.82
512,349,3.0,1.98
580,7842,4.5,2.07
156,4014,1.5,3.42
174,186,3.0,4.03
156,8128,4.0,3.32
534,1876,4.0,4.26
414,45635,3.0,1.6
474,36276,3.5,2.51
474,6947,3.5,3.35
21,296,3.5,3.71
306,35836,2.5,3.22
51,6708,5.0,3.63
68,6659,3.0,4.64
356,2359,4.0,3.16
514,160571,3.0,2.84
522,8874,4.0,2.96
287,2710,1.0,3.35
73,54503,1.5,3.27
414,2236,4.0,3.32
61,1213,4.0,4.14
479,31,3.0,4.15
586,167036,4.0,3.7
274,48,2.0,3.78
232,58998,4.5,3.85
509,136838,2.5,2.75
542,1997,1.5,3.67
307,3252,3.0,2.84
239,2023,4.0,4.21
561,94864,2.0,3.87
419,69860,5.0,3.36
66,1073,4.5,2.5
125,149146,4.0,3.97
424,79132,2.5,3.87
381,7004,3.5,3.26
249,1079,4.0,4.66
287,4903,1.0,3.6
140,1961,4.0,3.4
249,99117,2.5,3.85
483,2700,4.0,3.0
170,110,4.0,4.19
517,46530,2.5,2.91
572,1954,4.0,5.0
603,21,5.0,3.6
244,3020,2.0,2.9
84,1184,3.0,4.26
597,2770,2.0,2.88
414,93840,4.5,4.57
588,350,3.0,3.45
218,1198,4.0,4.47
91,2097,2.0,3.18
136,153,3.0,2.75
414,5673,5.0,4.06
44,12,1.0,3.68
610,924,4.5,3.64
462,82857,4.5,1.46
489,94130,3.5,3.41
160,5903,3.0,4.2
19,673,1.0,3.02
84,1244,4.0,4.72
182,1196,3.0,3.9
220,3421,4.5,2.98
380,8361,3.0,3.64
419,5480,0.5,3.43
452,1617,5.0,3.94
225,1136,3.0,4.27
290,3435,5.0,2.21
66,1027,3.5,3.15
597,2539,3.0,2.54
542,1784,3.5,3.66
420,2186,4.0,3.46
606,30707,4.0,3.54
552,3911,4.0,3.83
391,3503,5.0,4.17
555,1962,5.0,2.98
18,356,4.5,4.33
366,109487,5.0,4.13
177,1283,4.0,3.98
151,743,4.0,3.46
448,2788,4.0,4.11
29,1250,5.0,3.69
274,81932,4.0,3.7
129,6218,4.5,3.0
606,198,4.0,3.53
494,1201,4.0,4.51
514,4564,2.0,3.21
199,1214,4.0,3.17
95,3994,3.0,3.83
73,5299,3.0,4.0
414,1625,4.0,3.14
182,3752,3.0,3.29
7,5349,3.5,3.43
323,440,2.5,3.57
367,928,4.0,3.89
524,748,4.0,3.66
307,3114,3.0,3.56
8,432,1.0,3.98
275,4901,3.0,3.37
351,92422,3.5,2.02
109,32,4.0,3.2
425,7143,3.5,3.25
33,2336,2.0,3.94
182,3729,4.0,3.49
315,1949,3.0,4.18
414,80969,4.0,3.96
477,3462,4.0,3.99
460,54259,4.0,3.69
420,3147,4.5,4.45
246,6618,4.0,3.31
286,7438,5.0,3.53
608,588,3.0,2.57
325,3015,4.0,3.49
607,2253,3.0,2.48
330,3793,4.0,2.32
140,210,3.0,3.84
169,6155,4.5,3.51
64,4886,4.0,4.02
381,6659,1.0,4.3
610,60684,3.5,3.37
391,2248,4.0,2.68
408,119145,2.0,4.24
462,2527,4.0,3.82
249,65810,3.0,2.63
414,1100,3.5,4.34
606,2000,2.5,3.25
64,2683,4.0,3.66
599,55116,2.5,4.1
202,2421,3.0,4.18
290,910,5.0,4.66
596,52722,2.5,2.69
298,56715,3.0,3.54
60,2150,4.0,3.68
474,5755,2.0,3.5
605,1411,3.0,3.49
7,32296,2.0,3.1
419,1876,4.0,3.17
68,1729,3.0,2.35
125,62336,4.5,3.71
477,2174,3.0,4.06
573,1391,1.5,3.3
391,2171,3.0,2.54
305,4639,4.0,2.81
122,60074,3.5,3.52
414,1343,4.0,3.53
608,6827,0.5,2.85
387,8199,4.0,3.87
596,141749,3.5,2.78
292,111360,2.0,2.55
16,1089,4.0,4.07
249,143365,2.5,3.82
448,155743,2.0,2.7
599,8860,3.0,2.71
414,262,4.0,4.21
607,2398,5.0,3.84
199,3362,4.0,4.0
306,4720,3.0,2.68
464,16,4.5,3.72
210,2716,4.5,3.1
599,1243,3.0,4.05
292,101864,4.0,2.87
387,4298,4.5,4.29
254,8874,3.5,4.12
414,48412,2.5,4.09
593,539,4.0,4.41
462,2693,4.5,3.09
195,434,3.0,4.0
19,2701,1.0,2.78
517,1955,2.5,2.28
534,5952,4.0,3.89
352,2329,4.5,4.62
105,68554,4.5,4.16
298,112556,3.0,4.54
68,86880,1.5,3.05
365,27706,2.0,3.69
249,128360,4.5,3.47
105,31658,4.0,4.59
268,2599,4.0,4.42
368,2404,2.0,2.67
328,608,5.0,4.26
465,2571,4.0,3.93
599,3511,0.5,3.3
561,8371,2.0,3.57
177,106696,5.0,2.93
524,1250,4.0,3.19
280,2105,2.0,2.97
18,64839,3.5,2.83
307,8873,4.5,4.28
202,2344,4.0,3.73
477,1208,5.0,4.1
380,70361,3.0,2.94
590,7458,3.0,3.81
480,1393,4.0,4.05
274,76175,3.0,2.28
7,49272,4.5,4.17
462,25788,3.5,3.61
331,7153,4.5,3.92
432,480,4.5,3.95
448,95307,2.0,3.63
2,89774,5.0,3.11
226,6796,4.0,4.37
135,3476,4.0,3.74
40,329,3.0,3.25
594,31433,4.5,3.24
64,647,3.5,3.99
414,61132,4.0,2.97
387,367,3.0,2.38
132,3882,2.5,3.51
608,423,3.0,2.89
307,5452,1.0,1.53
95,1042,4.0,4.52
356,349,3.5,3.56
483,1717,2.0,3.32
331,116797,4.0,4.35
561,7361,3.0,4.01
563,129354,3.0,3.26
393,1199,5.0,5.0
489,2739,4.0,2.86
307,47,4.0,4.03
526,7147,4.5,4.06
307,58287,1.0,3.58
73,102407,3.5,2.95
163,1784,4.0,3.07
234,4022,4.0,3.48
610,377,5.0,3.45
600,2936,5.0,3.95
279,5952,5.0,3.92
483,30707,4.0,4.02
21,106491,3.5,3.49
600,5943,3.0,1.83
434,736,2.5,3.83
414,7458,4.0,3.35
43,7,5.0,3.77
490,69757,4.0,4.39
484,5135,2.0,4.31
322,4027,3.5,4.12
380,1234,5.0,3.72
111,54732,3.5,4.04
474,222,4.0,3.74
380,6936,3.0,3.53
368,2990,3.0,3.07
249,904,3.5,4.14
448,104078,4.0,2.22
600,1247,3.5,3.65
103,1610,3.5,4.53
603,2023,2.0,4.0
525,3897,4.5,4.08
290,2937,4.0,3.96
522,97304,2.5,3.87
312,1391,4.0,4.17
76,48,0.5,2.88
448,55765,4.0,3.43
488,3451,5.0,3.61
221,492,4.5,2.88
238,4498,4.0,3.87
298,3698,2.5,2.0
555,466,2.0,2.6
50,107565,1.5,3.27
402,736,3.0,4.02
115,3499,5.0,4.19
483,2291,4.0,4.09
99,150,5.0,4.31
414,3261,4.0,3.0
84,102,1.0,3.32
534,54503,3.0,3.41
249,4247,3.0,3.64
474,1035,5.0,3.47
586,166643,3.5,3.16
453,2335,4.0,4.46
332,431,3.5,1.18
346,3910,3.5,3.28
599,5337,3.0,3.32
6,494,3.0,3.54
280,2052,4.0,1.85
226,4215,2.5,3.78
610,60074,3.0,3.3
232,2501,4.0,2.37
20,2081,5.0,3.91
139,5013,3.0,3.89
448,2796,3.0,3.6
480,3037,4.0,3.48
70,91077,4.0,2.3
466,74458,4.5,4.4
287,551,4.0,3.41
380,32456,4.0,3.61
414,1208,5.0,4.87
125,62434,4.5,4.19
230,2710,3.0,3.65
234,1359,4.0,3.96
153,2378,0.5,2.94
448,5060,4.0,3.96
103,784,3.0,3.29
105,6187,5.0,4.13
555,216,3.0,4.02
201,1573,4.0,4.15
274,78088,3.0,3.12
597,1748,3.0,3.64
255,3501,1.0,2.57
274,61132,3.5,4.15
480,32291,4.0,2.66
91,3421,3.5,4.16
105,110586,4.0,3.94
91,7454,2.0,3.02
365,6874,2.5,4.11
68,55267,3.0,4.41
107,432,4.0,3.35
339,1219,4.0,4.41
239,2628,3.5,3.47
483,56339,4.5,4.11
414,2411,3.0,2.8
57,1858,3.0,2.9
599,2525,2.0,3.5
186,2968,3.0,4.1
256,173,5.0,3.93
448,90343,2.5,3.21
288,273,2.0,2.85
275,4873,2.0,3.51
91,349,3.0,3.73
318,105250,4.0,3.66
211,1223,3.5,3.94
577,1253,4.0,2.45
380,2871,4.0,3.53
274,2325,1.5,4.3
448,50,4.0,3.66
580,4148,4.0,3.01
84,277,3.0,3.57
249,4979,4.0,3.91
590,63082,4.5,3.96
395,172,4.0,3.55
522,780,3.5,3.72
414,112852,4.0,4.29
204,59604,4.0,2.65
247,1022,2.0,3.74
601,3000,4.0,3.68
199,1590,2.0,2.86
315,1084,4.0,4.52
232,69844,3.5,4.09
41,2959,4.0,3.5
56,786,4.0,2.7
511,115149,4.0,4.53
464,367,2.5,3.02
474,7190,3.5,3.38
365,105213,3.5,3.68
42,4679,4.0,2.34
80,2959,5.0,3.91
303,1358,5.0,4.17
41,53519,0.5,1.43
551,79132,4.0,4.78
560,79702,2.5,3.66
608,7137,4.0,3.43
448,3418,3.0,3.57
186,3516,4.0,3.68
610,102125,5.0,3.75
519,1704,5.0,3.3
42,2628,3.0,3.75
27,2161,4.0,3.99
414,5416,5.0,3.0
610,87876,2.5,2.95
332,3160,4.5,4.04
93,590,5.0,3.95
169,4963,4.5,4.44
315,924,3.0,3.72
318,5137,3.5,2.91
318,30812,3.5,3.78
600,2657,4.5,3.23
50,1,3.0,4.24
414,3740,5.0,3.66
28,6867,4.0,3.41
480,39381,4.0,1.84
298,105844,2.5,3.53
534,69805,4.0,3.89
484,8950,3.0,2.89
381,3157,2.5,4.46
220,60069,5.0,3.33
474,892,3.0,3.95
599,119218,2.5,3.65
351,64622,3.5,3.93
438,5093,2.0,1.53
610,142366,3.0,3.2
380,26585,4.0,3.97
119,1270,4.0,4.76
19,289,2.0,3.19
304,954,5.0,3.43
103,139642,3.5,3.77
515,168252,5.0,3.91
376,912,4.0,4.13
370,2502,4.0,2.92
599,6723,2.0,2.56
610,103228,4.5,3.15
219,61348,0.5,2.7
274,1345,3.5,3.4
517,916,3.0,4.09
362,6,4.0,3.3
597,1906,3.0,3.58
207,2707,3.5,4.54
509,111659,3.5,3.05
437,81,3.0,2.78
446,733,3.0,3.0
448,316,3.0,3.16
117,296,4.0,4.16
137,1293,4.5,3.54
233,648,3.0,2.9
474,638,3.0,4.22
406,261,4.0,3.73
469,1257,4.0,4.51
141,2028,4.0,3.75
298,8914,4.0,1.99
391,4901,3.0,2.58
263,4994,3.0,4.39
356,60293,5.0,4.04
382,2671,3.5,3.45
509,4519,3.0,3.29
446,592,3.0,4.0
76,51662,3.0,3.17
18,1234,4.5,3.91
6,179,1.0,2.89
216,2926,3.0,3.56
96,110,5.0,4.98
474,25952,4.0,3.21
182,4389,5.0,2.27
57,1275,5.0,3.83
103,1348,4.0,3.89
89,53460,3.5,3.25
221,32584,3.0,4.0
93,34,5.0,4.18
76,5956,3.5,3.99
45,1307,3.0,4.04
599,6709,2.0,4.79
200,8638,1.0,2.47
202,2411,2.0,3.36
474,6662,2.5,3.68
274,1882,1.5,4.52
376,150,5.0,4.07
140,1198,4.0,3.57
147,186,1.5,2.69
600,6100,4.0,3.15
279,541,5.0,3.81
199,5574,1.5,4.26
555,4084,3.0,3.2
328,1968,2.5,3.78
104,1253,3.0,4.32
21,108156,3.0,3.34
387,5265,3.0,3.1
387,906,3.5,4.0
249,2485,3.0,4.87
361,49278,4.0,2.9
365,142222,1.5,3.35
105,3307,5.0,4.09
513,6145,2.0,2.29
505,70293,2.0,3.19
57,1127,4.0,3.9
380,5507,3.0,3.7
223,7541,3.5,3.78
448,7016,1.0,3.46
198,1394,1.0,4.05
17,1259,4.0,3.92
186,1931,5.0,3.72
83,1653,3.5,3.12
372,318,5.0,4.32
610,91658,4.0,3.2
52,68954,4.0,4.36
363,1552,3.0,2.86
560,105213,2.5,3.44
141,34162,3.5,3.25
527,1968,5.0,4.4
606,26777,4.0,3.03
354,225,3.5,3.43
274,41566,2.5,3.63
298,103772,3.0,3.43
395,616,3.0,3.26
111,2718,4.0,2.74
474,2726,4.5,3.75
314,7,4.0,3.19
212,122886,3.5,4.06
91,3984,3.5,2.79
522,89492,4.0,4.25
610,3481,4.0,3.68
318,160563,3.5,3.63
217,1101,4.0,2.3
268,2064,2.0,4.84
314,924,5.0,3.71
597,2028,5.0,3.56
178,1810,4.5,4.36
359,2987,3.5,3.24
372,316,5.0,3.86
292,79702,2.0,3.07
159,339,3.0,2.3
286,356,4.5,2.14
346,32179,4.0,2.87
307,4885,2.0,3.47
319,139385,4.5,3.88
484,48,4.5,3.5
596,1214,4.0,4.32
361,260,2.0,3.58
331,54259,3.0,3.25
483,3699,3.0,2.62
564,1923,4.0,3.44
357,69757,3.5,4.2
432,364,5.0,2.72
294,1373,3.0,4.0
84,164,4.0,3.53
462,500,0.5,3.09
324,3897,4.0,2.85
314,500,3.0,4.26
438,379,3.5,4.39
151,761,1.0,3.41
156,2926,3.0,2.83
434,231,4.0,1.76
474,2787,2.0,2.89
510,34148,3.0,2.57
159,49286,2.0,4.04
318,86377,4.0,3.75
84,628,4.0,2.4
573,3753,4.5,4.15
421,61132,0.5,3.19
40,434,3.0,3.0
232,76251,4.5,4.24
159,46976,1.0,4.43
232,6541,3.0,4.09
299,3499,5.0,3.17
493,3793,3.0,3.29
122,2542,5.0,3.57
560,3949,4.0,3.52
39,2947,3.0,3.31
462,2762,2.5,4.68
182,3717,2.5,3.33
474,6376,2.5,3.68
555,1968,5.0,2.71
38,203,3.0,4.18
610,1213,5.0,4.46
391,110,5.0,4.35
100,916,4.5,4.17
600,2122,3.0,2.85
6,440,4.0,1.89
380,115149,5.0,4.0
414,5810,4.0,3.71
21,117368,3.5,3.06
474,230,3.5,3.66
477,7439,3.0,4.14
562,2396,4.5,3.39
525,41571,3.5,4.01
187,3160,4.0,4.19
414,2987,4.0,3.33
226,150,4.5,4.08
393,106642,5.0,4.17
363,50,4.0,3.91
1,1198,5.0,4.91
600,4361,4.5,2.67
314,50,4.0,4.18
600,1034,2.5,2.79
600,337,4.0,2.88
474,40819,4.0,4.57
603,549,4.0,3.47
479,5365,4.0,2.67
263,34,4.0,3.41
599,2470,3.5,3.0
62,136020,4.5,2.27
446,236,3.0,3.37
105,108727,4.5,3.72
232,42011,3.0,2.83
298,27904,3.0,4.12
198,5445,5.0,3.04
597,1964,3.0,3.71
448,1863,3.0,3.71
590,69122,3.0,2.96
160,1037,2.0,2.76
385,215,3.0,3.45
274,3986,4.0,3.24
414,2253,1.0,3.25
298,4979,3.0,2.58
22,6711,4.0,3.56
599,1517,3.5,3.52
249,53125,3.5,3.58
218,2302,2.5,3.78
332,2959,4.5,4.23
517,597,3.0,3.69
554,307,5.0,4.61
599,6548,1.5,3.81
318,3266,3.5,3.09
432,4023,4.0,2.94
68,231,3.5,4.09
33,1784,2.0,3.71
177,94478,3.0,3.17
260,6283,3.5,4.18
381,51698,3.5,3.97
387,2617,1.0,3.44
202,919,4.0,4.94
97,3578,4.0,3.74
187,27912,4.0,3.99
156,2712,4.0,2.7
117,804,3.0,3.57
307,8814,2.0,3.0
464,74727,5.0,3.29
146,830,4.0,3.21
606,32234,4.0,2.81
160,3702,1.5,3.0
414,25,3.0,2.5
524,457,5.0,3.47
144,32,4.0,4.0
298,3254,2.5,2.99
275,1136,5.0,4.12
19,2793,2.0,2.38
288,3494,4.0,3.63
534,2947,4.0,3.91
603,2356,1.0,3.85
263,2918,3.0,3.18
61,7153,4.5,4.5
570,2763,3.0,4.0
610,133832,3.5,3.58
325,190,5.0,3.57
105,905,4.0,4.19
98,63992,2.0,1.95
438,832,4.0,3.04
298,26903,2.5,3.68
129,253,3.5,2.72
239,5679,2.5,3.21
604,588,3.0,3.28
144,2571,4.0,3.75
590,59315,3.5,4.44
610,160341,2.5,3.67
580,3081,4.0,3.99
202,592,3.0,4.9
474,3681,3.5,3.79
462,34048,1.5,3.17
448,102025,0.5,3.3
517,94070,4.5,3.3
91,5294,3.5,2.81
599,176419,3.5,3.3
528,4011,5.0,4.05
298,104374,2.5,2.54
610,110501,5.0,2.68
368,185,2.0,3.02
220,1089,3.5,3.94
305,7153,5.0,2.84
381,55267,4.0,2.52
414,2096,4.0,2.83
7,356,5.0,4.14
555,1909,4.0,3.28
33,32,3.0,3.77
599,163809,2.5,3.28
447,315,4.0,3.5
38,590,4.0,4.0
62,168252,5.0,4.09
480,608,4.0,4.09
292,80463,4.0,2.46
380,6952,3.0,3.75
49,1097,4.5,4.04
268,1840,3.0,3.03
102,3,5.0,3.89
185,5377,3.0,3.24
111,4308,2.5,3.38
573,1573,4.5,3.26
68,1243,1.0,4.45
483,1589,2.5,2.64
317,110,5.0,4.48
20,3159,5.0,2.66
352,104879,5.0,3.55
177,585,2.5,3.27
594,6754,5.0,2.82
220,1036,5.0,3.92
480,46530,3.0,3.38
111,63131,4.0,3.89
239,3994,4.5,2.75
480,953,4.0,4.3
91,2137,3.0,3.67
326,97,3.5,3.27
304,11,5.0,3.87
561,5418,4.5,4.38
105,120466,4.0,4.12
18,1221,5.0,4.5
525,2,3.5,4.09
574,434,4.0,3.44
10,109374,0.5,3.15
171,720,5.0,4.07
136,145,3.0,3.27
599,68952,2.5,3.88
294,260,5.0,3.0
610,66943,3.5,2.78
468,410,3.0,3.86
483,1917,3.0,3.25
274,5481,2.5,3.04
438,5080,1.0,2.92
276,1367,4.0,3.41
226,5501,1.5,3.29
318,39292,4.0,3.94
249,4701,4.0,3.46
223,5349,4.0,3.79
509,110102,3.5,4.49
380,5364,3.0,1.79
365,122904,3.5,3.57
308,4963,1.0,3.54
274,6879,3.5,2.87
132,2424,3.5,2.91
132,1042,3.0,3.62
608,3484,3.0,3.31
139,5400,1.5,3.17
67,293,5.0,3.57
430,318,5.0,3.4
15,3147,5.0,2.89
607,724,4.0,2.7
527,1372,4.0,4.24
334,52952,3.5,3.78
68,7320,3.0,3.96
177,4018,3.0,4.16
91,3882,2.0,2.32
477,296,4.5,4.0
294,1641,2.0,3.6
369,934,3.5,3.3
414,3225,1.0,3.37
166,6377,4.5,3.75
68,3675,4.0,4.13
66,586,3.0,2.0
239,2840,3.5,3.68
177,60126,3.0,3.21
489,733,3.5,4.83
164,1356,4.0,3.09
22,5816,0.5,4.06
354,3578,3.5,4.14
305,56367,5.0,4.38
68,6944,4.5,4.27
492,818,3.0,3.5
19,597,3.0,4.18
480,8958,4.0,2.61
305,2791,5.0,3.46
264,653,2.5,3.51
182,6305,4.5,3.05
434,110,4.5,3.75
282,780,3.5,3.0
483,5309,2.5,2.52
380,6979,3.0,3.21
95,3702,5.0,4.76
202,1240,4.0,4.94
356,5792,5.0,3.49
141,122904,5.0,3.86
80,4886,4.0,3.06
610,6003,4.0,4.2
89,151739,2.0,3.48
408,122904,3.5,4.23
29,1100,3.5,3.74
564,106330,2.0,2.01
480,5782,4.0,3.54
68,6879,3.5,3.64
230,6365,4.0,3.37
534,104129,4.5,2.29
533,1997,5.0,4.18
28,16,2.5,3.05
448,6888,1.5,4.35
124,1405,4.0,3.63
368,2819,3.0,1.2
241,2160,2.0,4.02
270,9,3.0,2.81
184,117887,4.5,2.5
279,480,4.0,4.07
288,587,3.0,3.05
304,1587,2.0,2.67
19,2606,4.0,1.79
469,2023,3.0,4.0
124,2353,3.0,3.63
414,2006,2.0,3.57
354,48516,4.0,4.36
292,32,2.0,3.77
82,1221,3.0,2.29
330,6460,4.5,3.51
305,80489,4.0,3.71
355,900,5.0,4.82
379,316,3.0,4.44
125,56174,2.0,3.87
606,5952,4.5,4.21
504,3408,3.5,1.42
414,1277,5.0,4.47
210,189547,1.0,3.17
479,3041,1.0,2.03
310,4963,4.0,3.53
232,69306,3.5,3.5
159,3252,1.0,2.06
534,112897,4.0,3.44
599,55290,3.0,3.26
523,37729,5.0,3.69
163,1717,3.0,1.67
91,8368,4.5,4.13
301,8360,4.0,2.64
62,58559,5.0,4.54
357,1593,4.0,2.62
232,70334,3.5,2.8
562,6323,4.5,3.6
64,6323,3.5,3.03
240,420,4.0,2.95
177,2053,2.0,2.93
36,1094,1.5,3.55
468,253,4.0,2.85
456,802,4.0,3.74
20,1380,5.0,2.75
226,5015,2.5,3.27
290,1231,4.0,3.77
606,41566,3.5,3.91
105,4018,3.5,3.87
222,4974,2.5,4.19
318,1961,3.5,2.43
10,129428,3.5,4.14
373,594,5.0,4.46
549,260,2.0,3.77
270,653,2.0,3.17
516,1198,4.0,4.62
221,4338,4.5,2.93
414,37384,3.0,2.59
469,3095,4.0,3.98
600,353,3.5,2.32
348,2019,5.0,4.52
307,2003,2.5,3.58
380,8865,4.0,3.28
453,2424,4.0,2.06
567,127298,3.5,3.66
599,6832,3.0,2.08
607,3020,5.0,3.64
525,147378,3.5,2.68
68,1201,3.5,3.6
599,40578,3.0,3.14
288,2797,4.0,2.71
256,3785,4.0,3.59
217,1380,3.0,3.32
599,2586,0.5,2.98
274,2706,3.5,2.7
448,113225,3.0,2.78
483,2843,4.5,3.7
246,3863,5.0,1.66
304,1717,3.0,2.34
285,1285,2.5,2.81
64,1217,5.0,4.5
606,39292,4.5,3.34
219,3175,2.0,3.66
103,69140,4.0,4.65
509,26776,3.5,3.97
432,71902,3.5,2.7
448,72405,2.0,2.89
606,31410,3.5,3.3
599,86142,3.5,4.07
489,61160,1.5,4.37
272,4993,2.0,3.51
318,97860,4.5,1.41
244,1573,2.0,3.47
232,47518,3.0,3.05
182,1228,4.5,4.85
273,180,4.0,3.54
18,8798,4.0,3.98
597,1227,4.0,4.46
21,2717,4.0,2.79
414,84152,4.0,3.9
448,5308,4.0,2.63
202,357,4.0,4.15
73,86833,5.0,3.65
182,1193,4.0,4.15
135,2746,4.0,3.92
410,4334,5.0,4.0
610,88163,4.0,3.54
132,2858,4.5,4.0
221,34048,2.5,2.73
474,2723,4.5,1.78
68,1416,1.5,3.45
534,8984,2.0,4.28
361,1580,3.5,2.86
567,903,0.5,3.64
105,356,3.5,4.42
428,2985,2.0,3.46
469,2731,4.0,3.73
294,470,1.0,2.57
40,44,3.0,3.69
62,89745,4.0,4.08
462,60333,4.0,2.7
599,3552,3.0,3.11
369,2371,2.5,2.57
275,2819,5.0,2.67
132,3081,3.0,3.5
199,56274,3.0,3.81
275,235,5.0,4.65
63,5464,4.0,3.52
200,3210,4.0,3.78
19,911,3.0,4.14
475,56171,5.0,4.11
376,1584,4.5,3.64
318,55765,4.0,4.34
344,2916,5.0,3.26
55,27831,5.0,3.6
89,86833,1.5,4.02
174,370,3.0,3.62
368,1515,2.0,2.26
597,1222,5.0,4.12
266,2288,4.0,3.44
328,8464,3.0,3.12
555,2240,3.0,3.67
191,348,5.0,4.87
187,50,4.5,4.43
306,142997,3.5,2.55
438,7143,4.5,3.56
249,77561,3.5,3.22
288,5881,3.5,2.76
132,2699,1.5,4.64
267,2858,4.0,3.5
414,54999,3.0,3.63
211,32587,4.0,4.0
560,133771,4.0,3.45
414,7090,4.0,3.48
599,438,2.0,1.95
596,4226,4.5,2.65
18,34150,3.5,3.14
424,104879,5.0,3.77
514,2915,4.0,4.17
52,64620,4.0,4.11
33,293,4.0,4.81
198,1247,3.0,4.78
474,2174,3.0,3.69
599,2161,4.0,2.98
357,440,3.5,3.9
274,2174,3.5,4.21
414,76763,3.5,3.45
599,3827,2.0,1.27
474,8207,4.0,3.71
484,2959,5.0,4.36
209,2762,4.0,4.08
424,1968,3.5,2.97
342,1959,3.0,4.48
596,98124,3.5,3.16
268,2511,5.0,3.25
290,227,3.0,2.69
489,2797,4.0,4.0
42,223,5.0,4.28
19,1461,3.0,3.12
195,1732,4.0,3.35
560,260,4.0,4.4
570,920,2.5,2.77
308,58559,4.0,4.68
313,3740,5.0,4.01
82,5459,4.0,2.98
73,52973,4.0,4.08
609,833,3.0,1.9
274,34319,3.5,3.94
51,7757,3.5,4.05
28,593,2.5,4.0
178,2329,5.0,3.81
23,7099,4.0,3.78
288,2944,3.0,3.61
215,778,3.0,2.91
199,2997,4.0,3.82
274,79695,3.0,3.55
424,32587,3.0,3.45
84,266,4.0,4.33
19,135,3.0,3.07
410,260,3.0,3.67
66,255,0.5,2.64
89,118834,5.0,4.13
509,117529,3.5,3.37
410,3730,5.0,3.99
600,53953,2.0,3.5
408,10,4.5,3.27
318,7206,4.0,4.19
438,4388,2.5,2.94
222,49651,2.0,2.19
247,3949,3.0,3.24
18,92094,3.5,4.02
600,3388,3.5,2.67
32,497,5.0,3.73
104,293,4.0,4.3
477,1556,0.5,3.02
599,5171,2.0,2.43
555,2455,4.0,2.78
525,4054,3.0,2.63
232,4776,4.5,2.76
89,126088,5.0,3.33
301,3578,4.5,4.42
525,318,4.5,2.49
440,1748,4.5,3.02
226,7143,4.0,4.47
414,34336,2.0,3.01
266,541,5.0,4.28
387,3221,3.0,4.12
469,1831,2.0,4.54
274,1707,2.5,3.46
448,1965,2.0,3.36
274,66427,3.0,4.22
73,87232,5.0,4.15
594,1320,3.5,2.34
19,2287,3.0,2.13
489,3969,4.0,3.33
89,2059,1.5,2.78
425,6378,3.0,3.54
28,4344,1.0,2.97
10,33794,5.0,3.13
241,858,4.5,3.83
345,2352,4.0,4.67
561,2641,4.0,3.47
292,4899,3.0,4.07
599,3864,2.0,1.95
105,1244,5.0,3.84
607,891,5.0,3.25
217,2524,4.0,2.91
453,2683,5.0,4.2
133,454,3.0,3.8
105,4308,3.5,4.5
234,4203,4.0,4.04
414,7257,2.5,3.36
312,2762,4.0,3.56
332,1645,3.5,3.67
66,6754,4.5,2.78
599,880,2.5,1.87
197,786,2.0,3.39
357,2028,4.5,3.95
69,296,5.0,3.04
187,2997,5.0,3.72
601,176371,4.0,3.47
410,549,5.0,4.0
474,8385,3.0,3.15
344,2858,5.0,4.14
586,1784,4.0,3.23
232,4343,2.5,3.52
610,3925,5.0,3.74
21,551,0.5,4.05
50,165,3.0,3.93
469,3269,3.0,2.69
6,799,3.0,3.52
102,266,3.0,4.05
279,56782,4.5,3.36
288,2473,2.0,2.29
64,585,4.0,3.18
378,364,4.5,3.65
117,454,3.0,3.65
484,88163,4.0,3.54
103,40815,4.0,3.98
131,858,4.0,3.68
510,1393,3.5,2.53
560,68886,4.0,4.0
517,1079,1.5,3.04
89,99122,3.5,3.38
514,182727,2.0,2.63
241,48780,3.5,4.05
474,6777,3.0,3.81
256,3510,4.0,2.42
58,529,5.0,4.95
606,4428,2.5,4.22
200,1682,3.5,3.99
78,53972,1.5,3.38
474,4215,1.0,3.05
64,1042,3.0,2.88
51,4447,3.0,3.04
247,115713,5.0,3.59
50,175661,1.5,3.15
508,562,2.5,3.04
20,1030,3.0,3.35
294,2642,1.0,2.22
274,57528,3.5,3.04
474,2660,3.5,2.2
51,387,3.5,3.93
240,377,5.0,3.67
587,1234,4.0,4.09
318,133771,3.5,4.22
219,2194,2.0,3.27
335,3911,4.0,2.12
543,59900,0.5,2.65
298,48877,2.0,3.18
305,103075,3.0,3.03
474,4993,5.0,4.29
488,2302,3.0,1.63
509,2572,3.5,3.54
610,3977,2.0,2.89
164,1101,5.0,4.17
401,84944,3.5,4.22
232,5502,4.0,2.98
117,1036,3.0,4.03
608,5401,2.0,3.47
243,161,5.0,3.56
514,597,2.5,4.0
382,59315,4.5,4.57
448,2,3.0,4.13
414,2147,3.0,4.16
274,2004,4.0,3.83
71,1210,3.0,4.73
410,3161,4.0,4.53
105,3968,3.0,4.15
448,90522,2.0,3.34
607,204,3.0,2.85
33,1249,5.0,3.46
362,1222,4.5,4.95
414,2804,4.0,2.37
101,2723,2.0,3.42
552,3,1.0,4.51
492,662,4.0,3.28
478,1073,4.0,3.54
573,44665,4.5,3.86
561,93326,2.0,2.38
45,21,4.0,4.4
288,4587,2.0,2.63
275,750,3.0,3.96
304,1726,5.0,3.51
596,120919,3.0,2.87
380,33164,3.0,4.05
561,136864,2.0,1.78
160,3793,1.0,3.6
17,3435,3.5,2.65
160,111,5.0,3.73
346,1625,2.5,3.82
275,260,4.0,4.0
68,119145,4.0,3.93
28,8633,4.5,3.29
521,14,4.0,3.1
217,2598,4.0,3.81
520,7373,4.0,3.59
202,420,1.0,2.99
274,1193,4.5,4.92
428,150,2.0,3.99
326,1619,5.0,3.93
543,94959,2.0,3.8
63,1923,2.0,4.06
534,2716,4.5,3.57
280,41573,4.5,3.41
414,235,4.0,3.31
303,1240,5.0,2.37
132,64839,2.5,3.88
469,2797,3.0,3.27
198,4886,3.0,3.74
55,1357,0.5,4.11
23,1217,3.5,3.44
219,3972,4.0,3.23
599,2746,3.0,3.47
600,543,2.5,2.54
249,78637,3.5,2.92
359,8533,4.5,3.68
135,2395,3.0,2.99
352,97752,5.0,3.88
484,616,4.0,3.78
57,1676,4.0,3.66
436,257,3.0,3.54
232,2791,3.0,3.91
552,442,1.5,3.95
511,2571,5.0,3.58
535,2692,5.0,2.91
448,45666,2.0,3.03
68,2541,4.0,1.67
132,1307,3.5,3.65
280,51662,3.5,3.79
101,2707,4.0,3.6
590,4489,3.5,2.63
448,1100,3.0,3.65
608,5459,4.0,2.64
307,1136,3.5,3.39
483,410,3.0,3.54
561,134853,3.0,3.35
102,161,3.0,3.0
527,1663,4.0,4.23
603,1224,2.0,3.73
606,48385,3.0,4.15
414,6618,3.0,3.19
275,4034,5.0,3.75
552,2857,4.0,4.2
122,2160,5.0,3.65
594,2000,4.5,4.67
280,356,4.0,3.83
599,1791,3.0,2.73
474,745,4.0,4.82
590,355,2.0,4.58
177,2424,3.0,2.94
474,5876,4.0,3.3
1,1587,5.0,4.33
21,3638,4.5,4.49
19,1345,3.0,2.23
428,260,3.5,4.36
483,2019,4.5,4.05
381,45361,1.0,4.0
414,2986,2.0,3.57
517,49272,1.5,2.34
218,2657,3.5,2.16
607,1982,5.0,4.25
600,663,4.5,2.13
186,3510,4.0,3.63
552,1196,5.0,4.61
414,1024,4.0,4.0
210,4306,4.0,4.2
600,3882,2.0,1.9
172,1210,4.5,4.97
387,4928,4.0,3.14
198,2875,2.0,2.4
305,2288,5.0,3.94
294,355,3.0,4.19
219,6934,2.5,3.01
342,2683,3.0,2.41
462,337,2.5,4.12
373,585,1.0,3.0
42,1088,3.0,3.16
82,2381,2.5,2.07
216,3755,4.0,3.25
39,924,2.0,3.2
425,1590,3.5,2.82
268,2403,2.0,3.53
339,49530,4.0,3.87
6,313,3.0,3.21
156,4027,4.0,4.25
563,111659,3.5,2.74
610,6872,1.0,3.18
590,32,3.0,4.5
603,4815,1.0,2.58
91,288,3.5,2.91
115,3301,4.0,3.98
474,592,4.0,3.92
514,1326,1.5,2.69
130,318,5.0,3.54
19,3693,2.0,2.63
139,49278,1.5,4.01
599,45648,2.5,2.76
512,208,3.0,2.6
448,5954,4.0,3.24
377,62383,3.5,2.78
249,52973,4.0,3.8
380,7387,5.0,3.49
599,122260,2.5,0.84
477,78746,4.0,3.23
221,31692,0.5,3.49
33,150,3.0,4.2
42,2497,4.0,2.62
448,4447,1.5,3.44
199,6365,2.5,4.71
91,589,4.0,3.41
66,1265,3.5,4.07
182,5881,4.0,3.6
521,648,4.0,3.09
165,2019,4.0,4.15
28,2618,3.0,3.55
238,4855,4.0,3.77
111,2694,3.0,2.86
303,2662,3.5,4.1
19,2550,3.0,1.86
216,1269,4.0,4.08
475,1196,5.0,4.65
298,5900,2.5,3.35
28,49530,4.5,3.97
414,2378,3.0,2.1
482,329,4.5,3.86
182,2890,3.5,3.43
28,56587,3.0,3.42
259,153,4.0,4.22
414,46,2.0,3.61
153,117881,3.0,2.95
4,3481,2.0,3.15
312,1342,4.0,3.97
447,480,4.0,3.45
111,3752,3.0,2.43
80,4995,4.5,4.37
130,590,3.0,2.73
448,40278,3.5,3.75
448,86190,3.5,1.85
586,4489,4.0,2.62
610,112727,3.0,3.17
115,3052,3.0,4.35
510,3481,3.5,3.65
577,920,5.0,2.93
453,4334,4.0,3.31
546,1270,3.0,4.91
387,7895,3.5,4.0
273,236,4.0,4.26
599,442,2.5,3.01
124,296,4.5,3.83
137,1262,3.0,3.34
470,208,3.0,2.71
448,104241,3.0,2.31
226,1005,3.0,2.04
244,1480,4.0,3.24
76,31410,4.0,2.72
382,70946,0.5,2.5
385,1240,4.0,3.3
610,8985,2.5,3.99
294,577,1.0,2.96
590,260,5.0,4.89
249,1356,3.0,4.09
464,1101,4.5,2.82
28,6957,3.0,3.24
232,8939,3.0,2.75
421,953,5.0,3.99
401,55768,2.5,3.3
258,122904,5.0,4.15
351,71579,4.0,4.08
260,3424,4.5,4.93
590,3435,4.0,3.62
600,1248,3.0,3.81
500,2572,3.0,4.0
361,34520,2.5,2.41
45,2947,4.0,3.07
57,1641,4.0,3.34
462,593,3.5,3.81
103,87194,3.5,3.37
357,7026,3.0,3.08
132,592,2.0,3.34
222,82459,3.5,3.36
217,1374,3.0,4.0
274,31685,3.5,3.01
307,3448,2.5,1.43
113,3296,5.0,3.88
428,2459,1.0,2.66
63,110102,4.0,3.79
561,8644,2.5,3.6
219,1485,1.5,2.52
84,914,4.0,3.63
610,68205,4.0,2.46
298,1221,3.5,3.86
422,3897,4.0,3.96
125,112552,4.0,4.11
274,2395,2.5,3.78
298,6702,0.5,2.98
599,3950,2.5,3.59
517,1784,3.0,3.94
84,57,3.0,4.03
217,2012,2.0,3.04
590,435,2.0,3.0
139,8371,2.0,3.26
140,2028,5.0,3.8
515,260,5.0,3.72
477,648,3.0,3.17
211,1125,4.0,2.94
556,94780,3.5,3.14
563,61250,1.5,4.43
534,1282,4.5,3.67
380,3703,5.0,4.56
188,2206,5.0,4.8
177,2082,2.0,3.62
474,3134,3.0,3.6
514,1213,4.5,3.98
318,1193,4.0,3.43
281,2694,3.0,3.73
580,5218,4.0,3.91
509,6294,3.0,3.2
105,69122,4.5,4.37
534,52287,4.0,4.25
464,1240,4.0,4.14
474,7018,2.5,3.24
606,5072,3.5,4.26
264,1250,5.0,3.44
19,2184,3.0,3.45
212,2918,2.5,3.72
599,1094,3.0,3.22
249,73431,2.5,3.6
249,67923,4.0,3.53
219,8360,4.0,3.43
317,318,4.0,4.19
542,7451,4.5,4.05
269,648,3.0,3.48
385,383,2.0,2.93
448,1882,3.0,3.13
590,1950,4.0,3.43
608,802,3.0,4.32
339,16,4.5,3.62
84,1295,5.0,4.17
380,136864,2.0,3.96
45,1968,4.0,3.08
356,4226,5.0,4.57
448,115151,2.0,3.17
129,2692,4.5,4.03
448,158872,4.0,2.3
419,111,4.0,4.25
66,2248,4.5,3.99
287,1407,2.5,2.45
474,5440,3.0,3.0
418,85414,3.5,3.56
148,79132,1.5,3.62
474,6385,5.0,3.54
275,2212,4.0,2.58
113,11,3.0,3.69
111,131826,4.0,3.94
111,3897,4.0,3.75
606,7143,4.0,3.9
167,480,3.5,4.0
356,529,4.0,4.01
232,7445,3.5,2.99
301,2378,2.0,2.68
182,6890,4.5,2.85
544,1105,5.0,4.3
111,98203,1.5,4.44
19,3370,2.0,3.43
43,11,4.0,4.39
558,5329,5.0,3.19
307,26680,3.5,3.78
19,849,2.0,3.75
479,3504,4.0,3.05
187,6377,2.5,2.56
298,3511,1.5,1.65
608,173,3.0,3.07
62,68554,4.0,4.14
186,364,4.0,3.23
254,4973,4.5,4.21
132,8874,3.5,2.65
561,50,4.5,3.79
428,1653,3.5,4.23
491,86833,3.5,3.94
33,36,5.0,3.78
165,5464,3.0,4.2
356,2671,3.0,4.16
232,1035,3.5,4.27
129,1210,4.0,3.24
237,44191,4.0,4.08
239,2329,5.0,4.4
28,1221,4.0,3.14
603,3586,4.0,3.21
187,3328,5.0,3.84
274,2076,4.0,3.53
45,5307,3.0,3.2
222,858,4.5,4.5
561,1587,4.0,2.82
357,2067,5.0,4.1
125,1625,5.0,3.88
452,3703,5.0,4.27
509,38038,3.0,3.2
87,3910,4.0,4.17
519,140110,4.0,3.64
514,79132,4.0,4.67
328,6539,3.5,2.8
369,370,4.0,3.0
335,2302,3.0,3.32
339,80139,4.5,2.21
414,5380,4.0,3.7
600,3250,2.5,1.74
251,356,5.0,4.73
232,1370,3.5,3.07
489,39183,4.5,4.03
414,374,1.0,3.96
33,914,5.0,4.8
600,3535,3.5,4.65
457,2701,1.0,4.97
608,2161,3.0,4.0
105,31696,3.5,2.89
414,5004,3.0,4.57
477,2529,3.5,3.39
143,6593,4.0,3.33
414,1610,5.0,3.1
307,8464,3.0,2.3
32,52,3.0,4.24
448,99112,2.5,3.03
567,45880,3.0,3.64
414,209,4.0,2.76
385,1136,4.0,4.33
221,1220,4.5,4.69
318,127298,4.5,2.01
600,575,2.0,1.59
139,3994,2.5,2.92
608,6333,4.0,3.27
19,2027,1.0,3.34
92,327,3.5,2.88
606,3246,4.0,2.3
91,4993,4.5,4.47
474,2187,3.5,4.04
387,3742,3.5,3.63
156,4378,4.5,3.98
480,5679,4.0,2.36
448,2718,3.0,3.72
223,34,1.0,3.88
182,2827,1.5,3.22
266,2428,1.0,3.01
19,2888,3.0,2.48
448,71464,3.0,4.09
493,4438,5.0,4.62
448,2110,4.0,3.65
367,3507,4.0,3.61
140,2334,3.0,3.83
414,1457,2.0,2.82
21,44022,3.5,2.89
510,2791,4.0,3.11
160,2688,0.5,3.5
555,2827,1.0,2.0
597,3019,5.0,3.24
132,673,2.0,2.94
603,2053,2.0,3.0
68,1704,4.5,4.3
599,7481,3.5,4.14
160,2428,1.0,4.1
495,4034,2.5,4.01
373,181,1.0,2.85
89,1080,1.0,3.65
325,2239,5.0,3.45
336,3147,4.5,4.68
259,3910,5.0,3.44
298,51412,0.5,3.7
288,4994,3.5,3.93
280,1393,4.5,4.03
91,2797,3.0,3.92
222,62250,3.0,3.86
317,68237,4.0,4.35
57,2530,3.0,3.52
239,780,4.0,4.5
50,4226,3.0,4.03
177,455,3.0,3.5
474,8542,3.5,3.6
6,569,4.0,2.89
410,2395,4.0,2.58
139,87232,3.5,4.22
524,1196,5.0,4.69
458,225,5.0,4.37
42,2641,2.0,2.73
119,31410,4.0,3.63
217,1806,1.0,3.76
182,4246,3.5,3.88
462,3578,2.0,3.27
363,1961,3.0,3.82
453,2447,3.0,3.04
411,230,4.0,2.27
248,3793,3.5,3.98
434,6333,4.0,3.7
376,457,4.0,3.53
368,1610,5.0,2.37
100,377,4.0,3.35
397,4037,3.5,2.29
305,1197,4.5,4.33
28,1206,2.5,4.22
274,1214,4.0,4.45
428,1479,3.0,2.94
20,1097,5.0,4.5
159,30812,2.0,2.83
113,1244,4.0,3.45
273,364,5.0,3.64
274,4643,2.0,3.05
316,520,3.5,3.23
249,49649,2.5,2.71
419,493,4.0,4.0
68,58299,3.0,3.3
305,3285,3.5,2.38
610,5618,4.0,3.78
455,34,4.0,3.37
298,70663,2.5,1.91
527,30,1.0,3.65
560,128360,3.5,3.36
221,2985,3.0,4.17
105,52281,5.0,3.84
352,84954,2.5,3.86
498,110,5.0,4.52
480,2572,2.5,4.34
288,1660,3.0,3.2
28,4378,3.0,3.25
122,52319,4.5,2.75
323,2803,3.0,3.35
425,1917,3.5,2.38
89,33679,2.5,4.25
585,79132,4.0,4.57
209,2959,4.5,4.79
36,2359,4.5,4.96
600,1198,4.0,4.38
177,4995,4.0,3.87
573,2571,5.0,3.58
68,7254,2.5,3.43
177,3798,3.5,3.24
441,91529,5.0,3.22
206,661,5.0,2.85
582,81834,5.0,4.11
467,2493,4.0,3.2
387,2337,3.5,3.85
432,44759,3.0,3.36
580,2692,4.0,3.78
160,1107,3.5,3.62
105,8665,3.5,4.37
125,6874,4.5,4.38
561,34,2.5,3.08
199,44195,4.0,4.58
462,345,1.0,2.34
414,33493,4.0,2.87
405,1295,4.0,4.55
232,3949,4.5,3.86
225,2406,3.0,3.83
414,48738,4.0,3.84
292,102123,1.5,3.51
64,2450,2.0,4.14
62,87430,3.5,2.39
474,6225,3.0,3.89
580,8361,3.5,3.99
580,34150,3.0,2.09
181,161,4.0,3.26
239,4022,3.5,3.93
380,5971,5.0,3.32
230,2985,1.0,3.12
520,4306,4.0,3.05
418,106766,4.5,4.41
370,2762,4.5,4.03
387,63,2.0,4.0
298,165,3.0,2.46
288,1350,3.0,2.76
105,915,4.0,3.94
217,2253,3.0,3.39
381,54001,4.5,3.78
274,6586,2.5,2.91
34,3717,4.5,4.04
330,1500,2.5,2.41
149,788,4.0,4.04
177,6624,2.0,3.91
599,5548,2.5,2.82
599,1196,5.0,3.83
182,5507,3.5,2.21
586,106487,3.5,3.94
610,27905,3.5,3.18
474,6235,3.5,3.67
249,116823,4.0,3.55
275,4993,4.0,3.56
64,2406,3.5,3.47
515,174055,4.0,4.03
166,1276,4.5,4.3
129,1358,0.5,4.05
82,6,3.5,3.46
274,558,4.0,3.32
380,32019,3.0,3.0
381,2294,3.0,4.41
8,356,3.0,3.94
334,1240,3.5,3.64
258,72641,3.0,3.69
489,7153,4.0,3.21
513,150,4.5,4.18
105,147196,5.0,4.76
68,6711,5.0,3.98
438,4018,3.5,2.92
357,780,4.0,3.63
436,532,3.0,3.98
346,7234,3.5,4.09
425,1387,3.0,3.63
435,3578,4.5,4.17
458,39,4.0,2.92
260,4027,4.0,3.78
339,111,4.0,4.36
64,1258,3.5,3.86
292,1307,3.0,4.35
51,53953,3.5,2.8
414,6323,3.5,3.46
105,5373,4.0,3.44
469,2132,4.0,3.26
344,111443,3.0,2.96
141,115713,4.5,4.19
560,109313,4.0,3.75
249,93831,4.0,4.73
352,1213,3.5,4.54
21,7570,4.5,4.66
232,52328,3.0,3.71
42,4008,4.0,4.31
240,344,5.0,3.01
434,1517,4.0,2.33
474,4022,3.5,2.75
317,4306,4.0,3.28
602,861,4.0,4.53
561,49272,3.0,3.57
565,357,4.0,3.7
91,2723,3.5,3.04
599,3108,3.0,3.68
324,3884,2.0,3.07
256,4018,4.0,3.07
68,3552,4.0,4.19
551,91542,4.0,3.6
288,5040,3.0,2.83
610,3681,5.0,3.55
182,1747,3.5,4.05
108,3072,3.0,3.21
318,3751,3.5,2.61
199,2006,3.0,2.3
266,1784,3.0,3.31
217,720,4.0,2.99
354,1233,4.0,4.02
414,7150,3.0,3.36
51,70,5.0,3.74
477,432,3.0,2.7
555,356,5.0,4.01
91,1917,2.5,4.87
448,79185,1.0,1.44
307,186,0.5,2.69
182,2924,3.5,3.43
599,3863,2.5,1.87
507,47,3.0,4.27
305,2115,1.0,2.71
201,2080,4.0,4.7
436,34,5.0,3.78
606,46965,1.0,2.66
599,704,0.5,2.41
314,327,1.0,3.01
328,1302,0.5,4.76
19,65,2.0,2.51
294,1615,2.0,3.17
411,587,4.0,3.5
428,3081,4.0,3.91
256,520,4.0,4.43
226,2273,3.5,3.32
373,362,1.0,3.77
503,4537,4.5,2.59
57,589,4.0,3.67
7,4223,2.0,2.41
132,7022,3.5,4.72
538,671,5.0,2.61
51,1580,5.0,3.18
159,89864,3.5,4.12
117,186,3.0,2.76
596,49530,2.5,2.46
480,32584,2.5,4.47
58,19,1.0,3.87
517,3398,1.0,2.94
288,2502,3.5,3.43
181,5,3.0,3.44
105,4993,4.0,4.0
187,4967,4.5,4.35
318,6440,3.5,3.0
318,2467,3.5,4.12
140,4963,3.0,3.53
21,7573,5.0,4.7
573,4718,4.5,4.1
377,6656,4.0,3.87
509,26999,3.0,3.7
284,223,5.0,2.89
462,535,4.5,4.16
70,3543,4.0,3.96
342,1799,3.0,3.62
436,587,4.0,3.33
182,3000,5.0,4.75
177,8984,3.5,2.7
610,912,3.5,4.5
605,62970,3.0,3.0
474,1350,4.0,3.64
590,6863,3.0,3.32
428,3555,2.0,3.54
249,38061,4.0,3.86
474,4815,3.0,3.07
501,661,1.0,3.16
279,7153,4.0,3.02
50,903,4.0,3.85
28,3052,3.0,3.05
62,778,4.5,4.1
225,1321,4.0,2.64
414,7165,3.0,3.36
553,1213,5.0,5.0
580,3949,3.5,3.99
300,5995,4.5,3.09
474,7013,4.5,3.17
308,1246,5.0,3.95
227,150,4.0,4.25
398,32,5.0,3.0
83,5903,3.5,4.38
606,1873,4.5,3.38
177,11,3.0,4.39
438,5804,2.5,3.04
387,8972,3.5,3.36
580,1784,4.0,3.58
414,45666,2.5,1.58
597,780,1.0,3.42
270,736,4.0,2.3
298,4447,1.0,2.71
419,57368,4.0,3.05
334,908,3.5,4.5
105,26662,4.0,3.99
42,3253,4.0,3.53
232,55267,3.0,3.0
590,1265,4.0,4.09
569,377,5.0,3.6
24,2115,4.0,3.59
212,168366,4.0,3.93
495,1499,2.5,1.34
603,3783,4.0,2.44
107,434,3.0,2.67
571,1219,4.0,3.02
286,6373,3.0,3.67
368,1127,4.0,3.81
307,2432,2.0,3.74
73,8807,4.0,4.02
233,1089,2.5,4.14
111,181065,3.5,2.96
600,1296,1.5,2.5
474,2797,4.0,1.24
210,122924,4.0,4.04
410,3468,5.0,4.07
509,74677,4.0,3.12
274,2498,2.0,3.93
387,1273,4.0,3.95
564,35836,3.5,3.82
282,3114,4.5,3.82
192,317,3.0,3.22
142,592,3.0,4.65
396,1320,0.5,3.47
288,1101,3.0,1.36
160,788,1.0,3.99
483,1644,1.0,3.09
528,33794,4.5,3.41
235,10,2.0,3.81
290,3007,4.0,3.01
606,4439,3.5,3.98
380,4306,5.0,3.95
274,70,4.5,3.74
288,30810,4.5,3.66
274,3969,3.5,3.46
380,4148,3.0,2.82
597,2108,4.0,4.91
480,32587,4.0,4.46
210,128842,4.0,4.51
347,587,4.0,3.63
562,1240,5.0,4.01
479,2367,2.0,3.39
391,912,5.0,5.0
610,4718,3.5,3.34
217,748,3.0,4.71
410,3925,5.0,4.05
448,3763,4.5,2.85
93,318,4.0,4.07
104,80584,4.0,3.67
66,18,4.0,2.84
587,1135,4.0,3.81
520,61240,2.0,4.25
71,802,5.0,3.48
91,2529,4.0,3.04
149,1334,4.0,3.72
274,7368,3.5,2.2
599,1639,3.5,3.14
368,1686,3.0,3.05
256,56251,4.0,3.74
318,1175,3.5,4.26
217,2151,3.0,3.05
298,2021,3.5,3.11
573,4816,5.0,3.83
408,85510,3.5,2.95
66,4654,3.5,3.05
493,592,4.0,4.3
592,329,3.0,3.5
111,55872,3.0,3.48
599,3937,1.5,2.07
567,3266,5.0,3.3
492,832,5.0,3.48
200,48738,4.0,4.26
448,63131,3.0,3.74
487,2571,3.0,4.16
182,1391,4.0,3.91
309,318,4.0,2.44
219,31221,0.5,2.52
382,98809,4.5,4.62
182,3117,4.5,3.0
205,4896,4.5,3.65
391,2080,5.0,4.53
514,3421,4.0,3.32
599,56286,3.0,3.7
483,56251,5.0,3.96
377,5049,4.0,2.97
599,1499,2.0,3.43
23,334,4.0,2.05
567,97836,1.5,4.18
438,49272,4.0,3.76
262,515,5.0,3.78
559,432,3.0,2.14
480,19,1.5,2.8
564,49286,3.0,3.39
429,300,4.0,4.31
351,5608,4.0,4.05
317,6708,3.0,4.11
603,4056,4.0,3.17
380,1982,5.0,2.74
577,1690,3.0,3.56
448,55768,3.5,3.43
417,1198,2.5,3.72
10,1247,3.0,2.67
16,593,3.0,4.2
352,4306,3.0,4.09
353,296,5.0,4.72
189,3578,4.0,3.0
448,223,4.0,3.9
198,1172,5.0,3.42
489,1961,4.0,3.08
101,2598,2.0,4.16
227,48774,4.5,4.18
305,3527,4.0,4.56
337,1210,5.0,4.05
381,1500,4.0,2.55
382,33660,4.0,2.98
18,122892,3.5,3.7
135,367,4.0,3.39
265,1214,2.0,4.12
600,1029,3.5,2.85
318,3424,3.5,2.75
599,8665,3.0,1.74
68,6297,3.5,4.0
292,253,1.5,2.16
279,115569,4.5,3.57
334,4235,3.5,4.03
167,4369,1.0,3.3
381,4370,3.0,2.66
227,457,4.0,3.48
292,296,3.0,4.48
205,88125,4.0,4.16
434,48774,5.0,2.05
57,1388,2.0,3.93
305,8985,4.0,2.98
610,69275,4.0,3.33
534,67197,3.5,2.52
42,3255,3.0,3.62
526,106920,4.0,3.27
448,7076,4.0,3.88
599,1351,2.0,3.07
539,318,4.0,4.14
139,48780,2.5,3.6
84,1132,4.0,4.28
414,43917,3.5,2.76
215,356,3.5,2.64
564,1968,4.0,4.8
579,3114,5.0,3.77
41,597,3.0,4.86
350,7,3.0,3.63
414,1753,2.5,3.86
567,26743,2.5,2.34
369,2706,3.5,2.3
125,858,4.5,4.53
256,204,4.5,2.71
540,2598,3.0,2.98
524,1200,5.0,4.25
527,3036,5.0,4.14
353,47,5.0,4.33
288,2867,3.0,3.25
517,3599,1.0,3.31
391,1196,5.0,4.3
600,2606,2.0,2.81
45,2329,5.0,4.75
414,54259,3.5,3.18
10,49286,5.0,2.38
216,2788,3.0,3.7
513,110,4.0,3.59
91,3671,4.5,3.92
141,109374,5.0,3.43
140,1090,4.0,3.09
241,3910,5.0,2.89
514,2918,4.0,4.09
69,1266,5.0,2.82
391,3000,4.0,4.43
34,3624,4.0,2.05
103,77561,0.5,3.84
511,68954,4.5,3.92
249,46723,4.0,3.4
239,4776,4.0,3.34
599,5903,2.5,4.2
182,1370,3.5,4.69
592,303,3.0,3.46
20,3793,3.5,3.64
217,2779,3.0,3.0
36,1892,3.5,3.73
247,5989,3.5,3.84
414,1101,5.0,4.41
474,8530,4.0,3.74
274,3968,3.5,3.59
265,2364,2.0,3.74
577,2146,4.0,2.52
372,1390,4.0,3.95
256,4701,4.5,3.77
351,51662,4.0,3.31
338,122912,1.5,2.36
499,4642,5.0,3.09
18,53972,3.0,2.58
111,719,4.0,4.14
462,148626,3.5,4.66
332,3470,4.0,3.9
559,783,4.0,4.23
181,1082,3.0,2.71
605,1367,3.0,3.88
490,54272,3.0,3.93
387,4553,3.0,3.35
274,968,3.0,4.31
322,2052,2.0,3.08
137,1301,4.0,4.75
599,892,3.5,3.19
568,3053,4.0,2.89
309,973,4.0,4.77
365,216,3.5,3.45
50,92046,3.0,4.14
100,6377,4.0,3.66
571,2288,2.0,3.75
599,1015,1.5,2.05
247,2329,3.0,4.02
307,32031,2.5,1.54
247,40815,2.0,3.78
477,1193,4.5,4.11
274,6464,3.5,2.55
222,102686,3.5,3.5
590,4262,4.5,2.95
105,111622,4.0,3.95
289,16,4.5,2.68
169,1777,4.0,3.16
414,2513,2.0,4.44
426,4306,4.5,2.24
409,3813,4.0,3.87
462,179813,4.0,3.66
389,32,4.0,3.32
414,3070,4.0,3.87
220,223,5.0,4.04
133,377,3.0,3.22
514,84772,3.5,3.24
605,56171,3.0,2.91
436,485,3.0,3.39
249,4489,3.5,3.17
169,3421,4.0,3.02
4,3897,4.0,3.52
73,2706,3.5,2.96
380,3979,2.5,3.34
42,1090,5.0,3.3
304,1240,5.0,2.63
387,1025,3.0,2.62
368,3173,3.0,3.69
42,1722,5.0,3.9
288,6303,3.5,4.08
186,1307,3.0,3.96
361,53125,4.0,3.76
391,3256,3.0,1.95
603,426,4.0,3.24
469,1858,2.0,3.5
381,1073,4.0,4.14
599,4155,2.5,2.5
140,1028,4.0,4.27
610,8783,3.0,3.47
606,5943,3.0,1.95
387,51255,3.5,4.56
41,593,4.0,3.72
222,3273,3.0,4.18
266,135,1.0,2.15
177,4306,4.0,3.9
232,59501,3.0,2.97
482,6787,3.5,4.06
527,3016,4.0,3.42
57,588,4.0,3.5
95,541,5.0,4.1
298,4973,3.0,2.72
443,1200,3.0,4.83
380,51662,4.0,3.5
483,4370,4.0,3.25
95,3019,5.0,4.15
514,2144,3.0,1.94
365,80549,4.5,3.84
469,1261,4.0,4.75
163,1614,3.0,2.72
468,160,2.0,2.52
608,6820,3.5,3.54
148,5618,3.0,3.82
4,215,5.0,3.94
105,86066,4.0,3.18
249,1408,4.0,4.47
111,94953,4.5,4.47
84,17,5.0,4.21
452,3633,3.0,3.7
91,2395,1.0,2.7
541,165,3.0,3.6
139,45722,2.5,3.23
441,122886,4.5,2.77
307,40581,2.5,3.44
597,1307,5.0,3.33
119,84392,4.0,2.62
249,3686,3.0,3.74
68,1584,2.5,3.5
66,1862,1.0,3.27
596,163639,4.0,3.23
570,48738,3.5,4.0
551,2000,4.0,3.0
68,49274,3.0,4.67
314,163,3.0,2.37
543,4226,5.0,4.45
307,3535,5.0,4.22
414,86332,3.0,3.81
356,64957,3.0,3.71
202,3260,4.0,3.74
422,4190,4.0,3.91
367,1028,5.0,2.54
220,5464,4.5,2.17
243,588,3.0,3.58
448,3707,2.0,3.22
414,5993,4.0,4.48
427,5400,2.0,3.22
427,1247,3.5,4.05
275,1179,5.0,4.22
223,2144,4.0,4.41
122,589,5.0,3.94
249,318,4.5,4.56
177,1333,4.0,4.68
51,1500,5.0,1.47
412,34,5.0,4.29
600,1499,2.0,4.0
448,7046,3.0,2.73
135,292,4.0,2.33
23,923,4.0,3.5
91,608,3.5,4.54
597,357,5.0,3.91
474,4571,4.5,3.14
247,136864,2.5,2.31
361,4246,3.5,3.38
346,4816,3.0,3.54
196,5952,3.0,4.28
448,85881,3.5,4.26
474,47465,3.5,3.87
598,130490,5.0,2.6
489,45447,3.5,3.21
469,1320,3.0,2.69
599,1036,4.0,3.09
166,32,4.0,4.28
91,3727,4.5,4.23
590,196,2.5,3.25
587,587,5.0,4.28
380,6534,3.0,2.78
147,543,2.5,3.52
28,38886,2.0,3.05
6,510,3.0,2.74
177,83132,2.5,3.68
313,1291,4.0,3.74
105,122904,4.0,3.93
368,3256,3.0,2.24
160,296,5.0,1.65
318,2952,3.0,2.76
112,1,3.0,2.02
104,33004,4.0,3.62
68,49772,2.5,3.39
34,27801,5.0,1.66
577,1270,5.0,4.42
376,33794,4.0,4.15
321,736,4.0,2.22
103,953,4.0,3.72
599,3252,4.0,2.38
534,2949,4.0,3.85
601,5971,4.5,3.94
562,44974,5.0,3.02
492,736,4.0,4.74
10,66203,3.5,2.48
514,2406,3.0,2.46
102,158,3.0,3.07
274,5363,2.5,3.67
177,4069,4.0,3.96
125,92259,4.0,4.11
19,7,2.0,2.42
232,2021,3.5,4.36
64,159,3.5,2.76
283,587,2.0,3.85
474,1022,4.0,2.96
28,54503,3.5,3.72
323,48,3.5,4.14
105,5349,3.5,3.92
527,969,4.0,2.98
370,4878,4.0,4.0
287,2747,3.0,2.14
469,2858,5.0,3.73
411,480,5.0,3.08
400,858,5.0,3.94
609,731,4.0,4.07
348,750,4.5,4.46
607,1240,5.0,3.94
600,172,2.0,2.28
564,2706,4.0,2.69
1,1029,5.0,4.2
184,102123,3.5,3.3
19,2054,3.0,2.3
525,68358,3.0,3.88
380,8866,3.0,3.16
71,801,4.0,3.45
599,88593,2.5,2.64
307,4306,2.5,3.4
408,134130,4.0,4.41
446,589,5.0,3.67
509,1682,4.0,3.61
507,34,5.0,3.73
260,1288,5.0,4.32
563,1197,3.0,4.28
599,2572,3.0,3.7
385,1196,5.0,4.3
369,6296,3.0,4.04
555,2375,4.0,3.78
414,3684,3.0,3.64
90,1116,4.0,4.6
485,588,4.0,4.03
517,3418,1.0,3.21
249,1527,4.0,4.07
603,2424,2.0,1.0
608,1644,3.0,3.77
160,442,2.0,2.03
479,2683,5.0,4.0
63,3421,2.5,4.01
603,1922,4.0,3.68
223,47,3.0,4.0
68,541,2.0,4.5
64,5669,3.5,4.73
600,1608,2.5,2.61
503,2571,4.5,3.55
225,1923,4.0,3.34
603,2110,4.0,3.65
610,156371,5.0,3.13
474,2915,2.0,3.69
140,44709,4.0,2.92
414,1060,5.0,3.4
105,134252,4.5,4.47
356,63082,4.0,4.06
249,46965,3.0,2.93
414,33794,4.5,4.25
489,2617,2.5,2.64
448,7143,4.0,3.68
137,2571,4.0,4.41
608,4448,4.5,2.95
448,132046,2.0,2.83
143,2144,5.0,4.05
256,5218,4.5,3.17
41,122904,0.5,2.8
474,2822,2.5,2.2
462,44555,4.5,3.85
606,2174,4.0,3.5
27,2478,5.0,2.19
240,169,3.0,5.0
462,6001,3.5,3.49
480,1203,5.0,4.25
182,4262,4.0,3.4
95,176,4.0,3.88
380,49651,5.0,2.99
477,6863,3.5,3.81
475,34150,4.0,3.04
401,157296,3.0,2.66
307,8910,3.5,2.31
453,3979,2.0,3.69
415,608,4.5,4.6
19,353,5.0,2.52
605,1197,5.0,3.87
448,77191,2.5,3.72
551,110,3.5,3.67
594,990,4.5,2.9
294,2013,2.0,3.35
202,1641,4.0,4.18
535,2683,1.0,3.18
105,1233,4.0,3.88
160,1035,2.0,2.81
136,317,3.0,3.26
384,4333,4.0,3.92
414,69122,4.0,4.42
68,1198,5.0,4.45
328,4973,4.5,3.79
46,349,3.0,4.0
300,318,4.0,3.9
243,356,4.0,4.9
398,59387,5.0,2.64
339,90531,3.5,3.33
414,6542,3.5,2.41
470,300,4.0,3.95
160,2363,1.0,2.39
141,318,4.0,3.83
232,7153,4.0,2.88
414,5791,3.0,3.29
274,2328,4.5,4.01
307,33836,2.5,4.06
135,3996,5.0,4.17
109,223,3.0,2.3
603,2844,4.0,3.19
453,5225,4.0,3.89
275,2692,4.0,3.16
182,1270,3.0,4.0
6,145,4.0,3.89
480,1923,4.0,3.81
503,480,3.5,3.89
434,2699,2.5,4.26
275,2824,5.0,2.52
164,592,3.0,3.9
58,234,4.0,4.17
276,480,5.0,3.74
354,586,3.0,2.68
473,48385,3.5,3.77
45,2763,4.0,4.41
477,586,3.0,2.47
456,65,2.0,4.48
606,172,3.0,3.0
156,541,4.0,3.0
209,51255,4.5,4.54
178,2231,4.5,3.91
599,3186,3.0,3.45
475,88125,5.0,3.89
460,3615,3.0,3.54
139,53000,1.5,3.61
188,2918,5.0,3.99
307,2504,2.0,2.72
215,1291,3.5,3.69
274,65126,3.5,3.27
87,1345,3.5,3.33
279,1222,4.0,4.49
298,5992,2.5,2.95
64,39183,4.0,3.63
294,2518,2.0,2.72
325,223,3.0,4.23
109,514,3.0,3.4
219,31696,3.0,3.41
84,236,3.0,3.53
53,203,5.0,3.09
601,109487,5.0,3.52
83,4995,3.0,4.06
91,3704,3.5,4.69
51,3070,5.0,3.87
474,25750,4.0,3.92
186,1196,5.0,4.2
425,485,3.0,3.13
298,8907,0.5,3.01
414,45662,2.5,1.58
89,94503,4.5,3.59
332,4262,3.5,2.45
305,2985,5.0,3.84
414,2182,3.5,4.22
76,1208,4.0,4.85
177,3499,4.0,4.22
414,4638,3.0,2.25
607,3157,3.0,2.5
92,2664,3.5,3.25
41,6373,4.0,3.85
345,1127,3.5,3.7
313,2959,5.0,3.44
182,4234,3.0,4.48
534,88140,3.5,3.24
555,529,3.0,4.51
267,480,5.0,3.33
246,6350,4.5,3.34
610,784,5.0,3.4
474,2247,2.0,3.6
147,555,4.5,4.04
318,89753,4.0,3.9
380,73017,3.0,4.06
318,673,3.5,3.13
234,1370,3.0,2.74
587,2080,4.0,3.74
474,6104,4.0,3.04
57,382,2.0,3.09
606,7154,3.5,4.55
221,2469,4.5,2.9
599,3362,3.5,2.39
229,592,3.0,3.35
567,99764,5.0,2.5
163,1676,3.0,2.38
448,90866,4.0,2.81
133,588,3.0,3.1
414,1387,4.0,3.36
522,858,4.5,2.78
260,8607,3.0,2.98
169,661,4.0,4.13
489,367,1.5,2.77
424,30825,3.5,3.55
57,1498,2.0,1.85
322,4010,3.0,2.07
228,1590,4.5,2.86
325,4643,2.0,3.45
610,48780,4.0,4.14
63,3949,5.0,3.74
57,1385,2.0,3.0
18,8984,3.0,3.88
561,2143,3.5,3.63
480,4239,3.0,2.53
261,7361,5.0,4.27
239,1221,5.0,4.24
562,527,4.5,4.37
469,3635,3.0,3.24
275,5272,3.0,3.08
36,5956,2.0,1.83
363,708,3.5,2.31
567,86059,1.5,4.13
274,196,3.5,3.03
68,4015,2.0,4.07
209,2628,2.0,4.47
387,6378,3.0,4.47
361,377,3.0,4.53
437,86,3.0,2.42
175,7169,5.0,3.39
368,2688,3.0,3.45
2,99114,3.5,2.99
239,1672,4.5,3.41
103,48780,4.5,4.57
215,1089,3.0,2.52
551,77561,4.0,3.39
590,303,3.0,3.46
477,66934,5.0,4.34
332,1682,4.5,3.49
298,59315,3.5,4.41
524,913,3.0,3.47
6,304,4.0,3.0
413,3624,5.0,2.98
177,93006,4.0,4.7
156,1079,4.0,3.2
119,6934,4.5,3.91
405,4878,4.0,4.43
599,3668,3.0,3.28
431,466,2.0,2.76
71,733,3.0,3.75
288,2903,3.0,2.69
21,902,3.0,4.52
121,300,3.0,4.27
517,30749,0.5,3.97
249,55269,4.0,3.4
4,4033,4.0,3.77
518,6323,4.5,3.06
517,919,4.5,4.11
448,157172,0.5,2.49
387,1097,3.5,2.88
74,48774,4.0,3.82
414,64983,3.0,3.68
599,179817,3.0,3.24
608,163,3.0,3.25
585,441,3.5,4.46
109,14,4.0,4.13
170,594,3.0,4.05
277,719,4.0,2.99
599,26195,3.0,3.11
414,37727,4.0,3.55
528,81834,1.5,3.82
325,5139,3.0,3.36
552,3361,3.0,3.74
64,1183,4.0,4.68
448,3072,3.0,4.03
16,849,4.0,3.7
64,3253,4.5,4.17
281,362,2.0,4.3
288,2116,3.0,2.47
50,63312,2.0,3.6
219,4388,0.5,2.72
131,5959,2.5,3.89
336,2001,3.5,3.21
288,1270,5.0,3.71
341,480,2.0,4.21
265,1678,3.0,4.07
4,1077,5.0,3.3
305,4439,3.5,3.58
448,59615,2.0,3.48
381,66097,5.0,4.04
181,370,3.0,2.17
414,3823,4.0,2.02
489,6377,4.0,3.8
102,47,5.0,2.92
1,423,3.0,2.73
274,54503,3.5,3.98
517,2396,1.5,4.32
445,4995,4.0,4.64
590,153,2.5,3.41
226,1193,4.0,3.83
288,2142,3.0,3.05
212,54286,3.0,4.32
610,77364,2.5,3.6
219,317,3.0,3.92
113,1564,5.0,3.38
610,6874,4.5,3.21
51,5339,3.5,3.36
599,114627,3.0,3.59
159,4308,2.5,3.5
448,47640,2.5,3.62
294,1135,4.0,3.63
563,59258,2.0,3.31
268,1206,3.0,3.53
477,2036,3.5,1.46
10,5952,4.0,4.73
531,1961,5.0,4.04
391,1094,4.0,2.71
288,2095,3.5,3.0
610,105504,3.0,2.87
600,8533,3.0,2.21
474,4970,4.0,3.83
249,3744,3.0,3.45
356,4878,5.0,4.24
177,1265,4.0,3.97
48,2571,5.0,4.11
125,52973,4.5,3.42
184,159817,5.0,4.5
132,5956,1.5,3.63
125,1732,4.5,4.62
414,59615,2.5,2.75
45,3052,4.0,3.29
606,11,2.5,3.5
219,8807,4.0,1.94
596,91529,3.5,3.79
111,65230,2.5,3.72
274,33834,3.5,2.75
177,3408,4.0,4.13
42,3033,4.0,3.39
284,237,5.0,3.55
525,61240,4.0,4.26
448,4159,2.0,1.72
393,45722,5.0,4.24
58,300,5.0,3.19
507,349,3.0,1.76
607,3440,3.0,1.8
68,4638,2.0,2.96
12,2572,5.0,3.28
414,1680,3.0,3.74
194,7143,4.5,3.18
93,2424,4.0,3.32
479,2891,5.0,3.28
414,47610,3.5,4.33
567,180985,1.0,3.29
555,2000,5.0,3.0
234,2953,1.0,4.05
520,4526,4.0,3.2
270,708,3.0,2.97
91,5378,4.0,4.06
28,54736,2.5,4.13
33,2080,4.0,3.01
412,2542,4.0,3.23
122,91535,4.0,4.15
387,4065,2.5,2.82
576,1188,1.0,4.0
105,112556,4.0,4.31
182,6796,3.0,3.18
378,318,4.5,3.28
391,5026,3.0,3.39
305,33493,3.5,1.91
606,8966,3.5,3.2
340,457,5.0,4.03
477,40815,3.5,4.59
608,2600,4.5,3.54
233,1059,3.5,3.52
579,2496,4.0,3.61
361,5106,1.5,3.81
279,175303,5.0,3.59
313,3386,3.0,1.7
70,3468,5.0,2.98
89,4014,1.5,2.34
284,432,3.0,3.07
414,349,3.0,3.0
438,1302,4.0,3.94
552,1704,4.0,4.29
414,2375,3.0,2.75
93,260,5.0,4.72
62,1653,5.0,4.29
205,104913,3.0,4.25
284,420,3.0,2.83
330,2140,3.5,2.75
305,163645,4.0,4.31
140,707,3.0,3.11
599,3489,3.0,3.32
266,1617,4.0,2.43
312,527,5.0,4.57
40,21,4.0,3.38
42,2671,4.0,1.81
108,480,4.0,2.93
249,3271,4.0,3.08
187,6062,4.0,3.25
380,899,3.0,3.18
202,3214,2.0,3.52
202,3505,5.0,4.44
50,5669,2.5,2.98
38,376,4.0,3.0
249,49651,3.5,2.71
221,5954,4.5,3.92
264,1210,3.5,3.74
182,3827,2.5,3.04
469,112,3.0,4.28
105,64993,4.5,3.81
39,1200,5.0,3.5
448,4104,1.0,4.38
448,69122,3.0,3.07
509,6156,3.0,2.17
387,175,4.0,2.49
345,7121,5.0,3.6
414,34536,4.0,3.09
382,4638,3.5,3.57
294,3552,5.0,3.25
334,27773,3.0,3.9
211,54286,4.0,4.35
288,1603,2.0,3.69
84,11,4.0,3.03
216,3555,3.0,3.8
226,1206,4.0,3.35
437,1488,3.0,3.12
436,8,3.0,3.59
42,2169,2.0,3.08
42,2581,3.0,3.96
420,2819,4.0,2.38
385,1079,4.0,3.67
474,3928,3.5,3.25
396,1747,3.0,4.46
28,8665,3.5,4.14
381,1722,3.5,4.0
244,541,4.0,3.91
224,2150,5.0,3.67
197,2167,2.0,3.19
63,1704,3.5,4.72
532,3147,5.0,4.24
474,4881,4.0,4.01
256,68791,3.0,2.72
167,69,2.5,4.39
605,74530,3.0,2.45
395,1025,3.0,3.16
186,2115,4.0,3.96
448,2383,2.0,2.1
144,47,4.5,4.22
119,102481,4.0,3.91
534,108932,4.0,2.74
590,1544,3.0,3.95
514,4533,3.0,2.41
495,99007,4.5,3.41
559,405,2.0,3.13
23,3181,3.5,2.32
610,114670,3.5,3.44
387,6807,4.0,2.47
68,176371,3.5,3.9
18,56757,4.0,3.56
489,47,3.0,3.61
68,4124,2.0,3.58
469,3072,4.0,4.19
220,2985,4.0,3.94
219,2858,5.0,4.62
288,1673,2.0,3.0
51,59615,5.0,2.44
427,5065,3.5,3.18
74,2908,5.0,1.59
313,4370,3.0,3.06
64,708,4.5,2.71
182,4247,2.5,3.8
103,34437,4.0,4.09
111,1895,4.0,3.79
156,1263,4.0,3.55
249,2720,2.5,3.04
254,836,3.5,3.26
480,8866,3.0,3.86
274,4370,3.0,2.83
215,2145,4.0,3.32
89,73106,1.5,2.89
202,1292,3.0,4.04
599,41627,3.5,2.69
122,55765,5.0,3.82
387,6530,4.0,3.92
574,185,2.0,2.68
517,914,4.5,3.64
421,2858,5.0,3.75
182,2391,4.5,3.18
385,610,3.0,3.35
380,90603,5.0,3.5
64,5816,3.5,4.47
219,39292,3.5,3.68
417,6874,5.0,3.8
45,88,4.0,4.0
438,1608,3.5,3.72
298,2918,3.0,3.39
64,6,4.5,4.1
428,3000,2.5,3.89
484,1644,3.0,3.26
43,23,5.0,4.4
57,1747,4.0,3.31
14,32,4.0,3.55
304,165,4.0,4.25
607,858,4.0,5.0
604,208,3.0,3.66
451,94,4.0,3.41
599,73,3.0,2.09
305,96610,2.5,3.18
253,66097,4.5,4.13
221,4681,4.0,2.36
560,54286,4.0,4.23
405,293,4.0,3.08
204,1653,5.0,4.17
414,68205,3.5,4.16
486,44,4.0,3.45
312,2011,4.0,2.12
19,2985,3.0,4.49
367,3784,5.0,3.59
333,1272,3.0,3.78
577,1931,4.0,4.9
590,7367,2.5,2.08
599,135456,3.5,1.91
182,5530,3.5,3.6
425,4306,4.0,2.84
391,1429,3.0,2.79
362,5784,4.0,3.12
483,3269,2.5,3.07
414,8869,2.5,3.08
425,1589,3.5,2.86
339,105504,4.5,4.3
382,2990,4.0,4.0
126,380,5.0,3.82
217,471,2.0,3.14
599,5816,3.0,4.5
469,1476,2.0,2.31
325,22,3.0,2.92
288,6012,3.0,3.43
448,131480,2.0,2.46
477,2294,4.0,3.52
226,1230,4.0,3.41
51,6323,4.5,3.56
562,99007,4.0,2.87
305,90405,3.0,3.55
313,2021,4.0,4.24
305,112852,4.5,3.68
226,4571,5.0,3.95
414,175569,4.0,2.77
462,96488,4.0,2.33
527,1035,5.0,4.57
3,7899,4.5,3.11
339,72011,4.5,4.19
448,5541,4.0,3.53
294,3506,2.0,3.19
520,7147,4.0,3.54
279,148626,3.5,4.13
210,89745,4.5,4.33
226,1247,4.0,3.86
266,223,4.0,2.69
419,778,5.0,4.75
91,1,4.0,3.0
53,748,5.0,3.69
249,90249,3.5,3.05
63,92535,5.0,4.21
438,1777,2.0,2.52
527,1287,4.0,3.91
420,54881,4.0,4.16
298,112552,3.5,4.54
60,58559,5.0,4.3
477,2115,4.0,4.0
474,3578,3.0,4.66
45,2105,3.0,3.32
82,6566,1.5,4.15
305,63992,3.0,2.0
561,111364,4.0,2.17
182,5218,3.5,3.1
430,1680,5.0,3.42
483,2762,3.5,3.68
68,6333,4.5,4.09
448,58803,4.0,3.17
202,920,4.0,4.91
414,6538,4.0,3.47
19,1500,2.0,1.78
117,193,2.0,3.48
68,2840,3.5,2.79
195,150,4.0,4.73
414,6337,4.0,3.8
610,117867,4.0,2.41
603,3418,4.0,4.0
525,5299,2.0,1.79
414,1704,5.0,4.33
17,592,4.5,4.52
372,1033,2.0,3.46
428,2723,3.5,3.33
198,780,2.0,3.4
331,3623,2.0,3.13
346,357,4.5,3.75
509,96110,3.0,3.1
181,382,3.0,1.62
282,6377,5.0,4.14
381,1917,3.0,3.65
552,6503,2.0,4.17
563,1270,3.5,4.14
155,2880,3.0,4.12
536,232,2.0,3.33
605,533,4.0,3.14
453,1873,3.0,3.66
318,2797,3.5,1.72
480,39414,3.5,1.99
380,54001,5.0,3.71
599,161032,2.5,2.17
312,5451,4.0,2.72
125,7361,4.5,4.41
371,1676,4.0,3.3
140,3198,4.0,3.52
456,64,3.0,4.49
274,4700,2.5,3.06
527,2135,4.0,4.3
232,8985,3.0,2.95
305,105355,2.5,3.32
462,1252,5.0,4.25
22,37733,2.5,3.65
104,858,1.5,4.56
153,4896,3.0,4.63
73,8961,4.0,2.79
489,1263,4.5,3.76
28,6884,3.5,2.81
68,1884,2.5,2.43
298,139642,2.0,2.76
596,3624,3.5,2.65
556,48394,4.0,3.17
274,2548,2.0,3.3
82,6006,3.0,4.13
298,91542,3.0,3.44
484,1753,5.0,4.29
448,91628,2.0,3.24
274,52435,3.5,3.04
448,1955,3.0,4.16
119,88163,4.0,3.94
484,594,5.0,4.6
610,61240,5.0,2.63
489,55269,2.5,3.61
339,56174,4.5,3.66
414,2028,5.0,3.78
89,3061,2.0,4.65
111,72998,2.0,3.9
195,5010,3.0,4.21
47,6765,3.0,3.5
119,47099,4.0,4.64
169,1136,5.0,4.47
288,48414,3.0,3.05
564,39,3.5,3.59
178,593,4.5,4.5
33,2087,3.0,2.89
40,82,5.0,4.01
573,69122,4.5,3.4
447,520,3.0,2.51
156,4734,3.0,3.6
387,54190,3.0,4.4
177,98154,4.5,3.9
372,1213,5.0,4.98
414,991,4.0,2.94
144,784,1.5,2.68
483,2394,4.5,4.07
590,3868,3.0,2.89
448,55995,2.0,3.32
226,6711,4.5,3.72
514,1330,2.0,2.54
45,2716,4.0,3.21
356,2918,5.0,3.92
298,784,1.5,2.28
603,648,2.0,3.0
452,4643,5.0,2.57
414,4215,2.0,3.15
603,2577,3.0,3.44
249,67734,2.5,3.41
144,4979,3.5,3.13
414,4345,3.0,3.1
599,1200,5.0,3.33
132,5620,2.0,3.92
226,5584,3.5,2.79
474,1374,4.0,4.08
177,1953,2.5,3.93
28,736,2.5,2.92
105,3275,4.5,3.3
414,635,3.0,3.97
219,33166,3.5,4.04
458,440,4.0,2.95
480,8376,4.0,4.32
387,6552,3.5,3.62
323,1320,3.0,3.72
10,33679,3.0,3.37
79,589,5.0,3.15
1,2492,4.0,4.57
432,84189,3.5,3.73
160,6538,3.0,2.99
132,5673,2.0,2.74
21,4718,4.5,3.59
477,2010,3.5,3.77
477,4571,4.0,3.29
249,129354,4.5,1.64
414,69406,1.5,2.05
381,1911,2.5,3.39
408,520,4.5,2.66
202,1395,3.0,3.25
19,880,2.0,1.54
210,51562,4.0,3.39
63,58559,5.0,4.53
474,25999,3.5,3.32
234,1566,5.0,2.68
100,5299,3.5,3.57
610,71745,4.0,2.91
232,43919,0.5,2.91
89,2997,3.0,3.1
527,4299,4.0,3.89
50,26422,3.0,3.97
282,134130,4.0,3.3
156,3100,3.0,4.62
82,1544,3.5,2.97
571,2513,5.0,3.0
154,86644,0.5,3.21
509,86332,3.5,3.86
180,1261,4.0,3.66
430,2699,3.0,3.61
411,327,1.0,2.82
301,8949,3.5,2.69
167,4333,3.0,2.14
352,41566,3.0,2.26
166,520,3.5,3.86
312,3024,3.0,3.47
336,1267,3.5,4.12
313,2366,2.0,3.52
188,1537,4.0,4.12
490,53125,2.0,3.33
292,1907,3.5,2.77
210,122916,4.5,4.33
590,1092,2.5,3.01
483,45722,3.5,3.12
462,2396,0.5,2.49
328,122886,2.5,3.29
599,3499,2.5,2.88
525,91869,3.5,2.39
462,2367,2.5,1.9
225,2791,4.0,4.76
202,924,5.0,4.73
19,558,2.0,4.12
263,2266,3.0,2.84
434,3948,3.5,4.01
307,9005,2.0,3.39
343,7981,5.0,4.09
7,6534,0.5,4.09
559,745,5.0,3.46
57,2005,3.0,2.67
460,48780,4.5,4.64
232,37380,2.0,2.96
480,923,5.0,4.31
318,37741,4.5,2.79
534,31878,4.5,1.27
181,596,3.0,3.83
62,5254,3.0,3.4
202,371,4.0,2.75
174,160,3.0,3.26
573,7482,4.0,3.99
63,4306,2.5,2.31
219,4446,4.0,3.5
202,3251,4.0,3.6
468,208,3.0,2.69
608,2003,2.5,2.38
288,1219,5.0,3.87
590,586,3.0,3.18
182,1464,4.5,4.67
489,7155,1.0,3.02
264,150,4.0,3.6
414,902,4.0,4.58
105,5878,3.5,4.72
596,58559,4.0,3.79
599,26539,3.0,3.01
489,1784,4.5,3.94
456,1073,3.0,4.0
66,555,3.5,3.07
372,1204,5.0,3.53
21,2700,2.5,2.92
232,5501,3.5,3.11
487,4973,3.0,4.55
572,2406,3.0,3.98
52,96079,3.0,3.73
219,434,3.0,3.14
599,3210,3.0,2.47
367,4489,4.0,3.21
199,3618,3.0,3.51
125,2843,4.0,3.3
68,60126,3.5,3.54
543,73881,5.0,3.97
111,56805,2.5,4.27
373,236,3.0,3.7
19,3797,3.0,2.71
480,27660,1.5,3.81
403,62081,3.5,2.88
212,1220,4.0,3.55
181,485,3.0,3.38
275,4066,3.0,3.81
414,5988,3.0,4.12
96,3555,3.0,4.05
414,51575,2.5,3.32
474,6157,3.0,3.42
474,5308,2.0,2.24
477,1005,2.5,2.51
230,780,3.0,3.39
195,165,2.0,3.39
23,58,3.0,3.33
217,692,1.0,2.89
561,45431,2.0,2.34
274,2617,3.5,4.32
111,2329,3.5,3.82
200,2006,4.0,1.9
68,5152,4.0,3.53
561,68358,4.0,2.89
301,356,4.0,3.3
503,4641,4.0,3.47
89,4728,3.0,3.14
432,81591,5.0,3.68
555,196,3.0,3.09
305,3916,4.0,2.98
82,595,3.0,3.67
185,3598,3.0,3.5
474,4886,3.0,3.86
608,2117,4.5,3.46
84,1103,4.0,3.72
469,32,5.0,3.66
602,555,3.0,3.58
233,60069,4.0,3.5
206,838,5.0,3.24
89,69469,5.0,4.24
101,3578,4.0,3.85
600,3821,1.0,1.24
242,329,3.0,3.84
217,785,2.0,3.28
448,26386,3.5,3.91
552,3252,3.5,3.81
365,2858,1.0,3.32
42,509,4.0,3.27
387,1997,4.0,2.62
596,60040,3.0,3.11
301,1644,0.5,3.04
221,608,5.0,3.91
391,497,4.0,3.95
387,697,1.5,3.08
221,7215,4.5,4.42
409,1394,4.0,4.15
529,733,5.0,4.3
483,27370,4.5,3.71
380,1717,2.0,3.47
64,185,3.0,2.73
17,3147,4.5,2.86
607,589,4.0,3.5
304,2858,2.0,4.54
482,2068,0.5,3.85
419,27704,5.0,3.76
200,3082,4.0,3.38
575,2580,4.0,4.12
580,2355,3.5,4.3
212,85414,2.5,2.91
514,5704,2.0,3.1
605,68554,3.5,1.98
448,86293,2.0,2.43
309,4432,4.0,4.42
599,3915,2.0,2.97
265,2105,4.0,3.54
509,34162,2.0,3.1
603,2731,5.0,3.61
414,2087,5.0,3.5
448,111795,3.0,2.04
307,4040,3.5,4.17
298,45722,2.5,2.39
387,5809,4.0,3.52
590,1210,4.5,4.75
274,4351,3.5,4.1
552,1073,4.5,4.16
197,592,5.0,3.44
563,70183,3.5,3.83
105,4728,3.5,3.95
10,106782,1.0,3.68
474,55071,4.0,3.31
474,39869,4.0,3.25
561,77561,3.0,2.91
122,70599,4.0,3.69
271,1320,3.5,3.59
608,54503,4.5,4.18
140,164,3.0,3.32
354,3994,3.0,3.83
534,85179,4.5,3.09
528,67255,4.0,3.36
420,6934,3.5,4.0
586,457,4.5,4.42
603,2420,2.0,1.13
104,6539,3.0,4.32
379,500,3.0,3.85
587,3404,5.0,3.71
182,4734,1.5,2.31
307,788,2.0,2.59
51,1407,0.5,3.77
393,1291,5.0,4.03
596,2384,3.0,2.88
583,4016,4.0,4.13
305,3499,4.0,3.93
264,5952,4.5,3.88
221,7311,3.5,1.41
45,4896,4.0,3.73
382,53464,3.5,2.85
586,111781,4.5,2.33
448,88163,3.5,4.1
534,1721,4.5,3.6
450,2924,5.0,4.21
593,1086,3.5,4.39
380,2860,2.0,4.02
382,86644,3.5,4.09
486,292,4.0,4.84
202,3707,3.0,3.26
232,919,4.0,3.95
555,372,4.0,2.3
6,637,4.0,3.77
367,4153,3.0,3.23
59,1580,3.0,3.31
220,1722,3.5,3.1
510,4993,2.5,4.44
543,4388,5.0,4.39
253,5902,5.0,3.86
325,4294,3.0,3.27
380,5690,4.0,2.99
64,4973,5.0,3.44
477,4641,4.0,3.28
380,105585,3.0,4.14
356,543,5.0,4.07
368,2535,3.0,2.56
352,66097,3.0,4.18
219,55020,4.5,2.67
140,6448,4.0,4.54
294,420,2.0,3.0
575,2506,4.0,3.2
105,3997,3.0,4.02
523,7361,5.0,3.82
474,4296,2.0,2.6
542,1206,4.0,4.52
525,110102,4.0,4.04
477,3552,5.0,3.44
177,3753,3.5,3.47
45,4022,5.0,3.64
216,2349,2.0,3.0
610,138210,3.5,3.61
51,1997,5.0,4.4
125,86721,5.0,3.9
247,4226,4.5,4.92
422,762,2.0,2.16
64,350,3.5,3.5
334,30850,3.5,2.46
52,73017,5.0,4.23
166,6157,2.5,3.49
318,45728,4.0,3.03
50,296,4.0,3.73
605,8373,2.0,3.04
195,161,4.0,3.29
249,149352,3.5,1.71
414,173209,4.0,4.2
599,79274,2.5,2.11
474,2194,4.0,3.66
448,4229,3.0,3.44
172,3793,3.5,4.57
462,72011,4.5,3.77
278,2144,3.5,4.15
247,1198,4.0,4.54
599,728,2.5,2.8
223,8360,4.0,3.48
57,736,2.0,3.83
610,2951,4.5,2.75
414,127108,5.0,2.42
111,179427,4.0,3.42
606,82,4.0,3.31
249,90531,4.5,3.1
534,70336,3.0,3.29
17,3949,4.5,4.13
520,49272,3.0,2.37
294,2268,3.0,3.71
239,1101,3.5,2.54
357,1358,2.5,4.28
106,69844,5.0,3.42
610,122884,3.0,4.64
448,2083,4.0,3.73
226,3450,4.0,2.99
50,1201,4.0,4.39
606,2001,0.5,2.33
603,2932,4.0,4.0
474,6852,3.5,3.18
599,1673,4.0,2.86
599,210,2.0,2.39
602,475,5.0,3.62
398,910,5.0,4.94
522,356,3.5,4.05
313,3081,4.0,3.02
381,1028,4.5,3.6
414,4815,3.0,1.78
352,1625,4.5,3.88
45,3270,1.0,2.56
195,3753,3.0,4.88
328,1997,2.0,2.4
356,35836,5.0,3.84
603,1721,3.0,4.17
100,1035,4.0,3.58
561,7310,3.5,2.86
474,342,3.5,2.07
586,54286,4.5,3.23
448,110553,2.5,2.71
304,2322,4.0,2.99
177,69122,4.0,2.95
327,4388,5.0,3.98
603,1228,5.0,4.0
234,126,2.0,3.87
298,1240,4.0,1.88
590,6565,3.5,2.18
580,924,3.5,2.1
105,85316,3.5,4.94
290,1208,5.0,4.5
68,3978,3.0,2.74
45,2302,3.0,3.78
41,57669,4.5,4.23
608,2126,4.0,3.55
470,788,3.0,3.49
509,6350,3.5,3.36
599,1719,3.5,3.48
370,592,4.0,3.84
135,3102,3.0,4.0
28,851,2.0,3.46
555,4080,3.0,2.39
280,4649,4.0,3.56
260,2010,4.0,3.79
317,1219,5.0,3.8
68,59725,2.5,3.37
68,46965,3.5,3.27
156,2396,4.0,1.86
274,8957,3.5,3.43
517,147378,1.0,2.63
247,7361,4.0,4.16
140,7155,3.0,4.2
474,7064,4.0,3.92
182,249,4.0,3.16
448,26409,1.0,3.48
435,34405,4.0,4.21
66,4041,4.5,3.24
356,2146,4.5,4.3
202,1394,4.0,3.34
356,8917,3.5,3.18
380,4085,4.0,3.8
414,166528,4.0,4.26
414,3794,3.0,4.0
352,3273,3.0,3.76
599,2292,2.5,3.67
68,112183,1.5,3.46
610,5617,4.0,3.82
414,139644,4.5,3.2
160,227,2.0,3.67
599,2140,3.0,3.64
186,788,4.0,2.44
599,2321,3.5,3.25
608,7324,4.0,3.9
41,5418,2.0,4.65
608,3257,2.5,2.88
106,40815,5.0,3.8
68,103249,3.5,4.02
105,58554,2.0,4.33
10,86548,3.0,3.69
307,2114,3.0,2.92
483,480,4.0,4.02
221,3671,4.5,4.16
599,627,2.5,3.3
387,923,4.5,4.37
327,8641,5.0,3.55
545,63540,2.0,3.69
288,3998,3.0,3.73
582,44191,3.5,3.92
452,1584,5.0,3.73
117,736,2.0,2.84
294,3667,1.0,3.53
318,2291,4.0,3.09
105,152081,4.5,3.44
304,135,4.0,3.63
91,1645,3.0,3.93
42,3448,5.0,2.31
414,32587,4.0,3.79
122,260,5.0,4.41
74,55363,4.0,3.32
328,1732,3.5,3.1
600,1246,2.5,3.58
64,27773,5.0,2.97
361,49272,4.0,3.31
174,333,4.0,3.86
200,45517,3.0,3.77
201,1097,5.0,3.65
296,31364,5.0,4.21
313,1274,5.0,4.51
500,471,1.0,4.3
18,593,4.5,4.45
606,6440,4.0,3.74
411,292,3.0,4.11
372,335,4.0,3.31
434,6365,2.0,3.79
73,35836,2.5,4.35
382,33836,2.0,3.84
432,35836,4.0,3.46
82,1573,4.0,3.55
414,5046,3.0,3.56
19,1373,1.0,4.89
221,2997,4.5,4.34
414,122904,4.0,4.02
62,45447,3.5,3.4
414,542,2.0,3.67
236,1387,5.0,2.25
564,4246,3.5,2.71
328,8360,3.0,2.5
453,3148,4.0,4.38
432,81562,3.5,2.82
339,1077,4.5,4.65
323,348,3.5,3.58
368,587,3.0,3.73
68,3635,4.0,2.2
203,40815,3.5,3.66
132,4993,4.5,3.82
139,6539,3.0,3.21
68,68554,3.0,4.15
19,1970,3.0,2.44
600,2340,3.5,3.36
294,153,3.0,2.95
232,6006,3.0,2.88
202,356,5.0,4.67
268,2178,4.0,3.27
68,3275,3.5,2.78
599,51931,3.0,3.42
249,64969,4.0,4.16
474,1959,4.0,3.83
602,11,3.0,3.1
50,176371,3.0,3.92
174,32,3.0,4.3
119,5810,3.0,3.74
88,26974,3.0,3.7
68,4720,3.0,3.86
477,5952,4.0,4.57
243,353,5.0,4.17
597,2423,2.0,2.69
352,1080,5.0,4.8
6,316,5.0,3.33
318,142456,3.5,3.92
597,2717,3.0,3.88
288,3060,4.0,2.92
217,1230,2.0,4.73
125,60072,4.0,4.22
368,303,1.0,4.77
43,271,5.0,3.42
83,7669,4.0,2.73
153,30707,2.5,4.46
153,177615,3.0,4.82
540,1196,5.0,4.82
328,1288,3.0,4.02
380,5171,3.0,3.46
356,1206,4.0,4.42
66,181,2.0,2.76
166,5418,4.5,3.66
474,3475,4.0,3.56
606,1293,4.0,4.08
141,2355,4.0,3.56
103,69844,1.5,3.44
610,128360,4.5,3.47
414,3788,3.5,3.75
116,5349,3.5,4.11
95,1196,5.0,4.99
288,2391,4.0,2.56
514,122926,4.0,4.47
318,79057,2.5,3.75
351,84152,3.5,3.93
256,112623,4.0,3.92
169,3,5.0,4.16
566,25,2.0,3.61
41,2268,2.5,4.07
326,89492,1.0,3.6
226,8464,3.5,3.86
274,2431,3.0,3.11
139,4865,1.5,3.27
328,2090,3.0,3.08
514,1079,4.0,3.28
176,485,3.0,4.48
372,1302,3.0,2.82
608,1396,4.0,3.94
594,2808,5.0,4.63
224,1554,1.0,1.73
282,1073,4.0,3.67
547,1394,5.0,4.96
602,22,3.0,3.66
610,82641,3.0,2.75
79,2406,4.0,3.5
602,508,3.0,4.07
603,163,5.0,4.0
42,4482,5.0,2.73
143,6619,5.0,3.82
359,480,4.0,3.64
317,3147,4.0,4.05
286,2959,5.0,3.77
153,4979,3.0,4.72
603,2174,4.0,3.54
603,4433,5.0,4.29
560,6218,3.5,3.13
274,67087,3.0,4.0
307,5524,2.5,0.59
249,74789,2.5,3.62
368,1590,2.0,2.29
135,4467,4.0,3.43
603,1358,4.0,4.08
235,39,3.0,3.66
566,151,4.0,2.9
64,2115,3.0,3.63
16,1196,3.0,4.48
139,3753,4.0,3.84
492,842,5.0,3.33
606,2313,4.0,3.94
427,5107,3.0,2.71
88,79132,4.5,4.39
307,3752,2.5,3.53
352,68791,3.5,3.17
95,162,5.0,3.66
582,5618,3.5,4.23
82,2380,3.0,2.15
42,2861,4.0,4.68
290,1345,3.0,3.11
273,586,1.0,3.08
610,7482,4.5,4.17
353,266,3.0,3.32
33,230,3.0,3.55
304,1183,3.0,3.63
16,296,3.0,4.15
603,2431,1.0,3.0
562,3578,3.5,4.43
66,7482,4.5,3.97
164,1036,5.0,3.51
305,88405,3.5,2.22
307,6548,3.0,1.14
267,3996,5.0,3.03
357,2291,4.0,4.38
144,1246,3.0,3.51
105,2329,4.0,4.28
282,1968,4.0,4.5
596,1372,3.5,4.04
241,7371,5.0,3.93
600,2797,4.0,2.29
89,128087,5.0,4.34
111,64839,4.0,3.85
148,4993,3.0,4.29
429,315,4.0,3.07
448,46974,2.0,3.25
357,1513,3.5,2.73
7,589,2.5,3.0
139,95510,2.5,1.49
377,33681,2.5,3.05
474,1006,3.5,2.48
292,81847,3.0,3.47
351,55577,3.5,3.15
226,840,3.0,3.14
187,7371,4.0,4.23
52,86892,5.0,3.41
68,54881,5.0,2.85
610,79592,3.0,2.92
488,5995,4.5,3.66
381,5630,2.0,3.2
202,523,3.0,3.37
525,8643,3.0,3.75
552,2501,3.5,4.27
59,647,4.0,4.62
534,6874,4.5,3.52
469,1876,4.0,3.47
174,300,2.0,2.27
561,3753,4.5,3.48
412,1276,5.0,4.81
606,18,4.0,3.0
249,1209,4.5,4.11
184,119145,5.0,4.19
57,3175,4.0,3.5
599,3440,2.5,3.24
599,6348,2.5,4.36
600,2907,3.0,4.68
51,33615,3.5,3.51
414,72378,2.0,3.42
484,261,4.0,4.2
577,1288,3.0,4.59
444,350,3.0,3.2
437,1242,5.0,3.9
298,109374,3.5,4.57
73,59258,4.5,3.36
489,5377,4.0,2.23
372,527,5.0,4.45
424,27020,3.5,3.27
15,2916,4.5,3.3
380,110501,4.0,3.07
221,913,4.5,4.59
414,4909,2.0,3.4
610,133802,4.0,3.72
16,2723,3.5,1.87
198,2571,5.0,3.33
104,6593,4.0,3.02
198,364,4.0,3.85
573,3578,3.5,4.06
89,143559,5.0,4.48
105,101962,4.0,2.6
274,58803,2.0,3.82
232,41769,2.5,3.95
346,1333,3.5,3.09
332,6365,3.0,3.08
298,81932,3.0,3.36
414,39444,3.5,2.92
524,1270,5.0,4.25
181,445,3.0,3.53
105,98491,4.0,4.94
528,91658,4.0,3.06
63,47,4.0,4.01
462,83827,5.0,3.65
391,3702,4.0,3.44
41,3160,4.0,3.69
97,2571,5.0,4.39
608,8464,3.5,3.73
198,3686,3.0,3.27
512,380,3.0,3.97
140,5945,3.0,2.76
606,1059,4.5,3.94
160,1270,5.0,3.71
200,5481,3.5,3.14
120,1210,5.0,5.0
376,1097,3.5,3.9
603,910,4.0,4.32
414,171765,4.0,4.34
434,5952,5.0,3.74
381,3254,3.0,3.31
448,8376,3.0,2.84
466,45722,4.5,4.12
84,350,4.0,4.37
351,90353,4.0,3.18
292,4321,3.0,4.01
534,87869,3.0,3.32
84,1388,3.0,2.33
99,165,5.0,4.56
182,3809,3.5,2.38
409,2109,5.0,3.96
223,2716,3.5,4.0
534,2080,3.5,3.97
291,118696,4.0,3.24
39,1617,2.0,3.33
89,69644,4.0,2.35
132,7323,3.0,2.77
538,158,4.5,4.19
57,1468,1.0,3.74
198,260,5.0,4.16
177,7222,2.5,3.01
415,86345,4.5,3.76
64,4489,4.5,3.85
63,3752,2.0,3.5
414,1840,4.0,3.74
438,5809,2.5,3.4
525,1033,3.0,3.58
177,355,2.0,4.85
462,81932,4.5,3.78
28,4251,2.0,4.23
600,39444,1.0,2.92
199,1055,1.0,4.0
305,296,5.0,4.77
332,608,4.0,3.95
438,3916,4.0,3.46
453,2671,4.0,4.21
298,71264,3.0,2.81
212,107314,3.5,4.08
295,858,4.5,4.61
64,3396,4.0,3.73
347,317,4.0,3.63
232,597,3.5,2.96
480,6764,1.5,3.71
27,736,3.0,2.7
599,8157,2.5,3.66
274,368,3.5,4.18
89,49013,3.5,3.24
362,2023,4.0,3.38
143,3526,3.0,3.17
460,2762,4.5,4.6
413,3916,5.0,3.02
606,6800,1.5,3.07
318,1260,4.0,3.89
425,1393,3.0,3.54
474,8955,3.0,4.0
24,4995,3.5,3.3
199,913,4.5,4.47
567,2731,3.5,2.84
339,68358,4.0,3.98
160,587,3.0,4.0
128,942,4.0,4.69
232,62155,4.0,3.53
423,4995,3.5,4.23
608,2002,3.0,2.95
109,52,3.0,4.31
500,2539,4.0,4.34
59,1210,3.0,4.67
599,5221,3.0,2.96
286,4226,4.5,4.24
217,2353,4.0,3.07
414,26704,4.0,3.49
597,2116,4.0,3.28
122,112852,4.0,4.12
596,5991,3.5,2.63
608,2918,4.0,3.19
10,136020,5.0,2.89
380,83134,5.0,2.95
539,4306,5.0,4.7
517,1997,1.0,2.55
610,158238,5.0,3.45
274,4247,3.0,3.07
262,296,3.0,3.9
191,224,4.0,4.56
19,1240,4.0,3.89
274,328,4.5,4.13
604,435,4.0,3.01
91,1276,3.0,3.72
28,52241,2.0,3.39
573,60040,4.0,2.37
57,442,2.0,3.6
599,139859,2.5,2.79
477,72224,3.5,3.66
103,4002,4.5,3.72
480,3618,5.0,3.4
483,920,1.5,3.33
167,1080,3.5,4.0
137,30749,4.0,3.52
387,2717,3.0,3.34
512,454,4.0,4.26
417,356,4.0,3.75
28,6502,3.0,4.03
498,380,3.0,3.54
160,1385,1.0,2.26
50,27773,3.0,2.48
555,3698,5.0,3.08
298,4247,3.0,2.13
509,91542,3.5,2.99
182,1827,2.5,3.6
504,6565,4.5,3.4
597,1290,3.0,4.51
600,7153,5.0,4.0
571,1976,3.0,2.86
600,1923,3.0,3.34
326,2571,3.5,2.64
64,736,3.5,3.33
298,7460,3.5,1.56
387,4211,4.0,3.61
365,4995,4.0,3.61
599,458,2.0,2.41
68,350,3.5,2.67
434,33794,4.5,3.9
82,6537,4.5,4.03
477,61323,4.5,3.89
305,88140,3.0,3.25
489,8874,4.5,3.93
341,4447,4.0,3.03
380,3793,5.0,3.55
607,448,4.0,3.84
68,45950,3.5,3.48
424,2571,2.0,3.23
387,2206,3.5,3.97
156,3114,3.5,3.17
181,371,4.0,2.43
105,8957,4.0,3.83
374,1350,5.0,2.54
464,1835,4.0,4.79
288,27618,2.0,3.61
449,50,4.5,3.71
249,608,4.5,4.6
352,3355,4.0,4.06
274,4022,3.0,3.39
6,210,4.0,3.24
314,357,4.0,4.16
44,833,2.0,3.75
68,2993,4.0,3.28
182,8581,4.5,4.34
186,2710,3.0,4.17
210,589,4.0,4.24
414,104374,4.0,3.82
489,1967,3.5,4.06
33,1641,5.0,3.58
70,1270,4.0,3.6
603,3007,3.0,3.6
571,1334,2.0,3.2
372,1227,3.0,3.34
509,8861,2.0,3.52
395,377,3.0,2.85
404,539,4.0,4.2
274,60684,4.0,4.08
425,1573,3.0,2.88
98,1207,4.0,5.0
28,34405,4.5,3.77
263,7153,4.5,4.03
474,6936,4.0,3.65
599,27773,4.0,2.62
480,480,5.0,3.57
586,8368,5.0,4.29
399,8961,3.5,3.96
1,2048,5.0,4.28
492,1499,5.0,1.17
422,2841,3.0,3.16
256,71535,4.5,3.71
274,3082,3.0,4.47
414,5324,2.0,3.7
109,165,3.0,3.0
10,8969,3.5,1.69
70,7361,4.5,4.5
387,931,4.0,4.33
560,30707,3.0,3.26
497,1704,3.0,4.29
83,1960,3.5,3.99
249,82854,2.5,1.53
599,2797,3.5,2.31
265,531,3.0,4.0
232,783,2.0,3.05
294,1049,3.0,3.63
182,6881,4.0,3.25
476,377,3.0,3.43
132,2567,2.0,4.08
561,59784,3.5,3.52
19,2450,2.0,2.31
534,94777,3.5,3.11
414,34072,4.0,3.5
431,435,0.5,3.31
118,858,5.0,3.4
368,2194,3.0,3.19
448,104211,2.5,2.74
210,485,3.5,2.62
292,4386,3.0,3.32
99,380,5.0,3.35
263,593,5.0,3.32
325,3698,2.0,2.89
345,27751,5.0,3.66
256,117887,4.0,3.31
246,6942,5.0,4.0
382,4896,4.5,3.5
565,588,3.0,3.52
177,31685,2.5,3.58
393,3996,3.5,3.27
608,364,3.5,3.63
354,5459,3.0,4.05
596,1644,2.5,2.75
202,2001,4.0,3.09
561,8798,3.0,3.87
294,539,3.0,3.18
470,736,4.0,2.93
177,1499,2.0,3.01
474,6291,4.0,3.62
24,2916,3.5,3.61
7,8636,4.5,3.29
477,32029,3.0,2.8
603,417,3.0,2.44
68,2470,3.5,3.15
487,94959,2.5,4.05
525,93721,4.5,2.43
380,152173,4.0,3.54
109,366,3.0,3.11
606,1124,3.5,2.8
483,2593,3.0,3.88
555,743,1.0,2.85
567,113705,3.5,3.45
249,70336,3.0,2.85
601,1262,4.5,5.0
226,2081,2.5,3.41
198,1089,5.0,3.46
255,588,2.0,3.81
227,134130,4.5,4.14
226,500,3.5,3.49
559,494,3.0,3.03
288,2788,4.0,2.56
414,2294,4.0,3.21
305,75813,3.5,3.0
511,99114,4.0,4.47
233,4866,1.0,3.6
414,4267,3.0,2.68
424,107348,3.0,3.93
590,2115,3.5,4.06
14,7,3.0,3.8
380,837,4.0,2.67
282,139385,4.5,4.05
57,2770,4.0,3.72
57,1226,4.0,4.47
78,2716,4.5,2.36
82,7325,4.0,4.0
606,6890,4.0,2.89
239,2706,4.0,3.47
471,8874,3.5,3.98
350,788,3.0,4.0
232,30894,2.0,2.01
83,480,3.0,3.59
160,1627,5.0,2.82
414,6093,4.5,3.34
472,1193,4.5,4.2
1,2797,4.0,4.67
448,5952,4.0,2.93
428,3328,2.0,3.51
599,5508,3.0,3.12
307,44004,2.0,3.55
111,87529,5.0,2.9
305,7439,5.0,3.98
580,337,4.0,3.64
606,6573,4.0,3.11
50,103335,1.5,3.75
288,2134,3.0,3.05
196,1527,3.0,2.61
247,3578,4.0,4.48
438,2194,4.5,4.0
414,4595,3.5,2.92
307,203,2.5,2.32
307,45501,2.5,2.8
181,293,3.0,4.11
367,2108,2.0,2.95
304,1377,2.0,4.86
396,293,5.0,4.34
411,1,5.0,3.16
139,3827,3.5,2.4
139,106489,4.0,4.23
356,203,3.5,3.48
50,2019,4.0,3.17
298,50912,2.5,3.96
288,3448,3.5,2.92
274,3608,4.0,3.27
155,1883,4.0,2.25
181,587,5.0,3.51
113,1645,1.0,1.48
318,7151,3.5,3.89
136,267,4.0,2.71
307,7324,3.0,3.06
175,5410,0.5,3.52
160,1277,5.0,3.23
428,5900,2.0,3.58
156,47,3.5,4.17
187,4226,4.0,4.09
354,2321,4.0,4.16
168,750,5.0,3.33
111,53121,2.0,3.83
488,1198,3.5,4.14
270,648,3.0,3.63
113,39,3.0,2.24
427,1208,5.0,3.67
509,65261,3.5,4.15
500,2078,3.0,3.67
156,1225,4.5,3.9
274,4855,3.5,4.04
232,45950,3.0,4.14
152,904,4.0,4.71
293,1673,4.0,3.07
448,428,3.0,3.73
448,1079,5.0,4.57
286,1912,3.0,3.35
305,53519,4.5,2.25
253,3536,3.5,4.17
303,2683,3.0,2.87
522,56367,2.0,4.15
275,3578,4.0,3.77
588,766,3.0,2.88
603,1129,4.0,1.47
21,10,5.0,2.24
410,3608,4.0,3.6
387,1921,3.5,3.88
480,223,1.5,3.78
599,181,1.0,2.7
448,1604,3.0,3.78
380,71535,3.0,2.9
28,8493,3.0,2.21
474,49220,3.5,2.59
414,41527,4.0,4.23
28,61350,3.5,2.45
590,54001,4.0,3.98
489,586,1.5,4.08
6,848,4.0,4.1
129,1676,5.0,3.88
474,5353,3.0,4.47
111,5874,4.0,4.63
279,5378,1.0,3.25
84,46,3.0,3.66
452,3101,5.0,3.51
414,5072,4.0,4.11
199,1262,5.0,3.11
247,1682,5.0,3.82
388,86298,4.0,3.0
455,500,3.0,3.19
19,2387,3.0,3.76
178,4718,2.5,2.28
525,70286,4.0,3.4
448,88356,2.0,2.87
80,53972,4.0,3.37
504,1968,4.0,2.89
28,6993,1.5,3.25
18,40819,4.0,3.53
608,7158,3.5,4.0
212,93510,4.0,4.0
171,1148,5.0,4.69
82,34,2.0,4.47
282,1954,4.0,4.04
596,6934,4.0,2.81
91,1092,4.5,3.46
274,4040,3.0,4.46
111,61323,2.5,3.65
136,23,5.0,3.0
599,1221,4.0,3.13
370,1676,3.5,3.3
195,111,2.0,3.34
301,454,4.0,3.87
286,1407,3.0,2.45
566,364,2.0,3.54
599,3408,2.5,2.13
480,33669,2.5,2.04
298,106491,1.0,3.62
474,5971,4.0,3.53
448,3448,4.0,3.67
18,58559,4.0,3.38
114,106782,4.5,4.69
369,2126,3.0,2.01
141,48385,2.5,3.02
464,5026,5.0,2.48
391,4975,2.0,4.72
462,3037,5.0,3.55
476,454,4.0,3.51
247,5349,2.0,2.82
132,4239,2.5,2.84
79,3104,5.0,3.67
599,108090,3.5,3.42
555,3525,4.0,4.97
305,353,4.5,4.58
200,33794,4.0,3.9
219,1580,3.0,4.24
469,2527,3.0,3.33
69,2762,5.0,3.81
368,1722,3.0,2.45
232,7169,2.5,3.15
280,597,4.0,4.0
573,457,4.5,4.29
140,3861,2.0,3.16
219,2028,4.5,4.1
332,26131,4.5,3.81
474,1246,4.5,3.83
552,1201,4.0,4.21
318,4776,4.0,3.66
232,761,2.5,3.1
101,3394,1.0,3.61
93,2094,4.0,3.28
555,65,3.0,3.17
290,475,4.0,3.83
21,1573,2.5,3.68
156,898,5.0,4.64
469,2143,4.0,3.79
274,60040,3.5,3.27
177,2671,3.5,3.74
606,30749,3.5,3.57
610,93819,3.5,4.54
448,133365,2.0,2.25
369,60069,3.5,4.13
562,6870,5.0,3.8
425,45431,3.5,3.35
274,1197,4.0,4.42
606,2193,2.5,3.85
89,142831,4.5,3.05
232,51412,3.0,3.57
95,5445,4.0,3.55
32,996,3.0,3.24
66,1240,4.0,4.05
83,8622,2.0,4.21
28,43921,3.0,2.78
74,1209,4.0,4.86
50,101072,2.5,4.03
248,122916,3.5,4.19
606,5218,4.5,3.76
223,1285,3.0,2.4
414,6563,2.5,3.09
261,1682,4.5,4.0
89,119141,2.5,4.15
414,7340,2.0,3.75
207,3264,0.5,3.82
322,586,3.5,3.16
599,137218,2.5,2.56
294,1582,1.0,3.84
368,1653,3.0,3.14
434,5445,3.0,3.51
483,79132,5.0,3.53
68,2340,3.5,3.01
41,2115,2.0,4.45
182,1365,4.0,3.84
45,6333,5.0,3.82
477,1214,4.5,4.18
448,1954,4.0,4.21
381,6503,3.0,3.14
428,5055,3.5,3.36
274,575,3.0,3.46
495,5449,4.0,3.64
448,47810,1.0,2.51
603,1484,4.0,2.83
483,489,3.0,3.07
181,1084,3.0,3.08
318,62208,4.5,3.4
475,592,5.0,4.2
216,3521,2.0,3.0
66,4591,3.5,4.0
474,2182,4.0,3.5
305,1704,4.0,3.52
305,113573,4.0,2.77
109,62,5.0,3.94
408,79132,3.5,4.44
122,5171,3.5,2.86
414,2279,2.0,3.64
177,64620,3.5,3.38
495,551,3.5,3.67
200,1220,4.5,3.77
416,4967,4.0,3.88
474,3836,2.5,2.49
102,592,3.0,4.37
391,242,4.0,4.02
182,1291,3.5,3.17
610,63768,3.0,3.38
230,52973,3.0,4.1
240,367,4.0,4.17
42,361,3.0,3.92
492,1049,5.0,3.88
304,1466,5.0,3.21
380,34319,3.0,3.0
560,32,3.5,3.03
600,837,3.5,2.74
368,3716,1.0,2.31
522,72998,1.0,3.79
603,1916,5.0,2.93
414,3360,5.0,4.0
453,1777,3.0,4.02
73,74647,1.0,3.4
307,8011,4.0,4.08
609,329,3.0,3.45
326,81932,3.0,3.3
85,1641,5.0,3.95
514,59369,4.0,4.37
477,2628,4.0,3.52
590,3439,2.5,3.37
29,3578,5.0,4.27
314,553,3.0,2.59
279,109487,5.0,3.66
604,380,3.0,2.6
177,480,3.5,3.67
199,2067,4.0,4.0
100,2245,4.5,3.16
248,6365,3.5,4.07
64,5218,3.5,3.87
587,141,4.0,3.22
490,1499,2.0,1.24
51,4018,3.0,4.4
450,908,4.0,3.99
260,2122,3.5,3.16
391,1952,5.0,3.68
307,6586,2.0,3.23
593,6711,2.0,4.19
66,272,3.5,3.67
474,1544,1.0,3.2
514,81932,4.0,3.87
232,30793,3.5,2.83
425,4720,3.5,3.77
199,492,2.0,3.36
45,4369,5.0,3.48
503,1036,4.5,3.86
213,4558,3.0,4.18
219,5159,1.5,3.37
567,150254,2.0,3.01
590,431,4.0,3.13
135,1597,4.0,3.55
182,6188,3.0,4.38
541,281,3.0,2.45
599,5993,2.5,3.29
180,2571,3.5,4.46
14,539,4.0,3.55
330,2657,5.0,3.9
33,110,5.0,2.86
217,3430,2.0,1.39
448,367,3.0,3.97
377,344,3.0,2.5
462,86882,2.5,3.87
312,2716,4.0,2.59
564,47518,4.0,2.52
436,361,3.0,3.49
357,49530,4.0,4.44
580,2186,0.5,3.35
59,2763,5.0,4.39
256,102445,4.0,4.15
601,1,4.0,3.89
64,4310,3.0,1.61
509,112852,4.0,3.34
290,918,5.0,4.16
414,53894,3.5,3.97
51,7160,5.0,3.28
230,153,3.5,3.54
380,27822,4.0,4.11
239,2353,3.5,3.94
182,1608,2.5,4.06
221,1293,4.0,4.58
57,1282,4.0,4.7
523,6539,4.5,4.28
219,2580,4.5,2.72
239,2478,3.0,3.13
599,5541,3.0,2.98
483,2193,4.5,3.73
489,1259,3.5,3.92
142,296,5.0,4.07
89,132584,3.5,4.03
448,44665,3.5,4.12
282,80906,4.5,4.36
602,280,3.0,2.51
599,95510,3.0,3.39
274,3438,3.0,4.09
103,78499,3.0,3.81
599,2877,2.0,3.09
480,4247,4.0,3.6
156,945,5.0,3.9
249,59014,0.5,3.65
351,6874,3.0,4.29
182,41,4.5,2.55
105,4865,4.0,4.2
105,122882,4.0,3.5
338,189043,2.5,3.47
533,2571,5.0,4.24
563,69122,2.5,3.65
65,318,4.0,4.47
588,288,3.0,2.26
10,8529,3.5,4.76
233,174055,2.5,3.46
516,457,4.0,2.92
209,2028,4.0,4.04
458,1073,2.0,4.25
610,4369,3.0,2.79
384,2355,4.0,4.03
437,318,5.0,4.04
474,4808,2.0,2.97
112,36,0.5,2.27
590,2991,3.0,2.68
610,4902,4.0,3.18
260,1219,4.0,4.15
20,4161,3.5,3.54
290,858,5.0,4.45
599,93838,3.0,4.41
505,1241,5.0,3.83
483,62956,4.0,2.69
187,4641,4.5,4.58
356,2248,4.5,4.94
552,329,3.5,3.08
83,48394,3.5,4.59
28,1209,3.0,3.83
19,1047,3.0,2.5
509,231,2.5,3.42
458,261,3.0,4.58
312,3499,4.0,3.32
57,1513,4.0,3.57
448,49272,4.5,3.17
464,6934,4.0,3.94
357,1407,3.5,3.96
340,356,3.0,3.7
42,1245,5.0,5.0
391,4936,3.0,3.02
219,54997,5.0,3.35
177,37729,2.5,3.5
391,3260,4.0,2.54
47,356,4.5,4.15
268,2349,5.0,4.04
68,74789,4.0,4.33
441,98809,3.5,3.04
290,2013,4.0,3.39
438,6549,3.5,4.43
357,80489,4.5,4.06
28,3683,2.5,3.88
610,57421,4.0,3.41
220,34,4.5,3.95
428,2054,0.5,2.78
298,3785,2.0,1.15
182,4361,4.0,3.23
103,1028,4.0,4.17
450,1544,4.0,1.79
380,5010,4.0,3.9
603,4380,3.0,3.58
489,1204,3.0,4.24
610,68358,4.0,3.89
448,73015,2.0,4.05
462,1343,3.5,3.49
192,315,4.0,2.85
221,1834,4.5,1.99
610,134393,3.5,4.15
221,1923,4.0,2.79
132,6942,4.5,3.54
474,901,2.0,3.75
408,4701,4.0,3.29
50,1291,3.0,3.62
139,33794,3.0,3.64
382,4700,3.5,2.75
325,194,5.0,3.17
89,112138,3.0,4.35
417,2762,4.5,3.3
202,2150,5.0,3.28
244,2716,5.0,3.48
414,1997,4.0,3.39
479,4111,3.0,3.07
599,505,1.0,2.54
202,3006,4.0,4.06
596,2890,3.0,3.33
36,1376,2.0,3.33
274,1604,3.0,3.44
181,707,3.0,3.67
64,25,3.5,3.57
462,4361,2.5,3.82
414,6299,4.0,3.34
597,1193,5.0,4.14
489,7293,4.0,3.8
52,48738,4.5,3.5
569,380,3.0,3.4
51,1196,5.0,3.76
357,1378,3.0,3.57
82,344,3.5,2.68
290,2268,4.0,3.77
159,1088,4.0,4.34
534,59900,4.0,2.56
590,5816,3.5,2.9
58,736,3.0,3.77
312,5991,4.0,4.21
139,5418,2.5,3.1
80,63113,4.5,3.78
105,4878,5.0,5.0
232,4816,4.0,3.17
268,1047,4.0,2.84
122,1682,5.0,4.34
211,1246,4.5,4.22
339,89745,3.0,4.06
182,1447,4.0,3.89
414,4520,2.5,2.39
132,2324,4.0,3.14
604,316,4.0,3.47
222,485,2.5,2.81
232,39231,3.0,2.75
457,3072,4.0,4.41
317,47,5.0,3.26
156,2019,5.0,2.88
313,1690,1.0,2.15
294,610,4.0,3.23
357,66097,4.0,4.15
17,1032,4.5,2.06
380,72167,4.0,4.69
146,3686,4.0,4.01
288,1090,4.5,3.47
166,8665,5.0,3.24
495,140523,3.5,2.29
450,2858,4.0,4.0
567,89774,2.5,4.39
84,1173,3.0,3.74
232,8361,3.5,2.57
573,67087,4.0,3.57
307,58156,3.0,2.64
561,551,3.5,3.6
4,2467,4.0,4.66
274,542,3.5,3.23
82,1201,3.0,3.58
469,919,4.0,3.56
474,3844,2.5,2.99
307,3004,2.0,3.35
68,1234,3.5,3.48
203,2947,3.0,3.92
387,2302,2.5,3.86
474,33903,3.5,4.21
177,6942,5.0,1.86
307,2541,2.0,3.54
603,1711,1.0,2.26
199,1784,1.0,3.9
538,58559,4.5,3.11
182,2135,1.5,1.57
451,5,3.0,3.61
312,1278,4.0,3.81
610,105801,3.0,3.6
532,4262,4.0,4.02
561,33679,1.0,3.69
50,102407,2.5,2.98
44,786,2.0,3.76
132,30793,3.5,3.8
1,3578,5.0,3.33
66,21,4.0,2.98
307,4359,3.0,2.39
111,1676,2.0,3.61
590,30793,3.0,2.54
414,4903,4.0,3.5
140,6461,4.5,3.54
520,1732,3.5,4.47
182,1247,3.5,4.67
100,899,4.5,4.15
52,57528,3.0,2.92
160,1100,1.0,3.48
456,708,3.0,3.36
606,2232,4.0,4.46
599,3968,2.5,3.34
477,252,4.0,3.01
203,349,4.0,3.22
448,74532,1.5,3.21
339,97752,4.0,3.96
169,1288,4.0,4.72
534,79695,4.0,4.6
220,32,4.5,3.99
89,121781,5.0,3.96
380,30707,5.0,3.95
555,3497,3.0,4.05
216,4020,3.0,3.88
600,1230,5.0,3.77
376,10,4.5,2.99
462,8042,5.0,3.43
232,7258,3.0,2.64
226,44195,4.5,3.83
51,4591,3.0,4.0
45,261,3.0,4.93
7,2671,4.5,3.43
380,1583,3.0,3.94
474,5619,4.0,4.56
357,3114,5.0,3.83
182,2551,4.5,2.85
122,119145,4.5,4.15
414,6303,3.0,3.5
432,2712,3.5,3.44
589,1097,4.0,4.6
570,293,3.5,3.93
203,4886,4.0,3.61
166,1240,3.0,4.81
592,533,4.0,3.14
560,130576,2.0,2.43
391,2232,4.0,3.44
409,2492,4.0,2.87
51,934,1.0,4.02
599,41716,2.5,3.66
314,474,3.0,3.32
45,3421,4.0,3.73
247,5618,3.5,3.88
597,588,4.0,4.05
469,196,2.0,2.66
290,3260,4.0,3.14
476,252,4.0,2.53
387,5974,3.0,3.36
51,1845,5.0,3.76
380,8528,3.0,3.0
428,4223,3.0,3.83
307,7371,3.5,1.35
75,8961,4.0,3.11
249,91974,3.5,3.64
525,223,3.5,4.77
437,1291,4.0,3.7
351,40412,4.5,4.0
594,4794,0.5,2.81
483,52973,2.5,4.13
341,69122,2.5,3.71
419,4310,4.5,4.29
414,2428,2.0,3.35
42,784,2.0,3.96
103,33493,2.0,3.79
113,260,4.0,4.4
68,58559,5.0,4.3
590,1272,4.5,4.31
414,3948,3.0,4.0
260,6773,5.0,3.89
419,85394,3.0,3.31
263,7458,3.0,3.03
483,26444,4.5,2.86
599,112,5.0,3.36
603,2968,2.0,4.14
43,29,5.0,4.2
219,2993,2.5,3.03
1,2991,5.0,4.84
317,104879,5.0,2.79
462,127136,4.0,2.51
453,2558,4.0,4.32
448,700,3.0,4.29
205,95167,4.0,3.38
387,7346,3.0,3.55
357,596,4.0,4.06
91,1376,3.5,3.39
369,3638,3.0,2.58
180,2641,3.5,3.71
536,368,4.0,3.89
111,162478,4.5,3.83
227,296,4.5,4.54
222,2378,3.5,2.66
318,208,3.5,2.8
147,163,4.5,3.5
372,538,3.0,3.22
11,1616,3.0,3.12
380,3175,5.0,3.0
405,1252,3.5,3.5
307,1207,3.0,3.85
554,2497,3.0,2.1
477,54503,5.0,4.32
140,4848,4.0,4.06
603,1179,5.0,4.62
325,1614,2.0,3.41
217,2762,4.0,2.72
234,888,3.0,1.65
89,37384,2.5,4.02
394,454,2.0,2.65
188,1951,5.0,4.25
105,4823,3.5,3.29
112,3147,5.0,4.35
68,2915,3.5,2.89
4,21,3.0,3.32
391,5541,3.0,2.98
202,3740,4.0,4.13
610,91660,3.0,3.17
584,292,5.0,2.93
343,50872,3.5,3.68
38,457,5.0,3.78
105,5152,4.5,3.37
402,788,3.0,4.7
603,2074,4.0,4.2
221,3996,4.5,3.86
74,1617,4.5,3.05
606,3289,4.5,3.86
326,57669,4.5,4.27
21,135133,3.5,3.24
560,2761,3.5,4.0
256,117176,4.5,3.96
222,466,3.5,3.09
6,450,4.0,2.67
365,138210,1.5,3.43
482,1374,5.0,2.88
436,380,3.0,3.76
446,339,3.0,3.42
326,2338,2.0,3.53
44,494,4.0,4.02
18,923,5.0,3.43
380,6659,5.0,4.24
604,332,3.0,3.47
391,4967,3.0,3.58
414,6306,4.0,2.96
448,919,4.0,4.27
44,785,3.0,4.0
45,2485,4.0,3.88
226,56757,4.0,4.01
125,136864,2.5,3.62
232,3624,3.0,3.59
477,1358,4.0,2.68
42,4349,4.0,4.18
354,34319,4.5,3.25
573,6378,4.0,3.87
354,3471,2.0,3.95
391,858,5.0,4.71
514,2011,2.0,3.56
359,593,4.5,3.5
19,208,2.0,2.79
307,5418,3.5,3.5
591,3114,5.0,3.83
18,168252,4.0,3.2
307,4776,4.0,3.22
380,187593,3.0,3.37
608,2997,2.0,3.54
369,541,2.5,2.99
140,4161,4.0,2.37
199,2427,3.0,4.07
36,4220,2.0,4.19
214,17,3.0,1.89
474,2076,4.0,3.4
186,915,4.0,4.41
352,924,4.0,3.73
202,2414,4.0,3.22
605,37733,2.0,3.56
219,66297,4.0,3.35
219,4226,5.0,4.4
482,1923,4.0,3.57
489,3471,3.5,2.62
594,4823,5.0,2.69
68,5400,3.5,3.7
600,3911,4.5,2.91
517,56775,2.0,3.95
228,318,4.0,4.08
567,136016,1.0,2.14
22,8784,2.0,3.29
414,48516,4.5,3.79
314,588,3.0,4.45
221,26375,4.0,4.21
610,2976,4.0,3.79
189,318,4.0,3.71
551,377,4.0,3.69
482,6754,4.0,3.25
307,3843,1.0,2.86
105,93790,4.0,3.13
610,55995,3.0,3.01
509,59315,3.0,4.6
42,2263,4.0,4.08
96,3499,2.0,3.58
552,1617,4.5,3.97
606,648,2.5,3.29
288,2872,3.0,3.4
398,8641,1.5,3.2
365,86293,4.0,2.78
119,4370,3.5,4.32
477,2746,3.5,3.94
288,1375,3.5,3.36
555,2174,4.0,4.15
226,4247,3.0,2.21
356,168,3.0,3.61
599,2976,3.5,3.88
354,2455,3.5,2.49
336,34162,4.0,3.0
226,8981,4.0,2.67
443,91500,5.0,1.8
403,2502,4.5,3.74
477,3100,3.5,4.0
36,5464,1.5,3.06
64,6155,0.5,4.35
167,2710,1.0,3.67
8,39,3.0,3.45
560,93510,3.0,4.0
599,2231,3.0,4.57
584,434,5.0,3.31
95,589,4.0,4.3
522,67255,4.0,3.35
4,2858,5.0,3.88
474,4902,4.0,3.59
608,3988,3.5,2.59
599,44,2.5,2.77
455,111,3.0,4.34
474,7357,3.5,4.53
304,1028,4.0,3.43
438,3300,3.5,3.63
50,72378,1.0,2.72
372,356,3.0,3.77
448,5573,2.5,3.1
239,8984,4.0,3.82
216,3504,5.0,4.42
514,158830,2.5,1.47
419,2329,4.5,4.38
249,8529,3.5,4.24
425,2762,3.5,2.95
234,2140,4.0,3.95
84,1263,4.0,3.72
68,3553,2.0,4.02
256,6947,4.0,3.87
28,51540,2.0,3.07
234,1826,2.0,1.98
51,3799,0.5,4.35
465,2941,4.0,3.89
292,97470,1.0,1.87
19,1064,2.0,3.73
480,6615,2.0,3.94
28,31225,3.0,3.18
42,413,2.0,2.41
490,7361,4.0,4.36
514,1278,4.0,4.28
511,164179,4.0,3.92
304,1610,5.0,3.58
160,47,5.0,3.79
521,52,4.0,3.71
600,262,3.0,3.22
482,2688,3.5,3.97
376,2762,4.0,4.51
584,442,5.0,4.16
456,736,3.0,3.47
474,4644,3.0,3.39
298,91128,2.5,3.47
265,436,2.0,2.75
292,780,4.5,1.9
428,2716,2.0,2.34
284,367,5.0,2.93
263,1610,4.0,3.31
384,1206,3.0,4.85
153,44191,4.0,4.29
357,4034,3.5,4.04
238,1272,5.0,3.89
437,79,2.0,2.77
280,3755,4.5,3.8
45,934,3.0,3.92
414,2282,3.0,3.58
305,223,4.0,3.43
465,3654,4.0,3.45
599,87960,3.0,3.0
339,115210,4.0,4.08
600,2706,1.5,2.78
599,3190,2.0,3.33
596,8961,4.0,2.7
121,454,3.0,3.55
276,631,3.0,3.14
28,592,2.5,4.0
313,2028,5.0,4.2
50,3949,3.0,3.29
198,1252,4.0,4.7
607,112,2.0,3.63
177,54190,3.0,4.69
395,367,4.0,3.38
307,2716,3.0,3.58
387,3765,3.0,3.04
27,1200,1.0,3.63
500,2081,3.0,3.61
182,7076,4.0,3.6
584,339,4.0,3.72
434,260,5.0,3.32
307,1992,3.0,2.42
28,3499,3.0,3.43
474,3524,2.0,2.41
66,3029,3.5,3.75
57,3471,5.0,4.19
401,31658,3.5,4.04
202,2100,4.0,3.5
610,95088,4.0,2.75
414,4617,5.0,2.74
166,2716,3.5,3.59
279,6664,3.0,3.26
522,84152,3.5,3.15
391,2762,2.0,2.94
542,45517,4.5,3.47
438,1061,4.5,3.54
160,2078,4.0,3.7
52,50794,4.5,2.36
182,2728,4.0,4.65
606,953,4.0,2.72
567,1,3.5,3.73
99,337,5.0,4.52
474,6041,4.0,2.84
287,4954,1.5,2.69
438,5378,3.5,2.58
166,46530,5.0,1.49
414,6883,3.0,3.15
176,592,3.0,4.23
480,4033,4.0,4.13
287,671,4.0,3.52
232,79293,4.0,3.5
19,293,4.0,3.47
105,4015,3.5,4.02
495,106100,5.0,2.81
509,93988,4.5,1.52
144,8873,5.0,2.45
573,51935,4.5,4.15
249,34405,5.0,3.86
230,8961,3.0,3.86
210,122906,4.5,3.5
474,44199,3.5,3.74
339,90439,3.0,3.78
603,97,4.0,3.4
239,4878,4.0,4.0
414,1090,5.0,3.5
108,3978,4.0,2.83
7,6365,4.0,3.58
177,262,4.0,3.25
220,165,4.0,3.51
567,92234,1.5,3.5
509,783,3.0,2.4
409,1136,5.0,4.69
417,1206,5.0,4.42
385,1031,3.0,3.33
380,2948,5.0,4.93
381,3996,3.0,3.24
226,5349,4.0,4.17
250,4921,5.0,3.54
307,7321,2.0,2.31
474,1834,4.0,4.35
18,53996,3.0,3.09
343,7153,4.5,3.91
279,1196,5.0,3.82
453,165,5.0,3.68
585,1895,4.0,3.34
610,6296,4.5,2.81
428,2167,2.0,3.82
19,12,1.0,2.91
489,431,2.5,1.58
334,2571,4.0,4.8
534,4366,4.5,4.27
247,899,5.0,4.17
413,527,5.0,4.21
517,3269,2.0,3.4
249,122916,4.5,4.21
489,53993,2.5,3.99
64,3386,4.5,3.73
477,4270,0.5,3.45
430,5902,5.0,3.46
140,4886,4.0,3.43
84,475,4.0,3.95
414,3448,4.0,3.64
137,928,3.5,4.43
474,6422,4.0,2.86
414,5678,2.5,3.81
599,51091,3.0,2.41
323,1188,4.0,3.43
381,339,3.5,3.18
140,1747,3.0,3.97
414,7319,2.0,3.44
491,1682,4.5,2.44
600,2140,4.5,3.71
518,3101,3.0,3.04
282,8665,4.0,2.94
468,432,2.0,3.0
187,1466,4.0,4.54
83,72998,4.5,3.37
117,719,4.0,4.35
72,30825,4.0,3.63
183,2993,4.0,3.32
357,1220,3.0,4.79
580,2105,3.5,3.96
89,170993,4.0,4.38
129,239,4.0,2.56
564,1682,1.0,4.18
368,1396,3.0,2.95
448,104760,1.0,3.19
190,5989,4.0,3.53
28,608,3.0,4.36
68,5872,3.5,3.44
16,678,4.0,3.09
599,7033,2.5,3.18
474,7132,3.5,3.86
602,494,4.0,4.04
200,2671,4.0,3.27
415,3147,4.5,3.82
580,49272,4.5,4.34
387,1345,4.0,3.62
599,6811,3.0,3.11
125,69640,2.5,2.25
288,2369,3.0,2.18
573,1214,4.5,3.7
119,46723,3.5,4.23
290,3476,3.0,3.09
448,112852,3.5,3.51
387,951,3.5,2.67
182,1953,3.5,4.21
169,317,5.0,4.68
450,1972,2.0,3.38
56,356,5.0,3.19
514,1036,4.0,4.5
232,34150,3.0,3.61
325,4523,4.0,3.7
483,27721,4.0,2.64
239,48774,3.0,3.74
241,1193,4.5,3.73
603,2203,5.0,3.86
573,10,4.5,3.79
318,98809,4.0,3.13
409,3273,3.0,3.73
328,551,2.0,5.0
564,88672,3.5,2.52
169,594,4.5,4.06
19,1754,2.0,2.96
587,2973,4.0,3.88
387,1078,3.0,3.93
414,4816,4.0,1.45
1,1580,3.0,4.07
153,112454,3.5,3.69
477,355,0.5,4.81
33,17,4.0,3.54
588,253,2.0,3.85
448,2539,3.0,3.29
489,42004,3.5,2.65
312,4128,4.0,2.94
352,37380,2.0,4.2
202,2420,4.0,4.03
599,1136,4.5,4.17
66,224,5.0,3.34
145,1,5.0,3.21
63,5945,1.0,3.7
50,5816,2.5,3.35
356,5577,4.5,3.84
288,7143,4.0,4.19
438,1676,4.0,3.45
292,53460,3.0,3.06
106,72998,5.0,3.48
474,4063,2.0,3.34
129,208,4.0,2.78
200,2724,4.5,1.36
592,44,3.0,3.88
89,2918,1.5,4.25
24,134393,2.5,3.17
606,40629,3.5,2.31
90,617,4.0,4.83
307,3911,3.0,3.28
510,16,1.0,3.32
280,4232,1.5,4.02
474,3467,3.5,3.32
1,2640,4.0,4.17
558,4062,4.0,3.91
608,4720,4.5,3.42
593,8961,3.0,3.02
56,231,5.0,3.89
63,231,3.0,4.33
428,2137,3.0,4.0
132,253,2.0,2.94
20,4154,4.0,3.71
198,1644,3.0,3.55
357,6155,3.0,3.65
414,1499,2.0,3.86
387,1673,3.5,2.4
604,223,4.0,3.24
404,172,3.0,3.6
599,1246,4.0,3.5
202,2064,4.0,4.0
274,4899,1.5,3.06
305,163985,4.5,3.36
186,5214,4.0,3.29
414,6155,2.0,3.09
599,98122,3.0,3.17
305,6016,5.0,2.18
153,4995,3.5,3.05
474,2289,3.0,4.31
21,260,4.5,3.95
122,3253,4.0,4.39
56,367,3.0,3.33
474,3469,2.5,3.46
601,80549,4.0,3.69
603,1594,4.0,3.53
298,56587,2.0,3.73
573,2706,4.5,2.57
1,2387,5.0,3.14
414,809,2.0,2.83
239,524,3.5,4.39
527,1080,2.0,4.5
28,6617,4.0,4.67
19,2014,2.0,3.0
259,3793,3.5,4.01
304,21,4.0,3.45
597,1200,5.0,3.75
186,3479,4.0,3.87
380,3301,3.0,3.25
169,2792,5.0,4.16
125,117466,3.5,3.51
517,131656,2.5,2.55
477,41569,4.0,2.81
129,3034,4.0,3.45
482,1584,3.0,2.99
305,2011,5.0,3.98
564,8528,4.0,2.86
333,3826,1.0,2.51
414,45722,3.5,3.11
45,5378,5.0,3.59
318,2571,3.5,4.23
484,333,4.0,3.78
606,224,4.0,3.43
42,3515,4.0,3.42
543,3785,5.0,3.2
432,296,2.5,4.81
207,637,1.0,3.29
525,3979,0.5,2.93
563,2354,3.0,3.24
600,5585,3.0,1.69
288,3006,4.0,2.82
248,164179,3.0,4.92
140,6385,3.5,3.52
328,68157,4.5,4.22
610,71254,3.0,3.49
580,1356,4.0,3.67
235,474,3.0,4.2
474,1635,4.0,3.29
369,2959,4.5,4.45
344,3082,4.0,4.42
140,1021,4.0,4.03
121,47,3.0,4.14
414,58156,2.0,3.54
275,5049,4.0,3.36
350,805,3.0,2.85
331,88129,5.0,3.72
39,2987,4.0,4.24
268,2490,2.0,2.96
583,71535,3.0,3.58
572,852,3.0,3.37
305,3868,5.0,4.04
73,117881,4.0,3.82
165,1221,3.0,4.17
603,1271,3.0,2.96
610,5816,4.0,3.42
160,1320,5.0,1.77
95,1200,4.5,5.0
480,6754,3.5,3.22
430,6373,3.0,3.15
474,4068,3.0,3.6
530,350,3.0,4.0
226,364,3.5,2.95
279,8874,3.5,3.32
74,2076,5.0,4.33
503,1342,1.0,3.15
437,144,4.0,3.85
191,314,4.0,2.12
93,168,4.0,3.75
89,5449,2.0,3.7
156,2268,3.0,1.01
181,21,2.0,2.78
522,2628,3.0,2.41
91,296,4.5,3.9
448,593,5.0,3.81
486,32,5.0,3.44
600,2795,3.5,2.14
195,3148,4.0,4.08
249,71535,4.5,3.78
520,1748,4.5,3.89
226,6942,4.0,3.45
357,17,5.0,3.01
22,56788,1.0,3.47
414,41569,4.0,3.51
469,2124,3.0,2.16
304,1060,4.0,3.12
279,593,4.0,4.18
325,2912,5.0,3.04
414,1517,5.0,2.68
52,70286,5.0,3.77
477,5903,4.0,3.78
577,923,3.0,2.58
380,2857,3.0,3.94
606,3418,4.5,4.15
92,2572,5.0,4.63
489,60069,4.0,3.22
33,356,5.0,2.62
246,45517,4.0,3.44
414,1953,3.5,4.0
318,55363,3.5,4.98
488,595,4.5,2.69
4,892,4.0,3.54
86,60069,3.0,3.77
559,207,4.0,2.65
477,56145,4.0,3.16
542,318,5.0,4.34
42,780,2.0,3.27
599,5103,1.5,1.06
472,2134,3.5,2.54
581,5989,3.5,3.28
160,434,3.0,1.75
543,6373,5.0,4.52
199,1272,5.0,4.19
210,177765,5.0,2.63
523,7147,5.0,4.09
477,57368,4.5,2.43
76,117176,2.0,3.76
210,4896,4.5,3.42
517,116797,4.0,4.71
414,266,5.0,3.51
292,4085,3.5,3.04
327,6888,5.0,4.93
202,3638,3.0,3.92
474,5512,3.0,3.91
249,58998,4.0,3.68
168,543,2.0,3.89
525,76251,3.5,4.04
586,2916,4.0,3.58
119,119145,4.0,4.3
318,128991,4.5,2.7
62,116823,4.0,4.01
469,2150,4.0,3.17
448,138036,2.0,4.37
560,1485,3.0,3.88
160,1210,5.0,4.54
220,8644,4.0,3.68
47,163645,3.0,4.26
474,919,4.5,2.8
21,367,3.0,3.09
243,410,4.0,3.68
84,671,4.0,2.95
217,1080,2.0,3.67
6,333,5.0,3.0
573,1625,4.5,3.19
56,380,4.0,2.74
292,67197,2.5,2.54
21,1918,3.5,2.86
168,858,5.0,4.32
610,6934,3.5,3.76
354,1917,3.5,3.17
599,95965,4.0,3.33
414,4679,4.0,2.95
599,2288,3.5,3.82
294,2027,1.0,3.08
584,474,5.0,4.21
307,8969,4.0,2.65
610,6539,4.0,3.0
174,316,5.0,2.84
580,5444,3.0,4.38
517,969,1.0,3.26
7,587,2.0,3.4
382,158254,1.5,4.52
474,2205,3.0,3.86
222,1208,3.5,4.76
274,6005,3.5,3.99
298,81784,1.5,3.39
365,1777,3.0,3.27
425,55118,3.5,3.73
64,1204,5.0,4.6
352,1544,3.0,3.64
602,422,3.0,3.58
213,3409,4.0,3.17
414,37240,4.0,3.02
292,83349,3.0,3.32
343,4226,5.0,3.35
606,930,4.5,4.83
438,3754,2.0,3.52
419,3863,3.5,3.13
513,260,5.0,3.39
12,543,3.5,3.53
589,736,5.0,2.71
448,1982,1.5,3.24
274,1729,4.5,3.59
33,385,4.0,2.62
414,6365,4.0,2.56
68,58839,1.0,3.75
307,6951,2.5,2.69
165,5377,4.0,3.86
8,592,3.0,3.84
543,60408,5.0,3.18
599,1918,2.5,2.68
599,73321,2.5,3.54
391,1233,5.0,3.68
600,3988,2.5,2.57
62,3114,3.0,3.84
354,1704,4.0,3.84
307,72,2.0,4.12
288,1592,1.0,2.93
201,2145,4.0,3.75
474,25757,4.0,3.91
42,4040,2.0,4.7
414,3729,3.0,4.0
312,5219,1.0,1.92
599,569,1.0,2.42
307,5590,2.5,2.25
474,3549,5.0,3.69
474,1333,4.5,3.81
156,953,3.5,3.37
608,2571,5.0,4.98
347,589,3.0,3.65
382,42011,3.0,2.05
380,6957,4.0,2.01
414,2335,4.0,2.06
414,1399,3.0,4.25
376,5010,5.0,3.86
483,8798,4.0,3.07
186,3068,4.0,3.56
474,4263,4.0,3.63
98,46578,5.0,3.69
117,7,4.0,3.06
438,5952,4.0,3.68
68,1278,4.0,3.43
605,3269,4.0,2.56
600,1126,4.5,2.97
561,82461,3.0,3.37
177,3668,2.5,3.31
19,551,5.0,4.75
534,4728,4.5,3.01
369,839,2.5,3.83
42,593,5.0,4.14
187,1214,4.0,3.77
265,2985,4.0,3.76
414,3770,2.0,2.78
599,736,2.5,2.15
536,335,3.0,4.48
249,45186,3.5,3.39
525,109487,4.0,3.79
18,111759,3.5,4.17
351,6379,2.5,3.47
219,2791,4.5,4.59
185,3949,5.0,4.23
448,594,4.0,4.0
509,3034,3.0,3.12
240,500,5.0,2.97
174,39,4.0,3.92
382,2353,3.5,4.42
105,8636,3.5,3.72
116,2683,0.5,3.53
599,886,1.5,2.07
380,91630,3.0,1.52
469,590,4.0,4.44
10,4447,4.5,3.06
222,733,3.0,3.68
340,208,3.0,2.92
600,1244,5.0,3.82
590,5065,3.0,4.15
426,69844,5.0,3.34
534,60069,2.5,3.36
610,37733,4.0,3.62
274,5816,3.0,2.75
380,1690,3.0,3.47
143,3421,1.0,2.95
599,4578,1.5,1.46
495,78574,2.5,3.62
103,79132,4.5,4.2
410,3317,3.0,3.25
91,2949,3.0,4.32
365,120466,2.5,3.47
330,481,3.5,2.55
610,1255,4.5,4.66
288,1298,3.0,3.88
475,2011,5.0,3.41
571,3264,1.0,3.49
64,1961,4.0,4.21
474,376,2.0,3.78
219,648,4.5,3.34
414,3786,2.0,3.6
152,111,5.0,3.52
599,63222,2.5,3.46
232,5621,3.0,3.42
601,31658,5.0,3.64
286,7,3.5,3.72
600,648,3.0,3.19
331,4034,3.0,3.78
93,1015,3.0,3.65
603,2885,2.0,2.7
590,5401,1.0,3.6
263,2700,3.0,4.55
45,4502,1.0,4.04
608,1214,4.0,3.72
105,54272,4.0,3.64
582,94864,4.0,3.88
509,6539,3.5,3.36
345,838,5.0,3.2
575,1259,5.0,3.43
555,3660,3.0,2.56
448,118354,3.0,1.79
339,1594,4.5,3.53
599,1951,2.0,3.1
247,89745,3.0,4.09
474,1224,4.0,3.77
1,1954,5.0,4.52
122,4641,4.5,4.0
428,6482,0.5,2.5
169,631,3.0,3.12
219,442,3.5,2.37
288,1019,3.0,3.25
549,122924,5.0,2.94
43,150,5.0,5.0
166,4226,5.0,2.37
292,2115,4.0,3.07
298,40732,2.5,2.86
376,8961,3.5,4.06
474,7026,1.5,3.43
608,34319,4.0,2.88
103,1208,4.0,4.5
525,4014,4.0,3.64
599,2858,5.0,4.57
448,85401,2.0,1.93
217,1544,3.0,3.0
13,2145,3.0,3.41
60,50,3.0,4.2
298,30707,3.0,4.43
226,543,4.0,2.82
409,2485,3.0,2.61
159,65230,5.0,2.53
133,50,3.0,3.66
606,7092,3.5,4.0
477,71057,4.0,4.35
462,3814,3.5,3.86
196,5418,4.0,4.23
20,3438,4.0,2.55
416,830,1.5,2.01
20,1547,3.0,2.65
89,128944,3.5,4.28
382,56152,4.5,3.81
182,43396,3.5,3.87
474,1196,5.0,4.43
305,8368,3.0,3.61
517,46337,0.5,2.71
480,4305,0.5,3.53
414,3039,4.0,3.08
468,39,5.0,2.73
387,1230,5.0,3.28
19,3706,3.0,2.25
602,344,2.0,2.5
561,2815,3.0,3.22
20,2087,4.5,3.09
199,2918,4.5,4.76
489,6305,3.0,3.38
368,593,4.0,3.9
128,905,5.0,4.37
514,38583,2.5,3.1
153,1907,3.0,2.9
483,1256,4.0,3.93
96,1625,4.0,4.11
212,8961,3.0,2.92
220,1258,2.0,4.76
135,1343,3.0,2.76
200,4367,2.5,3.4
74,44937,4.0,2.39
573,6373,4.5,3.91
274,2052,3.5,1.87
226,3809,4.5,3.68
414,2367,2.0,2.72
105,64839,4.0,3.68
382,6332,3.0,3.41
202,852,4.0,3.72
298,86833,3.0,3.45
63,1196,5.0,4.18
202,1393,3.0,3.5
592,339,5.0,4.17
407,60069,2.5,3.61
414,2372,2.0,2.89
448,1729,4.0,4.56
211,8665,4.0,3.69
137,5060,3.5,3.54
385,1179,4.0,3.97
274,26242,3.5,4.13
222,86911,3.5,3.58
585,48516,4.5,4.21
135,2028,4.0,3.49
150,733,4.0,2.92
520,7454,3.5,3.37
448,1011,4.0,3.42
27,60,3.0,4.24
100,16,4.5,3.96
591,2490,2.0,3.04
387,2990,3.0,3.54
68,923,3.0,3.74
414,5293,4.0,3.89
132,1271,3.5,3.65
317,5418,3.0,3.78
492,1,4.0,3.53
580,6790,4.5,3.52
298,39444,2.5,2.99
284,376,4.0,4.19
66,799,4.0,3.51
187,1136,4.0,4.5
490,4447,2.0,3.41
95,3424,4.5,4.65
555,2571,5.0,3.84
480,7265,4.0,3.58
448,6428,3.0,2.82
288,2922,3.0,3.12
610,40732,4.0,3.5
610,81591,3.5,4.0
590,2066,3.5,4.29
76,33004,4.0,3.26
446,16,3.0,4.39
341,3988,3.0,3.3
318,2081,3.0,2.81
534,69436,3.0,2.51
408,33794,5.0,4.02
202,2402,2.0,3.13
599,548,1.5,2.59
474,74,3.0,3.21
567,26171,0.5,2.72
325,3544,3.0,3.93
233,527,4.0,4.0
474,6760,3.0,3.06
474,34072,3.5,3.36
232,45666,2.0,3.16
517,83270,2.0,2.74
410,296,2.0,4.95
156,1517,3.0,3.05
387,154,4.0,2.72
414,33495,2.5,2.87
268,1093,1.0,4.62
312,1130,4.0,3.9
287,4034,3.5,3.55
381,4993,4.0,4.78
241,4235,3.0,3.77
484,82852,4.0,1.33
477,2761,4.0,4.11
599,60365,1.5,4.26
600,2193,5.0,3.67
298,61160,2.5,3.97
280,916,4.0,3.9
489,88125,3.5,4.22
594,2058,4.5,3.65
288,2120,2.0,2.5
608,6365,5.0,3.12
580,7438,4.5,4.09
263,24,3.0,2.49
88,7153,5.0,4.25
142,527,5.0,4.08
438,4310,3.5,4.31
313,4499,4.0,2.69
610,5959,3.5,3.9
599,128197,2.0,3.28
91,6863,2.5,4.32
313,1080,1.0,3.75
318,6953,4.0,3.74
140,49910,2.5,4.0
135,2193,2.0,4.0
18,135569,3.5,3.33
489,2001,3.5,2.82
381,8529,4.0,3.03
199,3316,2.0,3.71
408,8972,4.0,3.08
307,2423,2.5,1.48
610,67923,3.0,3.98
469,1260,4.0,4.83
28,41997,3.0,3.18
382,7155,3.5,4.62
156,1288,4.0,3.87
275,2964,1.0,4.59
217,2167,2.0,2.51
111,7439,3.0,3.66
448,2109,3.0,3.61
520,1610,4.0,1.94
393,6539,5.0,3.33
34,2443,4.5,2.98
68,85780,2.5,3.01
438,180,4.0,3.92
310,2372,2.0,2.73
19,1973,2.0,2.0
237,2628,2.5,3.4
584,590,5.0,4.59
183,3256,3.0,3.19
64,370,2.0,3.35
371,2987,4.5,3.26
482,442,4.0,2.84
140,2912,3.5,3.77
330,64614,4.0,3.66
380,55553,3.0,3.37
155,2195,3.0,3.23
594,7046,0.5,2.64
82,368,3.5,2.59
298,2916,4.0,3.45
187,1732,5.0,4.07
290,2988,4.0,3.33
57,265,2.0,3.62
130,110,5.0,3.7
246,91542,4.5,3.79
75,8360,4.0,2.74
19,2393,3.0,3.95
68,78703,4.0,2.5
387,4441,3.5,3.79
160,379,3.0,3.53
599,4700,2.0,2.33
202,372,3.0,2.6
573,8636,4.0,3.41
249,88954,3.5,3.69
219,293,4.0,3.05
352,71156,3.0,3.75
381,5459,2.5,4.28
551,122918,4.0,3.29
563,112552,4.5,3.79
342,5014,5.0,4.06
91,4027,4.0,3.3
608,2335,2.5,2.77
597,380,2.0,2.67
274,2353,3.5,3.42
15,59315,2.0,3.19
226,4963,4.5,4.13
606,780,2.5,4.0
599,1089,5.0,3.11
280,70984,2.0,3.2
474,41285,3.5,3.65
354,50,4.5,4.46
428,4941,2.0,3.0
63,595,3.0,3.7
103,1387,4.0,3.21
480,318,5.0,3.11
13,3624,4.0,2.03
146,2085,4.0,3.21
246,36363,3.5,2.16
414,7236,3.5,2.82
14,339,4.0,4.71
378,7153,4.5,4.46
387,2985,3.0,3.85
181,466,2.0,3.64
45,2718,3.0,3.0
599,157,1.5,1.76
564,61132,1.5,3.3
514,586,3.5,3.6
298,3593,0.5,1.55
530,329,3.0,4.02
91,251,2.5,2.85
79,3578,2.0,4.59
41,115149,0.5,3.53
124,6377,5.0,4.3
274,2136,3.0,3.35
89,171811,4.0,4.0
301,377,2.5,3.0
525,1031,3.5,2.81
305,4226,3.5,2.91
371,1199,5.0,4.11
28,678,3.5,3.56
318,51174,3.5,4.0
249,3988,3.5,3.49
309,4326,4.0,3.01
125,93855,4.5,3.93
168,1252,5.0,4.62
212,31658,4.0,4.32
452,1954,4.0,4.49
126,595,4.0,3.61
195,2076,2.0,4.83
356,50,3.5,4.29
414,3365,4.0,4.43
491,31685,4.5,2.53
290,1333,4.0,2.59
509,91266,2.5,2.62
570,2115,4.0,1.42
325,2024,3.0,3.24
401,45722,3.5,3.41
448,4734,4.5,2.9
104,5541,3.5,3.57
600,7247,3.5,2.53
483,3967,4.0,3.3
177,2020,3.0,3.65
210,117192,4.5,3.32
275,1594,5.0,2.38
534,99117,4.5,3.47
249,1717,2.5,2.95
514,2902,3.0,2.52
448,4952,2.0,4.04
84,406,3.0,3.76
318,106918,4.0,3.51
460,2747,3.0,3.18
410,357,4.0,3.71
51,5254,2.5,3.52
413,1246,1.0,4.0
573,8641,5.0,3.69
381,8665,4.0,2.65
352,114180,4.5,3.19
339,90345,4.5,3.27
414,102445,3.5,4.14
419,2542,4.0,3.44
18,91658,3.5,2.93
514,3704,2.0,2.7
476,296,3.0,3.91
210,135887,4.0,3.9
564,58803,3.5,3.14
438,260,5.0,4.34
221,1721,3.0,3.35
51,5481,4.0,3.57
169,4308,5.0,4.64
21,435,1.0,2.65
555,724,5.0,3.14
170,500,4.0,4.42
140,7143,3.5,3.0
1,2459,5.0,4.38
28,62792,2.5,3.45
288,5418,3.5,4.23
469,5060,4.0,4.19
560,1907,3.5,2.96
404,36,3.0,3.71
209,71535,2.0,4.0
284,95,5.0,1.99
380,134524,3.0,1.35
603,2291,4.0,4.12
603,4450,4.0,2.54
304,1608,4.0,3.71
19,2706,3.0,3.93
318,3736,3.0,3.27
504,5377,4.0,3.72
103,4019,5.0,3.87
156,348,3.0,3.11
274,7449,2.5,3.01
474,929,3.5,4.25
140,4337,4.0,4.1
105,30812,4.0,3.18
591,2694,4.0,2.4
159,4246,5.0,3.85
28,1754,3.0,3.14
455,110,4.0,4.37
474,4975,3.0,3.85
292,30793,3.5,1.0
510,34405,0.5,4.4
331,4447,1.5,2.86
448,1209,5.0,4.46
596,86332,3.5,2.92
597,778,5.0,3.62
480,1921,4.5,3.64
322,780,3.0,3.82
141,91500,3.5,2.14
93,356,5.0,2.88
68,2918,4.0,3.2
381,53953,4.0,3.03
170,733,3.0,3.64
22,6502,1.5,3.86
603,1809,5.0,3.04
19,2423,4.0,2.79
608,6863,4.5,3.38
419,7022,5.0,3.5
125,2692,4.0,4.37
468,225,4.0,3.14
122,103253,4.0,4.31
449,2692,3.5,3.93
115,1377,1.0,4.21
274,47997,3.5,3.68
453,798,3.0,3.41
480,5577,4.5,2.67
318,71453,4.0,3.93
202,2457,4.0,4.0
288,32,5.0,4.19
490,5313,2.0,3.18
104,4941,2.5,3.45
17,50,4.5,4.44
558,296,3.0,3.58
6,254,3.0,3.09
570,653,3.0,3.07
332,92938,2.0,2.62
347,380,3.0,3.95
346,778,3.5,4.91
381,48304,3.0,3.92
610,2918,3.5,3.48
325,1191,2.0,4.12
469,3770,3.0,2.85
212,168254,3.0,3.62
186,1921,4.0,4.57
182,23,3.5,3.11
600,6538,3.0,2.42
580,4995,3.5,4.3
563,4017,3.0,3.12
265,2011,3.0,3.96
610,6867,4.0,3.01
288,8464,3.0,2.33
461,527,3.5,3.36
597,1198,5.0,3.79
488,955,4.0,4.31
184,109374,4.5,3.43
63,780,3.0,3.7
249,45662,2.0,3.52
449,186,0.5,2.89
453,356,5.0,4.86
520,42002,3.5,2.64
556,7153,4.0,4.09
580,292,3.0,4.56
221,2944,3.5,3.78
249,1206,4.0,3.98
513,2858,4.0,2.85
480,288,2.5,3.55
235,410,2.0,3.26
344,2571,5.0,4.79
125,522,3.0,3.68
79,260,5.0,4.0
177,4993,2.0,3.93
318,3300,3.5,3.09
111,87869,4.0,4.22
105,175293,5.0,2.72
443,2858,4.0,3.61
197,50,3.0,4.74
5,1,4.0,4.39
232,6338,3.0,3.64
288,8783,3.0,2.8
260,7022,4.0,3.6
280,4310,4.0,3.33
437,508,5.0,3.75
514,2301,2.0,2.44
489,4128,4.0,3.74
298,4228,3.0,3.54
410,4062,4.0,2.39
215,2915,3.5,4.27
281,7325,4.0,2.86
68,3984,4.0,2.77
117,589,4.0,4.0
580,680,3.0,3.17
298,2485,0.5,2.65
307,5309,1.5,1.91
367,3743,3.0,2.56
187,1198,3.0,4.77
594,11,5.0,3.0
4,1732,4.0,4.33
279,97304,3.5,3.14
332,5291,5.0,4.14
73,87869,3.5,3.67
218,1625,2.0,2.8
156,1923,4.0,3.07
114,122904,3.5,4.27
414,175,4.0,3.0
414,143385,4.0,3.49
275,852,4.0,4.06
177,7153,2.0,2.59
525,7090,4.5,3.94
7,49824,3.0,3.05
68,1388,2.5,4.16
201,1732,2.0,3.32
465,3686,3.0,4.11
599,1580,3.0,2.07
414,3836,5.0,2.09
57,707,2.0,3.68
305,74795,4.0,1.55
599,121231,3.5,3.51
169,6218,4.0,3.56
74,6791,5.0,4.57
42,590,4.0,4.23
28,51471,3.0,3.11
128,926,5.0,4.0
560,116797,3.0,3.78
469,2194,5.0,3.9
473,4979,4.5,3.87
100,1220,3.0,4.86
105,3310,4.5,4.11
274,6333,4.0,3.81
603,2734,4.0,2.17
280,27,4.5,4.04
608,37830,3.0,2.75
414,1961,4.0,4.18
202,1206,4.0,4.34
573,653,3.0,3.3
201,150,4.0,4.0
560,31685,3.0,3.23
391,1240,4.0,1.61
606,7093,4.0,4.06
182,44199,3.0,3.83
155,1,3.0,2.89
474,6335,3.0,3.62
608,1907,3.5,3.5
62,4995,4.5,4.29
534,97752,4.5,3.38
600,1962,2.0,3.5
565,539,3.0,3.58
373,355,1.0,3.81
45,2916,4.0,4.28
232,6331,3.0,3.6
245,3101,1.0,3.29
474,43333,3.5,4.41
597,2916,5.0,4.3
277,637,3.0,3.65
550,167296,0.5,2.95
182,1483,3.5,4.0
514,22,3.0,2.56
599,2005,1.5,3.57
416,3624,2.0,2.92
567,138036,3.0,3.82
345,3396,3.0,3.62
377,6021,5.0,2.77
103,551,4.0,3.78
177,58559,5.0,5.0
113,4126,4.0,1.98
259,1356,0.5,4.56
221,1090,4.5,4.1
81,380,2.0,3.83
111,160080,3.5,3.52
424,364,4.5,3.52
474,6228,4.0,3.88
328,1136,5.0,2.83
365,160954,1.5,3.38
234,1379,3.0,4.17
105,48872,4.5,4.41
590,6157,2.0,3.34
295,4973,4.5,2.43
474,26116,4.0,4.36
64,8832,3.5,3.22
135,2723,4.0,2.06
169,231,4.5,3.73
256,97938,4.5,4.41
74,55444,5.0,4.25
57,500,3.0,3.41
23,912,3.5,4.07
318,4967,4.0,4.49
599,85414,3.0,3.25
103,82854,3.0,2.04
339,30749,3.5,3.32
459,2571,4.0,2.68
414,5139,3.5,4.23
540,48385,4.0,3.45
47,141,2.0,2.87
318,8984,3.5,4.04
318,5218,3.5,2.62
224,3072,5.0,3.97
21,2671,4.0,2.6
534,87232,2.5,3.46
453,4153,2.0,2.75
132,1562,1.5,2.1
352,50,5.0,4.63
47,45950,3.0,3.17
288,3313,2.0,3.29
438,1517,3.5,2.01
334,58105,3.5,3.63
123,4886,4.0,4.65
380,3869,4.0,3.77
606,858,4.0,5.0
167,5418,4.5,3.66
68,805,3.0,3.36
483,3740,3.5,4.02
352,93840,4.5,3.88
452,2683,5.0,4.18
156,3134,5.0,2.14
42,4361,3.0,3.81
271,1282,3.0,4.09
368,920,4.0,4.46
125,83349,3.0,3.45
607,2716,4.0,3.13
91,1762,2.5,1.8
334,589,4.0,4.6
606,6436,3.0,3.71
56,457,4.0,3.53
365,48774,1.5,4.43
313,1994,3.0,4.22
330,1721,3.5,3.89
422,4939,3.0,2.94
577,1225,4.0,4.0
43,480,4.0,4.0
497,4973,3.0,4.54
317,288,2.0,4.38
448,102880,1.5,2.85
387,1952,4.0,3.56
590,53972,3.0,4.06
414,2496,3.0,3.28
125,2959,5.0,4.47
495,88129,4.0,4.46
52,65514,3.5,4.02
483,6365,2.5,2.5
422,3980,4.0,2.99
383,1196,3.0,4.76
279,115713,5.0,3.99
410,427,4.0,3.09
328,2762,2.0,4.47
44,104,4.0,4.73
288,1197,4.0,4.31
122,87306,4.5,3.37
414,4305,1.5,3.43
151,92,1.0,3.42
226,1517,4.0,3.69
169,788,4.5,2.73
474,3789,3.5,3.37
343,527,5.0,4.9
125,1590,2.0,3.89
132,60069,0.5,3.94
559,509,4.0,3.87
381,3396,1.0,3.46
418,2144,3.5,4.3
20,4447,3.0,3.09
351,90471,3.5,3.64
479,185,1.0,2.5
429,276,3.0,3.61
256,95441,3.5,2.38
275,3794,2.0,2.66
474,1496,4.0,3.41
263,6218,4.0,2.77
94,10,3.0,3.42
65,46976,3.5,3.84
212,2571,3.0,5.0
19,490,2.0,2.11
474,7451,4.5,3.17
414,5151,4.0,2.9
541,361,3.0,4.62
318,671,4.5,3.08
45,2687,4.0,3.59
274,5803,1.5,2.63
580,1441,3.0,3.55
597,2819,5.0,2.69
116,2724,5.0,3.11
236,3052,5.0,3.7
387,2088,2.0,2.04
477,2716,4.0,3.84
432,74458,4.5,4.47
216,905,4.0,3.9
202,3194,4.0,3.36
606,936,4.0,4.26
414,55830,3.5,4.09
414,115713,4.5,4.46
91,1261,4.5,3.5
551,84152,4.5,3.3
108,5316,4.0,3.56
495,1608,4.0,2.92
28,48326,2.5,4.01
586,1210,4.5,4.82
339,3967,3.5,3.61
380,2011,4.0,3.64
381,50872,3.5,3.12
339,6,4.0,4.05
380,47,5.0,2.74
113,1247,4.0,2.82
526,46578,5.0,3.62
580,6934,5.0,2.87
58,596,4.0,4.67
45,6,4.0,3.19
478,33164,0.5,2.84
246,541,5.0,4.07
462,5239,4.0,3.04
562,2648,3.5,3.89
483,93723,3.0,2.18
441,4980,3.5,3.48
356,3210,4.5,3.0
20,3751,5.0,3.19
474,8983,4.0,3.5
368,1129,3.0,3.47
414,2148,2.0,4.08
469,1278,4.0,4.32
41,31685,3.0,3.27
211,260,4.5,3.88
64,7701,3.0,3.53
47,171011,3.0,3.82
68,2950,3.5,4.18
453,3255,4.0,4.66
434,741,5.0,3.49
610,6156,3.5,3.04
543,377,5.0,3.7
606,3408,4.0,3.08
274,1265,4.5,4.48
275,3160,1.0,2.73
597,260,5.0,4.17
288,3785,2.0,2.55
543,344,4.0,3.47
610,4816,4.0,3.28
226,1042,3.0,3.91
448,5,3.0,3.53
564,64969,3.0,2.82
125,9010,5.0,2.65
433,174055,1.5,4.84
600,2123,3.0,3.0
590,1250,5.0,3.79
608,2423,2.0,2.37
313,1954,2.0,2.81
484,998,5.0,3.43
394,356,4.0,3.42
351,4995,4.5,4.45
79,457,4.0,3.87
514,165103,3.5,2.73
15,849,2.0,3.69
586,4963,4.0,3.59
202,2942,3.0,3.88
318,1022,2.5,3.43
307,51662,3.5,3.14
182,3045,5.0,4.01
68,8907,2.5,3.84
68,122918,3.5,3.48
68,6157,2.0,4.36
486,648,5.0,2.88
605,46972,4.0,3.47
72,1216,4.0,4.08
474,7311,3.5,3.29
448,101025,2.5,3.11
156,4973,4.0,4.85
474,2553,3.5,3.28
448,1967,3.0,3.39
41,2329,4.0,4.66
199,1641,4.0,4.43
387,500,2.5,3.36
234,2700,3.0,2.84
199,8781,3.0,3.69
307,6287,3.5,2.34
32,50,5.0,4.25
357,524,4.5,4.65
452,2393,5.0,2.96
594,4715,3.0,2.28
71,1,5.0,3.33
381,7361,4.0,2.82
490,1784,3.0,4.06
332,1270,4.0,3.89
132,1249,3.0,3.56
489,3052,4.0,3.13
555,955,5.0,3.55
226,4489,4.0,3.05
125,108932,3.0,4.31
89,909,2.5,2.45
290,1242,5.0,3.81
474,7051,3.0,3.4
580,1234,2.0,3.42
177,3534,4.0,3.91
309,48780,3.5,3.37
555,1007,3.0,3.31
89,93006,4.5,4.47
15,103249,3.5,3.35
563,63992,1.0,2.4
610,1200,5.0,4.75
89,905,3.0,2.6
93,153,4.0,2.78
603,3361,4.0,3.93
226,1240,4.0,3.5
326,1955,3.5,3.3
561,45186,3.5,4.04
76,63436,4.5,3.47
217,3274,3.0,3.0
419,37240,4.0,3.01
378,58559,4.5,4.84
191,269,3.0,4.63
274,788,3.0,3.66
586,68954,5.0,3.79
349,539,3.0,4.4
21,115617,4.0,4.89
301,110,1.5,3.9
372,1073,3.0,3.49
132,1079,3.5,3.94
249,52722,3.5,3.15
91,50,4.5,4.56
414,2482,3.0,2.97
232,4995,4.0,3.37
356,48342,5.0,4.47
215,1172,5.0,4.0
380,370,4.0,2.78
280,2396,3.0,3.73
469,1732,5.0,2.95
608,1994,3.0,3.5
418,127108,4.5,2.37
89,131826,3.5,4.02
416,2959,4.0,5.0
448,54272,4.0,3.34
599,1713,2.5,2.41
226,3087,4.0,4.03
50,1387,3.0,3.46
380,54286,3.5,4.14
448,50872,3.0,4.15
134,553,4.0,3.23
596,128908,4.0,3.34
534,112623,1.5,3.38
572,3135,3.0,3.2
305,2167,5.0,2.04
298,1968,3.5,2.68
489,3793,3.5,3.32
448,1227,5.0,4.65
119,110730,4.0,3.29
414,345,4.0,2.64
105,56782,4.5,3.81
84,1094,4.0,3.88
385,1287,4.0,4.42
509,46062,1.5,3.39
385,1305,3.0,4.0
217,1812,4.0,3.69
6,537,3.0,3.36
414,145,2.0,4.0
68,1276,3.5,3.49
28,41569,2.5,2.61
265,2701,2.0,4.66
346,8228,3.0,2.93
137,1267,3.5,4.04
414,3060,4.0,2.77
311,2706,0.5,3.33
204,293,4.5,4.54
182,3053,4.5,3.01
469,2009,3.0,3.24
318,1289,3.5,3.29
61,555,4.5,2.93
427,5506,3.0,1.59
239,1200,4.0,4.16
387,35836,3.5,4.29
297,319,5.0,4.26
572,924,5.0,2.58
599,107406,3.5,4.44
334,4225,3.5,3.63
599,5334,2.0,3.29
555,2458,4.0,2.77
313,332,4.0,3.03
275,1945,5.0,3.81
88,4995,4.5,4.37
599,2339,1.5,3.19
95,4732,1.0,4.0
156,2352,3.0,2.58
177,48412,3.0,3.59
103,5349,3.0,3.89
182,610,3.0,4.63
474,2728,4.0,3.76
372,1203,4.0,3.97
332,26564,3.5,3.84
603,1056,4.0,3.3
191,720,5.0,4.11
414,2759,3.0,4.23
286,39,3.5,2.38
610,56782,5.0,1.86
504,2321,4.0,4.42
380,5445,4.0,4.15
555,2987,4.0,3.5
605,5952,5.0,4.28
51,2826,3.5,3.5
376,1610,4.0,4.03
307,2406,2.5,2.88
480,5064,4.0,4.28
57,3704,3.0,2.04
573,6365,4.5,4.42
156,2243,2.0,2.93
448,3494,5.0,3.53
601,1221,4.5,3.06
42,16,5.0,3.71
234,2089,4.0,3.73
304,1242,5.0,2.79
21,2541,4.0,3.24
474,2746,2.0,4.0
276,2,4.0,4.22
70,1259,4.5,4.28
275,4886,4.0,3.12
534,94018,2.0,2.39
64,5956,4.0,4.27
307,454,3.0,2.06
479,82,5.0,3.54
132,1258,4.0,3.57
385,1281,4.0,3.9
36,2082,2.0,2.65
474,46578,3.5,4.49
414,5485,5.0,2.96
325,1805,4.0,2.92
28,6711,2.5,4.24
477,1831,4.0,4.17
597,42,3.0,2.85
606,345,4.5,3.01
409,3814,5.0,3.86
219,46322,3.0,2.13
156,924,4.5,4.25
21,34048,3.5,3.24
514,785,2.5,2.39
263,2125,3.0,3.09
610,7460,3.5,3.22
432,5349,2.5,3.41
359,1198,3.0,4.14
424,4816,3.0,2.9
477,216,4.0,3.84
182,2580,4.0,3.65
274,37720,1.5,3.16
469,610,3.0,3.89
331,296,5.0,4.0
514,7153,3.0,3.49
140,2819,3.0,3.36
20,3948,3.5,3.2
413,4993,5.0,3.96
606,6202,3.5,2.65
82,5220,4.0,3.39
462,1961,2.0,3.55
254,7090,4.5,3.66
38,222,3.0,4.7
287,799,2.5,3.82
279,112183,4.5,3.68
448,33004,3.0,2.54
567,122922,3.0,2.62
548,58559,5.0,3.98
111,170957,3.0,3.78
428,7361,4.0,3.43
113,1829,3.0,3.28
274,8807,3.5,2.6
357,553,5.0,4.52
126,500,4.0,3.47
474,4809,4.0,2.79
605,5667,3.0,3.28
571,3660,1.0,4.2
597,1527,4.0,2.88
182,3882,2.0,2.48
249,102123,5.0,3.86
175,38388,5.0,3.52
185,34,2.0,4.35
596,1136,4.0,4.08
552,553,1.5,3.06
466,57368,4.0,2.48
517,1282,5.0,2.95
63,111781,5.0,4.12
458,161,5.0,3.93
210,147380,4.5,4.5
599,37727,1.5,3.53
485,10,4.0,3.17
380,3300,4.0,3.25
316,1967,3.0,3.21
24,132660,4.0,4.15
305,45081,3.5,2.33
599,74696,3.0,3.5
599,2154,2.0,3.27
204,68954,4.0,3.76
282,1220,4.0,4.51
63,60069,4.0,4.08
25,58559,5.0,3.61
148,4896,4.0,3.84
125,97752,4.0,3.89
448,592,3.0,3.36
480,3535,3.0,3.23
603,1097,4.0,2.58
68,10,4.5,3.64
438,5903,5.0,3.05
414,66203,3.0,3.28
305,60069,5.0,4.34
232,34520,2.5,2.98
599,2719,1.5,2.43
409,1694,4.0,3.17
137,1272,5.0,3.76
256,170,4.5,3.93
18,171023,4.0,3.64
294,3699,1.0,2.14
305,3300,3.0,2.93
169,3147,4.5,4.0
241,71899,4.5,3.44
182,2808,0.5,3.41
610,8578,3.0,2.91
181,592,2.0,3.53
475,58025,4.5,2.27
33,1617,5.0,3.33
380,82461,3.0,4.07
484,87529,2.0,2.12
115,2028,5.0,3.54
561,86332,4.0,3.52
603,339,3.0,3.32
249,380,4.0,3.53
610,68486,3.5,1.72
52,150,4.0,3.03
292,2005,3.0,2.62
514,3552,4.0,3.27
368,2009,3.0,2.91
23,1809,3.5,2.78
174,539,5.0,4.19
221,1086,4.5,3.67
57,1517,4.0,3.4
298,79132,3.5,4.07
448,70565,2.5,3.11
19,2372,1.0,2.78
103,57522,3.5,3.99
256,2011,5.0,3.81
305,49530,4.5,3.18
64,3809,4.0,3.83
177,5943,4.0,2.7
156,5060,4.0,3.64
414,3020,4.0,2.87
367,4155,4.0,3.2
91,7123,4.0,3.25
139,56788,2.0,3.27
339,86504,5.0,4.28
221,5247,2.5,2.92
199,5670,3.0,4.36
560,3996,4.0,3.77
159,63082,0.5,3.14
577,435,3.0,3.23
599,128360,3.0,3.44
357,3897,5.0,4.64
189,2762,4.0,4.45
606,50,4.5,3.16
105,104780,5.0,4.12
580,1923,4.0,4.62
385,1,4.0,4.31
453,1393,4.0,4.74
448,4489,3.0,1.97
140,4299,3.0,3.16
91,2762,4.0,4.5
105,56174,4.0,3.6
160,353,5.0,3.69
246,838,4.0,3.38
263,597,4.0,3.61
367,1968,5.0,2.96
352,64614,5.0,3.93
91,158,2.0,3.1
391,555,5.0,3.92
286,5218,5.0,4.19
517,1230,1.5,3.48
414,230,3.0,2.45
51,2371,3.5,4.19
558,5064,5.0,4.54
448,5094,1.5,1.95
387,46970,2.5,3.52
493,2872,3.0,2.91
136,62,5.0,2.49
217,3197,3.0,4.47
51,2282,4.5,2.15
28,2194,3.5,3.21
495,72998,5.0,2.82
387,3536,2.5,3.41
344,3897,3.0,4.19
318,337,4.0,3.38
599,34292,1.5,2.41
492,1405,5.0,2.94
221,27741,4.5,4.53
482,647,3.5,3.04
89,164226,4.5,4.42
489,5541,2.5,1.66
57,3114,4.0,5.0
491,30825,4.0,3.78
64,27869,4.5,3.14
275,1267,5.0,4.47
493,3267,4.0,3.07
62,1246,4.5,4.57
483,61323,4.5,3.72
356,1259,3.5,4.59
483,3745,4.5,3.43
574,300,3.0,4.19
18,502,2.0,2.73
474,6535,2.0,3.45
414,3977,4.0,2.83
177,45447,3.5,2.78
287,5902,3.5,3.61
217,89,4.0,2.73
274,44974,3.5,2.11
135,1214,4.0,4.62
105,48516,5.0,4.34
91,3623,2.0,2.96
70,1210,5.0,4.64
586,27619,4.5,2.91
464,1036,5.0,2.39
356,2716,5.0,3.95
600,19,3.0,2.6
414,1037,3.0,4.27
156,3873,4.0,2.92
603,1208,5.0,4.06
274,4732,1.5,3.47
525,596,1.5,3.29
141,3578,5.0,3.5
474,1939,3.5,3.75
290,2935,4.0,4.0
599,1394,3.0,3.33
212,135861,2.0,3.77
274,2000,3.0,2.9
428,4890,2.0,3.27
78,380,4.0,3.92
604,233,3.0,4.26
504,6620,3.0,2.96
590,60074,3.0,4.31
567,134246,0.5,3.55
543,588,5.0,3.0
64,4306,3.5,3.07
211,3638,4.5,3.94
135,608,4.0,3.49
381,480,4.0,4.4
372,157,3.0,2.34
303,5502,4.0,2.63
474,1252,4.0,4.12
6,489,3.0,3.52
480,1101,4.0,3.63
528,97921,3.5,3.76
288,5349,4.0,3.67
229,434,3.0,3.01
603,1120,2.0,3.15
63,110,2.5,3.86
331,4638,2.0,3.25
305,2268,5.0,3.57
603,1680,4.0,3.03
276,837,4.0,3.72
559,349,3.0,3.17
537,69481,3.5,3.34
368,1240,4.0,3.94
367,3510,5.0,3.79
91,3263,2.0,3.92
415,4369,3.0,3.17
328,1380,0.5,3.23
414,1390,2.0,4.05
249,3978,3.5,3.29
331,40819,4.0,3.2
202,2355,4.0,4.41
489,5218,3.5,3.03
247,6365,3.0,4.16
274,5349,3.0,4.11
318,74458,4.5,3.05
500,342,2.0,3.45
76,4878,2.5,3.41
543,1387,5.0,4.87
339,1580,2.0,4.26
597,1090,5.0,3.63
116,30749,4.5,3.76
111,5025,3.0,4.05
479,351,2.0,3.73
