userId,movieId,rating,predicted_rating
432,77866,4.5,2.93
288,474,3.0,4.16
599,4351,3.0,3.5
42,2987,4.0,3.72
75,1610,4.0,3.86
51,177,4.0,2.58
354,51662,3.5,3.88
416,750,4.5,4.31
438,6503,0.5,2.74
73,8641,3.5,3.84
567,1203,4.5,4.19
391,1179,4.0,3.69
380,111362,5.0,4.4
305,55276,5.0,4.12
409,3868,4.0,3.37
307,6957,3.5,3.67
274,26736,4.5,0.0
125,6952,3.0,3.15
561,1278,3.5,4.1
68,6953,2.5,3.57
525,50872,3.5,4.32
414,3847,2.0,0.0
6,587,5.0,3.7
601,48394,4.0,3.93
325,32,4.0,4.06
82,5065,3.0,3.1
16,204,2.0,2.69
542,4816,1.5,3.53
32,39,3.0,3.3
140,2682,4.0,0.0
182,5643,3.0,3.89
89,42761,4.5,0.0
359,541,1.5,4.13
183,1408,4.0,3.77
111,119155,3.5,3.65
80,2513,4.0,2.42
448,117590,2.0,4.21
514,1258,4.0,4.29
68,1101,3.5,3.77
325,80,4.0,0.0
509,1588,3.5,3.15
131,31,3.0,3.2
45,2355,5.0,3.79
156,3167,3.0,3.74
440,1199,4.5,4.16
312,5065,3.0,2.98
57,2102,4.0,1.58
603,2020,4.0,4.3
337,778,4.0,4.08
116,356,4.0,4.23
122,63113,4.5,3.66
201,185,3.0,3.18
167,318,5.0,4.53
139,60072,1.5,3.22
68,628,3.5,3.86
16,293,4.0,4.05
448,99992,3.0,0.0
450,1073,4.0,3.95
178,380,4.0,3.57
599,59369,2.5,3.95
581,4226,4.5,4.16
215,1347,0.5,3.14
610,4228,3.0,2.06
81,288,3.0,3.2
414,2120,2.0,0.0
340,185,3.0,3.14
323,111443,2.5,0.0
232,586,3.0,3.32
186,3740,3.0,3.93
28,1245,3.5,4.4
195,4067,4.0,3.17
414,86190,4.0,3.13
596,141131,2.5,0.0
561,1394,4.0,4.26
602,448,3.0,3.59
202,2983,4.0,0.0
195,553,4.0,3.93
200,44761,5.0,3.81
387,5296,1.5,2.9
514,104841,3.0,3.8
510,2710,1.0,2.88
290,2385,3.0,0.0
221,446,4.5,3.47
598,7361,5.0,4.17
596,4014,3.5,3.71
414,157699,4.0,4.2
34,31685,2.0,3.23
62,2115,4.5,3.76
448,105211,3.5,0.0
137,1242,4.0,4.12
438,2642,3.0,2.32
606,47538,2.5,0.0
352,51662,4.0,3.94
572,3093,5.0,3.26
129,4878,2.5,4.05
279,164179,4.0,4.11
428,6365,3.0,3.46
152,858,5.0,4.37
328,1198,5.0,4.41
427,435,3.0,2.52
367,3751,5.0,3.62
599,97306,3.0,3.98
525,98243,3.0,3.82
111,78174,1.5,0.0
42,2735,4.0,2.78
606,2677,4.0,4.44
560,6863,3.0,3.57
19,422,3.0,3.42
51,3363,4.5,3.93
474,381,2.5,4.0
68,2096,3.0,3.78
189,7153,4.0,4.13
599,93723,1.5,0.0
556,41566,3.5,3.5
596,3623,2.5,2.83
387,778,4.5,4.44
3,2090,0.5,3.46
1,3740,4.0,3.95
73,99106,1.5,0.0
217,357,3.0,3.62
438,43928,0.5,2.23
282,55765,4.0,4.09
310,1247,4.5,4.1
448,122924,2.0,3.81
91,2990,2.0,3.5
103,4848,5.0,3.86
380,3156,4.0,2.87
566,552,4.0,3.34
298,77561,3.5,3.96
599,31921,2.5,0.0
381,4226,4.5,4.33
292,2376,4.0,3.32
43,596,5.0,3.49
50,127146,3.0,0.0
46,185,4.0,3.16
564,119141,4.5,3.56
89,117590,4.0,3.98
217,1963,1.0,3.63
140,3107,3.0,3.55
125,4738,4.0,4.02
274,74532,2.5,3.4
382,1702,3.5,3.11
560,122890,3.5,3.53
48,1527,4.0,3.76
338,183897,1.5,4.03
567,162606,1.0,3.77
475,122882,4.5,3.84
290,2772,3.0,2.84
7,8665,3.5,3.91
282,1704,4.5,4.27
6,26,4.0,3.57
599,66171,2.5,0.0
610,46970,4.0,3.7
469,733,3.0,3.76
256,39183,2.0,3.66
312,3863,3.0,3.09
132,7034,3.0,3.96
480,8861,2.0,3.39
414,82202,3.0,2.51
274,5804,2.5,2.96
217,3363,3.0,3.91
387,356,4.0,4.48
227,81845,3.5,4.14
226,2011,4.0,3.74
368,1957,4.0,4.22
587,380,4.0,3.58
488,7139,2.5,4.09
135,231,2.0,3.2
535,2539,3.0,3.08
529,653,4.0,3.09
62,6058,3.5,3.06
448,80590,2.0,4.1
14,592,2.0,3.48
368,1210,4.0,4.26
534,3483,4.5,3.17
221,4128,3.5,3.81
29,56174,4.0,3.54
474,4034,4.5,4.46
448,7319,3.0,2.23
21,7569,4.5,3.92
43,231,3.0,3.13
112,25,2.5,3.75
414,3127,2.0,3.7
352,38038,3.0,3.84
502,3147,5.0,4.11
339,4848,5.0,3.91
19,2723,5.0,3.11
45,784,4.0,3.02
368,3272,3.0,3.5
27,1148,5.0,4.09
608,5452,1.0,2.22
125,70286,4.0,4.06
187,2700,4.5,4.0
606,8454,3.5,0.0
551,112183,0.5,3.6
111,3988,3.5,3.16
285,474,3.5,3.72
370,4014,3.0,3.65
414,4103,5.0,4.79
474,1223,4.5,4.5
481,1653,3.0,3.95
606,1093,4.0,3.78
379,349,4.0,3.71
212,96079,4.0,3.89
160,4979,4.5,3.77
121,597,3.0,3.6
274,3285,2.0,3.34
437,527,5.0,4.3
577,494,3.0,3.4
414,97304,4.0,4.84
608,110,4.0,4.48
562,4135,5.0,0.0
477,2450,0.5,2.79
213,1240,4.0,3.92
590,8807,2.5,3.62
259,4886,4.0,3.92
222,59014,2.0,0.0
606,6874,4.5,4.0
140,1252,3.5,4.43
606,3426,4.0,3.33
298,48780,2.0,4.35
599,47,4.0,4.63
305,107314,2.5,0.0
28,44204,3.0,3.38
105,750,4.0,4.6
309,1263,3.0,3.99
567,104944,3.5,0.0
217,2733,2.0,0.0
246,7361,5.0,4.25
307,60487,4.0,4.0
27,5060,2.0,4.03
248,1291,4.0,4.09
19,842,2.0,2.52
332,7090,4.5,4.01
156,922,4.0,4.48
140,26865,1.0,4.39
303,1080,1.0,4.07
600,2174,4.5,3.6
489,923,3.5,4.12
560,134853,3.5,3.97
306,159858,4.0,0.0
4,3160,4.0,3.77
58,292,4.0,3.62
292,3682,4.5,3.3
91,1220,5.0,4.06
288,1591,3.0,2.59
76,541,3.5,4.17
380,171763,4.0,4.75
68,3105,3.0,4.12
105,107159,4.0,0.0
418,4571,4.0,3.66
64,1673,4.5,4.35
457,2858,3.0,4.08
287,8622,4.5,3.58
39,2580,5.0,3.96
560,1210,4.0,4.33
18,86190,3.5,3.22
140,4047,4.0,3.81
256,90405,3.5,3.5
103,912,5.0,4.46
307,48394,3.0,4.04
146,502,2.5,2.39
24,50,4.0,4.34
599,1220,3.5,4.29
50,103228,2.0,3.71
232,4720,4.0,4.06
477,1392,4.5,3.84
457,2490,4.0,3.44
135,4881,3.0,3.84
608,5072,4.5,4.19
16,50,4.0,4.34
410,3823,4.0,0.0
428,377,2.5,3.64
182,1769,3.5,3.13
169,1022,4.0,3.63
480,3355,4.0,3.21
68,2,2.5,4.19
307,39234,2.5,3.91
522,58295,4.5,3.55
64,4011,4.5,4.44
305,4016,3.5,3.9
219,5064,3.5,3.98
141,3489,4.0,3.43
230,2605,3.5,2.94
448,7373,3.0,3.45
462,102445,2.0,3.82
199,53550,3.5,3.31
125,95167,3.5,3.63
125,156371,4.0,0.0
445,527,3.0,4.28
317,7438,3.0,3.97
355,1198,5.0,4.24
169,4886,5.0,4.09
453,608,4.0,4.28
472,2431,4.0,3.48
606,4226,4.0,4.4
131,2393,3.0,3.06
354,7147,4.5,3.91
298,65982,3.0,3.88
382,61132,5.0,3.73
594,494,5.0,3.45
369,3033,4.0,3.53
75,435,1.0,2.53
381,2571,5.0,4.51
357,1101,4.0,3.45
357,918,5.0,3.9
480,2628,2.0,3.45
51,2762,5.0,4.04
474,586,2.0,3.53
298,149354,0.5,3.0
310,733,4.0,3.67
274,72378,2.0,3.21
156,2947,2.0,3.96
414,191,2.0,3.63
474,2261,2.0,3.76
280,73266,3.0,3.16
494,260,5.0,4.27
239,2302,3.0,3.45
610,7324,3.0,3.38
57,1,5.0,4.12
452,3273,4.0,2.6
217,2094,3.0,3.4
66,481,2.0,3.32
19,1848,2.0,3.28
580,1584,3.5,3.84
288,541,4.0,4.3
586,122918,5.0,4.06
517,2380,0.5,2.5
220,63113,3.5,3.52
560,56563,2.5,3.65
479,5568,2.0,3.27
28,2023,3.5,3.57
41,118900,4.0,2.65
305,142448,3.0,3.76
288,5378,3.5,3.46
116,1380,4.5,3.21
313,1449,5.0,3.86
522,2393,4.0,3.07
182,1197,3.5,4.5
420,8464,4.5,3.61
597,1196,5.0,4.39
313,2553,4.0,3.14
405,390,4.0,3.66
560,1196,4.0,4.43
438,186,3.0,3.35
495,4734,3.5,3.23
380,6281,3.5,3.72
129,32587,4.5,4.0
42,1663,4.0,4.04
309,2028,4.5,4.18
169,2028,5.0,4.28
6,881,3.0,2.38
509,1732,3.5,4.0
73,111320,1.5,0.0
441,1517,5.0,3.55
100,2108,3.5,3.57
593,44191,4.0,3.95
610,60471,3.5,0.0
68,2335,3.0,3.39
479,3361,4.0,3.77
564,106918,3.5,4.22
580,3556,5.0,3.91
274,4874,1.0,3.93
30,122904,5.0,3.91
156,1077,4.0,3.81
489,2124,2.5,3.47
186,916,5.0,4.08
64,2804,5.0,4.26
351,59369,4.5,3.69
469,3699,4.0,3.58
182,4056,3.0,2.26
6,719,2.0,2.96
346,527,3.5,4.28
528,3101,2.5,3.11
551,112175,3.5,3.89
226,2,3.0,3.76
226,2100,3.0,3.32
579,1580,4.0,3.55
83,318,5.0,4.51
368,1196,3.0,4.33
351,54787,3.5,0.0
227,32,4.5,4.03
182,1546,3.5,0.0
298,27808,2.5,3.67
38,161,4.0,3.71
452,924,3.0,3.96
351,6214,4.0,3.92
111,4228,2.5,1.9
599,104841,3.0,4.14
232,8360,3.0,3.91
105,1199,4.0,4.36
469,1747,3.0,3.48
509,48780,3.5,4.25
213,51662,3.5,3.78
217,2722,3.0,2.91
503,6711,3.5,4.09
115,1645,4.0,3.48
608,3752,4.0,3.37
288,2009,3.0,3.71
226,2329,4.5,4.46
68,2334,3.5,2.95
195,1573,3.0,3.46
275,1084,5.0,4.21
380,52950,2.0,0.0
371,4993,4.5,4.17
290,1674,4.0,3.77
246,7669,5.0,3.51
91,260,4.5,4.46
480,3168,3.5,3.55
12,838,5.0,3.76
606,2324,5.0,4.47
330,1288,4.5,4.09
63,1080,5.0,4.11
246,82202,4.0,2.41
34,2762,3.0,3.95
582,74458,4.0,4.1
104,94150,4.0,0.0
414,72605,4.0,3.83
448,2019,5.0,4.54
325,3175,4.0,3.67
131,3178,3.0,3.59
288,2762,3.0,4.26
344,110,4.5,4.07
195,4389,3.0,3.21
356,3477,5.0,3.29
357,4447,4.0,3.39
514,3385,3.0,2.86
271,1994,3.5,3.45
607,480,4.0,3.88
448,97858,2.0,0.0
79,3029,3.0,3.35
599,4848,4.5,4.05
130,592,3.0,3.48
517,2018,4.0,3.53
45,1769,3.0,2.89
387,7328,3.5,0.0
600,3093,3.5,3.31
414,5452,1.0,2.25
64,3052,4.0,3.76
81,377,3.0,3.56
288,2121,2.0,2.52
159,4306,4.0,3.97
189,593,4.0,4.18
247,69122,4.0,3.83
474,1293,4.0,3.98
211,36529,3.5,3.76
290,1385,3.0,3.11
301,364,3.5,4.03
599,85881,3.5,4.44
610,27904,3.5,4.21
456,3,3.0,3.25
52,293,4.0,4.07
232,72489,4.0,4.08
288,31427,2.5,2.31
68,56587,3.0,3.56
346,1348,4.0,3.6
238,858,3.0,4.3
594,2196,5.0,0.0
610,120635,1.0,3.38
497,410,2.0,3.15
432,7306,3.0,0.0
285,1333,4.0,3.57
123,91500,3.5,3.46
6,640,1.0,3.22
217,432,3.0,2.87
528,356,5.0,4.22
101,2716,4.0,3.76
219,54001,2.5,3.96
452,1610,4.0,3.94
43,79,5.0,2.82
240,653,5.0,3.16
534,33493,4.0,3.85
610,4975,3.5,3.88
298,109895,0.5,2.62
552,541,5.0,4.15
414,63113,4.0,4.63
165,441,3.0,4.03
610,106002,3.5,4.04
265,79,2.0,2.81
372,1221,5.0,4.39
19,377,4.0,3.77
525,4718,1.0,3.26
84,551,3.0,3.62
480,589,4.5,4.39
298,48322,3.0,3.63
70,8949,5.0,3.73
225,3253,4.0,3.44
387,33164,2.0,1.79
484,104,4.0,3.6
298,6283,4.5,4.01
195,4019,4.0,3.68
182,3910,5.0,3.68
414,73017,4.0,4.86
279,780,4.0,3.56
590,588,4.0,4.33
573,5093,2.0,3.12
68,4270,3.5,3.66
313,1344,4.0,3.94
464,8984,4.5,3.24
122,69784,4.5,3.49
65,109487,4.5,3.98
137,3471,3.0,3.89
249,95167,4.0,4.21
150,5,3.0,3.08
380,3421,5.0,4.01
495,89492,5.0,4.13
576,327,2.5,2.93
414,5009,4.0,3.69
477,3751,4.0,3.74
125,288,5.0,3.23
68,122904,4.0,4.54
21,102993,2.0,3.86
361,2167,2.0,3.48
50,164280,3.5,0.0
167,1385,2.0,3.09
520,1801,4.0,3.49
119,54286,4.5,3.82
372,1215,5.0,4.08
480,37741,4.5,4.16
103,37729,4.0,3.64
334,54881,3.5,3.95
310,2518,4.0,3.11
117,26,4.0,3.46
98,53464,2.5,2.52
448,3681,5.0,4.61
491,4018,4.0,3.17
50,318,3.5,4.49
517,2565,4.5,4.1
45,569,2.0,0.0
140,1580,3.0,3.71
96,733,4.0,3.71
274,1961,3.5,4.35
20,5171,2.0,3.09
357,2160,5.0,4.27
185,4016,4.0,3.77
372,249,4.0,3.73
347,47,3.0,4.01
292,3755,2.0,3.29
120,5,4.0,3.08
599,474,2.5,4.25
600,1393,3.5,3.8
195,4033,4.0,3.86
576,2826,4.5,2.81
294,2,3.0,3.64
103,1945,4.0,4.23
437,800,5.0,4.1
197,1209,5.0,4.26
199,3129,4.0,3.48
246,41569,3.0,3.44
525,45517,3.0,3.47
352,139385,5.0,4.0
365,103772,3.0,3.61
390,5618,4.5,4.21
17,2329,4.5,4.3
28,145,1.5,3.47
234,2568,3.0,3.01
65,116797,4.5,4.09
177,508,3.5,3.95
153,63082,1.5,3.97
105,146028,4.0,0.0
58,454,3.0,3.71
346,306,4.5,4.28
112,339,1.5,3.58
132,356,4.0,4.33
140,3168,4.0,3.54
187,431,4.5,3.82
330,1965,3.5,3.41
567,1260,4.0,3.67
111,8961,1.0,4.22
474,1197,4.5,4.71
368,2307,3.0,0.0
460,34405,5.0,3.98
307,34326,2.0,0.0
572,17,5.0,3.86
606,37731,3.5,3.97
298,102123,1.5,3.32
178,6539,2.5,3.84
475,60074,4.5,3.05
606,5628,2.5,4.1
469,1082,4.0,3.96
411,368,4.0,3.58
603,288,4.0,3.21
414,4068,2.0,3.36
217,3552,2.0,3.99
489,7318,3.0,2.68
469,2324,3.0,4.3
260,3911,3.0,3.68
19,3712,3.0,2.81
489,1246,4.0,4.32
177,8965,3.0,2.95
42,858,5.0,4.34
131,48516,3.5,4.32
469,552,2.0,3.53
477,2762,4.0,4.19
562,83134,4.0,4.0
140,609,3.0,3.7
288,2136,3.0,2.29
214,25,2.0,3.68
420,923,3.5,4.09
600,2162,3.5,2.57
74,1094,4.5,3.54
599,3070,3.0,3.17
540,8874,4.5,4.03
495,344,4.5,3.11
464,48516,4.0,4.36
220,377,3.5,3.66
42,2110,4.0,3.29
212,55247,3.5,3.95
307,3705,2.5,2.32
414,1080,5.0,4.21
292,130576,2.0,2.83
599,720,4.5,4.39
555,2642,3.0,2.44
287,3033,4.0,3.5
480,736,2.5,3.63
212,4027,3.5,3.92
305,8014,4.0,4.55
50,94677,2.0,3.81
483,33493,3.0,3.81
452,2533,5.0,2.97
11,1918,4.0,2.84
305,4232,3.0,3.09
201,1259,4.0,4.09
525,34150,1.0,3.01
448,45186,2.5,4.12
317,593,5.0,4.32
586,54001,4.5,3.94
265,1945,4.0,4.16
426,50872,3.0,4.01
156,1213,4.0,4.43
125,159415,4.0,0.0
49,79091,4.0,3.7
396,1276,5.0,4.3
497,858,4.0,4.36
570,49272,4.0,4.07
233,68157,3.5,4.18
272,3147,4.5,4.1
580,589,4.0,4.24
116,480,4.0,3.8
555,3591,3.0,2.87
370,5989,3.5,3.99
380,2334,2.0,3.02
608,5502,4.0,3.48
13,4011,5.0,4.14
599,3007,3.5,3.8
429,381,4.0,3.85
509,72701,3.5,2.97
414,1059,4.0,4.33
568,480,3.0,3.72
546,2455,3.0,3.45
533,103688,5.0,4.1
274,30883,1.5,0.0
103,7367,3.5,2.82
381,1704,4.5,4.31
564,44193,3.0,3.91
64,198,3.0,3.26
97,1193,4.0,4.22
325,30,4.0,0.0
414,53972,3.5,4.08
600,778,3.5,4.33
599,1663,2.5,4.37
132,1345,3.0,3.33
587,590,5.0,3.88
160,3877,2.0,2.28
51,6786,3.0,4.33
217,2152,2.0,0.0
274,4344,3.5,3.42
249,106100,5.0,4.51
265,2968,3.0,3.87
391,4334,5.0,4.45
368,3768,1.0,0.0
51,3,4.0,3.42
219,34405,4.0,4.02
572,1272,5.0,4.19
577,593,4.0,4.28
307,4002,2.5,3.96
7,480,5.0,3.81
367,3623,4.0,2.74
15,527,5.0,4.31
58,223,3.0,3.95
570,778,4.0,4.18
275,6122,5.0,0.0
109,593,4.0,4.22
309,1198,4.0,4.27
198,1639,2.0,3.61
249,103980,4.5,0.0
91,344,3.0,3.18
132,5225,3.0,4.1
334,2959,3.5,4.37
225,2248,4.0,3.9
414,5346,1.0,0.0
226,8917,2.0,3.7
249,20,3.5,2.56
290,2565,4.0,4.14
111,2571,0.5,4.51
410,3088,4.0,3.95
331,6541,2.0,2.66
232,53322,3.5,3.91
6,43,4.0,3.09
169,3755,4.0,3.29
432,81417,4.0,3.58
599,8910,2.5,3.65
469,1356,3.0,4.01
414,6574,1.0,0.0
474,3264,3.5,2.78
610,115727,5.0,0.0
359,2396,3.0,3.89
187,145,1.0,3.41
514,260,5.0,4.35
548,1621,4.5,0.0
517,80969,4.0,0.0
19,3622,3.0,0.0
209,140956,3.5,0.0
298,60293,3.0,0.0
386,165,2.0,3.61
359,1544,3.0,2.75
28,481,3.0,3.34
596,115617,4.0,4.11
1,2353,5.0,3.53
27,367,4.0,3.25
219,2078,3.5,3.93
125,108727,4.0,0.0
220,69526,3.0,2.53
123,2329,4.5,4.24
522,79008,4.5,3.95
599,4200,2.0,0.0
318,56145,3.0,3.63
268,2324,2.0,4.21
385,282,3.0,3.4
478,33794,4.5,3.83
300,7361,5.0,4.18
140,1213,3.0,4.53
298,106489,3.5,3.48
282,2375,5.0,2.9
414,87304,4.0,0.0
217,410,3.0,3.35
603,345,3.0,3.97
125,168252,3.5,4.45
299,1198,4.0,4.24
221,1321,4.0,3.4
21,79592,3.5,3.5
294,2477,2.0,4.47
279,4886,3.0,4.03
514,592,2.5,3.57
599,2803,2.0,3.03
122,7022,4.0,4.09
600,1348,2.5,3.7
80,6874,4.5,4.01
288,2456,1.0,2.55
218,1250,4.0,4.06
414,5992,3.5,4.23
564,71535,3.5,3.98
246,65261,5.0,4.17
460,3114,4.0,3.84
99,293,5.0,4.01
603,3623,3.0,2.79
3,1263,0.5,3.91
275,2134,3.0,3.38
201,2336,4.0,3.78
368,3810,3.0,0.0
99,318,5.0,4.46
91,750,5.0,4.47
288,1290,2.0,3.72
608,2490,5.0,3.46
356,2797,4.0,3.9
18,48516,4.5,4.63
288,4443,3.0,0.0
105,541,4.0,4.26
18,2692,3.0,4.18
28,2716,1.5,3.85
288,2035,3.0,3.94
180,2959,4.5,4.3
448,3114,5.0,4.28
177,5419,2.5,3.03
562,7340,4.0,2.56
523,127052,4.0,3.81
414,103048,4.0,0.0
58,32,5.0,4.01
567,26717,0.5,0.0
483,95875,3.0,3.35
219,61246,2.0,0.0
490,35836,3.0,3.61
417,5952,5.0,4.05
414,40826,2.5,3.49
110,3268,3.0,1.73
381,3826,2.0,2.55
11,2028,5.0,4.17
326,5446,4.5,3.52
428,4886,2.0,4.03
546,158,2.0,2.84
216,2144,3.0,3.75
167,3671,3.5,3.98
472,3298,4.0,3.71
480,1690,2.0,3.22
418,116797,4.5,4.13
438,6888,1.5,2.43
57,1784,4.0,3.96
105,170705,5.0,4.41
95,6979,4.0,3.34
62,46723,3.0,3.76
140,848,4.0,3.07
580,45499,4.5,3.55
113,1043,2.0,2.5
559,6,5.0,3.98
199,377,2.0,3.68
248,122904,4.5,3.88
606,969,4.0,4.15
414,1094,3.0,3.75
482,2174,4.0,3.49
509,2657,3.5,3.32
7,4963,4.0,4.01
305,122926,4.0,4.49
586,6156,4.0,3.24
199,3671,4.5,3.98
305,1199,4.0,4.36
325,293,3.0,4.08
305,25,3.0,3.89
474,8266,2.5,2.61
91,3000,4.0,4.14
527,5040,4.0,3.04
428,6880,1.0,2.03
580,2012,3.0,3.56
57,1036,4.0,4.11
567,94959,3.5,4.0
305,103339,4.0,2.88
414,3916,4.0,4.36
105,1281,5.0,4.08
198,36,5.0,3.87
233,159817,4.0,4.16
219,60684,4.5,4.11
387,8290,1.0,0.0
19,1257,3.0,3.89
68,5266,2.0,3.48
332,85510,3.5,3.15
448,79259,2.5,0.0
534,45431,3.5,3.97
480,4018,1.5,3.35
371,56715,5.0,3.99
186,2688,4.0,2.91
387,55820,4.5,4.2
103,4306,3.5,4.1
387,969,3.0,4.21
451,141,4.0,3.56
368,3430,3.0,3.51
365,4896,2.5,3.85
182,1222,5.0,4.56
112,68954,4.0,4.07
64,2369,3.0,2.55
553,555,3.5,3.87
597,2040,4.0,2.66
219,1079,2.5,4.18
448,99106,2.5,0.0
560,45722,3.5,3.64
427,1527,3.0,3.75
491,4246,3.5,3.66
542,4369,0.5,3.2
599,2359,2.5,3.61
19,1196,4.0,4.42
182,6620,4.0,4.12
240,761,3.0,2.97
177,70159,2.5,3.0
362,1945,4.5,4.18
567,364,2.5,4.06
91,555,3.5,4.11
573,4388,4.0,2.6
202,3725,3.0,0.0
225,1219,3.0,4.03
599,97950,2.5,0.0
220,2450,0.5,2.64
100,235,1.0,3.76
68,8910,1.0,3.62
113,2671,2.0,3.48
599,82167,2.5,3.12
318,117364,4.0,0.0
522,49272,5.0,4.09
8,377,4.0,3.58
438,223,3.5,3.98
68,3160,2.0,3.71
603,156,2.0,0.0
211,89864,3.5,3.68
177,7263,3.0,3.49
212,109374,4.0,4.0
317,112556,3.0,3.86
405,1247,4.0,4.09
109,47,3.0,4.05
368,832,3.0,3.47
6,22,5.0,3.41
140,362,4.0,3.9
68,337,3.5,4.06
73,33836,3.0,2.3
393,54259,5.0,3.68
140,4234,3.0,3.34
571,2548,2.0,1.71
339,84152,4.0,4.17
117,778,3.0,4.11
103,134881,5.0,0.0
119,4344,4.0,3.24
573,112852,4.5,4.38
219,3785,2.0,2.99
28,55820,4.5,4.1
156,2752,3.0,2.88
233,59315,3.0,3.95
584,208,4.0,2.98
253,44633,4.5,0.0
182,1729,4.0,3.8
73,64957,3.5,3.77
471,78499,4.5,4.24
264,595,4.0,3.84
474,933,3.5,4.99
387,6874,4.0,4.03
411,427,1.0,2.57
288,2846,3.0,4.3
603,3160,4.0,3.73
599,26662,2.0,4.68
474,25769,4.5,0.0
370,1210,2.0,4.21
354,1035,4.0,4.0
560,1288,4.0,4.02
558,5420,5.0,2.56
584,165,5.0,3.68
7,3354,1.5,2.71
474,2670,3.0,4.49
560,62849,3.5,3.96
529,32,5.0,3.97
560,92694,4.0,0.0
418,88129,4.5,3.74
518,1276,4.5,4.29
447,445,4.0,2.97
352,93510,2.0,4.1
221,296,5.0,4.37
419,2028,5.0,4.26
141,6373,3.0,3.41
448,2142,3.0,2.97
423,480,5.0,3.73
191,1,4.0,3.94
141,2700,3.0,3.98
140,39292,3.5,3.73
433,79132,3.0,4.17
603,1279,4.0,4.3
469,2762,5.0,4.11
307,39183,3.5,3.84
1,1278,5.0,4.03
414,464,2.0,3.86
117,1027,3.0,3.05
608,2124,3.0,3.54
298,6503,1.0,2.73
208,2617,3.0,3.2
387,3334,4.0,4.16
436,420,3.0,2.86
305,64620,3.5,4.08
301,1672,4.0,3.37
599,6793,1.0,2.65
199,3063,2.0,2.37
198,2340,1.0,3.43
523,594,4.0,3.57
54,17,3.0,3.77
330,778,4.0,4.22
599,256,2.0,3.4
600,1240,3.0,4.08
18,3751,3.5,3.74
23,296,3.5,4.29
125,147142,3.0,0.0
274,2986,3.5,2.7
387,7438,4.0,4.07
298,96737,3.0,4.25
8,252,3.0,3.48
305,1234,5.0,4.25
174,349,4.0,3.75
571,1387,5.0,4.02
222,370,3.0,3.14
509,64957,2.5,3.88
219,4643,2.5,2.97
573,1225,4.5,4.28
480,4158,3.0,2.14
587,2738,4.0,0.0
597,2474,4.0,3.6
73,88140,4.5,3.78
263,2724,3.0,2.77
481,1672,2.0,3.34
62,139385,4.0,4.1
491,49286,4.5,3.13
606,4392,3.0,3.24
254,2840,3.5,2.79
428,8861,3.0,3.18
474,3258,2.5,3.05
288,3095,4.0,4.23
249,2353,4.5,3.85
462,111,5.0,4.34
606,6100,4.0,0.0
353,145,3.0,3.39
28,58803,3.0,3.92
140,648,4.0,3.83
395,316,3.0,3.42
480,5955,3.0,4.06
368,1995,2.0,1.6
474,2206,4.5,4.11
68,1476,3.0,3.91
595,1912,5.0,3.86
448,2124,3.0,3.62
18,80489,4.0,4.23
604,595,3.0,3.85
414,5524,3.0,3.85
141,1732,4.0,4.0
356,2353,3.0,3.56
331,7361,4.0,4.26
111,1907,3.5,3.78
64,1552,2.0,3.19
242,292,3.0,3.48
36,4025,2.0,3.11
424,318,3.5,4.51
66,4027,4.0,4.0
551,260,3.5,4.31
555,3448,5.0,4.07
489,736,2.5,3.58
414,1210,5.0,4.61
159,56367,5.0,3.84
599,104,2.5,3.91
84,105,3.0,3.33
176,780,4.0,3.5
17,58559,4.5,4.31
555,2091,3.0,2.04
379,527,3.0,4.24
160,198,5.0,3.24
387,5902,3.5,4.2
553,6378,4.5,3.7
558,555,3.0,3.82
217,2278,2.0,3.73
181,590,3.0,3.89
480,7147,4.5,4.19
414,1247,5.0,4.52
334,377,3.0,3.6
307,455,0.5,2.91
105,111360,3.5,3.04
249,7022,4.0,4.34
476,73,4.0,3.52
6,19,2.0,2.91
220,3751,3.5,3.63
414,2081,4.0,4.11
517,88125,3.5,3.94
395,110,4.0,4.06
42,2805,4.0,3.15
334,34405,4.0,3.97
469,3210,3.0,3.62
155,1302,3.0,3.58
480,1625,2.0,4.07
217,2384,4.0,2.77
572,2987,2.0,3.66
483,59784,4.0,3.89
368,858,5.0,4.4
481,1615,3.0,3.12
187,27846,4.0,3.94
298,84772,0.5,3.52
346,7179,2.5,0.0
425,33166,3.5,4.06
249,2117,3.5,3.69
610,54648,1.5,3.43
249,104211,3.5,4.69
534,112818,3.5,3.54
39,592,4.0,3.52
217,1882,2.0,2.04
325,3918,4.0,3.3
109,383,3.0,3.13
325,2155,4.0,3.39
57,1270,4.0,4.24
395,500,3.0,3.48
89,7297,3.5,3.76
38,435,2.0,2.57
70,72011,4.5,3.62
94,17,1.0,3.78
460,68954,4.5,4.1
6,218,2.0,3.74
567,112290,0.5,4.14
367,3793,5.0,3.78
276,135,4.0,2.98
448,3263,4.0,3.3
477,3720,4.0,0.0
379,597,3.0,3.59
25,60069,5.0,4.14
241,68157,4.5,4.14
111,8807,4.5,3.84
105,2360,4.0,4.57
562,1625,4.5,3.85
453,4014,5.0,3.75
193,307,3.5,3.87
20,783,3.5,3.5
483,1923,4.5,3.9
469,3006,3.0,3.89
122,1345,4.5,3.42
279,105504,3.0,4.24
448,148592,3.0,0.0
232,71057,3.5,3.64
64,4448,3.5,3.54
560,78772,0.5,2.63
410,1207,4.0,4.21
448,1244,4.0,4.45
89,8814,2.5,2.09
274,53125,3.5,4.06
249,37380,3.0,2.9
219,2617,3.0,3.36
380,5459,4.0,3.5
483,3257,2.5,3.01
581,6377,4.5,4.03
104,3675,3.5,4.31
437,168,2.0,3.14
79,3197,4.0,2.62
488,1957,3.0,4.27
182,1208,5.0,4.39
28,6157,1.5,2.72
68,72998,5.0,4.25
292,3564,2.0,1.78
380,1676,5.0,3.6
256,118696,3.5,3.59
232,43836,1.5,3.09
50,899,4.0,4.12
64,2746,4.0,3.49
368,2455,3.0,3.56
477,1089,4.0,4.52
307,2806,0.5,2.59
287,8937,4.0,3.55
298,7153,4.0,4.43
480,1962,5.0,3.86
350,608,3.0,4.14
63,53000,2.0,3.83
381,1036,2.0,4.09
420,4886,3.0,3.99
199,6378,3.5,3.76
343,2858,4.0,4.1
419,2710,4.0,2.89
414,7981,3.5,4.74
610,27032,4.0,0.0
474,3099,2.5,3.81
289,266,3.5,3.39
593,45722,1.0,3.54
580,3176,4.0,3.39
597,1086,5.0,4.23
271,1120,4.0,3.61
356,65126,3.0,0.0
177,104841,3.0,3.97
274,2723,3.5,3.28
84,1266,4.0,4.16
414,56908,4.0,0.0
352,2966,4.0,4.03
474,1379,2.0,3.54
608,2762,4.5,4.27
307,2907,2.0,4.09
275,3134,2.0,4.17
105,76093,5.0,4.26
509,35836,1.5,3.68
195,1358,4.0,4.05
249,30793,3.5,3.48
212,174909,4.5,0.0
567,152077,3.0,3.78
286,1061,5.0,3.61
1,596,5.0,3.58
448,134368,3.0,4.54
599,4254,0.5,2.8
38,508,3.0,3.72
387,50800,2.0,0.0
288,5388,4.0,3.54
382,135436,3.5,3.01
474,7158,4.5,3.77
156,2917,4.0,4.14
414,60069,4.5,4.69
37,231,5.0,3.06
523,5971,5.0,3.9
84,1395,3.0,3.36
596,135536,3.0,3.06
592,93,3.0,2.88
181,435,2.0,2.59
19,1391,3.0,3.24
108,4973,5.0,4.26
339,8464,4.5,3.88
232,8958,4.0,4.0
6,1006,4.0,3.56
555,1094,4.0,3.58
484,6874,4.5,3.97
462,2146,0.5,3.38
414,54736,3.5,4.0
414,68954,4.0,4.87
89,6863,1.5,3.48
198,2692,4.0,4.08
18,4262,4.0,4.14
555,1249,5.0,4.14
380,94405,3.0,0.0
455,151,3.0,3.57
186,3977,4.0,2.76
274,46965,3.0,2.73
198,2706,4.0,3.5
347,110,3.0,4.07
602,431,3.0,3.79
555,1297,3.0,3.85
234,648,4.0,3.71
474,216,1.0,3.84
583,60756,3.0,3.59
391,904,5.0,4.43
474,1030,2.0,2.77
182,901,3.5,3.45
380,3499,5.0,4.29
212,3967,3.5,3.94
610,1274,5.0,3.7
489,3633,1.5,3.48
45,4306,5.0,4.15
160,2531,1.0,3.14
391,5152,1.0,3.4
103,34,4.0,3.78
202,1276,4.0,4.41
474,38886,4.0,3.81
450,3568,4.0,0.0
113,932,5.0,3.64
387,29,3.5,4.28
111,59725,2.5,3.05
81,318,3.0,4.45
47,1088,4.0,3.37
599,26629,2.0,2.3
480,7360,1.0,4.31
368,3063,2.0,2.4
61,3949,4.5,3.92
6,292,4.0,3.81
139,5481,1.0,2.88
288,1873,3.0,4.17
414,166024,4.5,0.0
469,2716,4.0,3.93
489,2803,3.0,3.04
597,919,4.0,4.07
197,2793,3.0,2.05
581,318,5.0,4.49
309,7153,4.5,4.14
263,1639,4.0,3.59
552,3593,1.0,1.75
453,1921,4.0,3.95
387,2183,4.0,3.81
591,3238,1.0,1.73
423,1304,4.0,3.95
479,533,2.0,2.9
274,7894,3.5,3.82
564,108156,4.0,3.09
489,141,3.5,3.72
483,66097,4.5,3.97
608,4226,4.5,4.41
354,33679,3.5,3.48
307,2052,3.0,2.97
18,88129,3.0,3.92
372,628,4.0,3.71
480,3717,3.0,3.6
182,2691,4.5,3.6
414,1957,3.0,3.9
177,5957,4.0,3.31
251,1089,5.0,4.26
414,4994,4.0,4.82
480,3977,1.5,3.01
534,1676,4.0,3.37
420,3159,4.0,3.76
1,2115,5.0,3.83
590,594,5.0,3.75
448,260,5.0,4.65
489,33794,3.5,4.1
356,3186,4.0,3.49
482,3273,3.5,2.57
132,1732,2.5,4.03
555,2391,3.0,3.84
608,6595,4.0,3.32
316,8622,3.0,3.51
249,1320,3.0,3.35
135,466,3.0,2.96
263,6708,3.0,3.74
111,5528,3.0,3.94
604,188,3.0,3.52
47,590,3.5,3.85
368,1479,3.0,3.36
600,5952,5.0,4.22
68,2054,1.0,3.17
182,4720,4.5,4.01
414,51935,3.5,4.08
587,1614,4.0,2.81
482,6810,1.0,2.9
474,45722,3.5,3.71
42,785,3.0,3.65
567,78499,2.0,4.31
608,1653,5.0,4.25
356,38886,4.0,3.56
474,3816,4.0,0.0
328,8665,3.5,3.96
266,2384,1.0,2.79
514,1327,2.0,2.78
307,413,2.5,2.96
599,3830,2.5,0.0
187,4993,4.5,4.28
380,85796,3.0,1.7
480,485,2.0,3.15
221,912,5.0,4.46
600,2683,2.5,3.4
585,3246,4.0,4.24
49,109487,4.5,3.97
599,27032,3.0,0.0
603,3819,4.0,3.97
525,70862,3.0,0.0
28,1136,3.5,4.34
414,53125,2.0,4.32
571,2553,2.0,3.01
305,122916,4.5,4.3
419,6502,3.5,4.11
412,2396,5.0,3.89
554,2995,1.0,2.56
390,308,5.0,4.02
580,2686,3.5,4.14
182,1090,5.0,4.23
599,7143,4.0,4.15
274,2501,2.5,4.36
370,5378,1.0,3.19
381,8622,4.0,3.76
318,64614,4.0,4.34
182,3925,5.0,3.24
50,78499,2.0,4.29
590,3034,3.5,3.76
502,1777,0.5,3.52
473,2300,2.5,4.01
318,77455,4.5,4.25
288,380,3.0,3.91
489,4054,1.0,3.08
135,260,4.0,4.35
428,4022,2.0,3.79
414,60684,3.5,4.62
221,2987,3.5,3.73
452,1197,5.0,4.34
596,2424,2.5,3.3
21,45447,3.5,3.41
592,595,5.0,3.89
608,2140,3.0,3.76
160,1034,1.0,4.09
288,42418,4.0,3.05
298,27156,4.0,4.4
222,1917,2.5,3.09
68,223,1.0,4.1
99,420,2.0,2.83
386,333,3.0,3.79
372,428,3.0,3.96
567,157296,1.5,3.79
256,4344,4.0,3.18
298,741,3.5,4.18
276,780,5.0,3.49
89,915,2.0,3.89
380,585,2.0,2.99
599,203,2.5,3.96
474,8521,3.5,0.0
143,7173,1.0,3.19
231,1198,4.0,4.28
202,1249,4.0,4.17
489,8961,3.5,4.15
96,1610,4.0,3.88
517,7361,1.5,4.21
318,103384,3.5,3.13
18,1276,4.0,4.33
160,2340,1.0,3.39
474,34271,3.5,4.05
200,1028,3.0,3.96
448,3039,4.0,4.32
50,100498,1.0,2.27
292,59369,3.5,3.85
522,1214,5.0,4.07
274,8836,4.0,2.98
111,1197,3.5,4.54
89,107951,5.0,0.0
509,2700,3.5,4.01
111,6287,3.5,3.29
226,8984,2.5,3.29
274,2700,4.0,4.34
314,31,3.0,3.25
555,2405,3.0,3.11
512,300,4.0,3.55
599,2474,3.0,3.68
89,164707,4.0,0.0
199,1136,5.0,4.33
383,2436,5.0,4.11
281,428,3.5,3.85
275,5218,2.0,3.84
53,1298,5.0,3.75
339,4369,3.0,3.29
599,1465,2.0,0.0
577,1019,4.0,3.52
599,4103,3.0,4.57
599,1197,3.5,4.65
18,67255,4.5,4.31
301,4995,4.5,4.09
182,2720,0.5,2.44
151,1432,4.0,2.51
448,106839,3.5,0.0
551,8368,4.0,3.96
357,79008,4.0,3.95
181,349,4.0,3.76
352,41569,3.5,3.46
414,40815,3.5,4.21
500,543,4.0,3.36
448,79242,3.0,3.17
294,348,2.0,3.75
368,2527,3.0,3.64
290,3634,4.0,0.0
275,2330,5.0,0.0
525,40629,4.5,3.87
610,6503,1.5,2.87
177,2316,4.5,3.24
222,6763,2.0,2.03
160,5219,2.0,3.27
41,30812,4.0,3.68
382,69844,4.5,4.08
209,5952,5.0,4.03
442,3363,1.5,3.91
198,1198,4.0,4.34
211,33166,5.0,3.97
219,6618,3.5,4.09
352,3354,3.5,2.72
27,3751,3.0,3.59
298,62434,1.5,3.56
310,1223,5.0,4.1
451,25,5.0,3.71
514,440,4.0,3.66
555,2411,3.0,2.93
226,5445,3.0,3.81
149,172,3.0,2.66
184,175485,1.5,1.92
68,3471,1.5,4.25
331,318,5.0,4.54
567,139385,3.0,3.94
517,1961,3.5,4.01
179,1061,4.0,3.62
39,3328,5.0,4.09
328,4223,2.5,3.67
488,838,5.0,3.77
387,33896,3.5,3.65
313,2530,5.0,2.72
522,2997,4.5,4.08
357,1393,4.5,3.75
608,2052,1.0,2.98
489,2253,3.0,2.34
610,7369,2.5,2.6
288,1674,4.0,4.02
221,162,4.5,4.23
329,318,2.0,4.45
585,55765,5.0,3.9
380,5952,5.0,4.53
213,912,3.5,4.33
400,1197,4.5,4.29
72,2136,2.5,2.36
69,3793,4.0,3.74
182,5388,3.0,3.55
12,4018,4.5,3.11
448,6377,3.5,4.72
365,86911,3.5,3.53
19,1489,2.0,0.0
600,225,2.0,3.53
610,4721,1.0,2.73
292,3745,3.0,3.49
490,6539,3.0,3.86
489,248,3.5,3.34
330,48738,5.0,4.08
332,46578,4.0,4.01
154,98243,5.0,3.76
200,165,4.0,3.84
288,3244,3.0,3.87
489,1801,3.0,3.6
36,3798,3.0,3.21
6,225,4.0,3.7
608,5945,3.0,3.6
1,2529,5.0,3.9
357,5669,2.5,4.04
325,1238,4.0,4.23
559,420,3.0,2.87
249,92008,3.0,2.7
222,68157,4.5,4.23
265,1356,4.0,3.99
606,7438,4.5,4.03
557,344,4.0,3.05
105,2028,5.0,4.5
298,4020,1.0,3.5
274,7004,3.5,2.81
469,903,5.0,4.18
140,1704,4.0,4.33
474,4929,2.0,2.37
448,3450,4.0,3.64
279,5418,3.5,3.93
448,53125,2.0,4.05
560,5613,4.0,3.85
274,78266,3.5,3.8
429,222,4.0,3.79
590,55820,4.0,4.13
380,3037,4.5,4.21
401,78499,3.5,4.26
474,1042,4.5,3.96
552,5464,3.0,3.63
542,8958,5.0,3.66
579,2018,3.0,3.45
489,784,0.5,3.01
249,7007,4.0,3.94
310,6947,4.0,3.62
509,26662,3.5,4.34
365,60756,3.5,3.68
517,82459,1.0,3.96
358,2144,3.0,3.66
414,2320,2.5,3.53
105,2076,4.0,4.19
572,2433,3.0,3.02
387,6662,4.0,3.85
270,637,2.0,3.14
608,1059,3.0,3.94
543,1580,5.0,3.55
600,2325,3.5,3.48
339,69406,4.0,3.73
448,3386,3.0,3.6
19,13,3.0,3.34
275,3910,5.0,3.74
210,56174,2.5,3.59
161,2080,3.5,3.33
561,106002,2.5,3.76
380,2353,3.0,3.92
110,5459,2.5,2.91
93,329,5.0,3.51
318,1120,3.5,3.78
111,104644,0.5,0.0
286,377,4.0,3.62
373,367,1.0,3.26
359,2942,3.5,2.83
514,1302,5.0,3.79
553,2959,5.0,4.39
491,7451,4.0,3.72
140,1196,3.0,4.38
105,2571,4.0,4.61
477,6794,0.5,2.11
482,8961,5.0,3.92
104,55052,4.0,3.57
453,2712,3.0,3.48
484,4759,4.0,0.0
238,2067,5.0,4.09
317,88129,4.0,3.8
111,1805,3.0,3.03
380,1388,4.0,2.65
561,79132,3.5,4.57
577,2076,3.0,4.01
244,1270,5.0,4.07
18,1212,4.5,4.32
62,50804,5.0,2.79
509,87529,3.0,3.12
279,110501,3.0,3.95
534,69278,3.5,3.18
307,1089,4.0,4.57
600,1217,4.0,4.51
15,112556,4.5,3.77
248,135133,3.5,3.89
387,2259,2.5,3.41
12,3967,4.5,3.85
183,1582,3.0,0.0
10,92259,5.0,4.24
414,1479,3.0,4.07
365,56174,3.5,3.59
546,2792,3.0,3.09
20,5618,5.0,4.27
233,5952,4.0,4.09
263,30812,4.0,3.61
288,1748,4.0,4.0
414,49272,4.0,4.77
305,54259,4.0,4.01
232,8937,3.5,3.93
288,595,4.0,4.05
287,6552,2.5,3.78
475,111362,4.5,3.9
249,72011,4.0,4.24
506,80549,4.0,3.74
62,27831,4.5,3.89
603,4589,1.0,0.0
414,7364,4.0,0.0
73,6936,5.0,3.72
298,134170,4.0,3.72
199,111,3.0,4.3
382,81847,4.5,4.12
339,760,4.5,0.0
511,139385,5.0,3.84
266,1374,3.0,3.84
68,1625,2.0,4.22
56,480,5.0,3.76
223,4226,4.0,4.16
249,2717,3.5,3.05
343,3000,3.0,4.03
401,5218,3.5,3.75
474,40946,2.5,0.0
606,53127,3.5,2.62
409,1952,5.0,3.89
91,3785,4.5,3.0
106,85414,3.0,3.64
608,1291,4.0,4.36
156,1965,4.0,3.5
489,590,4.0,4.01
448,952,4.5,3.68
587,1371,4.0,3.06
129,2571,4.5,4.34
105,7458,3.5,3.85
306,53322,3.0,3.51
288,919,3.5,4.1
226,5464,4.0,3.81
127,68954,0.5,4.01
329,1206,0.5,4.06
239,318,5.0,4.65
45,5630,5.0,3.59
18,7438,3.5,4.07
143,106696,4.0,3.59
179,3,4.0,3.3
474,25937,3.5,3.44
492,788,5.0,2.8
597,2145,4.0,3.24
499,38304,4.5,4.67
232,4990,3.0,3.22
523,102407,5.0,3.37
593,41,4.0,3.63
246,4956,5.0,0.0
448,91126,3.5,3.76
14,288,4.0,3.2
274,3916,3.5,4.23
18,55276,4.0,4.01
610,112,4.0,3.54
561,2403,4.5,3.87
91,3578,3.5,4.28
365,86644,1.0,3.73
111,3821,1.5,2.67
605,2622,3.0,3.2
100,4041,5.0,3.58
381,5971,4.0,4.0
586,3448,4.0,3.83
50,105250,3.5,0.0
274,332,2.5,3.21
610,83613,3.0,3.64
226,362,3.5,3.92
599,96004,4.5,0.0
101,2541,3.0,3.25
406,46972,4.0,3.18
414,61406,4.0,0.0
242,236,3.0,3.55
33,1923,5.0,3.73
160,1127,2.0,3.56
249,6593,3.5,3.23
448,118702,2.5,3.11
59,913,5.0,4.18
480,110,5.0,4.51
589,780,5.0,3.47
352,34319,3.0,3.45
572,21,5.0,3.52
474,616,3.5,3.72
28,30812,3.0,3.75
112,253,4.5,3.51
182,1262,4.5,4.26
289,1208,4.0,4.21
380,47124,3.0,0.0
474,249,4.0,3.8
534,76293,4.0,3.37
204,68157,5.0,4.17
274,3253,3.5,3.71
562,1921,3.5,3.97
322,47629,4.0,3.95
89,141646,3.5,0.0
603,2972,5.0,0.0
462,4973,1.5,4.33
17,5782,4.0,3.79
419,1412,3.5,0.0
387,2529,4.0,3.95
171,47,5.0,4.05
219,1702,1.5,3.14
599,2311,2.5,4.11
562,1214,4.5,4.09
160,1981,1.0,0.0
140,866,4.0,4.18
249,5349,4.0,4.14
599,3702,3.5,4.05
560,2012,2.5,3.58
414,2598,2.0,3.41
387,27317,3.5,4.17
68,4041,2.5,3.56
313,163,3.0,3.75
288,539,3.0,3.7
606,308,4.0,4.43
274,27773,3.5,4.41
1,1927,5.0,4.36
292,377,3.5,3.75
474,30707,4.0,3.99
594,4517,0.5,0.0
297,2952,4.0,3.56
606,1963,4.5,3.55
298,8368,3.0,3.99
365,3421,3.0,3.79
275,2324,5.0,4.31
560,27904,3.0,3.84
20,1566,4.5,3.47
221,456,4.5,3.79
599,1994,2.5,3.81
50,969,3.5,4.13
219,6157,1.5,2.71
554,2324,5.0,4.2
42,3617,4.0,3.27
404,208,4.0,2.92
68,5312,2.5,3.23
448,3253,4.5,3.74
606,1079,4.0,4.3
330,344,0.5,3.11
241,115569,4.5,4.19
600,596,2.5,3.7
610,55830,3.5,3.68
107,266,4.0,3.43
593,364,3.5,4.03
325,3328,4.0,4.15
332,1200,4.0,4.13
368,3555,3.0,3.5
89,124404,5.0,0.0
402,762,3.0,2.51
140,4027,2.0,3.98
227,116797,4.5,4.17
119,68319,4.0,2.99
573,293,5.0,4.14
599,59387,3.0,4.52
599,54881,3.0,3.96
260,2413,4.5,3.4
477,4370,3.5,3.46
425,4967,4.0,4.37
219,1429,3.0,3.67
382,46865,1.0,0.0
239,44665,5.0,3.94
239,33794,4.5,4.08
352,107406,4.5,3.57
608,1862,2.5,2.33
524,153,3.0,2.99
469,2550,5.0,4.31
64,2916,3.0,3.96
249,104374,4.5,4.85
132,6874,4.5,4.03
74,3006,4.0,3.85
381,8972,3.5,3.45
59,2160,5.0,4.16
424,2502,4.5,4.17
563,56941,3.0,3.3
68,2423,4.0,3.88
317,1247,5.0,4.15
534,59784,4.0,3.88
438,6534,3.0,2.73
279,1676,3.0,3.34
200,1029,3.5,3.4
599,47725,3.0,3.47
362,56145,4.5,3.39
474,748,3.5,3.42
472,318,5.0,4.46
580,4370,3.0,3.41
445,541,4.0,4.16
111,45672,3.0,3.32
594,3616,4.5,3.22
271,5508,4.0,3.59
77,5378,5.0,3.17
427,5378,3.5,3.17
555,2007,5.0,0.0
373,480,4.0,3.77
474,4874,2.5,3.8
570,3481,3.5,3.77
385,594,3.0,3.65
264,2571,4.5,4.25
216,1288,5.0,4.07
325,4956,5.0,0.0
480,3996,4.0,4.1
580,34,2.5,3.77
574,47,5.0,3.99
563,2052,4.0,2.74
66,1201,5.0,4.35
104,733,3.0,3.75
298,97306,3.0,3.78
282,1213,4.5,4.42
483,5541,3.5,3.42
479,2701,1.0,2.33
274,31878,3.0,4.18
590,6987,3.5,4.12
267,4011,5.0,4.15
22,31658,2.5,4.16
387,1529,2.5,3.72
593,5378,1.5,3.2
432,48516,2.5,4.44
219,44761,4.5,3.87
154,73321,2.5,3.43
288,7254,3.5,4.03
165,5485,3.0,0.0
199,1797,3.0,4.42
232,67267,4.0,3.76
7,2701,1.5,2.34
380,2498,3.0,2.19
275,3361,3.0,3.87
90,1144,4.0,0.0
190,318,4.0,4.5
312,3702,4.0,3.58
155,2384,2.0,2.76
580,7001,2.5,4.13
447,474,5.0,3.8
200,7361,4.5,4.28
600,6003,3.0,3.66
352,117529,3.0,3.5
226,8360,4.0,3.75
607,3034,2.0,3.56
232,1911,3.0,3.02
587,2002,4.0,2.94
480,47644,3.5,2.87
328,1270,4.0,4.17
292,3916,4.0,3.89
19,2700,4.0,4.15
226,1884,3.5,4.13
405,4239,4.0,3.86
171,317,4.0,3.21
567,122920,2.5,3.83
469,2456,3.0,2.5
479,1320,3.0,3.18
483,1059,4.0,3.95
459,177765,5.0,3.2
430,3754,3.0,2.15
73,4447,3.5,3.26
287,532,2.5,3.04
288,3345,3.0,0.0
14,383,4.0,3.08
119,1732,4.0,3.98
10,82167,3.5,2.76
292,63859,4.0,3.76
307,4477,4.0,1.65
63,50,5.0,4.46
182,150,2.5,4.18
162,318,5.0,4.48
244,648,4.0,3.64
350,65,3.0,2.57
45,185,3.0,3.38
100,1277,4.0,3.93
89,149350,5.0,0.0
387,5255,1.5,2.92
166,1,5.0,4.06
448,132462,1.0,0.0
454,3949,4.0,3.91
448,3689,3.0,1.56
414,4448,4.0,3.74
387,6645,3.5,3.85
328,128360,3.0,3.94
599,3053,3.0,3.98
63,96079,3.5,3.89
339,4056,4.5,2.51
486,150,5.0,3.89
412,1073,1.0,3.96
308,44555,1.5,4.16
354,750,3.0,4.4
42,3450,5.0,3.4
606,4085,2.5,3.62
597,1231,5.0,3.9
460,51255,4.5,4.05
31,1099,2.0,3.76
414,46530,4.0,3.49
606,903,4.0,4.18
108,4992,4.0,3.19
232,49530,4.0,4.06
279,3753,3.0,3.5
277,95,3.0,3.05
232,1917,4.5,3.27
280,6377,4.5,4.17
317,293,5.0,4.1
210,296,0.5,4.24
495,35836,5.0,3.71
212,5971,4.0,4.0
91,7360,5.0,4.22
114,81834,3.0,4.09
502,520,5.0,3.05
525,750,3.5,4.53
322,1721,1.0,3.46
414,923,5.0,4.34
562,6975,3.5,3.05
380,7573,3.0,3.31
589,350,3.0,3.39
117,47,4.0,4.08
587,1270,5.0,4.12
489,59725,2.5,2.75
448,107,4.0,3.87
283,1210,4.0,4.17
477,2208,4.0,4.16
264,1028,5.0,3.86
452,2160,5.0,4.22
607,316,3.0,3.47
225,3264,3.0,2.52
602,597,2.0,3.64
288,1357,3.5,4.43
438,802,3.5,3.55
369,48082,3.5,3.92
104,6367,4.0,2.88
89,73015,1.5,3.72
542,5502,1.0,3.23
201,592,3.0,3.5
153,106920,4.0,3.99
586,117851,5.0,3.42
17,1358,3.0,4.02
88,5995,4.5,4.06
370,6874,4.0,4.01
187,6711,4.5,4.17
610,149011,3.5,0.0
309,1276,4.0,4.32
415,2291,4.0,3.7
438,8640,3.0,3.22
23,7932,3.0,0.0
43,349,3.0,3.81
201,2094,4.0,3.3
563,588,4.0,3.91
570,1265,4.0,4.06
608,5464,4.0,3.88
352,4025,3.0,3.19
599,4014,2.5,3.93
603,2875,3.0,3.31
391,3683,5.0,4.09
305,61024,3.0,4.04
89,3022,2.0,4.31
294,1731,1.0,2.08
15,111759,4.5,4.08
438,32,4.0,4.21
561,69526,1.0,2.59
555,2506,5.0,2.84
292,1097,4.5,3.88
294,2170,1.0,2.88
234,3274,5.0,3.23
153,180095,4.0,3.99
57,1291,4.0,4.26
232,34072,3.0,3.69
98,56775,4.0,3.08
325,3158,4.0,3.52
600,919,3.0,4.04
274,1089,4.5,4.69
294,2405,1.0,3.03
599,2232,2.0,3.88
61,2710,3.5,2.86
50,4928,4.0,2.24
298,4886,3.0,4.21
304,314,4.0,3.79
4,2019,2.0,4.23
42,195,3.0,3.32
452,1079,5.0,4.1
42,2568,4.0,3.11
434,1036,4.5,4.07
590,19,2.0,3.09
239,46976,4.5,3.9
307,539,2.0,3.71
274,590,4.0,4.08
19,2428,3.0,2.65
587,1376,4.0,3.53
6,524,3.0,3.61
474,1340,3.5,0.0
249,51086,3.5,3.16
514,26242,3.0,3.26
381,316,3.5,3.55
438,1036,4.0,4.14
466,46578,4.5,3.94
182,3006,3.0,4.11
523,95167,4.5,3.46
305,140956,4.5,0.0
132,8638,4.0,4.19
152,2329,5.0,4.25
288,1965,4.5,3.61
229,1,5.0,3.95
169,6709,3.0,3.4
362,2291,4.0,3.74
45,2006,5.0,3.27
590,1247,4.0,4.32
414,150548,4.0,4.61
590,912,5.0,4.58
527,1994,4.0,3.48
555,1994,4.0,3.59
177,8368,3.5,4.05
41,6539,3.0,3.89
111,170937,3.0,0.0
182,2528,2.5,3.53
387,2993,3.5,3.67
326,40819,5.0,3.81
178,44195,5.0,3.98
509,6093,2.5,3.4
438,30816,3.0,3.43
474,41527,4.0,0.0
432,72641,3.5,3.88
19,1346,2.0,3.07
125,79702,4.0,3.99
287,3948,2.0,3.47
47,101525,3.5,3.55
517,4306,4.0,4.03
593,1968,1.5,3.83
489,5791,3.0,3.9
304,2605,4.0,2.97
452,780,5.0,3.65
80,72998,4.0,3.76
188,904,5.0,4.27
292,1221,4.0,4.33
68,50685,4.5,3.68
376,2716,4.5,3.83
566,253,5.0,3.5
596,122882,5.0,3.92
599,70286,3.0,4.51
143,54503,1.0,4.02
256,88744,4.0,3.59
508,898,2.0,4.37
474,3994,4.5,3.77
177,106487,4.0,3.92
390,3174,4.0,3.47
561,59315,3.5,4.13
28,3681,3.5,4.3
76,52281,3.5,3.44
469,1237,4.0,4.35
328,1252,2.0,4.33
19,356,2.0,4.41
318,2674,3.0,0.0
206,800,5.0,4.07
474,3152,4.0,4.66
288,3483,2.0,3.16
381,4002,4.0,3.92
410,2133,4.0,3.35
84,4,3.0,2.63
105,91542,4.0,3.98
599,2383,0.5,0.0
86,95510,4.5,3.33
182,7254,4.0,4.06
365,1961,1.5,3.97
99,413,3.0,2.85
31,1200,3.0,3.98
387,2530,3.5,2.65
125,99007,4.5,3.35
266,785,4.0,3.52
368,2027,2.0,2.21
520,7036,5.0,2.82
122,1247,5.0,4.2
495,3979,3.0,2.61
217,1792,3.0,3.21
555,748,2.0,3.25
599,58306,2.5,0.0
232,33794,4.5,4.27
386,383,4.0,3.1
102,236,3.0,3.56
199,4848,3.0,3.83
156,587,3.0,3.54
586,135436,4.5,3.15
479,5651,3.0,0.0
517,277,5.0,3.31
151,1265,5.0,3.94
132,1125,3.0,3.73
305,5010,4.5,4.0
448,88140,3.0,4.28
127,1962,3.0,3.72
474,6984,4.0,0.0
380,5991,4.0,4.11
477,1945,4.0,4.24
318,64716,3.5,4.37
68,5582,4.0,2.84
464,593,5.0,4.28
153,2617,0.5,3.18
474,1946,3.5,0.0
82,5094,2.0,1.83
561,6947,4.0,3.81
103,8636,3.0,3.92
288,33166,4.0,4.2
365,70286,2.0,3.97
14,434,4.0,3.03
344,5010,2.0,3.85
281,3911,3.5,3.63
303,1374,5.0,3.79
474,6785,4.5,3.48
307,553,4.5,4.16
4,4246,4.0,3.63
286,1080,4.0,4.05
391,5537,5.0,0.0
603,908,4.0,4.53
610,134368,4.0,4.45
105,112552,4.0,4.46
317,3949,4.0,4.04
400,1213,4.5,4.28
600,1007,3.0,2.33
438,6764,3.5,3.44
269,5,3.0,3.09
325,1845,4.0,3.99
200,7458,4.0,3.63
474,2502,4.0,4.61
438,5563,2.0,3.27
599,5669,4.5,4.24
434,3107,3.5,3.43
522,1200,4.5,4.08
8,235,3.0,3.75
137,4963,2.5,3.96
21,2006,2.5,3.29
414,533,2.0,3.45
509,6942,4.0,3.85
178,1265,4.5,3.99
410,904,5.0,4.32
387,3088,3.0,4.17
483,6942,3.5,3.91
288,1240,3.0,4.17
178,7153,4.5,4.17
330,587,3.5,3.53
387,3204,3.5,4.1
4,4021,4.0,4.36
294,2064,4.0,3.96
387,39381,4.0,3.82
594,1407,0.5,3.39
483,6863,4.0,3.58
19,2683,3.0,3.36
386,329,3.0,3.45
520,2393,3.5,3.05
307,3392,1.0,2.92
374,349,3.0,3.7
122,96728,5.0,3.86
239,2916,3.0,3.83
608,2081,0.5,3.7
57,942,4.0,4.4
68,4299,4.0,4.05
498,208,3.0,2.92
177,31696,2.5,3.76
387,39414,3.0,3.25
105,96373,4.5,0.0
68,37729,2.5,3.75
389,25,4.0,3.69
590,1391,2.5,3.27
249,367,4.0,3.53
525,107,3.5,3.53
514,2289,2.0,4.17
603,778,2.0,4.36
420,47997,3.5,3.83
148,40815,4.0,3.88
415,63082,4.5,3.96
313,1197,3.0,4.34
105,64716,4.0,4.51
567,103335,0.5,3.99
219,33794,4.5,4.13
307,596,2.5,3.64
448,109295,2.0,0.0
414,6294,2.0,3.03
464,60832,4.0,0.0
66,3037,5.0,4.13
232,6942,3.5,4.02
372,1197,4.0,4.3
232,50794,3.0,3.01
365,59022,2.5,3.41
387,45447,3.0,3.3
122,480,4.0,3.91
136,350,5.0,3.48
140,1641,1.0,3.97
453,1457,3.0,3.37
265,1962,4.0,3.81
151,102,4.0,2.45
288,55768,3.0,3.19
384,2268,4.0,3.85
487,4638,2.0,2.9
354,597,3.5,3.67
111,61132,3.5,3.91
202,1312,2.0,0.0
125,54190,5.0,4.16
414,487,2.0,3.76
305,4878,5.0,4.31
414,5956,4.0,4.6
177,900,3.0,3.7
58,342,5.0,3.32
84,948,4.0,3.94
398,2763,4.0,3.58
111,5481,3.5,2.96
74,5791,4.0,3.94
256,3980,5.0,3.26
419,1917,5.0,3.05
288,5065,3.0,2.95
414,1033,3.0,4.05
304,1259,5.0,4.12
330,50,5.0,4.44
226,1007,3.5,2.33
313,4180,5.0,0.0
332,91974,3.5,4.23
219,4299,2.0,3.65
157,3617,3.0,3.08
288,1957,4.0,4.12
19,881,1.0,2.35
288,1616,3.0,3.49
606,5956,4.0,4.07
227,54286,4.5,3.75
474,50274,3.0,0.0
91,3563,3.0,2.03
191,95,3.0,3.02
239,595,3.0,3.9
606,2245,4.0,3.49
274,55721,4.5,4.37
571,12,1.0,2.72
593,588,3.5,3.9
444,480,3.0,3.74
474,7323,4.0,4.34
599,6330,2.5,0.0
63,91630,4.0,3.73
247,3114,4.5,3.89
263,6711,4.5,4.12
527,2565,4.0,4.14
145,208,3.0,2.9
352,130634,1.0,3.16
68,247,2.5,3.89
160,6591,5.0,4.25
600,5096,1.5,0.0
482,474,3.5,3.76
119,130520,3.5,3.37
380,5266,3.0,3.41
135,1892,4.0,3.27
330,150,3.0,4.0
593,339,2.0,3.57
219,45666,1.0,2.86
119,2329,4.0,4.32
182,5812,3.5,3.89
88,1994,3.5,3.46
122,288,5.0,3.24
484,1307,3.5,3.99
104,4886,4.0,4.05
469,357,3.0,3.64
473,2596,4.0,3.76
503,93831,1.5,2.49
68,2174,2.5,3.68
432,64839,4.0,3.84
298,5941,2.0,3.08
61,1090,4.0,4.0
210,5378,5.0,3.25
52,1923,5.0,3.71
298,87306,3.0,3.83
260,128,3.0,0.0
179,113,3.0,3.4
103,3174,4.5,3.54
187,48394,4.0,3.92
448,3671,5.0,4.32
448,43871,1.5,2.94
594,7883,0.5,0.0
377,1269,4.5,3.92
266,1259,4.0,4.12
19,3248,2.0,2.04
445,64614,4.5,3.96
387,3000,4.0,4.26
426,6373,3.5,3.34
252,8961,4.5,3.91
610,6373,3.5,3.82
10,8665,3.5,3.86
489,2115,4.0,3.86
469,1240,4.0,4.06
448,3020,4.0,3.74
298,7325,2.5,3.3
580,54286,5.0,3.93
141,2694,3.0,3.27
570,1270,4.0,4.15
551,96079,4.5,3.85
579,3408,5.0,3.55
66,3499,4.0,4.03
292,1278,4.0,4.03
438,5956,0.5,3.89
356,2144,3.5,3.8
318,106648,3.0,0.0
455,364,3.0,4.03
260,903,4.5,4.13
480,2011,4.0,3.84
599,161008,2.5,0.0
474,5670,3.0,0.0
85,515,4.0,3.52
306,168250,3.0,3.76
459,68954,5.0,4.05
412,933,5.0,4.36
599,4662,3.0,3.16
305,44555,5.0,4.23
186,377,4.0,3.66
307,26686,1.0,2.07
428,1676,3.5,3.37
217,1171,3.0,3.46
368,3162,3.0,0.0
103,88810,3.5,4.07
275,3163,5.0,3.46
462,597,1.5,3.59
219,3210,3.5,3.55
255,1194,5.0,3.47
260,1073,4.0,3.98
474,2291,4.5,3.95
140,3189,4.0,3.6
414,4780,2.0,0.0
24,733,3.0,3.73
534,2004,4.5,3.35
579,2028,3.0,4.17
318,84152,3.5,4.39
18,159093,3.5,3.85
274,3786,3.5,0.0
68,1049,3.5,3.83
351,2959,4.0,4.37
602,231,2.0,3.1
380,2394,5.0,3.56
380,7367,3.0,3.1
177,6385,3.0,4.27
445,7153,5.0,4.18
266,1911,1.0,2.76
222,6793,1.5,2.06
469,2406,3.0,3.73
560,6541,3.0,2.72
601,177765,4.5,3.35
438,353,4.0,3.7
479,3270,4.0,2.85
438,1408,5.0,3.76
610,87869,3.5,4.05
330,509,3.0,3.63
4,4273,4.0,0.0
534,1291,4.5,4.33
21,164909,3.5,3.64
267,29,4.0,4.02
1,2078,5.0,3.93
219,260,5.0,4.44
600,3499,3.5,4.11
292,344,2.0,3.13
285,912,5.0,4.34
474,2959,4.0,4.61
251,2959,5.0,4.33
222,104303,1.5,3.1
104,5618,4.0,4.26
514,1200,5.0,4.13
232,7373,3.5,3.56
245,3196,3.0,3.82
296,33493,1.0,3.5
280,86817,4.0,0.0
427,5459,2.0,2.94
219,30707,2.5,4.02
237,48385,3.5,3.36
288,1320,2.0,3.38
470,527,5.0,4.26
169,440,4.0,3.66
393,8984,5.0,3.25
480,3362,4.0,4.15
353,434,3.0,3.12
265,2455,2.0,3.48
96,1942,5.0,4.01
596,40870,3.5,0.0
579,3082,4.0,3.35
348,296,5.0,4.28
454,2160,4.5,4.13
274,1713,2.5,3.23
382,104076,2.0,2.08
434,68358,3.0,4.13
233,3147,4.0,4.16
587,440,4.0,3.62
33,2539,4.0,3.13
381,3949,5.0,4.06
184,114935,4.5,3.96
480,4016,2.5,3.93
182,3955,1.0,1.82
372,1358,3.0,4.06
171,1225,4.0,4.22
580,25850,0.5,4.28
10,597,3.5,3.62
156,4784,3.0,0.0
594,5364,4.5,3.38
115,1387,5.0,4.06
474,1413,4.5,0.0
318,32657,4.5,4.93
599,2144,3.0,4.08
182,7934,4.0,4.46
119,5989,4.5,4.1
104,56949,3.5,3.43
509,33779,4.0,0.0
18,106489,3.5,3.57
241,106696,4.0,3.62
220,316,2.0,3.47
19,1378,3.0,3.3
360,1617,5.0,4.05
387,520,3.5,3.37
314,141,3.0,3.59
362,4993,5.0,4.24
64,7445,3.5,3.77
534,86332,3.5,4.02
8,357,5.0,3.49
68,4489,2.5,3.54
66,2470,4.0,3.29
91,2144,2.0,3.85
151,736,4.0,3.41
380,60069,5.0,4.59
380,6014,2.0,3.04
260,1094,2.5,3.53
404,193,3.0,2.5
448,5414,2.0,3.27
129,5159,4.0,3.44
22,4903,4.0,3.2
177,3101,3.5,3.28
145,300,3.0,3.53
562,3448,4.0,3.86
510,1198,4.0,4.27
122,5810,4.5,3.4
103,55247,5.0,4.07
266,608,5.0,4.23
200,4993,4.0,4.3
328,1036,1.0,4.03
202,2147,3.0,0.0
522,34405,4.0,3.97
43,661,5.0,3.41
111,170813,4.0,2.96
509,51834,4.0,2.73
111,135861,2.0,3.27
222,91628,1.5,0.0
274,55765,4.0,4.24
303,1270,3.5,4.07
137,110,4.0,4.12
254,47629,2.0,3.98
318,1584,4.5,3.88
305,27801,4.5,4.06
57,457,5.0,4.24
608,593,4.0,4.59
68,2485,3.5,3.41
382,45208,2.0,2.09
184,171763,4.5,4.39
201,2248,5.0,3.91
35,266,2.0,3.41
104,588,4.0,4.05
448,2916,3.0,4.2
68,1387,3.5,4.35
122,101142,4.5,3.95
553,2571,3.5,4.27
573,2115,5.0,3.82
184,168090,4.0,0.0
560,57368,4.5,3.43
7,8865,1.0,2.69
64,2394,3.5,3.48
169,3882,3.5,2.89
288,1373,2.5,2.86
357,1956,4.0,4.14
580,3267,4.0,3.62
365,3996,1.0,3.91
438,589,5.0,4.33
226,5107,2.5,3.25
594,2432,4.5,3.04
303,6303,4.0,3.72
555,1320,5.0,3.31
537,95067,3.0,2.77
105,3742,4.0,3.88
330,1265,4.5,4.12
365,30793,3.5,3.05
68,3101,4.0,3.39
18,89745,4.0,4.28
393,5952,5.0,4.11
448,50601,1.5,2.77
105,213,4.5,3.58
475,5459,4.5,3.06
383,2906,3.0,2.51
606,95105,2.5,3.66
489,5971,4.5,3.96
367,2430,4.0,2.57
477,31660,3.0,0.0
288,6593,4.0,3.22
169,3948,5.0,3.61
284,15,4.0,2.93
290,11,4.0,3.7
4,608,5.0,4.23
477,6534,4.0,2.75
318,3702,3.5,3.76
566,480,4.0,3.78
601,95167,4.0,3.52
275,556,4.0,3.13
19,2065,2.0,4.06
103,68157,5.0,4.3
97,3623,5.0,2.69
603,3557,3.0,2.63
312,5479,3.0,3.63
465,3505,4.0,3.54
354,8961,4.0,4.0
365,508,2.0,3.69
425,344,3.5,3.15
348,4368,3.5,2.16
600,5970,3.0,3.41
298,111743,0.5,3.24
140,4677,4.0,3.11
385,85,3.0,4.01
6,261,4.0,4.21
282,72998,4.0,3.75
54,420,2.0,2.8
610,61323,3.5,4.1
474,6297,3.5,3.77
497,1258,4.0,4.14
318,3967,4.0,4.15
391,1729,2.0,3.7
562,84374,3.5,3.01
517,1293,4.0,3.8
275,2917,5.0,4.18
610,52973,5.0,4.22
448,8290,0.5,0.0
140,2724,4.0,2.86
594,8643,5.0,3.17
385,277,3.0,3.26
247,223,3.0,3.94
226,783,2.0,3.52
221,27773,4.5,4.27
597,1297,4.0,3.84
288,3543,3.0,3.99
539,527,3.5,4.22
323,151,3.5,3.58
50,837,2.5,3.33
68,216,3.5,3.8
294,2899,1.0,0.0
307,24,2.0,3.53
480,36529,4.0,3.99
597,1278,5.0,4.12
599,8832,3.0,0.0
354,2985,4.5,3.47
212,80693,4.0,3.27
226,1091,3.0,2.7
10,63113,3.5,3.48
331,3752,3.0,3.18
14,491,3.0,3.33
474,7932,4.0,0.0
583,64969,3.0,3.66
474,150,4.5,4.4
27,661,3.0,3.44
104,6188,2.0,3.64
382,83177,1.0,0.0
410,1663,5.0,3.93
606,1801,4.0,3.62
229,457,5.0,4.03
573,111362,5.0,3.92
534,3114,4.5,4.02
141,296,4.0,4.29
558,5312,3.0,2.92
68,5103,2.5,4.01
339,166643,4.0,4.12
587,910,4.0,4.0
318,94150,4.0,0.0
239,786,3.0,3.28
523,101962,5.0,3.61
477,2291,2.5,3.88
16,318,4.0,4.52
489,35836,3.0,3.72
608,2141,1.5,3.56
525,3911,4.5,3.79
414,4081,2.0,2.19
140,3998,4.0,3.03
593,26084,3.5,4.02
474,4041,3.0,3.47
368,2986,1.0,2.73
571,152,2.0,0.0
480,45672,2.5,3.24
125,152077,4.0,3.89
263,586,3.0,3.15
599,3537,2.0,4.14
525,53972,3.0,3.66
64,2700,4.5,4.19
560,54995,4.0,4.1
45,4958,4.0,3.37
362,1591,4.0,2.48
483,196,0.5,2.93
9,2901,2.0,2.97
105,72641,4.0,4.17
558,367,3.0,3.19
474,5541,2.0,3.53
387,3426,3.0,2.89
186,4995,3.0,4.13
274,1917,3.5,3.44
109,852,3.0,3.19
217,688,2.0,2.63
534,99007,4.0,3.41
462,116797,3.5,4.16
91,1246,2.0,4.25
380,2401,4.0,4.01
571,2149,1.0,1.95
465,2763,4.0,3.61
526,2959,4.0,4.35
244,1408,5.0,3.76
495,86911,0.5,3.57
125,142422,4.0,4.02
534,5418,4.5,4.09
219,6283,3.5,4.02
263,6299,3.5,3.56
420,480,3.5,3.77
401,783,4.0,3.42
19,432,3.0,2.9
488,971,2.5,4.29
511,2324,4.5,4.21
76,1682,2.5,3.87
604,261,4.0,4.0
232,61705,3.5,0.0
577,3062,3.0,4.11
474,1507,3.5,0.0
603,1554,3.0,2.9
41,6763,5.0,2.04
414,1674,4.0,4.45
298,84954,0.5,3.36
381,4232,3.5,3.06
217,2003,2.0,3.56
448,5548,3.0,3.38
599,32587,3.5,4.36
108,5309,3.0,2.72
275,2731,4.0,4.16
294,3040,5.0,3.13
294,419,1.0,2.92
606,8014,4.5,4.63
68,5445,3.0,4.12
232,3979,2.5,2.63
330,1197,4.5,4.38
410,154,4.0,3.92
448,4963,4.0,4.55
480,41573,2.5,2.63
401,48,2.0,3.22
40,267,3.0,2.93
325,5445,4.0,3.69
68,5049,2.0,4.11
463,6539,3.5,3.83
249,4270,3.5,3.77
330,1784,5.0,3.91
167,2471,2.5,2.51
599,4007,3.0,4.16
271,2968,2.5,3.87
414,7147,4.5,4.8
105,86628,4.0,0.0
605,47610,4.0,3.87
298,2502,3.0,4.33
414,6349,3.0,1.3
601,8961,5.0,3.98
393,32587,0.5,4.0
182,4178,4.0,3.45
357,788,3.0,2.91
339,3462,4.0,3.81
364,1,5.0,3.92
562,1307,5.0,3.99
95,5792,4.0,3.3
357,1028,4.5,4.01
305,72294,3.5,0.0
560,73017,3.5,4.14
62,1210,4.5,4.34
111,98083,5.0,0.0
330,1961,4.0,4.04
140,3969,3.0,3.55
198,5378,3.0,3.24
603,2155,4.0,3.28
318,5673,4.0,3.99
286,6874,5.0,3.99
266,69,5.0,3.85
182,4313,3.5,0.0
504,5669,3.5,3.86
313,3793,3.0,3.8
432,1036,2.0,4.02
27,2687,4.0,3.48
599,4104,2.0,0.71
380,2709,4.0,3.11
489,1644,0.5,2.16
473,5785,3.5,3.72
580,1214,4.0,4.17
610,3911,4.5,4.04
73,4306,2.5,4.06
4,345,4.0,3.73
28,56367,2.5,3.98
20,709,3.0,3.18
448,92507,2.5,3.45
305,589,5.0,4.31
132,1682,3.5,3.94
606,1305,4.0,3.64
19,1517,3.0,3.74
313,4085,3.0,3.54
380,3363,4.0,3.96
367,356,5.0,4.29
135,1372,1.0,3.46
104,4299,3.0,3.53
414,1282,5.0,3.78
606,1222,4.0,4.47
593,1210,4.5,4.22
298,3686,2.5,3.03
290,1617,4.0,4.24
567,1916,5.0,3.14
219,2890,3.0,3.92
58,708,5.0,3.41
600,8981,3.5,3.84
483,1266,4.5,4.34
554,2080,5.0,3.37
339,86332,2.5,3.8
608,3617,3.0,3.45
554,903,5.0,4.09
183,1214,4.0,4.03
68,420,1.0,3.13
288,3676,3.0,3.67
480,3301,2.0,3.94
59,1299,5.0,4.06
73,111362,5.0,3.91
607,1249,4.0,4.09
232,45722,3.5,3.8
426,595,4.0,3.87
470,1073,4.0,3.97
199,293,3.5,4.08
608,2282,3.0,3.29
242,231,3.0,3.06
307,2011,3.5,3.75
68,55253,4.0,3.76
357,858,5.0,4.5
325,300,4.0,3.58
274,3863,3.5,3.51
64,33794,4.0,4.09
6,140,3.0,3.62
27,673,2.0,2.81
28,40414,3.0,3.9
590,1204,4.5,4.6
526,128620,5.0,3.65
166,648,3.0,3.65
414,4812,3.0,1.74
596,32300,3.5,2.64
110,7096,5.0,0.0
307,1917,2.5,3.16
600,5992,1.0,4.1
599,4121,2.5,3.14
391,1247,4.0,4.19
610,8874,5.0,4.77
66,1449,4.5,3.91
480,7983,4.0,4.51
438,3114,4.5,4.07
580,3986,4.0,2.74
66,3745,3.5,3.46
140,5102,3.0,2.52
93,1894,3.0,2.87
294,719,1.0,2.9
153,118696,2.5,3.5
140,3005,3.0,2.86
555,1614,4.0,2.94
518,468,3.0,3.23
88,83177,0.5,0.0
599,2134,1.5,3.63
1,3034,5.0,3.63
573,1527,4.5,3.83
274,63082,4.0,4.54
438,8633,2.0,3.76
474,7303,3.5,4.21
263,2324,5.0,4.3
610,44828,4.0,2.95
368,2353,3.0,3.57
32,1224,3.0,4.23
42,410,2.0,3.32
50,142602,1.0,0.0
587,2605,5.0,2.98
382,33158,2.5,1.84
385,1225,3.0,4.27
356,3160,4.0,3.77
297,733,3.0,3.71
62,122896,3.5,4.26
274,55820,4.0,4.21
7,1183,1.5,3.77
135,2088,3.0,2.58
177,7163,2.0,3.16
288,362,3.0,4.06
391,2605,2.0,2.92
336,2268,4.0,3.86
513,920,5.0,3.67
305,84152,4.5,4.37
424,54503,4.0,4.08
342,2706,4.0,3.41
77,2571,5.0,4.26
202,2640,4.0,3.74
351,56941,3.0,3.24
187,1261,5.0,4.13
173,597,3.0,3.58
339,54503,4.5,4.22
414,7315,2.0,0.0
560,6934,3.5,3.36
414,4229,3.0,0.42
465,3681,4.0,4.21
24,3556,2.0,3.86
525,80549,4.5,4.01
213,59615,3.5,2.82
294,2709,4.0,3.07
492,1431,4.0,2.46
313,1220,1.0,3.98
20,4821,0.5,3.86
606,15,3.5,3.15
555,2255,1.0,0.0
20,661,5.0,3.49
424,4450,4.5,3.35
274,4886,3.5,4.52
330,5952,4.0,4.15
28,61986,3.0,0.0
480,2699,1.5,3.0
580,6300,5.0,4.48
448,103865,2.0,0.0
200,2145,4.5,3.18
139,6957,1.5,3.47
331,3578,4.5,4.09
96,377,5.0,3.6
225,2371,4.0,3.09
504,6708,4.5,3.73
360,1414,2.0,3.14
380,1917,3.0,3.46
385,349,3.0,3.73
328,912,1.0,4.44
21,105844,2.0,3.94
217,3494,3.0,4.01
166,6,3.5,4.0
425,2710,3.5,2.94
580,1729,4.5,3.73
42,2001,4.0,3.34
298,34405,4.0,3.99
414,1020,2.0,3.93
599,2915,3.0,3.88
43,519,5.0,2.39
606,1183,3.5,3.91
84,1028,4.0,3.97
84,5060,4.0,4.09
288,3354,2.0,2.79
307,32587,4.5,4.14
608,6059,4.0,3.73
517,1265,3.0,4.04
219,5378,2.0,3.4
380,91542,2.0,4.2
307,367,1.5,3.38
606,3462,4.0,3.89
232,6264,3.0,2.72
606,7382,4.5,0.0
380,1278,5.0,4.25
431,1234,4.0,3.99
414,2791,4.0,4.51
288,45668,3.0,3.54
608,6377,4.0,4.42
182,377,2.5,3.85
477,239,3.5,3.11
42,4027,4.0,3.95
182,653,2.5,3.45
301,6711,3.0,4.11
64,520,4.0,3.29
445,1230,5.0,3.92
580,912,0.5,4.42
590,2005,4.0,3.86
19,435,2.0,2.74
328,293,3.5,4.11
249,105213,4.0,3.7
509,6874,3.0,4.05
608,4876,3.5,2.57
100,923,3.5,4.05
129,1517,3.5,3.58
292,2401,3.0,3.96
3,1371,3.0,3.03
52,50872,4.0,4.09
405,1214,4.0,4.04
610,5444,3.5,4.11
64,260,3.5,4.43
1,2899,5.0,0.0
123,44199,4.0,3.86
448,355,2.0,2.68
561,7143,4.0,4.01
474,47894,3.5,4.41
216,514,3.0,3.52
601,134853,5.0,3.88
514,26133,5.0,3.83
15,1527,3.0,3.78
610,58295,3.5,3.47
239,3623,4.0,2.83
560,155288,3.5,2.54
274,5265,4.0,3.55
50,92427,1.0,0.0
288,2527,3.0,3.92
45,5568,2.0,3.31
200,2599,3.0,3.77
135,293,4.0,4.12
84,1381,3.0,2.19
586,1704,5.0,4.2
140,7294,3.0,3.34
608,277,2.5,3.5
220,480,5.0,3.89
6,17,4.0,3.85
143,79132,2.0,4.17
263,6333,3.0,3.79
610,89753,4.0,4.16
288,1036,3.0,4.28
217,3033,2.0,3.64
334,2115,2.5,3.72
182,1245,4.5,4.57
480,235,3.0,3.91
510,1060,3.0,3.68
458,150,5.0,3.93
91,7000,3.0,3.17
330,3949,4.5,4.0
68,52287,2.0,4.09
63,1136,5.0,4.33
607,1196,3.0,4.3
216,2987,3.0,3.65
606,5299,4.0,3.61
474,4823,4.0,3.15
321,3,3.0,3.28
276,1,4.0,3.94
572,1958,4.0,3.88
428,1911,1.5,2.8
193,1196,4.5,4.23
448,27478,3.5,3.36
596,5618,4.5,4.41
472,3254,3.5,3.34
438,2028,4.0,4.43
451,786,3.0,3.22
74,8838,5.0,3.8
246,1584,3.5,3.7
217,1200,3.0,4.18
177,3034,4.0,3.75
448,1425,2.0,3.04
597,153,3.0,3.09
156,5788,4.5,3.18
41,4963,3.0,4.07
26,344,3.0,3.05
414,127130,4.0,0.0
279,924,4.0,3.94
4,2390,5.0,3.75
464,1196,5.0,4.32
274,4388,3.0,2.95
217,1019,3.0,3.55
522,2094,1.5,3.26
511,55908,4.0,4.24
483,3310,4.0,4.08
373,95,2.0,3.07
95,6502,4.5,4.1
68,3052,3.5,3.93
270,3,3.0,3.24
91,1125,3.5,3.71
290,1225,5.0,4.33
111,173255,2.5,0.0
268,2019,5.0,4.21
155,1517,3.0,3.54
448,4677,3.0,3.23
442,3510,1.0,3.4
495,69481,4.5,4.23
246,7147,5.0,3.92
217,414,3.0,2.37
603,175,5.0,4.25
282,593,4.0,4.4
357,3360,3.5,3.8
155,260,4.0,4.23
469,1307,4.0,4.03
169,6266,4.0,3.0
590,2701,2.5,2.5
117,256,3.0,3.02
305,88812,3.5,3.21
342,3157,3.0,2.84
66,7143,4.5,4.0
610,1241,5.0,4.4
421,3461,3.5,3.0
563,1073,4.0,3.95
6,150,4.0,4.05
68,3786,1.0,0.0
41,111659,1.0,3.03
200,46976,4.5,3.91
91,5749,3.0,0.0
599,6615,2.5,2.99
59,1219,5.0,4.08
34,2571,3.0,4.28
10,4246,3.5,3.67
381,6378,4.5,3.88
432,1801,4.5,3.51
414,5989,4.0,4.99
599,2502,4.0,4.58
414,1541,2.0,3.62
219,60126,3.5,3.79
328,919,3.0,3.96
414,5417,3.0,3.78
8,440,3.0,3.6
230,41569,4.0,3.41
414,1013,3.0,3.74
89,167018,2.5,3.53
290,2987,4.0,3.7
391,4178,4.0,3.35
372,616,2.0,3.51
562,7147,4.0,3.88
156,2941,4.0,3.84
288,8640,3.0,3.08
153,2959,0.5,4.38
474,7049,3.0,0.0
568,3261,3.0,3.11
219,21,3.5,3.53
448,688,2.0,2.88
480,4034,3.5,4.24
220,590,5.0,3.91
42,2335,4.0,3.26
462,3426,2.5,2.94
551,112852,3.0,4.21
610,6,5.0,4.04
373,34,4.0,3.68
483,377,1.5,3.81
62,48385,4.0,3.56
123,111759,4.5,4.01
606,1727,3.5,4.01
462,8620,2.5,0.0
438,31221,1.5,2.53
234,1097,5.0,3.85
78,648,3.0,3.6
182,6624,0.5,2.26
189,79132,4.5,4.17
249,79057,3.5,3.84
502,903,3.5,4.06
606,1663,2.0,4.15
414,4280,4.0,3.55
63,592,4.0,3.55
273,223,5.0,3.91
294,1262,4.0,4.22
489,91488,3.5,0.0
334,55820,3.0,4.0
177,88125,5.0,4.15
226,6502,4.0,4.24
111,46948,0.5,3.67
325,2167,3.0,3.48
457,2706,4.0,3.42
212,180031,4.0,3.6
122,4874,4.5,3.69
89,32243,3.5,0.0
213,4368,3.0,2.13
274,5478,2.5,3.13
288,8961,4.0,4.22
27,3519,3.0,2.98
608,329,3.0,3.54
249,7439,3.0,3.72
38,588,3.0,3.9
414,50872,4.0,5.03
68,59900,1.0,3.54
489,4020,3.0,3.32
608,1275,2.5,4.12
211,3869,3.0,3.35
216,364,3.0,4.02
182,5108,1.5,3.06
380,74545,3.5,3.75
544,694,4.0,2.87
603,1635,5.0,4.27
466,34150,4.0,2.83
525,2788,4.0,4.22
448,89470,4.0,4.09
239,2001,3.5,3.26
516,2268,3.0,3.83
603,3435,5.0,4.29
294,2072,1.0,3.43
382,4310,3.5,2.93
22,36529,2.5,3.74
98,4226,4.0,4.19
318,97904,4.0,0.0
474,4226,5.0,4.5
18,2000,4.0,3.89
182,5298,4.0,3.71
600,616,4.0,3.59
599,524,2.5,3.89
428,4310,3.0,2.94
589,527,5.0,4.25
298,76060,2.5,0.0
474,830,2.0,3.19
103,36,4.0,3.87
479,3428,3.0,0.0
439,7153,5.0,4.14
7,58,3.0,4.08
484,1438,1.5,2.73
140,37739,4.0,3.24
45,3255,3.0,3.68
63,8376,2.5,3.29
606,2875,3.0,3.37
59,750,5.0,4.36
373,410,3.0,3.17
275,608,4.0,4.36
4,3386,4.0,3.53
298,1916,3.0,3.19
597,1240,4.0,4.06
312,2529,4.0,3.87
264,1876,3.5,3.03
71,160,3.0,2.91
140,339,3.0,3.79
44,260,5.0,4.22
318,113348,3.5,2.76
368,2641,2.0,3.07
404,34,4.0,3.67
425,1466,4.0,3.82
469,920,3.0,3.76
353,204,2.0,2.82
532,111,4.0,4.16
288,1242,4.0,4.28
274,2687,3.0,3.95
145,153,3.0,2.92
331,3911,5.0,3.68
254,648,3.5,3.61
588,223,5.0,3.93
528,6006,3.5,2.55
492,667,3.0,2.93
432,589,3.5,4.15
414,3252,5.0,4.36
58,62,3.0,3.75
365,59315,3.5,3.95
232,48043,3.5,3.59
297,6,5.0,3.95
144,2000,3.5,3.7
288,597,3.0,3.82
579,2485,3.0,2.9
71,1370,4.0,3.41
80,150,4.0,3.92
380,1022,3.0,3.61
452,2490,5.0,3.46
136,273,3.0,3.03
302,17,5.0,3.78
414,1371,3.0,3.17
19,2148,2.0,3.15
555,1591,4.0,2.55
608,2699,1.5,2.99
186,3409,4.0,2.93
117,105,3.0,3.34
15,160980,3.5,3.22
68,2490,3.0,3.45
495,1247,5.0,4.19
298,64839,3.0,3.96
21,19,2.5,2.98
43,828,5.0,2.94
573,45722,5.0,3.68
380,223,4.0,4.09
117,531,3.0,3.43
368,3370,3.0,0.0
198,903,4.0,4.1
156,2797,3.0,3.94
249,30810,3.5,3.81
516,2259,3.0,3.34
225,2327,5.0,3.03
437,440,3.0,3.59
66,457,3.0,4.14
31,7,4.0,3.13
610,136020,3.5,3.48
380,1033,3.0,4.01
596,103772,2.5,3.67
68,152081,3.0,4.63
298,6773,3.0,3.7
305,5299,4.0,3.58
202,3681,4.0,4.33
312,5015,4.0,3.37
286,158,3.0,2.87
372,235,2.0,3.83
477,1271,4.5,3.56
414,4089,2.0,0.0
484,364,5.0,4.14
33,448,4.0,3.56
312,1089,4.0,4.37
594,6967,0.5,0.0
386,32,3.0,3.99
608,3968,3.0,3.24
380,587,3.0,3.78
298,1587,3.0,3.33
141,1485,2.5,3.21
261,30810,1.0,3.55
561,6188,3.5,3.76
608,150,2.0,4.17
352,5995,5.0,4.17
570,508,3.5,3.8
249,79132,5.0,5.1
99,259,3.0,3.33
240,173,3.0,2.71
305,4034,4.5,4.16
217,2860,2.0,2.93
66,1,4.0,4.12
419,1206,4.5,4.12
111,181659,2.5,0.0
603,2167,4.0,3.62
607,3053,5.0,3.8
514,8906,2.0,3.08
474,39381,3.0,3.99
346,2858,4.5,4.13
593,377,2.5,3.6
489,79132,4.5,4.46
182,480,3.5,4.04
290,2329,4.0,4.28
288,788,2.0,3.18
255,1079,2.0,4.0
610,72011,4.0,4.17
132,6593,3.5,3.15
249,45730,3.5,2.81
230,150,2.0,3.92
456,653,4.0,3.1
177,932,5.0,3.62
232,8982,3.0,0.0
599,4015,2.0,3.1
453,47,5.0,4.2
546,3354,4.0,2.69
198,3868,4.0,3.37
135,157,2.0,3.26
567,143367,4.5,0.0
380,147382,4.0,3.57
212,98243,4.0,3.82
465,3698,4.0,3.27
480,780,3.0,3.82
64,1225,4.0,4.37
47,597,3.0,3.61
128,1721,4.0,3.43
489,7367,0.5,2.85
229,5,3.0,3.1
23,175,3.0,4.01
391,1041,4.0,4.73
42,3502,5.0,2.69
216,2395,5.0,3.65
560,5349,3.5,3.81
368,3704,2.0,3.57
335,356,4.0,4.19
495,2700,4.5,3.99
489,4474,4.5,2.57
483,2793,3.5,1.95
391,608,5.0,4.35
599,2734,2.5,3.23
411,52,2.0,3.58
182,5902,4.5,4.2
410,2987,4.0,3.61
465,2628,2.0,3.16
563,80858,3.5,0.0
361,466,3.5,2.91
596,7458,2.5,3.63
182,2713,0.5,3.01
474,1345,3.5,3.35
140,6539,3.5,4.03
125,161131,3.5,3.75
493,4701,5.0,3.25
202,1370,4.0,3.53
380,120799,3.0,3.25
201,1917,4.0,3.09
317,74458,4.0,4.24
43,1084,5.0,4.07
483,1566,4.0,3.65
453,1641,4.0,3.98
584,477,4.0,3.4
292,85414,4.0,3.66
368,3654,3.0,3.95
436,370,2.0,3.13
21,32587,3.0,4.16
474,45730,3.0,2.97
424,3176,5.0,3.35
186,1391,4.0,3.16
134,163,3.0,3.59
610,4852,1.0,2.31
232,34334,3.0,2.23
279,1208,3.5,4.26
362,60072,3.5,3.19
170,553,4.0,3.86
96,454,4.0,3.62
502,1250,5.0,4.05
414,3019,4.0,4.14
160,786,1.0,3.29
45,5349,5.0,3.75
600,39435,2.5,3.12
21,2167,3.5,3.61
68,8781,2.5,2.97
438,165,4.0,4.01
484,8363,4.5,0.0
367,3453,4.0,0.0
104,674,3.0,3.17
320,3404,0.5,4.0
64,377,3.0,3.8
587,58,5.0,4.17
387,2139,4.0,3.85
367,4310,4.0,2.91
318,65631,4.0,0.0
413,318,5.0,4.5
448,1092,4.0,3.61
355,60,3.0,3.27
318,105197,3.5,4.26
187,6214,4.0,4.0
21,2959,2.0,4.38
254,32,4.5,4.05
477,48516,5.0,4.64
181,432,3.0,2.73
517,55820,1.0,3.99
453,1488,3.0,2.89
448,79879,3.0,2.08
301,527,4.5,4.27
599,5902,3.0,4.34
292,8961,3.5,4.1
322,60040,0.5,3.27
599,34800,1.5,0.0
111,4367,3.5,3.11
254,5995,4.5,4.13
132,32587,4.0,4.01
334,4963,3.5,4.01
98,5444,4.5,3.88
412,2890,4.0,3.81
41,2671,3.0,3.62
480,3988,2.5,3.18
532,1291,5.0,4.12
41,7149,4.5,3.56
217,437,2.0,2.38
381,3552,2.0,3.99
93,1641,4.0,3.85
603,1177,4.0,3.82
19,295,3.0,0.0
362,293,4.5,4.06
404,597,3.0,3.6
15,6874,3.0,4.01
91,2997,3.5,4.14
103,3535,4.5,3.94
266,316,3.0,3.45
186,1320,4.0,3.22
110,8014,4.0,4.32
599,79132,3.0,4.86
331,30793,1.5,3.08
294,762,1.0,2.62
412,1214,4.0,4.02
212,113573,3.0,0.0
447,253,4.0,3.51
274,3424,3.5,4.37
160,242,2.0,0.0
339,47099,5.0,4.11
319,110,4.5,4.06
474,27912,3.0,3.45
602,733,4.0,3.74
380,67255,2.0,4.57
492,724,3.0,3.04
599,6670,2.0,0.0
560,120478,3.5,4.79
239,1196,5.0,4.43
599,27549,1.5,0.0
83,30749,3.5,3.92
475,1210,5.0,4.29
480,2273,2.5,3.72
480,7150,3.5,2.86
330,648,2.5,3.68
424,2296,3.0,2.05
325,318,5.0,4.51
439,98809,3.5,3.82
307,3268,1.0,1.9
590,3148,3.5,3.82
602,193,2.0,2.53
31,588,5.0,3.87
18,106487,4.0,3.85
246,4011,4.5,4.26
474,26,3.5,3.98
19,1479,3.0,3.42
318,95873,4.0,3.61
391,2023,3.0,3.49
182,5809,3.0,0.0
425,337,4.0,3.87
200,8984,2.5,3.32
567,103384,1.5,2.95
480,48780,4.5,4.43
596,68835,3.5,0.0
222,3178,3.5,3.62
560,8464,4.0,3.85
34,3052,2.5,3.67
453,2694,3.0,3.34
288,53125,2.5,3.77
294,837,1.0,3.45
305,30749,5.0,4.18
607,1917,5.0,3.08
456,5,3.0,3.1
514,4396,2.5,2.83
307,410,3.0,3.41
604,434,4.0,3.11
474,2450,1.0,3.02
414,3967,4.0,4.65
18,1209,5.0,4.33
610,159,3.5,2.84
111,91658,3.5,3.84
220,6365,4.5,3.5
412,1784,4.0,3.78
462,4427,3.0,3.91
91,3793,4.0,3.89
600,1,2.5,4.21
610,527,3.5,4.44
580,3527,3.5,3.7
554,608,2.0,4.19
500,480,4.0,3.77
279,54503,2.5,4.12
19,141,1.0,3.72
492,104,4.0,3.53
186,317,5.0,3.29
68,180,2.5,3.71
199,1897,3.0,0.0
599,8638,3.0,4.3
610,103688,4.0,4.24
527,2000,5.0,3.74
525,597,4.0,3.8
418,4878,5.0,4.04
586,110130,4.0,4.51
252,137857,3.5,3.66
160,903,4.0,4.1
267,1197,5.0,4.28
28,5378,4.0,3.38
603,99,5.0,0.0
268,2702,4.0,3.48
405,4022,3.5,3.73
288,2657,2.0,3.57
599,4502,1.0,2.45
28,3556,3.0,3.98
411,592,3.0,3.51
314,1367,3.0,3.09
522,51662,1.0,3.86
534,596,4.0,3.48
307,441,3.0,4.23
441,2716,5.0,3.78
410,1635,4.0,3.9
19,328,2.0,3.33
156,6658,3.5,3.34
120,780,2.0,3.47
525,5989,3.5,4.29
274,4233,3.5,1.79
518,6333,4.5,3.69
381,51084,4.0,3.31
482,5378,4.5,3.2
414,1374,4.0,4.36
246,296,4.0,4.32
18,380,2.5,3.77
90,1073,4.0,3.94
68,67408,3.0,3.3
414,60126,3.0,4.14
604,76,4.0,3.38
191,158,2.0,2.85
436,377,4.0,3.63
307,6060,2.0,0.0
600,593,4.0,4.49
42,4489,5.0,3.42
186,2369,4.0,2.54
368,1676,2.0,3.42
474,27873,3.5,3.26
603,3285,1.0,3.25
425,3147,4.0,4.25
43,539,3.0,3.58
75,1266,4.0,4.11
115,2947,4.0,3.95
237,8665,3.5,3.82
130,595,2.0,3.82
368,1378,3.0,3.24
260,2702,2.0,3.43
105,178613,4.0,0.0
489,87485,3.5,3.01
318,3943,4.0,2.78
195,904,5.0,4.34
514,54997,4.0,4.09
561,2746,3.0,3.49
509,1020,3.0,3.25
217,3255,3.0,3.68
50,149406,2.0,3.63
495,736,3.5,3.44
82,317,2.5,3.29
590,2023,3.0,3.6
187,52328,3.0,3.85
600,30812,4.0,3.72
356,2596,4.0,3.91
465,541,5.0,4.17
574,110,5.0,4.04
246,96079,4.5,3.88
21,2858,2.0,4.19
219,2115,3.0,3.86
111,551,4.0,3.68
330,4886,5.0,4.07
448,2413,3.0,3.75
228,541,4.0,4.12
276,62,5.0,3.7
153,2005,2.0,3.68
51,6934,0.5,3.18
483,2968,3.5,3.94
121,508,3.0,3.71
80,55765,4.0,4.01
232,33646,3.5,3.31
413,2353,5.0,3.47
260,7815,5.0,0.0
414,95510,3.5,4.02
590,2137,3.5,3.85
27,2311,2.0,3.88
504,4034,4.5,3.95
525,5785,0.5,3.85
274,5810,3.5,3.72
274,7802,4.0,4.56
79,1210,5.0,4.18
562,2692,4.0,4.09
599,1485,2.5,3.57
68,8968,5.0,3.58
425,1210,3.0,4.32
516,4322,4.0,3.72
57,1614,2.0,2.87
448,1032,4.0,3.5
74,5995,5.0,4.11
103,1296,3.5,4.09
558,4903,2.0,3.19
414,5159,3.0,4.51
425,3020,4.0,3.52
280,4239,5.0,3.91
253,446,5.0,3.56
452,1220,4.0,3.95
489,5316,2.5,3.17
466,5418,4.0,3.96
369,500,3.0,3.46
514,3703,4.5,3.94
339,69784,4.5,3.44
490,4973,4.0,4.28
414,45447,3.0,3.99
200,4995,4.0,4.29
309,1201,4.5,4.22
380,79274,5.0,0.0
45,3481,4.0,3.84
33,1446,5.0,4.3
45,2021,3.0,3.51
91,2019,4.5,4.31
80,1221,4.0,4.32
132,7371,3.0,4.2
21,858,2.5,4.37
124,1961,4.0,3.89
570,1127,4.5,3.51
177,3247,2.0,3.29
68,166528,4.5,4.45
236,2770,5.0,2.91
140,3011,2.0,3.53
308,45499,2.0,3.4
600,1186,0.5,3.88
14,25,4.0,3.72
357,50,5.0,4.45
368,1580,3.0,3.63
610,58559,4.5,4.92
356,1639,4.0,3.59
483,88954,3.0,0.0
292,3751,3.0,3.67
381,5171,2.0,3.18
571,1981,3.0,0.0
455,272,4.0,3.81
474,7285,4.0,4.11
415,5782,4.5,3.82
417,7153,5.0,4.17
517,368,3.0,3.57
445,457,4.0,4.01
480,8360,3.5,3.83
509,1704,3.5,4.26
525,783,2.0,3.49
495,4958,3.0,3.42
590,1248,4.0,4.57
307,1265,3.0,4.27
140,104,3.0,3.64
68,1391,3.0,3.38
484,2805,2.5,3.07
318,1032,4.0,3.41
544,780,5.0,3.47
414,6331,4.0,4.41
469,1945,5.0,4.33
377,7063,5.0,3.83
610,6620,4.0,4.32
606,2858,4.5,4.35
109,39,3.0,3.32
171,32,5.0,4.01
474,3629,4.0,4.61
357,27329,4.0,0.0
586,6365,4.0,3.51
68,59126,4.0,3.71
310,58,4.5,4.07
561,101362,2.0,3.46
103,2144,4.0,3.81
497,2762,5.0,3.94
55,1947,0.5,3.7
469,3763,3.0,3.41
31,788,2.0,2.72
18,8644,3.5,3.72
469,1253,3.0,4.06
306,100390,3.5,2.74
95,8636,4.5,3.86
140,165,4.0,3.84
409,2657,4.0,3.38
546,3190,4.0,0.0
448,5522,5.0,2.96
264,3510,4.5,3.42
474,5572,3.5,2.72
480,7263,3.0,3.61
474,1013,3.0,3.52
408,49272,5.0,4.06
474,5034,5.0,2.36
303,3703,5.0,3.97
335,593,3.5,4.18
68,40629,4.0,4.12
195,1682,4.0,3.89
247,74458,4.0,4.19
414,46335,2.5,2.14
586,1200,5.0,4.07
606,4370,3.5,3.45
232,48385,3.5,3.5
292,2989,4.0,3.64
464,1779,3.5,2.73
432,3082,3.0,3.37
140,1393,4.0,3.76
474,4495,5.0,0.0
517,910,4.0,4.05
246,53125,4.5,3.65
480,3968,3.5,3.24
282,1240,4.5,3.95
569,434,4.0,3.01
58,368,4.0,3.58
249,112556,5.0,4.23
385,786,3.0,3.22
122,95088,4.0,3.85
414,5620,2.0,3.94
198,357,5.0,3.55
226,2918,4.5,4.15
474,4509,1.5,3.8
182,3629,4.5,4.37
119,106782,4.5,4.23
534,4896,4.0,3.98
321,597,3.0,3.62
274,51662,4.0,4.23
95,1011,4.0,2.59
600,1214,2.5,4.18
19,915,2.0,3.93
448,4053,2.0,0.0
259,7361,4.0,4.17
599,6378,2.5,4.12
328,1282,5.0,3.76
232,2268,4.0,4.13
148,54001,4.0,3.9
567,122892,2.0,3.76
7,3869,5.0,3.37
489,368,3.0,3.71
563,5991,3.5,3.8
64,2355,4.0,3.85
217,954,4.0,4.14
245,1361,3.0,4.31
189,54286,4.5,3.66
1,1500,4.0,3.76
432,6016,4.0,4.29
282,48738,4.5,4.17
28,5292,3.5,4.01
62,122912,4.0,4.79
274,38992,3.5,0.0
28,51935,2.5,4.02
58,31,4.0,3.25
462,589,2.5,4.12
82,170,3.0,3.31
448,2001,3.5,3.42
280,7451,5.0,3.79
28,49272,3.5,4.12
540,6539,4.5,3.84
75,1090,1.0,3.99
314,151,3.0,3.59
275,300,3.0,3.64
469,3767,2.0,1.53
365,96737,1.5,4.08
45,3285,3.0,3.22
318,154,3.0,4.0
563,49286,3.5,3.19
590,2791,3.0,4.14
600,2997,4.5,4.15
380,3471,3.0,4.18
509,1088,3.0,3.46
113,2340,1.0,3.43
567,2951,1.5,4.02
370,4226,3.5,4.19
346,7178,3.0,0.0
187,223,4.5,3.95
215,1246,4.5,4.1
176,39,3.0,3.3
62,53464,3.0,2.64
274,5218,3.5,4.27
541,608,3.0,4.14
453,1089,5.0,4.43
418,88125,4.5,3.92
520,1250,4.0,4.11
45,1037,4.0,2.85
567,114627,3.5,0.0
237,293,4.0,4.03
290,3362,4.0,4.07
597,1099,4.0,3.85
483,4823,3.5,3.22
610,122904,3.0,4.63
280,60293,4.0,0.0
232,69757,5.0,4.08
246,1884,4.0,4.09
391,260,5.0,4.37
74,8341,3.5,4.05
211,78499,4.0,4.28
420,3545,3.5,2.87
220,1589,3.5,3.37
119,102903,5.0,3.5
249,45722,3.5,4.0
105,9010,4.5,3.83
573,96079,5.0,3.9
156,2369,4.0,2.56
305,7981,5.0,4.44
469,728,3.0,3.7
292,3948,2.0,3.65
318,32511,4.5,0.0
473,2959,4.0,4.31
448,159077,2.5,0.0
140,6299,3.0,3.65
313,2011,1.0,3.63
45,441,3.0,4.11
474,224,3.5,3.95
111,140110,4.5,4.46
298,1923,2.5,3.88
604,442,4.0,3.16
219,6893,2.5,4.01
484,3177,4.0,3.21
599,3510,2.5,3.93
91,832,3.0,3.5
103,58803,4.0,4.06
559,344,3.0,3.09
82,2383,2.5,0.0
249,49824,3.5,2.74
455,589,3.0,4.03
109,329,2.0,3.45
51,4876,3.0,2.4
490,6333,2.5,3.74
610,101741,3.5,0.0
274,35957,3.5,3.19
362,110,4.0,4.13
474,1269,3.5,4.72
372,1245,3.0,4.36
86,6373,4.0,3.33
561,145,3.0,3.44
226,1527,4.5,3.81
213,858,4.0,4.32
428,3751,2.0,3.62
287,2633,2.0,0.0
68,89492,4.5,4.5
168,1219,4.0,4.08
282,2948,4.0,3.78
474,47099,4.0,4.32
474,4210,3.5,3.93
166,5445,4.0,3.74
341,135887,4.0,3.1
330,33794,3.0,3.99
603,4017,4.0,3.76
474,6357,3.0,0.0
480,3943,4.0,2.86
249,59315,4.5,4.38
422,2598,3.0,2.86
285,1093,2.5,3.48
610,51255,5.0,4.62
599,3342,2.5,3.94
450,3952,4.0,2.92
97,4022,5.0,3.72
357,339,3.5,3.74
115,1241,1.0,4.22
125,6539,4.0,3.97
381,318,3.5,4.68
387,1291,3.5,4.3
240,339,3.0,3.7
80,85414,4.5,3.69
602,509,1.0,3.63
111,157296,4.5,3.51
125,111743,4.0,3.2
562,2028,3.0,4.27
58,527,5.0,4.26
19,1278,4.0,4.09
239,353,3.5,3.63
247,1196,4.5,4.35
519,356,5.0,4.19
140,3055,3.0,3.54
555,1544,4.0,2.92
182,3812,4.0,3.45
610,129313,4.0,0.0
261,81591,4.5,3.62
424,81591,3.5,3.65
230,52715,2.0,0.0
462,1210,1.0,4.24
495,80463,5.0,4.12
35,50,5.0,4.25
498,47,3.0,4.01
600,440,2.5,3.73
414,720,5.0,4.47
606,4056,3.5,2.33
500,2289,3.0,4.08
520,68157,4.5,4.18
233,1298,4.0,3.76
414,47099,3.5,4.82
609,650,3.0,3.03
62,8984,5.0,3.36
83,1222,5.0,4.14
220,1196,5.0,4.4
603,2540,3.0,2.52
432,50,3.0,4.41
564,90522,4.0,3.1
480,594,3.5,3.75
3,720,0.5,4.12
300,8950,3.0,4.06
606,50842,4.5,0.0
159,5377,2.0,3.81
545,1779,3.0,2.72
199,8528,3.0,3.73
274,3081,4.0,3.75
448,86880,1.5,4.16
74,5893,2.5,0.0
116,1088,4.5,3.38
232,2018,1.5,3.59
339,1231,5.0,3.82
68,8623,3.5,3.66
307,7346,2.5,3.35
198,2338,1.0,2.23
610,31685,3.0,3.64
368,3432,2.0,0.0
331,122882,5.0,3.86
567,95510,2.0,3.48
89,26429,4.0,0.0
202,2951,4.0,4.17
332,89745,2.5,4.08
294,2098,2.0,0.0
199,923,5.0,4.13
183,1220,4.0,3.86
266,1466,5.0,3.72
606,8501,4.0,3.66
19,3704,2.0,3.6
603,121,4.0,0.0
156,3283,2.0,0.0
331,49530,3.5,3.88
111,55276,4.0,3.85
287,2505,1.0,3.08
548,1196,3.5,4.2
555,1198,4.0,4.4
100,2496,4.0,3.04
298,4388,2.0,2.66
610,49932,4.0,3.16
201,2641,3.0,3.07
599,6909,2.5,0.0
156,1960,4.0,3.81
87,2139,3.0,3.49
232,3275,4.5,4.5
387,8574,2.5,0.0
393,6333,5.0,3.82
599,235,3.5,3.84
382,55247,5.0,3.96
318,616,3.5,3.46
365,4993,3.5,4.24
428,2581,2.0,3.05
63,10,3.0,3.57
163,1515,3.0,2.04
382,4447,3.5,3.29
450,70,2.0,3.5
357,926,5.0,4.19
192,47,3.0,4.0
266,24,1.0,3.34
599,5556,1.5,1.2
545,2763,4.0,3.6
603,2104,4.0,0.0
314,703,2.0,0.0
475,122886,4.5,3.99
177,71464,2.5,3.57
291,91542,4.0,3.84
590,1196,5.0,4.56
606,640,2.5,3.27
234,2985,4.0,3.43
52,57669,5.0,4.25
190,4886,4.0,3.96
146,880,2.0,2.82
156,2395,3.5,3.72
365,94677,3.0,3.93
382,2687,4.5,3.5
368,2476,3.0,3.83
141,8368,4.0,3.99
415,4958,3.5,3.24
438,2701,2.0,2.6
381,5872,4.0,3.08
140,3555,4.0,3.55
522,3243,1.5,2.5
59,1797,5.0,4.41
376,2115,4.5,3.74
50,104913,2.5,4.07
177,2023,2.0,3.61
62,2571,5.0,4.56
561,115617,3.0,4.07
184,193567,3.0,0.0
274,31427,2.5,2.41
233,5995,4.0,4.11
357,4022,4.0,3.85
244,507,2.0,3.49
83,81845,4.0,4.12
298,4900,2.5,3.23
274,2096,3.0,3.78
448,5055,3.0,2.75
526,318,4.0,4.48
274,5047,4.0,3.5
307,60037,2.0,3.13
577,1090,3.0,4.01
480,4728,1.5,3.33
263,2081,4.0,3.53
520,73017,5.0,3.95
120,141,3.0,3.55
466,4963,5.0,4.06
165,5505,3.0,3.25
19,866,2.0,4.17
592,276,3.0,3.4
438,4019,4.0,3.89
414,1810,3.0,3.83
357,1225,5.0,4.34
326,74458,4.5,4.17
139,5110,2.0,3.71
249,53322,4.0,4.1
600,2291,4.5,3.83
580,2028,5.0,4.42
105,1230,4.0,4.12
263,2006,4.0,3.16
489,5992,3.5,4.1
352,112556,4.0,3.86
202,999,4.0,2.92
561,466,3.5,2.98
489,1727,3.5,4.05
606,5187,4.0,0.0
381,1080,4.0,4.12
109,36,5.0,3.89
610,111759,4.0,4.75
135,593,5.0,4.35
597,2273,4.0,3.56
210,4995,4.5,4.07
305,68157,5.0,4.48
603,1265,5.0,4.23
274,32298,1.5,2.83
217,379,3.0,2.49
480,30793,4.0,3.25
594,587,5.0,3.54
356,2717,4.0,3.03
414,6281,2.5,4.05
365,2804,3.5,4.03
121,380,3.0,3.56
517,3257,4.0,2.87
244,380,4.0,3.59
254,5319,4.5,3.34
599,6734,2.0,0.0
608,589,3.0,4.34
169,5957,4.0,3.25
477,905,4.0,4.53
608,5902,4.0,4.11
448,2890,3.0,4.13
536,329,3.0,3.43
307,44397,1.5,3.5
230,33166,1.5,3.98
357,5620,3.5,3.27
341,2694,4.0,3.19
307,4025,1.5,3.26
103,4016,3.5,3.87
452,1717,5.0,3.01
263,2987,3.0,3.67
582,81229,4.0,3.52
532,1721,5.0,3.44
559,588,4.0,3.96
599,50,3.5,4.75
448,2990,4.5,3.74
274,27801,4.0,4.32
28,349,3.0,3.84
298,6537,3.0,3.22
307,49530,4.5,4.0
110,2468,3.0,2.46
200,357,4.0,3.59
313,2640,3.0,3.74
522,8784,2.0,3.87
33,1060,5.0,3.7
206,7,4.0,3.12
336,2699,3.5,2.88
382,8643,2.5,3.24
318,108928,3.0,3.14
528,106782,4.0,4.01
483,1591,3.5,2.68
391,368,4.0,3.63
448,140110,2.5,4.54
425,1625,4.0,3.86
380,36529,5.0,4.14
278,54272,5.0,3.58
219,3717,2.5,3.52
493,876,5.0,0.0
552,3421,4.0,3.78
590,2424,3.0,3.42
68,2571,4.5,4.82
414,1513,3.0,3.14
81,589,5.0,4.0
362,60684,4.0,4.04
199,3256,3.0,3.69
219,10,4.5,3.73
465,3334,5.0,4.14
412,1284,5.0,4.16
603,2469,1.0,3.38
68,2001,3.0,3.43
573,2985,4.5,3.47
199,8983,3.5,3.62
288,1665,3.0,3.45
517,2384,4.5,2.79
448,101360,1.5,0.0
332,1296,3.5,4.06
608,2294,4.0,3.57
438,7376,3.0,3.2
599,542,2.0,3.01
283,1641,2.0,3.84
280,80463,3.5,4.01
249,27801,4.0,4.22
93,1356,5.0,4.01
159,45720,4.0,3.65
448,5009,2.5,3.39
477,3671,4.5,4.14
409,3244,4.0,3.78
590,592,3.5,3.65
268,1234,4.0,4.05
265,2529,4.0,3.84
528,51037,3.5,2.85
249,122918,4.5,4.51
596,134130,4.0,4.13
414,8360,4.0,4.1
409,296,5.0,4.27
414,7137,3.5,4.35
433,74458,3.0,4.04
318,33004,4.0,3.73
287,1753,3.0,3.64
509,4700,3.5,3.32
298,6586,2.5,3.34
52,55363,3.0,4.39
57,1616,3.0,3.28
435,216,5.0,3.34
561,78105,3.0,3.09
249,93563,3.0,3.86
489,39,3.5,3.48
174,485,3.0,2.98
374,595,3.0,3.82
512,349,3.0,3.72
580,7842,4.5,4.22
156,4014,1.5,3.67
174,186,3.0,3.04
156,8128,4.0,4.22
534,1876,4.0,3.2
414,45635,3.0,0.0
474,36276,3.5,0.0
474,6947,3.5,3.96
21,296,3.5,4.27
306,35836,2.5,3.59
51,6708,5.0,3.79
68,6659,3.0,3.72
356,2359,4.0,3.73
514,160571,3.0,0.0
522,8874,4.0,4.18
287,2710,1.0,2.91
73,54503,1.5,4.14
414,2236,4.0,2.61
61,1213,4.0,4.27
479,31,3.0,3.25
586,167036,4.0,3.61
274,48,2.0,3.46
232,58998,4.5,3.99
509,136838,2.5,0.0
542,1997,1.5,3.95
307,3252,3.0,3.87
239,2023,4.0,3.53
561,94864,2.0,3.63
419,69860,5.0,0.0
66,1073,4.5,4.13
125,149146,4.0,0.0
424,79132,2.5,4.24
381,7004,3.5,2.86
249,1079,4.0,4.42
287,4903,1.0,3.19
140,1961,4.0,4.12
249,99117,2.5,3.51
483,2700,4.0,4.24
170,110,4.0,4.07
517,46530,2.5,3.0
572,1954,4.0,3.96
603,21,5.0,3.56
244,3020,2.0,3.44
84,1184,3.0,4.25
597,2770,2.0,2.84
414,93840,4.5,5.09
588,350,3.0,3.4
218,1198,4.0,4.24
91,2097,2.0,2.95
136,153,3.0,3.02
414,5673,5.0,4.28
44,12,1.0,2.71
610,924,4.5,4.03
462,82857,4.5,0.0
489,94130,3.5,0.0
160,5903,3.0,4.01
19,673,1.0,2.87
84,1244,4.0,4.15
182,1196,3.0,4.52
220,3421,4.5,3.79
380,8361,3.0,3.66
419,5480,0.5,3.12
452,1617,5.0,4.16
225,1136,3.0,4.18
290,3435,5.0,4.3
66,1027,3.5,3.13
597,2539,3.0,3.32
542,1784,3.5,3.82
420,2186,4.0,4.17
606,30707,4.0,3.94
552,3911,4.0,3.66
391,3503,5.0,4.08
555,1962,5.0,3.9
18,356,4.5,4.5
366,109487,5.0,3.97
177,1283,4.0,4.13
151,743,4.0,2.57
448,2788,4.0,4.55
29,1250,5.0,4.1
274,81932,4.0,4.13
129,6218,4.5,3.29
606,198,4.0,3.32
494,1201,4.0,4.18
514,4564,2.0,3.11
199,1214,4.0,4.13
95,3994,3.0,3.54
73,5299,3.0,3.42
414,1625,4.0,4.69
182,3752,3.0,3.42
7,5349,3.5,3.64
323,440,2.5,3.59
367,928,4.0,4.28
524,748,4.0,3.07
307,3114,3.0,4.09
8,432,1.0,2.66
275,4901,3.0,3.61
351,92422,3.5,0.0
109,32,4.0,4.02
425,7143,3.5,4.0
33,2336,2.0,3.78
182,3729,4.0,0.0
315,1949,3.0,4.59
414,80969,4.0,0.0
477,3462,4.0,3.86
460,54259,4.0,3.64
420,3147,4.5,4.15
246,6618,4.0,3.98
286,7438,5.0,3.91
608,588,3.0,4.24
325,3015,4.0,3.57
607,2253,3.0,2.33
330,3793,4.0,3.85
140,210,3.0,0.0
169,6155,4.5,3.51
64,4886,4.0,4.2
381,6659,1.0,3.59
610,60684,3.5,4.39
391,2248,4.0,3.99
408,119145,2.0,4.13
462,2527,4.0,3.57
249,65810,3.0,0.0
414,1100,3.5,3.26
606,2000,2.5,3.99
64,2683,4.0,3.41
599,55116,2.5,2.0
202,2421,3.0,2.89
290,910,5.0,4.07
596,52722,2.5,3.18
298,56715,3.0,3.82
60,2150,4.0,3.8
474,5755,2.0,0.0
605,1411,3.0,4.04
7,32296,2.0,2.3
419,1876,4.0,3.07
68,1729,3.0,3.73
125,62336,4.5,4.43
477,2174,3.0,3.58
573,1391,1.5,3.22
391,2171,3.0,3.37
305,4639,4.0,2.76
122,60074,3.5,3.14
414,1343,4.0,4.38
608,6827,0.5,1.16
387,8199,4.0,0.0
596,141749,3.5,0.0
292,111360,2.0,3.12
16,1089,4.0,4.32
249,143365,2.5,0.0
448,155743,2.0,0.0
599,8860,3.0,3.4
414,262,4.0,4.97
607,2398,5.0,4.01
199,3362,4.0,4.04
306,4720,3.0,3.68
464,16,4.5,3.97
210,2716,4.5,3.77
599,1243,3.0,4.56
292,101864,4.0,3.6
387,4298,4.5,0.0
254,8874,3.5,4.11
414,48412,2.5,3.36
593,539,4.0,3.53
462,2693,4.5,2.91
195,434,3.0,3.1
19,2701,1.0,2.43
517,1955,2.5,4.19
534,5952,4.0,4.23
352,2329,4.5,4.36
105,68554,4.5,3.55
298,112556,3.0,4.01
68,86880,1.5,4.2
365,27706,2.0,3.29
249,128360,4.5,4.48
105,31658,4.0,4.38
268,2599,4.0,3.71
368,2404,2.0,2.04
328,608,5.0,4.26
465,2571,4.0,4.28
599,3511,0.5,3.19
561,8371,2.0,3.48
177,106696,5.0,4.15
524,1250,4.0,4.1
280,2105,2.0,3.37
18,64839,3.5,3.95
307,8873,4.5,4.03
202,2344,4.0,3.0
477,1208,5.0,4.37
380,70361,3.0,0.0
590,7458,3.0,3.59
480,1393,4.0,3.84
274,76175,3.0,2.83
7,49272,4.5,4.04
462,25788,3.5,0.0
331,7153,4.5,4.26
432,480,4.5,3.85
448,95307,2.0,3.38
2,89774,5.0,3.78
226,6796,4.0,4.05
135,3476,4.0,3.67
40,329,3.0,3.46
594,31433,4.5,3.0
64,647,3.5,3.41
414,61132,4.0,4.74
387,367,3.0,3.4
132,3882,2.5,2.83
608,423,3.0,2.82
307,5452,1.0,2.24
95,1042,4.0,3.34
356,349,3.5,3.76
483,1717,2.0,3.05
331,116797,4.0,4.24
561,7361,3.0,4.3
563,129354,3.0,3.28
393,1199,5.0,4.2
489,2739,4.0,4.02
307,47,4.0,4.31
526,7147,4.5,3.79
307,58287,1.0,0.0
73,102407,3.5,3.34
163,1784,4.0,3.75
234,4022,4.0,3.76
610,377,5.0,3.87
600,2936,5.0,3.81
279,5952,5.0,4.11
483,30707,4.0,4.03
21,106491,3.5,3.22
600,5943,3.0,2.73
434,736,2.5,3.46
414,7458,4.0,4.11
43,7,5.0,3.17
490,69757,4.0,3.71
484,5135,2.0,4.13
322,4027,3.5,3.88
380,1234,5.0,4.27
111,54732,3.5,2.59
474,222,4.0,3.92
380,6936,3.0,4.07
368,2990,3.0,3.48
249,904,3.5,4.53
448,104078,4.0,0.0
600,1247,3.5,4.22
103,1610,3.5,4.03
603,2023,2.0,3.62
525,3897,4.5,3.98
290,2937,4.0,4.22
522,97304,2.5,4.19
312,1391,4.0,3.19
76,48,0.5,3.21
448,55765,4.0,4.26
488,3451,5.0,4.55
221,492,4.5,3.96
238,4498,4.0,2.81
298,3698,2.5,3.39
555,466,2.0,3.05
50,107565,1.5,0.0
402,736,3.0,3.43
115,3499,5.0,3.89
483,2291,4.0,3.89
99,150,5.0,3.9
414,3261,4.0,3.27
84,102,1.0,2.51
534,54503,3.0,4.28
249,4247,3.0,2.31
474,1035,5.0,4.36
586,166643,3.5,4.23
453,2335,4.0,3.2
332,431,3.5,3.83
346,3910,3.5,3.74
599,5337,3.0,2.97
6,494,3.0,3.56
280,2052,4.0,2.79
226,4215,2.5,2.53
610,60074,3.0,3.54
232,2501,4.0,4.09
20,2081,5.0,3.6
139,5013,3.0,3.78
448,2796,3.0,2.77
480,3037,4.0,4.25
70,91077,4.0,4.01
466,74458,4.5,4.17
287,551,4.0,3.63
380,32456,4.0,0.0
414,1208,5.0,4.59
125,62434,4.5,3.53
230,2710,3.0,2.87
234,1359,4.0,2.92
153,2378,0.5,3.2
448,5060,4.0,4.22
103,784,3.0,3.02
105,6187,5.0,3.56
555,216,3.0,3.66
201,1573,4.0,3.45
274,78088,3.0,3.91
597,1748,3.0,3.89
255,3501,1.0,2.64
274,61132,3.5,4.26
480,32291,4.0,2.96
91,3421,3.5,3.82
105,110586,4.0,0.0
91,7454,2.0,2.77
365,6874,2.5,4.01
68,55267,3.0,3.69
107,432,4.0,2.66
339,1219,4.0,4.22
239,2628,3.5,3.33
483,56339,4.5,3.91
414,2411,3.0,3.19
57,1858,3.0,2.83
599,2525,2.0,1.39
186,2968,3.0,3.88
256,173,5.0,2.62
448,90343,2.5,0.0
288,273,2.0,3.14
275,4873,2.0,3.93
91,349,3.0,3.89
318,105250,4.0,0.0
211,1223,3.5,4.11
577,1253,4.0,3.97
380,2871,4.0,4.26
274,2325,1.5,3.84
448,50,4.0,4.8
580,4148,4.0,3.11
84,277,3.0,3.35
249,4979,4.0,3.89
590,63082,4.5,4.24
395,172,4.0,2.67
522,780,3.5,3.57
414,112852,4.0,5.0
204,59604,4.0,0.0
247,1022,2.0,3.62
601,3000,4.0,4.08
199,1590,2.0,3.03
315,1084,4.0,4.06
232,69844,3.5,4.33
41,2959,4.0,4.45
56,786,4.0,3.21
511,115149,4.0,3.96
464,367,2.5,3.26
474,7190,3.5,0.0
365,105213,3.5,3.19
42,4679,4.0,2.81
80,2959,5.0,4.4
303,1358,5.0,3.99
41,53519,0.5,3.36
551,79132,4.0,4.31
560,79702,2.5,4.02
608,7137,4.0,3.73
448,3418,3.0,3.81
186,3516,4.0,3.17
610,102125,5.0,4.41
519,1704,5.0,4.1
42,2628,3.0,3.29
27,2161,4.0,3.69
414,5416,5.0,0.0
610,87876,2.5,3.94
332,3160,4.5,3.76
93,590,5.0,3.9
169,4963,4.5,4.1
315,924,3.0,3.9
318,5137,3.5,4.1
318,30812,3.5,3.81
600,2657,4.5,3.48
50,1,3.0,4.0
414,3740,5.0,4.36
28,6867,4.0,3.66
480,39381,4.0,3.73
298,105844,2.5,3.93
534,69805,4.0,0.0
484,8950,3.0,4.25
381,3157,2.5,2.92
220,60069,5.0,4.23
474,892,3.0,3.8
599,119218,2.5,0.0
351,64622,3.5,3.23
438,5093,2.0,3.18
610,142366,3.0,0.0
380,26585,4.0,4.28
119,1270,4.0,4.07
19,289,2.0,3.91
304,954,5.0,4.11
103,139642,3.5,3.1
515,168252,5.0,4.29
376,912,4.0,4.37
370,2502,4.0,4.16
599,6723,2.0,0.0
610,103228,4.5,4.27
219,61348,0.5,0.0
274,1345,3.5,3.19
517,916,3.0,4.1
362,6,4.0,3.97
597,1906,3.0,0.0
207,2707,3.5,3.23
509,111659,3.5,3.18
437,81,3.0,3.15
446,733,3.0,3.7
448,316,3.0,3.78
117,296,4.0,4.24
137,1293,4.5,3.81
233,648,3.0,3.59
474,638,3.0,0.0
406,261,4.0,3.91
469,1257,4.0,3.92
141,2028,4.0,4.26
298,8914,4.0,4.07
391,4901,3.0,3.6
263,4994,3.0,3.63
356,60293,5.0,0.0
382,2671,3.5,3.59
509,4519,3.0,3.43
446,592,3.0,3.5
76,51662,3.0,3.79
18,1234,4.5,4.17
6,179,1.0,0.0
216,2926,3.0,3.41
96,110,5.0,4.1
474,25952,4.0,0.0
182,4389,5.0,3.2
57,1275,5.0,4.0
103,1348,4.0,3.67
89,53460,3.5,3.67
221,32584,3.0,3.52
93,34,5.0,3.69
76,5956,3.5,3.7
45,1307,3.0,4.1
599,6709,2.0,3.61
200,8638,1.0,4.16
202,2411,2.0,2.86
474,6662,2.5,4.07
274,1882,1.5,2.23
376,150,5.0,3.94
140,1198,4.0,4.44
147,186,1.5,2.97
600,6100,4.0,0.0
279,541,5.0,4.18
199,5574,1.5,3.63
555,4084,3.0,2.93
328,1968,2.5,3.9
104,1253,3.0,3.97
21,108156,3.0,3.11
387,5265,3.0,3.4
387,906,3.5,4.39
249,2485,3.0,3.28
361,49278,4.0,3.39
365,142222,1.5,3.79
105,3307,5.0,4.03
513,6145,2.0,0.0
505,70293,2.0,3.06
57,1127,4.0,3.57
380,5507,3.0,2.92
223,7541,3.5,3.18
448,7016,1.0,2.21
198,1394,1.0,4.15
17,1259,4.0,4.08
186,1931,5.0,0.0
83,1653,3.5,4.01
372,318,5.0,4.55
610,91658,4.0,4.04
52,68954,4.0,4.18
363,1552,3.0,3.06
560,105213,2.5,3.21
141,34162,3.5,3.61
527,1968,5.0,3.88
606,26777,4.0,0.0
354,225,3.5,3.52
274,41566,2.5,3.73
298,103772,3.0,3.72
395,616,3.0,3.48
111,2718,4.0,3.33
474,2726,4.5,4.71
314,7,4.0,3.17
212,122886,3.5,3.99
91,3984,3.5,3.62
522,89492,4.0,4.03
610,3481,4.0,3.98
318,160563,3.5,3.29
217,1101,4.0,3.45
268,2064,2.0,3.93
314,924,5.0,3.89
597,2028,5.0,4.35
178,1810,4.5,3.46
359,2987,3.5,3.61
372,316,5.0,3.45
292,79702,2.0,3.98
159,339,3.0,3.57
286,356,4.5,4.25
346,32179,4.0,0.0
307,4885,2.0,0.0
319,139385,4.5,3.83
484,48,4.5,3.36
596,1214,4.0,4.11
361,260,2.0,4.25
331,54259,3.0,3.7
483,3699,3.0,3.47
564,1923,4.0,3.69
357,69757,3.5,3.81
432,364,5.0,4.11
294,1373,3.0,2.78
84,164,4.0,3.43
462,500,0.5,3.5
324,3897,4.0,3.85
314,500,3.0,3.48
438,379,3.5,2.43
151,761,1.0,2.98
156,2926,3.0,3.33
434,231,4.0,3.2
474,2787,2.0,2.7
510,34148,3.0,0.0
159,49286,2.0,3.13
318,86377,4.0,4.58
84,628,4.0,3.74
573,3753,4.5,3.64
421,61132,0.5,3.63
40,434,3.0,3.12
232,76251,4.5,4.06
159,46976,1.0,3.79
232,6541,3.0,2.9
299,3499,5.0,3.87
493,3793,3.0,3.75
122,2542,5.0,4.26
560,3949,4.0,4.12
39,2947,3.0,3.94
462,2762,2.5,4.05
182,3717,2.5,3.58
474,6376,2.5,0.0
555,1968,5.0,4.05
38,203,3.0,3.59
610,1213,5.0,4.67
391,110,5.0,4.27
100,916,4.5,4.08
600,2122,3.0,2.26
6,440,4.0,3.74
380,115149,5.0,4.47
414,5810,4.0,4.06
21,117368,3.5,0.0
474,230,3.5,3.94
477,7439,3.0,3.58
562,2396,4.5,3.93
525,41571,3.5,3.47
187,3160,4.0,3.77
414,2987,4.0,4.28
226,150,4.5,4.08
393,106642,5.0,4.54
363,50,4.0,4.27
1,1198,5.0,4.36
600,4361,4.5,3.63
314,50,4.0,4.27
600,1034,2.5,4.24
600,337,4.0,3.99
474,40819,4.0,4.16
603,549,4.0,0.0
479,5365,4.0,0.0
263,34,4.0,3.74
599,2470,3.5,3.51
62,136020,4.5,3.13
446,236,3.0,3.56
105,108727,4.5,0.0
232,42011,3.0,2.24
298,27904,3.0,3.89
198,5445,5.0,3.7
597,1964,3.0,4.39
448,1863,3.0,2.19
590,69122,3.0,3.97
160,1037,2.0,2.83
385,215,3.0,4.07
274,3986,4.0,2.91
414,2253,1.0,2.22
298,4979,3.0,3.91
22,6711,4.0,4.12
599,1517,3.5,4.01
249,53125,3.5,4.16
218,2302,2.5,3.32
332,2959,4.5,4.45
517,597,3.0,3.68
554,307,5.0,3.89
599,6548,1.5,3.51
318,3266,3.5,4.91
432,4023,4.0,3.21
68,231,3.5,3.56
33,1784,2.0,3.81
177,94478,3.0,2.4
260,6283,3.5,3.93
381,51698,3.5,0.0
387,2617,1.0,3.24
202,919,4.0,4.0
97,3578,4.0,3.99
187,27912,4.0,3.21
156,2712,4.0,3.56
117,804,3.0,3.35
307,8814,2.0,2.17
464,74727,5.0,0.0
146,830,4.0,3.17
606,32234,4.0,0.0
160,3702,1.5,3.63
414,25,3.0,4.16
524,457,5.0,4.08
144,32,4.0,4.03
298,3254,2.5,3.45
275,1136,5.0,4.35
19,2793,2.0,2.02
288,3494,4.0,4.13
534,2947,4.0,4.0
603,2356,1.0,3.3
263,2918,3.0,3.98
61,7153,4.5,4.14
570,2763,3.0,3.65
610,133832,3.5,0.0
325,190,5.0,2.34
105,905,4.0,4.54
98,63992,2.0,2.55
438,832,4.0,3.59
298,26903,2.5,4.45
129,253,3.5,3.49
239,5679,2.5,3.36
604,588,3.0,3.9
144,2571,4.0,4.34
590,59315,3.5,4.06
610,160341,2.5,0.0
580,3081,4.0,3.59
202,592,3.0,3.63
474,3681,3.5,4.72
462,34048,1.5,3.28
448,102025,0.5,0.0
517,94070,4.5,3.65
91,5294,3.5,3.87
599,176419,3.5,0.0
528,4011,5.0,4.17
298,104374,2.5,4.48
610,110501,5.0,4.52
368,185,2.0,3.34
220,1089,3.5,4.37
305,7153,5.0,4.51
381,55267,4.0,3.52
414,2096,4.0,4.22
7,356,5.0,4.25
555,1909,4.0,3.65
33,32,3.0,4.02
599,163809,2.5,0.0
447,315,4.0,3.1
38,590,4.0,3.87
62,168252,5.0,4.51
480,608,4.0,4.48
292,80463,4.0,4.11
380,6952,3.0,3.5
49,1097,4.5,3.74
268,1840,3.0,3.16
102,3,5.0,3.27
185,5377,3.0,3.77
111,4308,2.5,3.73
573,1573,4.5,3.53
68,1243,1.0,4.39
483,1589,2.5,3.5
317,110,5.0,4.18
20,3159,5.0,3.75
352,104879,5.0,4.15
177,585,2.5,2.93
594,6754,5.0,3.47
220,1036,5.0,4.03
480,46530,3.0,3.17
111,63131,4.0,3.94
239,3994,4.5,3.64
480,953,4.0,4.36
91,2137,3.0,3.77
326,97,3.5,3.98
304,11,5.0,3.73
561,5418,4.5,4.1
105,120466,4.0,3.6
18,1221,5.0,4.49
525,2,3.5,3.76
574,434,4.0,3.02
10,109374,0.5,3.84
171,720,5.0,4.15
136,145,3.0,3.41
599,68952,2.5,4.06
294,260,5.0,4.3
610,66943,3.5,0.0
468,410,3.0,3.15
483,1917,3.0,3.29
274,5481,2.5,3.27
438,5080,1.0,3.07
276,1367,4.0,3.09
226,5501,1.5,1.49
318,39292,4.0,3.87
249,4701,4.0,3.59
223,5349,4.0,3.61
509,110102,3.5,4.06
380,5364,3.0,3.48
365,122904,3.5,4.1
308,4963,1.0,3.94
274,6879,3.5,3.78
132,2424,3.5,3.26
132,1042,3.0,3.4
608,3484,3.0,2.81
139,5400,1.5,3.1
67,293,5.0,4.03
430,318,5.0,4.48
15,3147,5.0,4.16
607,724,4.0,2.96
527,1372,4.0,3.48
334,52952,3.5,4.16
68,7320,3.0,4.25
177,4018,3.0,3.48
91,3882,2.0,2.89
477,296,4.5,4.32
294,1641,2.0,3.9
369,934,3.5,3.53
414,3225,1.0,1.67
166,6377,4.5,4.19
68,3675,4.0,4.14
66,586,3.0,3.22
239,2840,3.5,2.87
177,60126,3.0,3.85
489,733,3.5,3.85
164,1356,4.0,3.95
22,5816,0.5,3.65
354,3578,3.5,4.18
305,56367,5.0,4.11
68,6944,4.5,3.77
492,818,3.0,3.32
19,597,3.0,3.8
480,8958,4.0,3.9
305,2791,5.0,4.0
264,653,2.5,3.09
182,6305,4.5,3.79
434,110,4.5,4.25
282,780,3.5,3.6
483,5309,2.5,2.93
380,6979,3.0,3.74
95,3702,5.0,3.57
202,1240,4.0,4.04
356,5792,5.0,3.33
141,122904,5.0,4.0
80,4886,4.0,4.05
610,6003,4.0,4.01
89,151739,2.0,3.34
408,122904,3.5,3.99
29,1100,3.5,2.71
564,106330,2.0,0.0
480,5782,4.0,3.67
68,6879,3.5,3.85
230,6365,4.0,3.42
534,104129,4.5,0.0
533,1997,5.0,3.91
28,16,2.5,4.02
448,6888,1.5,2.49
124,1405,4.0,2.84
368,2819,3.0,3.73
241,2160,2.0,4.13
270,9,3.0,3.15
184,117887,4.5,4.11
279,480,4.0,3.85
288,587,3.0,3.78
304,1587,2.0,3.3
19,2606,4.0,2.61
469,2023,3.0,3.52
124,2353,3.0,3.46
414,2006,2.0,3.6
354,48516,4.0,4.42
292,32,2.0,4.15
82,1221,3.0,4.31
330,6460,4.5,0.0
305,80489,4.0,4.35
355,900,5.0,3.65
379,316,3.0,3.39
125,56174,2.0,3.69
606,5952,4.5,4.31
504,3408,3.5,3.57
414,1277,5.0,3.86
210,189547,1.0,0.0
479,3041,1.0,2.25
310,4963,4.0,3.92
232,69306,3.5,3.19
159,3252,1.0,3.72
534,112897,4.0,3.66
599,55290,3.0,3.85
523,37729,5.0,3.56
163,1717,3.0,2.93
91,8368,4.5,3.93
301,8360,4.0,3.63
62,58559,5.0,4.61
357,1593,4.0,2.65
232,70334,3.5,0.0
562,6323,4.5,3.63
64,6323,3.5,3.74
240,420,4.0,2.92
177,2053,2.0,2.4
36,1094,1.5,3.47
468,253,4.0,3.49
456,802,4.0,3.34
20,1380,5.0,3.3
226,5015,2.5,3.5
290,1231,4.0,3.79
606,41566,3.5,3.61
105,4018,3.5,3.45
222,4974,2.5,2.7
318,1961,3.5,4.22
10,129428,3.5,0.0
373,594,5.0,3.6
549,260,2.0,4.25
270,653,2.0,3.08
516,1198,4.0,4.24
221,4338,4.5,0.0
414,37384,3.0,4.29
469,3095,4.0,4.24
600,353,3.5,3.66
348,2019,5.0,4.2
307,2003,2.5,3.66
380,8865,4.0,2.7
453,2424,4.0,3.3
567,127298,3.5,0.0
599,6832,3.0,3.96
607,3020,5.0,3.47
525,147378,3.5,3.6
68,1201,3.5,4.56
599,40578,3.0,0.0
288,2797,4.0,4.14
256,3785,4.0,2.93
217,1380,3.0,3.31
599,2586,0.5,0.0
274,2706,3.5,3.91
448,113225,3.0,0.0
483,2843,4.5,4.2
246,3863,5.0,3.06
304,1717,3.0,3.01
285,1285,2.5,3.8
64,1217,5.0,4.53
606,39292,4.5,3.91
219,3175,2.0,3.8
103,69140,4.0,0.0
509,26776,3.5,4.13
432,71902,3.5,0.0
448,72405,2.0,0.0
606,31410,3.5,4.17
599,86142,3.5,4.53
489,61160,1.5,2.59
272,4993,2.0,4.15
318,97860,4.5,3.16
244,1573,2.0,3.43
232,47518,3.0,3.14
182,1228,4.5,4.45
273,180,4.0,3.42
18,8798,4.0,4.0
597,1227,4.0,4.1
21,2717,4.0,3.01
414,84152,4.0,4.6
448,5308,4.0,2.92
202,357,4.0,3.63
73,86833,5.0,3.96
182,1193,4.0,4.55
135,2746,4.0,3.42
410,4334,5.0,4.51
610,88163,4.0,4.85
132,2858,4.5,4.17
221,34048,2.5,3.21
474,2723,4.5,3.41
68,1416,1.5,3.8
534,8984,2.0,3.4
361,1580,3.5,3.58
567,903,0.5,4.1
105,356,3.5,4.51
428,2985,2.0,3.45
469,2731,4.0,4.2
294,470,1.0,0.0
40,44,3.0,2.55
62,89745,4.0,4.34
462,60333,4.0,4.9
599,3552,3.0,4.12
369,2371,2.5,3.09
275,2819,5.0,3.82
132,3081,3.0,3.53
199,56274,3.0,0.0
275,235,5.0,3.85
63,5464,4.0,3.74
200,3210,4.0,3.55
19,911,3.0,4.04
475,56171,5.0,3.18
376,1584,4.5,3.74
318,55765,4.0,4.25
344,2916,5.0,3.67
55,27831,5.0,3.72
89,86833,1.5,3.9
174,370,3.0,3.12
368,1515,2.0,2.11
597,1222,5.0,4.4
266,2288,4.0,4.1
328,8464,3.0,3.7
555,2240,3.0,4.11
191,348,5.0,3.65
187,50,4.5,4.39
306,142997,3.5,2.72
438,7143,4.5,4.07
249,77561,3.5,4.52
288,5881,3.5,3.24
132,2699,1.5,2.91
267,2858,4.0,4.09
414,54999,3.0,4.27
211,32587,4.0,3.97
560,133771,4.0,4.39
414,7090,4.0,4.91
599,438,2.0,2.81
596,4226,4.5,4.35
18,34150,3.5,3.02
424,104879,5.0,4.0
514,2915,4.0,3.67
52,64620,4.0,4.09
33,293,4.0,4.03
198,1247,3.0,4.14
474,2174,3.0,3.69
599,2161,4.0,4.25
357,440,3.5,3.68
274,2174,3.5,3.62
414,76763,3.5,0.0
599,3827,2.0,3.09
474,8207,4.0,4.4
484,2959,5.0,4.37
209,2762,4.0,3.93
424,1968,3.5,3.84
342,1959,3.0,3.72
596,98124,3.5,4.25
268,2511,5.0,4.46
290,227,3.0,2.84
489,2797,4.0,3.97
42,223,5.0,4.05
19,1461,3.0,2.44
195,1732,4.0,4.03
560,260,4.0,4.42
570,920,2.5,3.67
308,58559,4.0,4.28
313,3740,5.0,4.03
82,5459,4.0,3.05
73,52973,4.0,3.8
609,833,3.0,1.77
274,34319,3.5,3.67
51,7757,3.5,3.64
28,593,2.5,4.43
178,2329,5.0,4.25
23,7099,4.0,4.04
288,2944,3.0,4.31
215,778,3.0,4.13
199,2997,4.0,4.1
274,79695,3.0,3.16
424,32587,3.0,3.96
84,266,4.0,3.55
19,135,3.0,2.98
410,260,3.0,4.25
66,255,0.5,2.53
89,118834,5.0,0.0
509,117529,3.5,3.5
410,3730,5.0,4.24
600,53953,2.0,3.34
408,10,4.5,3.52
318,7206,4.0,3.96
438,4388,2.5,2.71
222,49651,2.0,3.36
247,3949,3.0,3.98
18,92094,3.5,0.0
600,3388,3.5,2.6
32,497,5.0,3.82
104,293,4.0,4.03
477,1556,0.5,1.55
599,5171,2.0,3.27
555,2455,4.0,3.69
525,4054,3.0,3.12
232,4776,4.5,4.06
89,126088,5.0,0.0
301,3578,4.5,4.03
525,318,4.5,4.67
440,1748,4.5,3.83
226,7143,4.0,4.05
414,34336,2.0,2.94
266,541,5.0,4.2
387,3221,3.0,3.9
469,1831,2.0,2.41
274,1707,2.5,1.91
448,1965,2.0,3.67
274,66427,3.0,0.0
73,87232,5.0,3.97
594,1320,3.5,3.15
19,2287,3.0,3.93
489,3969,4.0,3.59
89,2059,1.5,3.12
425,6378,3.0,3.78
28,4344,1.0,3.24
10,33794,5.0,3.91
241,858,4.5,4.37
345,2352,4.0,3.9
561,2641,4.0,3.06
292,4899,3.0,2.12
599,3864,2.0,2.76
105,1244,5.0,4.39
607,891,5.0,3.62
217,2524,4.0,3.23
453,2683,5.0,3.32
133,454,3.0,3.6
105,4308,3.5,3.76
234,4203,4.0,3.04
414,7257,2.5,2.71
312,2762,4.0,4.0
332,1645,3.5,3.52
66,6754,4.5,3.5
599,880,2.5,2.88
197,786,2.0,3.17
357,2028,4.5,4.36
69,296,5.0,4.26
187,2997,5.0,4.08
601,176371,4.0,3.91
410,549,5.0,0.0
474,8385,3.0,0.0
344,2858,5.0,4.09
586,1784,4.0,3.79
232,4343,2.5,3.38
610,3925,5.0,3.19
21,551,0.5,3.66
50,165,3.0,3.61
469,3269,3.0,3.14
6,799,3.0,3.53
102,266,3.0,3.44
279,56782,4.5,4.17
288,2473,2.0,2.64
64,585,4.0,2.92
378,364,4.5,4.0
117,454,3.0,3.72
484,88163,4.0,4.24
103,40815,4.0,3.94
131,858,4.0,4.38
510,1393,3.5,3.6
560,68886,4.0,0.0
517,1079,1.5,4.08
89,99122,3.5,0.0
514,182727,2.0,0.0
241,48780,3.5,4.1
474,6777,3.0,4.21
256,3510,4.0,3.52
58,529,5.0,3.92
606,4428,2.5,0.0
200,1682,3.5,4.04
78,53972,1.5,3.51
474,4215,1.0,2.99
64,1042,3.0,3.56
51,4447,3.0,3.31
247,115713,5.0,3.96
50,175661,1.5,3.22
508,562,2.5,3.6
20,1030,3.0,2.83
294,2642,1.0,2.36
274,57528,3.5,4.07
474,2660,3.5,3.98
51,387,3.5,2.17
240,377,5.0,3.68
587,1234,4.0,4.06
318,133771,3.5,4.53
219,2194,2.0,4.13
335,3911,4.0,3.63
543,59900,0.5,3.17
298,48877,2.0,3.27
305,103075,3.0,3.23
474,4993,5.0,4.61
488,2302,3.0,3.37
509,2572,3.5,3.65
610,3977,2.0,3.17
164,1101,5.0,3.24
401,84944,3.5,3.69
232,5502,4.0,3.55
117,1036,3.0,3.97
608,5401,2.0,2.07
243,161,5.0,3.67
514,597,2.5,3.69
382,59315,4.5,4.0
448,2,3.0,4.2
414,2147,3.0,0.0
274,2004,4.0,3.46
71,1210,3.0,4.17
410,3161,4.0,0.0
105,3968,3.0,3.32
448,90522,2.0,3.95
607,204,3.0,2.84
33,1249,5.0,4.08
362,1222,4.5,4.17
414,2804,4.0,4.86
101,2723,2.0,2.95
552,3,1.0,3.32
492,662,4.0,3.23
478,1073,4.0,3.93
573,44665,4.5,3.97
561,93326,2.0,2.78
45,21,4.0,3.54
288,4587,2.0,2.43
275,750,3.0,4.45
304,1726,5.0,2.48
596,120919,3.0,0.0
380,33164,3.0,1.96
561,136864,2.0,2.67
160,3793,1.0,3.82
17,3435,3.5,4.3
160,111,5.0,4.27
346,1625,2.5,3.78
275,260,4.0,4.36
68,119145,4.0,4.57
28,8633,4.5,3.74
521,14,4.0,3.79
217,2598,4.0,2.95
520,7373,4.0,3.4
202,420,1.0,2.92
274,1193,4.5,4.55
428,150,2.0,3.93
326,1619,5.0,3.37
543,94959,2.0,3.95
63,1923,2.0,3.77
534,2716,4.5,3.84
280,41573,4.5,2.67
414,235,4.0,3.9
303,1240,5.0,3.92
132,64839,2.5,3.82
469,2797,3.0,3.99
198,4886,3.0,4.02
55,1357,0.5,4.19
23,1217,3.5,4.54
219,3972,4.0,4.28
599,2746,3.0,3.62
600,543,2.5,3.53
249,78637,3.5,3.91
359,8533,4.5,3.6
135,2395,3.0,3.64
352,97752,5.0,3.72
484,616,4.0,3.51
57,1676,4.0,3.42
436,257,3.0,3.59
232,2791,3.0,4.1
552,442,1.5,3.17
511,2571,5.0,4.28
535,2692,5.0,4.0
448,45666,2.0,3.05
68,2541,4.0,3.53
132,1307,3.5,4.0
280,51662,3.5,3.82
101,2707,4.0,3.28
590,4489,3.5,3.47
448,1100,3.0,2.92
608,5459,4.0,3.23
307,1136,3.5,4.47
483,410,3.0,3.42
561,134853,3.0,4.04
102,161,3.0,3.7
527,1663,4.0,3.94
603,1224,2.0,4.5
606,48385,3.0,3.6
414,6618,3.0,4.85
275,4034,5.0,4.07
552,2857,4.0,3.26
122,2160,5.0,4.23
594,2000,4.5,3.76
280,356,4.0,4.31
599,1791,3.0,0.0
474,745,4.0,4.46
590,355,2.0,2.58
177,2424,3.0,3.56
474,5876,4.0,4.38
1,1587,5.0,3.34
21,3638,4.5,3.18
19,1345,3.0,3.33
428,260,3.5,4.33
483,2019,4.5,4.42
381,45361,1.0,0.0
414,2986,2.0,2.48
517,49272,1.5,4.06
218,2657,3.5,3.3
607,1982,5.0,3.82
600,663,4.5,3.27
186,3510,4.0,3.46
552,1196,5.0,4.29
414,1024,4.0,4.45
210,4306,4.0,3.98
600,3882,2.0,2.92
172,1210,4.5,4.16
387,4928,4.0,1.97
198,2875,2.0,3.22
305,2288,5.0,4.25
294,355,3.0,2.54
219,6934,2.5,3.34
342,2683,3.0,3.21
462,337,2.5,3.89
373,585,1.0,2.79
42,1088,3.0,3.5
82,2381,2.5,2.2
216,3755,4.0,3.18
39,924,2.0,3.94
425,1590,3.5,3.05
268,2403,2.0,3.62
339,49530,4.0,3.97
6,313,3.0,3.45
156,4027,4.0,3.97
563,111659,3.5,2.95
610,6872,1.0,1.21
590,32,3.0,4.21
603,4815,1.0,3.23
91,288,3.5,3.14
115,3301,4.0,3.62
474,592,4.0,3.67
514,1326,1.5,1.06
130,318,5.0,4.45
19,3693,2.0,2.27
139,49278,1.5,3.42
599,45648,2.5,0.0
512,208,3.0,2.94
448,5954,4.0,4.25
377,62383,3.5,0.0
249,52973,4.0,4.22
380,7387,5.0,4.01
599,122260,2.5,0.0
477,78746,4.0,0.0
221,31692,0.5,0.0
33,150,3.0,3.94
42,2497,4.0,2.79
448,4447,1.5,3.43
199,6365,2.5,3.42
91,589,4.0,4.33
66,1265,3.5,4.16
182,5881,4.0,3.22
521,648,4.0,3.59
165,2019,4.0,4.18
28,2618,3.0,3.23
238,4855,4.0,3.8
111,2694,3.0,3.41
303,2662,3.5,3.16
19,2550,3.0,4.26
216,1269,4.0,3.99
475,1196,5.0,4.36
298,5900,2.5,2.8
28,49530,4.5,3.98
414,2378,3.0,3.74
482,329,4.5,3.46
182,2890,3.5,4.05
28,56587,3.0,3.39
259,153,4.0,2.9
414,46,2.0,3.52
153,117881,3.0,4.02
4,3481,2.0,3.76
312,1342,4.0,2.61
447,480,4.0,3.79
111,3752,3.0,3.24
80,4995,4.5,4.17
130,590,3.0,3.84
448,40278,3.5,4.0
448,86190,3.5,3.16
586,4489,4.0,3.29
610,112727,3.0,0.0
115,3052,3.0,3.67
510,3481,3.5,3.72
577,920,5.0,3.69
453,4334,4.0,4.47
546,1270,3.0,4.04
387,7895,3.5,0.0
273,236,4.0,3.56
599,442,2.5,3.65
124,296,4.5,4.27
137,1262,3.0,4.23
470,208,3.0,2.96
448,104241,3.0,3.83
226,1005,3.0,2.06
244,1480,4.0,3.32
76,31410,4.0,3.95
382,70946,0.5,0.0
385,1240,4.0,3.96
610,8985,2.5,3.46
294,577,1.0,2.64
590,260,5.0,4.53
249,1356,3.0,4.27
464,1101,4.5,3.3
28,6957,3.0,3.57
232,8939,3.0,4.23
421,953,5.0,4.05
401,55768,2.5,3.2
258,122904,5.0,3.88
351,71579,4.0,3.82
260,3424,4.5,4.1
590,3435,4.0,4.24
600,1248,3.0,4.52
500,2572,3.0,3.54
361,34520,2.5,2.02
45,2947,4.0,4.02
57,1641,4.0,3.93
462,593,3.5,4.33
103,87194,3.5,0.0
357,7026,3.0,2.69
132,592,2.0,3.55
222,82459,3.5,4.0
217,1374,3.0,3.93
274,31685,3.5,3.54
307,3448,2.5,4.01
113,3296,5.0,3.94
428,2459,1.0,3.33
63,110102,4.0,3.95
561,8644,2.5,3.72
219,1485,1.5,3.33
84,914,4.0,4.09
610,68205,4.0,3.13
298,1221,3.5,4.44
422,3897,4.0,3.85
125,112552,4.0,4.28
274,2395,2.5,3.68
298,6702,0.5,2.84
599,3950,2.5,4.01
517,1784,3.0,3.86
84,57,3.0,3.18
217,2012,2.0,3.58
590,435,2.0,2.81
139,8371,2.0,3.47
140,2028,5.0,4.43
515,260,5.0,4.24
477,648,3.0,3.79
211,1125,4.0,3.72
556,94780,3.5,2.73
563,61250,1.5,2.75
534,1282,4.5,3.68
380,3703,5.0,4.03
188,2206,5.0,3.53
177,2082,2.0,2.91
474,3134,3.0,4.47
514,1213,4.5,4.41
318,1193,4.0,4.38
281,2694,3.0,3.19
580,5218,4.0,3.92
509,6294,3.0,2.58
105,69122,4.5,4.22
534,52287,4.0,3.97
464,1240,4.0,3.94
474,7018,2.5,4.14
606,5072,3.5,4.2
264,1250,5.0,4.05
19,2184,3.0,3.63
212,2918,2.5,3.97
599,1094,3.0,3.62
249,73431,2.5,0.0
249,67923,4.0,3.35
219,8360,4.0,3.82
317,318,4.0,4.59
542,7451,4.5,3.72
269,648,3.0,3.59
385,383,2.0,3.1
448,1882,3.0,2.35
590,1950,4.0,4.44
608,802,3.0,3.59
339,16,4.5,3.99
84,1295,5.0,3.0
380,136864,2.0,2.9
45,1968,4.0,3.98
356,4226,5.0,4.29
448,115151,2.0,0.0
129,2692,4.5,4.06
448,158872,4.0,3.63
419,111,4.0,4.21
66,2248,4.5,4.0
287,1407,2.5,3.35
474,5440,3.0,0.0
418,85414,3.5,3.65
148,79132,1.5,4.2
474,6385,5.0,4.25
275,2212,4.0,3.59
113,11,3.0,3.68
111,131826,4.0,0.0
111,3897,4.0,3.93
606,7143,4.0,4.08
167,480,3.5,3.84
356,529,4.0,4.01
232,7445,3.5,3.98
301,2378,2.0,3.21
182,6890,4.5,3.46
544,1105,5.0,4.47
111,98203,1.5,1.8
19,3370,2.0,0.0
43,11,4.0,3.7
558,5329,5.0,3.18
307,26680,3.5,3.86
19,849,2.0,3.06
479,3504,4.0,4.06
187,6377,2.5,4.11
298,3511,1.5,2.95
608,173,3.0,2.78
62,68554,4.0,3.47
186,364,4.0,4.09
254,4973,4.5,4.31
132,8874,3.5,4.14
561,50,4.5,4.55
428,1653,3.5,4.04
491,86833,3.5,3.91
33,36,5.0,3.88
165,5464,3.0,3.57
356,2671,3.0,3.63
232,1035,3.5,3.96
129,1210,4.0,4.25
237,44191,4.0,3.91
239,2329,5.0,4.43
28,1221,4.0,4.45
603,3586,4.0,0.0
187,3328,5.0,4.19
274,2076,4.0,4.34
45,5307,3.0,0.0
222,858,4.5,4.43
561,1587,4.0,3.35
357,2067,5.0,4.27
125,1625,5.0,3.89
452,3703,5.0,4.0
509,38038,3.0,3.92
87,3910,4.0,3.72
519,140110,4.0,3.69
514,79132,4.0,4.35
328,6539,3.5,3.95
369,370,4.0,3.13
335,2302,3.0,3.32
339,80139,4.5,4.04
414,5380,4.0,4.25
600,3250,2.5,3.46
251,356,5.0,4.19
232,1370,3.5,3.68
489,39183,4.5,3.78
414,374,1.0,2.76
33,914,5.0,4.02
600,3535,3.5,3.97
457,2701,1.0,2.32
608,2161,3.0,3.97
105,31696,3.5,3.77
414,5004,3.0,4.35
477,2529,3.5,3.93
143,6593,4.0,3.07
414,1610,5.0,4.52
307,8464,3.0,3.9
32,52,3.0,3.57
448,99112,2.5,3.94
567,45880,3.0,3.23
414,209,4.0,3.85
385,1136,4.0,4.24
221,1220,4.5,3.96
318,127298,4.5,0.0
600,575,2.0,3.01
139,3994,2.5,3.55
608,6333,4.0,4.06
19,2027,1.0,2.34
92,327,3.5,2.93
606,3246,4.0,4.48
91,4993,4.5,4.39
474,2187,3.5,0.0
387,3742,3.5,3.8
156,4378,4.5,3.87
480,5679,4.0,3.52
448,2718,3.0,3.58
223,34,1.0,3.67
182,2827,1.5,2.66
266,2428,1.0,2.62
19,2888,3.0,1.88
448,71464,3.0,3.71
493,4438,5.0,3.23
448,2110,4.0,3.49
367,3507,4.0,4.13
140,2334,3.0,2.87
414,1457,2.0,4.27
21,44022,3.5,3.39
510,2791,4.0,3.89
160,2688,0.5,2.86
555,2827,1.0,2.8
597,3019,5.0,4.0
132,673,2.0,2.8
603,2053,2.0,2.27
68,1704,4.5,4.6
599,7481,3.5,3.41
160,2428,1.0,2.63
495,4034,2.5,4.02
373,181,1.0,2.51
89,1080,1.0,4.05
325,2239,5.0,4.57
336,3147,4.5,4.13
259,3910,5.0,3.71
298,51412,0.5,3.13
288,4994,3.5,3.92
280,1393,4.5,3.65
91,2797,3.0,3.97
222,62250,3.0,4.05
317,68237,4.0,4.1
57,2530,3.0,2.73
239,780,4.0,3.68
50,4226,3.0,4.22
177,455,3.0,2.96
474,8542,3.5,4.49
6,569,4.0,0.0
410,2395,4.0,3.63
139,87232,3.5,3.9
524,1196,5.0,4.28
458,225,5.0,3.59
42,2641,2.0,3.07
119,31410,4.0,4.07
217,1806,1.0,2.71
182,4246,3.5,3.71
462,3578,2.0,4.1
363,1961,3.0,3.86
453,2447,3.0,3.37
411,230,4.0,3.48
248,3793,3.5,3.77
434,6333,4.0,3.86
376,457,4.0,4.09
368,1610,5.0,3.98
100,377,4.0,3.64
397,4037,3.5,3.88
305,1197,4.5,4.58
28,1206,2.5,4.23
274,1214,4.0,4.29
428,1479,3.0,3.32
20,1097,5.0,3.83
159,30812,2.0,3.58
113,1244,4.0,4.13
273,364,5.0,4.02
274,4643,2.0,3.16
316,520,3.5,3.07
249,49649,2.5,2.58
419,493,4.0,3.67
68,58299,3.0,3.5
305,3285,3.5,3.34
610,5618,4.0,4.77
455,34,4.0,3.68
298,70663,2.5,0.0
527,30,1.0,0.0
560,128360,3.5,4.11
221,2985,3.0,3.42
105,52281,5.0,3.9
352,84954,2.5,3.4
498,110,5.0,4.07
480,2572,2.5,3.78
288,1660,3.0,0.0
28,4378,3.0,3.87
122,52319,4.5,3.7
323,2803,3.0,3.0
425,1917,3.5,3.17
89,33679,2.5,3.43
585,79132,4.0,4.21
209,2959,4.5,4.34
36,2359,4.5,3.67
600,1198,4.0,4.42
177,4995,4.0,4.54
573,2571,5.0,4.52
68,7254,2.5,4.34
177,3798,3.5,3.43
441,91529,5.0,4.05
206,661,5.0,3.41
582,81834,5.0,4.11
467,2493,4.0,0.0
387,2337,3.5,3.25
432,44759,3.0,1.77
580,2692,4.0,4.14
160,1107,3.5,0.0
105,8665,3.5,4.18
125,6874,4.5,4.02
561,34,2.5,3.79
199,44195,4.0,4.04
462,345,1.0,3.8
414,33493,4.0,4.1
405,1295,4.0,3.02
232,3949,4.5,4.23
225,2406,3.0,3.53
414,48738,4.0,5.13
292,102123,1.5,3.3
64,2450,2.0,2.75
62,87430,3.5,2.37
474,6225,3.0,0.0
580,8361,3.5,3.26
580,34150,3.0,2.88
181,161,4.0,3.72
239,4022,3.5,3.84
380,5971,5.0,4.18
230,2985,1.0,3.4
520,4306,4.0,4.0
418,106766,4.5,3.51
370,2762,4.5,3.99
387,63,2.0,3.09
298,165,3.0,3.82
288,1350,3.0,4.06
105,915,4.0,3.97
217,2253,3.0,2.25
381,54001,4.5,4.02
274,6586,2.5,3.62
34,3717,4.5,3.3
330,1500,2.5,3.76
149,788,4.0,2.71
177,6624,2.0,2.26
599,5548,2.5,3.38
599,1196,5.0,4.79
182,5507,3.5,2.81
586,106487,3.5,3.87
610,27905,3.5,0.0
474,6235,3.5,5.55
249,116823,4.0,4.26
275,4993,4.0,4.27
64,2406,3.5,3.67
515,174055,4.0,3.69
166,1276,4.5,4.34
129,1358,0.5,4.02
82,6,3.5,4.01
274,558,4.0,3.38
380,32019,3.0,2.63
381,2294,3.0,3.43
8,356,3.0,4.22
334,1240,3.5,3.92
258,72641,3.0,3.71
489,7153,4.0,4.35
513,150,4.5,3.85
105,147196,5.0,0.0
68,6711,5.0,4.41
438,4018,3.5,3.41
357,780,4.0,3.63
436,532,3.0,3.15
346,7234,3.5,4.48
425,1387,3.0,4.14
435,3578,4.5,3.99
458,39,4.0,3.33
260,4027,4.0,3.9
339,111,4.0,4.39
64,1258,3.5,4.34
292,1307,3.0,4.04
51,53953,3.5,3.26
414,6323,3.5,4.21
105,5373,4.0,0.0
469,2132,4.0,4.35
344,111443,3.0,0.0
141,115713,4.5,3.92
560,109313,4.0,0.0
249,93831,4.0,2.16
352,1213,3.5,4.37
21,7570,4.5,3.35
232,52328,3.0,4.21
42,4008,4.0,3.66
240,344,5.0,3.13
434,1517,4.0,3.67
474,4022,3.5,4.18
317,4306,4.0,3.98
602,861,4.0,3.85
561,49272,3.0,4.25
565,357,4.0,3.47
91,2723,3.5,3.07
599,3108,3.0,3.95
324,3884,2.0,1.24
256,4018,4.0,3.23
68,3552,4.0,4.14
551,91542,4.0,3.88
288,5040,3.0,3.27
610,3681,5.0,4.62
182,1747,3.5,3.55
108,3072,3.0,3.51
318,3751,3.5,3.77
199,2006,3.0,3.15
266,1784,3.0,3.84
217,720,4.0,4.18
354,1233,4.0,4.24
414,7150,3.0,2.97
51,70,5.0,3.64
477,432,3.0,2.88
555,356,5.0,4.44
91,1917,2.5,3.19
448,79185,1.0,3.83
307,186,0.5,3.34
182,2924,3.5,4.39
599,3863,2.5,3.51
507,47,3.0,3.99
305,2115,1.0,3.83
201,2080,4.0,3.36
436,34,5.0,3.7
606,46965,1.0,2.67
599,704,0.5,2.75
314,327,1.0,2.95
328,1302,0.5,3.72
19,65,2.0,2.69
294,1615,2.0,3.24
411,587,4.0,3.53
428,3081,4.0,3.53
256,520,4.0,3.11
226,2273,3.5,3.56
373,362,1.0,3.73
503,4537,4.5,4.25
57,589,4.0,4.26
7,4223,2.0,3.64
132,7022,3.5,3.99
538,671,5.0,3.38
51,1580,5.0,3.61
159,89864,3.5,3.72
117,186,3.0,3.1
596,49530,2.5,3.94
480,32584,2.5,3.69
58,19,1.0,2.86
517,3398,1.0,3.6
288,2502,3.5,4.46
181,5,3.0,3.15
105,4993,4.0,4.45
187,4967,4.5,4.4
318,6440,3.5,4.31
318,2467,3.5,3.9
140,4963,3.0,4.17
21,7573,5.0,3.03
573,4718,4.5,3.22
377,6656,4.0,0.0
509,26999,3.0,0.0
284,223,5.0,3.93
462,535,4.5,3.31
70,3543,4.0,3.8
342,1799,3.0,3.46
436,587,4.0,3.53
182,3000,5.0,4.2
177,8984,3.5,3.42
610,912,3.5,4.49
605,62970,3.0,0.0
474,1350,4.0,4.24
590,6863,3.0,3.6
428,3555,2.0,3.53
249,38061,4.0,4.43
474,4815,3.0,3.24
501,661,1.0,3.4
279,7153,4.0,4.25
50,903,4.0,4.13
28,3052,3.0,3.75
62,778,4.5,4.25
225,1321,4.0,3.39
414,7165,3.0,0.0
553,1213,5.0,4.32
580,3949,3.5,4.06
300,5995,4.5,4.06
474,7013,4.5,4.31
308,1246,5.0,4.05
227,150,4.0,3.88
398,32,5.0,3.99
83,5903,3.5,3.97
606,1873,4.5,4.21
177,11,3.0,3.82
438,5804,2.5,2.53
387,8972,3.5,3.39
580,1784,4.0,3.95
414,45666,2.5,3.09
597,780,1.0,3.65
270,736,4.0,3.38
298,4447,1.0,3.28
419,57368,4.0,3.26
334,908,3.5,4.23
105,26662,4.0,4.34
42,3253,4.0,3.59
232,55267,3.0,3.58
590,1265,4.0,4.33
569,377,5.0,3.55
24,2115,4.0,3.71
212,168366,4.0,0.0
495,1499,2.5,1.78
603,3783,4.0,4.25
107,434,3.0,3.04
571,1219,4.0,4.03
286,6373,3.0,3.33
368,1127,4.0,3.56
307,2432,2.0,3.02
73,8807,4.0,3.58
233,1089,2.5,4.33
111,181065,3.5,0.0
600,1296,1.5,4.24
474,2797,4.0,4.34
210,122924,4.0,3.07
410,3468,5.0,4.29
509,74677,4.0,0.0
274,2498,2.0,2.18
387,1273,4.0,4.36
564,35836,3.5,3.65
282,3114,4.5,3.96
192,317,3.0,3.18
142,592,3.0,3.49
396,1320,0.5,3.14
288,1101,3.0,3.61
160,788,1.0,2.87
483,1644,1.0,2.17
528,33794,4.5,3.89
235,10,2.0,3.51
290,3007,4.0,3.99
606,4439,3.5,3.89
380,4306,5.0,4.53
274,70,4.5,3.95
288,30810,4.5,3.7
274,3969,3.5,3.81
380,4148,3.0,3.38
597,2108,4.0,3.69
480,32587,4.0,4.19
210,128842,4.0,0.0
347,587,4.0,3.47
562,1240,5.0,3.93
479,2367,2.0,2.96
391,912,5.0,4.47
610,4718,3.5,3.5
217,748,3.0,3.23
410,3925,5.0,2.99
448,3763,4.5,3.56
93,318,4.0,4.49
104,80584,4.0,0.0
66,18,4.0,3.82
587,1135,4.0,3.05
520,61240,2.0,4.06
71,802,5.0,3.32
91,2529,4.0,3.92
149,1334,4.0,3.11
274,7368,3.5,0.0
599,1639,3.5,3.8
368,1686,3.0,4.36
256,56251,4.0,3.87
318,1175,3.5,4.27
217,2151,3.0,3.77
298,2021,3.5,3.49
573,4816,5.0,3.59
408,85510,3.5,3.11
66,4654,3.5,2.76
493,592,4.0,3.51
592,329,3.0,3.5
111,55872,3.0,3.73
599,3937,1.5,3.21
567,3266,5.0,4.7
492,832,5.0,3.41
200,48738,4.0,4.21
448,63131,3.0,4.07
487,2571,3.0,4.27
182,1391,4.0,3.38
309,318,4.0,4.5
219,31221,0.5,2.43
382,98809,4.5,3.96
182,3117,4.5,3.73
205,4896,4.5,3.79
391,2080,5.0,3.37
514,3421,4.0,3.83
599,56286,3.0,0.0
483,56251,5.0,4.02
377,5049,4.0,3.71
599,1499,2.0,1.9
23,334,4.0,4.26
567,97836,1.5,2.88
438,49272,4.0,4.22
262,515,5.0,3.55
559,432,3.0,2.76
480,19,1.5,3.1
564,49286,3.0,3.22
429,300,4.0,3.5
351,5608,4.0,3.94
317,6708,3.0,3.8
603,4056,4.0,2.38
380,1982,5.0,4.11
577,1690,3.0,3.05
448,55768,3.5,3.27
417,1198,2.5,4.3
10,1247,3.0,4.12
16,593,3.0,4.25
352,4306,3.0,4.06
353,296,5.0,4.23
189,3578,4.0,3.97
448,223,4.0,4.19
198,1172,5.0,4.15
489,1961,4.0,4.14
101,2598,2.0,2.88
227,48774,4.5,4.06
305,3527,4.0,3.75
337,1210,5.0,4.18
381,1500,4.0,3.81
382,33660,4.0,4.11
18,122892,3.5,3.98
135,367,4.0,3.3
265,1214,2.0,4.05
600,1029,3.5,3.52
318,3424,3.5,4.17
599,8665,3.0,4.32
68,6297,3.5,3.95
292,253,1.5,3.53
279,115569,4.5,4.3
334,4235,3.5,4.07
167,4369,1.0,3.17
381,4370,3.0,3.46
227,457,4.0,4.02
292,296,3.0,4.26
205,88125,4.0,3.93
434,48774,5.0,4.16
57,1388,2.0,2.68
305,8985,4.0,3.09
610,69275,4.0,4.44
534,67197,3.5,2.85
42,3255,3.0,3.67
526,106920,4.0,3.97
448,7076,4.0,3.62
599,1351,2.0,2.43
539,318,4.0,4.46
139,48780,2.5,4.13
84,1132,4.0,4.26
414,43917,3.5,2.93
215,356,3.5,4.24
564,1968,4.0,3.82
579,3114,5.0,3.85
41,597,3.0,3.62
350,7,3.0,3.12
414,1753,2.5,4.62
567,26743,2.5,0.0
369,2706,3.5,3.44
125,858,4.5,4.39
256,204,4.5,2.8
540,2598,3.0,2.87
524,1200,5.0,4.04
527,3036,5.0,3.64
353,47,5.0,4.04
288,2867,3.0,3.71
517,3599,1.0,3.8
391,1196,5.0,4.41
600,2606,2.0,2.63
45,2329,5.0,4.44
414,54259,3.5,4.35
10,49286,5.0,3.14
216,2788,3.0,4.2
513,110,4.0,4.04
91,3671,4.5,4.12
141,109374,5.0,3.92
140,1090,4.0,4.14
241,3910,5.0,3.74
514,2918,4.0,4.06
69,1266,5.0,4.11
391,3000,4.0,4.1
34,3624,4.0,3.15
103,77561,0.5,3.77
511,68954,4.5,4.08
249,46723,4.0,4.19
239,4776,4.0,3.93
599,5903,2.5,4.44
182,1370,3.5,3.74
592,303,3.0,3.06
20,3793,3.5,3.87
217,2779,3.0,3.46
36,1892,3.5,3.2
247,5989,3.5,4.05
414,1101,5.0,4.02
474,8530,4.0,0.0
274,3968,3.5,3.35
265,2364,2.0,0.0
577,2146,4.0,3.34
372,1390,4.0,2.67
256,4701,4.5,3.31
351,51662,4.0,3.81
338,122912,1.5,4.25
499,4642,5.0,4.11
18,53972,3.0,3.69
111,719,4.0,2.89
462,148626,3.5,4.12
332,3470,4.0,4.43
559,783,4.0,3.48
181,1082,3.0,3.72
605,1367,3.0,3.12
490,54272,3.0,3.63
387,4553,3.0,3.96
274,968,3.0,4.14
322,2052,2.0,2.74
137,1301,4.0,3.78
599,892,3.5,3.86
568,3053,4.0,3.8
309,973,4.0,3.92
365,216,3.5,3.4
50,92046,3.0,0.0
100,6377,4.0,4.05
571,2288,2.0,4.01
599,1015,1.5,3.54
247,2329,3.0,4.3
307,32031,2.5,3.26
247,40815,2.0,3.9
477,1193,4.5,4.43
274,6464,3.5,0.0
222,102686,3.5,3.33
590,4262,4.5,4.14
105,111622,4.0,0.0
289,16,4.5,3.96
169,1777,4.0,3.64
414,2513,2.0,2.72
426,4306,4.5,3.97
409,3813,4.0,4.27
462,179813,4.0,0.0
389,32,4.0,3.97
414,3070,4.0,3.16
220,223,5.0,3.95
133,377,3.0,3.57
514,84772,3.5,3.45
605,56171,3.0,3.11
436,485,3.0,2.99
249,4489,3.5,3.46
169,3421,4.0,3.79
4,3897,4.0,3.89
73,2706,3.5,3.44
380,3979,2.5,2.75
42,1090,5.0,4.06
304,1240,5.0,3.98
387,1025,3.0,4.0
368,3173,3.0,3.12
42,1722,5.0,3.2
288,6303,3.5,3.98
186,1307,3.0,3.98
361,53125,4.0,3.57
391,3256,3.0,3.71
603,426,4.0,0.0
469,1858,2.0,2.84
381,1073,4.0,4.12
599,4155,2.5,3.45
140,1028,4.0,4.04
610,8783,3.0,3.53
606,5943,3.0,2.77
387,51255,3.5,4.33
41,593,4.0,4.33
222,3273,3.0,2.57
266,135,1.0,2.94
177,4306,4.0,4.39
232,59501,3.0,3.62
482,6787,3.5,4.05
527,3016,4.0,3.06
57,588,4.0,4.14
95,541,5.0,4.2
298,4973,3.0,4.4
443,1200,3.0,3.98
380,51662,4.0,4.33
483,4370,4.0,3.46
95,3019,5.0,4.0
514,2144,3.0,3.79
365,80549,4.5,3.89
469,1261,4.0,4.12
163,1614,3.0,2.75
468,160,2.0,2.91
608,6820,3.5,4.13
148,5618,3.0,4.21
4,215,5.0,4.05
105,86066,4.0,0.0
249,1408,4.0,3.94
111,94953,4.5,3.16
84,17,5.0,3.89
452,3633,3.0,3.53
91,2395,1.0,3.71
541,165,3.0,3.65
139,45722,2.5,3.6
441,122886,4.5,3.89
307,40581,2.5,3.05
597,1307,5.0,4.08
119,84392,4.0,3.73
249,3686,3.0,3.12
68,1584,2.5,4.21
66,1862,1.0,2.18
596,163639,4.0,0.0
570,48738,3.5,4.03
551,2000,4.0,3.71
68,49274,3.0,2.75
314,163,3.0,3.62
543,4226,5.0,4.16
307,3535,5.0,4.03
414,86332,3.0,4.49
356,64957,3.0,3.69
202,3260,4.0,4.16
422,4190,4.0,0.0
367,1028,5.0,3.94
220,5464,4.5,3.68
243,588,3.0,3.86
448,3707,2.0,3.09
414,5993,4.0,2.44
427,5400,2.0,3.12
427,1247,3.5,4.08
275,1179,5.0,3.66
223,2144,4.0,3.69
122,589,5.0,4.19
249,318,4.5,4.79
177,1333,4.0,3.71
51,1500,5.0,3.76
412,34,5.0,3.7
600,1499,2.0,1.75
448,7046,3.0,2.93
135,292,4.0,3.62
23,923,4.0,4.09
91,608,3.5,4.33
597,357,5.0,3.68
474,4571,4.5,4.21
247,136864,2.5,2.57
361,4246,3.5,3.62
346,4816,3.0,3.53
196,5952,3.0,4.0
448,85881,3.5,4.63
474,47465,3.5,3.18
598,130490,5.0,2.4
489,45447,3.5,3.35
469,1320,3.0,3.27
599,1036,4.0,4.47
166,32,4.0,4.09
91,3727,4.5,4.21
590,196,2.5,2.91
587,587,5.0,3.51
380,6534,3.0,2.95
147,543,2.5,3.31
28,38886,2.0,3.6
6,510,3.0,0.0
177,83132,2.5,4.24
313,1291,4.0,4.22
105,122904,4.0,4.3
368,3256,3.0,3.81
160,296,5.0,4.32
318,2952,3.0,3.83
112,1,3.0,3.96
104,33004,4.0,3.5
68,49772,2.5,4.34
34,27801,5.0,3.84
577,1270,5.0,4.12
376,33794,4.0,3.93
321,736,4.0,3.45
103,953,4.0,4.24
599,3252,4.0,4.04
534,2949,4.0,3.9
601,5971,4.5,3.93
562,44974,5.0,3.46
492,736,4.0,3.48
10,66203,3.5,2.82
514,2406,3.0,3.65
102,158,3.0,2.87
274,5363,2.5,2.94
177,4069,4.0,3.22
125,92259,4.0,4.38
19,7,2.0,3.23
232,2021,3.5,3.38
64,159,3.5,2.74
283,587,2.0,3.44
474,1022,4.0,3.85
28,54503,3.5,4.21
323,48,3.5,3.24
105,5349,3.5,3.89
527,969,4.0,4.12
370,4878,4.0,4.03
287,2747,3.0,3.01
469,2858,5.0,4.26
411,480,5.0,3.8
400,858,5.0,4.36
609,731,4.0,0.0
348,750,4.5,4.33
607,1240,5.0,3.96
600,172,2.0,2.77
564,2706,4.0,3.44
1,1029,5.0,3.45
184,102123,3.5,3.34
19,2054,3.0,3.01
525,68358,3.0,4.35
380,8866,3.0,3.3
71,801,4.0,3.05
599,88593,2.5,0.0
307,4306,2.5,4.23
408,134130,4.0,4.06
446,589,5.0,4.05
509,1682,4.0,4.0
507,34,5.0,3.66
260,1288,5.0,4.06
563,1197,3.0,4.34
599,2572,3.0,3.85
385,1196,5.0,4.31
369,6296,3.0,3.74
555,2375,4.0,3.1
414,3684,3.0,3.87
90,1116,4.0,0.0
485,588,4.0,3.85
517,3418,1.0,3.57
249,1527,4.0,3.95
603,2424,2.0,3.32
608,1644,3.0,2.22
160,442,2.0,3.25
479,2683,5.0,3.24
63,3421,2.5,3.82
603,1922,4.0,0.0
223,47,3.0,4.03
68,541,2.0,4.29
64,5669,3.5,4.05
600,1608,2.5,3.55
503,2571,4.5,4.27
225,1923,4.0,3.69
603,2110,4.0,3.57
610,156371,5.0,0.0
474,2915,2.0,4.05
140,44709,4.0,3.62
414,1060,5.0,4.19
105,134252,4.5,0.0
356,63082,4.0,4.12
249,46965,3.0,2.71
414,33794,4.5,4.8
489,2617,2.5,3.33
448,7143,4.0,4.14
137,2571,4.0,4.31
608,4448,4.5,3.54
448,132046,2.0,3.36
143,2144,5.0,3.68
256,5218,4.5,3.84
41,122904,0.5,4.01
474,2822,2.5,3.43
462,44555,4.5,4.18
606,2174,4.0,3.56
27,2478,5.0,3.12
240,169,3.0,2.51
462,6001,3.5,4.33
480,1203,5.0,4.39
182,4262,4.0,4.19
95,176,4.0,4.33
380,49651,5.0,3.5
477,6863,3.5,3.53
475,34150,4.0,2.89
401,157296,3.0,3.76
307,8910,3.5,3.64
453,3979,2.0,2.64
415,608,4.5,4.2
19,353,5.0,3.64
605,1197,5.0,4.32
448,77191,2.5,0.0
551,110,3.5,4.12
594,990,4.5,2.58
294,2013,2.0,3.11
202,1641,4.0,3.94
535,2683,1.0,3.21
105,1233,4.0,4.35
160,1035,2.0,4.05
136,317,3.0,3.27
384,4333,4.0,3.12
414,69122,4.0,4.55
68,1198,5.0,4.65
328,4973,4.5,4.34
46,349,3.0,3.72
300,318,4.0,4.48
243,356,4.0,4.19
398,59387,5.0,4.0
339,90531,3.5,3.81
414,6542,3.5,0.0
470,300,4.0,3.54
160,2363,1.0,2.68
141,318,4.0,4.56
232,7153,4.0,4.54
414,5791,3.0,3.96
274,2328,4.5,2.45
307,33836,2.5,2.45
135,3996,5.0,3.92
109,223,3.0,3.96
603,2844,4.0,1.85
453,5225,4.0,4.15
275,2692,4.0,4.13
182,1270,3.0,4.27
6,145,4.0,3.48
480,1923,4.0,3.98
503,480,3.5,3.75
434,2699,2.5,2.91
275,2824,5.0,0.0
164,592,3.0,3.5
58,234,4.0,2.54
276,480,5.0,3.75
354,586,3.0,3.17
473,48385,3.5,3.36
45,2763,4.0,3.74
477,586,3.0,3.31
456,65,2.0,2.57
606,172,3.0,2.81
156,541,4.0,4.23
209,51255,4.5,4.0
178,2231,4.5,3.9
599,3186,3.0,3.46
475,88125,5.0,4.01
460,3615,3.0,3.1
139,53000,1.5,3.82
188,2918,5.0,3.88
307,2504,2.0,3.58
215,1291,3.5,4.13
274,65126,3.5,0.0
87,1345,3.5,3.3
279,1222,4.0,4.19
298,5992,2.5,4.1
64,39183,4.0,3.81
294,2518,2.0,3.33
325,223,3.0,3.97
109,514,3.0,3.53
219,31696,3.0,3.78
84,236,3.0,3.6
53,203,5.0,3.47
601,109487,5.0,4.11
83,4995,3.0,4.09
91,3704,3.5,3.63
51,3070,5.0,3.41
474,25750,4.0,0.0
186,1196,5.0,4.34
425,485,3.0,3.08
298,8907,0.5,2.53
414,45662,2.5,2.98
89,94503,4.5,3.17
332,4262,3.5,4.04
305,2985,5.0,3.48
414,2182,3.5,0.0
76,1208,4.0,4.25
177,3499,4.0,4.09
414,4638,3.0,3.34
607,3157,3.0,2.88
92,2664,3.5,3.8
41,6373,4.0,3.38
345,1127,3.5,3.47
313,2959,5.0,4.43
182,4234,3.0,3.4
534,88140,3.5,4.06
555,529,3.0,4.1
267,480,5.0,3.77
246,6350,4.5,4.27
610,784,5.0,3.29
474,2247,2.0,3.56
147,555,4.5,3.8
318,89753,4.0,3.97
380,73017,3.0,4.49
318,673,3.5,2.86
234,1370,3.0,3.49
587,2080,4.0,3.35
474,6104,4.0,4.3
57,382,2.0,3.39
606,7154,3.5,2.92
221,2469,4.5,3.38
599,3362,3.5,4.41
229,592,3.0,3.49
567,99764,5.0,0.0
163,1676,3.0,3.3
448,90866,4.0,3.85
133,588,3.0,3.85
414,1387,4.0,4.58
522,858,4.5,4.43
260,8607,3.0,4.12
169,661,4.0,3.47
489,367,1.5,3.37
424,30825,3.5,3.06
57,1498,2.0,3.33
322,4010,3.0,2.94
228,1590,4.5,2.97
325,4643,2.0,2.83
610,48780,4.0,4.72
63,3949,5.0,4.02
57,1385,2.0,3.23
18,8984,3.0,3.33
561,2143,3.5,3.11
480,4239,3.0,4.06
261,7361,5.0,4.2
239,1221,5.0,4.42
562,527,4.5,4.36
469,3635,3.0,3.55
275,5272,3.0,0.0
36,5956,2.0,3.64
363,708,3.5,3.37
567,86059,1.5,0.0
274,196,3.5,3.16
68,4015,2.0,3.27
209,2628,2.0,3.15
387,6378,3.0,3.83
361,377,3.0,3.6
437,86,3.0,4.05
175,7169,5.0,4.0
368,2688,3.0,2.91
2,99114,3.5,4.01
239,1672,4.5,3.44
103,48780,4.5,4.26
215,1089,3.0,4.31
551,77561,4.0,3.73
590,303,3.0,2.93
477,66934,5.0,3.99
332,1682,4.5,3.95
298,59315,3.5,4.11
524,913,3.0,4.15
6,304,4.0,3.75
413,3624,5.0,3.11
177,93006,4.0,0.0
156,1079,4.0,4.18
119,6934,4.5,3.25
405,4878,4.0,4.03
599,3668,3.0,4.11
431,466,2.0,2.88
71,733,3.0,3.71
288,2903,3.0,0.0
21,902,3.0,3.92
121,300,3.0,3.54
517,30749,0.5,3.95
249,55269,4.0,4.06
4,4033,4.0,3.9
518,6323,4.5,3.57
517,919,4.5,4.0
448,157172,0.5,0.0
387,1097,3.5,3.99
74,48774,4.0,4.08
414,64983,3.0,3.85
599,179817,3.0,4.0
608,163,3.0,3.96
585,441,3.5,4.04
109,14,4.0,3.8
170,594,3.0,3.59
277,719,4.0,2.84
599,26195,3.0,0.0
414,37727,4.0,3.15
528,81834,1.5,4.06
325,5139,3.0,3.37
552,3361,3.0,3.77
64,1183,4.0,3.81
448,3072,3.0,3.93
16,849,4.0,2.93
64,3253,4.5,3.53
281,362,2.0,3.68
288,2116,3.0,3.37
50,63312,2.0,0.0
219,4388,0.5,2.62
131,5959,2.5,3.38
336,2001,3.5,3.2
288,1270,5.0,4.38
341,480,2.0,3.74
265,1678,3.0,3.58
4,1077,5.0,3.76
305,4439,3.5,3.75
448,59615,2.0,3.06
381,66097,5.0,3.83
181,370,3.0,3.13
414,3823,4.0,0.0
489,6377,4.0,4.34
102,47,5.0,4.02
1,423,3.0,2.75
274,54503,3.5,4.59
517,2396,1.5,3.94
445,4995,4.0,4.07
590,153,2.5,3.14
226,1193,4.0,4.43
288,2142,3.0,2.77
212,54286,3.0,3.8
610,77364,2.5,3.41
219,317,3.0,3.41
113,1564,5.0,0.0
610,6874,4.5,4.12
51,5339,3.5,4.08
599,114627,3.0,0.0
159,4308,2.5,3.65
448,47640,2.5,4.35
294,1135,4.0,3.07
563,59258,2.0,3.31
268,1206,3.0,4.1
477,2036,3.5,2.16
10,5952,4.0,4.04
531,1961,5.0,3.86
391,1094,4.0,3.57
288,2095,3.5,2.64
610,105504,3.0,4.57
600,8533,3.0,3.76
474,4970,4.0,0.0
249,3744,3.0,3.07
356,4878,5.0,4.15
177,1265,4.0,4.34
48,2571,5.0,4.24
125,52973,4.5,3.82
184,159817,5.0,4.15
132,5956,1.5,3.77
125,1732,4.5,4.02
414,59615,2.5,3.19
45,3052,4.0,3.74
606,11,2.5,3.9
219,8807,4.0,3.65
596,91529,3.5,4.37
111,65230,2.5,3.39
274,33834,3.5,3.65
177,3408,4.0,3.91
42,3033,4.0,3.59
284,237,5.0,3.35
525,61240,4.0,4.17
448,4159,2.0,2.69
393,45722,5.0,3.61
58,300,5.0,3.53
507,349,3.0,3.68
607,3440,3.0,2.11
68,4638,2.0,3.2
12,2572,5.0,3.53
414,1680,3.0,4.1
194,7143,4.5,3.88
93,2424,4.0,3.18
479,2891,5.0,3.45
414,47610,3.5,4.85
567,180985,1.0,3.32
555,2000,5.0,3.89
234,2953,1.0,2.66
520,4526,4.0,2.91
270,708,3.0,3.37
91,5378,4.0,3.31
28,54736,2.5,3.99
33,2080,4.0,3.32
412,2542,4.0,4.08
122,91535,4.0,3.36
387,4065,2.5,0.0
576,1188,1.0,3.78
105,112556,4.0,3.99
182,6796,3.0,4.18
378,318,4.5,4.5
391,5026,3.0,3.9
305,33493,3.5,3.8
606,8966,3.5,3.34
340,457,5.0,4.01
477,40815,3.5,4.02
608,2600,4.5,4.01
233,1059,3.5,3.77
579,2496,4.0,3.03
361,5106,1.5,2.17
279,175303,5.0,3.31
313,3386,3.0,3.55
70,3468,5.0,4.26
89,4014,1.5,3.68
284,432,3.0,2.72
414,349,3.0,4.48
438,1302,4.0,3.83
552,1704,4.0,4.15
414,2375,3.0,3.67
93,260,5.0,4.25
62,1653,5.0,4.2
205,104913,3.0,4.06
284,420,3.0,2.85
330,2140,3.5,3.63
305,163645,4.0,4.48
140,707,3.0,3.05
599,3489,3.0,3.81
266,1617,4.0,4.15
312,527,5.0,4.3
40,21,4.0,3.47
42,2671,4.0,3.61
108,480,4.0,3.73
249,3271,4.0,3.96
187,6062,4.0,2.98
380,899,3.0,4.41
202,3214,2.0,0.0
202,3505,5.0,3.66
50,5669,2.5,3.89
38,376,4.0,3.29
249,49651,3.5,3.6
221,5954,4.5,3.91
264,1210,3.5,4.18
182,3827,2.5,3.1
469,112,3.0,3.49
105,64993,4.5,2.88
39,1200,5.0,4.04
448,4104,1.0,0.82
448,69122,3.0,4.34
509,6156,3.0,3.28
387,175,4.0,4.32
345,7121,5.0,4.65
414,34536,4.0,3.67
382,4638,3.5,2.96
294,3552,5.0,3.97
334,27773,3.0,4.18
211,54286,4.0,3.75
288,1603,2.0,2.64
84,11,4.0,3.73
216,3555,3.0,3.49
226,1206,4.0,4.23
437,1488,3.0,2.85
436,8,3.0,3.05
42,2169,2.0,2.49
42,2581,3.0,3.13
420,2819,4.0,3.67
385,1079,4.0,4.07
474,3928,3.5,4.24
396,1747,3.0,3.35
28,8665,3.5,4.06
381,1722,3.5,3.18
244,541,4.0,4.14
224,2150,5.0,3.84
197,2167,2.0,3.44
63,1704,3.5,4.22
532,3147,5.0,4.13
474,4881,4.0,4.23
256,68791,3.0,3.32
167,69,2.5,3.84
605,74530,3.0,2.4
395,1025,3.0,3.67
186,2115,4.0,3.79
448,2383,2.0,0.0
144,47,4.5,4.08
119,102481,4.0,3.71
534,108932,4.0,4.06
590,1544,3.0,2.93
514,4533,3.0,4.02
495,99007,4.5,3.31
559,405,2.0,2.51
23,3181,3.5,4.02
610,114670,3.5,0.0
387,6807,4.0,4.25
68,176371,3.5,3.97
18,56757,4.0,3.96
489,47,3.0,4.24
68,4124,2.0,0.0
469,3072,4.0,3.7
220,2985,4.0,3.44
219,2858,5.0,4.23
288,1673,2.0,4.49
51,59615,5.0,2.86
427,5065,3.5,3.06
74,2908,5.0,3.61
313,4370,3.0,3.36
64,708,4.5,3.61
182,4247,2.5,2.28
103,34437,4.0,3.61
111,1895,4.0,3.4
156,1263,4.0,4.11
249,2720,2.5,2.37
254,836,3.5,2.86
480,8866,3.0,3.18
274,4370,3.0,3.58
215,2145,4.0,3.16
89,73106,1.5,2.61
202,1292,3.0,4.27
599,41627,3.5,0.0
122,55765,5.0,4.15
387,6530,4.0,0.0
574,185,2.0,3.11
517,914,4.5,4.07
421,2858,5.0,4.09
182,2391,4.5,3.9
385,610,3.0,3.66
380,90603,5.0,3.33
64,5816,3.5,3.75
219,39292,3.5,3.81
417,6874,5.0,4.01
45,88,4.0,3.24
438,1608,3.5,3.71
298,2918,3.0,4.1
64,6,4.5,4.05
428,3000,2.5,4.06
484,1644,3.0,2.21
43,23,5.0,2.87
57,1747,4.0,3.44
14,32,4.0,3.98
304,165,4.0,3.76
607,858,4.0,4.36
604,208,3.0,2.94
451,94,4.0,3.95
599,73,3.0,3.8
305,96610,2.5,4.02
253,66097,4.5,3.64
221,4681,4.0,3.7
560,54286,4.0,3.95
405,293,4.0,4.04
204,1653,5.0,4.0
414,68205,3.5,3.41
486,44,4.0,2.54
312,2011,4.0,3.55
19,2985,3.0,3.5
367,3784,5.0,2.42
333,1272,3.0,4.02
577,1931,4.0,0.0
590,7367,2.5,2.86
599,135456,3.5,0.0
182,5530,3.5,2.07
425,4306,4.0,4.09
391,1429,3.0,3.7
362,5784,4.0,2.37
483,3269,2.5,3.1
414,8869,2.5,3.51
425,1589,3.5,3.42
339,105504,4.5,4.42
382,2990,4.0,3.42
126,380,5.0,3.56
217,471,2.0,3.73
599,5816,3.0,3.74
469,1476,2.0,3.81
325,22,3.0,3.28
288,6012,3.0,2.33
448,131480,2.0,0.0
477,2294,4.0,3.49
226,1230,4.0,4.07
51,6323,4.5,3.67
562,99007,4.0,3.28
305,90405,3.0,3.69
313,2021,4.0,3.55
305,112852,4.5,4.56
226,4571,5.0,3.88
414,175569,4.0,4.33
462,96488,4.0,4.4
527,1035,5.0,4.01
3,7899,4.5,0.0
339,72011,4.5,3.8
448,5541,4.0,3.47
294,3506,2.0,3.0
520,7147,4.0,3.88
279,148626,3.5,4.08
210,89745,4.5,4.04
226,1247,4.0,4.21
266,223,4.0,3.96
419,778,5.0,4.14
91,1,4.0,4.18
53,748,5.0,3.03
249,90249,3.5,3.88
63,92535,5.0,4.71
438,1777,2.0,3.71
527,1287,4.0,4.07
420,54881,4.0,3.94
298,112552,3.5,4.43
60,58559,5.0,4.2
477,2115,4.0,3.9
474,3578,3.0,4.52
45,2105,3.0,3.42
82,6566,1.5,2.31
305,63992,3.0,2.94
561,111364,4.0,2.72
182,5218,3.5,4.06
430,1680,5.0,3.6
483,2762,3.5,4.26
68,6333,4.5,4.33
448,58803,4.0,3.76
202,920,4.0,3.79
414,6538,4.0,4.77
19,1500,2.0,3.8
117,193,2.0,2.54
68,2840,3.5,3.02
195,150,4.0,3.94
414,6337,4.0,2.94
610,117867,4.0,0.0
603,3418,4.0,3.82
525,5299,2.0,3.58
414,1704,5.0,4.82
17,592,4.5,3.53
372,1033,2.0,3.82
428,2723,3.5,2.98
198,780,2.0,3.56
331,3623,2.0,2.74
346,357,4.5,3.5
509,96110,3.0,3.5
181,382,3.0,3.32
282,6377,5.0,4.22
381,1917,3.0,3.22
552,6503,2.0,2.58
563,1270,3.5,4.06
155,2880,3.0,3.14
536,232,2.0,4.05
605,533,4.0,2.9
453,1873,3.0,3.96
318,2797,3.5,3.92
480,39414,3.5,3.24
380,54001,5.0,4.16
599,161032,2.5,0.0
312,5451,4.0,2.85
125,7361,4.5,4.33
371,1676,4.0,3.29
140,3198,4.0,3.98
456,64,3.0,2.21
274,4700,2.5,3.57
527,2135,4.0,4.15
232,8985,3.0,3.2
305,105355,2.5,0.0
462,1252,5.0,4.43
22,37733,2.5,3.63
104,858,1.5,4.35
153,4896,3.0,3.77
73,8961,4.0,4.06
489,1263,4.5,4.1
28,6884,3.5,0.0
68,1884,2.5,4.36
298,139642,2.0,3.17
596,3624,3.5,3.29
556,48394,4.0,3.87
274,2548,2.0,1.38
82,6006,3.0,2.69
298,91542,3.0,3.96
484,1753,5.0,3.81
448,91628,2.0,0.0
274,52435,3.5,3.24
448,1955,3.0,4.17
119,88163,4.0,4.23
484,594,5.0,3.67
610,61240,5.0,4.56
489,55269,2.5,3.71
339,56174,4.5,3.76
414,2028,5.0,5.0
89,3061,2.0,3.82
111,72998,2.0,3.96
195,5010,3.0,3.89
47,6765,3.0,3.35
119,47099,4.0,3.97
169,1136,5.0,4.28
288,48414,3.0,0.0
564,39,3.5,3.33
178,593,4.5,4.24
33,2087,3.0,3.56
40,82,5.0,3.42
573,69122,4.5,3.95
447,520,3.0,3.13
156,4734,3.0,3.22
387,54190,3.0,4.12
177,98154,4.5,4.69
372,1213,5.0,4.36
414,991,4.0,3.39
144,784,1.5,2.9
483,2394,4.5,3.48
590,3868,3.0,3.48
448,55995,2.0,3.04
226,6711,4.5,4.19
514,1330,2.0,1.26
45,2716,4.0,3.89
356,2918,5.0,4.02
298,784,1.5,3.07
603,648,2.0,3.76
452,4643,5.0,2.91
414,4215,2.0,3.45
603,2577,3.0,0.0
249,67734,2.5,3.97
144,4979,3.5,3.73
414,4345,3.0,4.95
599,1200,5.0,4.53
132,5620,2.0,3.25
226,5584,3.5,0.0
474,1374,4.0,4.07
177,1953,2.5,4.15
28,736,2.5,3.45
105,3275,4.5,4.49
414,635,3.0,0.0
219,33166,3.5,4.14
458,440,4.0,3.62
480,8376,4.0,3.38
387,6552,3.5,3.97
323,1320,3.0,3.14
10,33679,3.0,3.4
79,589,5.0,4.03
1,2492,4.0,2.75
432,84189,3.5,0.0
160,6538,3.0,4.13
132,5673,2.0,3.74
21,4718,4.5,3.22
477,2010,3.5,3.99
477,4571,4.0,3.91
249,129354,4.5,4.11
414,69406,1.5,4.12
381,1911,2.5,2.93
408,520,4.5,3.09
202,1395,3.0,3.46
19,880,2.0,2.85
210,51562,4.0,0.0
63,58559,5.0,4.45
474,25999,3.5,0.0
234,1566,5.0,3.44
100,5299,3.5,3.34
610,71745,4.0,2.93
232,43919,0.5,0.0
89,2997,3.0,4.04
527,4299,4.0,3.42
50,26422,3.0,3.27
282,134130,4.0,4.05
156,3100,3.0,4.1
82,1544,3.5,2.82
571,2513,5.0,2.55
154,86644,0.5,3.67
509,86332,3.5,3.86
180,1261,4.0,4.0
430,2699,3.0,2.89
411,327,1.0,2.95
301,8949,3.5,3.75
167,4333,3.0,3.16
352,41566,3.0,3.58
166,520,3.5,3.13
312,3024,3.0,2.6
336,1267,3.5,4.29
313,2366,2.0,3.84
188,1537,4.0,3.8
490,53125,2.0,3.57
292,1907,3.5,3.9
210,122916,4.5,4.08
590,1092,2.5,3.48
483,45722,3.5,3.74
462,2396,0.5,3.92
328,122886,2.5,3.91
599,3499,2.5,4.31
525,91869,3.5,0.0
462,2367,2.5,3.07
225,2791,4.0,3.9
202,924,5.0,4.0
19,558,2.0,3.11
263,2266,3.0,3.07
434,3948,3.5,3.57
307,9005,2.0,0.0
343,7981,5.0,4.25
7,6534,0.5,2.62
559,745,5.0,3.94
57,2005,3.0,3.81
460,48780,4.5,4.12
232,37380,2.0,2.62
480,923,5.0,4.17
318,37741,4.5,4.08
534,31878,4.5,3.78
181,596,3.0,3.45
62,5254,3.0,3.46
202,371,4.0,3.38
174,160,3.0,2.95
573,7482,4.0,4.11
63,4306,2.5,4.08
219,4446,4.0,3.48
202,3251,4.0,3.59
468,208,3.0,2.91
608,2003,2.5,3.65
288,1219,5.0,4.29
590,586,3.0,3.36
182,1464,4.5,3.13
489,7155,1.0,2.92
264,150,4.0,3.88
414,902,4.0,4.41
105,5878,3.5,4.03
596,58559,4.0,4.52
599,26539,3.0,0.0
489,1784,4.5,3.98
456,1073,3.0,3.93
66,555,3.5,4.02
372,1204,5.0,4.35
21,2700,2.5,4.04
232,5501,3.5,1.52
487,4973,3.0,4.27
572,2406,3.0,3.6
52,96079,3.0,3.86
219,434,3.0,3.24
599,3210,3.0,3.82
367,4489,4.0,3.31
199,3618,3.0,3.4
125,2843,4.0,4.15
68,60126,3.5,4.0
543,73881,5.0,0.0
111,56805,2.5,3.66
373,236,3.0,3.58
19,3797,3.0,2.83
480,27660,1.5,4.19
403,62081,3.5,2.99
212,1220,4.0,3.91
181,485,3.0,2.99
275,4066,3.0,2.88
414,5988,3.0,2.09
96,3555,3.0,3.5
414,51575,2.5,3.13
474,6157,3.0,2.57
474,5308,2.0,2.92
477,1005,2.5,1.99
230,780,3.0,3.57
195,165,2.0,3.66
23,58,3.0,4.07
217,692,1.0,3.03
561,45431,2.0,3.77
274,2617,3.5,3.54
111,2329,3.5,4.36
200,2006,4.0,3.25
68,5152,4.0,3.6
561,68358,4.0,4.34
301,356,4.0,4.24
503,4641,4.0,3.42
89,4728,3.0,3.11
432,81591,5.0,3.7
555,196,3.0,3.0
305,3916,4.0,3.95
82,595,3.0,3.9
185,3598,3.0,3.02
474,4886,3.0,4.55
608,2117,4.5,3.74
84,1103,4.0,4.18
469,32,5.0,4.12
602,555,3.0,3.85
233,60069,4.0,4.21
206,838,5.0,3.76
89,69469,5.0,0.0
101,3578,4.0,3.98
600,3821,1.0,2.62
242,329,3.0,3.43
217,785,2.0,3.62
448,26386,3.5,0.0
552,3252,3.5,3.72
365,2858,1.0,4.11
42,509,4.0,3.59
387,1997,4.0,4.16
596,60040,3.0,3.57
301,1644,0.5,2.16
221,608,5.0,4.35
391,497,4.0,3.91
387,697,1.5,0.0
221,7215,4.5,3.12
409,1394,4.0,4.12
529,733,5.0,3.7
483,27370,4.5,0.0
380,1717,2.0,3.21
64,185,3.0,3.34
17,3147,4.5,4.16
607,589,4.0,4.13
304,2858,2.0,4.12
482,2068,0.5,0.0
419,27704,5.0,0.0
200,3082,4.0,3.46
575,2580,4.0,3.93
580,2355,3.5,3.77
212,85414,2.5,3.62
514,5704,2.0,0.0
605,68554,3.5,3.19
448,86293,2.0,3.26
309,4432,4.0,4.21
599,3915,2.0,0.0
265,2105,4.0,3.4
509,34162,2.0,3.65
603,2731,5.0,4.07
414,2087,5.0,3.89
448,111795,3.0,0.0
307,4040,3.5,2.31
298,45722,2.5,3.68
387,5809,4.0,0.0
590,1210,4.5,4.41
274,4351,3.5,3.4
552,1073,4.5,4.02
197,592,5.0,3.48
563,70183,3.5,3.72
105,4728,3.5,3.23
10,106782,1.0,4.05
474,55071,4.0,0.0
474,39869,4.0,3.87
561,77561,3.0,3.93
122,70599,4.0,3.84
271,1320,3.5,3.14
608,54503,4.5,4.32
140,164,3.0,3.51
354,3994,3.0,3.59
534,85179,4.5,3.68
528,67255,4.0,4.05
420,6934,3.5,3.14
586,457,4.5,4.1
603,2420,2.0,3.71
104,6539,3.0,3.96
379,500,3.0,3.45
587,3404,5.0,3.86
182,4734,1.5,3.41
307,788,2.0,3.05
51,1407,0.5,3.42
393,1291,5.0,4.17
596,2384,3.0,2.84
583,4016,4.0,3.79
305,3499,4.0,4.05
264,5952,4.5,4.01
221,7311,3.5,0.0
45,4896,4.0,3.86
382,53464,3.5,2.57
586,111781,4.5,3.74
448,88163,3.5,4.75
534,1721,4.5,3.49
450,2924,5.0,4.03
593,1086,3.5,4.09
380,2860,2.0,2.9
382,86644,3.5,3.75
486,292,4.0,3.53
202,3707,3.0,2.87
232,919,4.0,3.91
555,372,4.0,2.91
6,637,4.0,3.33
367,4153,3.0,2.44
59,1580,3.0,3.52
220,1722,3.5,3.08
510,4993,2.5,4.16
543,4388,5.0,2.51
253,5902,5.0,3.95
325,4294,3.0,0.0
380,5690,4.0,4.64
64,4973,5.0,4.43
477,4641,4.0,3.43
380,105585,3.0,0.0
356,543,5.0,3.41
368,2535,3.0,2.52
352,66097,3.0,3.76
219,55020,4.5,0.0
140,6448,4.0,0.0
294,420,2.0,2.92
575,2506,4.0,2.75
105,3997,3.0,1.95
523,7361,5.0,4.21
474,4296,2.0,0.0
542,1206,4.0,4.12
525,110102,4.0,4.11
477,3552,5.0,4.03
177,3753,3.5,3.79
45,4022,5.0,3.87
216,2349,2.0,3.5
610,138210,3.5,4.11
51,1997,5.0,3.99
125,86721,5.0,0.0
247,4226,4.5,4.27
422,762,2.0,2.48
64,350,3.5,3.5
334,30850,3.5,3.84
52,73017,5.0,3.98
166,6157,2.5,2.65
318,45728,4.0,3.99
50,296,4.0,4.31
605,8373,2.0,2.27
195,161,4.0,3.7
249,149352,3.5,3.36
414,173209,4.0,0.0
599,79274,2.5,0.0
474,2194,4.0,4.63
448,4229,3.0,0.9
172,3793,3.5,3.72
462,72011,4.5,3.74
278,2144,3.5,3.67
247,1198,4.0,4.38
599,728,2.5,3.76
223,8360,4.0,3.63
57,736,2.0,3.56
610,2951,4.5,4.29
414,127108,5.0,4.42
111,179427,4.0,0.0
606,82,4.0,3.56
249,90531,4.5,4.58
534,70336,3.0,2.59
17,3949,4.5,3.96
520,49272,3.0,4.06
294,2268,3.0,3.95
239,1101,3.5,3.42
357,1358,2.5,4.14
106,69844,5.0,3.98
610,122884,3.0,0.0
448,2083,4.0,4.24
226,3450,4.0,3.42
50,1201,4.0,4.26
606,2001,0.5,3.33
603,2932,4.0,3.82
474,6852,3.5,4.47
599,1673,4.0,4.56
599,210,2.0,0.0
602,475,5.0,4.31
398,910,5.0,4.0
522,356,3.5,4.32
313,3081,4.0,3.56
381,1028,4.5,3.99
414,4815,3.0,3.1
352,1625,4.5,3.89
45,3270,1.0,2.88
195,3753,3.0,3.53
328,1997,2.0,3.98
356,35836,5.0,3.7
603,1721,3.0,3.6
100,1035,4.0,4.02
561,7310,3.5,3.3
474,342,3.5,3.79
586,54286,4.5,3.81
448,110553,2.5,2.91
304,2322,4.0,2.98
177,69122,4.0,4.18
327,4388,5.0,2.5
603,1228,5.0,4.45
234,126,2.0,2.23
298,1240,4.0,4.08
590,6565,3.5,3.95
580,924,3.5,3.97
105,85316,3.5,0.0
290,1208,5.0,4.36
68,3978,3.0,3.18
45,2302,3.0,3.53
41,57669,4.5,4.24
608,2126,4.0,2.69
470,788,3.0,2.77
509,6350,3.5,4.36
599,1719,3.5,4.22
370,592,4.0,3.51
135,3102,3.0,3.82
28,851,2.0,2.91
555,4080,3.0,0.0
280,4649,4.0,3.55
260,2010,4.0,3.91
317,1219,5.0,4.08
68,59725,2.5,3.32
68,46965,3.5,2.66
156,2396,4.0,4.01
274,8957,3.5,3.55
517,147378,1.0,3.68
247,7361,4.0,4.23
140,7155,3.0,2.81
474,7064,4.0,2.92
182,249,4.0,3.8
448,26409,1.0,0.0
435,34405,4.0,3.95
66,4041,4.5,3.55
356,2146,4.5,3.38
202,1394,4.0,4.22
356,8917,3.5,3.64
380,4085,4.0,3.64
414,166528,4.0,4.82
414,3794,3.0,0.0
352,3273,3.0,2.6
599,2292,2.5,0.0
68,112183,1.5,3.94
610,5617,4.0,4.41
414,139644,4.5,4.55
160,227,2.0,3.14
599,2140,3.0,3.97
186,788,4.0,2.85
599,2321,3.5,4.0
608,7324,4.0,3.41
41,5418,2.0,3.92
608,3257,2.5,3.04
106,40815,5.0,3.88
68,103249,3.5,3.52
105,58554,2.0,0.0
10,86548,3.0,0.0
307,2114,3.0,3.88
483,480,4.0,4.1
221,3671,4.5,4.07
599,627,2.5,4.0
387,923,4.5,4.31
327,8641,5.0,3.78
545,63540,2.0,2.15
288,3998,3.0,3.11
582,44191,3.5,3.95
452,1584,5.0,3.82
117,736,2.0,3.5
294,3667,1.0,0.0
318,2291,4.0,3.85
105,152081,4.5,4.41
304,135,4.0,2.97
91,1645,3.0,3.58
42,3448,5.0,3.99
414,32587,4.0,4.49
122,260,5.0,4.41
74,55363,4.0,4.39
328,1732,3.5,4.07
600,1246,2.5,4.34
64,27773,5.0,4.35
361,49272,4.0,4.0
174,333,4.0,3.81
200,45517,3.0,3.43
201,1097,5.0,3.85
296,31364,5.0,4.6
313,1274,5.0,3.72
500,471,1.0,3.69
18,593,4.5,4.5
606,6440,4.0,4.24
411,292,3.0,3.61
372,335,4.0,0.0
434,6365,2.0,3.49
73,35836,2.5,3.65
382,33836,2.0,2.29
432,35836,4.0,3.67
82,1573,4.0,3.51
414,5046,3.0,3.47
19,1373,1.0,2.83
221,2997,4.5,4.17
414,122904,4.0,4.77
62,45447,3.5,3.39
414,542,2.0,3.14
236,1387,5.0,4.0
564,4246,3.5,3.76
328,8360,3.0,3.66
453,3148,4.0,3.73
432,81562,3.5,3.96
339,1077,4.5,3.75
323,348,3.5,3.65
368,587,3.0,3.6
68,3635,4.0,3.6
203,40815,3.5,3.86
132,4993,4.5,4.28
139,6539,3.0,3.9
68,68554,3.0,3.8
19,1970,3.0,3.03
600,2340,3.5,3.43
294,153,3.0,3.06
232,6006,3.0,3.19
202,356,5.0,4.38
268,2178,4.0,0.0
68,3275,3.5,4.68
599,51931,3.0,4.06
249,64969,4.0,4.21
474,1959,4.0,4.1
602,11,3.0,3.69
50,176371,3.0,3.91
174,32,3.0,3.99
119,5810,3.0,3.36
88,26974,3.0,3.23
68,4720,3.0,4.22
477,5952,4.0,4.29
243,353,5.0,3.53
597,2423,2.0,3.83
352,1080,5.0,4.08
6,316,5.0,3.53
318,142456,3.5,0.0
597,2717,3.0,3.11
288,3060,4.0,4.08
217,1230,2.0,4.01
125,60072,4.0,3.26
368,303,1.0,3.0
43,271,5.0,3.4
83,7669,4.0,3.41
153,30707,2.5,3.95
153,177615,3.0,3.53
540,1196,5.0,4.24
328,1288,3.0,4.07
380,5171,3.0,3.35
356,1206,4.0,4.17
66,181,2.0,2.58
166,5418,4.5,3.97
474,3475,4.0,0.0
606,1293,4.0,3.91
141,2355,4.0,3.65
103,69844,1.5,4.07
610,128360,4.5,4.43
414,3788,3.5,3.76
116,5349,3.5,3.59
95,1196,5.0,4.32
288,2391,4.0,3.91
514,122926,4.0,4.33
318,79057,2.5,3.63
351,84152,3.5,4.05
256,112623,4.0,3.64
169,3,5.0,3.36
566,25,2.0,3.75
41,2268,2.5,3.88
326,89492,1.0,4.03
226,8464,3.5,3.76
274,2431,3.0,3.72
139,4865,1.5,3.77
328,2090,3.0,3.55
514,1079,4.0,4.13
176,485,3.0,2.97
372,1302,3.0,3.68
608,1396,4.0,3.61
594,2808,5.0,2.16
224,1554,1.0,2.68
282,1073,4.0,4.07
547,1394,5.0,4.06
602,22,3.0,3.29
610,82641,3.0,0.0
79,2406,4.0,3.53
602,508,3.0,3.76
603,163,5.0,3.79
42,4482,5.0,2.27
143,6619,5.0,2.52
359,480,4.0,3.75
317,3147,4.0,4.21
286,2959,5.0,4.38
153,4979,3.0,3.74
603,2174,4.0,3.54
603,4433,5.0,0.0
560,6218,3.5,3.4
274,67087,3.0,3.73
307,5524,2.5,3.08
249,74789,2.5,3.94
368,1590,2.0,3.04
135,4467,4.0,3.75
603,1358,4.0,4.21
235,39,3.0,3.32
566,151,4.0,3.59
64,2115,3.0,3.86
16,1196,3.0,4.26
139,3753,4.0,3.49
492,842,5.0,2.45
606,2313,4.0,4.02
427,5107,3.0,3.32
88,79132,4.5,4.2
307,3752,2.5,3.38
352,68791,3.5,3.27
95,162,5.0,4.17
582,5618,3.5,4.21
82,2380,3.0,2.5
42,2861,4.0,3.3
290,1345,3.0,3.33
273,586,1.0,3.08
610,7482,4.5,4.21
353,266,3.0,3.45
33,230,3.0,3.45
304,1183,3.0,3.79
16,296,3.0,4.3
603,2431,1.0,3.7
562,3578,3.5,4.13
66,7482,4.5,4.08
164,1036,5.0,3.93
305,88405,3.5,3.55
307,6548,3.0,3.27
267,3996,5.0,3.86
357,2291,4.0,3.79
144,1246,3.0,4.11
105,2329,4.0,4.47
282,1968,4.0,3.95
596,1372,3.5,3.49
241,7371,5.0,4.1
600,2797,4.0,4.04
89,128087,5.0,0.0
111,64839,4.0,3.87
148,4993,3.0,4.18
429,315,4.0,3.11
448,46974,2.0,2.8
357,1513,3.5,3.05
7,589,2.5,4.09
139,95510,2.5,3.4
377,33681,2.5,0.0
474,1006,3.5,3.97
292,81847,3.0,4.3
351,55577,3.5,3.05
226,840,3.0,3.32
187,7371,4.0,4.17
52,86892,5.0,4.16
68,54881,5.0,4.07
610,79592,3.0,3.84
488,5995,4.5,4.08
381,5630,2.0,3.62
202,523,3.0,3.89
525,8643,3.0,3.3
552,2501,3.5,3.88
59,647,4.0,3.35
534,6874,4.5,4.04
469,1876,4.0,3.2
174,300,2.0,3.52
561,3753,4.5,3.72
412,1276,5.0,4.33
606,18,4.0,3.97
249,1209,4.5,4.38
184,119145,5.0,4.13
57,3175,4.0,3.79
599,3440,2.5,2.27
599,6348,2.5,1.1
600,2907,3.0,4.11
51,33615,3.5,3.41
414,72378,2.0,3.39
484,261,4.0,3.97
577,1288,3.0,4.06
444,350,3.0,3.38
437,1242,5.0,4.15
298,109374,3.5,4.21
73,59258,4.5,3.42
489,5377,4.0,3.93
372,527,5.0,4.33
424,27020,3.5,3.37
15,2916,4.5,3.71
380,110501,4.0,4.38
221,913,4.5,4.16
414,4909,2.0,0.0
610,133802,4.0,0.0
16,2723,3.5,2.97
198,2571,5.0,4.36
104,6593,4.0,3.13
198,364,4.0,4.07
573,3578,3.5,4.25
89,143559,5.0,0.0
105,101962,4.0,3.95
274,58803,2.0,3.9
232,41769,2.5,0.0
346,1333,3.5,3.62
332,6365,3.0,3.48
298,81932,3.0,3.99
414,39444,3.5,4.34
524,1270,5.0,4.1
181,445,3.0,2.98
105,98491,4.0,4.65
528,91658,4.0,3.52
63,47,4.0,4.16
462,83827,5.0,0.0
391,3702,4.0,3.65
41,3160,4.0,3.79
97,2571,5.0,4.24
608,8464,3.5,3.85
198,3686,3.0,2.89
512,380,3.0,3.58
140,5945,3.0,3.53
606,1059,4.5,3.96
160,1270,5.0,4.17
200,5481,3.5,3.01
120,1210,5.0,4.17
376,1097,3.5,3.83
603,910,4.0,4.15
414,171765,4.0,0.0
434,5952,5.0,4.2
381,3254,3.0,3.5
448,8376,3.0,3.33
466,45722,4.5,3.63
84,350,4.0,3.47
351,90353,4.0,0.0
292,4321,3.0,3.42
534,87869,3.0,3.84
84,1388,3.0,2.59
99,165,5.0,3.62
182,3809,3.5,3.49
409,2109,5.0,3.38
223,2716,3.5,3.79
534,2080,3.5,3.4
291,118696,4.0,3.49
39,1617,2.0,4.12
89,69644,4.0,2.7
132,7323,3.0,3.97
538,158,4.5,2.84
57,1468,1.0,3.13
198,260,5.0,4.34
177,7222,2.5,0.0
415,86345,4.5,4.29
64,4489,4.5,3.37
63,3752,2.0,3.24
414,1840,4.0,4.02
438,5809,2.5,0.0
525,1033,3.0,3.91
177,355,2.0,2.6
462,81932,4.5,3.88
28,4251,2.0,0.0
600,39444,1.0,3.97
199,1055,1.0,0.0
305,296,5.0,4.39
332,608,4.0,4.29
438,3916,4.0,4.04
453,2671,4.0,3.65
298,71264,3.0,3.9
212,107314,3.5,0.0
295,858,4.5,4.35
64,3396,4.0,3.74
347,317,4.0,3.21
232,597,3.5,3.8
480,6764,1.5,3.44
27,736,3.0,3.42
599,8157,2.5,4.11
274,368,3.5,3.95
89,49013,3.5,0.0
362,2023,4.0,3.47
143,3526,3.0,3.76
460,2762,4.5,3.98
413,3916,5.0,3.71
606,6800,1.5,3.11
318,1260,4.0,3.65
425,1393,3.0,3.73
474,8955,3.0,0.0
24,4995,3.5,4.1
199,913,4.5,4.15
567,2731,3.5,4.06
339,68358,4.0,4.31
160,587,3.0,3.56
128,942,4.0,4.5
232,62155,4.0,3.69
423,4995,3.5,4.03
608,2002,3.0,3.17
109,52,3.0,3.58
500,2539,4.0,3.13
59,1210,3.0,4.2
599,5221,3.0,0.0
286,4226,4.5,4.19
217,2353,4.0,3.63
414,26704,4.0,0.0
597,2116,4.0,3.25
122,112852,4.0,4.34
596,5991,3.5,3.86
608,2918,4.0,4.15
10,136020,5.0,2.87
380,83134,5.0,4.34
539,4306,5.0,3.92
517,1997,1.0,3.96
610,158238,5.0,4.52
274,4247,3.0,2.42
262,296,3.0,4.23
191,224,4.0,3.61
19,1240,4.0,4.1
274,328,4.5,3.68
604,435,4.0,2.58
91,1276,3.0,4.41
28,52241,2.0,3.66
573,60040,4.0,3.51
57,442,2.0,3.25
599,139859,2.5,0.0
477,72224,3.5,0.0
103,4002,4.5,3.95
480,3618,5.0,3.38
483,920,1.5,3.76
167,1080,3.5,4.1
137,30749,4.0,3.89
387,2717,3.0,3.15
512,454,4.0,3.64
417,356,4.0,4.24
28,6502,3.0,4.24
498,380,3.0,3.56
160,1385,1.0,3.17
50,27773,3.0,4.22
555,3698,5.0,3.46
298,4247,3.0,2.28
509,91542,3.5,3.94
182,1827,2.5,4.12
504,6565,4.5,3.7
597,1290,3.0,3.66
600,7153,5.0,4.32
571,1976,3.0,2.12
600,1923,3.0,3.89
326,2571,3.5,4.33
64,736,3.5,3.55
298,7460,3.5,3.71
387,4211,4.0,3.95
365,4995,4.0,4.15
599,458,2.0,0.0
68,350,3.5,3.76
434,33794,4.5,4.04
82,6537,4.5,3.16
477,61323,4.5,3.77
305,88140,3.0,4.06
489,8874,4.5,4.29
341,4447,4.0,3.24
380,3793,5.0,4.32
607,448,4.0,3.57
68,45950,3.5,4.0
424,2571,2.0,4.31
387,2206,3.5,3.8
156,3114,3.5,3.99
181,371,4.0,3.3
105,8957,4.0,3.31
374,1350,5.0,3.8
464,1835,4.0,3.41
288,27618,2.0,0.0
449,50,4.5,4.28
249,608,4.5,4.52
352,3355,4.0,3.14
274,4022,3.0,4.17
6,210,4.0,0.0
314,357,4.0,3.51
44,833,2.0,1.86
68,2993,4.0,3.62
182,8581,4.5,3.74
186,2710,3.0,2.89
210,589,4.0,4.02
414,104374,4.0,4.92
489,1967,3.5,3.98
33,1641,5.0,3.87
70,1270,4.0,4.07
603,3007,3.0,3.93
571,1334,2.0,3.04
372,1227,3.0,4.05
509,8861,2.0,3.3
395,377,3.0,3.59
404,539,4.0,3.54
274,60684,4.0,4.27
425,1573,3.0,3.55
98,1207,4.0,4.19
28,34405,4.5,3.96
263,7153,4.5,4.22
474,6936,4.0,4.2
599,27773,4.0,4.51
480,480,5.0,4.1
586,8368,5.0,3.98
399,8961,3.5,3.91
1,2048,5.0,3.4
492,1499,5.0,1.75
422,2841,3.0,3.59
256,71535,4.5,4.0
274,3082,3.0,3.76
414,5324,2.0,0.0
109,165,3.0,3.64
10,8969,3.5,3.08
70,7361,4.5,4.18
387,931,4.0,4.05
560,30707,3.0,4.01
497,1704,3.0,4.1
83,1960,3.5,3.72
249,82854,2.5,1.95
599,2797,3.5,4.15
265,531,3.0,3.35
232,783,2.0,3.46
294,1049,3.0,3.59
182,6881,4.0,3.04
476,377,3.0,3.61
132,2567,2.0,3.09
561,59784,3.5,3.81
19,2450,2.0,2.83
534,94777,3.5,3.59
414,34072,4.0,4.16
431,435,0.5,2.5
118,858,5.0,4.33
368,2194,3.0,4.17
448,104211,2.5,4.53
210,485,3.5,2.97
292,4386,3.0,2.92
99,380,5.0,3.56
263,593,5.0,4.3
325,3698,2.0,3.3
345,27751,5.0,0.0
256,117887,4.0,4.0
246,6942,5.0,3.77
382,4896,4.5,3.88
565,588,3.0,3.85
177,31685,2.5,3.47
393,3996,3.5,3.92
608,364,3.5,4.29
354,5459,3.0,3.02
596,1644,2.5,2.21
202,2001,4.0,3.35
561,8798,3.0,4.05
294,539,3.0,3.55
470,736,4.0,3.45
177,1499,2.0,1.76
474,6291,4.0,3.01
24,2916,3.5,3.7
7,8636,4.5,3.87
477,32029,3.0,2.98
603,417,3.0,3.8
68,2470,3.5,3.44
487,94959,2.5,3.93
525,93721,4.5,4.36
380,152173,4.0,0.0
109,366,3.0,2.98
606,1124,3.5,3.96
483,2593,3.0,3.4
555,743,1.0,2.74
567,113705,3.5,0.0
249,70336,3.0,2.86
601,1262,4.5,4.17
226,2081,2.5,3.68
198,1089,5.0,4.38
255,588,2.0,3.84
227,134130,4.5,4.04
226,500,3.5,3.68
559,494,3.0,3.44
288,2788,4.0,4.47
414,2294,4.0,3.9
305,75813,3.5,0.0
511,99114,4.0,4.03
233,4866,1.0,3.06
414,4267,3.0,4.02
424,107348,3.0,3.44
590,2115,3.5,3.97
14,7,3.0,3.12
380,837,4.0,3.57
282,139385,4.5,3.96
57,2770,4.0,2.88
57,1226,4.0,3.6
78,2716,4.5,3.78
82,7325,4.0,3.28
606,6890,4.0,3.42
239,2706,4.0,3.58
471,8874,3.5,4.03
350,788,3.0,2.72
232,30894,2.0,2.75
83,480,3.0,3.77
160,1627,5.0,3.09
414,6093,4.5,4.41
472,1193,4.5,4.21
1,2797,4.0,3.88
448,5952,4.0,4.43
428,3328,2.0,4.13
599,5508,3.0,3.39
307,44004,2.0,3.54
111,87529,5.0,3.28
305,7439,5.0,3.59
580,337,4.0,3.88
606,6573,4.0,0.0
50,103335,1.5,3.91
288,2134,3.0,3.49
196,1527,3.0,3.76
247,3578,4.0,4.09
438,2194,4.5,4.14
414,4595,3.5,0.0
307,203,2.5,3.71
307,45501,2.5,2.5
181,293,3.0,4.01
367,2108,2.0,3.59
304,1377,2.0,3.12
396,293,5.0,4.01
411,1,5.0,3.99
139,3827,3.5,2.96
139,106489,4.0,3.61
356,203,3.5,3.58
50,2019,4.0,4.23
298,50912,2.5,3.16
288,3448,3.5,4.11
274,3608,4.0,2.96
155,1883,4.0,3.23
181,587,5.0,3.51
113,1645,1.0,3.5
318,7151,3.5,3.55
136,267,4.0,2.95
307,7324,3.0,3.37
175,5410,0.5,0.0
160,1277,5.0,3.91
428,5900,2.0,2.74
156,47,3.5,4.11
187,4226,4.0,4.25
354,2321,4.0,3.58
168,750,5.0,4.38
111,53121,2.0,3.12
488,1198,3.5,4.28
270,648,3.0,3.58
113,39,3.0,3.32
427,1208,5.0,4.21
509,65261,3.5,4.34
500,2078,3.0,3.87
156,1225,4.5,4.37
274,4855,3.5,4.41
232,45950,3.0,3.86
152,904,4.0,4.29
293,1673,4.0,4.15
448,428,3.0,4.26
448,1079,5.0,4.43
286,1912,3.0,3.89
305,53519,4.5,3.64
253,3536,3.5,3.5
303,2683,3.0,3.23
522,56367,2.0,3.9
275,3578,4.0,4.14
588,766,3.0,3.62
603,1129,4.0,3.58
21,10,5.0,3.65
410,3608,4.0,2.85
387,1921,3.5,4.15
480,223,1.5,4.07
599,181,1.0,3.02
448,1604,3.0,0.0
380,71535,3.0,4.26
28,8493,3.0,3.17
474,49220,3.5,2.45
414,41527,4.0,0.0
28,61350,3.5,1.8
590,54001,4.0,3.95
489,586,1.5,3.29
6,848,4.0,2.98
129,1676,5.0,3.35
474,5353,3.0,0.0
111,5874,4.0,2.17
279,5378,1.0,3.23
84,46,3.0,3.3
452,3101,5.0,3.2
414,5072,4.0,4.74
199,1262,5.0,4.23
247,1682,5.0,3.9
388,86298,4.0,3.03
455,500,3.0,3.47
19,2387,3.0,3.39
178,4718,2.5,3.07
525,70286,4.0,4.2
448,88356,2.0,2.64
80,53972,4.0,3.6
504,1968,4.0,3.82
28,6993,1.5,4.0
18,40819,4.0,3.94
608,7158,3.5,3.76
212,93510,4.0,4.11
171,1148,5.0,4.08
82,34,2.0,3.7
282,1954,4.0,4.02
596,6934,4.0,3.25
91,1092,4.5,3.45
274,4040,3.0,2.4
111,61323,2.5,3.75
136,23,5.0,2.88
599,1221,4.0,4.65
370,1676,3.5,3.31
195,111,2.0,4.21
301,454,4.0,3.62
286,1407,3.0,3.34
566,364,2.0,4.04
599,3408,2.5,3.94
480,33669,2.5,3.3
298,106491,1.0,3.18
474,5971,4.0,4.11
448,3448,4.0,4.19
18,58559,4.0,4.61
114,106782,4.5,3.98
369,2126,3.0,2.65
141,48385,2.5,3.45
464,5026,5.0,3.83
391,4975,2.0,3.55
462,3037,5.0,4.2
476,454,4.0,3.66
247,5349,2.0,3.67
132,4239,2.5,3.89
79,3104,5.0,3.6
599,108090,3.5,0.0
555,3525,4.0,2.7
305,353,4.5,3.8
200,33794,4.0,4.04
219,1580,3.0,3.77
469,2527,3.0,3.72
69,2762,5.0,3.93
368,1722,3.0,3.17
232,7169,2.5,4.0
280,597,4.0,3.68
573,457,4.5,4.17
140,3861,2.0,2.91
219,2028,4.5,4.43
332,26131,4.5,4.15
474,1246,4.5,4.67
552,1201,4.0,4.25
318,4776,4.0,4.07
232,761,2.5,3.0
101,3394,1.0,2.59
93,2094,4.0,3.32
555,65,3.0,2.73
290,475,4.0,4.37
21,1573,2.5,3.53
156,898,5.0,4.52
469,2143,4.0,3.11
274,60040,3.5,3.82
177,2671,3.5,3.94
606,30749,3.5,4.06
610,93819,3.5,0.0
448,133365,2.0,0.0
369,60069,3.5,4.15
562,6870,5.0,3.81
425,45431,3.5,3.61
274,1197,4.0,4.57
606,2193,2.5,3.55
89,142831,4.5,0.0
232,51412,3.0,3.14
95,5445,4.0,3.69
32,996,3.0,2.5
66,1240,4.0,4.01
83,8622,2.0,3.58
28,43921,3.0,3.47
74,1209,4.0,4.29
50,101072,2.5,0.0
248,122916,3.5,4.04
606,5218,4.5,4.08
223,1285,3.0,3.8
414,6563,2.5,0.0
261,1682,4.5,3.85
89,119141,2.5,3.51
414,7340,2.0,3.04
207,3264,0.5,2.5
322,586,3.5,3.09
599,137218,2.5,0.0
294,1582,1.0,0.0
368,1653,3.0,4.03
434,5445,3.0,3.76
483,79132,5.0,4.67
68,2340,3.5,3.5
41,2115,2.0,3.69
182,1365,4.0,3.48
45,6333,5.0,3.91
477,1214,4.5,4.2
448,1954,4.0,4.42
381,6503,3.0,2.71
428,5055,3.5,2.75
274,575,3.0,3.28
495,5449,4.0,2.88
448,47810,1.0,1.27
603,1484,4.0,3.69
483,489,3.0,2.88
181,1084,3.0,4.06
318,62208,4.5,0.0
475,592,5.0,3.52
216,3521,2.0,3.72
66,4591,3.5,2.98
474,2182,4.0,0.0
305,1704,4.0,4.39
305,113573,4.0,0.0
109,62,5.0,3.72
408,79132,3.5,4.32
122,5171,3.5,3.1
414,2279,2.0,2.51
177,64620,3.5,4.12
495,551,3.5,3.68
200,1220,4.5,3.97
416,4967,4.0,4.38
474,3836,2.5,4.52
102,592,3.0,3.49
391,242,4.0,0.0
182,1291,3.5,4.35
610,63768,3.0,0.0
230,52973,3.0,3.68
240,367,4.0,3.3
42,361,3.0,3.13
492,1049,5.0,3.52
304,1466,5.0,3.74
380,34319,3.0,3.75
560,32,3.5,4.2
600,837,3.5,3.5
368,3716,1.0,0.0
522,72998,1.0,3.76
603,1916,5.0,3.31
414,3360,5.0,4.13
453,1777,3.0,3.67
73,74647,1.0,0.0
307,8011,4.0,0.0
609,329,3.0,3.42
326,81932,3.0,3.84
85,1641,5.0,3.82
514,59369,4.0,3.68
477,2628,4.0,3.37
590,3439,2.5,2.72
29,3578,5.0,4.01
314,553,3.0,3.89
279,109487,5.0,4.13
604,380,3.0,3.57
177,480,3.5,4.14
199,2067,4.0,4.28
100,2245,4.5,3.22
248,6365,3.5,3.37
64,5218,3.5,3.93
587,141,4.0,3.61
490,1499,2.0,1.73
51,4018,3.0,3.19
450,908,4.0,4.23
260,2122,3.5,2.25
391,1952,5.0,3.95
307,6586,2.0,3.47
593,6711,2.0,4.1
66,272,3.5,4.0
474,1544,1.0,3.0
514,81932,4.0,3.89
232,30793,3.5,3.33
425,4720,3.5,3.74
199,492,2.0,3.94
45,4369,5.0,3.27
503,1036,4.5,3.93
213,4558,3.0,2.41
219,5159,1.5,3.56
567,150254,2.0,0.0
590,431,4.0,3.89
135,1597,4.0,3.07
182,6188,3.0,3.72
541,281,3.0,3.91
599,5993,2.5,2.6
180,2571,3.5,4.23
14,539,4.0,3.51
330,2657,5.0,3.39
33,110,5.0,4.11
217,3430,2.0,3.55
448,367,3.0,3.56
377,344,3.0,3.06
462,86882,2.5,3.77
312,2716,4.0,3.84
564,47518,4.0,2.95
436,361,3.0,3.11
357,49530,4.0,3.94
580,2186,0.5,4.19
59,2763,5.0,3.61
256,102445,4.0,3.89
601,1,4.0,4.0
64,4310,3.0,3.06
509,112852,4.0,4.41
290,918,5.0,3.92
414,53894,3.5,4.78
51,7160,5.0,3.43
230,153,3.5,2.95
380,27822,4.0,2.57
239,2353,3.5,3.57
182,1608,2.5,3.78
221,1293,4.0,3.84
57,1282,4.0,3.79
523,6539,4.5,3.87
219,2580,4.5,4.12
239,2478,3.0,3.16
599,5541,3.0,3.63
483,2193,4.5,3.62
489,1259,3.5,4.29
142,296,5.0,4.24
89,132584,3.5,0.0
448,44665,3.5,4.06
282,80906,4.5,4.59
602,280,3.0,4.21
599,95510,3.0,3.74
274,3438,3.0,2.98
103,78499,3.0,4.37
599,2877,2.0,3.24
480,4247,4.0,2.29
156,945,5.0,3.95
249,59014,0.5,0.0
351,6874,3.0,3.99
182,41,4.5,3.98
105,4865,4.0,3.9
105,122882,4.0,4.02
338,189043,2.5,0.0
533,2571,5.0,4.25
563,69122,2.5,3.74
65,318,4.0,4.48
588,288,3.0,3.22
10,8529,3.5,3.37
233,174055,2.5,3.75
516,457,4.0,3.98
209,2028,4.0,4.16
458,1073,2.0,3.95
610,4369,3.0,3.7
384,2355,4.0,3.51
437,318,5.0,4.52
474,4808,2.0,2.73
112,36,0.5,3.88
590,2991,3.0,3.83
610,4902,4.0,3.33
260,1219,4.0,4.06
20,4161,3.5,3.41
290,858,5.0,4.48
599,93838,3.0,5.21
505,1241,5.0,4.24
483,62956,4.0,3.41
187,4641,4.5,3.41
356,2248,4.5,3.97
552,329,3.5,3.44
83,48394,3.5,3.87
28,1209,3.0,4.32
19,1047,3.0,3.4
509,231,2.5,3.19
458,261,3.0,4.0
312,3499,4.0,3.95
57,1513,4.0,2.96
448,49272,4.5,4.45
464,6934,4.0,3.18
357,1407,3.5,3.46
340,356,3.0,4.2
42,1245,5.0,4.43
391,4936,3.0,3.48
219,54997,5.0,4.2
177,37729,2.5,3.77
391,3260,4.0,4.13
47,356,4.5,4.24
268,2349,5.0,3.5
68,74789,4.0,3.81
441,98809,3.5,3.83
290,2013,4.0,3.05
438,6549,3.5,3.58
357,80489,4.5,4.1
28,3683,2.5,4.1
610,57421,4.0,0.0
220,34,4.5,3.74
428,2054,0.5,2.9
298,3785,2.0,2.98
182,4361,4.0,3.66
103,1028,4.0,3.99
450,1544,4.0,2.73
380,5010,4.0,4.23
603,4380,3.0,4.24
489,1204,3.0,4.49
610,68358,4.0,4.84
448,73015,2.0,3.44
462,1343,3.5,3.9
192,315,4.0,3.03
221,1834,4.5,4.07
610,134393,3.5,3.85
221,1923,4.0,3.78
132,6942,4.5,3.8
474,901,2.0,3.85
408,4701,4.0,3.26
50,1291,3.0,4.11
139,33794,3.0,3.94
382,4700,3.5,3.2
325,194,5.0,3.59
89,112138,3.0,3.94
417,2762,4.5,3.99
202,2150,5.0,4.0
244,2716,5.0,3.79
414,1997,4.0,4.43
479,4111,3.0,0.0
599,505,1.0,3.1
202,3006,4.0,3.86
596,2890,3.0,3.84
36,1376,2.0,3.5
274,1604,3.0,0.0
181,707,3.0,2.96
64,25,3.5,3.93
462,4361,2.5,3.56
414,6299,4.0,4.41
597,1193,5.0,4.47
489,7293,4.0,3.81
52,48738,4.5,4.05
569,380,3.0,3.54
51,1196,5.0,4.32
357,1378,3.0,3.24
82,344,3.5,3.12
290,2268,4.0,3.91
159,1088,4.0,3.37
534,59900,4.0,3.51
590,5816,3.5,3.76
58,736,3.0,3.47
312,5991,4.0,3.78
139,5418,2.5,3.94
80,63113,4.5,3.54
105,4878,5.0,4.3
232,4816,4.0,3.6
268,1047,4.0,3.32
122,1682,5.0,4.02
211,1246,4.5,4.08
339,89745,3.0,4.17
182,1447,4.0,3.59
414,4520,2.5,3.2
132,2324,4.0,4.34
604,316,4.0,3.42
222,485,2.5,3.01
232,39231,3.0,3.57
457,3072,4.0,3.51
317,47,5.0,4.13
156,2019,5.0,4.33
313,1690,1.0,3.16
294,610,4.0,3.7
357,66097,4.0,3.83
17,1032,4.5,3.35
380,72167,4.0,3.39
146,3686,4.0,2.85
288,1090,4.5,4.25
166,8665,5.0,3.97
495,140523,3.5,0.0
450,2858,4.0,4.09
567,89774,2.5,3.89
84,1173,3.0,3.14
232,8361,3.5,3.53
573,67087,4.0,3.69
307,58156,3.0,3.4
561,551,3.5,3.75
4,2467,4.0,3.79
274,542,3.5,3.02
82,1201,3.0,4.22
469,919,4.0,4.04
474,3844,2.5,3.39
307,3004,2.0,2.61
68,1234,3.5,4.4
203,2947,3.0,3.91
387,2302,2.5,3.61
474,33903,3.5,4.17
177,6942,5.0,3.99
307,2541,2.0,3.38
603,1711,1.0,3.43
199,1784,1.0,3.89
538,58559,4.5,4.23
182,2135,1.5,4.44
451,5,3.0,3.09
312,1278,4.0,4.0
610,105801,3.0,0.0
532,4262,4.0,3.96
561,33679,1.0,3.56
50,102407,2.5,3.44
44,786,2.0,3.23
132,30793,3.5,3.1
1,3578,5.0,4.11
66,21,4.0,3.5
307,4359,3.0,3.69
111,1676,2.0,3.33
590,30793,3.0,3.14
414,4903,4.0,3.82
140,6461,4.5,3.86
520,1732,3.5,4.05
182,1247,3.5,4.3
100,899,4.5,4.14
52,57528,3.0,3.47
160,1100,1.0,2.8
456,708,3.0,3.38
606,2232,4.0,3.71
599,3968,2.5,3.25
477,252,4.0,3.68
203,349,4.0,3.68
448,74532,1.5,3.62
339,97752,4.0,3.77
169,1288,4.0,4.11
534,79695,4.0,3.16
220,32,4.5,4.08
89,121781,5.0,0.0
380,30707,5.0,3.98
555,3497,3.0,2.35
216,4020,3.0,3.14
600,1230,5.0,4.11
376,10,4.5,3.56
462,8042,5.0,3.98
232,7258,3.0,2.68
226,44195,4.5,4.09
51,4591,3.0,2.99
45,261,3.0,4.12
7,2671,4.5,3.53
380,1583,3.0,0.0
474,5619,4.0,0.0
357,3114,5.0,4.02
182,2551,4.5,3.54
122,119145,4.5,4.23
414,6303,3.0,4.12
432,2712,3.5,3.5
589,1097,4.0,3.76
570,293,3.5,4.09
203,4886,4.0,3.95
166,1240,3.0,3.94
592,533,4.0,2.88
560,130576,2.0,2.73
391,2232,4.0,3.59
409,2492,4.0,2.6
51,934,1.0,3.61
599,41716,2.5,3.35
314,474,3.0,3.82
45,3421,4.0,3.84
247,5618,3.5,4.29
597,588,4.0,4.1
469,196,2.0,2.84
290,3260,4.0,4.07
476,252,4.0,3.51
387,5974,3.0,0.0
51,1845,5.0,4.06
380,8528,3.0,4.26
428,4223,3.0,3.68
307,7371,3.5,4.4
75,8961,4.0,3.89
249,91974,3.5,5.04
525,223,3.5,3.98
437,1291,4.0,4.12
351,40412,4.5,0.0
594,4794,0.5,4.28
483,52973,2.5,3.95
341,69122,2.5,3.69
419,4310,4.5,2.91
414,2428,2.0,2.56
42,784,2.0,2.97
103,33493,2.0,3.65
113,260,4.0,4.21
68,58559,5.0,4.83
590,1272,4.5,4.41
414,3948,3.0,4.18
260,6773,5.0,3.7
419,85394,3.0,0.0
263,7458,3.0,3.51
483,26444,4.5,0.0
599,112,5.0,3.57
603,2968,2.0,3.98
43,29,5.0,4.03
219,2993,2.5,3.55
1,2991,5.0,3.75
317,104879,5.0,4.01
462,127136,4.0,0.0
453,2558,4.0,2.16
448,700,3.0,3.54
205,95167,4.0,3.39
387,7346,3.0,3.35
357,596,4.0,3.6
91,1376,3.5,3.55
369,3638,3.0,3.08
180,2641,3.5,3.04
536,368,4.0,3.52
111,162478,4.5,3.4
227,296,4.5,4.27
222,2378,3.5,3.23
318,208,3.5,3.05
147,163,4.5,3.56
372,538,3.0,3.7
11,1616,3.0,3.12
380,3175,5.0,3.99
405,1252,3.5,4.29
307,1207,3.0,4.38
554,2497,3.0,2.65
477,54503,5.0,4.31
140,4848,4.0,3.81
603,1179,5.0,3.82
325,1614,2.0,2.81
217,2762,4.0,4.04
234,888,3.0,1.78
89,37384,2.5,3.49
394,454,2.0,3.59
188,1951,5.0,3.61
105,4823,3.5,3.16
112,3147,5.0,4.13
68,2915,3.5,3.82
4,21,3.0,3.5
391,5541,3.0,3.29
202,3740,4.0,4.0
610,91660,3.0,0.0
584,292,5.0,3.63
343,50872,3.5,3.96
38,457,5.0,4.04
105,5152,4.5,3.45
402,788,3.0,2.74
603,2074,4.0,3.66
221,3996,4.5,3.99
74,1617,4.5,4.15
606,3289,4.5,0.0
326,57669,4.5,4.19
21,135133,3.5,4.32
560,2761,3.5,4.19
256,117176,4.5,3.97
222,466,3.5,2.92
6,450,4.0,2.96
365,138210,1.5,3.88
482,1374,5.0,3.8
436,380,3.0,3.59
446,339,3.0,3.63
326,2338,2.0,2.1
44,494,4.0,3.37
18,923,5.0,4.12
380,6659,5.0,3.84
604,332,3.0,2.75
391,4967,3.0,4.43
414,6306,4.0,4.9
448,919,4.0,4.02
44,785,3.0,3.46
45,2485,4.0,3.1
226,56757,4.0,3.85
125,136864,2.5,2.62
232,3624,3.0,3.54
477,1358,4.0,4.12
42,4349,4.0,3.73
354,34319,4.5,3.45
573,6378,4.0,3.83
354,3471,2.0,3.92
391,858,5.0,4.51
514,2011,2.0,3.65
359,593,4.5,4.21
19,208,2.0,3.01
307,5418,3.5,4.06
591,3114,5.0,3.84
18,168252,4.0,4.51
307,4776,4.0,4.03
380,187593,3.0,4.76
608,2997,2.0,4.15
369,541,2.5,4.16
140,4161,4.0,3.52
199,2427,3.0,3.33
36,4220,2.0,3.76
214,17,3.0,3.76
474,2076,4.0,4.34
186,915,4.0,3.89
352,924,4.0,3.97
202,2414,4.0,3.41
605,37733,2.0,3.66
219,66297,4.0,3.26
219,4226,5.0,4.38
482,1923,4.0,3.71
489,3471,3.5,4.0
594,4823,5.0,3.07
68,5400,3.5,3.11
600,3911,4.5,3.79
517,56775,2.0,3.19
228,318,4.0,4.45
567,136016,1.0,3.65
22,8784,2.0,3.83
414,48516,4.5,5.45
314,588,3.0,3.93
221,26375,4.0,3.64
610,2976,4.0,3.29
189,318,4.0,4.46
551,377,4.0,3.6
482,6754,4.0,3.45
307,3843,1.0,2.82
105,93790,4.0,0.0
610,55995,3.0,3.06
509,59315,3.0,4.1
42,2263,4.0,2.57
96,3499,2.0,3.88
552,1617,4.5,4.13
606,648,2.5,3.8
288,2872,3.0,4.02
398,8641,1.5,3.79
365,86293,4.0,3.06
119,4370,3.5,3.39
477,2746,3.5,3.47
288,1375,3.5,3.51
555,2174,4.0,3.56
226,4247,3.0,2.23
356,168,3.0,3.17
599,2976,3.5,3.53
354,2455,3.5,3.54
336,34162,4.0,3.53
226,8981,4.0,3.8
443,91500,5.0,3.45
403,2502,4.5,4.13
477,3100,3.5,4.18
36,5464,1.5,3.55
64,6155,0.5,3.43
167,2710,1.0,2.89
8,39,3.0,3.3
560,93510,3.0,4.19
599,2231,3.0,4.07
584,434,5.0,3.16
95,589,4.0,4.1
522,67255,4.0,4.13
4,2858,5.0,4.13
474,4902,4.0,3.24
608,3988,3.5,3.22
599,44,2.5,2.89
455,111,3.0,4.14
474,7357,3.5,0.0
304,1028,4.0,3.92
438,3300,3.5,3.93
50,72378,1.0,2.85
372,356,3.0,4.3
448,5573,2.5,2.44
239,8984,4.0,3.3
216,3504,5.0,4.12
514,158830,2.5,0.0
419,2329,4.5,4.3
249,8529,3.5,3.99
425,2762,3.5,4.15
234,2140,4.0,3.6
84,1263,4.0,4.04
68,3553,2.0,2.5
256,6947,4.0,3.68
28,51540,2.0,4.04
234,1826,2.0,0.0
51,3799,0.5,1.89
465,2941,4.0,3.8
292,97470,1.0,0.0
19,1064,2.0,3.5
480,6615,2.0,2.71
28,31225,3.0,3.26
42,413,2.0,2.94
490,7361,4.0,4.21
514,1278,4.0,4.05
511,164179,4.0,4.04
304,1610,5.0,3.94
160,47,5.0,4.18
521,52,4.0,3.56
600,262,3.0,4.18
482,2688,3.5,3.0
376,2762,4.0,4.0
584,442,5.0,3.2
456,736,3.0,3.4
474,4644,3.0,4.15
298,91128,2.5,3.94
265,436,2.0,2.69
292,780,4.5,3.73
428,2716,2.0,3.82
284,367,5.0,3.27
263,1610,4.0,3.91
384,1206,3.0,4.08
153,44191,4.0,3.96
357,4034,3.5,4.09
238,1272,5.0,4.04
437,79,2.0,2.81
280,3755,4.5,3.21
45,934,3.0,3.74
414,2282,3.0,3.2
305,223,4.0,4.04
465,3654,4.0,3.86
599,87960,3.0,0.0
339,115210,4.0,3.96
600,2706,1.5,3.65
599,3190,2.0,0.0
596,8961,4.0,4.13
121,454,3.0,3.63
276,631,3.0,3.28
28,592,2.5,3.57
313,2028,5.0,4.32
50,3949,3.0,3.95
198,1252,4.0,4.33
607,112,2.0,3.53
177,54190,3.0,4.24
395,367,4.0,3.25
307,2716,3.0,3.96
387,3765,3.0,0.0
27,1200,1.0,4.01
500,2081,3.0,3.5
182,7076,4.0,3.68
584,339,4.0,3.69
434,260,5.0,4.42
307,1992,3.0,2.41
28,3499,3.0,3.94
474,3524,2.0,3.06
66,3029,3.5,3.55
57,3471,5.0,4.0
401,31658,3.5,4.15
202,2100,4.0,3.26
610,95088,4.0,4.22
414,4617,5.0,0.0
166,2716,3.5,3.86
279,6664,3.0,3.69
522,84152,3.5,4.04
391,2762,2.0,4.1
542,45517,4.5,3.39
438,1061,4.5,3.77
160,2078,4.0,3.95
52,50794,4.5,2.93
182,2728,4.0,3.65
606,953,4.0,4.37
567,1,3.5,4.0
99,337,5.0,3.77
474,6041,4.0,3.95
287,4954,1.5,3.88
438,5378,3.5,3.49
166,46530,5.0,3.06
414,6883,3.0,0.0
176,592,3.0,3.48
480,4033,4.0,3.81
287,671,4.0,3.39
232,79293,4.0,3.02
19,293,4.0,4.14
105,4015,3.5,3.04
495,106100,5.0,3.97
509,93988,4.5,0.0
144,8873,5.0,3.8
573,51935,4.5,4.02
249,34405,5.0,4.09
230,8961,3.0,3.94
210,122906,4.5,3.85
474,44199,3.5,4.41
339,90439,3.0,3.85
603,97,4.0,4.11
239,4878,4.0,4.13
414,1090,5.0,4.6
108,3978,4.0,2.98
7,6365,4.0,3.42
177,262,4.0,4.19
220,165,4.0,3.73
567,92234,1.5,0.0
509,783,3.0,3.46
409,1136,5.0,4.22
417,1206,5.0,4.1
385,1031,3.0,3.56
380,2948,5.0,4.0
381,3996,3.0,4.0
226,5349,4.0,3.78
250,4921,5.0,3.75
307,7321,2.0,0.0
474,1834,4.0,4.58
18,53996,3.0,3.54
343,7153,4.5,4.17
279,1196,5.0,4.35
453,165,5.0,3.84
585,1895,4.0,3.27
610,6296,4.5,3.65
428,2167,2.0,3.53
19,12,1.0,2.89
489,431,2.5,3.87
334,2571,4.0,4.34
534,4366,4.5,3.47
247,899,5.0,4.17
413,527,5.0,4.26
517,3269,2.0,2.95
249,122916,4.5,4.64
489,53993,2.5,2.8
64,3386,4.5,3.63
477,4270,0.5,3.38
430,5902,5.0,3.95
140,4886,4.0,4.17
84,475,4.0,4.36
414,3448,4.0,4.66
137,928,3.5,4.26
474,6422,4.0,0.0
414,5678,2.5,3.81
599,51091,3.0,4.0
323,1188,4.0,3.79
381,339,3.5,3.77
140,1747,3.0,3.43
414,7319,2.0,2.51
491,1682,4.5,3.85
600,2140,4.5,3.71
518,3101,3.0,3.09
282,8665,4.0,4.01
468,432,2.0,2.64
187,1466,4.0,3.77
83,72998,4.5,3.66
117,719,4.0,2.88
72,30825,4.0,3.05
183,2993,4.0,3.5
357,1220,3.0,3.96
580,2105,3.5,3.39
89,170993,4.0,0.0
129,239,4.0,2.99
564,1682,1.0,3.9
368,1396,3.0,3.5
448,104760,1.0,0.0
190,5989,4.0,4.0
28,608,3.0,4.34
68,5872,3.5,3.42
16,678,4.0,3.89
599,7033,2.5,3.33
474,7132,3.5,4.41
602,494,4.0,3.42
200,2671,4.0,3.7
415,3147,4.5,4.16
580,49272,4.5,4.15
387,1345,4.0,3.46
599,6811,3.0,2.62
125,69640,2.5,3.11
288,2369,3.0,2.57
573,1214,4.5,4.13
119,46723,3.5,3.64
290,3476,3.0,3.59
448,112852,3.5,4.72
387,951,3.5,4.34
182,1953,3.5,4.24
169,317,5.0,3.36
450,1972,2.0,2.22
56,356,5.0,4.21
514,1036,4.0,4.05
232,34150,3.0,3.22
325,4523,4.0,0.0
483,27721,4.0,3.81
239,48774,3.0,4.16
241,1193,4.5,4.25
603,2203,5.0,4.5
573,10,4.5,3.64
318,98809,4.0,4.21
409,3273,3.0,2.55
328,551,2.0,3.71
564,88672,3.5,0.0
169,594,4.5,3.7
19,1754,2.0,3.77
587,2973,4.0,4.0
387,1078,3.0,3.76
414,4816,4.0,3.84
1,1580,3.0,3.61
153,112454,3.5,0.0
477,355,0.5,2.58
33,17,4.0,3.82
588,253,2.0,3.52
448,2539,3.0,3.58
489,42004,3.5,3.59
312,4128,4.0,3.75
352,37380,2.0,2.23
202,2420,4.0,3.67
599,1136,4.5,4.73
66,224,5.0,3.66
145,1,5.0,3.92
63,5945,1.0,3.41
50,5816,2.5,3.66
356,5577,4.5,3.62
288,7143,4.0,4.08
438,1676,4.0,3.44
292,53460,3.0,3.62
106,72998,5.0,3.64
474,4063,2.0,2.94
129,208,4.0,2.94
200,2724,4.5,2.87
592,44,3.0,2.58
89,2918,1.5,3.92
24,134393,2.5,3.31
606,40629,3.5,3.89
90,617,4.0,2.23
307,3911,3.0,3.84
510,16,1.0,3.98
280,4232,1.5,2.99
474,3467,3.5,4.34
1,2640,4.0,3.69
558,4062,4.0,3.19
608,4720,4.5,3.97
593,8961,3.0,3.92
56,231,5.0,3.08
63,231,3.0,3.18
428,2137,3.0,3.68
132,253,2.0,3.52
20,4154,4.0,0.0
198,1644,3.0,2.17
357,6155,3.0,3.46
414,1499,2.0,1.95
387,1673,3.5,4.46
604,223,4.0,3.93
404,172,3.0,2.67
599,1246,4.0,4.53
202,2064,4.0,3.98
274,4899,1.5,2.09
305,163985,4.5,0.0
186,5214,4.0,2.01
414,6155,2.0,3.58
599,98122,3.0,0.0
305,6016,5.0,4.53
153,4995,3.5,4.09
474,2289,3.0,4.58
21,260,4.5,4.43
122,3253,4.0,3.48
56,367,3.0,3.23
474,3469,2.5,4.11
601,80549,4.0,3.78
603,1594,4.0,3.73
298,56587,2.0,3.43
573,2706,4.5,3.58
1,2387,5.0,3.35
414,809,2.0,3.31
239,524,3.5,3.62
527,1080,2.0,4.09
28,6617,4.0,3.91
19,2014,2.0,2.8
259,3793,3.5,3.73
304,21,4.0,3.52
597,1200,5.0,4.18
186,3479,4.0,3.33
380,3301,3.0,4.1
169,2792,5.0,3.14
125,117466,3.5,3.68
517,131656,2.5,0.0
477,41569,4.0,3.45
129,3034,4.0,3.56
482,1584,3.0,3.71
305,2011,5.0,3.77
564,8528,4.0,3.73
333,3826,1.0,2.35
414,45722,3.5,4.05
45,5378,5.0,3.37
318,2571,3.5,4.67
484,333,4.0,3.96
606,224,4.0,3.73
42,3515,4.0,3.64
543,3785,5.0,2.89
432,296,2.5,4.31
207,637,1.0,3.13
525,3979,0.5,2.64
563,2354,3.0,2.41
600,5585,3.0,2.04
288,3006,4.0,4.07
248,164179,3.0,4.05
140,6385,3.5,3.96
328,68157,4.5,4.22
610,71254,3.0,3.78
580,1356,4.0,4.07
235,474,3.0,3.8
474,1635,4.0,4.53
369,2959,4.5,4.36
344,3082,4.0,3.33
140,1021,4.0,2.4
121,47,3.0,4.02
414,58156,2.0,4.17
275,5049,4.0,3.84
350,805,3.0,3.72
331,88129,5.0,3.75
39,2987,4.0,3.65
268,2490,2.0,3.37
583,71535,3.0,3.96
572,852,3.0,3.2
305,3868,5.0,3.39
73,117881,4.0,3.99
165,1221,3.0,4.3
603,1271,3.0,3.63
610,5816,4.0,3.78
160,1320,5.0,3.23
95,1200,4.5,4.06
480,6754,3.5,3.7
430,6373,3.0,3.3
474,4068,3.0,3.24
530,350,3.0,3.39
226,364,3.5,4.24
279,8874,3.5,4.16
74,2076,5.0,4.1
503,1342,1.0,2.53
437,144,4.0,3.3
191,314,4.0,3.75
93,168,4.0,3.18
89,5449,2.0,2.91
156,2268,3.0,3.94
181,21,2.0,3.47
522,2628,3.0,3.23
91,296,4.5,4.36
448,593,5.0,4.67
486,32,5.0,3.99
600,2795,3.5,3.88
195,3148,4.0,3.77
249,71535,4.5,4.29
520,1748,4.5,3.85
226,6942,4.0,3.87
357,17,5.0,3.93
22,56788,1.0,4.0
414,41569,4.0,3.51
469,2124,3.0,3.46
304,1060,4.0,3.72
279,593,4.0,4.31
325,2912,5.0,3.93
414,1517,5.0,4.28
52,70286,5.0,4.02
477,5903,4.0,4.19
577,923,3.0,4.07
380,2857,3.0,3.11
606,3418,4.5,3.8
92,2572,5.0,3.52
489,60069,4.0,4.34
33,356,5.0,4.25
246,45517,4.0,3.38
414,1953,3.5,4.52
318,55363,3.5,4.43
488,595,4.5,3.84
4,892,4.0,3.55
86,60069,3.0,4.18
559,207,4.0,3.46
477,56145,4.0,3.49
542,318,5.0,4.53
42,780,2.0,3.69
599,5103,1.5,4.1
472,2134,3.5,3.2
581,5989,3.5,3.98
160,434,3.0,3.18
543,6373,5.0,3.32
199,1272,5.0,4.13
210,177765,5.0,3.39
523,7147,5.0,3.82
477,57368,4.5,3.47
76,117176,2.0,3.85
210,4896,4.5,3.83
517,116797,4.0,4.19
414,266,5.0,3.94
292,4085,3.5,3.48
327,6888,5.0,2.23
202,3638,3.0,3.19
474,5512,3.0,0.0
249,58998,4.0,4.16
168,543,2.0,3.33
525,76251,3.5,3.89
586,2916,4.0,3.73
119,119145,4.0,4.17
318,128991,4.5,0.0
62,116823,4.0,4.12
469,2150,4.0,4.03
448,138036,2.0,4.41
560,1485,3.0,3.3
160,1210,5.0,4.29
220,8644,4.0,3.6
47,163645,3.0,4.19
474,919,4.5,4.28
21,367,3.0,3.35
243,410,4.0,3.16
84,671,4.0,3.45
217,1080,2.0,4.1
6,333,5.0,4.01
573,1625,4.5,3.88
56,380,4.0,3.56
292,67197,2.5,2.84
21,1918,3.5,2.86
168,858,5.0,4.39
610,6934,3.5,3.58
354,1917,3.5,3.14
599,95965,4.0,0.0
414,4679,4.0,3.05
599,2288,3.5,4.62
294,2027,1.0,2.21
584,474,5.0,3.81
307,8969,4.0,3.28
610,6539,4.0,4.43
174,316,5.0,3.42
580,5444,3.0,3.95
517,969,1.0,4.15
7,587,2.0,3.44
382,158254,1.5,0.0
474,2205,3.0,3.17
222,1208,3.5,4.28
274,6005,3.5,3.36
298,81784,1.5,2.86
365,1777,3.0,3.59
425,55118,3.5,4.17
64,1204,5.0,4.46
352,1544,3.0,2.83
602,422,3.0,3.41
213,3409,4.0,2.91
414,37240,4.0,3.0
292,83349,3.0,3.29
343,4226,5.0,4.17
606,930,4.5,4.48
438,3754,2.0,2.11
419,3863,3.5,3.07
513,260,5.0,4.25
12,543,3.5,3.32
589,736,5.0,3.38
448,1982,1.5,4.03
274,1729,4.5,3.68
33,385,4.0,0.0
414,6365,4.0,4.01
68,58839,1.0,2.71
307,6951,2.5,2.18
165,5377,4.0,3.79
8,592,3.0,3.49
543,60408,5.0,0.0
599,1918,2.5,2.82
599,73321,2.5,3.44
391,1233,5.0,4.33
600,3988,2.5,3.21
62,3114,3.0,3.96
354,1704,4.0,4.25
307,72,2.0,3.56
288,1592,1.0,2.81
201,2145,4.0,3.16
474,25757,4.0,0.0
42,4040,2.0,2.34
414,3729,3.0,0.0
312,5219,1.0,3.25
599,569,1.0,0.0
307,5590,2.5,0.0
474,3549,5.0,4.73
474,1333,4.5,4.05
156,953,3.5,4.25
608,2571,5.0,4.57
347,589,3.0,4.03
382,42011,3.0,2.05
380,6957,4.0,3.8
414,2335,4.0,3.78
414,1399,3.0,3.04
376,5010,5.0,3.88
483,8798,4.0,4.09
186,3068,4.0,4.48
474,4263,4.0,0.0
98,46578,5.0,3.92
117,7,4.0,3.2
438,5952,4.0,4.24
68,1278,4.0,4.27
605,3269,4.0,2.91
600,1126,4.5,2.46
561,82461,3.0,3.43
177,3668,2.5,4.02
19,551,5.0,3.7
534,4728,4.5,3.27
369,839,2.5,2.85
42,593,5.0,4.36
187,1214,4.0,4.1
265,2985,4.0,3.39
414,3770,2.0,3.1
599,736,2.5,3.78
536,335,3.0,0.0
249,45186,3.5,4.1
525,109487,4.0,4.38
18,111759,3.5,4.29
351,6379,2.5,0.0
219,2791,4.5,4.04
185,3949,5.0,3.9
448,594,4.0,3.76
509,3034,3.0,3.63
240,500,5.0,3.57
174,39,4.0,3.32
382,2353,3.5,3.55
105,8636,3.5,4.01
116,2683,0.5,3.25
599,886,1.5,3.6
380,91630,3.0,4.07
469,590,4.0,3.95
10,4447,4.5,3.26
222,733,3.0,3.75
340,208,3.0,2.92
600,1244,5.0,4.25
590,5065,3.0,2.96
426,69844,5.0,4.02
534,60069,2.5,4.49
610,37733,4.0,4.24
274,5816,3.0,3.83
380,1690,3.0,3.36
143,3421,1.0,3.74
599,4578,1.5,0.0
495,78574,2.5,3.71
103,79132,4.5,4.48
410,3317,3.0,3.71
91,2949,3.0,3.93
365,120466,2.5,3.43
330,481,3.5,3.26
610,1255,4.5,2.68
288,1298,3.0,4.06
475,2011,5.0,3.6
571,3264,1.0,2.51
64,1961,4.0,4.15
474,376,2.0,3.87
219,648,4.5,3.8
414,3786,2.0,0.0
152,111,5.0,4.19
599,63222,2.5,0.0
232,5621,3.0,2.53
601,31658,5.0,4.17
286,7,3.5,3.14
600,648,3.0,3.84
331,4034,3.0,3.97
93,1015,3.0,3.11
603,2885,2.0,0.0
590,5401,1.0,1.99
263,2700,3.0,3.98
45,4502,1.0,2.29
608,1214,4.0,4.18
105,54272,4.0,3.91
582,94864,4.0,3.42
509,6539,3.5,4.07
345,838,5.0,3.77
575,1259,5.0,4.0
555,3660,3.0,0.0
448,118354,3.0,0.0
339,1594,4.5,3.71
599,1951,2.0,3.8
247,89745,3.0,4.07
474,1224,4.0,4.78
1,1954,5.0,3.98
122,4641,4.5,3.45
428,6482,0.5,2.15
169,631,3.0,3.39
219,442,3.5,3.37
288,1019,3.0,3.73
549,122924,5.0,2.93
43,150,5.0,3.97
166,4226,5.0,4.3
292,2115,4.0,3.83
298,40732,2.5,3.8
376,8961,3.5,3.94
474,7026,1.5,2.99
608,34319,4.0,3.59
103,1208,4.0,4.38
525,4014,4.0,3.74
599,2858,5.0,4.41
448,85401,2.0,3.79
217,1544,3.0,2.92
13,2145,3.0,3.13
60,50,3.0,4.26
298,30707,3.0,4.05
226,543,4.0,3.5
409,2485,3.0,2.88
159,65230,5.0,3.2
133,50,3.0,4.27
606,7092,3.5,0.0
477,71057,4.0,3.64
462,3814,3.5,4.17
196,5418,4.0,3.87
20,3438,4.0,2.96
416,830,1.5,3.16
20,1547,3.0,0.0
89,128944,3.5,0.0
382,56152,4.5,3.7
182,43396,3.5,3.73
474,1196,5.0,4.69
305,8368,3.0,3.98
517,46337,0.5,0.0
480,4305,0.5,2.26
414,3039,4.0,4.65
468,39,5.0,3.29
387,1230,5.0,4.2
19,3706,3.0,2.86
602,344,2.0,3.08
561,2815,3.0,2.12
20,2087,4.5,3.63
199,2918,4.5,4.01
489,6305,3.0,3.67
368,593,4.0,4.34
128,905,5.0,4.49
514,38583,2.5,0.0
153,1907,3.0,3.63
483,1256,4.0,3.88
96,1625,4.0,3.75
212,8961,3.0,4.07
220,1258,2.0,4.2
135,1343,3.0,3.9
200,4367,2.5,3.03
74,44937,4.0,0.0
573,6373,4.5,3.52
274,2052,3.5,3.16
226,3809,4.5,3.42
414,2367,2.0,3.63
105,64839,4.0,4.01
382,6332,3.0,3.01
202,852,4.0,3.29
298,86833,3.0,4.16
63,1196,5.0,4.42
202,1393,3.0,3.71
592,339,5.0,3.66
407,60069,2.5,4.14
414,2372,2.0,3.36
448,1729,4.0,3.67
211,8665,4.0,3.88
137,5060,3.5,4.03
385,1179,4.0,3.55
274,26242,3.5,3.53
222,86911,3.5,3.5
585,48516,4.5,4.34
135,2028,4.0,4.29
150,733,4.0,3.7
520,7454,3.5,2.79
448,1011,4.0,2.79
27,60,3.0,3.34
100,16,4.5,3.98
591,2490,2.0,3.44
387,2990,3.0,3.62
68,923,3.0,4.11
414,5293,4.0,3.02
132,1271,3.5,3.53
317,5418,3.0,3.92
492,1,4.0,3.97
580,6790,4.5,2.91
298,39444,2.5,4.14
284,376,4.0,3.29
66,799,4.0,3.6
187,1136,4.0,4.27
490,4447,2.0,3.22
95,3424,4.5,4.09
555,2571,5.0,4.43
480,7265,4.0,3.84
448,6428,3.0,0.0
288,2922,3.0,3.73
610,40732,4.0,3.98
610,81591,3.5,4.01
590,2066,3.5,4.33
76,33004,4.0,3.44
446,16,3.0,3.95
341,3988,3.0,3.05
318,2081,3.0,3.67
534,69436,3.0,3.15
408,33794,5.0,3.96
202,2402,2.0,2.74
599,548,1.5,3.75
474,74,3.0,4.0
567,26171,0.5,4.49
325,3544,3.0,1.79
233,527,4.0,4.31
474,6760,3.0,0.0
474,34072,3.5,3.99
232,45666,2.0,3.0
517,83270,2.0,0.0
410,296,2.0,4.26
156,1517,3.0,3.68
387,154,4.0,4.01
414,33495,2.5,3.8
268,1093,1.0,3.5
312,1130,4.0,2.66
287,4034,3.5,3.95
381,4993,4.0,4.37
241,4235,3.0,4.05
484,82852,4.0,1.55
477,2761,4.0,4.29
599,60365,1.5,0.0
600,2193,5.0,3.58
298,61160,2.5,2.55
280,916,4.0,4.12
489,88125,3.5,4.0
594,2058,4.5,3.4
288,2120,2.0,0.0
608,6365,5.0,3.72
580,7438,4.5,4.03
263,24,3.0,3.34
88,7153,5.0,4.16
142,527,5.0,4.24
438,4310,3.5,3.15
313,4499,4.0,4.21
610,5959,3.5,3.94
599,128197,2.0,0.0
91,6863,2.5,3.53
313,1080,1.0,4.12
318,6953,4.0,3.55
140,49910,2.5,4.12
135,2193,2.0,3.48
18,135569,3.5,3.69
489,2001,3.5,3.32
381,8529,4.0,3.57
199,3316,2.0,2.53
408,8972,4.0,3.31
307,2423,2.5,3.78
610,67923,3.0,3.3
469,1260,4.0,3.76
28,41997,3.0,4.01
382,7155,3.5,2.82
156,1288,4.0,4.13
275,2964,1.0,0.0
217,2167,2.0,3.57
111,7439,3.0,3.61
448,2109,3.0,3.29
520,1610,4.0,3.94
393,6539,5.0,3.92
34,2443,4.5,3.21
68,85780,2.5,4.41
438,180,4.0,3.53
310,2372,2.0,2.53
19,1973,2.0,2.58
237,2628,2.5,3.15
584,590,5.0,3.91
183,3256,3.0,3.64
64,370,2.0,3.32
371,2987,4.5,3.59
482,442,4.0,3.16
140,2912,3.5,4.04
330,64614,4.0,4.04
380,55553,3.0,2.5
155,2195,3.0,3.31
594,7046,0.5,2.7
82,368,3.5,3.61
298,2916,4.0,3.91
187,1732,5.0,4.07
290,2988,4.0,0.0
57,265,2.0,4.04
130,110,5.0,4.04
246,91542,4.5,3.9
75,8360,4.0,3.59
19,2393,3.0,3.08
68,78703,4.0,0.0
387,4441,3.5,4.89
160,379,3.0,2.39
599,4700,2.0,3.55
202,372,3.0,2.86
573,8636,4.0,3.98
249,88954,3.5,0.0
219,293,4.0,4.15
352,71156,3.0,3.5
381,5459,2.5,3.16
551,122918,4.0,3.96
563,112552,4.5,4.13
342,5014,5.0,3.7
91,4027,4.0,4.04
608,2335,2.5,3.31
597,380,2.0,3.74
274,2353,3.5,3.87
15,59315,2.0,3.96
226,4963,4.5,4.22
606,780,2.5,3.67
599,1089,5.0,4.86
280,70984,2.0,0.0
474,41285,3.5,3.57
354,50,4.5,4.41
428,4941,2.0,3.45
63,595,3.0,3.86
103,1387,4.0,4.16
480,318,5.0,4.8
13,3624,4.0,3.1
146,2085,4.0,3.42
246,36363,3.5,0.0
414,7236,3.5,4.45
14,339,4.0,3.56
378,7153,4.5,4.17
387,2985,3.0,3.56
181,466,2.0,2.91
45,2718,3.0,3.31
599,157,1.5,3.63
564,61132,1.5,3.71
514,586,3.5,3.22
298,3593,0.5,1.9
530,329,3.0,3.44
91,251,2.5,3.32
79,3578,2.0,3.99
41,115149,0.5,4.05
124,6377,5.0,4.01
274,2136,3.0,2.4
89,171811,4.0,0.0
301,377,2.5,3.62
525,1031,3.5,3.58
305,4226,3.5,4.58
371,1199,5.0,4.17
28,678,3.5,3.81
318,51174,3.5,0.0
249,3988,3.5,3.21
309,4326,4.0,3.57
125,93855,4.5,0.0
168,1252,5.0,4.32
212,31658,4.0,4.23
452,1954,4.0,3.96
126,595,4.0,3.84
195,2076,2.0,4.03
356,50,3.5,4.43
414,3365,4.0,4.84
491,31685,4.5,3.25
290,1333,4.0,3.67
509,91266,2.5,0.0
570,2115,4.0,3.78
325,2024,3.0,3.48
401,45722,3.5,3.56
448,4734,4.5,3.46
104,5541,3.5,3.24
600,7247,3.5,3.53
483,3967,4.0,4.15
177,2020,3.0,4.18
210,117192,4.5,4.44
275,1594,5.0,3.69
534,99117,4.5,3.25
249,1717,2.5,3.14
514,2902,3.0,2.3
448,4952,2.0,0.0
84,406,3.0,0.0
318,106918,4.0,4.43
460,2747,3.0,2.99
410,357,4.0,3.51
51,5254,2.5,3.31
413,1246,1.0,4.06
573,8641,5.0,3.89
381,8665,4.0,4.09
352,114180,4.5,3.06
339,90345,4.5,3.58
414,102445,3.5,4.48
419,2542,4.0,4.12
18,91658,3.5,3.78
514,3704,2.0,3.53
476,296,3.0,4.23
210,135887,4.0,3.21
564,58803,3.5,3.88
438,260,5.0,4.41
221,1721,3.0,3.5
51,5481,4.0,2.96
169,4308,5.0,3.71
21,435,1.0,2.61
555,724,5.0,3.01
170,500,4.0,3.47
140,7143,3.5,4.04
1,2459,5.0,3.34
28,62792,2.5,0.0
288,5418,3.5,4.08
469,5060,4.0,4.19
560,1907,3.5,3.78
404,36,3.0,3.88
209,71535,2.0,3.95
284,95,5.0,3.1
380,134524,3.0,0.0
603,2291,4.0,3.78
603,4450,4.0,3.28
304,1608,4.0,3.51
19,2706,3.0,3.63
318,3736,3.0,0.0
504,5377,4.0,3.81
103,4019,5.0,3.75
156,348,3.0,3.83
274,7449,2.5,0.0
474,929,3.5,0.0
140,4337,4.0,0.0
105,30812,4.0,3.81
591,2694,4.0,3.22
159,4246,5.0,3.66
28,1754,3.0,3.74
455,110,4.0,4.08
474,4975,3.0,3.74
292,30793,3.5,3.11
510,34405,0.5,3.93
331,4447,1.5,3.23
448,1209,5.0,4.52
596,86332,3.5,3.9
597,778,5.0,4.26
480,1921,4.5,4.09
322,780,3.0,3.49
141,91500,3.5,3.5
93,356,5.0,4.26
68,2918,4.0,4.35
381,53953,4.0,3.38
170,733,3.0,3.7
22,6502,1.5,4.1
603,1809,5.0,3.56
19,2423,4.0,3.8
608,6863,4.5,3.57
419,7022,5.0,3.95
125,2692,4.0,4.1
468,225,4.0,3.54
122,103253,4.0,3.33
449,2692,3.5,4.02
115,1377,1.0,3.1
274,47997,3.5,4.25
453,798,3.0,2.82
480,5577,4.5,3.73
318,71453,4.0,0.0
202,2457,4.0,3.66
288,32,5.0,4.26
490,5313,2.0,2.34
104,4941,2.5,3.48
17,50,4.5,4.39
558,296,3.0,4.24
6,254,3.0,0.0
570,653,3.0,3.16
332,92938,2.0,1.62
347,380,3.0,3.57
346,778,3.5,4.14
381,48304,3.0,3.79
610,2918,3.5,4.22
325,1191,2.0,3.75
469,3770,3.0,2.98
212,168254,3.0,3.5
186,1921,4.0,3.95
182,23,3.5,3.14
600,6538,3.0,4.29
580,4995,3.5,4.27
563,4017,3.0,3.57
265,2011,3.0,3.55
610,6867,4.0,3.91
288,8464,3.0,3.87
461,527,3.5,4.24
597,1198,5.0,4.37
488,955,4.0,3.86
184,109374,4.5,3.88
63,780,3.0,3.59
249,45662,2.0,2.64
449,186,0.5,2.97
453,356,5.0,4.36
520,42002,3.5,3.4
556,7153,4.0,4.15
580,292,3.0,3.65
221,2944,3.5,4.19
249,1206,4.0,4.38
513,2858,4.0,4.08
480,288,2.5,3.17
235,410,2.0,3.17
344,2571,5.0,4.28
125,522,3.0,3.39
79,260,5.0,4.26
177,4993,2.0,4.42
318,3300,3.5,3.93
111,87869,4.0,3.88
105,175293,5.0,0.0
443,2858,4.0,4.09
197,50,3.0,4.28
5,1,4.0,3.94
232,6338,3.0,2.92
288,8783,3.0,3.38
260,7022,4.0,3.96
280,4310,4.0,2.94
437,508,5.0,3.74
514,2301,2.0,3.8
489,4128,4.0,3.77
298,4228,3.0,1.99
410,4062,4.0,3.21
215,2915,3.5,3.54
281,7325,4.0,3.25
68,3984,4.0,3.91
117,589,4.0,4.1
580,680,3.0,4.59
298,2485,0.5,3.09
307,5309,1.5,2.89
367,3743,3.0,1.49
187,1198,3.0,4.34
594,11,5.0,3.74
4,1732,4.0,4.02
279,97304,3.5,4.18
332,5291,5.0,3.97
73,87869,3.5,3.63
218,1625,2.0,3.73
156,1923,4.0,3.8
114,122904,3.5,3.88
414,175,4.0,4.97
414,143385,4.0,4.0
275,852,4.0,3.26
177,7153,2.0,4.49
525,7090,4.5,4.14
7,49824,3.0,2.96
68,1388,2.5,2.68
201,1732,2.0,4.01
465,3686,3.0,2.88
599,1580,3.0,3.97
414,3836,5.0,4.67
57,707,2.0,3.06
305,74795,4.0,3.57
599,121231,3.5,5.22
169,6218,4.0,3.34
74,6791,5.0,4.27
42,590,4.0,3.98
28,51471,3.0,0.0
128,926,5.0,4.16
560,116797,3.0,4.37
469,2194,5.0,4.28
473,4979,4.5,3.69
100,1220,3.0,3.88
105,3310,4.5,4.04
274,6333,4.0,4.29
603,2734,4.0,3.29
280,27,4.5,3.19
608,37830,3.0,3.89
414,1961,4.0,4.8
202,1206,4.0,4.2
573,653,3.0,3.25
201,150,4.0,3.93
560,31685,3.0,3.34
391,1240,4.0,4.01
606,7093,4.0,0.0
182,44199,3.0,4.19
155,1,3.0,3.92
474,6335,3.0,4.12
608,1907,3.5,3.89
62,4995,4.5,4.29
534,97752,4.5,3.84
600,1962,2.0,3.83
565,539,3.0,3.5
373,355,1.0,2.49
45,2916,4.0,3.91
232,6331,3.0,4.01
245,3101,1.0,3.08
474,43333,3.5,0.0
597,2916,5.0,3.87
277,637,3.0,3.15
550,167296,0.5,0.0
182,1483,3.5,3.01
514,22,3.0,3.32
599,2005,1.5,4.03
416,3624,2.0,3.09
567,138036,3.0,3.76
345,3396,3.0,3.69
377,6021,5.0,0.0
103,551,4.0,3.76
177,58559,5.0,4.65
113,4126,4.0,3.37
259,1356,0.5,3.93
221,1090,4.5,4.14
81,380,2.0,3.54
111,160080,3.5,3.34
424,364,4.5,4.02
474,6228,4.0,0.0
328,1136,5.0,4.31
365,160954,1.5,0.0
234,1379,3.0,3.27
105,48872,4.5,0.0
590,6157,2.0,2.66
295,4973,4.5,4.26
474,26116,4.0,0.0
64,8832,3.5,0.0
135,2723,4.0,3.03
169,231,4.5,3.22
256,97938,4.5,3.78
74,55444,5.0,3.72
57,500,3.0,3.61
23,912,3.5,4.35
318,4967,4.0,4.39
599,85414,3.0,3.66
103,82854,3.0,1.49
339,30749,3.5,4.12
459,2571,4.0,4.25
414,5139,3.5,4.11
540,48385,4.0,3.36
47,141,2.0,3.58
318,8984,3.5,3.45
318,5218,3.5,4.12
224,3072,5.0,3.54
21,2671,4.0,3.72
534,87232,2.5,4.17
453,4153,2.0,2.55
132,1562,1.5,2.26
352,50,5.0,4.47
47,45950,3.0,3.74
288,3313,2.0,0.0
438,1517,3.5,3.78
334,58105,3.5,3.42
123,4886,4.0,3.95
380,3869,4.0,3.45
606,858,4.0,4.57
167,5418,4.5,3.93
68,805,3.0,3.77
483,3740,3.5,4.07
352,93840,4.5,4.2
452,2683,5.0,3.31
156,3134,5.0,4.15
42,4361,3.0,3.49
271,1282,3.0,3.7
368,920,4.0,3.69
125,83349,3.0,3.18
607,2716,4.0,3.83
91,1762,2.5,2.5
334,589,4.0,4.08
606,6436,3.0,3.83
56,457,4.0,4.0
365,48774,1.5,4.13
313,1994,3.0,3.59
330,1721,3.5,3.53
422,4939,3.0,0.0
577,1225,4.0,4.28
43,480,4.0,3.83
497,4973,3.0,4.25
317,288,2.0,3.24
448,102880,1.5,0.0
387,1952,4.0,4.16
590,53972,3.0,3.62
414,2496,3.0,3.48
125,2959,5.0,4.44
495,88129,4.0,3.83
52,65514,3.5,4.17
483,6365,2.5,3.67
422,3980,4.0,3.2
383,1196,3.0,4.19
279,115713,5.0,3.96
410,427,4.0,2.54
328,2762,2.0,4.06
44,104,4.0,3.47
288,1197,4.0,4.52
122,87306,4.5,3.74
414,4305,1.5,1.91
151,92,1.0,2.88
226,1517,4.0,3.78
169,788,4.5,2.9
474,3789,3.5,0.0
343,527,5.0,4.27
125,1590,2.0,3.01
132,60069,0.5,4.25
559,509,4.0,3.59
381,3396,1.0,3.74
418,2144,3.5,3.7
20,4447,3.0,3.31
351,90471,3.5,0.0
479,185,1.0,3.14
429,276,3.0,3.41
256,95441,3.5,3.32
275,3794,2.0,0.0
474,1496,4.0,0.0
263,6218,4.0,3.32
94,10,3.0,3.51
65,46976,3.5,3.75
212,2571,3.0,4.42
19,490,2.0,3.15
474,7451,4.5,4.07
414,5151,4.0,3.83
541,361,3.0,3.09
318,671,4.5,3.39
45,2687,4.0,3.63
274,5803,1.5,2.79
580,1441,3.0,3.6
597,2819,5.0,3.84
116,2724,5.0,2.72
236,3052,5.0,3.65
387,2088,2.0,2.69
477,2716,4.0,3.93
432,74458,4.5,4.28
216,905,4.0,4.46
202,3194,4.0,3.6
606,936,4.0,4.28
414,55830,3.5,3.56
414,115713,4.5,4.83
91,1261,4.5,4.19
551,84152,4.5,4.04
108,5316,4.0,3.12
495,1608,4.0,3.47
28,48326,2.5,3.32
586,1210,4.5,4.33
339,3967,3.5,4.02
380,2011,4.0,3.98
381,50872,3.5,4.25
339,6,4.0,3.95
380,47,5.0,4.59
113,1247,4.0,4.11
526,46578,5.0,3.89
580,6934,5.0,3.31
58,596,4.0,3.48
45,6,4.0,4.06
478,33164,0.5,1.83
246,541,5.0,4.19
462,5239,4.0,0.0
562,2648,3.5,4.01
483,93723,3.0,0.0
441,4980,3.5,3.06
356,3210,4.5,3.57
20,3751,5.0,3.64
474,8983,4.0,3.98
368,1129,3.0,3.53
414,2148,2.0,3.02
469,1278,4.0,4.1
41,31685,3.0,3.26
211,260,4.5,4.3
64,7701,3.0,1.57
47,171011,3.0,4.62
68,2950,3.5,2.69
453,3255,4.0,3.62
434,741,5.0,4.19
610,6156,3.5,3.43
543,377,5.0,3.58
606,3408,4.0,3.8
274,1265,4.5,4.44
275,3160,1.0,3.76
597,260,5.0,4.37
288,3785,2.0,3.03
543,344,4.0,3.07
610,4816,4.0,3.82
226,1042,3.0,3.58
448,5,3.0,3.39
564,64969,3.0,3.81
125,9010,5.0,3.77
433,174055,1.5,3.66
600,2123,3.0,2.76
590,1250,5.0,4.43
608,2423,2.0,3.86
313,1954,2.0,3.97
484,998,5.0,0.0
394,356,4.0,4.18
351,4995,4.5,4.12
79,457,4.0,4.02
514,165103,3.5,0.0
15,849,2.0,2.96
586,4963,4.0,4.04
202,2942,3.0,2.73
318,1022,2.5,3.61
307,51662,3.5,3.98
182,3045,5.0,3.43
68,8907,2.5,2.63
68,122918,3.5,4.37
68,6157,2.0,2.86
486,648,5.0,3.62
605,46972,4.0,3.24
72,1216,4.0,3.41
474,7311,3.5,0.0
448,101025,2.5,3.1
156,4973,4.0,4.35
474,2553,3.5,3.72
448,1967,3.0,4.11
41,2329,4.0,4.33
199,1641,4.0,3.93
387,500,2.5,3.62
234,2700,3.0,4.04
199,8781,3.0,3.03
307,6287,3.5,3.31
32,50,5.0,4.29
357,524,4.5,3.67
452,2393,5.0,3.09
594,4715,3.0,0.0
71,1,5.0,3.93
381,7361,4.0,4.29
490,1784,3.0,3.77
332,1270,4.0,4.13
132,1249,3.0,4.1
489,3052,4.0,3.74
555,955,5.0,3.76
226,4489,4.0,3.43
125,108932,3.0,4.06
89,909,2.5,4.2
290,1242,5.0,4.14
474,7051,3.0,0.0
580,1234,2.0,4.15
177,3534,4.0,3.51
309,48780,3.5,4.08
555,1007,3.0,2.32
89,93006,4.5,0.0
15,103249,3.5,3.06
563,63992,1.0,2.64
610,1200,5.0,4.38
89,905,3.0,4.51
93,153,4.0,3.0
603,3361,4.0,4.0
226,1240,4.0,4.06
326,1955,3.5,4.14
561,45186,3.5,3.94
76,63436,4.5,2.52
217,3274,3.0,3.21
419,37240,4.0,2.93
378,58559,4.5,4.29
191,269,3.0,0.0
274,788,3.0,3.3
586,68954,5.0,4.22
349,539,3.0,3.52
21,115617,4.0,4.04
301,110,1.5,4.09
372,1073,3.0,4.02
132,1079,3.5,4.11
249,52722,3.5,3.64
91,50,4.5,4.48
414,2482,3.0,0.0
232,4995,4.0,4.47
356,48342,5.0,0.0
215,1172,5.0,4.13
380,370,4.0,3.56
280,2396,3.0,3.91
469,1732,5.0,4.14
608,1994,3.0,3.67
418,127108,4.5,3.08
89,131826,3.5,0.0
416,2959,4.0,4.32
448,54272,4.0,4.05
599,1713,2.5,3.07
226,3087,4.0,3.17
50,1387,3.0,4.04
380,54286,3.5,4.27
448,50872,3.0,4.62
134,553,4.0,3.85
596,128908,4.0,0.0
534,112623,1.5,3.91
572,3135,3.0,0.0
305,2167,5.0,3.62
298,1968,3.5,3.98
489,3793,3.5,3.9
448,1227,5.0,4.07
119,110730,4.0,2.25
414,345,4.0,4.46
105,56782,4.5,4.4
84,1094,4.0,3.54
385,1287,4.0,4.03
509,46062,1.5,2.25
385,1305,3.0,3.54
217,1812,4.0,3.64
6,537,3.0,3.23
414,145,2.0,3.79
68,1276,3.5,4.41
28,41569,2.5,3.43
265,2701,2.0,2.35
346,8228,3.0,3.77
137,1267,3.5,4.34
414,3060,4.0,4.21
311,2706,0.5,3.39
204,293,4.5,4.04
182,3053,4.5,3.97
469,2009,3.0,3.71
318,1289,3.5,4.04
61,555,4.5,3.83
427,5506,3.0,3.54
239,1200,4.0,4.14
387,35836,3.5,3.83
297,319,5.0,3.56
572,924,5.0,3.96
599,107406,3.5,4.0
334,4225,3.5,4.08
599,5334,2.0,0.0
555,2458,4.0,2.69
313,332,4.0,2.83
275,1945,5.0,4.26
88,4995,4.5,4.07
599,2339,1.5,0.0
95,4732,1.0,2.1
156,2352,3.0,3.99
177,48412,3.0,3.29
103,5349,3.0,3.74
182,610,3.0,3.79
474,2728,4.0,3.82
372,1203,4.0,4.25
332,26564,3.5,0.0
603,1056,4.0,2.71
191,720,5.0,4.12
414,2759,3.0,3.96
286,39,3.5,3.31
610,56782,5.0,4.66
504,2321,4.0,3.51
380,5445,4.0,4.1
555,2987,4.0,3.78
605,5952,5.0,4.07
51,2826,3.5,2.91
376,1610,4.0,3.93
307,2406,2.5,3.72
480,5064,4.0,4.0
57,3704,3.0,3.6
573,6365,4.5,3.57
156,2243,2.0,3.61
448,3494,5.0,4.04
601,1221,4.5,4.37
42,16,5.0,4.02
234,2089,4.0,3.5
304,1242,5.0,4.19
21,2541,4.0,3.33
474,2746,2.0,3.65
276,2,4.0,3.48
70,1259,4.5,4.04
275,4886,4.0,4.09
534,94018,2.0,2.82
64,5956,4.0,3.89
307,454,3.0,3.78
479,82,5.0,3.47
132,1258,4.0,4.24
385,1281,4.0,4.13
36,2082,2.0,2.73
474,46578,3.5,4.49
414,5485,5.0,0.0
325,1805,4.0,3.01
28,6711,2.5,4.19
477,1831,4.0,2.46
597,42,3.0,3.01
606,345,4.5,3.98
409,3814,5.0,4.2
219,46322,3.0,3.32
156,924,4.5,4.0
21,34048,3.5,3.42
514,785,2.5,3.55
263,2125,3.0,3.66
610,7460,3.5,3.76
432,5349,2.5,3.7
359,1198,3.0,4.26
424,4816,3.0,3.54
477,216,4.0,3.62
182,2580,4.0,4.28
274,37720,1.5,3.02
469,610,3.0,3.72
331,296,5.0,4.29
514,7153,3.0,4.27
140,2819,3.0,3.85
20,3948,3.5,3.55
413,4993,5.0,4.16
606,6202,3.5,0.0
82,5220,4.0,2.27
462,1961,2.0,3.98
254,7090,4.5,3.95
38,222,3.0,3.83
287,799,2.5,3.51
279,112183,4.5,3.63
448,33004,3.0,3.76
567,122922,3.0,3.9
548,58559,5.0,4.22
111,170957,3.0,0.0
428,7361,4.0,4.22
113,1829,3.0,0.0
274,8807,3.5,3.98
357,553,5.0,4.01
126,500,4.0,3.45
474,4809,4.0,5.27
605,5667,3.0,0.0
571,3660,1.0,0.0
597,1527,4.0,3.8
182,3882,2.0,2.96
249,102123,5.0,3.07
175,38388,5.0,0.0
185,34,2.0,3.68
596,1136,4.0,4.34
552,553,1.5,3.92
466,57368,4.0,3.28
517,1282,5.0,3.76
63,111781,5.0,3.6
458,161,5.0,3.74
210,147380,4.5,2.39
599,37727,1.5,3.06
485,10,4.0,3.5
380,3300,4.0,4.24
316,1967,3.0,3.88
24,132660,4.0,0.0
305,45081,3.5,3.15
599,74696,3.0,0.0
599,2154,2.0,0.0
204,68954,4.0,4.08
282,1220,4.0,3.95
63,60069,4.0,4.29
25,58559,5.0,4.25
148,4896,4.0,3.8
125,97752,4.0,3.75
448,592,3.0,3.67
480,3535,3.0,4.05
603,1097,4.0,3.96
68,10,4.5,3.98
438,5903,5.0,4.26
414,66203,3.0,3.51
305,60069,5.0,4.53
232,34520,2.5,2.14
599,2719,1.5,2.26
409,1694,4.0,2.78
137,1272,5.0,4.12
256,170,4.5,3.28
18,171023,4.0,0.0
294,3699,1.0,3.49
305,3300,3.0,3.94
169,3147,4.5,4.25
241,71899,4.5,4.19
182,2808,0.5,2.05
610,8578,3.0,0.0
181,592,2.0,3.49
475,58025,4.5,3.1
33,1617,5.0,4.11
380,82461,3.0,3.53
484,87529,2.0,3.05
115,2028,5.0,4.21
561,86332,4.0,3.89
603,339,3.0,3.74
249,380,4.0,3.99
610,68486,3.5,4.57
52,150,4.0,3.9
292,2005,3.0,3.75
514,3552,4.0,3.98
368,2009,3.0,3.62
23,1809,3.5,3.87
174,539,5.0,3.54
221,1086,4.5,4.21
57,1517,4.0,3.71
298,79132,3.5,4.63
448,70565,2.5,3.83
19,2372,1.0,2.66
103,57522,3.5,0.0
256,2011,5.0,3.57
305,49530,4.5,4.08
64,3809,4.0,3.39
177,5943,4.0,2.9
156,5060,4.0,4.12
414,3020,4.0,4.07
367,4155,4.0,3.35
91,7123,4.0,3.32
139,56788,2.0,4.0
339,86504,5.0,4.26
221,5247,2.5,2.89
199,5670,3.0,0.0
560,3996,4.0,4.02
159,63082,0.5,3.96
577,435,3.0,2.57
599,128360,3.0,4.31
357,3897,5.0,3.96
189,2762,4.0,3.91
606,50,4.5,4.59
105,104780,5.0,0.0
580,1923,4.0,3.82
385,1,4.0,4.01
453,1393,4.0,3.74
448,4489,3.0,3.62
140,4299,3.0,3.6
91,2762,4.0,4.19
105,56174,4.0,3.86
160,353,5.0,3.63
246,838,4.0,3.8
263,597,4.0,3.66
367,1968,5.0,3.9
352,64614,5.0,4.1
91,158,2.0,3.05
391,555,5.0,4.04
286,5218,5.0,3.76
517,1230,1.5,3.97
414,230,3.0,4.36
51,2371,3.5,3.21
558,5064,5.0,3.81
448,5094,1.5,2.06
387,46970,2.5,3.42
493,2872,3.0,3.73
136,62,5.0,3.73
217,3197,3.0,2.71
51,2282,4.5,3.36
28,2194,3.5,4.12
495,72998,5.0,3.86
387,3536,2.5,3.58
344,3897,3.0,3.87
318,337,4.0,3.91
599,34292,1.5,0.0
492,1405,5.0,2.87
221,27741,4.5,3.84
482,647,3.5,3.31
89,164226,4.5,0.0
489,5541,2.5,3.33
57,3114,4.0,4.04
491,30825,4.0,3.1
64,27869,4.5,0.0
275,1267,5.0,4.47
493,3267,4.0,3.52
62,1246,4.5,4.17
483,61323,4.5,3.82
356,1259,3.5,4.17
483,3745,4.5,3.53
574,300,3.0,3.53
18,502,2.0,2.53
474,6535,2.0,2.93
414,3977,4.0,3.44
177,45447,3.5,3.57
287,5902,3.5,3.97
217,89,4.0,3.35
274,44974,3.5,3.8
135,1214,4.0,4.12
105,48516,5.0,4.73
91,3623,2.0,2.85
70,1210,5.0,4.18
586,27619,4.5,0.0
464,1036,5.0,3.98
356,2716,5.0,3.89
600,19,3.0,3.01
414,1037,3.0,3.12
156,3873,4.0,3.02
603,1208,5.0,4.46
274,4732,1.5,2.37
525,596,1.5,3.59
141,3578,5.0,4.11
474,1939,3.5,4.44
290,2935,4.0,4.24
599,1394,3.0,4.51
212,135861,2.0,3.07
274,2000,3.0,4.14
428,4890,2.0,3.11
78,380,4.0,3.57
604,233,3.0,3.56
504,6620,3.0,3.9
590,60074,3.0,3.14
567,134246,0.5,0.0
543,588,5.0,3.91
64,4306,3.5,4.16
211,3638,4.5,3.06
135,608,4.0,4.25
381,480,4.0,4.0
372,157,3.0,3.22
303,5502,4.0,3.18
474,1252,4.0,4.76
6,489,3.0,2.76
480,1101,4.0,3.59
528,97921,3.5,3.79
288,5349,4.0,3.9
229,434,3.0,3.08
603,1120,2.0,3.84
63,110,2.5,4.23
331,4638,2.0,2.92
305,2268,5.0,4.02
603,1680,4.0,3.74
276,837,4.0,3.32
559,349,3.0,3.79
537,69481,3.5,4.09
368,1240,4.0,4.02
367,3510,5.0,3.49
91,3263,2.0,3.14
415,4369,3.0,3.17
328,1380,0.5,3.27
414,1390,2.0,3.59
249,3978,3.5,3.12
331,40819,4.0,3.82
202,2355,4.0,3.71
489,5218,3.5,3.96
247,6365,3.0,3.43
274,5349,3.0,3.98
318,74458,4.5,4.66
500,342,2.0,3.3
76,4878,2.5,4.03
543,1387,5.0,4.01
339,1580,2.0,3.68
597,1090,5.0,4.11
116,30749,4.5,3.86
111,5025,3.0,2.78
479,351,2.0,3.34
