userId,movieId,rating,predicted_rating
432,77866,4.5,2.93
288,474,3.0,4.08
599,4351,3.0,3.3
42,2987,4.0,3.71
75,1610,4.0,3.81
51,177,4.0,2.88
354,51662,3.5,3.71
416,750,4.5,4.29
438,6503,0.5,2.69
73,8641,3.5,3.7
567,1203,4.5,4.12
391,1179,4.0,3.77
380,111362,5.0,4.36
305,55276,5.0,4.3
409,3868,4.0,3.36
307,6957,3.5,3.7
274,26736,4.5,0.0
125,6952,3.0,2.69
561,1278,3.5,4.07
68,6953,2.5,3.52
525,50872,3.5,4.25
414,3847,2.0,0.0
6,587,5.0,3.58
601,48394,4.0,3.83
325,32,4.0,4.03
82,5065,3.0,2.96
16,204,2.0,2.69
542,4816,1.5,3.47
32,39,3.0,3.3
140,2682,4.0,0.0
182,5643,3.0,3.82
89,42761,4.5,0.0
359,541,1.5,4.1
183,1408,4.0,3.71
111,119155,3.5,3.61
80,2513,4.0,2.46
448,117590,2.0,4.38
514,1258,4.0,4.25
68,1101,3.5,3.53
325,80,4.0,0.0
509,1588,3.5,3.3
131,31,3.0,3.2
45,2355,5.0,3.73
156,3167,3.0,3.68
440,1199,4.5,4.18
312,5065,3.0,2.88
57,2102,4.0,0.0
603,2020,4.0,4.24
337,778,4.0,4.09
116,356,4.0,4.22
122,63113,4.5,3.56
201,185,3.0,3.25
167,318,5.0,4.53
139,60072,1.5,3.17
68,628,3.5,3.74
16,293,4.0,4.08
448,99992,3.0,0.0
450,1073,4.0,3.92
178,380,4.0,3.59
599,59369,2.5,3.75
581,4226,4.5,4.13
215,1347,0.5,3.02
610,4228,3.0,1.99
81,288,3.0,3.28
414,2120,2.0,0.0
340,185,3.0,3.23
323,111443,2.5,0.0
232,586,3.0,3.27
186,3740,3.0,3.89
28,1245,3.5,4.26
195,4067,4.0,3.17
414,86190,4.0,3.75
596,141131,2.5,0.0
561,1394,4.0,4.36
602,448,3.0,3.5
202,2983,4.0,0.0
195,553,4.0,3.94
200,44761,5.0,3.67
387,5296,1.5,2.91
514,104841,3.0,3.87
510,2710,1.0,2.88
290,2385,3.0,0.0
221,446,4.5,3.43
598,7361,5.0,4.24
596,4014,3.5,3.68
414,157699,4.0,4.05
34,31685,2.0,3.2
62,2115,4.5,3.69
448,105211,3.5,0.0
137,1242,4.0,4.11
438,2642,3.0,2.35
606,47538,2.5,0.0
352,51662,4.0,3.75
572,3093,5.0,0.0
129,4878,2.5,4.07
279,164179,4.0,4.13
428,6365,3.0,3.37
152,858,5.0,4.36
328,1198,5.0,4.38
427,435,3.0,2.4
367,3751,5.0,3.56
599,97306,3.0,3.9
525,98243,3.0,3.83
111,78174,1.5,0.0
42,2735,4.0,2.8
606,2677,4.0,0.0
560,6863,3.0,3.57
19,422,3.0,3.45
51,3363,4.5,3.91
474,381,2.5,4.04
68,2096,3.0,3.65
189,7153,4.0,4.13
599,93723,1.5,0.0
556,41566,3.5,3.51
596,3623,2.5,2.75
387,778,4.5,4.35
3,2090,0.5,3.22
1,3740,4.0,3.91
73,99106,1.5,0.0
217,357,3.0,3.65
438,43928,0.5,1.94
282,55765,4.0,4.07
310,1247,4.5,4.07
448,122924,2.0,3.65
91,2990,2.0,3.46
103,4848,5.0,3.93
380,3156,4.0,2.91
566,552,4.0,3.34
298,77561,3.5,3.86
599,31921,2.5,0.0
381,4226,4.5,4.22
292,2376,4.0,3.36
43,596,5.0,3.45
50,127146,3.0,0.0
46,185,4.0,3.24
564,119141,4.5,3.83
89,117590,4.0,4.14
217,1963,1.0,3.61
140,3107,3.0,3.4
125,4738,4.0,0.0
274,74532,2.5,3.28
382,1702,3.5,3.2
560,122890,3.5,4.03
48,1527,4.0,3.69
338,183897,1.5,3.72
567,162606,1.0,3.68
475,122882,4.5,3.82
290,2772,3.0,2.77
7,8665,3.5,3.9
282,1704,4.5,4.24
6,26,4.0,3.52
599,66171,2.5,0.0
610,46970,4.0,3.51
469,733,3.0,3.73
256,39183,2.0,3.51
312,3863,3.0,3.01
132,7034,3.0,3.69
480,8861,2.0,3.48
414,82202,3.0,2.48
274,5804,2.5,0.0
217,3363,3.0,3.91
387,356,4.0,4.4
227,81845,3.5,4.18
226,2011,4.0,3.62
368,1957,4.0,4.25
587,380,4.0,3.6
488,7139,2.5,4.03
135,231,2.0,3.18
535,2539,3.0,3.11
529,653,4.0,3.09
62,6058,3.5,3.05
448,80590,2.0,0.0
14,592,2.0,3.52
368,1210,4.0,4.26
534,3483,4.5,3.13
221,4128,3.5,3.75
29,56174,4.0,3.46
474,4034,4.5,4.44
448,7319,3.0,2.17
21,7569,4.5,4.02
43,231,3.0,3.13
112,25,2.5,3.77
414,3127,2.0,3.56
352,38038,3.0,3.86
502,3147,5.0,4.13
339,4848,5.0,3.94
19,2723,5.0,3.11
45,784,4.0,3.11
368,3272,3.0,3.58
27,1148,5.0,3.96
608,5452,1.0,2.2
125,70286,4.0,3.95
187,2700,4.5,4.02
606,8454,3.5,0.0
551,112183,0.5,3.58
111,3988,3.5,3.19
285,474,3.5,3.81
370,4014,3.0,3.63
414,4103,5.0,4.47
474,1223,4.5,4.58
481,1653,3.0,3.99
606,1093,4.0,3.81
379,349,4.0,3.74
212,96079,4.0,3.81
160,4979,4.5,3.78
121,597,3.0,3.54
274,3285,2.0,3.16
437,527,5.0,4.26
577,494,3.0,3.46
414,97304,4.0,4.34
608,110,4.0,4.29
562,4135,5.0,0.0
477,2450,0.5,2.87
213,1240,4.0,3.9
590,8807,2.5,3.68
259,4886,4.0,3.89
222,59014,2.0,0.0
606,6874,4.5,3.95
140,1252,3.5,4.39
606,3426,4.0,3.25
298,48780,2.0,4.32
599,47,4.0,4.32
305,107314,2.5,0.0
28,44204,3.0,3.36
105,750,4.0,4.41
309,1263,3.0,3.97
567,104944,3.5,0.0
217,2733,2.0,0.0
246,7361,5.0,4.29
307,60487,4.0,0.0
27,5060,2.0,4.02
248,1291,4.0,4.13
19,842,2.0,2.5
332,7090,4.5,3.92
156,922,4.0,4.48
140,26865,1.0,4.34
303,1080,1.0,4.08
600,2174,4.5,3.58
489,923,3.5,4.04
560,134853,3.5,3.96
306,159858,4.0,0.0
4,3160,4.0,3.66
58,292,4.0,3.43
292,3682,4.5,3.79
91,1220,5.0,3.96
288,1591,3.0,2.33
76,541,3.5,4.11
380,171763,4.0,4.7
68,3105,3.0,4.23
105,107159,4.0,0.0
418,4571,4.0,3.59
64,1673,4.5,4.26
457,2858,3.0,4.07
287,8622,4.5,3.67
39,2580,5.0,3.89
560,1210,4.0,4.3
18,86190,3.5,3.26
140,4047,4.0,3.76
256,90405,3.5,3.56
103,912,5.0,4.4
307,48394,3.0,3.98
146,502,2.5,2.39
24,50,4.0,4.29
599,1220,3.5,4.09
50,103228,2.0,3.86
232,4720,4.0,3.92
477,1392,4.5,3.87
457,2490,4.0,3.36
135,4881,3.0,3.99
608,5072,4.5,4.13
16,50,4.0,4.28
410,3823,4.0,0.0
428,377,2.5,3.64
182,1769,3.5,3.04
169,1022,4.0,3.61
480,3355,4.0,3.18
68,2,2.5,3.96
307,39234,2.5,3.89
522,58295,4.5,3.61
64,4011,4.5,4.38
305,4016,3.5,3.84
219,5064,3.5,3.96
141,3489,4.0,3.51
230,2605,3.5,2.81
448,7373,3.0,3.55
462,102445,2.0,3.8
199,53550,3.5,0.0
125,95167,3.5,3.6
125,156371,4.0,0.0
445,527,3.0,4.27
317,7438,3.0,3.99
355,1198,5.0,4.25
169,4886,5.0,4.0
453,608,4.0,4.23
472,2431,4.0,3.41
606,4226,4.0,4.32
131,2393,3.0,2.89
354,7147,4.5,3.88
298,65982,3.0,3.81
382,61132,5.0,3.57
594,494,5.0,3.49
369,3033,4.0,3.43
75,435,1.0,2.41
381,2571,5.0,4.36
357,1101,4.0,3.27
357,918,5.0,3.83
480,2628,2.0,3.4
51,2762,5.0,3.99
474,586,2.0,3.48
298,149354,0.5,2.88
310,733,4.0,3.68
274,72378,2.0,2.98
156,2947,2.0,3.97
414,191,2.0,3.38
474,2261,2.0,3.68
280,73266,3.0,0.0
494,260,5.0,4.24
239,2302,3.0,3.3
610,7324,3.0,3.57
57,1,5.0,4.04
452,3273,4.0,2.55
217,2094,3.0,3.32
66,481,2.0,3.29
19,1848,2.0,3.43
580,1584,3.5,3.68
288,541,4.0,4.2
586,122918,5.0,3.9
517,2380,0.5,2.39
220,63113,3.5,3.46
560,56563,2.5,3.64
479,5568,2.0,3.2
28,2023,3.5,3.55
41,118900,4.0,2.32
305,142448,3.0,3.33
288,5378,3.5,3.53
116,1380,4.5,3.26
313,1449,5.0,3.77
522,2393,4.0,2.88
182,1197,3.5,4.41
420,8464,4.5,3.46
597,1196,5.0,4.31
313,2553,4.0,3.08
405,390,4.0,3.65
560,1196,4.0,4.35
438,186,3.0,3.29
495,4734,3.5,3.13
380,6281,3.5,3.39
129,32587,4.5,4.01
42,1663,4.0,3.95
309,2028,4.5,4.13
169,2028,5.0,4.19
6,881,3.0,2.53
509,1732,3.5,3.93
73,111320,1.5,0.0
441,1517,5.0,3.56
100,2108,3.5,3.51
593,44191,4.0,3.91
610,60471,3.5,0.0
68,2335,3.0,3.13
479,3361,4.0,3.84
564,106918,3.5,4.24
580,3556,5.0,3.93
274,4874,1.0,3.92
30,122904,5.0,3.95
156,1077,4.0,3.82
489,2124,2.5,3.62
186,916,5.0,4.03
64,2804,5.0,4.12
351,59369,4.5,3.66
469,3699,4.0,3.44
182,4056,3.0,2.35
6,719,2.0,3.12
346,527,3.5,4.27
528,3101,2.5,3.19
551,112175,3.5,4.01
226,2,3.0,3.59
226,2100,3.0,3.24
579,1580,4.0,3.58
83,318,5.0,4.52
368,1196,3.0,4.29
351,54787,3.5,0.0
227,32,4.5,4.01
182,1546,3.5,0.0
298,27808,2.5,3.59
38,161,4.0,3.73
452,924,3.0,3.96
351,6214,4.0,3.91
111,4228,2.5,1.87
599,104841,3.0,4.2
232,8360,3.0,3.75
105,1199,4.0,4.33
469,1747,3.0,3.48
509,48780,3.5,4.27
213,51662,3.5,3.66
217,2722,3.0,2.76
503,6711,3.5,4.16
115,1645,4.0,3.36
608,3752,4.0,3.22
288,2009,3.0,3.67
226,2329,4.5,4.42
68,2334,3.5,2.98
195,1573,3.0,3.51
275,1084,5.0,4.21
380,52950,2.0,0.0
371,4993,4.5,4.15
290,1674,4.0,3.69
246,7669,5.0,3.46
91,260,4.5,4.35
480,3168,3.5,3.94
12,838,5.0,3.75
606,2324,5.0,4.27
330,1288,4.5,4.11
63,1080,5.0,4.1
246,82202,4.0,2.4
34,2762,3.0,3.93
582,74458,4.0,4.14
104,94150,4.0,0.0
414,72605,4.0,3.49
448,2019,5.0,4.44
325,3175,4.0,3.71
131,3178,3.0,3.59
288,2762,3.0,4.13
344,110,4.5,4.02
195,4389,3.0,0.0
356,3477,5.0,3.33
357,4447,4.0,3.25
514,3385,3.0,2.85
271,1994,3.5,3.44
607,480,4.0,3.82
448,97858,2.0,0.0
79,3029,3.0,3.33
599,4848,4.5,3.97
130,592,3.0,3.51
517,2018,4.0,3.33
45,1769,3.0,2.88
387,7328,3.5,0.0
600,3093,3.5,0.0
414,5452,1.0,2.21
64,3052,4.0,3.8
81,377,3.0,3.55
288,2121,2.0,2.56
159,4306,4.0,3.93
189,593,4.0,4.2
247,69122,4.0,3.84
474,1293,4.0,3.93
211,36529,3.5,3.84
290,1385,3.0,3.01
301,364,3.5,3.97
599,85881,3.5,4.36
610,27904,3.5,3.96
456,3,3.0,3.16
52,293,4.0,4.09
232,72489,4.0,0.0
288,31427,2.5,2.33
68,56587,3.0,3.53
346,1348,4.0,3.67
238,858,3.0,4.3
594,2196,5.0,0.0
610,120635,1.0,3.01
497,410,2.0,3.16
432,7306,3.0,0.0
285,1333,4.0,3.67
123,91500,3.5,3.5
6,640,1.0,3.13
217,432,3.0,2.63
528,356,5.0,4.21
101,2716,4.0,3.8
219,54001,2.5,3.91
452,1610,4.0,3.87
43,79,5.0,2.78
240,653,5.0,3.12
534,33493,4.0,3.79
610,4975,3.5,3.84
298,109895,0.5,2.62
552,541,5.0,4.11
414,63113,4.0,4.3
165,441,3.0,3.93
610,106002,3.5,3.81
265,79,2.0,2.81
372,1221,5.0,4.33
19,377,4.0,3.74
525,4718,1.0,3.11
84,551,3.0,3.57
480,589,4.5,4.26
298,48322,3.0,4.03
70,8949,5.0,3.66
225,3253,4.0,3.51
387,33164,2.0,0.0
484,104,4.0,3.58
298,6283,4.5,3.9
195,4019,4.0,3.66
182,3910,5.0,3.61
414,73017,4.0,4.6
279,780,4.0,3.53
590,588,4.0,4.24
573,5093,2.0,3.12
68,4270,3.5,3.32
313,1344,4.0,4.13
464,8984,4.5,3.15
122,69784,4.5,3.5
65,109487,4.5,3.83
137,3471,3.0,3.97
249,95167,4.0,4.08
150,5,3.0,3.0
380,3421,5.0,4.0
495,89492,5.0,4.07
576,327,2.5,2.94
414,5009,4.0,3.08
477,3751,4.0,3.6
125,288,5.0,3.3
68,122904,4.0,4.59
21,102993,2.0,3.32
361,2167,2.0,3.55
50,164280,3.5,0.0
167,1385,2.0,3.0
520,1801,4.0,3.4
119,54286,4.5,3.76
372,1215,5.0,4.03
480,37741,4.5,4.19
103,37729,4.0,3.61
334,54881,3.5,3.94
310,2518,4.0,3.11
117,26,4.0,3.45
98,53464,2.5,2.48
448,3681,5.0,4.62
491,4018,4.0,3.17
50,318,3.5,4.51
517,2565,4.5,4.13
45,569,2.0,0.0
140,1580,3.0,3.68
96,733,4.0,3.73
274,1961,3.5,4.14
20,5171,2.0,3.07
357,2160,5.0,4.21
185,4016,4.0,3.78
372,249,4.0,3.67
347,47,3.0,3.99
292,3755,2.0,3.14
120,5,4.0,3.0
599,474,2.5,4.19
600,1393,3.5,3.71
195,4033,4.0,4.0
576,2826,4.5,2.88
294,2,3.0,3.5
103,1945,4.0,4.09
437,800,5.0,4.11
197,1209,5.0,3.87
199,3129,4.0,3.47
246,41569,3.0,3.39
525,45517,3.0,3.39
352,139385,5.0,3.91
365,103772,3.0,3.5
390,5618,4.5,4.07
17,2329,4.5,4.28
28,145,1.5,3.41
234,2568,3.0,3.27
65,116797,4.5,4.05
177,508,3.5,3.78
153,63082,1.5,3.95
105,146028,4.0,0.0
58,454,3.0,3.69
346,306,4.5,4.15
112,339,1.5,3.6
132,356,4.0,4.3
140,3168,4.0,3.93
187,431,4.5,3.82
330,1965,3.5,3.56
567,1260,4.0,3.75
111,8961,1.0,4.07
474,1197,4.5,4.51
368,2307,3.0,0.0
460,34405,5.0,4.06
307,34326,2.0,0.0
572,17,5.0,3.78
606,37731,3.5,3.94
298,102123,1.5,2.9
178,6539,2.5,3.84
475,60074,4.5,3.08
606,5628,2.5,4.03
469,1082,4.0,3.89
411,368,4.0,3.56
603,288,4.0,3.32
414,4068,2.0,3.21
217,3552,2.0,3.86
489,7318,3.0,3.35
469,2324,3.0,4.17
260,3911,3.0,3.71
19,3712,3.0,2.77
489,1246,4.0,4.28
177,8965,3.0,3.3
42,858,5.0,4.3
131,48516,3.5,4.3
469,552,2.0,3.48
477,2762,4.0,4.07
562,83134,4.0,3.56
140,609,3.0,3.65
288,2136,3.0,2.27
214,25,2.0,3.69
420,923,3.5,4.04
600,2162,3.5,2.55
74,1094,4.5,3.59
599,3070,3.0,3.28
540,8874,4.5,4.07
495,344,4.5,3.05
464,48516,4.0,4.34
220,377,3.5,3.67
42,2110,4.0,3.31
212,55247,3.5,3.99
307,3705,2.5,2.34
414,1080,5.0,4.15
292,130576,2.0,2.81
599,720,4.5,4.43
555,2642,3.0,2.42
287,3033,4.0,3.41
480,736,2.5,3.57
212,4027,3.5,3.78
305,8014,4.0,4.43
50,94677,2.0,4.04
483,33493,3.0,3.75
452,2533,5.0,2.92
11,1918,4.0,2.81
305,4232,3.0,3.14
201,1259,4.0,3.97
525,34150,1.0,2.82
448,45186,2.5,3.93
317,593,5.0,4.29
586,54001,4.5,3.87
265,1945,4.0,4.02
426,50872,3.0,3.98
156,1213,4.0,4.4
125,159415,4.0,0.0
49,79091,4.0,3.73
396,1276,5.0,4.27
497,858,4.0,4.36
570,49272,4.0,4.09
233,68157,3.5,4.14
272,3147,4.5,4.13
580,589,4.0,4.18
116,480,4.0,3.79
555,3591,3.0,2.67
370,5989,3.5,4.02
380,2334,2.0,3.06
608,5502,4.0,3.28
13,4011,5.0,4.11
599,3007,3.5,0.0
429,381,4.0,3.9
509,72701,3.5,2.85
414,1059,4.0,4.05
568,480,3.0,3.73
546,2455,3.0,3.44
533,103688,5.0,4.11
274,30883,1.5,0.0
103,7367,3.5,2.38
381,1704,4.5,4.27
564,44193,3.0,3.9
64,198,3.0,3.34
97,1193,4.0,4.18
325,30,4.0,0.0
414,53972,3.5,4.26
600,778,3.5,4.26
599,1663,2.5,4.26
132,1345,3.0,3.36
587,590,5.0,3.83
160,3877,2.0,2.7
51,6786,3.0,4.47
217,2152,2.0,0.0
274,4344,3.5,3.28
249,106100,5.0,4.42
265,2968,3.0,3.98
391,4334,5.0,4.46
368,3768,1.0,0.0
51,3,4.0,3.28
219,34405,4.0,4.06
572,1272,5.0,4.29
577,593,4.0,4.27
307,4002,2.5,3.93
7,480,5.0,3.8
367,3623,4.0,2.71
15,527,5.0,4.29
58,223,3.0,3.94
570,778,4.0,4.18
275,6122,5.0,0.0
109,593,4.0,4.21
309,1198,4.0,4.28
198,1639,2.0,3.67
249,103980,4.5,0.0
91,344,3.0,3.05
132,5225,3.0,3.96
334,2959,3.5,4.3
225,2248,4.0,3.83
414,5346,1.0,0.0
226,8917,2.0,3.89
249,20,3.5,2.62
290,2565,4.0,4.14
111,2571,0.5,4.38
410,3088,4.0,3.85
331,6541,2.0,2.76
232,53322,3.5,3.89
6,43,4.0,2.68
169,3755,4.0,3.14
432,81417,4.0,3.99
599,8910,2.5,3.64
469,1356,3.0,4.02
414,6574,1.0,0.0
474,3264,3.5,2.76
610,115727,5.0,0.0
359,2396,3.0,3.82
187,145,1.0,3.37
514,260,5.0,4.29
548,1621,4.5,0.0
517,80969,4.0,0.0
19,3622,3.0,0.0
209,140956,3.5,0.0
298,60293,3.0,0.0
386,165,2.0,3.7
359,1544,3.0,2.76
28,481,3.0,3.29
596,115617,4.0,4.18
1,2353,5.0,3.57
27,367,4.0,3.3
219,2078,3.5,3.9
125,108727,4.0,0.0
220,69526,3.0,2.4
123,2329,4.5,4.24
522,79008,4.5,0.0
599,4200,2.0,0.0
318,56145,3.0,2.62
268,2324,2.0,4.12
385,282,3.0,3.44
478,33794,4.5,3.8
300,7361,5.0,4.24
140,1213,3.0,4.49
298,106489,3.5,3.32
282,2375,5.0,2.92
414,87304,4.0,0.0
217,410,3.0,3.31
603,345,3.0,3.87
125,168252,3.5,4.6
299,1198,4.0,4.25
221,1321,4.0,3.39
21,79592,3.5,3.35
294,2477,2.0,4.39
279,4886,3.0,3.97
514,592,2.5,3.57
599,2803,2.0,2.97
122,7022,4.0,3.94
600,1348,2.5,3.71
80,6874,4.5,3.9
288,2456,1.0,2.77
218,1250,4.0,4.02
414,5992,3.5,3.84
564,71535,3.5,3.86
246,65261,5.0,4.11
460,3114,4.0,3.86
99,293,5.0,4.05
603,3623,3.0,2.71
3,1263,0.5,3.93
275,2134,3.0,3.16
201,2336,4.0,3.85
368,3810,3.0,0.0
99,318,5.0,4.49
91,750,5.0,4.41
288,1290,2.0,3.71
608,2490,5.0,3.31
356,2797,4.0,3.82
18,48516,4.5,4.52
288,4443,3.0,0.0
105,541,4.0,4.15
18,2692,3.0,4.08
28,2716,1.5,3.88
288,2035,3.0,3.96
180,2959,4.5,4.27
448,3114,5.0,4.15
177,5419,2.5,3.0
562,7340,4.0,2.55
523,127052,4.0,0.0
414,103048,4.0,0.0
58,32,5.0,4.0
567,26717,0.5,0.0
483,95875,3.0,3.43
219,61246,2.0,0.0
490,35836,3.0,3.63
417,5952,5.0,4.04
414,40826,2.5,3.15
110,3268,3.0,1.73
381,3826,2.0,2.43
11,2028,5.0,4.13
326,5446,4.5,3.23
428,4886,2.0,3.97
546,158,2.0,2.91
216,2144,3.0,3.75
167,3671,3.5,3.93
472,3298,4.0,3.82
480,1690,2.0,3.12
418,116797,4.5,4.08
438,6888,1.5,2.15
57,1784,4.0,3.93
105,170705,5.0,4.2
95,6979,4.0,3.25
62,46723,3.0,3.59
140,848,4.0,3.05
580,45499,4.5,3.52
113,1043,2.0,2.5
559,6,5.0,3.98
199,377,2.0,3.67
248,122904,4.5,3.94
606,969,4.0,4.2
414,1094,3.0,3.62
482,2174,4.0,3.48
509,2657,3.5,3.4
7,4963,4.0,4.01
305,122926,4.0,4.33
586,6156,4.0,3.26
199,3671,4.5,3.94
305,1199,4.0,4.33
325,293,3.0,4.11
305,25,3.0,3.86
474,8266,2.5,0.0
91,3000,4.0,4.13
527,5040,4.0,3.04
428,6880,1.0,1.76
580,2012,3.0,3.61
57,1036,4.0,3.96
567,94959,3.5,4.13
305,103339,4.0,2.9
414,3916,4.0,4.06
105,1281,5.0,4.03
198,36,5.0,3.86
233,159817,4.0,4.38
219,60684,4.5,4.03
387,8290,1.0,0.0
19,1257,3.0,3.79
68,5266,2.0,3.27
332,85510,3.5,3.07
448,79259,2.5,0.0
534,45431,3.5,3.93
480,4018,1.5,3.34
371,56715,5.0,4.0
186,2688,4.0,2.92
387,55820,4.5,4.11
103,4306,3.5,4.0
387,969,3.0,4.22
451,141,4.0,3.52
368,3430,3.0,3.51
365,4896,2.5,3.85
182,1222,5.0,4.38
112,68954,4.0,4.07
64,2369,3.0,2.66
553,555,3.5,3.83
597,2040,4.0,2.64
219,1079,2.5,4.18
448,99106,2.5,0.0
560,45722,3.5,3.6
427,1527,3.0,3.7
491,4246,3.5,3.68
542,4369,0.5,3.2
599,2359,2.5,3.44
19,1196,4.0,4.34
182,6620,4.0,4.15
240,761,3.0,2.9
177,70159,2.5,0.0
362,1945,4.5,4.05
567,364,2.5,3.99
91,555,3.5,3.99
573,4388,4.0,2.71
202,3725,3.0,0.0
225,1219,3.0,3.99
599,97950,2.5,0.0
220,2450,0.5,2.78
100,235,1.0,3.65
68,8910,1.0,3.65
113,2671,2.0,3.41
599,82167,2.5,3.6
318,117364,4.0,0.0
522,49272,5.0,4.12
8,377,4.0,3.57
438,223,3.5,3.98
68,3160,2.0,3.66
603,156,2.0,0.0
211,89864,3.5,3.64
177,7263,3.0,3.4
212,109374,4.0,3.96
317,112556,3.0,3.76
405,1247,4.0,4.04
109,47,3.0,4.01
368,832,3.0,3.38
6,22,5.0,3.22
140,362,4.0,3.86
68,337,3.5,4.12
73,33836,3.0,2.29
393,54259,5.0,3.57
140,4234,3.0,3.34
571,2548,2.0,0.0
339,84152,4.0,4.18
117,778,3.0,4.11
103,134881,5.0,0.0
119,4344,4.0,3.1
573,112852,4.5,4.29
219,3785,2.0,3.05
28,55820,4.5,4.06
156,2752,3.0,2.92
233,59315,3.0,3.94
584,208,4.0,3.03
253,44633,4.5,0.0
182,1729,4.0,3.93
73,64957,3.5,3.84
471,78499,4.5,4.34
264,595,4.0,3.85
474,933,3.5,4.5
387,6874,4.0,3.94
411,427,1.0,1.86
288,2846,3.0,3.94
603,3160,4.0,3.66
599,26662,2.0,4.52
474,25769,4.5,0.0
370,1210,2.0,4.2
354,1035,4.0,4.1
560,1288,4.0,4.1
558,5420,5.0,2.87
584,165,5.0,3.76
7,3354,1.5,2.91
474,2670,3.0,4.32
560,62849,3.5,3.9
529,32,5.0,3.97
560,92694,4.0,0.0
418,88129,4.5,3.59
518,1276,4.5,4.27
447,445,4.0,2.57
352,93510,2.0,4.02
221,296,5.0,4.35
419,2028,5.0,4.17
141,6373,3.0,3.3
448,2142,3.0,2.55
423,480,5.0,3.74
191,1,4.0,3.92
141,2700,3.0,3.99
140,39292,3.5,3.67
433,79132,3.0,4.1
603,1279,4.0,4.19
469,2762,5.0,4.03
307,39183,3.5,3.64
1,1278,5.0,4.04
414,464,2.0,2.82
117,1027,3.0,2.99
608,2124,3.0,3.63
298,6503,1.0,2.67
208,2617,3.0,3.1
387,3334,4.0,4.34
436,420,3.0,2.9
305,64620,3.5,4.09
301,1672,4.0,3.4
599,6793,1.0,2.44
199,3063,2.0,2.96
198,2340,1.0,3.28
523,594,4.0,3.62
54,17,3.0,3.71
330,778,4.0,4.22
599,256,2.0,3.23
600,1240,3.0,4.0
18,3751,3.5,3.64
23,296,3.5,4.28
125,147142,3.0,0.0
274,2986,3.5,2.8
387,7438,4.0,4.05
298,96737,3.0,4.31
8,252,3.0,3.57
305,1234,5.0,4.17
174,349,4.0,3.77
571,1387,5.0,4.13
222,370,3.0,3.18
509,64957,2.5,3.95
219,4643,2.5,2.92
573,1225,4.5,4.28
480,4158,3.0,1.94
587,2738,4.0,0.0
597,2474,4.0,3.56
73,88140,4.5,3.69
263,2724,3.0,2.69
481,1672,2.0,3.38
62,139385,4.0,3.99
491,49286,4.5,2.99
606,4392,3.0,0.0
254,2840,3.5,2.99
428,8861,3.0,3.32
474,3258,2.5,3.6
288,3095,4.0,3.82
249,2353,4.5,3.77
462,111,5.0,4.35
606,6100,4.0,0.0
353,145,3.0,3.37
28,58803,3.0,3.84
140,648,4.0,3.74
395,316,3.0,3.34
480,5955,3.0,4.04
368,1995,2.0,1.32
474,2206,4.5,0.0
68,1476,3.0,3.82
595,1912,5.0,3.87
448,2124,3.0,3.82
18,80489,4.0,3.97
604,595,3.0,3.85
414,5524,3.0,3.43
141,1732,4.0,3.92
356,2353,3.0,3.57
331,7361,4.0,4.3
111,1907,3.5,3.76
64,1552,2.0,3.27
242,292,3.0,3.38
36,4025,2.0,3.1
424,318,3.5,4.52
66,4027,4.0,3.85
551,260,3.5,4.27
555,3448,5.0,3.86
489,736,2.5,3.57
414,1210,5.0,4.64
159,56367,5.0,3.82
599,104,2.5,3.72
84,105,3.0,3.24
176,780,4.0,3.5
17,58559,4.5,4.27
555,2091,3.0,0.0
379,527,3.0,4.24
160,198,5.0,3.35
387,5902,3.5,4.13
553,6378,4.5,3.74
558,555,3.0,3.79
217,2278,2.0,3.81
181,590,3.0,3.84
480,7147,4.5,4.08
414,1247,5.0,4.36
334,377,3.0,3.6
307,455,0.5,2.8
105,111360,3.5,2.89
249,7022,4.0,4.15
476,73,4.0,3.41
6,19,2.0,2.89
220,3751,3.5,3.56
414,2081,4.0,3.85
517,88125,3.5,3.82
395,110,4.0,4.02
42,2805,4.0,2.98
334,34405,4.0,4.06
469,3210,3.0,3.6
155,1302,3.0,3.64
480,1625,2.0,3.93
217,2384,4.0,2.78
572,2987,2.0,3.69
483,59784,4.0,3.73
368,858,5.0,4.37
481,1615,3.0,3.15
187,27846,4.0,4.06
298,84772,0.5,3.51
346,7179,2.5,0.0
425,33166,3.5,4.07
249,2117,3.5,3.94
610,54648,1.5,3.33
249,104211,3.5,4.53
534,112818,3.5,3.95
39,592,4.0,3.55
217,1882,2.0,2.07
325,3918,4.0,3.02
109,383,3.0,3.19
325,2155,4.0,3.4
57,1270,4.0,4.14
395,500,3.0,3.47
89,7297,3.5,0.0
38,435,2.0,2.43
70,72011,4.5,3.56
94,17,1.0,3.71
460,68954,4.5,4.09
6,218,2.0,3.53
567,112290,0.5,4.02
367,3793,5.0,3.69
276,135,4.0,3.02
448,3263,4.0,3.27
477,3720,4.0,0.0
379,597,3.0,3.53
25,60069,5.0,4.09
241,68157,4.5,4.1
111,8807,4.5,3.89
105,2360,4.0,4.74
562,1625,4.5,3.76
453,4014,5.0,3.71
193,307,3.5,3.89
20,783,3.5,3.45
483,1923,4.5,3.88
469,3006,3.0,3.81
122,1345,4.5,3.41
279,105504,3.0,4.23
448,148592,3.0,0.0
232,71057,3.5,3.85
64,4448,3.5,3.5
560,78772,0.5,2.62
410,1207,4.0,4.18
448,1244,4.0,4.08
89,8814,2.5,1.73
274,53125,3.5,3.86
249,37380,3.0,2.71
219,2617,3.0,3.18
380,5459,4.0,3.32
483,3257,2.5,3.06
581,6377,4.5,4.02
104,3675,3.5,4.32
437,168,2.0,3.03
79,3197,4.0,2.77
488,1957,3.0,4.3
182,1208,5.0,4.42
28,6157,1.5,2.72
68,72998,5.0,4.07
292,3564,2.0,1.73
380,1676,5.0,3.6
256,118696,3.5,3.59
232,43836,1.5,3.22
50,899,4.0,4.05
64,2746,4.0,3.42
368,2455,3.0,3.52
477,1089,4.0,4.4
307,2806,0.5,2.17
287,8937,4.0,3.41
298,7153,4.0,4.34
480,1962,5.0,3.85
350,608,3.0,4.13
63,53000,2.0,3.79
381,1036,2.0,3.98
420,4886,3.0,3.94
199,6378,3.5,3.8
343,2858,4.0,4.07
419,2710,4.0,2.89
414,7981,3.5,4.62
610,27032,4.0,0.0
474,3099,2.5,3.88
289,266,3.5,3.31
593,45722,1.0,3.55
580,3176,4.0,3.46
597,1086,5.0,4.13
271,1120,4.0,3.6
356,65126,3.0,0.0
177,104841,3.0,4.09
274,2723,3.5,3.23
84,1266,4.0,4.19
414,56908,4.0,0.0
352,2966,4.0,4.06
474,1379,2.0,3.4
608,2762,4.5,4.13
307,2907,2.0,4.0
275,3134,2.0,4.18
105,76093,5.0,4.14
509,35836,1.5,3.68
195,1358,4.0,4.1
249,30793,3.5,3.34
212,174909,4.5,0.0
567,152077,3.0,3.9
286,1061,5.0,3.55
1,596,5.0,3.53
448,134368,3.0,3.97
599,4254,0.5,2.47
38,508,3.0,3.67
387,50800,2.0,0.0
288,5388,4.0,3.51
382,135436,3.5,2.92
474,7158,4.5,3.76
156,2917,4.0,3.74
414,60069,4.5,4.43
37,231,5.0,3.06
523,5971,5.0,3.97
84,1395,3.0,3.26
596,135536,3.0,2.91
592,93,3.0,3.17
181,435,2.0,2.46
19,1391,3.0,3.24
108,4973,5.0,4.3
339,8464,4.5,3.64
232,8958,4.0,3.95
6,1006,4.0,0.0
555,1094,4.0,3.55
484,6874,4.5,3.9
462,2146,0.5,3.29
414,54736,3.5,3.99
414,68954,4.0,4.73
89,6863,1.5,3.5
198,2692,4.0,4.0
18,4262,4.0,4.01
555,1249,5.0,4.1
380,94405,3.0,0.0
455,151,3.0,3.53
186,3977,4.0,2.74
274,46965,3.0,2.63
198,2706,4.0,3.41
347,110,3.0,4.02
602,431,3.0,3.8
555,1297,3.0,3.82
234,648,4.0,3.66
474,216,1.0,3.58
583,60756,3.0,3.54
391,904,5.0,4.39
474,1030,2.0,2.8
182,901,3.5,3.88
380,3499,5.0,4.2
212,3967,3.5,3.84
610,1274,5.0,3.63
489,3633,1.5,3.4
45,4306,5.0,4.02
160,2531,1.0,3.27
391,5152,1.0,3.32
103,34,4.0,3.7
202,1276,4.0,4.37
474,38886,4.0,3.59
450,3568,4.0,0.0
113,932,5.0,3.43
387,29,3.5,4.17
111,59725,2.5,2.8
81,318,3.0,4.5
47,1088,4.0,3.5
599,26629,2.0,2.22
480,7360,1.0,4.28
368,3063,2.0,3.01
61,3949,4.5,3.86
6,292,4.0,3.54
139,5481,1.0,2.91
288,1873,3.0,4.18
414,166024,4.5,0.0
469,2716,4.0,3.88
489,2803,3.0,3.03
597,919,4.0,4.01
197,2793,3.0,1.98
581,318,5.0,4.51
309,7153,4.5,4.14
263,1639,4.0,3.68
552,3593,1.0,1.58
453,1921,4.0,4.11
387,2183,4.0,3.83
591,3238,1.0,1.72
423,1304,4.0,3.91
479,533,2.0,3.21
274,7894,3.5,3.76
564,108156,4.0,3.09
489,141,3.5,3.59
483,66097,4.5,4.02
608,4226,4.5,4.29
354,33679,3.5,3.46
307,2052,3.0,2.98
18,88129,3.0,3.81
372,628,4.0,3.62
480,3717,3.0,3.54
182,2691,4.5,3.53
414,1957,3.0,3.98
177,5957,4.0,3.57
251,1089,5.0,4.25
414,4994,4.0,4.56
480,3977,1.5,2.97
534,1676,4.0,3.52
420,3159,4.0,3.72
1,2115,5.0,3.75
590,594,5.0,3.7
448,260,5.0,4.42
489,33794,3.5,4.0
356,3186,4.0,3.58
482,3273,3.5,2.46
132,1732,2.5,3.95
555,2391,3.0,3.72
608,6595,4.0,3.21
316,8622,3.0,3.63
249,1320,3.0,3.39
135,466,3.0,3.03
263,6708,3.0,3.74
111,5528,3.0,3.83
604,188,3.0,3.54
47,590,3.5,3.81
368,1479,3.0,3.4
600,5952,5.0,4.16
68,2054,1.0,3.01
182,4720,4.5,3.88
414,51935,3.5,3.96
587,1614,4.0,2.87
482,6810,1.0,0.0
474,45722,3.5,3.58
42,785,3.0,3.66
567,78499,2.0,4.37
608,1653,5.0,4.2
356,38886,4.0,3.37
474,3816,4.0,0.0
328,8665,3.5,3.95
266,2384,1.0,2.76
514,1327,2.0,2.76
307,413,2.5,2.91
599,3830,2.5,0.0
187,4993,4.5,4.23
380,85796,3.0,1.8
480,485,2.0,3.36
221,912,5.0,4.41
600,2683,2.5,3.26
585,3246,4.0,4.26
49,109487,4.5,3.84
599,27032,3.0,0.0
603,3819,4.0,3.99
525,70862,3.0,0.0
28,1136,3.5,4.34
414,53125,2.0,3.96
571,2553,2.0,3.01
305,122916,4.5,4.12
419,6502,3.5,4.07
412,2396,5.0,3.84
554,2995,1.0,2.77
390,308,5.0,3.7
580,2686,3.5,4.15
182,1090,5.0,4.02
599,7143,4.0,4.15
274,2501,2.5,4.17
370,5378,1.0,3.34
381,8622,4.0,3.86
318,64614,4.0,4.29
182,3925,5.0,3.78
50,78499,2.0,4.39
590,3034,3.5,3.77
502,1777,0.5,3.52
473,2300,2.5,3.89
318,77455,4.5,4.21
288,380,3.0,3.84
489,4054,1.0,3.35
135,260,4.0,4.31
428,4022,2.0,3.78
414,60684,3.5,4.29
221,2987,3.5,3.73
452,1197,5.0,4.31
596,2424,2.5,3.33
21,45447,3.5,3.39
592,595,5.0,3.86
608,2140,3.0,3.68
160,1034,1.0,3.82
288,42418,4.0,2.7
298,27156,4.0,4.65
222,1917,2.5,2.99
68,223,1.0,4.06
99,420,2.0,2.88
386,333,3.0,3.71
372,428,3.0,3.92
567,157296,1.5,3.68
256,4344,4.0,3.04
298,741,3.5,4.12
276,780,5.0,3.49
89,915,2.0,3.98
380,585,2.0,2.88
599,203,2.5,3.86
474,8521,3.5,0.0
143,7173,1.0,3.18
231,1198,4.0,4.27
202,1249,4.0,4.13
489,8961,3.5,3.99
96,1610,4.0,3.83
517,7361,1.5,4.25
318,103384,3.5,3.42
18,1276,4.0,4.34
160,2340,1.0,3.23
474,34271,3.5,4.0
200,1028,3.0,3.87
448,3039,4.0,4.29
50,100498,1.0,2.22
292,59369,3.5,3.78
522,1214,5.0,4.01
274,8836,4.0,0.0
111,1197,3.5,4.48
89,107951,5.0,0.0
509,2700,3.5,4.01
111,6287,3.5,3.22
226,8984,2.5,3.17
274,2700,4.0,4.22
314,31,3.0,3.25
555,2405,3.0,3.2
512,300,4.0,3.43
599,2474,3.0,3.69
89,164707,4.0,0.0
199,1136,5.0,4.33
383,2436,5.0,4.38
281,428,3.5,3.85
275,5218,2.0,3.82
53,1298,5.0,3.92
339,4369,3.0,3.27
599,1465,2.0,0.0
577,1019,4.0,3.52
599,4103,3.0,4.3
599,1197,3.5,4.51
18,67255,4.5,4.17
301,4995,4.5,4.06
182,2720,0.5,2.12
151,1432,4.0,1.83
448,106839,3.5,0.0
551,8368,4.0,3.87
357,79008,4.0,0.0
181,349,4.0,3.76
352,41569,3.5,3.36
414,40815,3.5,4.0
500,543,4.0,3.33
448,79242,3.0,2.19
294,348,2.0,3.71
368,2527,3.0,3.56
290,3634,4.0,0.0
275,2330,5.0,0.0
525,40629,4.5,3.67
610,6503,1.5,2.76
177,2316,4.5,3.38
222,6763,2.0,2.29
160,5219,2.0,3.22
41,30812,4.0,3.57
382,69844,4.5,3.99
209,5952,5.0,4.03
442,3363,1.5,3.91
198,1198,4.0,4.32
211,33166,5.0,4.01
219,6618,3.5,4.16
352,3354,3.5,2.84
27,3751,3.0,3.54
298,62434,1.5,3.61
310,1223,5.0,4.24
451,25,5.0,3.71
514,440,4.0,3.67
555,2411,3.0,2.95
226,5445,3.0,3.8
149,172,3.0,2.63
184,175485,1.5,1.89
68,3471,1.5,4.14
331,318,5.0,4.52
567,139385,3.0,3.87
517,1961,3.5,3.97
179,1061,4.0,3.55
39,3328,5.0,4.13
328,4223,2.5,3.73
488,838,5.0,3.77
387,33896,3.5,3.58
313,2530,5.0,2.7
522,2997,4.5,4.06
357,1393,4.5,3.67
608,2052,1.0,2.96
489,2253,3.0,2.34
610,7369,2.5,1.78
288,1674,4.0,3.82
221,162,4.5,4.1
329,318,2.0,4.5
585,55765,5.0,3.92
380,5952,5.0,4.42
213,912,3.5,4.33
400,1197,4.5,4.29
72,2136,2.5,2.25
69,3793,4.0,3.65
182,5388,3.0,3.52
12,4018,4.5,3.15
448,6377,3.5,4.36
365,86911,3.5,3.71
19,1489,2.0,0.0
600,225,2.0,3.53
610,4721,1.0,0.0
292,3745,3.0,3.42
490,6539,3.0,3.85
489,248,3.5,3.1
330,48738,5.0,3.85
332,46578,4.0,3.92
154,98243,5.0,3.79
200,165,4.0,3.85
288,3244,3.0,3.87
489,1801,3.0,3.46
36,3798,3.0,3.22
6,225,4.0,3.65
608,5945,3.0,3.65
1,2529,5.0,3.84
357,5669,2.5,3.95
325,1238,4.0,4.2
559,420,3.0,2.91
249,92008,3.0,0.0
222,68157,4.5,4.2
265,1356,4.0,3.98
606,7438,4.5,4.02
557,344,4.0,3.01
105,2028,5.0,4.34
298,4020,1.0,3.48
274,7004,3.5,2.97
469,903,5.0,4.16
140,1704,4.0,4.3
474,4929,2.0,2.42
448,3450,4.0,3.62
279,5418,3.5,3.88
448,53125,2.0,3.91
560,5613,4.0,3.84
274,78266,3.5,3.79
429,222,4.0,3.65
590,55820,4.0,4.05
380,3037,4.5,4.04
401,78499,3.5,4.36
474,1042,4.5,3.84
552,5464,3.0,3.6
542,8958,5.0,3.73
579,2018,3.0,3.31
489,784,0.5,3.12
249,7007,4.0,3.41
310,6947,4.0,3.56
509,26662,3.5,4.22
365,60756,3.5,3.58
517,82459,1.0,3.97
358,2144,3.0,3.69
414,2320,2.5,3.29
105,2076,4.0,4.21
572,2433,3.0,3.38
387,6662,4.0,3.77
270,637,2.0,3.41
608,1059,3.0,3.85
543,1580,5.0,3.57
600,2325,3.5,3.75
339,69406,4.0,3.63
448,3386,3.0,3.08
19,13,3.0,3.39
275,3910,5.0,3.75
210,56174,2.5,3.5
161,2080,3.5,3.49
561,106002,2.5,3.61
380,2353,3.0,3.9
110,5459,2.5,2.86
93,329,5.0,3.45
318,1120,3.5,3.75
111,104644,0.5,0.0
286,377,4.0,3.61
373,367,1.0,3.28
359,2942,3.5,2.89
514,1302,5.0,3.79
553,2959,5.0,4.33
491,7451,4.0,3.65
140,1196,3.0,4.32
105,2571,4.0,4.42
477,6794,0.5,1.44
482,8961,5.0,3.83
104,55052,4.0,3.27
453,2712,3.0,3.42
484,4759,4.0,0.0
238,2067,5.0,4.03
317,88129,4.0,3.65
111,1805,3.0,2.93
380,1388,4.0,2.35
561,79132,3.5,4.36
577,2076,3.0,4.05
244,1270,5.0,4.03
18,1212,4.5,4.2
62,50804,5.0,0.0
509,87529,3.0,3.65
279,110501,3.0,3.93
534,69278,3.5,2.81
307,1089,4.0,4.44
600,1217,4.0,4.55
15,112556,4.5,3.67
248,135133,3.5,3.54
387,2259,2.5,4.0
12,3967,4.5,3.79
183,1582,3.0,0.0
10,92259,5.0,4.12
414,1479,3.0,3.94
365,56174,3.5,3.49
546,2792,3.0,2.92
20,5618,5.0,4.08
233,5952,4.0,4.06
263,30812,4.0,3.53
288,1748,4.0,3.8
414,49272,4.0,4.63
305,54259,4.0,3.83
232,8937,3.5,3.97
288,595,4.0,3.99
287,6552,2.5,3.64
475,111362,4.5,3.91
249,72011,4.0,4.05
506,80549,4.0,3.79
62,27831,4.5,3.88
603,4589,1.0,0.0
414,7364,4.0,0.0
73,6936,5.0,3.72
298,134170,4.0,3.71
199,111,3.0,4.31
382,81847,4.5,4.01
339,760,4.5,0.0
511,139385,5.0,3.8
266,1374,3.0,3.73
68,1625,2.0,4.06
56,480,5.0,3.75
223,4226,4.0,4.12
249,2717,3.5,3.17
343,3000,3.0,4.06
401,5218,3.5,3.76
474,40946,2.5,0.0
606,53127,3.5,2.61
409,1952,5.0,3.65
91,3785,4.5,3.07
106,85414,3.0,3.66
608,1291,4.0,4.33
156,1965,4.0,3.62
489,590,4.0,3.93
448,952,4.5,3.62
587,1371,4.0,3.08
129,2571,4.5,4.25
105,7458,3.5,3.58
306,53322,3.0,3.72
288,919,3.5,4.0
226,5464,4.0,3.72
127,68954,0.5,4.02
329,1206,0.5,4.16
239,318,5.0,4.59
45,5630,5.0,3.59
18,7438,3.5,4.06
143,106696,4.0,3.54
179,3,4.0,3.19
474,25937,3.5,0.0
492,788,5.0,2.79
597,2145,4.0,3.2
499,38304,4.5,4.67
232,4990,3.0,3.22
523,102407,5.0,3.39
593,41,4.0,3.58
246,4956,5.0,0.0
448,91126,3.5,3.52
14,288,4.0,3.28
274,3916,3.5,3.99
18,55276,4.0,4.18
610,112,4.0,3.61
561,2403,4.5,3.74
91,3578,3.5,4.23
365,86644,1.0,3.76
111,3821,1.5,2.54
605,2622,3.0,3.37
100,4041,5.0,3.35
381,5971,4.0,4.05
586,3448,4.0,3.69
50,105250,3.5,0.0
274,332,2.5,2.71
610,83613,3.0,3.53
226,362,3.5,3.85
599,96004,4.5,0.0
101,2541,3.0,3.23
406,46972,4.0,3.25
414,61406,4.0,0.0
242,236,3.0,3.46
33,1923,5.0,3.74
160,1127,2.0,3.53
249,6593,3.5,3.25
448,118702,2.5,0.0
59,913,5.0,4.16
480,110,5.0,4.33
589,780,5.0,3.47
352,34319,3.0,3.53
572,21,5.0,3.53
474,616,3.5,3.57
28,30812,3.0,3.66
112,253,4.5,3.56
182,1262,4.5,4.29
289,1208,4.0,4.19
380,47124,3.0,0.0
474,249,4.0,3.78
534,76293,4.0,3.39
204,68157,5.0,4.13
274,3253,3.5,3.74
562,1921,3.5,4.08
322,47629,4.0,3.93
89,141646,3.5,0.0
603,2972,5.0,0.0
462,4973,1.5,4.38
17,5782,4.0,3.9
419,1412,3.5,0.0
387,2529,4.0,3.92
171,47,5.0,4.02
219,1702,1.5,3.21
599,2311,2.5,3.95
562,1214,4.5,4.03
160,1981,1.0,0.0
140,866,4.0,4.05
249,5349,4.0,3.91
599,3702,3.5,4.15
560,2012,2.5,3.61
414,2598,2.0,3.19
387,27317,3.5,4.05
68,4041,2.5,3.37
313,163,3.0,3.68
288,539,3.0,3.61
606,308,4.0,4.08
274,27773,3.5,4.32
1,1927,5.0,4.42
292,377,3.5,3.71
474,30707,4.0,3.99
594,4517,0.5,0.0
297,2952,4.0,3.51
606,1963,4.5,3.54
298,8368,3.0,3.9
365,3421,3.0,3.84
275,2324,5.0,4.18
560,27904,3.0,3.82
20,1566,4.5,3.52
221,456,4.5,3.71
599,1994,2.5,3.66
50,969,3.5,4.08
219,6157,1.5,2.68
554,2324,5.0,4.11
42,3617,4.0,3.08
404,208,4.0,2.99
68,5312,2.5,3.13
448,3253,4.5,3.78
606,1079,4.0,4.3
330,344,0.5,3.03
241,115569,4.5,4.17
600,596,2.5,3.6
610,55830,3.5,3.68
107,266,4.0,3.34
593,364,3.5,3.97
325,3328,4.0,4.14
332,1200,4.0,4.06
368,3555,3.0,3.43
89,124404,5.0,0.0
402,762,3.0,2.5
140,4027,2.0,3.84
227,116797,4.5,4.09
119,68319,4.0,2.99
573,293,5.0,4.15
599,59387,3.0,3.98
599,54881,3.0,3.96
260,2413,4.5,3.35
477,4370,3.5,3.45
425,4967,4.0,4.29
219,1429,3.0,3.7
382,46865,1.0,0.0
239,44665,5.0,3.78
239,33794,4.5,3.95
352,107406,4.5,3.42
608,1862,2.5,2.37
524,153,3.0,2.97
469,2550,5.0,4.3
64,2916,3.0,3.87
249,104374,4.5,4.43
132,6874,4.5,3.96
74,3006,4.0,3.77
381,8972,3.5,3.48
59,2160,5.0,4.13
424,2502,4.5,4.17
563,56941,3.0,2.85
68,2423,4.0,3.78
317,1247,5.0,4.09
534,59784,4.0,3.78
438,6534,3.0,2.83
279,1676,3.0,3.48
200,1029,3.5,3.55
599,47725,3.0,3.45
362,56145,4.5,2.47
474,748,3.5,3.28
472,318,5.0,4.5
580,4370,3.0,3.43
445,541,4.0,4.11
111,45672,3.0,3.2
594,3616,4.5,3.37
271,5508,4.0,3.6
77,5378,5.0,3.34
427,5378,3.5,3.35
555,2007,5.0,0.0
373,480,4.0,3.75
474,4874,2.5,3.83
570,3481,3.5,3.68
385,594,3.0,3.66
264,2571,4.5,4.2
216,1288,5.0,4.09
325,4956,5.0,0.0
480,3996,4.0,4.06
580,34,2.5,3.69
574,47,5.0,3.98
563,2052,4.0,2.77
66,1201,5.0,4.36
104,733,3.0,3.72
298,97306,3.0,3.71
282,1213,4.5,4.38
483,5541,3.5,3.38
479,2701,1.0,2.37
274,31878,3.0,3.98
590,6987,3.5,4.33
267,4011,5.0,4.13
22,31658,2.5,4.2
387,1529,2.5,0.0
593,5378,1.5,3.36
432,48516,2.5,4.39
219,44761,4.5,3.71
154,73321,2.5,3.63
288,7254,3.5,3.78
165,5485,3.0,0.0
199,1797,3.0,4.2
232,67267,4.0,3.74
7,2701,1.5,2.37
380,2498,3.0,1.65
275,3361,3.0,3.94
90,1144,4.0,0.0
190,318,4.0,4.51
312,3702,4.0,3.79
155,2384,2.0,2.75
580,7001,2.5,4.23
447,474,5.0,3.86
200,7361,4.5,4.32
600,6003,3.0,3.48
352,117529,3.0,3.51
226,8360,4.0,3.66
607,3034,2.0,3.63
232,1911,3.0,2.9
587,2002,4.0,2.89
480,47644,3.5,3.09
328,1270,4.0,4.1
292,3916,4.0,3.76
19,2700,4.0,4.04
226,1884,3.5,3.92
405,4239,4.0,3.92
171,317,4.0,3.18
567,122920,2.5,3.86
469,2456,3.0,2.73
479,1320,3.0,3.19
483,1059,4.0,3.88
459,177765,5.0,3.35
430,3754,3.0,2.34
73,4447,3.5,3.18
287,532,2.5,3.08
288,3345,3.0,0.0
14,383,4.0,3.15
119,1732,4.0,3.91
10,82167,3.5,3.24
292,63859,4.0,3.57
307,4477,4.0,1.56
63,50,5.0,4.38
182,150,2.5,4.01
162,318,5.0,4.51
244,648,4.0,3.61
350,65,3.0,2.81
45,185,3.0,3.41
100,1277,4.0,3.7
89,149350,5.0,0.0
387,5255,1.5,2.98
166,1,5.0,4.03
448,132462,1.0,0.0
454,3949,4.0,3.85
448,3689,3.0,1.53
414,4448,4.0,3.6
387,6645,3.5,3.67
328,128360,3.0,3.88
599,3053,3.0,3.96
63,96079,3.5,3.86
339,4056,4.5,2.52
486,150,5.0,3.83
412,1073,1.0,3.93
308,44555,1.5,4.15
354,750,3.0,4.33
42,3450,5.0,3.44
606,4085,2.5,3.55
597,1231,5.0,3.85
460,51255,4.5,3.98
31,1099,2.0,0.0
414,46530,4.0,3.08
606,903,4.0,4.15
108,4992,4.0,2.99
232,49530,4.0,4.04
279,3753,3.0,3.48
277,95,3.0,2.93
232,1917,4.5,3.13
280,6377,4.5,4.11
317,293,5.0,4.11
210,296,0.5,4.23
495,35836,5.0,3.69
212,5971,4.0,4.03
91,7360,5.0,4.25
114,81834,3.0,4.08
502,520,5.0,3.0
525,750,3.5,4.44
322,1721,1.0,3.45
414,923,5.0,4.17
562,6975,3.5,4.08
380,7573,3.0,3.2
589,350,3.0,3.37
117,47,4.0,4.02
587,1270,5.0,4.06
489,59725,2.5,2.54
448,107,4.0,3.85
283,1210,4.0,4.17
477,2208,4.0,4.07
264,1028,5.0,3.77
452,2160,5.0,4.16
607,316,3.0,3.39
225,3264,3.0,2.49
602,597,2.0,3.57
288,1357,3.5,4.36
438,802,3.5,3.46
369,48082,3.5,3.87
104,6367,4.0,2.83
89,73015,1.5,3.73
542,5502,1.0,3.15
201,592,3.0,3.55
153,106920,4.0,3.89
586,117851,5.0,0.0
17,1358,3.0,4.13
88,5995,4.5,3.98
370,6874,4.0,3.92
187,6711,4.5,4.22
610,149011,3.5,0.0
309,1276,4.0,4.3
415,2291,4.0,3.69
438,8640,3.0,3.09
23,7932,3.0,0.0
43,349,3.0,3.8
201,2094,4.0,3.31
563,588,4.0,3.93
570,1265,4.0,4.06
608,5464,4.0,3.83
352,4025,3.0,3.17
599,4014,2.5,3.88
603,2875,3.0,3.58
391,3683,5.0,3.97
305,61024,3.0,4.05
89,3022,2.0,4.2
294,1731,1.0,2.07
15,111759,4.5,4.16
438,32,4.0,4.13
561,69526,1.0,2.44
555,2506,5.0,2.62
292,1097,4.5,3.91
294,2170,1.0,2.85
234,3274,5.0,3.25
153,180095,4.0,0.0
57,1291,4.0,4.2
232,34072,3.0,3.67
98,56775,4.0,2.92
325,3158,4.0,0.0
600,919,3.0,3.98
274,1089,4.5,4.49
294,2405,1.0,3.09
599,2232,2.0,3.59
61,2710,3.5,2.84
50,4928,4.0,0.0
298,4886,3.0,4.09
304,314,4.0,3.72
4,2019,2.0,4.19
42,195,3.0,3.07
452,1079,5.0,4.09
42,2568,4.0,3.31
434,1036,4.5,3.95
590,19,2.0,2.99
239,46976,4.5,3.65
307,539,2.0,3.63
274,590,4.0,3.97
19,2428,3.0,2.67
587,1376,4.0,3.51
6,524,3.0,3.64
474,1340,3.5,0.0
249,51086,3.5,3.19
514,26242,3.0,3.34
381,316,3.5,3.46
438,1036,4.0,3.99
466,46578,4.5,3.87
182,3006,3.0,3.92
523,95167,4.5,3.5
305,140956,4.5,0.0
132,8638,4.0,4.19
152,2329,5.0,4.25
288,1965,4.5,3.71
229,1,5.0,3.94
169,6709,3.0,3.45
362,2291,4.0,3.71
45,2006,5.0,3.23
590,1247,4.0,4.2
414,150548,4.0,3.88
590,912,5.0,4.49
527,1994,4.0,3.46
555,1994,4.0,3.51
177,8368,3.5,3.96
41,6539,3.0,3.88
111,170937,3.0,0.0
182,2528,2.5,3.56
387,2993,3.5,3.52
326,40819,5.0,3.71
178,44195,5.0,4.04
509,6093,2.5,0.0
438,30816,3.0,3.33
474,41527,4.0,0.0
432,72641,3.5,3.77
19,1346,2.0,3.34
125,79702,4.0,4.05
287,3948,2.0,3.49
47,101525,3.5,0.0
517,4306,4.0,3.94
593,1968,1.5,3.79
489,5791,3.0,3.95
304,2605,4.0,2.82
452,780,5.0,3.6
80,72998,4.0,3.73
188,904,5.0,4.29
292,1221,4.0,4.3
68,50685,4.5,3.67
376,2716,4.5,3.85
566,253,5.0,3.55
596,122882,5.0,3.9
599,70286,3.0,4.36
143,54503,1.0,3.97
256,88744,4.0,3.53
508,898,2.0,4.34
474,3994,4.5,3.78
177,106487,4.0,3.65
390,3174,4.0,3.4
561,59315,3.5,4.08
28,3681,3.5,4.34
76,52281,3.5,3.49
469,1237,4.0,4.27
328,1252,2.0,4.33
19,356,2.0,4.36
318,2674,3.0,0.0
206,800,5.0,4.08
474,3152,4.0,4.68
288,3483,2.0,3.13
381,4002,4.0,3.94
410,2133,4.0,3.46
84,4,3.0,2.59
105,91542,4.0,3.85
599,2383,0.5,0.0
86,95510,4.5,3.06
182,7254,4.0,3.83
365,1961,1.5,3.92
99,413,3.0,2.83
31,1200,3.0,3.95
387,2530,3.5,2.63
125,99007,4.5,3.21
266,785,4.0,3.55
368,2027,2.0,2.5
520,7036,5.0,2.8
122,1247,5.0,4.14
495,3979,3.0,2.78
217,1792,3.0,3.34
555,748,2.0,3.18
599,58306,2.5,0.0
232,33794,4.5,4.05
386,383,4.0,3.17
102,236,3.0,3.46
199,4848,3.0,3.91
156,587,3.0,3.5
586,135436,4.5,2.99
479,5651,3.0,0.0
517,277,5.0,3.43
151,1265,5.0,3.96
132,1125,3.0,3.66
305,5010,4.5,4.02
448,88140,3.0,4.1
127,1962,3.0,3.81
474,6984,4.0,0.0
380,5991,4.0,3.88
477,1945,4.0,4.06
318,64716,3.5,4.55
68,5582,4.0,2.78
464,593,5.0,4.27
153,2617,0.5,3.08
474,1946,3.5,0.0
82,5094,2.0,1.8
561,6947,4.0,3.69
103,8636,3.0,3.89
288,33166,4.0,4.18
365,70286,2.0,3.9
14,434,4.0,3.04
344,5010,2.0,3.9
281,3911,3.5,3.68
303,1374,5.0,3.68
474,6785,4.5,3.58
307,553,4.5,4.12
4,4246,4.0,3.67
286,1080,4.0,4.07
391,5537,5.0,0.0
603,908,4.0,4.38
610,134368,4.0,4.03
105,112552,4.0,4.41
317,3949,4.0,3.97
400,1213,4.5,4.3
600,1007,3.0,2.5
438,6764,3.5,3.51
269,5,3.0,3.0
325,1845,4.0,4.16
200,7458,4.0,3.43
474,2502,4.0,4.24
438,5563,2.0,3.27
599,5669,4.5,4.11
434,3107,3.5,3.32
522,1200,4.5,4.01
8,235,3.0,3.64
137,4963,2.5,3.99
21,2006,2.5,3.25
414,533,2.0,3.29
509,6942,4.0,3.83
178,1265,4.5,3.99
410,904,5.0,4.33
387,3088,3.0,4.05
483,6942,3.5,3.86
288,1240,3.0,4.11
178,7153,4.5,4.15
330,587,3.5,3.49
387,3204,3.5,4.07
4,4021,4.0,4.5
294,2064,4.0,3.85
387,39381,4.0,3.74
594,1407,0.5,3.31
483,6863,4.0,3.56
19,2683,3.0,3.22
386,329,3.0,3.41
520,2393,3.5,2.87
307,3392,1.0,2.85
374,349,3.0,3.72
122,96728,5.0,3.76
239,2916,3.0,3.73
608,2081,0.5,3.54
57,942,4.0,4.45
68,4299,4.0,3.8
498,208,3.0,2.99
177,31696,2.5,3.68
387,39414,3.0,3.07
105,96373,4.5,0.0
68,37729,2.5,3.67
389,25,4.0,3.7
590,1391,2.5,3.25
249,367,4.0,3.53
525,107,3.5,3.62
514,2289,2.0,4.09
603,778,2.0,4.29
420,47997,3.5,3.91
148,40815,4.0,3.81
415,63082,4.5,3.92
313,1197,3.0,4.29
105,64716,4.0,4.59
567,103335,0.5,3.83
219,33794,4.5,4.02
307,596,2.5,3.56
448,109295,2.0,0.0
414,6294,2.0,2.87
464,60832,4.0,0.0
66,3037,5.0,4.02
232,6942,3.5,3.96
372,1197,4.0,4.29
232,50794,3.0,3.11
365,59022,2.5,3.46
387,45447,3.0,3.31
122,480,4.0,3.84
136,350,5.0,3.44
140,1641,1.0,3.8
453,1457,3.0,2.93
265,1962,4.0,3.85
151,102,4.0,2.4
288,55768,3.0,3.19
384,2268,4.0,3.84
487,4638,2.0,3.0
354,597,3.5,3.59
111,61132,3.5,3.67
202,1312,2.0,0.0
125,54190,5.0,4.2
414,487,2.0,0.85
305,4878,5.0,4.26
414,5956,4.0,4.22
177,900,3.0,3.61
58,342,5.0,3.22
84,948,4.0,4.08
398,2763,4.0,3.63
111,5481,3.5,2.98
74,5791,4.0,3.9
256,3980,5.0,3.24
419,1917,5.0,2.95
288,5065,3.0,2.9
414,1033,3.0,3.67
304,1259,5.0,3.98
330,50,5.0,4.35
226,1007,3.5,2.51
313,4180,5.0,0.0
332,91974,3.5,4.19
219,4299,2.0,3.64
157,3617,3.0,2.98
288,1957,4.0,4.14
19,881,1.0,2.46
288,1616,3.0,3.46
606,5956,4.0,3.88
227,54286,4.5,3.7
474,50274,3.0,0.0
91,3563,3.0,2.09
191,95,3.0,2.91
239,595,3.0,3.88
606,2245,4.0,3.3
274,55721,4.5,4.54
571,12,1.0,2.73
593,588,3.5,3.93
444,480,3.0,3.74
474,7323,4.0,4.27
599,6330,2.5,0.0
63,91630,4.0,3.7
247,3114,4.5,3.9
263,6711,4.5,4.19
527,2565,4.0,4.17
145,208,3.0,2.98
352,130634,1.0,2.28
68,247,2.5,3.96
160,6591,5.0,4.24
600,5096,1.5,0.0
482,474,3.5,3.83
119,130520,3.5,2.86
380,5266,3.0,3.28
135,1892,4.0,3.21
330,150,3.0,3.9
593,339,2.0,3.58
219,45666,1.0,2.95
119,2329,4.0,4.3
182,5812,3.5,3.82
88,1994,3.5,3.45
122,288,5.0,3.32
484,1307,3.5,3.98
104,4886,4.0,3.97
469,357,3.0,3.65
473,2596,4.0,3.95
503,93831,1.5,2.51
68,2174,2.5,3.56
432,64839,4.0,3.73
298,5941,2.0,3.11
61,1090,4.0,4.05
210,5378,5.0,3.39
52,1923,5.0,3.72
298,87306,3.0,3.75
260,128,3.0,0.0
179,113,3.0,3.48
103,3174,4.5,3.46
187,48394,4.0,3.86
448,3671,5.0,4.15
448,43871,1.5,2.98
594,7883,0.5,0.0
377,1269,4.5,3.92
266,1259,4.0,4.0
19,3248,2.0,1.99
445,64614,4.5,4.07
387,3000,4.0,4.16
426,6373,3.5,3.23
252,8961,4.5,3.81
610,6373,3.5,3.57
10,8665,3.5,3.88
489,2115,4.0,3.76
469,1240,4.0,4.02
448,3020,4.0,3.93
298,7325,2.5,3.49
580,54286,5.0,3.81
141,2694,3.0,3.31
570,1270,4.0,4.09
551,96079,4.5,3.83
579,3408,5.0,3.52
66,3499,4.0,3.97
292,1278,4.0,4.03
438,5956,0.5,3.73
356,2144,3.5,3.81
318,106648,3.0,0.0
455,364,3.0,3.98
260,903,4.5,4.1
480,2011,4.0,3.72
599,161008,2.5,0.0
474,5670,3.0,0.0
85,515,4.0,3.56
306,168250,3.0,3.78
459,68954,5.0,4.03
412,933,5.0,4.31
599,4662,3.0,3.18
305,44555,5.0,4.13
186,377,4.0,3.65
307,26686,1.0,2.01
428,1676,3.5,3.49
217,1171,3.0,3.26
368,3162,3.0,0.0
103,88810,3.5,4.13
275,3163,5.0,3.49
462,597,1.5,3.56
219,3210,3.5,3.55
255,1194,5.0,3.61
260,1073,4.0,3.94
474,2291,4.5,3.86
140,3189,4.0,3.81
414,4780,2.0,0.0
24,733,3.0,3.73
534,2004,4.5,3.39
579,2028,3.0,4.14
318,84152,3.5,4.25
18,159093,3.5,3.82
274,3786,3.5,0.0
68,1049,3.5,3.7
351,2959,4.0,4.29
602,231,2.0,3.09
380,2394,5.0,3.45
380,7367,3.0,2.66
177,6385,3.0,4.16
445,7153,5.0,4.17
266,1911,1.0,2.66
222,6793,1.5,2.02
469,2406,3.0,3.65
560,6541,3.0,2.81
601,177765,4.5,3.42
438,353,4.0,3.6
479,3270,4.0,2.72
438,1408,5.0,3.71
610,87869,3.5,3.8
330,509,3.0,3.68
4,4273,4.0,0.0
534,1291,4.5,4.32
21,164909,3.5,3.12
267,29,4.0,4.04
1,2078,5.0,3.87
219,260,5.0,4.34
600,3499,3.5,4.0
292,344,2.0,3.02
285,912,5.0,4.32
474,2959,4.0,4.42
251,2959,5.0,4.28
222,104303,1.5,3.11
104,5618,4.0,4.08
514,1200,5.0,4.05
232,7373,3.5,3.62
245,3196,3.0,3.79
296,33493,1.0,3.51
280,86817,4.0,0.0
427,5459,2.0,2.88
219,30707,2.5,3.97
237,48385,3.5,3.26
288,1320,2.0,3.3
470,527,5.0,4.24
169,440,4.0,3.66
393,8984,5.0,3.16
480,3362,4.0,4.06
353,434,3.0,3.09
265,2455,2.0,3.46
96,1942,5.0,4.0
596,40870,3.5,0.0
579,3082,4.0,3.24
348,296,5.0,4.26
454,2160,4.5,4.09
274,1713,2.5,3.37
382,104076,2.0,2.23
434,68358,3.0,4.11
233,3147,4.0,4.18
587,440,4.0,3.63
33,2539,4.0,3.14
381,3949,5.0,3.98
184,114935,4.5,3.63
480,4016,2.5,3.92
182,3955,1.0,1.81
372,1358,3.0,4.15
171,1225,4.0,4.22
580,25850,0.5,4.26
10,597,3.5,3.55
156,4784,3.0,0.0
594,5364,4.5,3.51
115,1387,5.0,4.16
474,1413,4.5,0.0
318,32657,4.5,4.72
599,2144,3.0,3.97
182,7934,4.0,4.34
119,5989,4.5,4.11
104,56949,3.5,3.33
509,33779,4.0,0.0
18,106489,3.5,3.4
241,106696,4.0,3.56
220,316,2.0,3.4
19,1378,3.0,3.17
360,1617,5.0,4.02
387,520,3.5,3.24
314,141,3.0,3.54
362,4993,5.0,4.21
64,7445,3.5,3.84
534,86332,3.5,3.97
8,357,5.0,3.54
68,4489,2.5,3.53
66,2470,4.0,3.23
91,2144,2.0,3.83
151,736,4.0,3.45
380,60069,5.0,4.36
380,6014,2.0,2.38
260,1094,2.5,3.59
404,193,3.0,2.5
448,5414,2.0,3.12
129,5159,4.0,3.43
22,4903,4.0,3.06
177,3101,3.5,3.33
145,300,3.0,3.42
562,3448,4.0,3.72
510,1198,4.0,4.28
122,5810,4.5,3.58
103,55247,5.0,4.03
266,608,5.0,4.18
200,4993,4.0,4.26
328,1036,1.0,3.93
202,2147,3.0,0.0
522,34405,4.0,4.06
43,661,5.0,3.37
111,170813,4.0,2.86
509,51834,4.0,0.0
111,135861,2.0,3.2
222,91628,1.5,0.0
274,55765,4.0,4.16
303,1270,3.5,4.02
137,110,4.0,4.06
254,47629,2.0,3.96
318,1584,4.5,3.73
305,27801,4.5,3.95
57,457,5.0,4.16
608,593,4.0,4.48
68,2485,3.5,3.26
382,45208,2.0,0.0
184,171763,4.5,4.4
201,2248,5.0,3.84
35,266,2.0,3.34
104,588,4.0,4.05
448,2916,3.0,4.03
68,1387,3.5,4.24
122,101142,4.5,4.25
553,2571,3.5,4.21
573,2115,5.0,3.73
184,168090,4.0,0.0
560,57368,4.5,3.34
7,8865,1.0,2.92
64,2394,3.5,3.45
169,3882,3.5,2.82
288,1373,2.5,2.41
357,1956,4.0,3.88
580,3267,4.0,3.43
365,3996,1.0,3.89
438,589,5.0,4.21
226,5107,2.5,0.0
594,2432,4.5,0.0
303,6303,4.0,3.72
555,1320,5.0,3.3
537,95067,3.0,2.77
105,3742,4.0,3.68
330,1265,4.5,4.11
365,30793,3.5,2.95
68,3101,4.0,3.4
18,89745,4.0,4.14
393,5952,5.0,4.1
448,50601,1.5,3.26
105,213,4.5,3.42
475,5459,4.5,2.98
383,2906,3.0,2.02
606,95105,2.5,3.83
489,5971,4.5,4.02
367,2430,4.0,2.68
477,31660,3.0,0.0
288,6593,4.0,3.22
169,3948,5.0,3.62
284,15,4.0,2.91
290,11,4.0,3.78
4,608,5.0,4.18
477,6534,4.0,2.81
318,3702,3.5,3.88
566,480,4.0,3.76
601,95167,4.0,3.55
275,556,4.0,2.93
19,2065,2.0,3.82
103,68157,5.0,4.29
97,3623,5.0,2.67
603,3557,3.0,2.65
312,5479,3.0,3.04
465,3505,4.0,3.53
354,8961,4.0,3.89
365,508,2.0,3.65
425,344,3.5,3.03
348,4368,3.5,2.19
600,5970,3.0,3.28
298,111743,0.5,3.12
140,4677,4.0,2.9
385,85,3.0,3.83
6,261,4.0,3.96
282,72998,4.0,3.73
54,420,2.0,2.84
610,61323,3.5,3.91
474,6297,3.5,3.65
497,1258,4.0,4.12
318,3967,4.0,3.99
391,1729,2.0,3.77
562,84374,3.5,2.78
517,1293,4.0,3.8
275,2917,5.0,3.76
610,52973,5.0,4.16
448,8290,0.5,0.0
140,2724,4.0,2.79
594,8643,5.0,3.17
385,277,3.0,3.4
247,223,3.0,3.93
226,783,2.0,3.45
221,27773,4.5,4.17
597,1297,4.0,3.83
288,3543,3.0,3.92
539,527,3.5,4.22
323,151,3.5,3.54
50,837,2.5,3.37
68,216,3.5,3.63
294,2899,1.0,0.0
307,24,2.0,3.34
480,36529,4.0,4.03
597,1278,5.0,4.08
599,8832,3.0,0.0
354,2985,4.5,3.52
212,80693,4.0,3.22
226,1091,3.0,2.62
10,63113,3.5,3.44
331,3752,3.0,3.09
14,491,3.0,3.46
474,7932,4.0,0.0
583,64969,3.0,3.79
474,150,4.5,4.18
27,661,3.0,3.42
104,6188,2.0,3.5
382,83177,1.0,0.0
410,1663,5.0,3.89
606,1801,4.0,3.51
229,457,5.0,4.05
573,111362,5.0,3.97
534,3114,4.5,3.99
141,296,4.0,4.25
558,5312,3.0,2.92
68,5103,2.5,3.85
339,166643,4.0,4.17
587,910,4.0,3.92
318,94150,4.0,0.0
239,786,3.0,3.21
523,101962,5.0,0.0
477,2291,2.5,3.83
16,318,4.0,4.53
489,35836,3.0,3.71
608,2141,1.5,3.71
525,3911,4.5,3.8
414,4081,2.0,2.08
140,3998,4.0,3.02
593,26084,3.5,4.31
474,4041,3.0,3.21
368,2986,1.0,2.84
571,152,2.0,0.0
480,45672,2.5,3.09
125,152077,4.0,3.96
263,586,3.0,3.1
599,3537,2.0,0.0
525,53972,3.0,3.73
64,2700,4.5,4.13
560,54995,4.0,3.97
45,4958,4.0,3.34
362,1591,4.0,2.27
483,196,0.5,2.83
9,2901,2.0,3.1
105,72641,4.0,4.01
558,367,3.0,3.25
474,5541,2.0,3.45
387,3426,3.0,2.89
186,4995,3.0,4.12
274,1917,3.5,3.19
109,852,3.0,3.2
217,688,2.0,2.8
534,99007,4.0,3.34
462,116797,3.5,4.12
91,1246,2.0,4.18
380,2401,4.0,3.98
571,2149,1.0,1.96
465,2763,4.0,3.64
526,2959,4.0,4.3
244,1408,5.0,3.72
495,86911,0.5,3.73
125,142422,4.0,4.12
534,5418,4.5,4.05
219,6283,3.5,3.95
263,6299,3.5,3.55
420,480,3.5,3.78
401,783,4.0,3.37
19,432,3.0,2.63
488,971,2.5,4.27
511,2324,4.5,4.12
76,1682,2.5,3.84
604,261,4.0,3.83
232,61705,3.5,0.0
577,3062,3.0,4.15
474,1507,3.5,0.0
603,1554,3.0,2.86
41,6763,5.0,2.28
414,1674,4.0,3.87
298,84954,0.5,3.67
381,4232,3.5,3.12
217,2003,2.0,3.39
448,5548,3.0,0.0
599,32587,3.5,4.31
108,5309,3.0,2.71
275,2731,4.0,4.09
294,3040,5.0,3.1
294,419,1.0,3.07
606,8014,4.5,4.59
68,5445,3.0,3.98
232,3979,2.5,2.76
330,1197,4.5,4.35
410,154,4.0,3.95
448,4963,4.0,4.4
480,41573,2.5,2.76
401,48,2.0,3.27
40,267,3.0,3.05
325,5445,4.0,3.75
68,5049,2.0,3.92
463,6539,3.5,3.84
249,4270,3.5,3.37
330,1784,5.0,3.92
167,2471,2.5,2.61
599,4007,3.0,4.27
271,2968,2.5,3.97
414,7147,4.5,4.56
105,86628,4.0,0.0
605,47610,4.0,3.87
298,2502,3.0,4.26
414,6349,3.0,1.32
601,8961,5.0,3.85
393,32587,0.5,4.0
182,4178,4.0,3.39
357,788,3.0,2.83
339,3462,4.0,3.7
364,1,5.0,3.92
562,1307,5.0,3.98
95,5792,4.0,3.37
357,1028,4.5,3.86
305,72294,3.5,0.0
560,73017,3.5,4.09
62,1210,4.5,4.27
111,98083,5.0,0.0
330,1961,4.0,4.02
140,3969,3.0,3.49
198,5378,3.0,3.38
603,2155,4.0,3.38
318,5673,4.0,3.81
286,6874,5.0,3.92
266,69,5.0,3.69
182,4313,3.5,0.0
504,5669,3.5,3.83
313,3793,3.0,3.69
432,1036,2.0,3.92
27,2687,4.0,3.37
599,4104,2.0,0.0
380,2709,4.0,3.04
489,1644,0.5,2.14
473,5785,3.5,3.71
580,1214,4.0,4.09
610,3911,4.5,3.97
73,4306,2.5,3.97
4,345,4.0,3.68
28,56367,2.5,3.89
20,709,3.0,3.24
448,92507,2.5,3.52
305,589,5.0,4.22
132,1682,3.5,3.92
606,1305,4.0,3.72
19,1517,3.0,3.69
313,4085,3.0,3.45
380,3363,4.0,3.95
367,356,5.0,4.27
135,1372,1.0,3.36
104,4299,3.0,3.59
414,1282,5.0,3.57
606,1222,4.0,4.34
593,1210,4.5,4.21
298,3686,2.5,3.15
290,1617,4.0,4.16
567,1916,5.0,3.51
219,2890,3.0,3.78
58,708,5.0,3.35
600,8981,3.5,3.67
483,1266,4.5,4.31
554,2080,5.0,3.53
339,86332,2.5,3.79
608,3617,3.0,3.19
554,903,5.0,4.08
183,1214,4.0,3.98
68,420,1.0,3.1
288,3676,3.0,3.52
480,3301,2.0,3.72
59,1299,5.0,4.17
73,111362,5.0,3.95
607,1249,4.0,4.08
232,45722,3.5,3.74
426,595,4.0,3.86
470,1073,4.0,3.94
199,293,3.5,4.08
608,2282,3.0,0.0
242,231,3.0,3.07
307,2011,3.5,3.64
68,55253,4.0,3.75
357,858,5.0,4.47
325,300,4.0,3.47
274,3863,3.5,3.21
64,33794,4.0,4.01
6,140,3.0,3.56
27,673,2.0,2.97
28,40414,3.0,3.83
590,1204,4.5,4.43
526,128620,5.0,3.66
166,648,3.0,3.6
414,4812,3.0,1.79
596,32300,3.5,2.63
110,7096,5.0,0.0
307,1917,2.5,3.04
600,5992,1.0,3.75
599,4121,2.5,3.16
391,1247,4.0,4.12
610,8874,5.0,4.5
66,1449,4.5,3.81
480,7983,4.0,4.43
438,3114,4.5,4.0
580,3986,4.0,2.45
66,3745,3.5,3.37
140,5102,3.0,2.47
93,1894,3.0,2.87
294,719,1.0,3.12
153,118696,2.5,3.53
140,3005,3.0,2.84
555,1614,4.0,2.94
518,468,3.0,3.38
88,83177,0.5,0.0
599,2134,1.5,3.3
1,3034,5.0,3.68
573,1527,4.5,3.73
274,63082,4.0,4.37
438,8633,2.0,3.76
474,7303,3.5,4.18
263,2324,5.0,4.17
610,44828,4.0,3.03
368,2353,3.0,3.6
32,1224,3.0,4.26
42,410,2.0,3.31
50,142602,1.0,0.0
587,2605,5.0,2.84
382,33158,2.5,1.81
385,1225,3.0,4.25
356,3160,4.0,3.65
297,733,3.0,3.7
62,122896,3.5,4.49
274,55820,4.0,4.16
7,1183,1.5,3.77
135,2088,3.0,2.62
177,7163,2.0,3.27
288,362,3.0,3.97
391,2605,2.0,2.78
336,2268,4.0,3.85
513,920,5.0,3.65
305,84152,4.5,4.14
424,54503,4.0,4.0
342,2706,4.0,3.34
77,2571,5.0,4.2
202,2640,4.0,3.85
351,56941,3.0,2.82
187,1261,5.0,4.04
173,597,3.0,3.52
339,54503,4.5,4.12
414,7315,2.0,0.0
560,6934,3.5,3.34
414,4229,3.0,0.63
465,3681,4.0,4.25
24,3556,2.0,3.89
525,80549,4.5,3.94
213,59615,3.5,2.69
294,2709,4.0,3.1
492,1431,4.0,2.42
313,1220,1.0,3.9
20,4821,0.5,3.39
606,15,3.5,3.07
555,2255,1.0,0.0
20,661,5.0,3.42
424,4450,4.5,2.98
274,4886,3.5,4.29
330,5952,4.0,4.12
28,61986,3.0,0.0
480,2699,1.5,2.96
580,6300,5.0,0.0
448,103865,2.0,0.0
200,2145,4.5,3.21
139,6957,1.5,3.54
331,3578,4.5,4.1
96,377,5.0,3.59
225,2371,4.0,3.01
504,6708,4.5,3.76
360,1414,2.0,2.81
380,1917,3.0,3.22
385,349,3.0,3.74
328,912,1.0,4.41
21,105844,2.0,3.84
217,3494,3.0,0.0
166,6,3.5,3.98
425,2710,3.5,2.92
580,1729,4.5,3.83
42,2001,4.0,3.3
298,34405,4.0,4.03
414,1020,2.0,3.64
599,2915,3.0,3.69
43,519,5.0,2.28
606,1183,3.5,3.91
84,1028,4.0,3.86
84,5060,4.0,4.07
288,3354,2.0,2.73
307,32587,4.5,4.1
608,6059,4.0,3.51
517,1265,3.0,4.03
219,5378,2.0,3.47
380,91542,2.0,4.01
307,367,1.5,3.39
606,3462,4.0,3.74
232,6264,3.0,2.31
606,7382,4.5,0.0
380,1278,5.0,4.25
431,1234,4.0,4.04
414,2791,4.0,4.49
288,45668,3.0,3.6
608,6377,4.0,4.23
182,377,2.5,3.85
477,239,3.5,3.13
42,4027,4.0,3.8
182,653,2.5,3.34
301,6711,3.0,4.17
64,520,4.0,3.18
445,1230,5.0,4.1
580,912,0.5,4.38
590,2005,4.0,3.83
19,435,2.0,2.5
328,293,3.5,4.12
249,105213,4.0,3.39
509,6874,3.0,3.96
608,4876,3.5,2.42
100,923,3.5,4.02
129,1517,3.5,3.59
292,2401,3.0,3.95
3,1371,3.0,3.05
52,50872,4.0,4.07
405,1214,4.0,3.99
610,5444,3.5,4.09
64,260,3.5,4.33
1,2899,5.0,0.0
123,44199,4.0,3.88
448,355,2.0,2.53
561,7143,4.0,4.03
474,47894,3.5,4.27
216,514,3.0,3.54
601,134853,5.0,3.89
514,26133,5.0,3.62
15,1527,3.0,3.7
610,58295,3.5,3.56
239,3623,4.0,2.73
560,155288,3.5,2.53
274,5265,4.0,3.53
50,92427,1.0,0.0
288,2527,3.0,3.75
45,5568,2.0,3.23
200,2599,3.0,3.65
135,293,4.0,4.14
84,1381,3.0,2.06
586,1704,5.0,4.14
140,7294,3.0,0.0
608,277,2.5,3.48
220,480,5.0,3.83
6,17,4.0,3.76
143,79132,2.0,4.09
263,6333,3.0,3.74
610,89753,4.0,4.06
288,1036,3.0,4.08
217,3033,2.0,3.51
334,2115,2.5,3.65
182,1245,4.5,4.39
480,235,3.0,3.81
510,1060,3.0,3.67
458,150,5.0,3.84
91,7000,3.0,3.14
330,3949,4.5,3.96
68,52287,2.0,3.87
63,1136,5.0,4.32
607,1196,3.0,4.25
216,2987,3.0,3.67
606,5299,4.0,3.27
474,4823,4.0,3.09
321,3,3.0,3.18
276,1,4.0,3.93
572,1958,4.0,3.71
428,1911,1.5,2.69
193,1196,4.5,4.19
448,27478,3.5,3.26
596,5618,4.5,4.22
472,3254,3.5,3.38
438,2028,4.0,4.31
451,786,3.0,3.14
74,8838,5.0,3.79
246,1584,3.5,3.57
217,1200,3.0,4.12
177,3034,4.0,3.78
448,1425,2.0,0.0
597,153,3.0,3.01
156,5788,4.5,3.2
41,4963,3.0,4.1
26,344,3.0,3.02
414,127130,4.0,0.0
279,924,4.0,3.93
4,2390,5.0,3.92
464,1196,5.0,4.28
274,4388,3.0,2.91
217,1019,3.0,3.67
522,2094,1.5,3.29
511,55908,4.0,4.25
483,3310,4.0,4.04
373,95,2.0,2.96
95,6502,4.5,4.07
68,3052,3.5,3.91
270,3,3.0,3.16
91,1125,3.5,3.67
290,1225,5.0,4.3
111,173255,2.5,0.0
268,2019,5.0,4.19
155,1517,3.0,3.55
448,4677,3.0,2.98
442,3510,1.0,3.43
495,69481,4.5,4.14
246,7147,5.0,3.88
217,414,3.0,0.0
603,175,5.0,4.27
282,593,4.0,4.32
357,3360,3.5,3.71
155,260,4.0,4.24
469,1307,4.0,3.98
169,6266,4.0,3.02
590,2701,2.5,2.52
117,256,3.0,3.02
305,88812,3.5,3.06
342,3157,3.0,2.75
66,7143,4.5,3.97
610,1241,5.0,4.34
421,3461,3.5,2.75
563,1073,4.0,3.93
6,150,4.0,3.94
68,3786,1.0,0.0
41,111659,1.0,2.98
200,46976,4.5,3.66
91,5749,3.0,0.0
599,6615,2.5,2.82
59,1219,5.0,4.04
34,2571,3.0,4.23
10,4246,3.5,3.68
381,6378,4.5,3.86
432,1801,4.5,3.4
414,5989,4.0,4.74
599,2502,4.0,4.3
414,1541,2.0,3.43
219,60126,3.5,3.68
328,919,3.0,3.95
414,5417,3.0,0.0
8,440,3.0,3.6
230,41569,4.0,3.35
414,1013,3.0,3.77
89,167018,2.5,3.53
290,2987,4.0,3.7
391,4178,4.0,3.28
372,616,2.0,3.43
562,7147,4.0,3.87
156,2941,4.0,3.82
288,8640,3.0,2.98
153,2959,0.5,4.33
474,7049,3.0,0.0
568,3261,3.0,3.69
219,21,3.5,3.51
448,688,2.0,3.03
480,4034,3.5,4.23
220,590,5.0,3.87
42,2335,4.0,3.11
462,3426,2.5,2.92
551,112852,3.0,4.18
610,6,5.0,4.12
373,34,4.0,3.63
483,377,1.5,3.82
62,48385,4.0,3.33
123,111759,4.5,4.09
606,1727,3.5,0.0
462,8620,2.5,0.0
438,31221,1.5,2.24
234,1097,5.0,3.9
78,648,3.0,3.6
182,6624,0.5,2.27
189,79132,4.5,4.1
249,79057,3.5,4.07
502,903,3.5,4.05
606,1663,2.0,4.05
414,4280,4.0,3.65
63,592,4.0,3.59
273,223,5.0,3.91
294,1262,4.0,4.24
489,91488,3.5,0.0
334,55820,3.0,3.96
177,88125,5.0,4.03
226,6502,4.0,4.17
111,46948,0.5,3.75
325,2167,3.0,3.55
457,2706,4.0,3.36
212,180031,4.0,3.64
122,4874,4.5,3.71
89,32243,3.5,0.0
213,4368,3.0,2.15
274,5478,2.5,3.19
288,8961,4.0,4.03
27,3519,3.0,2.96
608,329,3.0,3.49
249,7439,3.0,3.43
38,588,3.0,3.94
414,50872,4.0,4.78
68,59900,1.0,3.38
489,4020,3.0,3.32
608,1275,2.5,4.12
211,3869,3.0,3.28
216,364,3.0,3.96
182,5108,1.5,3.0
380,74545,3.5,3.77
544,694,4.0,2.59
603,1635,5.0,4.04
466,34150,4.0,2.77
525,2788,4.0,4.22
448,89470,4.0,3.94
239,2001,3.5,3.24
516,2268,3.0,3.83
603,3435,5.0,4.23
294,2072,1.0,3.38
382,4310,3.5,2.76
22,36529,2.5,3.84
98,4226,4.0,4.14
318,97904,4.0,0.0
474,4226,5.0,4.36
18,2000,4.0,3.87
182,5298,4.0,3.63
600,616,4.0,3.49
599,524,2.5,3.81
428,4310,3.0,2.73
589,527,5.0,4.24
298,76060,2.5,0.0
474,830,2.0,3.24
103,36,4.0,3.85
479,3428,3.0,0.0
439,7153,5.0,4.14
7,58,3.0,3.91
484,1438,1.5,2.72
140,37739,4.0,0.0
45,3255,3.0,3.53
63,8376,2.5,3.1
606,2875,3.0,3.4
59,750,5.0,4.34
373,410,3.0,3.16
275,608,4.0,4.28
4,3386,4.0,3.19
298,1916,3.0,3.55
597,1240,4.0,4.01
312,2529,4.0,3.8
264,1876,3.5,2.96
71,160,3.0,2.9
140,339,3.0,3.71
44,260,5.0,4.22
318,113348,3.5,2.75
368,2641,2.0,3.12
404,34,4.0,3.62
425,1466,4.0,3.92
469,920,3.0,3.68
353,204,2.0,2.76
532,111,4.0,4.22
288,1242,4.0,4.25
274,2687,3.0,3.75
145,153,3.0,2.91
331,3911,5.0,3.72
254,648,3.5,3.59
588,223,5.0,3.92
528,6006,3.5,2.41
492,667,3.0,2.89
432,589,3.5,4.11
414,3252,5.0,4.14
58,62,3.0,3.77
365,59315,3.5,3.96
232,48043,3.5,3.62
297,6,5.0,3.93
144,2000,3.5,3.72
288,597,3.0,3.7
579,2485,3.0,2.87
71,1370,4.0,3.46
80,150,4.0,3.83
380,1022,3.0,3.67
452,2490,5.0,3.36
136,273,3.0,2.99
302,17,5.0,3.71
414,1371,3.0,3.1
19,2148,2.0,3.36
555,1591,4.0,2.29
608,2699,1.5,2.98
186,3409,4.0,2.98
117,105,3.0,3.24
15,160980,3.5,3.44
68,2490,3.0,3.28
495,1247,5.0,4.13
298,64839,3.0,3.79
21,19,2.5,2.94
43,828,5.0,2.4
573,45722,5.0,3.64
380,223,4.0,4.05
117,531,3.0,3.29
368,3370,3.0,0.0
198,903,4.0,4.08
156,2797,3.0,3.86
249,30810,3.5,3.67
516,2259,3.0,3.66
225,2327,5.0,0.0
437,440,3.0,3.6
66,457,3.0,4.12
31,7,4.0,3.15
610,136020,3.5,3.45
380,1033,3.0,3.73
596,103772,2.5,3.56
68,152081,3.0,4.49
298,6773,3.0,3.6
305,5299,4.0,3.29
202,3681,4.0,4.34
312,5015,4.0,3.12
286,158,3.0,2.95
372,235,2.0,3.69
477,1271,4.5,3.47
414,4089,2.0,0.0
484,364,5.0,4.05
33,448,4.0,3.48
312,1089,4.0,4.32
594,6967,0.5,0.0
386,32,3.0,3.98
608,3968,3.0,3.21
380,587,3.0,3.66
298,1587,3.0,3.22
141,1485,2.5,3.13
261,30810,1.0,3.54
561,6188,3.5,3.57
608,150,2.0,4.0
352,5995,5.0,3.99
570,508,3.5,3.75
249,79132,5.0,4.72
99,259,3.0,3.4
240,173,3.0,2.58
305,4034,4.5,4.13
217,2860,2.0,2.9
66,1,4.0,4.07
419,1206,4.5,4.17
111,181659,2.5,0.0
603,2167,4.0,3.64
607,3053,5.0,4.09
514,8906,2.0,0.0
474,39381,3.0,3.88
346,2858,4.5,4.11
593,377,2.5,3.59
489,79132,4.5,4.32
182,480,3.5,3.93
290,2329,4.0,4.27
288,788,2.0,3.04
255,1079,2.0,4.0
610,72011,4.0,4.01
132,6593,3.5,3.18
249,45730,3.5,2.59
230,150,2.0,3.85
456,653,4.0,3.09
177,932,5.0,3.34
232,8982,3.0,0.0
599,4015,2.0,3.15
453,47,5.0,4.11
546,3354,4.0,2.92
198,3868,4.0,3.36
135,157,2.0,3.32
567,143367,4.5,0.0
380,147382,4.0,0.0
212,98243,4.0,3.83
465,3698,4.0,3.19
480,780,3.0,3.73
64,1225,4.0,4.36
47,597,3.0,3.54
128,1721,4.0,3.43
489,7367,0.5,2.43
229,5,3.0,3.01
23,175,3.0,4.23
391,1041,4.0,4.8
42,3502,5.0,0.0
216,2395,5.0,3.5
560,5349,3.5,3.65
368,3704,2.0,3.51
335,356,4.0,4.19
495,2700,4.5,3.98
489,4474,4.5,2.2
483,2793,3.5,1.85
391,608,5.0,4.28
599,2734,2.5,3.41
411,52,2.0,3.55
182,5902,4.5,4.09
410,2987,4.0,3.63
465,2628,2.0,3.2
563,80858,3.5,0.0
361,466,3.5,2.99
596,7458,2.5,3.41
182,2713,0.5,2.99
474,1345,3.5,3.32
140,6539,3.5,4.0
125,161131,3.5,3.73
493,4701,5.0,3.28
202,1370,4.0,3.55
380,120799,3.0,3.08
201,1917,4.0,2.99
317,74458,4.0,4.23
43,1084,5.0,4.15
483,1566,4.0,3.71
453,1641,4.0,3.85
584,477,4.0,3.39
292,85414,4.0,3.7
368,3654,3.0,3.98
436,370,2.0,3.17
21,32587,3.0,4.14
474,45730,3.0,2.78
424,3176,5.0,3.42
186,1391,4.0,3.16
134,163,3.0,3.57
610,4852,1.0,0.0
232,34334,3.0,2.21
279,1208,3.5,4.24
362,60072,3.5,3.16
170,553,4.0,3.88
96,454,4.0,3.63
502,1250,5.0,4.01
414,3019,4.0,4.13
160,786,1.0,3.21
45,5349,5.0,3.62
600,39435,2.5,3.12
21,2167,3.5,3.61
68,8781,2.5,3.02
438,165,4.0,4.0
484,8363,4.5,0.0
367,3453,4.0,0.0
104,674,3.0,3.13
320,3404,0.5,3.67
64,377,3.0,3.81
587,58,5.0,3.98
387,2139,4.0,3.75
367,4310,4.0,2.7
318,65631,4.0,0.0
413,318,5.0,4.52
448,1092,4.0,3.6
355,60,3.0,3.28
318,105197,3.5,4.32
187,6214,4.0,3.97
21,2959,2.0,4.26
254,32,4.5,4.02
477,48516,5.0,4.52
181,432,3.0,2.57
517,55820,1.0,3.94
453,1488,3.0,2.96
448,79879,3.0,2.03
301,527,4.5,4.27
599,5902,3.0,4.24
292,8961,3.5,3.98
322,60040,0.5,3.32
599,34800,1.5,0.0
111,4367,3.5,3.0
254,5995,4.5,4.01
132,32587,4.0,4.03
334,4963,3.5,4.03
98,5444,4.5,3.91
412,2890,4.0,3.73
41,2671,3.0,3.51
480,3988,2.5,3.21
532,1291,5.0,4.16
41,7149,4.5,3.63
217,437,2.0,2.39
381,3552,2.0,3.88
93,1641,4.0,3.77
603,1177,4.0,3.86
19,295,3.0,0.0
362,293,4.5,4.08
404,597,3.0,3.54
15,6874,3.0,3.93
91,2997,3.5,4.1
103,3535,4.5,3.84
266,316,3.0,3.37
186,1320,4.0,3.2
110,8014,4.0,4.3
599,79132,3.0,4.6
331,30793,1.5,2.99
294,762,1.0,2.53
412,1214,4.0,3.98
212,113573,3.0,0.0
447,253,4.0,3.55
274,3424,3.5,4.26
160,242,2.0,0.0
339,47099,5.0,3.88
319,110,4.5,4.01
474,27912,3.0,3.31
602,733,4.0,3.74
380,67255,2.0,4.38
492,724,3.0,3.15
599,6670,2.0,0.0
560,120478,3.5,0.0
239,1196,5.0,4.36
599,27549,1.5,0.0
83,30749,3.5,4.03
475,1210,5.0,4.23
480,2273,2.5,3.74
480,7150,3.5,2.72
330,648,2.5,3.66
424,2296,3.0,2.13
325,318,5.0,4.53
439,98809,3.5,3.9
307,3268,1.0,1.88
590,3148,3.5,3.71
602,193,2.0,2.52
31,588,5.0,3.91
18,106487,4.0,3.59
246,4011,4.5,4.2
474,26,3.5,3.84
19,1479,3.0,3.45
318,95873,4.0,3.55
391,2023,3.0,3.47
182,5809,3.0,0.0
425,337,4.0,3.93
200,8984,2.5,3.22
567,103384,1.5,3.38
480,48780,4.5,4.35
596,68835,3.5,0.0
222,3178,3.5,3.62
560,8464,4.0,3.64
34,3052,2.5,3.73
453,2694,3.0,3.35
288,53125,2.5,3.69
294,837,1.0,3.48
305,30749,5.0,4.19
607,1917,5.0,2.97
456,5,3.0,3.01
514,4396,2.5,3.2
307,410,3.0,3.35
604,434,4.0,3.09
474,2450,1.0,3.02
414,3967,4.0,4.39
18,1209,5.0,3.94
610,159,3.5,2.85
111,91658,3.5,3.58
220,6365,4.5,3.4
412,1784,4.0,3.82
462,4427,3.0,3.86
91,3793,4.0,3.75
600,1,2.5,4.14
610,527,3.5,4.38
580,3527,3.5,3.65
554,608,2.0,4.16
500,480,4.0,3.76
279,54503,2.5,4.04
19,141,1.0,3.6
492,104,4.0,3.54
186,317,5.0,3.27
68,180,2.5,3.87
199,1897,3.0,0.0
599,8638,3.0,4.16
610,103688,4.0,4.27
527,2000,5.0,3.75
525,597,4.0,3.71
418,4878,5.0,4.07
586,110130,4.0,0.0
252,137857,3.5,3.65
160,903,4.0,4.06
267,1197,5.0,4.28
28,5378,4.0,3.49
603,99,5.0,0.0
268,2702,4.0,3.66
405,4022,3.5,3.75
288,2657,2.0,3.59
599,4502,1.0,2.39
28,3556,3.0,4.0
411,592,3.0,3.55
314,1367,3.0,3.12
522,51662,1.0,3.69
534,596,4.0,3.43
307,441,3.0,4.06
441,2716,5.0,3.82
410,1635,4.0,3.84
19,328,2.0,3.19
156,6658,3.5,4.02
120,780,2.0,3.47
525,5989,3.5,4.27
274,4233,3.5,1.04
518,6333,4.5,3.66
381,51084,4.0,3.41
482,5378,4.5,3.36
414,1374,4.0,4.12
246,296,4.0,4.29
18,380,2.5,3.74
90,1073,4.0,3.92
68,67408,3.0,3.67
414,60126,3.0,4.01
604,76,4.0,3.3
191,158,2.0,2.92
436,377,4.0,3.6
307,6060,2.0,0.0
600,593,4.0,4.41
42,4489,5.0,3.33
186,2369,4.0,2.69
368,1676,2.0,3.49
474,27873,3.5,3.19
603,3285,1.0,3.23
425,3147,4.0,4.23
43,539,3.0,3.55
75,1266,4.0,4.14
115,2947,4.0,3.94
237,8665,3.5,3.85
130,595,2.0,3.82
368,1378,3.0,3.12
260,2702,2.0,3.65
105,178613,4.0,0.0
489,87485,3.5,2.86
318,3943,4.0,2.77
195,904,5.0,4.34
514,54997,4.0,3.95
561,2746,3.0,3.44
509,1020,3.0,3.21
217,3255,3.0,3.53
50,149406,2.0,3.83
495,736,3.5,3.46
82,317,2.5,3.26
590,2023,3.0,3.55
187,52328,3.0,3.97
600,30812,4.0,3.63
356,2596,4.0,4.08
465,541,5.0,4.11
574,110,5.0,4.0
246,96079,4.5,3.88
21,2858,2.0,4.14
219,2115,3.0,3.74
111,551,4.0,3.57
330,4886,5.0,4.02
448,2413,3.0,3.64
228,541,4.0,4.09
276,62,5.0,3.73
153,2005,2.0,3.68
51,6934,0.5,3.2
483,2968,3.5,4.04
121,508,3.0,3.66
80,55765,4.0,3.97
232,33646,3.5,3.23
413,2353,5.0,3.51
260,7815,5.0,0.0
414,95510,3.5,3.52
590,2137,3.5,3.85
27,2311,2.0,3.74
504,4034,4.5,3.95
525,5785,0.5,3.84
274,5810,3.5,3.78
274,7802,4.0,4.16
79,1210,5.0,4.18
562,2692,4.0,4.0
599,1485,2.5,3.38
68,8968,5.0,3.41
425,1210,3.0,4.29
516,4322,4.0,3.58
57,1614,2.0,2.91
448,1032,4.0,3.42
74,5995,5.0,4.0
103,1296,3.5,4.28
558,4903,2.0,3.04
414,5159,3.0,4.28
425,3020,4.0,3.73
280,4239,5.0,3.94
253,446,5.0,3.63
452,1220,4.0,3.87
489,5316,2.5,3.31
466,5418,4.0,3.89
369,500,3.0,3.46
514,3703,4.5,3.9
339,69784,4.5,3.42
490,4973,4.0,4.32
414,45447,3.0,3.9
200,4995,4.0,4.24
309,1201,4.5,4.25
380,79274,5.0,0.0
45,3481,4.0,3.72
33,1446,5.0,4.3
45,2021,3.0,3.33
91,2019,4.5,4.28
80,1221,4.0,4.28
132,7371,3.0,4.2
21,858,2.5,4.37
124,1961,4.0,3.88
570,1127,4.5,3.49
177,3247,2.0,3.15
68,166528,4.5,4.36
236,2770,5.0,2.87
140,3011,2.0,3.58
308,45499,2.0,3.44
600,1186,0.5,3.69
14,25,4.0,3.72
357,50,5.0,4.34
368,1580,3.0,3.63
610,58559,4.5,4.73
356,1639,4.0,3.67
483,88954,3.0,0.0
292,3751,3.0,3.57
381,5171,2.0,3.16
571,1981,3.0,0.0
455,272,4.0,3.61
474,7285,4.0,3.99
415,5782,4.5,3.93
417,7153,5.0,4.16
517,368,3.0,3.56
445,457,4.0,4.03
480,8360,3.5,3.71
509,1704,3.5,4.19
525,783,2.0,3.46
495,4958,3.0,3.4
590,1248,4.0,4.53
307,1265,3.0,4.26
140,104,3.0,3.6
68,1391,3.0,3.35
484,2805,2.5,2.95
318,1032,4.0,3.36
544,780,5.0,3.47
414,6331,4.0,4.26
469,1945,5.0,4.12
377,7063,5.0,3.87
610,6620,4.0,4.17
606,2858,4.5,4.25
109,39,3.0,3.3
171,32,5.0,4.0
474,3629,4.0,4.48
357,27329,4.0,0.0
586,6365,4.0,3.42
68,59126,4.0,3.9
310,58,4.5,3.89
561,101362,2.0,3.32
103,2144,4.0,3.79
497,2762,5.0,3.93
55,1947,0.5,3.59
469,3763,3.0,3.4
31,788,2.0,2.74
18,8644,3.5,3.72
469,1253,3.0,4.04
306,100390,3.5,2.74
95,8636,4.5,3.86
140,165,4.0,3.91
409,2657,4.0,3.45
546,3190,4.0,0.0
448,5522,5.0,3.4
264,3510,4.5,3.45
474,5572,3.5,2.66
480,7263,3.0,3.47
474,1013,3.0,3.57
408,49272,5.0,4.09
474,5034,5.0,0.0
303,3703,5.0,3.89
335,593,3.5,4.19
68,40629,4.0,3.82
195,1682,4.0,3.88
247,74458,4.0,4.18
414,46335,2.5,2.11
586,1200,5.0,4.03
606,4370,3.5,3.39
232,48385,3.5,3.33
292,2989,4.0,3.51
464,1779,3.5,2.89
432,3082,3.0,3.27
140,1393,4.0,3.71
474,4495,5.0,0.0
517,910,4.0,3.94
246,53125,4.5,3.64
480,3968,3.5,3.27
282,1240,4.5,3.91
569,434,4.0,3.01
58,368,4.0,3.55
249,112556,5.0,3.91
385,786,3.0,3.15
122,95088,4.0,3.84
414,5620,2.0,3.47
198,357,5.0,3.59
226,2918,4.5,4.06
474,4509,1.5,3.75
182,3629,4.5,4.3
119,106782,4.5,4.16
534,4896,4.0,3.94
321,597,3.0,3.57
274,51662,4.0,3.92
95,1011,4.0,2.13
600,1214,2.5,4.09
19,915,2.0,4.03
448,4053,2.0,0.0
259,7361,4.0,4.23
599,6378,2.5,4.06
328,1282,5.0,3.68
232,2268,4.0,4.04
148,54001,4.0,3.86
567,122892,2.0,3.93
7,3869,5.0,3.28
489,368,3.0,3.67
563,5991,3.5,3.72
64,2355,4.0,3.76
217,954,4.0,4.07
245,1361,3.0,4.38
189,54286,4.5,3.65
1,1500,4.0,3.72
432,6016,4.0,4.27
282,48738,4.5,3.89
28,5292,3.5,4.0
62,122912,4.0,4.74
274,38992,3.5,0.0
28,51935,2.5,4.01
58,31,4.0,3.23
462,589,2.5,4.1
82,170,3.0,3.35
448,2001,3.5,3.46
280,7451,5.0,3.68
28,49272,3.5,4.14
540,6539,4.5,3.85
75,1090,1.0,4.03
314,151,3.0,3.54
275,300,3.0,3.5
469,3767,2.0,0.0
365,96737,1.5,4.14
45,3285,3.0,3.19
318,154,3.0,3.96
563,49286,3.5,3.03
590,2791,3.0,4.15
600,2997,4.5,4.07
380,3471,3.0,4.18
509,1088,3.0,3.5
113,2340,1.0,3.25
567,2951,1.5,4.05
370,4226,3.5,4.15
346,7178,3.0,0.0
187,223,4.5,3.94
215,1246,4.5,4.09
176,39,3.0,3.29
62,53464,3.0,2.55
274,5218,3.5,4.12
541,608,3.0,4.13
453,1089,5.0,4.35
418,88125,4.5,3.8
520,1250,4.0,4.08
45,1037,4.0,2.71
567,114627,3.5,0.0
237,293,4.0,4.06
290,3362,4.0,3.98
597,1099,4.0,0.0
483,4823,3.5,3.11
610,122904,3.0,4.69
280,60293,4.0,0.0
232,69757,5.0,3.86
246,1884,4.0,3.88
391,260,5.0,4.31
74,8341,3.5,4.05
211,78499,4.0,4.37
420,3545,3.5,2.85
220,1589,3.5,3.38
119,102903,5.0,3.66
249,45722,3.5,3.82
105,9010,4.5,4.22
573,96079,5.0,3.83
156,2369,4.0,2.64
305,7981,5.0,4.44
469,728,3.0,3.65
292,3948,2.0,3.64
318,32511,4.5,0.0
473,2959,4.0,4.26
448,159077,2.5,0.0
140,6299,3.0,3.6
313,2011,1.0,3.54
45,441,3.0,3.97
474,224,3.5,4.01
111,140110,4.5,4.28
298,1923,2.5,3.84
604,442,4.0,3.03
219,6893,2.5,3.81
484,3177,4.0,3.51
599,3510,2.5,3.94
91,832,3.0,3.44
103,58803,4.0,3.91
559,344,3.0,3.03
82,2383,2.5,0.0
249,49824,3.5,2.83
455,589,3.0,4.03
109,329,2.0,3.4
51,4876,3.0,2.3
490,6333,2.5,3.7
610,101741,3.5,0.0
274,35957,3.5,3.17
362,110,4.0,4.07
474,1269,3.5,4.46
372,1245,3.0,4.24
86,6373,4.0,3.22
561,145,3.0,3.36
226,1527,4.5,3.71
213,858,4.0,4.33
428,3751,2.0,3.53
287,2633,2.0,0.0
68,89492,4.5,4.38
168,1219,4.0,4.05
282,2948,4.0,3.74
474,47099,4.0,4.12
474,4210,3.5,3.96
166,5445,4.0,3.77
341,135887,4.0,2.87
330,33794,3.0,3.95
603,4017,4.0,3.55
474,6357,3.0,0.0
480,3943,4.0,2.82
249,59315,4.5,4.28
422,2598,3.0,2.79
285,1093,2.5,3.57
610,51255,5.0,4.41
599,3342,2.5,3.9
450,3952,4.0,2.7
97,4022,5.0,3.74
357,339,3.5,3.67
115,1241,1.0,4.22
125,6539,4.0,3.94
381,318,3.5,4.61
387,1291,3.5,4.29
240,339,3.0,3.69
80,85414,4.5,3.71
602,509,1.0,3.69
111,157296,4.5,3.52
125,111743,4.0,3.06
562,2028,3.0,4.2
58,527,5.0,4.25
19,1278,4.0,4.07
239,353,3.5,3.55
247,1196,4.5,4.3
519,356,5.0,4.19
140,3055,3.0,3.54
555,1544,4.0,2.84
182,3812,4.0,3.4
610,129313,4.0,0.0
261,81591,4.5,3.57
424,81591,3.5,3.57
230,52715,2.0,0.0
462,1210,1.0,4.24
495,80463,5.0,3.93
35,50,5.0,4.23
498,47,3.0,3.98
600,440,2.5,3.74
414,720,5.0,4.54
606,4056,3.5,2.36
500,2289,3.0,4.02
520,68157,4.5,4.15
233,1298,4.0,3.91
414,47099,3.5,4.51
609,650,3.0,3.02
62,8984,5.0,3.23
83,1222,5.0,4.09
220,1196,5.0,4.33
603,2540,3.0,0.0
432,50,3.0,4.34
564,90522,4.0,2.73
480,594,3.5,3.69
3,720,0.5,4.22
300,8950,3.0,4.04
606,50842,4.5,0.0
159,5377,2.0,3.81
545,1779,3.0,2.84
199,8528,3.0,3.75
274,3081,4.0,3.74
448,86880,1.5,3.97
74,5893,2.5,0.0
116,1088,4.5,3.5
232,2018,1.5,3.37
339,1231,5.0,3.83
68,8623,3.5,3.56
307,7346,2.5,3.3
198,2338,1.0,2.25
610,31685,3.0,3.53
368,3432,2.0,0.0
331,122882,5.0,3.82
567,95510,2.0,3.17
89,26429,4.0,0.0
202,2951,4.0,4.14
332,89745,2.5,3.99
294,2098,2.0,0.0
199,923,5.0,4.08
183,1220,4.0,3.8
266,1466,5.0,3.84
606,8501,4.0,3.62
19,3704,2.0,3.56
603,121,4.0,0.0
156,3283,2.0,0.0
331,49530,3.5,3.92
111,55276,4.0,4.09
287,2505,1.0,3.26
548,1196,3.5,4.18
555,1198,4.0,4.38
100,2496,4.0,2.98
298,4388,2.0,2.79
610,49932,4.0,2.82
201,2641,3.0,3.12
599,6909,2.5,0.0
156,1960,4.0,3.69
87,2139,3.0,3.37
232,3275,4.5,4.32
387,8574,2.5,0.0
393,6333,5.0,3.77
599,235,3.5,3.77
382,55247,5.0,4.01
318,616,3.5,3.36
365,4993,3.5,4.21
428,2581,2.0,2.92
63,10,3.0,3.56
163,1515,3.0,1.96
382,4447,3.5,3.2
450,70,2.0,3.59
357,926,5.0,4.45
192,47,3.0,3.98
266,24,1.0,3.2
599,5556,1.5,0.0
545,2763,4.0,3.64
603,2104,4.0,0.0
314,703,2.0,0.0
475,122886,4.5,3.96
177,71464,2.5,3.55
291,91542,4.0,3.75
590,1196,5.0,4.45
606,640,2.5,3.11
234,2985,4.0,3.51
52,57669,5.0,4.17
190,4886,4.0,3.92
146,880,2.0,3.0
156,2395,3.5,3.59
365,94677,3.0,4.09
382,2687,4.5,3.4
368,2476,3.0,3.85
141,8368,4.0,3.89
415,4958,3.5,3.22
438,2701,2.0,2.58
381,5872,4.0,3.01
140,3555,4.0,3.48
522,3243,1.5,2.58
59,1797,5.0,4.17
376,2115,4.5,3.67
50,104913,2.5,3.9
177,2023,2.0,3.49
62,2571,5.0,4.4
561,115617,3.0,4.17
184,193567,3.0,0.0
274,31427,2.5,2.36
233,5995,4.0,3.98
357,4022,4.0,3.81
244,507,2.0,3.54
83,81845,4.0,4.17
298,4900,2.5,0.0
274,2096,3.0,3.7
448,5055,3.0,2.63
526,318,4.0,4.51
274,5047,4.0,4.25
307,60037,2.0,0.0
577,1090,3.0,4.03
480,4728,1.5,3.33
263,2081,4.0,3.45
520,73017,5.0,3.93
120,141,3.0,3.52
466,4963,5.0,4.08
165,5505,3.0,3.12
19,866,2.0,4.02
592,276,3.0,3.28
438,4019,4.0,3.79
414,1810,3.0,3.77
357,1225,5.0,4.3
326,74458,4.5,4.18
139,5110,2.0,3.59
249,53322,4.0,4.0
600,2291,4.5,3.79
580,2028,5.0,4.27
105,1230,4.0,4.26
263,2006,4.0,3.15
489,5992,3.5,3.81
352,112556,4.0,3.73
202,999,4.0,2.9
561,466,3.5,3.05
489,1727,3.5,0.0
606,5187,4.0,0.0
381,1080,4.0,4.14
109,36,5.0,3.9
610,111759,4.0,4.67
135,593,5.0,4.33
597,2273,4.0,3.6
210,4995,4.5,4.07
305,68157,5.0,4.45
603,1265,5.0,4.2
274,32298,1.5,2.8
217,379,3.0,2.41
480,30793,4.0,3.16
594,587,5.0,3.47
356,2717,4.0,3.11
414,6281,2.5,3.67
365,2804,3.5,4.0
121,380,3.0,3.59
517,3257,4.0,2.96
244,380,4.0,3.62
254,5319,4.5,3.54
599,6734,2.0,0.0
608,589,3.0,4.23
169,5957,4.0,3.49
477,905,4.0,4.67
608,5902,4.0,4.06
448,2890,3.0,3.93
536,329,3.0,3.39
307,44397,1.5,3.46
230,33166,1.5,4.03
357,5620,3.5,2.91
341,2694,4.0,3.29
307,4025,1.5,3.21
103,4016,3.5,3.83
452,1717,5.0,3.17
263,2987,3.0,3.67
582,81229,4.0,3.49
532,1721,5.0,3.43
559,588,4.0,3.98
599,50,3.5,4.52
448,2990,4.5,3.69
274,27801,4.0,4.15
28,349,3.0,3.79
298,6537,3.0,3.11
307,49530,4.5,4.0
110,2468,3.0,2.5
200,357,4.0,3.6
313,2640,3.0,3.86
522,8784,2.0,3.85
33,1060,5.0,3.68
206,7,4.0,3.13
336,2699,3.5,2.98
382,8643,2.5,3.24
318,108928,3.0,2.95
528,106782,4.0,4.05
483,1591,3.5,2.41
391,368,4.0,3.6
448,140110,2.5,4.36
425,1625,4.0,3.76
380,36529,5.0,4.12
278,54272,5.0,3.57
219,3717,2.5,3.47
493,876,5.0,0.0
552,3421,4.0,3.83
590,2424,3.0,3.42
68,2571,4.5,4.57
414,1513,3.0,3.45
81,589,5.0,4.01
362,60684,4.0,4.0
199,3256,3.0,3.78
219,10,4.5,3.64
465,3334,5.0,4.36
412,1284,5.0,3.95
603,2469,1.0,3.44
68,2001,3.0,3.4
573,2985,4.5,3.54
199,8983,3.5,3.38
288,1665,3.0,3.29
517,2384,4.5,2.78
448,101360,1.5,0.0
332,1296,3.5,4.19
608,2294,4.0,3.49
438,7376,3.0,3.04
599,542,2.0,3.2
283,1641,2.0,3.75
280,80463,3.5,3.84
249,27801,4.0,4.08
93,1356,5.0,3.98
159,45720,4.0,3.86
448,5009,2.5,2.75
477,3671,4.5,4.02
409,3244,4.0,3.79
590,592,3.5,3.67
268,1234,4.0,4.06
265,2529,4.0,3.78
528,51037,3.5,2.77
249,122918,4.5,4.22
596,134130,4.0,4.01
414,8360,4.0,3.83
409,296,5.0,4.27
414,7137,3.5,4.21
433,74458,3.0,4.1
318,33004,4.0,3.62
287,1753,3.0,3.3
509,4700,3.5,3.33
298,6586,2.5,3.22
52,55363,3.0,4.38
57,1616,3.0,3.3
435,216,5.0,3.35
561,78105,3.0,3.39
249,93563,3.0,3.69
489,39,3.5,3.43
174,485,3.0,3.19
374,595,3.0,3.84
512,349,3.0,3.73
580,7842,4.5,4.26
156,4014,1.5,3.67
174,186,3.0,3.06
156,8128,4.0,4.08
534,1876,4.0,3.1
414,45635,3.0,0.0
474,36276,3.5,0.0
474,6947,3.5,3.75
21,296,3.5,4.24
306,35836,2.5,3.63
51,6708,5.0,3.8
68,6659,3.0,3.8
356,2359,4.0,3.55
514,160571,3.0,0.0
522,8874,4.0,4.17
287,2710,1.0,2.88
73,54503,1.5,4.05
414,2236,4.0,2.62
61,1213,4.0,4.29
479,31,3.0,3.23
586,167036,4.0,3.55
274,48,2.0,3.41
232,58998,4.5,4.25
509,136838,2.5,0.0
542,1997,1.5,4.05
307,3252,3.0,3.8
239,2023,4.0,3.54
561,94864,2.0,3.56
419,69860,5.0,0.0
66,1073,4.5,4.04
125,149146,4.0,0.0
424,79132,2.5,4.12
381,7004,3.5,2.92
249,1079,4.0,4.32
287,4903,1.0,3.0
140,1961,4.0,4.05
249,99117,2.5,3.37
483,2700,4.0,4.16
170,110,4.0,4.02
517,46530,2.5,2.88
572,1954,4.0,3.93
603,21,5.0,3.56
244,3020,2.0,3.68
84,1184,3.0,4.2
597,2770,2.0,2.81
414,93840,4.5,4.91
588,350,3.0,3.37
218,1198,4.0,4.25
91,2097,2.0,2.91
136,153,3.0,2.98
414,5673,5.0,4.0
44,12,1.0,2.73
610,924,4.5,3.92
462,82857,4.5,0.0
489,94130,3.5,0.0
160,5903,3.0,3.92
19,673,1.0,3.08
84,1244,4.0,4.08
182,1196,3.0,4.43
220,3421,4.5,3.85
380,8361,3.0,3.52
419,5480,0.5,2.25
452,1617,5.0,4.08
225,1136,3.0,4.21
290,3435,5.0,4.23
66,1027,3.5,3.06
597,2539,3.0,3.3
542,1784,3.5,3.84
420,2186,4.0,4.03
606,30707,4.0,3.92
552,3911,4.0,3.7
391,3503,5.0,3.68
555,1962,5.0,3.81
18,356,4.5,4.46
366,109487,5.0,3.83
177,1283,4.0,4.29
151,743,4.0,2.56
448,2788,4.0,4.5
29,1250,5.0,4.05
274,81932,4.0,4.35
129,6218,4.5,3.35
606,198,4.0,3.37
494,1201,4.0,4.23
514,4564,2.0,3.09
199,1214,4.0,4.04
95,3994,3.0,3.65
73,5299,3.0,3.18
414,1625,4.0,4.4
182,3752,3.0,3.24
7,5349,3.5,3.51
323,440,2.5,3.6
367,928,4.0,4.23
524,748,4.0,2.92
307,3114,3.0,4.01
8,432,1.0,2.54
275,4901,3.0,3.51
351,92422,3.5,0.0
109,32,4.0,4.0
425,7143,3.5,4.01
33,2336,2.0,3.87
182,3729,4.0,0.0
315,1949,3.0,4.48
414,80969,4.0,0.0
477,3462,4.0,3.76
460,54259,4.0,3.56
420,3147,4.5,4.15
246,6618,4.0,4.12
286,7438,5.0,3.91
608,588,3.0,4.17
325,3015,4.0,3.57
607,2253,3.0,2.33
330,3793,4.0,3.72
140,210,3.0,0.0
169,6155,4.5,3.38
64,4886,4.0,4.1
381,6659,1.0,3.73
610,60684,3.5,4.19
391,2248,4.0,3.92
408,119145,2.0,4.05
462,2527,4.0,3.55
249,65810,3.0,0.0
414,1100,3.5,3.17
606,2000,2.5,3.96
64,2683,4.0,3.29
599,55116,2.5,2.22
202,2421,3.0,2.83
290,910,5.0,3.99
596,52722,2.5,3.1
298,56715,3.0,3.82
60,2150,4.0,3.78
474,5755,2.0,0.0
605,1411,3.0,4.13
7,32296,2.0,2.28
419,1876,4.0,2.96
68,1729,3.0,3.92
125,62336,4.5,4.41
477,2174,3.0,3.56
573,1391,1.5,3.22
391,2171,3.0,3.39
305,4639,4.0,2.75
122,60074,3.5,3.13
414,1343,4.0,4.18
608,6827,0.5,1.13
387,8199,4.0,0.0
596,141749,3.5,0.0
292,111360,2.0,2.9
16,1089,4.0,4.3
249,143365,2.5,0.0
448,155743,2.0,0.0
599,8860,3.0,3.28
414,262,4.0,4.63
607,2398,5.0,3.99
199,3362,4.0,3.97
306,4720,3.0,3.62
464,16,4.5,3.98
210,2716,4.5,3.8
599,1243,3.0,4.25
292,101864,4.0,3.76
387,4298,4.5,0.0
254,8874,3.5,4.13
414,48412,2.5,0.0
593,539,4.0,3.5
462,2693,4.5,0.0
195,434,3.0,3.08
19,2701,1.0,2.46
517,1955,2.5,4.39
534,5952,4.0,4.18
352,2329,4.5,4.31
105,68554,4.5,3.35
298,112556,3.0,3.84
68,86880,1.5,3.98
365,27706,2.0,3.32
249,128360,4.5,4.13
105,31658,4.0,4.36
268,2599,4.0,3.62
368,2404,2.0,2.29
328,608,5.0,4.2
465,2571,4.0,4.2
599,3511,0.5,0.0
561,8371,2.0,3.43
177,106696,5.0,3.98
524,1250,4.0,4.07
280,2105,2.0,3.39
18,64839,3.5,3.79
307,8873,4.5,3.98
202,2344,4.0,3.02
477,1208,5.0,4.35
380,70361,3.0,0.0
590,7458,3.0,3.38
480,1393,4.0,3.78
274,76175,3.0,2.69
7,49272,4.5,4.06
462,25788,3.5,0.0
331,7153,4.5,4.22
432,480,4.5,3.8
448,95307,2.0,3.16
2,89774,5.0,3.66
226,6796,4.0,3.93
135,3476,4.0,3.61
40,329,3.0,3.41
594,31433,4.5,2.66
64,647,3.5,3.54
414,61132,4.0,4.33
387,367,3.0,3.41
132,3882,2.5,2.81
608,423,3.0,2.77
307,5452,1.0,2.23
95,1042,4.0,3.36
356,349,3.5,3.75
483,1717,2.0,3.27
331,116797,4.0,4.15
561,7361,3.0,4.33
563,129354,3.0,3.13
393,1199,5.0,4.21
489,2739,4.0,4.01
307,47,4.0,4.16
526,7147,4.5,3.78
307,58287,1.0,0.0
73,102407,3.5,3.41
163,1784,4.0,3.8
234,4022,4.0,3.77
610,377,5.0,3.9
600,2936,5.0,3.71
279,5952,5.0,4.09
483,30707,4.0,4.0
21,106491,3.5,3.19
600,5943,3.0,2.56
434,736,2.5,3.48
414,7458,4.0,3.78
43,7,5.0,3.17
490,69757,4.0,3.58
484,5135,2.0,4.44
322,4027,3.5,3.76
380,1234,5.0,4.18
111,54732,3.5,0.0
474,222,4.0,3.78
380,6936,3.0,3.98
368,2990,3.0,3.43
249,904,3.5,4.51
448,104078,4.0,0.0
600,1247,3.5,4.15
103,1610,3.5,3.95
603,2023,2.0,3.54
525,3897,4.5,3.94
290,2937,4.0,4.11
522,97304,2.5,4.11
312,1391,4.0,3.18
76,48,0.5,3.26
448,55765,4.0,4.16
488,3451,5.0,4.48
221,492,4.5,4.01
238,4498,4.0,2.51
298,3698,2.5,3.28
555,466,2.0,3.13
50,107565,1.5,0.0
402,736,3.0,3.46
115,3499,5.0,3.89
483,2291,4.0,3.79
99,150,5.0,3.83
414,3261,4.0,3.4
84,102,1.0,2.46
534,54503,3.0,4.19
249,4247,3.0,2.31
474,1035,5.0,4.34
586,166643,3.5,4.29
453,2335,4.0,3.06
332,431,3.5,3.83
346,3910,3.5,3.72
599,5337,3.0,2.97
6,494,3.0,3.59
280,2052,4.0,2.81
226,4215,2.5,0.0
610,60074,3.0,3.42
232,2501,4.0,4.02
20,2081,5.0,3.46
139,5013,3.0,3.63
448,2796,3.0,3.09
480,3037,4.0,4.05
70,91077,4.0,3.88
466,74458,4.5,4.17
287,551,4.0,3.54
380,32456,4.0,0.0
414,1208,5.0,4.63
125,62434,4.5,3.62
230,2710,3.0,2.87
234,1359,4.0,2.95
153,2378,0.5,3.38
448,5060,4.0,4.18
103,784,3.0,3.12
105,6187,5.0,3.44
555,216,3.0,3.46
201,1573,4.0,3.5
274,78088,3.0,3.87
597,1748,3.0,3.75
255,3501,1.0,0.0
274,61132,3.5,3.98
480,32291,4.0,0.0
91,3421,3.5,3.87
105,110586,4.0,0.0
91,7454,2.0,2.83
365,6874,2.5,3.93
68,55267,3.0,3.17
107,432,4.0,2.54
339,1219,4.0,4.14
239,2628,3.5,3.32
483,56339,4.5,3.88
414,2411,3.0,3.18
57,1858,3.0,2.8
599,2525,2.0,1.51
186,2968,3.0,3.99
256,173,5.0,2.54
448,90343,2.5,0.0
288,273,2.0,3.07
275,4873,2.0,4.08
91,349,3.0,3.86
318,105250,4.0,0.0
211,1223,3.5,4.26
577,1253,4.0,3.95
380,2871,4.0,3.93
274,2325,1.5,3.91
448,50,4.0,4.55
580,4148,4.0,2.88
84,277,3.0,3.45
249,4979,4.0,3.8
590,63082,4.5,4.12
395,172,4.0,2.64
522,780,3.5,3.53
414,112852,4.0,4.67
204,59604,4.0,0.0
247,1022,2.0,3.63
601,3000,4.0,4.11
199,1590,2.0,3.16
315,1084,4.0,4.11
232,69844,3.5,4.18
41,2959,4.0,4.35
56,786,4.0,3.13
511,115149,4.0,3.84
464,367,2.5,3.29
474,7190,3.5,0.0
365,105213,3.5,2.94
42,4679,4.0,2.64
80,2959,5.0,4.31
303,1358,5.0,4.08
41,53519,0.5,3.54
551,79132,4.0,4.21
560,79702,2.5,4.06
608,7137,4.0,3.61
448,3418,3.0,3.81
186,3516,4.0,3.26
610,102125,5.0,4.22
519,1704,5.0,4.08
42,2628,3.0,3.28
27,2161,4.0,3.63
414,5416,5.0,0.0
610,87876,2.5,3.84
332,3160,4.5,3.66
93,590,5.0,3.85
169,4963,4.5,4.08
315,924,3.0,3.91
318,5137,3.5,4.1
318,30812,3.5,3.7
600,2657,4.5,3.49
50,1,3.0,4.0
414,3740,5.0,4.2
28,6867,4.0,3.64
480,39381,4.0,3.67
298,105844,2.5,3.8
534,69805,4.0,0.0
484,8950,3.0,4.2
381,3157,2.5,2.68
220,60069,5.0,4.16
474,892,3.0,3.64
599,119218,2.5,0.0
351,64622,3.5,3.21
438,5093,2.0,3.16
610,142366,3.0,0.0
380,26585,4.0,0.0
119,1270,4.0,4.01
19,289,2.0,3.87
304,954,5.0,4.03
103,139642,3.5,2.56
515,168252,5.0,4.55
376,912,4.0,4.34
370,2502,4.0,4.18
599,6723,2.0,0.0
610,103228,4.5,4.47
219,61348,0.5,0.0
274,1345,3.5,3.34
517,916,3.0,4.03
362,6,4.0,3.94
597,1906,3.0,0.0
207,2707,3.5,3.25
509,111659,3.5,3.11
437,81,3.0,3.1
446,733,3.0,3.7
448,316,3.0,3.64
117,296,4.0,4.24
137,1293,4.5,3.79
233,648,3.0,3.59
474,638,3.0,0.0
406,261,4.0,3.76
469,1257,4.0,3.81
141,2028,4.0,4.19
298,8914,4.0,4.01
391,4901,3.0,3.48
263,4994,3.0,3.58
356,60293,5.0,0.0
382,2671,3.5,3.52
509,4519,3.0,3.21
446,592,3.0,3.53
76,51662,3.0,3.66
18,1234,4.5,4.13
6,179,1.0,0.0
216,2926,3.0,3.1
96,110,5.0,4.06
474,25952,4.0,0.0
182,4389,5.0,0.0
57,1275,5.0,4.02
103,1348,4.0,3.73
89,53460,3.5,3.59
221,32584,3.0,3.51
93,34,5.0,3.64
76,5956,3.5,3.61
45,1307,3.0,4.02
599,6709,2.0,3.5
200,8638,1.0,4.21
202,2411,2.0,2.89
474,6662,2.5,3.95
274,1882,1.5,2.2
376,150,5.0,3.86
140,1198,4.0,4.39
147,186,1.5,3.01
600,6100,4.0,0.0
279,541,5.0,4.13
199,5574,1.5,3.58
555,4084,3.0,3.0
328,1968,2.5,3.84
104,1253,3.0,3.94
21,108156,3.0,3.08
387,5265,3.0,3.44
387,906,3.5,4.42
249,2485,3.0,3.12
361,49278,4.0,3.4
365,142222,1.5,3.57
105,3307,5.0,4.03
513,6145,2.0,0.0
505,70293,2.0,2.91
57,1127,4.0,3.56
380,5507,3.0,2.8
223,7541,3.5,0.0
448,7016,1.0,0.0
198,1394,1.0,4.25
17,1259,4.0,3.99
186,1931,5.0,0.0
83,1653,3.5,4.04
372,318,5.0,4.53
610,91658,4.0,3.71
52,68954,4.0,4.13
363,1552,3.0,3.14
560,105213,2.5,3.05
141,34162,3.5,3.61
527,1968,5.0,3.81
606,26777,4.0,0.0
354,225,3.5,3.55
274,41566,2.5,3.63
298,103772,3.0,3.57
395,616,3.0,3.42
111,2718,4.0,2.88
474,2726,4.5,4.56
314,7,4.0,3.18
212,122886,3.5,3.93
91,3984,3.5,3.53
522,89492,4.0,4.01
610,3481,4.0,3.85
318,160563,3.5,3.16
217,1101,4.0,3.29
268,2064,2.0,3.78
314,924,5.0,3.91
597,2028,5.0,4.22
178,1810,4.5,3.45
359,2987,3.5,3.62
372,316,5.0,3.37
292,79702,2.0,4.02
159,339,3.0,3.56
286,356,4.5,4.23
346,32179,4.0,0.0
307,4885,2.0,0.0
319,139385,4.5,3.79
484,48,4.5,3.36
596,1214,4.0,4.06
361,260,2.0,4.24
331,54259,3.0,3.61
483,3699,3.0,3.37
564,1923,4.0,3.7
357,69757,3.5,3.65
432,364,5.0,4.03
294,1373,3.0,2.42
84,164,4.0,3.55
462,500,0.5,3.47
324,3897,4.0,3.84
314,500,3.0,3.47
438,379,3.5,2.42
151,761,1.0,2.9
156,2926,3.0,3.04
434,231,4.0,3.18
474,2787,2.0,2.65
510,34148,3.0,0.0
159,49286,2.0,2.98
318,86377,4.0,4.39
84,628,4.0,3.62
573,3753,4.5,3.61
421,61132,0.5,3.48
40,434,3.0,3.11
232,76251,4.5,4.02
159,46976,1.0,3.61
232,6541,3.0,2.92
299,3499,5.0,3.89
493,3793,3.0,3.65
122,2542,5.0,4.16
560,3949,4.0,4.02
39,2947,3.0,3.94
462,2762,2.5,4.02
182,3717,2.5,3.52
474,6376,2.5,0.0
555,1968,5.0,3.88
38,203,3.0,3.65
610,1213,5.0,4.52
391,110,5.0,4.16
100,916,4.5,4.04
600,2122,3.0,1.82
6,440,4.0,3.7
380,115149,5.0,4.22
414,5810,4.0,4.17
21,117368,3.5,0.0
474,230,3.5,3.64
477,7439,3.0,3.34
562,2396,4.5,3.87
525,41571,3.5,3.5
187,3160,4.0,3.68
414,2987,4.0,4.12
226,150,4.5,3.93
393,106642,5.0,4.42
363,50,4.0,4.24
1,1198,5.0,4.37
600,4361,4.5,3.52
314,50,4.0,4.25
600,1034,2.5,3.95
600,337,4.0,4.02
474,40819,4.0,4.01
603,549,4.0,0.0
479,5365,4.0,0.0
263,34,4.0,3.67
599,2470,3.5,3.46
62,136020,4.5,3.2
446,236,3.0,3.46
105,108727,4.5,0.0
232,42011,3.0,2.38
298,27904,3.0,3.85
198,5445,5.0,3.72
597,1964,3.0,4.49
448,1863,3.0,2.24
590,69122,3.0,3.92
160,1037,2.0,2.66
385,215,3.0,3.95
274,3986,4.0,2.52
414,2253,1.0,2.3
298,4979,3.0,3.83
22,6711,4.0,4.18
599,1517,3.5,3.89
249,53125,3.5,3.99
218,2302,2.5,3.2
332,2959,4.5,4.35
517,597,3.0,3.61
554,307,5.0,3.9
599,6548,1.5,3.54
318,3266,3.5,4.49
432,4023,4.0,3.17
68,231,3.5,3.41
33,1784,2.0,3.84
177,94478,3.0,2.72
260,6283,3.5,3.89
381,51698,3.5,0.0
387,2617,1.0,3.14
202,919,4.0,3.95
97,3578,4.0,4.03
187,27912,4.0,3.18
156,2712,4.0,3.46
117,804,3.0,3.23
307,8814,2.0,1.85
464,74727,5.0,0.0
146,830,4.0,3.27
606,32234,4.0,0.0
160,3702,1.5,3.81
414,25,3.0,4.08
524,457,5.0,4.09
144,32,4.0,4.01
298,3254,2.5,3.48
275,1136,5.0,4.34
19,2793,2.0,1.97
288,3494,4.0,0.0
534,2947,4.0,3.94
603,2356,1.0,3.22
263,2918,3.0,3.92
61,7153,4.5,4.12
570,2763,3.0,3.68
610,133832,3.5,0.0
325,190,5.0,2.41
105,905,4.0,4.62
98,63992,2.0,2.28
438,832,4.0,3.46
298,26903,2.5,4.27
129,253,3.5,3.55
239,5679,2.5,3.4
604,588,3.0,3.93
144,2571,4.0,4.27
590,59315,3.5,4.05
610,160341,2.5,0.0
580,3081,4.0,3.6
202,592,3.0,3.61
474,3681,3.5,4.65
462,34048,1.5,3.24
448,102025,0.5,0.0
517,94070,4.5,3.49
91,5294,3.5,4.13
599,176419,3.5,0.0
528,4011,5.0,4.14
298,104374,2.5,4.12
610,110501,5.0,4.44
368,185,2.0,3.37
220,1089,3.5,4.31
305,7153,5.0,4.41
381,55267,4.0,3.28
414,2096,4.0,4.01
7,356,5.0,4.23
555,1909,4.0,3.48
33,32,3.0,3.99
599,163809,2.5,0.0
447,315,4.0,3.19
38,590,4.0,3.82
62,168252,5.0,4.71
480,608,4.0,4.4
292,80463,4.0,3.94
380,6952,3.0,2.89
49,1097,4.5,3.82
268,1840,3.0,2.6
102,3,5.0,3.17
185,5377,3.0,3.79
111,4308,2.5,3.73
573,1573,4.5,3.58
68,1243,1.0,4.07
483,1589,2.5,3.48
317,110,5.0,4.11
20,3159,5.0,3.72
352,104879,5.0,4.24
177,585,2.5,2.88
594,6754,5.0,3.51
220,1036,5.0,3.93
480,46530,3.0,2.86
111,63131,4.0,3.8
239,3994,4.5,3.69
480,953,4.0,4.3
91,2137,3.0,3.81
326,97,3.5,4.29
304,11,5.0,3.79
561,5418,4.5,4.0
105,120466,4.0,3.53
18,1221,5.0,4.39
525,2,3.5,3.62
574,434,4.0,3.01
10,109374,0.5,3.86
171,720,5.0,4.25
136,145,3.0,3.38
599,68952,2.5,4.29
294,260,5.0,4.26
610,66943,3.5,0.0
468,410,3.0,3.16
483,1917,3.0,3.12
274,5481,2.5,3.23
438,5080,1.0,3.05
276,1367,4.0,3.1
226,5501,1.5,1.07
318,39292,4.0,3.76
249,4701,4.0,3.53
223,5349,4.0,3.49
509,110102,3.5,4.09
380,5364,3.0,3.55
365,122904,3.5,4.13
308,4963,1.0,4.0
274,6879,3.5,3.74
132,2424,3.5,3.29
132,1042,3.0,3.42
608,3484,3.0,2.75
139,5400,1.5,3.17
67,293,5.0,4.05
430,318,5.0,4.51
15,3147,5.0,4.17
607,724,4.0,3.06
527,1372,4.0,3.39
334,52952,3.5,4.16
68,7320,3.0,4.96
177,4018,3.0,3.4
91,3882,2.0,2.85
477,296,4.5,4.31
294,1641,2.0,3.76
369,934,3.5,3.68
414,3225,1.0,1.87
166,6377,4.5,4.12
68,3675,4.0,4.19
66,586,3.0,3.17
239,2840,3.5,3.06
177,60126,3.0,3.72
489,733,3.5,3.81
164,1356,4.0,3.95
22,5816,0.5,3.57
354,3578,3.5,4.15
305,56367,5.0,3.99
68,6944,4.5,3.6
492,818,3.0,3.41
19,597,3.0,3.68
480,8958,4.0,4.02
305,2791,5.0,4.09
264,653,2.5,3.09
182,6305,4.5,4.03
434,110,4.5,4.13
282,780,3.5,3.55
483,5309,2.5,2.89
380,6979,3.0,3.58
95,3702,5.0,3.75
202,1240,4.0,3.97
356,5792,5.0,3.37
141,122904,5.0,4.03
80,4886,4.0,3.96
610,6003,4.0,3.72
89,151739,2.0,2.58
408,122904,3.5,4.03
29,1100,3.5,2.81
564,106330,2.0,0.0
480,5782,4.0,3.89
68,6879,3.5,3.82
230,6365,4.0,3.35
534,104129,4.5,0.0
533,1997,5.0,4.03
28,16,2.5,4.01
448,6888,1.5,2.19
124,1405,4.0,2.63
368,2819,3.0,3.56
241,2160,2.0,4.09
270,9,3.0,3.09
184,117887,4.5,0.0
279,480,4.0,3.82
288,587,3.0,3.66
304,1587,2.0,3.24
19,2606,4.0,2.67
469,2023,3.0,3.47
124,2353,3.0,3.5
414,2006,2.0,3.47
354,48516,4.0,4.38
292,32,2.0,4.1
82,1221,3.0,4.27
330,6460,4.5,0.0
305,80489,4.0,4.03
355,900,5.0,3.6
379,316,3.0,3.33
125,56174,2.0,3.55
606,5952,4.5,4.28
504,3408,3.5,3.55
414,1277,5.0,3.52
210,189547,1.0,0.0
479,3041,1.0,2.25
310,4963,4.0,3.97
232,69306,3.5,3.0
159,3252,1.0,3.66
534,112897,4.0,0.0
599,55290,3.0,4.05
523,37729,5.0,3.57
163,1717,3.0,3.12
91,8368,4.5,3.86
301,8360,4.0,3.57
62,58559,5.0,4.43
357,1593,4.0,2.26
232,70334,3.5,0.0
562,6323,4.5,3.64
64,6323,3.5,3.71
240,420,4.0,2.94
177,2053,2.0,2.26
36,1094,1.5,3.56
468,253,4.0,3.53
456,802,4.0,3.32
20,1380,5.0,3.35
226,5015,2.5,3.2
290,1231,4.0,3.8
606,41566,3.5,3.52
105,4018,3.5,3.39
222,4974,2.5,2.61
318,1961,3.5,4.14
10,129428,3.5,0.0
373,594,5.0,3.63
549,260,2.0,4.24
270,653,2.0,3.09
516,1198,4.0,4.25
221,4338,4.5,0.0
414,37384,3.0,3.98
469,3095,4.0,3.81
600,353,3.5,3.57
348,2019,5.0,4.17
307,2003,2.5,3.45
380,8865,4.0,2.82
453,2424,4.0,3.33
567,127298,3.5,0.0
599,6832,3.0,3.94
607,3020,5.0,3.71
525,147378,3.5,3.66
68,1201,3.5,4.5
599,40578,3.0,0.0
288,2797,4.0,3.94
256,3785,4.0,2.96
217,1380,3.0,3.33
599,2586,0.5,0.0
274,2706,3.5,3.66
448,113225,3.0,0.0
483,2843,4.5,3.97
246,3863,5.0,3.01
304,1717,3.0,3.18
285,1285,2.5,3.9
64,1217,5.0,4.6
606,39292,4.5,3.83
219,3175,2.0,3.81
103,69140,4.0,0.0
509,26776,3.5,3.87
432,71902,3.5,0.0
448,72405,2.0,0.0
606,31410,3.5,4.13
599,86142,3.5,0.0
489,61160,1.5,2.56
272,4993,2.0,4.14
318,97860,4.5,3.07
244,1573,2.0,3.51
232,47518,3.0,2.98
182,1228,4.5,4.35
273,180,4.0,3.62
18,8798,4.0,3.82
597,1227,4.0,4.26
21,2717,4.0,3.1
414,84152,4.0,4.16
448,5308,4.0,2.77
202,357,4.0,3.62
73,86833,5.0,3.93
182,1193,4.0,4.45
135,2746,4.0,3.38
410,4334,5.0,4.5
610,88163,4.0,4.75
132,2858,4.5,4.13
221,34048,2.5,3.2
474,2723,4.5,3.29
68,1416,1.5,3.76
534,8984,2.0,3.25
361,1580,3.5,3.6
567,903,0.5,4.07
105,356,3.5,4.43
428,2985,2.0,3.51
469,2731,4.0,4.14
294,470,1.0,0.0
40,44,3.0,2.48
62,89745,4.0,4.17
462,60333,4.0,4.91
599,3552,3.0,3.99
369,2371,2.5,3.01
275,2819,5.0,3.66
132,3081,3.0,3.57
199,56274,3.0,0.0
275,235,5.0,3.72
63,5464,4.0,3.69
200,3210,4.0,3.57
19,911,3.0,3.8
475,56171,5.0,3.08
376,1584,4.5,3.59
318,55765,4.0,4.19
344,2916,5.0,3.63
55,27831,5.0,3.75
89,86833,1.5,3.97
174,370,3.0,3.17
368,1515,2.0,2.04
597,1222,5.0,4.29
266,2288,4.0,4.11
328,8464,3.0,3.54
555,2240,3.0,4.1
191,348,5.0,3.61
187,50,4.5,4.31
306,142997,3.5,2.7
438,7143,4.5,4.02
249,77561,3.5,4.26
288,5881,3.5,3.29
132,2699,1.5,2.96
267,2858,4.0,4.07
414,54999,3.0,4.13
211,32587,4.0,3.98
560,133771,4.0,4.07
414,7090,4.0,4.44
599,438,2.0,3.68
596,4226,4.5,4.24
18,34150,3.5,2.84
424,104879,5.0,4.15
514,2915,4.0,3.61
52,64620,4.0,4.09
33,293,4.0,4.06
198,1247,3.0,4.09
474,2174,3.0,3.63
599,2161,4.0,4.0
357,440,3.5,3.67
274,2174,3.5,3.54
414,76763,3.5,0.0
599,3827,2.0,3.1
474,8207,4.0,4.41
484,2959,5.0,4.28
209,2762,4.0,3.93
424,1968,3.5,3.8
342,1959,3.0,3.57
596,98124,3.5,4.35
268,2511,5.0,4.46
290,227,3.0,2.88
489,2797,4.0,3.83
42,223,5.0,4.04
19,1461,3.0,2.23
195,1732,4.0,3.95
560,260,4.0,4.34
570,920,2.5,3.64
308,58559,4.0,4.23
313,3740,5.0,3.95
82,5459,4.0,2.98
73,52973,4.0,3.93
609,833,3.0,2.76
274,34319,3.5,3.57
51,7757,3.5,3.53
28,593,2.5,4.37
178,2329,5.0,4.25
23,7099,4.0,4.15
288,2944,3.0,4.26
215,778,3.0,4.14
199,2997,4.0,4.09
274,79695,3.0,3.26
424,32587,3.0,3.98
84,266,4.0,3.4
19,135,3.0,3.05
410,260,3.0,4.24
66,255,0.5,3.4
89,118834,5.0,0.0
509,117529,3.5,3.5
410,3730,5.0,4.16
600,53953,2.0,3.05
408,10,4.5,3.52
318,7206,4.0,3.88
438,4388,2.5,2.76
222,49651,2.0,3.36
247,3949,3.0,3.93
18,92094,3.5,0.0
600,3388,3.5,2.48
32,497,5.0,3.84
104,293,4.0,4.07
477,1556,0.5,1.77
599,5171,2.0,3.21
555,2455,4.0,3.6
525,4054,3.0,3.32
232,4776,4.5,3.95
89,126088,5.0,0.0
301,3578,4.5,4.04
525,318,4.5,4.6
440,1748,4.5,3.79
226,7143,4.0,4.03
414,34336,2.0,2.56
266,541,5.0,4.14
387,3221,3.0,3.87
469,1831,2.0,2.57
274,1707,2.5,2.16
448,1965,2.0,3.76
274,66427,3.0,0.0
73,87232,5.0,3.95
594,1320,3.5,3.21
19,2287,3.0,3.91
489,3969,4.0,3.52
89,2059,1.5,3.05
425,6378,3.0,3.82
28,4344,1.0,3.06
10,33794,5.0,3.84
241,858,4.5,4.35
345,2352,4.0,3.82
561,2641,4.0,3.14
292,4899,3.0,2.27
599,3864,2.0,2.64
105,1244,5.0,4.18
607,891,5.0,3.79
217,2524,4.0,3.2
453,2683,5.0,3.22
133,454,3.0,3.6
105,4308,3.5,3.7
234,4203,4.0,3.31
414,7257,2.5,1.67
312,2762,4.0,3.96
332,1645,3.5,3.38
66,6754,4.5,3.54
599,880,2.5,3.0
197,786,2.0,3.11
357,2028,4.5,4.23
69,296,5.0,4.25
187,2997,5.0,4.05
601,176371,4.0,3.87
410,549,5.0,0.0
474,8385,3.0,0.0
344,2858,5.0,4.07
586,1784,4.0,3.81
232,4343,2.5,3.26
610,3925,5.0,3.75
21,551,0.5,3.56
50,165,3.0,3.7
469,3269,3.0,2.93
6,799,3.0,3.47
102,266,3.0,3.34
279,56782,4.5,4.42
288,2473,2.0,2.65
64,585,4.0,2.87
378,364,4.5,3.95
117,454,3.0,3.67
484,88163,4.0,4.21
103,40815,4.0,3.84
131,858,4.0,4.37
510,1393,3.5,3.57
560,68886,4.0,0.0
517,1079,1.5,4.05
89,99122,3.5,0.0
514,182727,2.0,0.0
241,48780,3.5,4.24
474,6777,3.0,3.82
256,3510,4.0,3.54
58,529,5.0,3.81
606,4428,2.5,0.0
200,1682,3.5,4.0
78,53972,1.5,3.56
474,4215,1.0,0.0
64,1042,3.0,3.55
51,4447,3.0,3.19
247,115713,5.0,4.08
50,175661,1.5,3.23
508,562,2.5,3.92
20,1030,3.0,2.87
294,2642,1.0,2.35
274,57528,3.5,3.68
474,2660,3.5,3.94
51,387,3.5,1.54
240,377,5.0,3.64
587,1234,4.0,4.06
318,133771,3.5,4.15
219,2194,2.0,4.02
335,3911,4.0,3.68
543,59900,0.5,3.08
298,48877,2.0,2.99
305,103075,3.0,3.25
474,4993,5.0,4.47
488,2302,3.0,3.23
509,2572,3.5,3.69
610,3977,2.0,3.08
164,1101,5.0,3.15
401,84944,3.5,3.51
232,5502,4.0,3.41
117,1036,3.0,3.89
608,5401,2.0,1.77
243,161,5.0,3.7
514,597,2.5,3.6
382,59315,4.5,4.0
448,2,3.0,3.96
414,2147,3.0,0.0
274,2004,4.0,3.45
71,1210,3.0,4.17
410,3161,4.0,0.0
105,3968,3.0,3.34
448,90522,2.0,3.41
607,204,3.0,2.81
33,1249,5.0,4.07
362,1222,4.5,4.11
414,2804,4.0,4.58
101,2723,2.0,3.0
552,3,1.0,3.23
492,662,4.0,2.73
478,1073,4.0,3.9
573,44665,4.5,3.84
561,93326,2.0,2.96
45,21,4.0,3.5
288,4587,2.0,2.43
275,750,3.0,4.38
304,1726,5.0,3.57
596,120919,3.0,0.0
380,33164,3.0,0.0
561,136864,2.0,2.45
160,3793,1.0,3.7
17,3435,3.5,4.23
160,111,5.0,4.29
346,1625,2.5,3.71
275,260,4.0,4.28
68,119145,4.0,4.41
28,8633,4.5,3.75
521,14,4.0,3.8
217,2598,4.0,2.86
520,7373,4.0,3.43
202,420,1.0,2.93
274,1193,4.5,4.44
428,150,2.0,3.85
326,1619,5.0,3.42
543,94959,2.0,4.12
63,1923,2.0,3.77
534,2716,4.5,3.89
280,41573,4.5,2.8
414,235,4.0,3.84
303,1240,5.0,3.89
132,64839,2.5,3.71
469,2797,3.0,3.84
198,4886,3.0,3.96
55,1357,0.5,4.19
23,1217,3.5,4.58
219,3972,4.0,4.3
599,2746,3.0,3.54
600,543,2.5,3.44
249,78637,3.5,4.26
359,8533,4.5,3.6
135,2395,3.0,3.53
352,97752,5.0,3.7
484,616,4.0,3.42
57,1676,4.0,3.47
436,257,3.0,3.67
232,2791,3.0,4.14
552,442,1.5,3.04
511,2571,5.0,4.22
535,2692,5.0,3.93
448,45666,2.0,3.1
68,2541,4.0,3.4
132,1307,3.5,3.98
280,51662,3.5,3.67
101,2707,4.0,3.28
590,4489,3.5,3.4
448,1100,3.0,2.86
608,5459,4.0,3.09
307,1136,3.5,4.44
483,410,3.0,3.36
561,134853,3.0,4.0
102,161,3.0,3.73
527,1663,4.0,3.89
603,1224,2.0,4.46
606,48385,3.0,3.4
414,6618,3.0,4.38
275,4034,5.0,4.1
552,2857,4.0,3.1
122,2160,5.0,4.16
594,2000,4.5,3.75
280,356,4.0,4.28
599,1791,3.0,0.0
474,745,4.0,4.56
590,355,2.0,2.52
177,2424,3.0,3.57
474,5876,4.0,4.35
1,1587,5.0,3.32
21,3638,4.5,3.09
19,1345,3.0,3.34
428,260,3.5,4.28
483,2019,4.5,4.37
381,45361,1.0,0.0
414,2986,2.0,2.63
517,49272,1.5,4.06
218,2657,3.5,3.38
607,1982,5.0,3.82
600,663,4.5,3.17
186,3510,4.0,3.49
552,1196,5.0,4.26
414,1024,4.0,4.21
210,4306,4.0,3.94
600,3882,2.0,2.85
172,1210,4.5,4.16
387,4928,4.0,0.0
198,2875,2.0,3.33
305,2288,5.0,4.2
294,355,3.0,2.52
219,6934,2.5,3.3
342,2683,3.0,3.15
462,337,2.5,3.93
373,585,1.0,2.78
42,1088,3.0,3.6
82,2381,2.5,3.12
216,3755,4.0,3.06
39,924,2.0,3.94
425,1590,3.5,3.13
268,2403,2.0,3.56
339,49530,4.0,3.98
6,313,3.0,3.45
156,4027,4.0,3.85
563,111659,3.5,2.92
610,6872,1.0,1.29
590,32,3.0,4.13
603,4815,1.0,3.3
91,288,3.5,3.24
115,3301,4.0,3.46
474,592,4.0,3.73
514,1326,1.5,1.38
130,318,5.0,4.49
19,3693,2.0,2.13
139,49278,1.5,3.4
599,45648,2.5,0.0
512,208,3.0,3.0
448,5954,4.0,4.26
377,62383,3.5,0.0
249,52973,4.0,4.28
380,7387,5.0,4.22
599,122260,2.5,0.0
477,78746,4.0,0.0
221,31692,0.5,0.0
33,150,3.0,3.87
42,2497,4.0,2.77
448,4447,1.5,3.31
199,6365,2.5,3.35
91,589,4.0,4.23
66,1265,3.5,4.14
182,5881,4.0,3.3
521,648,4.0,3.58
165,2019,4.0,4.17
28,2618,3.0,3.75
238,4855,4.0,3.87
111,2694,3.0,3.44
303,2662,3.5,3.15
19,2550,3.0,4.21
216,1269,4.0,3.97
475,1196,5.0,4.31
298,5900,2.5,2.95
28,49530,4.5,3.97
414,2378,3.0,4.07
482,329,4.5,3.41
182,2890,3.5,3.86
28,56587,3.0,3.45
259,153,4.0,2.9
414,46,2.0,4.05
153,117881,3.0,4.49
4,3481,2.0,3.65
312,1342,4.0,2.73
447,480,4.0,3.76
111,3752,3.0,3.12
80,4995,4.5,4.12
130,590,3.0,3.8
448,40278,3.5,3.6
448,86190,3.5,3.52
586,4489,4.0,3.25
610,112727,3.0,0.0
115,3052,3.0,3.73
510,3481,3.5,3.64
577,920,5.0,3.66
453,4334,4.0,4.48
546,1270,3.0,4.01
387,7895,3.5,0.0
273,236,4.0,3.46
599,442,2.5,3.35
124,296,4.5,4.25
137,1262,3.0,4.24
470,208,3.0,3.0
448,104241,3.0,3.84
226,1005,3.0,1.78
244,1480,4.0,3.38
76,31410,4.0,4.04
382,70946,0.5,0.0
385,1240,4.0,3.93
610,8985,2.5,3.0
294,577,1.0,2.61
590,260,5.0,4.37
249,1356,3.0,4.25
464,1101,4.5,3.19
28,6957,3.0,3.62
232,8939,3.0,4.21
421,953,5.0,4.16
401,55768,2.5,3.21
258,122904,5.0,3.94
351,71579,4.0,3.27
260,3424,4.5,4.06
590,3435,4.0,4.16
600,1248,3.0,4.47
500,2572,3.0,3.64
361,34520,2.5,2.14
45,2947,4.0,4.0
57,1641,4.0,3.77
462,593,3.5,4.29
103,87194,3.5,0.0
357,7026,3.0,2.65
132,592,2.0,3.58
222,82459,3.5,4.02
217,1374,3.0,3.76
274,31685,3.5,3.43
307,3448,2.5,3.82
113,3296,5.0,3.94
428,2459,1.0,3.14
63,110102,4.0,4.03
561,8644,2.5,3.73
219,1485,1.5,3.23
84,914,4.0,4.07
610,68205,4.0,2.95
298,1221,3.5,4.36
422,3897,4.0,3.84
125,112552,4.0,4.26
274,2395,2.5,3.67
298,6702,0.5,2.79
599,3950,2.5,3.94
517,1784,3.0,3.87
84,57,3.0,3.22
217,2012,2.0,3.6
590,435,2.0,2.56
139,8371,2.0,3.54
140,2028,5.0,4.29
515,260,5.0,4.23
477,648,3.0,3.7
211,1125,4.0,3.64
556,94780,3.5,3.26
563,61250,1.5,2.75
534,1282,4.5,3.6
380,3703,5.0,4.1
188,2206,5.0,0.0
177,2082,2.0,2.9
474,3134,3.0,4.44
514,1213,4.5,4.39
318,1193,4.0,4.28
281,2694,3.0,3.3
580,5218,4.0,3.85
509,6294,3.0,2.53
105,69122,4.5,4.1
534,52287,4.0,3.74
464,1240,4.0,3.91
474,7018,2.5,0.0
606,5072,3.5,4.18
264,1250,5.0,4.02
19,2184,3.0,3.6
212,2918,2.5,3.91
599,1094,3.0,3.57
249,73431,2.5,0.0
249,67923,4.0,3.07
219,8360,4.0,3.71
317,318,4.0,4.56
542,7451,4.5,3.63
269,648,3.0,3.58
385,383,2.0,3.16
448,1882,3.0,2.31
590,1950,4.0,4.47
608,802,3.0,3.51
339,16,4.5,3.99
84,1295,5.0,2.49
380,136864,2.0,2.73
45,1968,4.0,3.84
356,4226,5.0,4.21
448,115151,2.0,0.0
129,2692,4.5,3.98
448,158872,4.0,3.6
419,111,4.0,4.24
66,2248,4.5,3.92
287,1407,2.5,3.3
474,5440,3.0,0.0
418,85414,3.5,3.67
148,79132,1.5,4.11
474,6385,5.0,4.11
275,2212,4.0,3.57
113,11,3.0,3.75
111,131826,4.0,0.0
111,3897,4.0,3.9
606,7143,4.0,4.01
167,480,3.5,3.79
356,529,4.0,3.89
232,7445,3.5,3.96
301,2378,2.0,3.4
182,6890,4.5,3.28
544,1105,5.0,4.5
111,98203,1.5,1.93
19,3370,2.0,0.0
43,11,4.0,3.74
558,5329,5.0,3.08
307,26680,3.5,3.83
19,849,2.0,2.93
479,3504,4.0,3.94
187,6377,2.5,4.06
298,3511,1.5,0.0
608,173,3.0,2.66
62,68554,4.0,3.27
186,364,4.0,4.05
254,4973,4.5,4.34
132,8874,3.5,4.15
561,50,4.5,4.42
428,1653,3.5,4.06
491,86833,3.5,3.99
33,36,5.0,3.86
165,5464,3.0,3.55
356,2671,3.0,3.52
232,1035,3.5,4.07
129,1210,4.0,4.23
237,44191,4.0,3.9
239,2329,5.0,4.39
28,1221,4.0,4.38
603,3586,4.0,0.0
187,3328,5.0,4.18
274,2076,4.0,4.34
45,5307,3.0,0.0
222,858,4.5,4.4
561,1587,4.0,3.26
357,2067,5.0,4.17
125,1625,5.0,3.81
452,3703,5.0,3.95
509,38038,3.0,3.95
87,3910,4.0,3.7
519,140110,4.0,3.66
514,79132,4.0,4.22
328,6539,3.5,3.92
369,370,4.0,3.17
335,2302,3.0,3.2
339,80139,4.5,4.07
414,5380,4.0,4.31
600,3250,2.5,3.49
251,356,5.0,4.18
232,1370,3.5,3.69
489,39183,4.5,3.56
414,374,1.0,2.66
33,914,5.0,4.07
600,3535,3.5,3.87
457,2701,1.0,2.35
608,2161,3.0,3.8
105,31696,3.5,3.68
414,5004,3.0,4.1
477,2529,3.5,3.86
143,6593,4.0,3.13
414,1610,5.0,4.35
307,8464,3.0,3.68
32,52,3.0,3.55
448,99112,2.5,4.03
567,45880,3.0,3.25
414,209,4.0,0.0
385,1136,4.0,4.24
221,1220,4.5,3.87
318,127298,4.5,0.0
600,575,2.0,2.56
139,3994,2.5,3.64
608,6333,4.0,3.94
19,2027,1.0,2.51
92,327,3.5,2.94
606,3246,4.0,4.49
91,4993,4.5,4.35
474,2187,3.5,0.0
387,3742,3.5,3.67
156,4378,4.5,3.85
480,5679,4.0,3.49
448,2718,3.0,3.08
223,34,1.0,3.62
182,2827,1.5,2.64
266,2428,1.0,2.64
19,2888,3.0,2.12
448,71464,3.0,3.64
493,4438,5.0,3.23
448,2110,4.0,3.45
367,3507,4.0,4.04
140,2334,3.0,2.97
414,1457,2.0,3.62
21,44022,3.5,3.48
510,2791,4.0,3.93
160,2688,0.5,2.89
555,2827,1.0,2.73
597,3019,5.0,4.25
132,673,2.0,2.98
603,2053,2.0,2.13
68,1704,4.5,4.54
599,7481,3.5,3.39
160,2428,1.0,2.65
495,4034,2.5,4.02
373,181,1.0,2.33
89,1080,1.0,4.07
325,2239,5.0,4.48
336,3147,4.5,4.15
259,3910,5.0,3.69
298,51412,0.5,3.21
288,4994,3.5,3.81
280,1393,4.5,3.59
91,2797,3.0,3.84
222,62250,3.0,4.15
317,68237,4.0,4.01
57,2530,3.0,2.65
239,780,4.0,3.64
50,4226,3.0,4.15
177,455,3.0,2.8
474,8542,3.5,4.43
6,569,4.0,0.0
410,2395,4.0,3.48
139,87232,3.5,3.89
524,1196,5.0,4.24
458,225,5.0,3.6
42,2641,2.0,3.1
119,31410,4.0,4.09
217,1806,1.0,2.79
182,4246,3.5,3.66
462,3578,2.0,4.12
363,1961,3.0,3.86
453,2447,3.0,3.32
411,230,4.0,3.61
248,3793,3.5,3.65
434,6333,4.0,3.79
376,457,4.0,4.09
368,1610,5.0,3.92
100,377,4.0,3.62
397,4037,3.5,3.76
305,1197,4.5,4.49
28,1206,2.5,4.2
274,1214,4.0,4.17
428,1479,3.0,3.38
20,1097,5.0,3.87
159,30812,2.0,3.51
113,1244,4.0,4.11
273,364,5.0,3.96
274,4643,2.0,3.05
316,520,3.5,3.02
249,49649,2.5,2.5
419,493,4.0,3.62
68,58299,3.0,3.44
305,3285,3.5,3.22
610,5618,4.0,4.46
455,34,4.0,3.62
298,70663,2.5,0.0
527,30,1.0,0.0
560,128360,3.5,3.97
221,2985,3.0,3.49
105,52281,5.0,3.87
352,84954,2.5,3.67
498,110,5.0,4.03
480,2572,2.5,3.8
288,1660,3.0,0.0
28,4378,3.0,3.81
122,52319,4.5,3.07
323,2803,3.0,3.0
425,1917,3.5,3.04
89,33679,2.5,3.43
585,79132,4.0,4.12
209,2959,4.5,4.3
36,2359,4.5,3.51
600,1198,4.0,4.38
177,4995,4.0,4.46
573,2571,5.0,4.38
68,7254,2.5,4.07
177,3798,3.5,3.36
441,91529,5.0,4.07
206,661,5.0,3.41
582,81834,5.0,4.09
467,2493,4.0,0.0
387,2337,3.5,0.0
432,44759,3.0,1.75
580,2692,4.0,4.05
160,1107,3.5,0.0
105,8665,3.5,4.11
125,6874,4.5,3.91
561,34,2.5,3.71
199,44195,4.0,4.03
462,345,1.0,3.75
414,33493,4.0,3.95
405,1295,4.0,2.45
232,3949,4.5,4.12
225,2406,3.0,3.52
414,48738,4.0,4.63
292,102123,1.5,2.97
64,2450,2.0,2.85
62,87430,3.5,2.39
474,6225,3.0,0.0
580,8361,3.5,3.25
580,34150,3.0,2.73
181,161,4.0,3.76
239,4022,3.5,3.82
380,5971,5.0,4.11
230,2985,1.0,3.47
520,4306,4.0,3.94
418,106766,4.5,3.42
370,2762,4.5,3.96
387,63,2.0,3.06
298,165,3.0,3.87
288,1350,3.0,3.94
105,915,4.0,4.06
217,2253,3.0,2.29
381,54001,4.5,3.94
274,6586,2.5,3.44
34,3717,4.5,3.28
330,1500,2.5,3.72
149,788,4.0,2.71
177,6624,2.0,2.28
599,5548,2.5,0.0
599,1196,5.0,4.65
182,5507,3.5,2.7
586,106487,3.5,3.59
610,27905,3.5,0.0
474,6235,3.5,5.55
249,116823,4.0,4.22
275,4993,4.0,4.25
64,2406,3.5,3.61
515,174055,4.0,3.46
166,1276,4.5,4.32
129,1358,0.5,4.1
82,6,3.5,3.98
274,558,4.0,3.28
380,32019,3.0,2.51
381,2294,3.0,3.41
8,356,3.0,4.2
334,1240,3.5,3.89
258,72641,3.0,3.68
489,7153,4.0,4.26
513,150,4.5,3.81
105,147196,5.0,0.0
68,6711,5.0,4.43
438,4018,3.5,3.37
357,780,4.0,3.56
436,532,3.0,3.09
346,7234,3.5,4.45
425,1387,3.0,4.16
435,3578,4.5,4.02
458,39,4.0,3.32
260,4027,4.0,3.78
339,111,4.0,4.38
64,1258,3.5,4.3
292,1307,3.0,4.0
51,53953,3.5,2.99
414,6323,3.5,4.04
105,5373,4.0,0.0
469,2132,4.0,3.94
344,111443,3.0,0.0
141,115713,4.5,4.02
560,109313,4.0,0.0
249,93831,4.0,2.31
352,1213,3.5,4.34
21,7570,4.5,3.14
232,52328,3.0,4.26
42,4008,4.0,3.61
240,344,5.0,3.05
434,1517,4.0,3.64
474,4022,3.5,4.08
317,4306,4.0,3.93
602,861,4.0,4.2
561,49272,3.0,4.18
565,357,4.0,3.54
91,2723,3.5,3.1
599,3108,3.0,3.9
324,3884,2.0,1.24
256,4018,4.0,3.23
68,3552,4.0,3.98
551,91542,4.0,3.77
288,5040,3.0,3.21
610,3681,5.0,4.63
182,1747,3.5,3.58
108,3072,3.0,3.43
318,3751,3.5,3.63
199,2006,3.0,3.14
266,1784,3.0,3.84
217,720,4.0,4.27
354,1233,4.0,4.26
414,7150,3.0,2.8
51,70,5.0,3.69
477,432,3.0,2.64
555,356,5.0,4.38
91,1917,2.5,3.06
448,79185,1.0,3.84
307,186,0.5,3.28
182,2924,3.5,4.43
599,3863,2.5,3.17
507,47,3.0,3.98
305,2115,1.0,3.74
201,2080,4.0,3.52
436,34,5.0,3.64
606,46965,1.0,2.63
599,704,0.5,2.73
314,327,1.0,2.96
328,1302,0.5,3.74
19,65,2.0,2.87
294,1615,2.0,3.2
411,587,4.0,3.47
428,3081,4.0,3.56
256,520,4.0,3.04
226,2273,3.5,3.59
373,362,1.0,3.71
503,4537,4.5,4.26
57,589,4.0,4.17
7,4223,2.0,3.69
132,7022,3.5,3.85
538,671,5.0,3.44
51,1580,5.0,3.62
159,89864,3.5,3.67
117,186,3.0,3.09
596,49530,2.5,3.94
480,32584,2.5,3.65
58,19,1.0,2.86
517,3398,1.0,3.43
288,2502,3.5,4.25
181,5,3.0,3.06
105,4993,4.0,4.35
187,4967,4.5,4.31
318,6440,3.5,4.21
318,2467,3.5,3.97
140,4963,3.0,4.12
21,7573,5.0,2.99
573,4718,4.5,3.05
377,6656,4.0,0.0
509,26999,3.0,0.0
284,223,5.0,3.93
462,535,4.5,3.2
70,3543,4.0,3.8
342,1799,3.0,3.45
436,587,4.0,3.47
182,3000,5.0,4.14
177,8984,3.5,3.28
610,912,3.5,4.47
605,62970,3.0,0.0
474,1350,4.0,4.07
590,6863,3.0,3.58
428,3555,2.0,3.46
249,38061,4.0,4.5
474,4815,3.0,3.37
501,661,1.0,3.41
279,7153,4.0,4.23
50,903,4.0,4.11
28,3052,3.0,3.79
62,778,4.5,4.22
225,1321,4.0,3.36
414,7165,3.0,0.0
553,1213,5.0,4.33
580,3949,3.5,3.98
300,5995,4.5,3.96
474,7013,4.5,4.37
308,1246,5.0,4.06
227,150,4.0,3.82
398,32,5.0,3.99
83,5903,3.5,3.92
606,1873,4.5,4.18
177,11,3.0,3.83
438,5804,2.5,0.0
387,8972,3.5,3.43
580,1784,4.0,3.91
414,45666,2.5,3.13
597,780,1.0,3.58
270,736,4.0,3.43
298,4447,1.0,3.18
419,57368,4.0,3.2
334,908,3.5,4.16
105,26662,4.0,4.21
42,3253,4.0,3.65
232,55267,3.0,3.23
590,1265,4.0,4.23
569,377,5.0,3.55
24,2115,4.0,3.63
212,168366,4.0,0.0
495,1499,2.5,1.48
603,3783,4.0,4.11
107,434,3.0,3.01
571,1219,4.0,4.01
286,6373,3.0,3.24
368,1127,4.0,3.55
307,2432,2.0,0.0
73,8807,4.0,3.69
233,1089,2.5,4.3
111,181065,3.5,0.0
600,1296,1.5,4.44
474,2797,4.0,4.08
210,122924,4.0,3.03
410,3468,5.0,4.4
509,74677,4.0,0.0
274,2498,2.0,1.75
387,1273,4.0,4.0
564,35836,3.5,3.68
282,3114,4.5,3.91
192,317,3.0,3.16
142,592,3.0,3.53
396,1320,0.5,3.16
288,1101,3.0,3.4
160,788,1.0,2.83
483,1644,1.0,2.15
528,33794,4.5,3.85
235,10,2.0,3.47
290,3007,4.0,0.0
606,4439,3.5,0.0
380,4306,5.0,4.34
274,70,4.5,3.95
288,30810,4.5,3.64
274,3969,3.5,3.69
380,4148,3.0,3.04
597,2108,4.0,3.6
480,32587,4.0,4.14
210,128842,4.0,0.0
347,587,4.0,3.42
562,1240,5.0,3.92
479,2367,2.0,2.43
391,912,5.0,4.42
610,4718,3.5,3.3
217,748,3.0,3.14
410,3925,5.0,3.68
448,3763,4.5,3.59
93,318,4.0,4.5
104,80584,4.0,0.0
66,18,4.0,3.75
587,1135,4.0,3.02
520,61240,2.0,4.06
71,802,5.0,3.29
91,2529,4.0,3.86
149,1334,4.0,2.49
274,7368,3.5,0.0
599,1639,3.5,3.83
368,1686,3.0,0.0
256,56251,4.0,4.06
318,1175,3.5,4.22
217,2151,3.0,3.86
298,2021,3.5,3.31
573,4816,5.0,3.52
408,85510,3.5,3.04
66,4654,3.5,2.97
493,592,4.0,3.54
592,329,3.0,3.43
111,55872,3.0,3.72
599,3937,1.5,3.09
567,3266,5.0,4.3
492,832,5.0,3.35
200,48738,4.0,3.93
448,63131,3.0,3.88
487,2571,3.0,4.21
182,1391,4.0,3.39
309,318,4.0,4.52
219,31221,0.5,2.19
382,98809,4.5,4.03
182,3117,4.5,0.0
205,4896,4.5,3.8
391,2080,5.0,3.57
514,3421,4.0,3.9
599,56286,3.0,0.0
483,56251,5.0,4.13
377,5049,4.0,3.6
599,1499,2.0,1.39
23,334,4.0,4.0
567,97836,1.5,2.98
438,49272,4.0,4.19
262,515,5.0,3.56
559,432,3.0,2.58
480,19,1.5,3.01
564,49286,3.0,3.05
429,300,4.0,3.42
351,5608,4.0,3.89
317,6708,3.0,3.82
603,4056,4.0,2.46
380,1982,5.0,4.1
577,1690,3.0,2.97
448,55768,3.5,3.29
417,1198,2.5,4.3
10,1247,3.0,4.06
16,593,3.0,4.24
352,4306,3.0,3.98
353,296,5.0,4.24
189,3578,4.0,4.01
448,223,4.0,4.15
198,1172,5.0,3.93
489,1961,4.0,4.03
101,2598,2.0,2.81
227,48774,4.5,4.15
305,3527,4.0,3.71
337,1210,5.0,4.19
381,1500,4.0,3.74
382,33660,4.0,4.14
18,122892,3.5,4.04
135,367,4.0,3.34
265,1214,2.0,3.98
600,1029,3.5,3.61
318,3424,3.5,4.09
599,8665,3.0,4.18
68,6297,3.5,3.81
292,253,1.5,3.62
279,115569,4.5,4.27
334,4235,3.5,4.04
167,4369,1.0,3.18
381,4370,3.0,3.46
227,457,4.0,4.04
292,296,3.0,4.26
205,88125,4.0,3.81
434,48774,5.0,4.22
57,1388,2.0,2.43
305,8985,4.0,2.82
610,69275,4.0,4.4
534,67197,3.5,2.74
42,3255,3.0,3.54
526,106920,4.0,3.85
448,7076,4.0,3.07
599,1351,2.0,2.48
539,318,4.0,4.49
139,48780,2.5,4.25
84,1132,4.0,4.21
414,43917,3.5,0.0
215,356,3.5,4.21
564,1968,4.0,3.79
579,3114,5.0,3.87
41,597,3.0,3.55
350,7,3.0,3.13
414,1753,2.5,3.87
567,26743,2.5,0.0
369,2706,3.5,3.37
125,858,4.5,4.37
256,204,4.5,2.78
540,2598,3.0,2.8
524,1200,5.0,4.0
527,3036,5.0,3.54
353,47,5.0,4.02
288,2867,3.0,3.58
517,3599,1.0,3.88
391,1196,5.0,4.33
600,2606,2.0,2.71
45,2329,5.0,4.41
414,54259,3.5,4.15
10,49286,5.0,2.98
216,2788,3.0,4.19
513,110,4.0,4.0
91,3671,4.5,4.03
141,109374,5.0,3.91
140,1090,4.0,4.08
241,3910,5.0,3.7
514,2918,4.0,3.98
69,1266,5.0,4.15
391,3000,4.0,4.08
34,3624,4.0,3.23
103,77561,0.5,3.72
511,68954,4.5,4.07
249,46723,4.0,3.91
239,4776,4.0,3.85
599,5903,2.5,4.15
182,1370,3.5,3.68
592,303,3.0,3.13
20,3793,3.5,3.72
217,2779,3.0,3.38
36,1892,3.5,3.16
247,5989,3.5,4.09
414,1101,5.0,3.67
474,8530,4.0,0.0
274,3968,3.5,3.32
265,2364,2.0,0.0
577,2146,4.0,3.26
372,1390,4.0,2.68
256,4701,4.5,3.31
351,51662,4.0,3.68
338,122912,1.5,4.35
499,4642,5.0,4.01
18,53972,3.0,3.77
111,719,4.0,3.12
462,148626,3.5,3.92
332,3470,4.0,4.23
559,783,4.0,3.43
181,1082,3.0,3.71
605,1367,3.0,3.13
490,54272,3.0,3.61
387,4553,3.0,3.82
274,968,3.0,3.75
322,2052,2.0,2.78
137,1301,4.0,3.81
599,892,3.5,3.54
568,3053,4.0,4.11
309,973,4.0,3.91
365,216,3.5,3.41
50,92046,3.0,0.0
100,6377,4.0,3.99
571,2288,2.0,4.04
599,1015,1.5,3.47
247,2329,3.0,4.3
307,32031,2.5,3.2
247,40815,2.0,3.82
477,1193,4.5,4.33
274,6464,3.5,0.0
222,102686,3.5,3.52
590,4262,4.5,4.0
105,111622,4.0,0.0
289,16,4.5,3.97
169,1777,4.0,3.53
414,2513,2.0,2.66
426,4306,4.5,3.92
409,3813,4.0,0.0
462,179813,4.0,0.0
389,32,4.0,3.97
414,3070,4.0,3.32
220,223,5.0,3.94
133,377,3.0,3.55
514,84772,3.5,3.44
605,56171,3.0,3.05
436,485,3.0,3.2
249,4489,3.5,3.49
169,3421,4.0,3.81
4,3897,4.0,3.86
73,2706,3.5,3.38
380,3979,2.5,2.9
42,1090,5.0,4.03
304,1240,5.0,3.93
387,1025,3.0,4.01
368,3173,3.0,3.22
42,1722,5.0,3.13
288,6303,3.5,3.91
186,1307,3.0,3.97
361,53125,4.0,3.59
391,3256,3.0,3.81
603,426,4.0,0.0
469,1858,2.0,2.8
381,1073,4.0,4.04
599,4155,2.5,3.44
140,1028,4.0,3.93
610,8783,3.0,3.43
606,5943,3.0,2.59
387,51255,3.5,4.2
41,593,4.0,4.29
222,3273,3.0,2.48
266,135,1.0,2.98
177,4306,4.0,4.15
232,59501,3.0,3.61
482,6787,3.5,4.01
527,3016,4.0,2.81
57,588,4.0,4.1
95,541,5.0,4.14
298,4973,3.0,4.41
443,1200,3.0,3.95
380,51662,4.0,3.96
483,4370,4.0,3.42
95,3019,5.0,4.25
514,2144,3.0,3.78
365,80549,4.5,3.86
469,1261,4.0,4.02
163,1614,3.0,2.83
468,160,2.0,2.89
608,6820,3.5,4.13
148,5618,3.0,4.07
4,215,5.0,3.93
105,86066,4.0,0.0
249,1408,4.0,3.82
111,94953,4.5,3.07
84,17,5.0,3.78
452,3633,3.0,3.41
91,2395,1.0,3.58
541,165,3.0,3.72
139,45722,2.5,3.59
441,122886,4.5,3.89
307,40581,2.5,2.72
597,1307,5.0,4.04
119,84392,4.0,3.59
249,3686,3.0,3.25
68,1584,2.5,3.96
66,1862,1.0,2.26
596,163639,4.0,0.0
570,48738,3.5,3.81
551,2000,4.0,3.71
68,49274,3.0,2.52
314,163,3.0,3.58
543,4226,5.0,4.11
307,3535,5.0,3.92
414,86332,3.0,4.35
356,64957,3.0,3.85
202,3260,4.0,4.23
422,4190,4.0,0.0
367,1028,5.0,3.84
220,5464,4.5,3.65
243,588,3.0,3.91
448,3707,2.0,2.95
414,5993,4.0,2.49
427,5400,2.0,3.19
427,1247,3.5,4.04
275,1179,5.0,3.8
223,2144,4.0,3.72
122,589,5.0,4.13
249,318,4.5,4.57
177,1333,4.0,3.84
51,1500,5.0,3.72
412,34,5.0,3.64
600,1499,2.0,1.4
448,7046,3.0,2.68
135,292,4.0,3.44
23,923,4.0,4.03
91,608,3.5,4.25
597,357,5.0,3.67
474,4571,4.5,4.05
247,136864,2.5,2.37
361,4246,3.5,3.67
346,4816,3.0,3.46
196,5952,3.0,4.01
448,85881,3.5,4.51
474,47465,3.5,0.0
598,130490,5.0,2.13
489,45447,3.5,3.36
469,1320,3.0,3.25
599,1036,4.0,4.26
166,32,4.0,4.05
91,3727,4.5,4.25
590,196,2.5,2.76
587,587,5.0,3.46
380,6534,3.0,2.98
147,543,2.5,3.3
28,38886,2.0,3.42
6,510,3.0,0.0
177,83132,2.5,4.08
313,1291,4.0,4.2
105,122904,4.0,4.35
368,3256,3.0,3.9
160,296,5.0,4.31
318,2952,3.0,3.7
112,1,3.0,3.97
104,33004,4.0,3.49
68,49772,2.5,4.86
34,27801,5.0,3.8
577,1270,5.0,4.08
376,33794,4.0,3.87
321,736,4.0,3.48
103,953,4.0,4.26
599,3252,4.0,3.89
534,2949,4.0,3.72
601,5971,4.5,4.0
562,44974,5.0,3.28
492,736,4.0,3.49
10,66203,3.5,2.65
514,2406,3.0,3.6
102,158,3.0,2.94
274,5363,2.5,3.0
177,4069,4.0,3.15
125,92259,4.0,4.19
19,7,2.0,3.2
232,2021,3.5,3.26
64,159,3.5,2.74
283,587,2.0,3.42
474,1022,4.0,3.82
28,54503,3.5,4.14
323,48,3.5,3.29
105,5349,3.5,3.71
527,969,4.0,4.06
370,4878,4.0,4.07
287,2747,3.0,3.21
469,2858,5.0,4.17
411,480,5.0,3.76
400,858,5.0,4.33
609,731,4.0,0.0
348,750,4.5,4.3
607,1240,5.0,3.91
600,172,2.0,2.69
564,2706,4.0,3.37
1,1029,5.0,3.55
184,102123,3.5,3.06
19,2054,3.0,2.93
525,68358,3.0,4.31
380,8866,3.0,3.06
71,801,4.0,3.06
599,88593,2.5,0.0
307,4306,2.5,4.07
408,134130,4.0,3.98
446,589,5.0,4.04
509,1682,4.0,3.96
507,34,5.0,3.61
260,1288,5.0,4.09
563,1197,3.0,4.32
599,2572,3.0,3.85
385,1196,5.0,4.27
369,6296,3.0,3.91
555,2375,4.0,3.07
414,3684,3.0,3.72
90,1116,4.0,0.0
485,588,4.0,3.89
517,3418,1.0,3.62
249,1527,4.0,3.81
603,2424,2.0,3.33
608,1644,3.0,2.21
160,442,2.0,3.11
479,2683,5.0,3.17
63,3421,2.5,3.88
603,1922,4.0,0.0
223,47,3.0,3.99
68,541,2.0,4.2
64,5669,3.5,3.95
600,1608,2.5,3.49
503,2571,4.5,4.21
225,1923,4.0,3.71
603,2110,4.0,3.51
610,156371,5.0,0.0
474,2915,2.0,3.81
140,44709,4.0,3.64
414,1060,5.0,3.94
105,134252,4.5,0.0
356,63082,4.0,4.07
249,46965,3.0,2.66
414,33794,4.5,4.48
489,2617,2.5,3.19
448,7143,4.0,4.07
137,2571,4.0,4.21
608,4448,4.5,3.48
448,132046,2.0,2.92
143,2144,5.0,3.7
256,5218,4.5,3.83
41,122904,0.5,4.1
474,2822,2.5,2.93
462,44555,4.5,4.14
606,2174,4.0,3.53
27,2478,5.0,3.17
240,169,3.0,2.32
462,6001,3.5,4.36
480,1203,5.0,4.29
182,4262,4.0,4.08
95,176,4.0,4.21
380,49651,5.0,3.47
477,6863,3.5,3.53
475,34150,4.0,2.82
401,157296,3.0,3.64
307,8910,3.5,3.65
453,3979,2.0,2.82
415,608,4.5,4.15
19,353,5.0,3.59
605,1197,5.0,4.31
448,77191,2.5,0.0
551,110,3.5,4.06
594,990,4.5,3.02
294,2013,2.0,3.02
202,1641,4.0,3.78
535,2683,1.0,3.16
105,1233,4.0,4.37
160,1035,2.0,4.14
136,317,3.0,3.22
384,4333,4.0,3.42
414,69122,4.0,4.39
68,1198,5.0,4.56
328,4973,4.5,4.37
46,349,3.0,3.73
300,318,4.0,4.51
243,356,4.0,4.18
398,59387,5.0,4.02
339,90531,3.5,3.79
414,6542,3.5,0.0
470,300,4.0,3.43
160,2363,1.0,2.67
141,318,4.0,4.54
232,7153,4.0,4.42
414,5791,3.0,3.88
274,2328,4.5,2.78
307,33836,2.5,2.43
135,3996,5.0,3.89
109,223,3.0,3.93
603,2844,4.0,1.88
453,5225,4.0,3.98
275,2692,4.0,4.05
182,1270,3.0,4.17
6,145,4.0,3.41
480,1923,4.0,3.93
503,480,3.5,3.74
434,2699,2.5,2.95
275,2824,5.0,0.0
164,592,3.0,3.53
58,234,4.0,2.65
276,480,5.0,3.75
354,586,3.0,3.11
473,48385,3.5,3.25
45,2763,4.0,3.73
477,586,3.0,3.25
456,65,2.0,2.82
606,172,3.0,2.72
156,541,4.0,4.15
209,51255,4.5,3.93
178,2231,4.5,3.81
599,3186,3.0,3.64
475,88125,5.0,3.91
460,3615,3.0,3.27
139,53000,1.5,3.76
188,2918,5.0,3.84
307,2504,2.0,3.7
215,1291,3.5,4.17
274,65126,3.5,0.0
87,1345,3.5,3.31
279,1222,4.0,4.12
298,5992,2.5,3.74
64,39183,4.0,3.62
294,2518,2.0,3.28
325,223,3.0,3.95
109,514,3.0,3.53
219,31696,3.0,3.68
84,236,3.0,3.47
53,203,5.0,3.58
601,109487,5.0,3.94
83,4995,3.0,4.09
91,3704,3.5,3.54
51,3070,5.0,3.43
474,25750,4.0,0.0
186,1196,5.0,4.3
425,485,3.0,3.28
298,8907,0.5,2.34
414,45662,2.5,2.71
89,94503,4.5,3.19
332,4262,3.5,3.94
305,2985,5.0,3.56
414,2182,3.5,0.0
76,1208,4.0,4.22
177,3499,4.0,4.0
414,4638,3.0,3.36
607,3157,3.0,2.75
92,2664,3.5,3.83
41,6373,4.0,3.27
345,1127,3.5,3.48
313,2959,5.0,4.34
182,4234,3.0,3.37
534,88140,3.5,3.93
555,529,3.0,3.94
267,480,5.0,3.77
246,6350,4.5,4.16
610,784,5.0,3.41
474,2247,2.0,3.73
147,555,4.5,3.77
318,89753,4.0,3.92
380,73017,3.0,4.37
318,673,3.5,3.05
234,1370,3.0,3.54
587,2080,4.0,3.55
474,6104,4.0,4.2
57,382,2.0,3.5
606,7154,3.5,2.89
221,2469,4.5,3.45
599,3362,3.5,4.18
229,592,3.0,3.53
567,99764,5.0,0.0
163,1676,3.0,3.46
448,90866,4.0,3.85
133,588,3.0,3.88
414,1387,4.0,4.37
522,858,4.5,4.43
260,8607,3.0,3.82
169,661,4.0,3.43
489,367,1.5,3.41
424,30825,3.5,3.12
57,1498,2.0,3.24
322,4010,3.0,2.85
228,1590,4.5,3.08
325,4643,2.0,2.81
610,48780,4.0,4.55
63,3949,5.0,3.96
57,1385,2.0,3.1
18,8984,3.0,3.22
561,2143,3.5,3.01
480,4239,3.0,4.08
261,7361,5.0,4.26
239,1221,5.0,4.35
562,527,4.5,4.35
469,3635,3.0,3.4
275,5272,3.0,0.0
36,5956,2.0,3.59
363,708,3.5,3.31
567,86059,1.5,0.0
274,196,3.5,3.01
68,4015,2.0,3.3
209,2628,2.0,3.2
387,6378,3.0,3.85
361,377,3.0,3.59
437,86,3.0,3.55
175,7169,5.0,4.38
368,2688,3.0,2.93
2,99114,3.5,3.96
239,1672,4.5,3.46
103,48780,4.5,4.29
215,1089,3.0,4.27
551,77561,4.0,3.68
590,303,3.0,3.07
477,66934,5.0,4.03
332,1682,4.5,3.94
298,59315,3.5,4.06
524,913,3.0,4.14
6,304,4.0,3.69
413,3624,5.0,3.21
177,93006,4.0,0.0
156,1079,4.0,4.18
119,6934,4.5,3.23
405,4878,4.0,4.08
599,3668,3.0,4.02
431,466,2.0,2.97
71,733,3.0,3.71
288,2903,3.0,0.0
21,902,3.0,3.92
121,300,3.0,3.43
517,30749,0.5,4.05
249,55269,4.0,3.85
4,4033,4.0,4.01
518,6323,4.5,3.6
517,919,4.5,3.96
448,157172,0.5,0.0
387,1097,3.5,4.0
74,48774,4.0,4.18
414,64983,3.0,3.65
599,179817,3.0,0.0
608,163,3.0,3.84
585,441,3.5,3.93
109,14,4.0,3.79
170,594,3.0,3.62
277,719,4.0,3.02
599,26195,3.0,0.0
414,37727,4.0,3.16
528,81834,1.5,4.04
325,5139,3.0,3.39
552,3361,3.0,3.85
64,1183,4.0,3.84
448,3072,3.0,3.75
16,849,4.0,2.84
64,3253,4.5,3.59
281,362,2.0,3.65
288,2116,3.0,3.34
50,63312,2.0,0.0
219,4388,0.5,2.72
131,5959,2.5,3.43
336,2001,3.5,3.19
288,1270,5.0,4.21
341,480,2.0,3.75
265,1678,3.0,3.64
4,1077,5.0,3.78
305,4439,3.5,0.0
448,59615,2.0,2.94
381,66097,5.0,3.94
181,370,3.0,3.18
414,3823,4.0,0.0
489,6377,4.0,4.23
102,47,5.0,3.99
1,423,3.0,2.72
274,54503,3.5,4.44
517,2396,1.5,3.87
445,4995,4.0,4.07
590,153,2.5,3.06
226,1193,4.0,4.34
288,2142,3.0,2.51
212,54286,3.0,3.75
610,77364,2.5,3.4
219,317,3.0,3.33
113,1564,5.0,0.0
610,6874,4.5,3.96
51,5339,3.5,4.06
599,114627,3.0,0.0
159,4308,2.5,3.65
448,47640,2.5,3.94
294,1135,4.0,3.04
563,59258,2.0,3.1
268,1206,3.0,4.16
477,2036,3.5,1.98
10,5952,4.0,4.02
531,1961,5.0,3.86
391,1094,4.0,3.6
288,2095,3.5,2.62
610,105504,3.0,4.6
600,8533,3.0,3.68
474,4970,4.0,0.0
249,3744,3.0,3.17
356,4878,5.0,4.16
177,1265,4.0,4.27
48,2571,5.0,4.19
125,52973,4.5,3.93
184,159817,5.0,4.2
132,5956,1.5,3.67
125,1732,4.5,3.96
414,59615,2.5,3.03
45,3052,4.0,3.79
606,11,2.5,3.93
219,8807,4.0,3.7
596,91529,3.5,4.31
111,65230,2.5,3.28
274,33834,3.5,3.54
177,3408,4.0,3.8
42,3033,4.0,3.47
284,237,5.0,3.33
525,61240,4.0,4.04
448,4159,2.0,2.84
393,45722,5.0,3.6
58,300,5.0,3.43
507,349,3.0,3.7
607,3440,3.0,2.06
68,4638,2.0,3.19
12,2572,5.0,3.64
414,1680,3.0,3.99
194,7143,4.5,3.87
93,2424,4.0,3.22
479,2891,5.0,0.0
414,47610,3.5,4.5
567,180985,1.0,3.64
555,2000,5.0,3.86
234,2953,1.0,2.71
520,4526,4.0,2.91
270,708,3.0,3.32
91,5378,4.0,3.41
28,54736,2.5,3.98
33,2080,4.0,3.51
412,2542,4.0,4.03
122,91535,4.0,3.29
387,4065,2.5,0.0
576,1188,1.0,3.85
105,112556,4.0,3.8
182,6796,3.0,4.06
378,318,4.5,4.51
391,5026,3.0,3.88
305,33493,3.5,3.76
606,8966,3.5,3.28
340,457,5.0,4.04
477,40815,3.5,3.9
608,2600,4.5,3.94
233,1059,3.5,3.74
579,2496,4.0,2.97
361,5106,1.5,2.49
279,175303,5.0,3.29
313,3386,3.0,3.17
70,3468,5.0,4.38
89,4014,1.5,3.66
284,432,3.0,2.56
414,349,3.0,4.16
438,1302,4.0,3.84
552,1704,4.0,4.13
414,2375,3.0,3.6
93,260,5.0,4.24
62,1653,5.0,4.17
205,104913,3.0,3.94
284,420,3.0,2.88
330,2140,3.5,3.6
305,163645,4.0,4.42
140,707,3.0,3.02
599,3489,3.0,3.83
266,1617,4.0,4.09
312,527,5.0,4.27
40,21,4.0,3.51
42,2671,4.0,3.52
108,480,4.0,3.74
249,3271,4.0,4.06
187,6062,4.0,2.8
380,899,3.0,4.31
202,3214,2.0,0.0
202,3505,5.0,3.62
50,5669,2.5,3.85
38,376,4.0,3.31
249,49651,3.5,3.45
221,5954,4.5,3.91
264,1210,3.5,4.18
182,3827,2.5,3.14
469,112,3.0,3.51
105,64993,4.5,2.89
39,1200,5.0,3.98
448,4104,1.0,0.0
448,69122,3.0,4.17
509,6156,3.0,3.28
387,175,4.0,4.24
345,7121,5.0,4.66
414,34536,4.0,3.39
382,4638,3.5,3.04
294,3552,5.0,3.83
334,27773,3.0,4.1
211,54286,4.0,3.72
288,1603,2.0,2.42
84,11,4.0,3.77
216,3555,3.0,3.45
226,1206,4.0,4.17
437,1488,3.0,2.92
436,8,3.0,3.01
42,2169,2.0,2.73
42,2581,3.0,3.01
420,2819,4.0,3.53
385,1079,4.0,4.04
474,3928,3.5,0.0
396,1747,3.0,3.4
28,8665,3.5,4.05
381,1722,3.5,3.11
244,541,4.0,4.1
224,2150,5.0,3.79
197,2167,2.0,3.54
63,1704,3.5,4.21
532,3147,5.0,4.15
474,4881,4.0,4.37
256,68791,3.0,3.55
167,69,2.5,3.69
605,74530,3.0,2.4
395,1025,3.0,3.73
186,2115,4.0,3.71
448,2383,2.0,0.0
144,47,4.5,4.04
119,102481,4.0,3.68
534,108932,4.0,4.02
590,1544,3.0,2.87
514,4533,3.0,4.01
495,99007,4.5,3.17
559,405,2.0,2.68
23,3181,3.5,3.67
610,114670,3.5,0.0
387,6807,4.0,4.17
68,176371,3.5,3.91
18,56757,4.0,3.95
489,47,3.0,4.13
68,4124,2.0,0.0
469,3072,4.0,3.59
220,2985,4.0,3.52
219,2858,5.0,4.15
288,1673,2.0,4.36
51,59615,5.0,2.7
427,5065,3.5,2.91
74,2908,5.0,3.53
313,4370,3.0,3.4
64,708,4.5,3.54
182,4247,2.5,2.29
103,34437,4.0,3.51
111,1895,4.0,3.51
156,1263,4.0,4.07
249,2720,2.5,2.22
254,836,3.5,2.96
480,8866,3.0,2.97
274,4370,3.0,3.45
215,2145,4.0,3.18
89,73106,1.5,0.0
202,1292,3.0,4.02
599,41627,3.5,0.0
122,55765,5.0,4.08
387,6530,4.0,0.0
574,185,2.0,3.21
517,914,4.5,4.09
421,2858,5.0,4.07
182,2391,4.5,3.77
385,610,3.0,3.54
380,90603,5.0,0.0
64,5816,3.5,3.62
219,39292,3.5,3.71
417,6874,5.0,3.93
45,88,4.0,3.29
438,1608,3.5,3.63
298,2918,3.0,4.01
64,6,4.5,4.09
428,3000,2.5,4.07
484,1644,3.0,2.11
43,23,5.0,2.89
57,1747,4.0,3.46
14,32,4.0,3.98
304,165,4.0,3.8
607,858,4.0,4.33
604,208,3.0,3.0
451,94,4.0,3.93
599,73,3.0,3.5
305,96610,2.5,3.89
253,66097,4.5,3.71
221,4681,4.0,3.67
560,54286,4.0,3.82
405,293,4.0,4.07
204,1653,5.0,4.02
414,68205,3.5,3.11
486,44,4.0,2.48
312,2011,4.0,3.48
19,2985,3.0,3.56
367,3784,5.0,2.24
333,1272,3.0,4.2
577,1931,4.0,0.0
590,7367,2.5,2.47
599,135456,3.5,0.0
182,5530,3.5,1.59
425,4306,4.0,4.03
391,1429,3.0,3.74
362,5784,4.0,2.26
483,3269,2.5,2.89
414,8869,2.5,3.93
425,1589,3.5,3.43
339,105504,4.5,4.41
382,2990,4.0,3.41
126,380,5.0,3.6
217,471,2.0,3.74
599,5816,3.0,3.59
469,1476,2.0,3.76
325,22,3.0,3.15
288,6012,3.0,2.7
448,131480,2.0,0.0
477,2294,4.0,3.42
226,1230,4.0,4.2
51,6323,4.5,3.71
562,99007,4.0,3.15
305,90405,3.0,3.71
313,2021,4.0,3.34
305,112852,4.5,4.46
226,4571,5.0,3.77
414,175569,4.0,4.08
462,96488,4.0,4.34
527,1035,5.0,4.1
3,7899,4.5,0.0
339,72011,4.5,3.7
448,5541,4.0,3.42
294,3506,2.0,3.04
520,7147,4.0,3.85
279,148626,3.5,3.89
210,89745,4.5,3.97
226,1247,4.0,4.15
266,223,4.0,3.95
419,778,5.0,4.14
91,1,4.0,4.13
53,748,5.0,2.87
249,90249,3.5,3.57
63,92535,5.0,4.67
438,1777,2.0,3.61
527,1287,4.0,4.05
420,54881,4.0,3.92
298,112552,3.5,4.37
60,58559,5.0,4.16
477,2115,4.0,3.76
474,3578,3.0,4.4
45,2105,3.0,3.42
82,6566,1.5,2.28
305,63992,3.0,2.56
561,111364,4.0,2.47
182,5218,3.5,3.95
430,1680,5.0,3.39
483,2762,3.5,4.16
68,6333,4.5,4.17
448,58803,4.0,3.67
202,920,4.0,3.71
414,6538,4.0,4.65
19,1500,2.0,3.74
117,193,2.0,2.54
68,2840,3.5,3.08
195,150,4.0,3.87
414,6337,4.0,3.08
610,117867,4.0,0.0
603,3418,4.0,3.7
525,5299,2.0,3.31
414,1704,5.0,4.78
17,592,4.5,3.56
372,1033,2.0,3.65
428,2723,3.5,3.03
198,780,2.0,3.54
331,3623,2.0,2.7
346,357,4.5,3.55
509,96110,3.0,3.79
181,382,3.0,3.43
282,6377,5.0,4.08
381,1917,3.0,3.08
552,6503,2.0,2.58
563,1270,3.5,4.01
155,2880,3.0,2.9
536,232,2.0,3.96
605,533,4.0,3.24
453,1873,3.0,4.01
318,2797,3.5,3.85
480,39414,3.5,3.0
380,54001,5.0,4.05
599,161032,2.5,0.0
312,5451,4.0,2.82
125,7361,4.5,4.36
371,1676,4.0,3.46
140,3198,4.0,3.82
456,64,3.0,2.12
274,4700,2.5,3.5
527,2135,4.0,4.09
232,8985,3.0,2.93
305,105355,2.5,0.0
462,1252,5.0,4.4
22,37733,2.5,3.66
104,858,1.5,4.34
153,4896,3.0,3.79
73,8961,4.0,3.94
489,1263,4.5,4.04
28,6884,3.5,0.0
68,1884,2.5,4.12
298,139642,2.0,2.56
596,3624,3.5,3.36
556,48394,4.0,3.8
274,2548,2.0,0.0
82,6006,3.0,2.58
298,91542,3.0,3.84
484,1753,5.0,3.41
448,91628,2.0,0.0
274,52435,3.5,3.39
448,1955,3.0,4.4
119,88163,4.0,4.2
484,594,5.0,3.65
610,61240,5.0,4.2
489,55269,2.5,3.72
339,56174,4.5,3.58
414,2028,5.0,4.67
89,3061,2.0,3.82
111,72998,2.0,3.85
195,5010,3.0,3.94
47,6765,3.0,3.57
119,47099,4.0,3.82
169,1136,5.0,4.27
288,48414,3.0,0.0
564,39,3.5,3.31
178,593,4.5,4.22
33,2087,3.0,3.44
40,82,5.0,3.42
573,69122,4.5,3.87
447,520,3.0,3.07
156,4734,3.0,3.13
387,54190,3.0,4.18
177,98154,4.5,4.64
372,1213,5.0,4.36
414,991,4.0,3.19
144,784,1.5,3.01
483,2394,4.5,3.45
590,3868,3.0,3.44
448,55995,2.0,3.04
226,6711,4.5,4.26
514,1330,2.0,1.36
45,2716,4.0,3.89
356,2918,5.0,3.98
298,784,1.5,3.14
603,648,2.0,3.68
452,4643,5.0,2.87
414,4215,2.0,0.0
603,2577,3.0,0.0
249,67734,2.5,3.77
144,4979,3.5,3.74
414,4345,3.0,4.88
599,1200,5.0,4.4
132,5620,2.0,2.91
226,5584,3.5,0.0
474,1374,4.0,3.86
177,1953,2.5,4.01
28,736,2.5,3.45
105,3275,4.5,4.3
414,635,3.0,0.0
219,33166,3.5,4.14
458,440,4.0,3.61
480,8376,4.0,3.15
387,6552,3.5,3.83
323,1320,3.0,3.17
10,33679,3.0,3.38
79,589,5.0,4.02
1,2492,4.0,2.68
432,84189,3.5,0.0
160,6538,3.0,4.12
132,5673,2.0,3.65
21,4718,4.5,3.09
477,2010,3.5,3.98
477,4571,4.0,3.81
249,129354,4.5,3.81
414,69406,1.5,3.93
381,1911,2.5,2.81
408,520,4.5,3.03
202,1395,3.0,3.34
19,880,2.0,3.05
210,51562,4.0,0.0
63,58559,5.0,4.36
474,25999,3.5,0.0
234,1566,5.0,3.49
100,5299,3.5,3.09
610,71745,4.0,2.91
232,43919,0.5,0.0
89,2997,3.0,4.06
527,4299,4.0,3.58
50,26422,3.0,3.25
282,134130,4.0,3.96
156,3100,3.0,4.09
82,1544,3.5,2.83
571,2513,5.0,2.53
154,86644,0.5,3.73
509,86332,3.5,3.79
180,1261,4.0,3.96
430,2699,3.0,2.99
411,327,1.0,2.96
301,8949,3.5,3.67
167,4333,3.0,3.45
352,41566,3.0,3.54
166,520,3.5,3.04
312,3024,3.0,2.57
336,1267,3.5,4.35
313,2366,2.0,3.7
188,1537,4.0,3.67
490,53125,2.0,3.58
292,1907,3.5,3.82
210,122916,4.5,3.94
590,1092,2.5,3.48
483,45722,3.5,3.69
462,2396,0.5,3.86
328,122886,2.5,3.89
599,3499,2.5,4.12
525,91869,3.5,0.0
462,2367,2.5,2.44
225,2791,4.0,3.93
202,924,5.0,4.03
19,558,2.0,3.1
263,2266,3.0,3.09
434,3948,3.5,3.57
307,9005,2.0,0.0
343,7981,5.0,4.31
7,6534,0.5,2.68
559,745,5.0,4.2
57,2005,3.0,3.78
460,48780,4.5,4.23
232,37380,2.0,2.46
480,923,5.0,4.06
318,37741,4.5,4.07
534,31878,4.5,3.7
181,596,3.0,3.43
62,5254,3.0,3.42
202,371,4.0,3.21
174,160,3.0,2.93
573,7482,4.0,4.07
63,4306,2.5,4.01
219,4446,4.0,3.53
202,3251,4.0,3.46
468,208,3.0,2.98
608,2003,2.5,3.43
288,1219,5.0,4.18
590,586,3.0,3.31
182,1464,4.5,3.44
489,7155,1.0,3.49
264,150,4.0,3.82
414,902,4.0,4.25
105,5878,3.5,3.99
596,58559,4.0,4.43
599,26539,3.0,0.0
489,1784,4.5,3.96
456,1073,3.0,3.91
66,555,3.5,3.92
372,1204,5.0,4.27
21,2700,2.5,4.0
232,5501,3.5,1.02
487,4973,3.0,4.3
572,2406,3.0,3.56
52,96079,3.0,3.83
219,434,3.0,3.21
599,3210,3.0,3.86
367,4489,4.0,3.25
199,3618,3.0,3.31
125,2843,4.0,4.03
68,60126,3.5,3.87
543,73881,5.0,0.0
111,56805,2.5,3.67
373,236,3.0,3.47
19,3797,3.0,0.0
480,27660,1.5,3.94
403,62081,3.5,2.99
212,1220,4.0,3.85
181,485,3.0,3.2
275,4066,3.0,3.36
414,5988,3.0,3.53
96,3555,3.0,3.44
414,51575,2.5,2.93
474,6157,3.0,2.59
474,5308,2.0,2.7
477,1005,2.5,1.75
230,780,3.0,3.55
195,165,2.0,3.75
23,58,3.0,3.91
217,692,1.0,1.68
561,45431,2.0,3.73
274,2617,3.5,3.34
111,2329,3.5,4.34
200,2006,4.0,3.21
68,5152,4.0,3.41
561,68358,4.0,4.24
301,356,4.0,4.22
503,4641,4.0,3.33
89,4728,3.0,3.21
432,81591,5.0,3.64
555,196,3.0,2.85
305,3916,4.0,3.82
82,595,3.0,3.89
185,3598,3.0,3.02
474,4886,3.0,4.34
608,2117,4.5,3.95
84,1103,4.0,4.04
469,32,5.0,4.07
602,555,3.0,3.81
233,60069,4.0,4.14
206,838,5.0,3.74
89,69469,5.0,0.0
101,3578,4.0,4.01
600,3821,1.0,2.5
242,329,3.0,3.4
217,785,2.0,3.65
448,26386,3.5,0.0
552,3252,3.5,3.66
365,2858,1.0,4.09
42,509,4.0,3.65
387,1997,4.0,4.19
596,60040,3.0,3.57
301,1644,0.5,2.11
221,608,5.0,4.24
391,497,4.0,3.95
387,697,1.5,0.0
221,7215,4.5,3.12
409,1394,4.0,4.21
529,733,5.0,3.7
483,27370,4.5,0.0
380,1717,2.0,3.36
64,185,3.0,3.42
17,3147,4.5,4.18
607,589,4.0,4.08
304,2858,2.0,4.08
482,2068,0.5,0.0
419,27704,5.0,0.0
200,3082,4.0,3.35
575,2580,4.0,3.86
580,2355,3.5,3.7
212,85414,2.5,3.64
514,5704,2.0,0.0
605,68554,3.5,3.07
448,86293,2.0,3.16
309,4432,4.0,4.21
599,3915,2.0,0.0
265,2105,4.0,3.42
509,34162,2.0,3.63
603,2731,5.0,3.94
414,2087,5.0,3.46
448,111795,3.0,0.0
307,4040,3.5,2.24
298,45722,2.5,3.66
387,5809,4.0,0.0
590,1210,4.5,4.37
274,4351,3.5,3.23
552,1073,4.5,3.97
197,592,5.0,3.51
563,70183,3.5,3.55
105,4728,3.5,3.24
10,106782,1.0,4.05
474,55071,4.0,0.0
474,39869,4.0,0.0
561,77561,3.0,3.79
122,70599,4.0,3.87
271,1320,3.5,3.16
608,54503,4.5,4.23
140,164,3.0,3.65
354,3994,3.0,3.67
534,85179,4.5,3.67
528,67255,4.0,3.95
420,6934,3.5,3.16
586,457,4.5,4.1
603,2420,2.0,3.91
104,6539,3.0,3.94
379,500,3.0,3.45
587,3404,5.0,3.5
182,4734,1.5,3.27
307,788,2.0,2.96
51,1407,0.5,3.29
393,1291,5.0,4.19
596,2384,3.0,2.8
583,4016,4.0,3.78
305,3499,4.0,3.97
264,5952,4.5,4.02
221,7311,3.5,0.0
45,4896,4.0,3.85
382,53464,3.5,2.53
586,111781,4.5,3.72
448,88163,3.5,4.62
534,1721,4.5,3.48
450,2924,5.0,4.18
593,1086,3.5,3.99
380,2860,2.0,2.88
382,86644,3.5,3.8
486,292,4.0,3.42
202,3707,3.0,2.74
232,919,4.0,3.87
555,372,4.0,2.83
6,637,4.0,3.54
367,4153,3.0,2.41
59,1580,3.0,3.56
220,1722,3.5,3.02
510,4993,2.5,4.16
543,4388,5.0,2.63
253,5902,5.0,3.91
325,4294,3.0,0.0
380,5690,4.0,4.45
64,4973,5.0,4.44
477,4641,4.0,3.32
380,105585,3.0,0.0
356,543,5.0,3.37
368,2535,3.0,0.0
352,66097,3.0,3.82
219,55020,4.5,0.0
140,6448,4.0,0.0
294,420,2.0,2.93
575,2506,4.0,2.51
105,3997,3.0,2.03
523,7361,5.0,4.25
474,4296,2.0,0.0
542,1206,4.0,4.18
525,110102,4.0,4.11
477,3552,5.0,3.89
177,3753,3.5,3.7
45,4022,5.0,3.85
216,2349,2.0,3.18
610,138210,3.5,2.97
51,1997,5.0,4.08
125,86721,5.0,0.0
247,4226,4.5,4.2
422,762,2.0,2.46
64,350,3.5,3.44
334,30850,3.5,3.85
52,73017,5.0,3.96
166,6157,2.5,2.66
318,45728,4.0,3.98
50,296,4.0,4.28
605,8373,2.0,2.08
195,161,4.0,3.72
249,149352,3.5,3.18
414,173209,4.0,0.0
599,79274,2.5,0.0
474,2194,4.0,4.35
448,4229,3.0,0.96
172,3793,3.5,3.64
462,72011,4.5,3.65
278,2144,3.5,3.7
247,1198,4.0,4.38
599,728,2.5,3.67
223,8360,4.0,3.58
57,736,2.0,3.54
610,2951,4.5,4.24
414,127108,5.0,4.13
111,179427,4.0,0.0
606,82,4.0,3.57
249,90531,4.5,4.39
534,70336,3.0,2.17
17,3949,4.5,3.91
520,49272,3.0,4.06
294,2268,3.0,3.92
239,1101,3.5,3.28
357,1358,2.5,4.2
106,69844,5.0,3.91
610,122884,3.0,0.0
448,2083,4.0,4.15
226,3450,4.0,3.43
50,1201,4.0,4.28
606,2001,0.5,3.31
603,2932,4.0,3.73
474,6852,3.5,4.27
599,1673,4.0,4.39
599,210,2.0,0.0
602,475,5.0,4.42
398,910,5.0,3.92
522,356,3.5,4.29
313,3081,4.0,3.58
381,1028,4.5,3.91
414,4815,3.0,3.25
352,1625,4.5,3.77
45,3270,1.0,2.73
195,3753,3.0,3.52
328,1997,2.0,4.08
356,35836,5.0,3.72
603,1721,3.0,3.54
100,1035,4.0,4.1
561,7310,3.5,0.0
474,342,3.5,3.54
586,54286,4.5,3.77
448,110553,2.5,2.78
304,2322,4.0,2.96
177,69122,4.0,4.06
327,4388,5.0,2.63
603,1228,5.0,4.38
234,126,2.0,1.94
298,1240,4.0,4.03
590,6565,3.5,3.97
580,924,3.5,3.98
105,85316,3.5,0.0
290,1208,5.0,4.33
68,3978,3.0,3.25
45,2302,3.0,3.35
41,57669,4.5,4.16
608,2126,4.0,2.86
470,788,3.0,2.77
509,6350,3.5,4.19
599,1719,3.5,4.12
370,592,4.0,3.53
135,3102,3.0,3.78
28,851,2.0,2.88
555,4080,3.0,0.0
280,4649,4.0,3.78
260,2010,4.0,3.93
317,1219,5.0,4.05
68,59725,2.5,2.98
68,46965,3.5,2.56
156,2396,4.0,3.92
274,8957,3.5,3.63
517,147378,1.0,3.68
247,7361,4.0,4.28
140,7155,3.0,3.47
474,7064,4.0,2.93
182,249,4.0,3.72
448,26409,1.0,0.0
435,34405,4.0,4.04
66,4041,4.5,3.34
356,2146,4.5,3.28
202,1394,4.0,4.3
356,8917,3.5,3.86
380,4085,4.0,3.56
414,166528,4.0,4.51
414,3794,3.0,0.0
352,3273,3.0,2.5
599,2292,2.5,0.0
68,112183,1.5,3.91
610,5617,4.0,4.27
414,139644,4.5,4.42
160,227,2.0,3.06
599,2140,3.0,3.85
186,788,4.0,2.83
599,2321,3.5,3.84
608,7324,4.0,3.53
41,5418,2.0,3.88
608,3257,2.5,3.08
106,40815,5.0,3.82
68,103249,3.5,3.1
105,58554,2.0,0.0
10,86548,3.0,0.0
307,2114,3.0,3.5
483,480,4.0,3.96
221,3671,4.5,3.97
599,627,2.5,3.87
387,923,4.5,4.18
327,8641,5.0,3.64
545,63540,2.0,2.23
288,3998,3.0,3.1
582,44191,3.5,3.91
452,1584,5.0,3.64
117,736,2.0,3.51
294,3667,1.0,0.0
318,2291,4.0,3.79
105,152081,4.5,4.36
304,135,4.0,3.02
91,1645,3.0,3.42
42,3448,5.0,3.82
414,32587,4.0,4.43
122,260,5.0,4.32
74,55363,4.0,4.37
328,1732,3.5,3.96
600,1246,2.5,4.25
64,27773,5.0,4.29
361,49272,4.0,4.03
174,333,4.0,3.73
200,45517,3.0,3.35
201,1097,5.0,3.89
296,31364,5.0,4.62
313,1274,5.0,3.67
500,471,1.0,3.76
18,593,4.5,4.43
606,6440,4.0,4.17
411,292,3.0,3.45
372,335,4.0,0.0
434,6365,2.0,3.4
73,35836,2.5,3.66
382,33836,2.0,2.28
432,35836,4.0,3.68
82,1573,4.0,3.55
414,5046,3.0,3.36
19,1373,1.0,2.42
221,2997,4.5,4.11
414,122904,4.0,4.84
62,45447,3.5,3.36
414,542,2.0,3.2
236,1387,5.0,4.12
564,4246,3.5,3.74
328,8360,3.0,3.59
453,3148,4.0,3.65
432,81562,3.5,4.04
339,1077,4.5,3.79
323,348,3.5,3.61
368,587,3.0,3.53
68,3635,4.0,3.34
203,40815,3.5,3.8
132,4993,4.5,4.24
139,6539,3.0,3.89
68,68554,3.0,3.58
19,1970,3.0,3.01
600,2340,3.5,3.27
294,153,3.0,2.99
232,6006,3.0,2.9
202,356,5.0,4.31
268,2178,4.0,0.0
68,3275,3.5,4.38
599,51931,3.0,3.56
249,64969,4.0,4.12
474,1959,4.0,3.88
602,11,3.0,3.75
50,176371,3.0,3.89
174,32,3.0,3.99
119,5810,3.0,3.54
88,26974,3.0,3.25
68,4720,3.0,4.07
477,5952,4.0,4.23
243,353,5.0,3.48
597,2423,2.0,3.72
352,1080,5.0,4.09
6,316,5.0,3.43
318,142456,3.5,0.0
597,2717,3.0,3.2
288,3060,4.0,4.0
217,1230,2.0,4.16
125,60072,4.0,3.15
368,303,1.0,3.1
43,271,5.0,2.54
83,7669,4.0,3.38
153,30707,2.5,3.92
153,177615,3.0,3.53
540,1196,5.0,4.21
328,1288,3.0,4.1
380,5171,3.0,3.29
356,1206,4.0,4.18
66,181,2.0,2.31
166,5418,4.5,3.92
474,3475,4.0,0.0
606,1293,4.0,3.91
141,2355,4.0,3.62
103,69844,1.5,4.01
610,128360,4.5,4.25
414,3788,3.5,3.74
116,5349,3.5,3.48
95,1196,5.0,4.26
288,2391,4.0,3.71
514,122926,4.0,4.21
318,79057,2.5,3.82
351,84152,3.5,4.14
256,112623,4.0,3.5
169,3,5.0,3.21
566,25,2.0,3.75
41,2268,2.5,3.86
326,89492,1.0,4.01
226,8464,3.5,3.58
274,2431,3.0,3.52
139,4865,1.5,3.78
328,2090,3.0,3.29
514,1079,4.0,4.12
176,485,3.0,3.17
372,1302,3.0,3.71
608,1396,4.0,3.43
594,2808,5.0,1.91
224,1554,1.0,2.66
282,1073,4.0,4.02
547,1394,5.0,4.2
602,22,3.0,3.13
610,82641,3.0,0.0
79,2406,4.0,3.51
602,508,3.0,3.69
603,163,5.0,3.72
42,4482,5.0,0.0
143,6619,5.0,2.77
359,480,4.0,3.75
317,3147,4.0,4.2
286,2959,5.0,4.31
153,4979,3.0,3.76
603,2174,4.0,3.51
603,4433,5.0,0.0
560,6218,3.5,3.46
274,67087,3.0,4.01
307,5524,2.5,2.73
249,74789,2.5,3.75
368,1590,2.0,3.09
135,4467,4.0,3.71
603,1358,4.0,4.25
235,39,3.0,3.3
566,151,4.0,3.55
64,2115,3.0,3.77
16,1196,3.0,4.23
139,3753,4.0,3.48
492,842,5.0,2.43
606,2313,4.0,4.1
427,5107,3.0,0.0
88,79132,4.5,4.14
307,3752,2.5,3.24
352,68791,3.5,3.49
95,162,5.0,4.06
582,5618,3.5,4.06
82,2380,3.0,2.41
42,2861,4.0,3.17
290,1345,3.0,3.32
273,586,1.0,3.03
610,7482,4.5,4.11
353,266,3.0,3.34
33,230,3.0,3.54
304,1183,3.0,3.8
16,296,3.0,4.28
603,2431,1.0,3.52
562,3578,3.5,4.14
66,7482,4.5,4.02
164,1036,5.0,3.86
305,88405,3.5,3.38
307,6548,3.0,3.33
267,3996,5.0,3.85
357,2291,4.0,3.75
144,1246,3.0,4.1
105,2329,4.0,4.4
282,1968,4.0,3.86
596,1372,3.5,3.39
241,7371,5.0,4.11
600,2797,4.0,3.87
89,128087,5.0,0.0
111,64839,4.0,3.73
148,4993,3.0,4.16
429,315,4.0,3.2
448,46974,2.0,2.74
357,1513,3.5,3.24
7,589,2.5,4.05
139,95510,2.5,3.14
377,33681,2.5,0.0
474,1006,3.5,0.0
292,81847,3.0,4.11
351,55577,3.5,3.72
226,840,3.0,3.26
187,7371,4.0,4.18
52,86892,5.0,0.0
68,54881,5.0,4.05
610,79592,3.0,3.67
488,5995,4.5,3.98
381,5630,2.0,3.6
202,523,3.0,0.0
525,8643,3.0,3.3
552,2501,3.5,3.89
59,647,4.0,3.5
534,6874,4.5,3.91
469,1876,4.0,3.09
174,300,2.0,3.42
561,3753,4.5,3.66
412,1276,5.0,4.29
606,18,4.0,3.85
249,1209,4.5,3.98
184,119145,5.0,3.99
57,3175,4.0,3.76
599,3440,2.5,2.23
599,6348,2.5,0.0
600,2907,3.0,3.99
51,33615,3.5,3.46
414,72378,2.0,3.13
484,261,4.0,3.8
577,1288,3.0,4.06
444,350,3.0,3.36
437,1242,5.0,4.14
298,109374,3.5,4.15
73,59258,4.5,3.19
489,5377,4.0,3.85
372,527,5.0,4.3
424,27020,3.5,0.0
15,2916,4.5,3.66
380,110501,4.0,4.3
221,913,4.5,4.13
414,4909,2.0,0.0
610,133802,4.0,0.0
16,2723,3.5,3.03
198,2571,5.0,4.27
104,6593,4.0,3.15
198,364,4.0,4.01
573,3578,3.5,4.21
89,143559,5.0,0.0
105,101962,4.0,0.0
274,58803,2.0,3.89
232,41769,2.5,0.0
346,1333,3.5,3.7
332,6365,3.0,3.39
298,81932,3.0,4.15
414,39444,3.5,4.3
524,1270,5.0,4.05
181,445,3.0,2.63
105,98491,4.0,4.53
528,91658,4.0,3.4
63,47,4.0,4.1
462,83827,5.0,0.0
391,3702,4.0,3.81
41,3160,4.0,3.69
97,2571,5.0,4.19
608,8464,3.5,3.62
198,3686,3.0,3.03
512,380,3.0,3.6
140,5945,3.0,3.61
606,1059,4.5,3.79
160,1270,5.0,4.1
200,5481,3.5,3.01
120,1210,5.0,4.17
376,1097,3.5,3.88
603,910,4.0,4.03
414,171765,4.0,0.0
434,5952,5.0,4.15
381,3254,3.0,3.54
448,8376,3.0,3.11
466,45722,4.5,3.61
84,350,4.0,3.43
351,90353,4.0,0.0
292,4321,3.0,3.55
534,87869,3.0,3.62
84,1388,3.0,2.4
99,165,5.0,3.7
182,3809,3.5,3.33
409,2109,5.0,3.46
223,2716,3.5,3.82
534,2080,3.5,3.53
291,118696,4.0,3.51
39,1617,2.0,4.08
89,69644,4.0,2.4
132,7323,3.0,3.96
538,158,4.5,2.92
57,1468,1.0,2.44
198,260,5.0,4.28
177,7222,2.5,0.0
415,86345,4.5,4.24
64,4489,4.5,3.39
63,3752,2.0,3.14
414,1840,4.0,2.96
438,5809,2.5,0.0
525,1033,3.0,3.72
177,355,2.0,2.56
462,81932,4.5,4.11
28,4251,2.0,0.0
600,39444,1.0,3.96
199,1055,1.0,0.0
305,296,5.0,4.37
332,608,4.0,4.24
438,3916,4.0,3.89
453,2671,4.0,3.53
298,71264,3.0,3.96
212,107314,3.5,0.0
295,858,4.5,4.34
64,3396,4.0,3.85
347,317,4.0,3.18
232,597,3.5,3.72
480,6764,1.5,3.53
27,736,3.0,3.46
599,8157,2.5,4.18
274,368,3.5,3.76
89,49013,3.5,0.0
362,2023,4.0,3.49
143,3526,3.0,3.75
460,2762,4.5,3.96
413,3916,5.0,3.63
606,6800,1.5,0.0
318,1260,4.0,3.71
425,1393,3.0,3.67
474,8955,3.0,0.0
24,4995,3.5,4.09
199,913,4.5,4.14
567,2731,3.5,4.04
339,68358,4.0,4.24
160,587,3.0,3.48
128,942,4.0,4.67
232,62155,4.0,3.38
423,4995,3.5,4.03
608,2002,3.0,2.99
109,52,3.0,3.55
500,2539,4.0,3.13
59,1210,3.0,4.22
599,5221,3.0,0.0
286,4226,4.5,4.14
217,2353,4.0,3.64
414,26704,4.0,0.0
597,2116,4.0,3.25
122,112852,4.0,4.3
596,5991,3.5,3.74
608,2918,4.0,4.07
10,136020,5.0,2.98
380,83134,5.0,3.79
539,4306,5.0,3.92
517,1997,1.0,4.06
610,158238,5.0,4.3
274,4247,3.0,2.41
262,296,3.0,4.23
191,224,4.0,3.64
19,1240,4.0,4.01
274,328,4.5,3.28
604,435,4.0,2.43
91,1276,3.0,4.4
28,52241,2.0,3.53
573,60040,4.0,3.53
57,442,2.0,3.05
599,139859,2.5,0.0
477,72224,3.5,0.0
103,4002,4.5,3.96
480,3618,5.0,3.3
483,920,1.5,3.67
167,1080,3.5,4.09
137,30749,4.0,4.02
387,2717,3.0,3.23
512,454,4.0,3.62
417,356,4.0,4.22
28,6502,3.0,4.17
498,380,3.0,3.59
160,1385,1.0,3.07
50,27773,3.0,4.14
555,3698,5.0,3.29
298,4247,3.0,2.31
509,91542,3.5,3.8
182,1827,2.5,0.0
504,6565,4.5,3.78
597,1290,3.0,3.65
600,7153,5.0,4.23
571,1976,3.0,2.1
600,1923,3.0,3.84
326,2571,3.5,4.27
64,736,3.5,3.57
298,7460,3.5,3.71
387,4211,4.0,0.0
365,4995,4.0,4.13
599,458,2.0,0.0
68,350,3.5,3.64
434,33794,4.5,3.95
82,6537,4.5,3.07
477,61323,4.5,3.65
305,88140,3.0,3.91
489,8874,4.5,4.28
341,4447,4.0,3.16
380,3793,5.0,3.99
607,448,4.0,3.49
68,45950,3.5,3.99
424,2571,2.0,4.21
387,2206,3.5,0.0
156,3114,3.5,3.95
181,371,4.0,3.17
105,8957,4.0,3.6
374,1350,5.0,3.72
464,1835,4.0,3.43
288,27618,2.0,0.0
449,50,4.5,4.25
249,608,4.5,4.42
352,3355,4.0,3.15
274,4022,3.0,4.07
6,210,4.0,0.0
314,357,4.0,3.56
44,833,2.0,2.78
68,2993,4.0,3.46
182,8581,4.5,3.74
186,2710,3.0,2.87
210,589,4.0,4.02
414,104374,4.0,4.49
489,1967,3.5,4.06
33,1641,5.0,3.77
70,1270,4.0,4.03
603,3007,3.0,0.0
571,1334,2.0,2.54
372,1227,3.0,4.2
509,8861,2.0,3.45
395,377,3.0,3.58
404,539,4.0,3.53
274,60684,4.0,4.11
425,1573,3.0,3.57
98,1207,4.0,4.17
28,34405,4.5,4.01
263,7153,4.5,4.18
474,6936,4.0,4.17
599,27773,4.0,4.38
480,480,5.0,3.98
586,8368,5.0,3.89
399,8961,3.5,3.81
1,2048,5.0,3.45
492,1499,5.0,1.45
422,2841,3.0,3.6
256,71535,4.5,3.88
274,3082,3.0,3.59
414,5324,2.0,0.0
109,165,3.0,3.73
10,8969,3.5,3.1
70,7361,4.5,4.24
387,931,4.0,3.83
560,30707,3.0,3.98
497,1704,3.0,4.08
83,1960,3.5,3.58
249,82854,2.5,1.82
599,2797,3.5,3.92
265,531,3.0,3.23
232,783,2.0,3.4
294,1049,3.0,3.48
182,6881,4.0,3.03
476,377,3.0,3.59
132,2567,2.0,3.02
561,59784,3.5,3.67
19,2450,2.0,2.89
534,94777,3.5,3.76
414,34072,4.0,4.02
431,435,0.5,2.38
118,858,5.0,4.31
368,2194,3.0,4.0
448,104211,2.5,4.38
210,485,3.5,3.2
292,4386,3.0,2.69
99,380,5.0,3.59
263,593,5.0,4.27
325,3698,2.0,3.22
345,27751,5.0,0.0
256,117887,4.0,0.0
246,6942,5.0,3.75
382,4896,4.5,3.88
565,588,3.0,3.89
177,31685,2.5,3.36
393,3996,3.5,3.89
608,364,3.5,4.16
354,5459,3.0,2.96
596,1644,2.5,2.16
202,2001,4.0,3.31
561,8798,3.0,3.85
294,539,3.0,3.53
470,736,4.0,3.47
177,1499,2.0,1.46
474,6291,4.0,0.0
24,2916,3.5,3.65
7,8636,4.5,3.85
477,32029,3.0,2.92
603,417,3.0,3.8
68,2470,3.5,3.36
487,94959,2.5,4.11
525,93721,4.5,4.26
380,152173,4.0,0.0
109,366,3.0,3.05
606,1124,3.5,3.81
483,2593,3.0,3.42
555,743,1.0,2.72
567,113705,3.5,0.0
249,70336,3.0,2.32
601,1262,4.5,4.2
226,2081,2.5,3.53
198,1089,5.0,4.33
255,588,2.0,3.89
227,134130,4.5,3.98
226,500,3.5,3.56
559,494,3.0,3.5
288,2788,4.0,4.41
414,2294,4.0,3.75
305,75813,3.5,0.0
511,99114,4.0,4.0
233,4866,1.0,3.23
414,4267,3.0,3.5
424,107348,3.0,3.42
590,2115,3.5,3.83
14,7,3.0,3.14
380,837,4.0,3.57
282,139385,4.5,3.89
57,2770,4.0,2.85
57,1226,4.0,4.29
78,2716,4.5,3.81
82,7325,4.0,3.4
606,6890,4.0,3.29
239,2706,4.0,3.45
471,8874,3.5,4.07
350,788,3.0,2.73
232,30894,2.0,2.29
83,480,3.0,3.77
160,1627,5.0,3.1
414,6093,4.5,0.0
472,1193,4.5,4.18
1,2797,4.0,3.8
448,5952,4.0,4.32
428,3328,2.0,4.14
599,5508,3.0,3.38
307,44004,2.0,3.52
111,87529,5.0,3.56
305,7439,5.0,3.34
580,337,4.0,3.92
606,6573,4.0,0.0
50,103335,1.5,3.76
288,2134,3.0,3.25
196,1527,3.0,3.7
247,3578,4.0,4.1
438,2194,4.5,4.01
414,4595,3.5,0.0
307,203,2.5,3.73
307,45501,2.5,2.28
181,293,3.0,4.06
367,2108,2.0,3.54
304,1377,2.0,3.07
396,293,5.0,4.04
411,1,5.0,3.97
139,3827,3.5,3.02
139,106489,4.0,3.42
356,203,3.5,3.63
50,2019,4.0,4.21
298,50912,2.5,3.15
288,3448,3.5,3.88
274,3608,4.0,2.86
155,1883,4.0,3.35
181,587,5.0,3.47
113,1645,1.0,3.39
318,7151,3.5,3.57
136,267,4.0,3.06
307,7324,3.0,3.53
175,5410,0.5,0.0
160,1277,5.0,3.66
428,5900,2.0,2.98
156,47,3.5,4.04
187,4226,4.0,4.18
354,2321,4.0,3.55
168,750,5.0,4.36
111,53121,2.0,3.18
488,1198,3.5,4.29
270,648,3.0,3.58
113,39,3.0,3.31
427,1208,5.0,4.2
509,65261,3.5,4.23
500,2078,3.0,3.86
156,1225,4.5,4.34
274,4855,3.5,4.38
232,45950,3.0,3.86
152,904,4.0,4.31
293,1673,4.0,4.16
448,428,3.0,4.17
448,1079,5.0,4.41
286,1912,3.0,3.88
305,53519,4.5,3.85
253,3536,3.5,3.43
303,2683,3.0,3.17
522,56367,2.0,3.85
275,3578,4.0,4.14
588,766,3.0,3.62
603,1129,4.0,3.66
21,10,5.0,3.61
410,3608,4.0,2.76
387,1921,3.5,4.2
480,223,1.5,4.03
599,181,1.0,2.57
448,1604,3.0,0.0
380,71535,3.0,4.03
28,8493,3.0,0.0
474,49220,3.5,2.12
414,41527,4.0,0.0
28,61350,3.5,1.87
590,54001,4.0,3.89
489,586,1.5,3.24
6,848,4.0,3.0
129,1676,5.0,3.48
474,5353,3.0,0.0
111,5874,4.0,2.14
279,5378,1.0,3.37
84,46,3.0,3.7
452,3101,5.0,3.24
414,5072,4.0,4.67
199,1262,5.0,4.24
247,1682,5.0,3.9
388,86298,4.0,3.02
455,500,3.0,3.46
19,2387,3.0,3.18
178,4718,2.5,2.93
525,70286,4.0,4.07
448,88356,2.0,2.45
80,53972,4.0,3.63
504,1968,4.0,3.81
28,6993,1.5,3.98
18,40819,4.0,3.83
608,7158,3.5,3.76
212,93510,4.0,4.02
171,1148,5.0,3.95
82,34,2.0,3.65
282,1954,4.0,3.95
596,6934,4.0,3.23
91,1092,4.5,3.49
274,4040,3.0,2.3
111,61323,2.5,3.72
136,23,5.0,2.88
599,1221,4.0,4.51
370,1676,3.5,3.46
195,111,2.0,4.26
301,454,4.0,3.61
286,1407,3.0,3.29
566,364,2.0,3.99
599,3408,2.5,3.8
480,33669,2.5,3.28
298,106491,1.0,3.11
474,5971,4.0,4.14
448,3448,4.0,3.97
18,58559,4.0,4.48
114,106782,4.5,4.03
369,2126,3.0,2.76
141,48385,2.5,3.3
464,5026,5.0,3.85
391,4975,2.0,3.54
462,3037,5.0,4.07
476,454,4.0,3.65
247,5349,2.0,3.55
132,4239,2.5,3.94
79,3104,5.0,3.48
599,108090,3.5,0.0
555,3525,4.0,0.0
305,353,4.5,3.65
200,33794,4.0,3.96
219,1580,3.0,3.74
469,2527,3.0,3.67
69,2762,5.0,3.92
368,1722,3.0,3.1
232,7169,2.5,4.37
280,597,4.0,3.63
573,457,4.5,4.12
140,3861,2.0,2.78
219,2028,4.5,4.3
332,26131,4.5,4.14
474,1246,4.5,4.47
552,1201,4.0,4.27
318,4776,4.0,3.92
232,761,2.5,2.93
101,3394,1.0,2.8
93,2094,4.0,3.33
555,65,3.0,2.88
290,475,4.0,4.45
21,1573,2.5,3.55
156,898,5.0,4.47
469,2143,4.0,3.01
274,60040,3.5,3.78
177,2671,3.5,3.76
606,30749,3.5,4.14
610,93819,3.5,0.0
448,133365,2.0,0.0
369,60069,3.5,4.09
562,6870,5.0,3.85
425,45431,3.5,3.66
274,1197,4.0,4.44
606,2193,2.5,3.47
89,142831,4.5,0.0
232,51412,3.0,3.25
95,5445,4.0,3.75
32,996,3.0,2.58
66,1240,4.0,3.97
83,8622,2.0,3.67
28,43921,3.0,0.0
74,1209,4.0,3.9
50,101072,2.5,0.0
248,122916,3.5,3.9
606,5218,4.5,3.98
223,1285,3.0,3.9
414,6563,2.5,0.0
261,1682,4.5,3.83
89,119141,2.5,3.83
414,7340,2.0,2.92
207,3264,0.5,2.48
322,586,3.5,3.05
599,137218,2.5,0.0
294,1582,1.0,0.0
368,1653,3.0,4.03
434,5445,3.0,3.77
483,79132,5.0,4.45
68,2340,3.5,3.31
41,2115,2.0,3.63
182,1365,4.0,3.59
45,6333,5.0,3.85
477,1214,4.5,4.1
448,1954,4.0,4.27
381,6503,3.0,2.67
428,5055,3.5,2.66
274,575,3.0,2.77
495,5449,4.0,3.04
448,47810,1.0,1.21
603,1484,4.0,0.0
483,489,3.0,0.0
181,1084,3.0,4.14
318,62208,4.5,0.0
475,592,5.0,3.56
216,3521,2.0,3.62
66,4591,3.5,2.9
474,2182,4.0,0.0
305,1704,4.0,4.37
305,113573,4.0,0.0
109,62,5.0,3.73
408,79132,3.5,4.22
122,5171,3.5,3.08
414,2279,2.0,2.57
177,64620,3.5,4.13
495,551,3.5,3.57
200,1220,4.5,3.87
416,4967,4.0,4.3
474,3836,2.5,4.11
102,592,3.0,3.53
391,242,4.0,0.0
182,1291,3.5,4.31
610,63768,3.0,0.0
230,52973,3.0,3.83
240,367,4.0,3.34
42,361,3.0,3.23
492,1049,5.0,3.42
304,1466,5.0,3.85
380,34319,3.0,3.6
560,32,3.5,4.17
600,837,3.5,3.48
368,3716,1.0,0.0
522,72998,1.0,3.76
603,1916,5.0,3.59
414,3360,5.0,3.92
453,1777,3.0,3.59
73,74647,1.0,0.0
307,8011,4.0,0.0
609,329,3.0,3.39
326,81932,3.0,4.04
85,1641,5.0,3.75
514,59369,4.0,3.61
477,2628,4.0,3.39
590,3439,2.5,2.69
29,3578,5.0,4.04
314,553,3.0,3.91
279,109487,5.0,3.97
604,380,3.0,3.6
177,480,3.5,4.03
199,2067,4.0,4.15
100,2245,4.5,3.18
248,6365,3.5,3.28
64,5218,3.5,3.89
587,141,4.0,3.56
490,1499,2.0,1.46
51,4018,3.0,3.21
450,908,4.0,4.17
260,2122,3.5,1.79
391,1952,5.0,3.72
307,6586,2.0,3.29
593,6711,2.0,4.18
66,272,3.5,3.75
474,1544,1.0,2.92
514,81932,4.0,4.1
232,30793,3.5,3.18
425,4720,3.5,3.68
199,492,2.0,4.0
45,4369,5.0,3.26
503,1036,4.5,3.86
213,4558,3.0,2.45
219,5159,1.5,3.55
567,150254,2.0,0.0
590,431,4.0,3.87
135,1597,4.0,3.24
182,6188,3.0,3.58
541,281,3.0,3.7
599,5993,2.5,2.64
180,2571,3.5,4.18
14,539,4.0,3.51
330,2657,5.0,3.46
33,110,5.0,4.05
217,3430,2.0,3.56
448,367,3.0,3.55
377,344,3.0,3.02
462,86882,2.5,3.84
312,2716,4.0,3.85
564,47518,4.0,2.88
436,361,3.0,3.18
357,49530,4.0,3.94
580,2186,0.5,4.06
59,2763,5.0,3.65
256,102445,4.0,3.88
601,1,4.0,4.0
64,4310,3.0,2.84
509,112852,4.0,4.3
290,918,5.0,3.83
414,53894,3.5,4.55
51,7160,5.0,3.31
230,153,3.5,2.94
380,27822,4.0,2.48
239,2353,3.5,3.56
182,1608,2.5,3.65
221,1293,4.0,3.83
57,1282,4.0,3.66
523,6539,4.5,3.86
219,2580,4.5,3.99
239,2478,3.0,3.2
599,5541,3.0,3.5
483,2193,4.5,3.53
489,1259,3.5,4.11
142,296,5.0,4.23
89,132584,3.5,0.0
448,44665,3.5,3.85
282,80906,4.5,4.49
602,280,3.0,4.32
599,95510,3.0,3.36
274,3438,3.0,2.88
103,78499,3.0,4.46
599,2877,2.0,0.0
480,4247,4.0,2.3
156,945,5.0,3.96
249,59014,0.5,0.0
351,6874,3.0,3.93
182,41,4.5,3.89
105,4865,4.0,3.93
105,122882,4.0,3.91
338,189043,2.5,0.0
533,2571,5.0,4.2
563,69122,2.5,3.77
65,318,4.0,4.52
588,288,3.0,3.28
10,8529,3.5,3.34
233,174055,2.5,3.49
516,457,4.0,4.02
209,2028,4.0,4.14
458,1073,2.0,3.92
610,4369,3.0,3.58
384,2355,4.0,3.54
437,318,5.0,4.53
474,4808,2.0,3.11
112,36,0.5,3.85
590,2991,3.0,3.87
610,4902,4.0,2.69
260,1219,4.0,4.01
20,4161,3.5,3.67
290,858,5.0,4.44
599,93838,3.0,4.6
505,1241,5.0,4.25
483,62956,4.0,3.38
187,4641,4.5,3.33
356,2248,4.5,3.92
552,329,3.5,3.41
83,48394,3.5,3.8
28,1209,3.0,3.93
19,1047,3.0,3.33
509,231,2.5,3.15
458,261,3.0,3.81
312,3499,4.0,3.94
57,1513,4.0,3.15
448,49272,4.5,4.35
464,6934,4.0,3.2
357,1407,3.5,3.34
340,356,3.0,4.19
42,1245,5.0,4.31
391,4936,3.0,3.59
219,54997,5.0,3.95
177,37729,2.5,3.74
391,3260,4.0,4.16
47,356,4.5,4.21
268,2349,5.0,3.14
68,74789,4.0,3.67
441,98809,3.5,3.9
290,2013,4.0,2.96
438,6549,3.5,3.55
357,80489,4.5,3.87
28,3683,2.5,3.97
610,57421,4.0,0.0
220,34,4.5,3.67
428,2054,0.5,2.88
298,3785,2.0,3.02
182,4361,4.0,3.59
103,1028,4.0,3.89
450,1544,4.0,2.73
380,5010,4.0,4.17
603,4380,3.0,4.15
489,1204,3.0,4.39
610,68358,4.0,4.67
448,73015,2.0,3.5
462,1343,3.5,3.78
192,315,4.0,3.11
221,1834,4.5,4.03
610,134393,3.5,3.77
221,1923,4.0,3.77
132,6942,4.5,3.78
474,901,2.0,4.17
408,4701,4.0,3.29
50,1291,3.0,4.14
139,33794,3.0,3.89
382,4700,3.5,3.24
325,194,5.0,3.62
89,112138,3.0,4.1
417,2762,4.5,3.97
202,2150,5.0,3.9
244,2716,5.0,3.81
414,1997,4.0,4.33
479,4111,3.0,0.0
599,505,1.0,2.96
202,3006,4.0,3.78
596,2890,3.0,3.74
36,1376,2.0,3.47
274,1604,3.0,0.0
181,707,3.0,3.0
64,25,3.5,3.92
462,4361,2.5,3.46
414,6299,4.0,4.23
597,1193,5.0,4.37
489,7293,4.0,3.63
52,48738,4.5,3.79
569,380,3.0,3.58
51,1196,5.0,4.28
357,1378,3.0,3.1
82,344,3.5,3.04
290,2268,4.0,3.88
159,1088,4.0,3.49
534,59900,4.0,3.37
590,5816,3.5,3.63
58,736,3.0,3.48
312,5991,4.0,3.69
139,5418,2.5,3.88
80,63113,4.5,3.46
105,4878,5.0,4.25
232,4816,4.0,3.55
268,1047,4.0,3.23
122,1682,5.0,3.99
211,1246,4.5,4.09
339,89745,3.0,4.02
182,1447,4.0,3.51
414,4520,2.5,2.99
132,2324,4.0,4.22
604,316,4.0,3.35
222,485,2.5,3.22
232,39231,3.0,0.0
457,3072,4.0,3.44
317,47,5.0,4.08
156,2019,5.0,4.27
313,1690,1.0,3.08
294,610,4.0,3.58
357,66097,4.0,3.9
17,1032,4.5,3.31
380,72167,4.0,3.14
146,3686,4.0,3.0
288,1090,4.5,4.12
166,8665,5.0,3.97
495,140523,3.5,0.0
450,2858,4.0,4.07
567,89774,2.5,3.8
84,1173,3.0,3.41
232,8361,3.5,3.47
573,67087,4.0,3.79
307,58156,3.0,3.19
561,551,3.5,3.63
4,2467,4.0,3.85
274,542,3.5,3.19
82,1201,3.0,4.26
469,919,4.0,3.96
474,3844,2.5,3.35
307,3004,2.0,2.77
68,1234,3.5,4.2
203,2947,3.0,3.9
387,2302,2.5,3.46
474,33903,3.5,4.13
177,6942,5.0,3.91
307,2541,2.0,3.29
603,1711,1.0,3.29
199,1784,1.0,3.89
538,58559,4.5,4.17
182,2135,1.5,4.4
451,5,3.0,2.99
312,1278,4.0,3.99
610,105801,3.0,0.0
532,4262,4.0,3.87
561,33679,1.0,3.57
50,102407,2.5,3.45
44,786,2.0,3.16
132,30793,3.5,2.99
1,3578,5.0,4.13
66,21,4.0,3.49
307,4359,3.0,3.59
111,1676,2.0,3.47
590,30793,3.0,3.02
414,4903,4.0,3.48
140,6461,4.5,3.93
520,1732,3.5,3.98
182,1247,3.5,4.21
100,899,4.5,4.05
52,57528,3.0,3.25
160,1100,1.0,2.9
456,708,3.0,3.33
606,2232,4.0,3.49
599,3968,2.5,3.28
477,252,4.0,3.68
203,349,4.0,3.7
448,74532,1.5,3.46
339,97752,4.0,3.75
169,1288,4.0,4.11
534,79695,4.0,3.26
220,32,4.5,4.06
89,121781,5.0,0.0
380,30707,5.0,3.98
555,3497,3.0,2.36
216,4020,3.0,3.13
600,1230,5.0,4.24
376,10,4.5,3.52
462,8042,5.0,3.87
232,7258,3.0,2.34
226,44195,4.5,4.04
51,4591,3.0,2.93
45,261,3.0,3.88
7,2671,4.5,3.43
380,1583,3.0,0.0
474,5619,4.0,0.0
357,3114,5.0,3.95
182,2551,4.5,3.56
122,119145,4.5,4.14
414,6303,3.0,4.13
432,2712,3.5,3.44
589,1097,4.0,3.84
570,293,3.5,4.12
203,4886,4.0,3.91
166,1240,3.0,3.91
592,533,4.0,3.2
560,130576,2.0,2.73
391,2232,4.0,3.44
409,2492,4.0,2.62
51,934,1.0,3.76
599,41716,2.5,3.28
314,474,3.0,3.87
45,3421,4.0,3.86
247,5618,3.5,4.11
597,588,4.0,4.07
469,196,2.0,2.77
290,3260,4.0,4.12
476,252,4.0,3.59
387,5974,3.0,0.0
51,1845,5.0,4.2
380,8528,3.0,4.27
428,4223,3.0,3.74
307,7371,3.5,4.37
75,8961,4.0,3.79
249,91974,3.5,3.96
525,223,3.5,3.99
437,1291,4.0,4.15
351,40412,4.5,0.0
594,4794,0.5,4.29
483,52973,2.5,3.96
341,69122,2.5,3.71
419,4310,4.5,2.71
414,2428,2.0,2.57
42,784,2.0,3.1
103,33493,2.0,3.63
113,260,4.0,4.21
68,58559,5.0,4.66
590,1272,4.5,4.44
414,3948,3.0,4.08
260,6773,5.0,3.61
419,85394,3.0,0.0
263,7458,3.0,3.31
483,26444,4.5,0.0
599,112,5.0,3.63
603,2968,2.0,4.09
43,29,5.0,4.04
219,2993,2.5,3.43
1,2991,5.0,3.86
317,104879,5.0,4.08
462,127136,4.0,0.0
453,2558,4.0,2.18
448,700,3.0,3.47
205,95167,4.0,3.41
387,7346,3.0,3.28
357,596,4.0,3.49
91,1376,3.5,3.51
369,3638,3.0,3.03
180,2641,3.5,3.11
536,368,4.0,3.5
111,162478,4.5,3.49
227,296,4.5,4.26
222,2378,3.5,3.42
318,208,3.5,3.06
147,163,4.5,3.56
372,538,3.0,3.86
11,1616,3.0,3.19
380,3175,5.0,3.96
405,1252,3.5,4.28
307,1207,3.0,4.31
554,2497,3.0,2.63
477,54503,5.0,4.16
140,4848,4.0,3.88
603,1179,5.0,3.96
325,1614,2.0,2.88
217,2762,4.0,4.0
234,888,3.0,1.8
89,37384,2.5,3.4
394,454,2.0,3.61
188,1951,5.0,3.38
105,4823,3.5,3.09
112,3147,5.0,4.15
68,2915,3.5,3.66
4,21,3.0,3.54
391,5541,3.0,3.27
202,3740,4.0,3.97
610,91660,3.0,0.0
584,292,5.0,3.47
343,50872,3.5,3.97
38,457,5.0,4.06
105,5152,4.5,3.36
402,788,3.0,2.75
603,2074,4.0,3.59
221,3996,4.5,3.95
74,1617,4.5,4.09
606,3289,4.5,0.0
326,57669,4.5,4.14
21,135133,3.5,3.93
560,2761,3.5,4.18
256,117176,4.5,4.01
222,466,3.5,2.98
6,450,4.0,3.21
365,138210,1.5,3.17
482,1374,5.0,3.69
436,380,3.0,3.62
446,339,3.0,3.62
326,2338,2.0,2.13
44,494,4.0,3.44
18,923,5.0,4.04
380,6659,5.0,3.91
604,332,3.0,2.43
391,4967,3.0,4.32
414,6306,4.0,4.74
448,919,4.0,3.87
44,785,3.0,3.51
45,2485,4.0,2.98
226,56757,4.0,3.87
125,136864,2.5,2.43
232,3624,3.0,3.53
477,1358,4.0,4.17
42,4349,4.0,3.86
354,34319,4.5,3.52
573,6378,4.0,3.86
354,3471,2.0,3.97
391,858,5.0,4.46
514,2011,2.0,3.57
359,593,4.5,4.22
19,208,2.0,3.05
307,5418,3.5,3.99
591,3114,5.0,3.87
18,168252,4.0,4.64
307,4776,4.0,3.9
380,187593,3.0,4.63
608,2997,2.0,4.1
369,541,2.5,4.13
140,4161,4.0,3.67
199,2427,3.0,3.2
36,4220,2.0,3.75
214,17,3.0,3.7
474,2076,4.0,4.34
186,915,4.0,4.0
352,924,4.0,3.91
202,2414,4.0,3.28
605,37733,2.0,3.68
219,66297,4.0,3.3
219,4226,5.0,4.25
482,1923,4.0,3.72
489,3471,3.5,4.04
594,4823,5.0,2.99
68,5400,3.5,3.13
600,3911,4.5,3.8
517,56775,2.0,3.0
228,318,4.0,4.5
567,136016,1.0,3.63
22,8784,2.0,3.82
414,48516,4.5,5.14
314,588,3.0,3.96
221,26375,4.0,3.6
610,2976,4.0,3.41
189,318,4.0,4.5
551,377,4.0,3.6
482,6754,4.0,3.5
307,3843,1.0,3.0
105,93790,4.0,0.0
610,55995,3.0,3.04
509,59315,3.0,4.06
42,2263,4.0,2.55
96,3499,2.0,3.89
552,1617,4.5,4.08
606,648,2.5,3.73
288,2872,3.0,3.92
398,8641,1.5,3.67
365,86293,4.0,3.01
119,4370,3.5,3.44
477,2746,3.5,3.4
288,1375,3.5,3.42
555,2174,4.0,3.52
226,4247,3.0,2.2
356,168,3.0,3.05
599,2976,3.5,3.62
354,2455,3.5,3.51
336,34162,4.0,3.57
226,8981,4.0,3.63
443,91500,5.0,3.48
403,2502,4.5,4.16
477,3100,3.5,4.09
36,5464,1.5,3.54
64,6155,0.5,3.36
167,2710,1.0,2.87
8,39,3.0,3.3
560,93510,3.0,4.1
599,2231,3.0,3.93
584,434,5.0,3.12
95,589,4.0,4.08
522,67255,4.0,4.0
4,2858,5.0,4.1
474,4902,4.0,2.58
608,3988,3.5,3.27
599,44,2.5,2.68
455,111,3.0,4.21
474,7357,3.5,0.0
304,1028,4.0,3.83
438,3300,3.5,3.81
50,72378,1.0,2.73
372,356,3.0,4.27
448,5573,2.5,2.42
239,8984,4.0,3.2
216,3504,5.0,3.96
514,158830,2.5,0.0
419,2329,4.5,4.28
249,8529,3.5,3.63
425,2762,3.5,4.07
234,2140,4.0,3.57
84,1263,4.0,4.03
68,3553,2.0,2.47
256,6947,4.0,3.6
28,51540,2.0,3.98
234,1826,2.0,0.0
51,3799,0.5,2.09
465,2941,4.0,3.86
292,97470,1.0,0.0
19,1064,2.0,3.49
480,6615,2.0,2.6
28,31225,3.0,3.24
42,413,2.0,2.92
490,7361,4.0,4.27
514,1278,4.0,4.03
511,164179,4.0,4.08
304,1610,5.0,3.87
160,47,5.0,4.09
521,52,4.0,3.53
600,262,3.0,4.05
482,2688,3.5,3.0
376,2762,4.0,3.98
584,442,5.0,3.07
456,736,3.0,3.44
474,4644,3.0,4.13
298,91128,2.5,3.94
265,436,2.0,2.84
292,780,4.5,3.67
428,2716,2.0,3.85
284,367,5.0,3.3
263,1610,4.0,3.86
384,1206,3.0,4.15
153,44191,4.0,3.92
357,4034,3.5,4.08
238,1272,5.0,4.2
437,79,2.0,2.81
280,3755,4.5,3.09
45,934,3.0,3.82
414,2282,3.0,0.0
305,223,4.0,4.01
465,3654,4.0,3.88
599,87960,3.0,0.0
339,115210,4.0,3.89
600,2706,1.5,3.49
599,3190,2.0,0.0
596,8961,4.0,4.0
121,454,3.0,3.63
276,631,3.0,3.4
28,592,2.5,3.58
313,2028,5.0,4.23
50,3949,3.0,3.9
198,1252,4.0,4.31
607,112,2.0,3.49
177,54190,3.0,4.29
395,367,4.0,3.29
307,2716,3.0,3.94
387,3765,3.0,0.0
27,1200,1.0,3.96
500,2081,3.0,3.41
182,7076,4.0,3.38
584,339,4.0,3.66
434,260,5.0,4.34
307,1992,3.0,0.0
28,3499,3.0,3.92
474,3524,2.0,3.09
66,3029,3.5,3.47
57,3471,5.0,4.05
401,31658,3.5,4.18
202,2100,4.0,3.2
610,95088,4.0,4.21
414,4617,5.0,0.0
166,2716,3.5,3.86
279,6664,3.0,3.26
522,84152,3.5,4.12
391,2762,2.0,4.04
542,45517,4.5,3.32
438,1061,4.5,3.67
160,2078,4.0,3.88
52,50794,4.5,3.1
182,2728,4.0,3.63
606,953,4.0,4.35
567,1,3.5,4.0
99,337,5.0,3.87
474,6041,4.0,0.0
287,4954,1.5,3.71
438,5378,3.5,3.54
166,46530,5.0,2.9
414,6883,3.0,0.0
176,592,3.0,3.52
480,4033,4.0,3.93
287,671,4.0,3.47
232,79293,4.0,3.04
19,293,4.0,4.16
105,4015,3.5,3.12
495,106100,5.0,3.9
509,93988,4.5,0.0
144,8873,5.0,3.75
573,51935,4.5,4.0
249,34405,5.0,4.1
230,8961,3.0,3.84
210,122906,4.5,3.78
474,44199,3.5,4.23
339,90439,3.0,3.65
603,97,4.0,4.42
239,4878,4.0,4.12
414,1090,5.0,4.19
108,3978,4.0,3.01
7,6365,4.0,3.33
177,262,4.0,4.06
220,165,4.0,3.8
567,92234,1.5,0.0
509,783,3.0,3.44
409,1136,5.0,4.24
417,1206,5.0,4.18
385,1031,3.0,3.49
380,2948,5.0,3.87
381,3996,3.0,3.96
226,5349,4.0,3.64
250,4921,5.0,3.77
307,7321,2.0,0.0
474,1834,4.0,4.43
18,53996,3.0,3.47
343,7153,4.5,4.15
279,1196,5.0,4.28
453,165,5.0,3.86
585,1895,4.0,3.4
610,6296,4.5,3.84
428,2167,2.0,3.58
19,12,1.0,2.88
489,431,2.5,3.86
334,2571,4.0,4.26
534,4366,4.5,3.7
247,899,5.0,4.1
413,527,5.0,4.24
517,3269,2.0,2.79
249,122916,4.5,4.38
489,53993,2.5,2.79
64,3386,4.5,3.18
477,4270,0.5,3.08
430,5902,5.0,3.92
140,4886,4.0,4.07
84,475,4.0,4.46
414,3448,4.0,4.28
137,928,3.5,4.21
474,6422,4.0,0.0
414,5678,2.5,0.0
599,51091,3.0,0.0
323,1188,4.0,3.86
381,339,3.5,3.69
140,1747,3.0,3.47
414,7319,2.0,2.36
491,1682,4.5,3.84
600,2140,4.5,3.64
518,3101,3.0,3.17
282,8665,4.0,3.96
468,432,2.0,2.53
187,1466,4.0,3.9
83,72998,4.5,3.69
117,719,4.0,3.06
72,30825,4.0,3.1
183,2993,4.0,3.41
357,1220,3.0,3.84
580,2105,3.5,3.4
89,170993,4.0,0.0
129,239,4.0,2.96
564,1682,1.0,3.88
368,1396,3.0,3.45
448,104760,1.0,0.0
190,5989,4.0,4.04
28,608,3.0,4.28
68,5872,3.5,3.3
16,678,4.0,3.88
599,7033,2.5,3.36
474,7132,3.5,4.54
602,494,4.0,3.49
200,2671,4.0,3.58
415,3147,4.5,4.17
580,49272,4.5,4.13
387,1345,4.0,3.49
599,6811,3.0,2.33
125,69640,2.5,2.83
288,2369,3.0,2.65
573,1214,4.5,4.07
119,46723,3.5,3.5
290,3476,3.0,3.59
448,112852,3.5,4.51
387,951,3.5,4.39
182,1953,3.5,4.13
169,317,5.0,3.3
450,1972,2.0,2.22
56,356,5.0,4.19
514,1036,4.0,3.93
232,34150,3.0,2.91
325,4523,4.0,0.0
483,27721,4.0,3.81
239,48774,3.0,4.23
241,1193,4.5,4.19
603,2203,5.0,4.39
573,10,4.5,3.58
318,98809,4.0,4.19
409,3273,3.0,2.46
328,551,2.0,3.6
564,88672,3.5,0.0
169,594,4.5,3.68
19,1754,2.0,3.8
587,2973,4.0,3.98
387,1078,3.0,3.72
414,4816,4.0,3.65
1,1580,3.0,3.63
153,112454,3.5,0.0
477,355,0.5,2.53
33,17,4.0,3.72
588,253,2.0,3.55
448,2539,3.0,3.45
489,42004,3.5,3.54
312,4128,4.0,3.72
352,37380,2.0,2.2
202,2420,4.0,3.82
599,1136,4.5,4.66
66,224,5.0,3.72
145,1,5.0,3.92
63,5945,1.0,3.5
50,5816,2.5,3.57
356,5577,4.5,3.89
288,7143,4.0,4.06
438,1676,4.0,3.52
292,53460,3.0,3.5
106,72998,5.0,3.67
474,4063,2.0,2.87
129,208,4.0,3.01
200,2724,4.5,2.8
592,44,3.0,2.51
89,2918,1.5,3.89
24,134393,2.5,3.29
606,40629,3.5,3.69
90,617,4.0,0.0
307,3911,3.0,3.84
510,16,1.0,3.98
280,4232,1.5,3.06
474,3467,3.5,0.0
1,2640,4.0,3.83
558,4062,4.0,3.53
608,4720,4.5,3.83
593,8961,3.0,3.82
56,231,5.0,3.08
63,231,3.0,3.15
428,2137,3.0,3.72
132,253,2.0,3.6
20,4154,4.0,0.0
198,1644,3.0,2.15
357,6155,3.0,3.38
414,1499,2.0,1.44
387,1673,3.5,4.35
604,223,4.0,3.93
404,172,3.0,2.65
599,1246,4.0,4.38
202,2064,4.0,3.87
274,4899,1.5,2.19
305,163985,4.5,0.0
186,5214,4.0,2.04
414,6155,2.0,3.46
599,98122,3.0,0.0
305,6016,5.0,4.46
153,4995,3.5,4.08
474,2289,3.0,4.45
21,260,4.5,4.34
122,3253,4.0,3.56
56,367,3.0,3.27
474,3469,2.5,4.14
601,80549,4.0,3.81
603,1594,4.0,3.53
298,56587,2.0,3.44
573,2706,4.5,3.47
1,2387,5.0,3.1
414,809,2.0,2.9
239,524,3.5,3.6
527,1080,2.0,4.1
28,6617,4.0,3.84
19,2014,2.0,2.69
259,3793,3.5,3.64
304,21,4.0,3.53
597,1200,5.0,4.08
186,3479,4.0,3.54
380,3301,3.0,3.81
169,2792,5.0,2.94
125,117466,3.5,3.61
517,131656,2.5,0.0
477,41569,4.0,3.36
129,3034,4.0,3.63
482,1584,3.0,3.58
305,2011,5.0,3.67
564,8528,4.0,3.83
333,3826,1.0,2.29
414,45722,3.5,3.76
45,5378,5.0,3.45
318,2571,3.5,4.48
484,333,4.0,3.8
606,224,4.0,3.8
42,3515,4.0,3.69
543,3785,5.0,2.94
432,296,2.5,4.3
207,637,1.0,3.41
525,3979,0.5,2.82
563,2354,3.0,2.08
600,5585,3.0,1.62
288,3006,4.0,3.93
248,164179,3.0,4.06
140,6385,3.5,4.15
328,68157,4.5,4.18
610,71254,3.0,3.72
580,1356,4.0,4.07
235,474,3.0,3.83
474,1635,4.0,4.27
369,2959,4.5,4.31
344,3082,4.0,3.27
140,1021,4.0,2.46
121,47,3.0,3.99
414,58156,2.0,3.09
275,5049,4.0,3.71
350,805,3.0,3.72
331,88129,5.0,3.6
39,2987,4.0,3.65
268,2490,2.0,3.31
583,71535,3.0,3.84
572,852,3.0,3.18
305,3868,5.0,3.39
73,117881,4.0,4.46
165,1221,3.0,4.28
603,1271,3.0,3.56
610,5816,4.0,3.6
160,1320,5.0,3.21
95,1200,4.5,4.02
480,6754,3.5,3.64
430,6373,3.0,3.22
474,4068,3.0,3.16
530,350,3.0,3.38
226,364,3.5,4.15
279,8874,3.5,4.15
74,2076,5.0,4.12
503,1342,1.0,2.71
437,144,4.0,3.4
191,314,4.0,3.69
93,168,4.0,3.05
89,5449,2.0,3.04
156,2268,3.0,3.89
181,21,2.0,3.5
522,2628,3.0,3.26
91,296,4.5,4.34
448,593,5.0,4.54
486,32,5.0,3.98
600,2795,3.5,3.79
195,3148,4.0,3.73
249,71535,4.5,4.02
520,1748,4.5,3.77
226,6942,4.0,3.83
357,17,5.0,3.83
22,56788,1.0,3.99
414,41569,4.0,3.43
469,2124,3.0,3.6
304,1060,4.0,3.67
279,593,4.0,4.29
325,2912,5.0,3.93
414,1517,5.0,4.07
52,70286,5.0,3.94
477,5903,4.0,4.06
577,923,3.0,4.02
380,2857,3.0,3.03
606,3418,4.5,3.85
92,2572,5.0,3.62
489,60069,4.0,4.2
33,356,5.0,4.23
246,45517,4.0,3.33
414,1953,3.5,4.33
318,55363,3.5,4.4
488,595,4.5,3.84
4,892,4.0,3.38
86,60069,3.0,4.11
559,207,4.0,3.19
477,56145,4.0,2.52
542,318,5.0,4.54
42,780,2.0,3.65
599,5103,1.5,3.89
472,2134,3.5,2.96
581,5989,3.5,4.02
160,434,3.0,3.13
543,6373,5.0,3.24
199,1272,5.0,4.24
210,177765,5.0,3.38
523,7147,5.0,3.8
477,57368,4.5,3.35
76,117176,2.0,3.93
210,4896,4.5,3.84
517,116797,4.0,4.1
414,266,5.0,3.42
292,4085,3.5,3.41
327,6888,5.0,2.03
202,3638,3.0,3.17
474,5512,3.0,0.0
249,58998,4.0,4.41
168,543,2.0,3.32
525,76251,3.5,3.89
586,2916,4.0,3.67
119,119145,4.0,4.03
318,128991,4.5,0.0
62,116823,4.0,4.04
469,2150,4.0,3.91
448,138036,2.0,4.07
560,1485,3.0,3.23
160,1210,5.0,4.28
220,8644,4.0,3.62
47,163645,3.0,4.18
474,919,4.5,4.12
21,367,3.0,3.38
243,410,4.0,3.17
84,671,4.0,3.52
217,1080,2.0,4.11
6,333,5.0,3.86
573,1625,4.5,3.78
56,380,4.0,3.6
292,67197,2.5,2.73
21,1918,3.5,2.81
168,858,5.0,4.34
610,6934,3.5,3.45
354,1917,3.5,3.0
599,95965,4.0,0.0
414,4679,4.0,2.79
599,2288,3.5,4.52
294,2027,1.0,2.48
584,474,5.0,3.86
307,8969,4.0,3.26
610,6539,4.0,4.29
174,316,5.0,3.35
580,5444,3.0,3.99
517,969,1.0,4.1
7,587,2.0,3.41
382,158254,1.5,0.0
474,2205,3.0,3.07
222,1208,3.5,4.26
274,6005,3.5,3.26
298,81784,1.5,2.94
365,1777,3.0,3.56
425,55118,3.5,4.17
64,1204,5.0,4.36
352,1544,3.0,2.83
602,422,3.0,3.4
213,3409,4.0,2.96
414,37240,4.0,3.11
292,83349,3.0,3.16
343,4226,5.0,4.12
606,930,4.5,4.39
438,3754,2.0,2.28
419,3863,3.5,3.04
513,260,5.0,4.25
12,543,3.5,3.31
589,736,5.0,3.42
448,1982,1.5,4.07
274,1729,4.5,3.92
33,385,4.0,0.0
414,6365,4.0,3.83
68,58839,1.0,2.64
307,6951,2.5,2.75
165,5377,4.0,3.79
8,592,3.0,3.53
543,60408,5.0,0.0
599,1918,2.5,2.68
599,73321,2.5,4.0
391,1233,5.0,4.33
600,3988,2.5,3.19
62,3114,3.0,3.94
354,1704,4.0,4.23
307,72,2.0,3.12
288,1592,1.0,2.82
201,2145,4.0,3.19
474,25757,4.0,0.0
42,4040,2.0,2.25
414,3729,3.0,0.0
312,5219,1.0,3.2
599,569,1.0,0.0
307,5590,2.5,0.0
474,3549,5.0,4.58
474,1333,4.5,4.06
156,953,3.5,4.31
608,2571,5.0,4.39
347,589,3.0,4.02
382,42011,3.0,2.32
380,6957,4.0,3.83
414,2335,4.0,3.2
414,1399,3.0,3.01
376,5010,5.0,3.92
483,8798,4.0,3.87
186,3068,4.0,4.65
474,4263,4.0,0.0
98,46578,5.0,3.86
117,7,4.0,3.18
438,5952,4.0,4.17
68,1278,4.0,4.22
605,3269,4.0,2.77
600,1126,4.5,2.48
561,82461,3.0,3.15
177,3668,2.5,3.92
19,551,5.0,3.59
534,4728,4.5,3.35
369,839,2.5,2.88
42,593,5.0,4.33
187,1214,4.0,4.02
265,2985,4.0,3.48
414,3770,2.0,3.02
599,736,2.5,3.61
536,335,3.0,0.0
249,45186,3.5,3.89
525,109487,4.0,4.18
18,111759,3.5,4.31
351,6379,2.5,0.0
219,2791,4.5,4.07
185,3949,5.0,3.85
448,594,4.0,3.75
509,3034,3.0,3.69
240,500,5.0,3.52
174,39,4.0,3.32
382,2353,3.5,3.58
105,8636,3.5,3.96
116,2683,0.5,3.19
599,886,1.5,3.44
380,91630,3.0,3.9
469,590,4.0,3.91
10,4447,4.5,3.17
222,733,3.0,3.74
340,208,3.0,2.99
600,1244,5.0,4.09
590,5065,3.0,2.94
426,69844,5.0,3.92
534,60069,2.5,4.32
610,37733,4.0,4.2
274,5816,3.0,3.65
380,1690,3.0,3.18
143,3421,1.0,3.8
599,4578,1.5,0.0
495,78574,2.5,3.53
103,79132,4.5,4.32
410,3317,3.0,3.63
91,2949,3.0,3.72
365,120466,2.5,3.38
330,481,3.5,3.23
610,1255,4.5,2.68
288,1298,3.0,4.07
475,2011,5.0,3.5
571,3264,1.0,2.49
64,1961,4.0,4.06
474,376,2.0,3.77
219,648,4.5,3.7
414,3786,2.0,0.0
152,111,5.0,4.23
599,63222,2.5,0.0
232,5621,3.0,1.62
601,31658,5.0,4.2
286,7,3.5,3.14
600,648,3.0,3.75
331,4034,3.0,3.96
93,1015,3.0,3.09
603,2885,2.0,0.0
590,5401,1.0,1.71
263,2700,3.0,3.98
45,4502,1.0,2.28
608,1214,4.0,4.09
105,54272,4.0,3.81
582,94864,4.0,3.43
509,6539,3.5,4.0
345,838,5.0,3.76
575,1259,5.0,3.91
555,3660,3.0,0.0
448,118354,3.0,0.0
339,1594,4.5,3.39
599,1951,2.0,3.88
247,89745,3.0,3.99
474,1224,4.0,4.66
1,1954,5.0,3.95
122,4641,4.5,3.36
428,6482,0.5,1.97
169,631,3.0,3.48
219,442,3.5,3.18
288,1019,3.0,3.85
549,122924,5.0,2.95
43,150,5.0,3.89
166,4226,5.0,4.2
292,2115,4.0,3.71
298,40732,2.5,3.79
376,8961,3.5,3.83
474,7026,1.5,2.86
608,34319,4.0,3.59
103,1208,4.0,4.35
525,4014,4.0,3.73
599,2858,5.0,4.29
448,85401,2.0,3.35
217,1544,3.0,2.85
13,2145,3.0,3.14
60,50,3.0,4.23
298,30707,3.0,3.99
226,543,4.0,3.39
409,2485,3.0,2.85
159,65230,5.0,3.22
133,50,3.0,4.24
606,7092,3.5,0.0
477,71057,4.0,3.8
462,3814,3.5,4.07
196,5418,4.0,3.82
20,3438,4.0,2.91
416,830,1.5,3.26
20,1547,3.0,0.0
89,128944,3.5,0.0
382,56152,4.5,3.68
182,43396,3.5,0.0
474,1196,5.0,4.54
305,8368,3.0,3.87
517,46337,0.5,0.0
480,4305,0.5,2.27
414,3039,4.0,4.54
468,39,5.0,3.29
387,1230,5.0,4.3
19,3706,3.0,3.2
602,344,2.0,3.04
561,2815,3.0,2.14
20,2087,4.5,3.48
199,2918,4.5,3.93
489,6305,3.0,3.9
368,593,4.0,4.31
128,905,5.0,4.57
514,38583,2.5,0.0
153,1907,3.0,3.68
483,1256,4.0,3.92
96,1625,4.0,3.69
212,8961,3.0,3.94
220,1258,2.0,4.17
135,1343,3.0,3.77
200,4367,2.5,2.95
74,44937,4.0,0.0
573,6373,4.5,3.37
274,2052,3.5,3.15
226,3809,4.5,3.27
414,2367,2.0,2.53
105,64839,4.0,3.8
382,6332,3.0,2.23
202,852,4.0,3.26
298,86833,3.0,4.1
63,1196,5.0,4.36
202,1393,3.0,3.66
592,339,5.0,3.65
407,60069,2.5,4.1
414,2372,2.0,3.02
448,1729,4.0,3.85
211,8665,4.0,3.89
137,5060,3.5,4.04
385,1179,4.0,3.67
274,26242,3.5,3.62
222,86911,3.5,3.74
585,48516,4.5,4.33
135,2028,4.0,4.22
150,733,4.0,3.7
520,7454,3.5,2.83
448,1011,4.0,2.05
27,60,3.0,3.32
100,16,4.5,3.97
591,2490,2.0,3.37
387,2990,3.0,3.58
68,923,3.0,4.02
414,5293,4.0,3.1
132,1271,3.5,3.53
317,5418,3.0,3.88
492,1,4.0,3.96
580,6790,4.5,2.94
298,39444,2.5,4.1
284,376,4.0,3.31
66,799,4.0,3.57
187,1136,4.0,4.28
490,4447,2.0,3.14
95,3424,4.5,4.06
555,2571,5.0,4.3
480,7265,4.0,3.84
448,6428,3.0,0.0
288,2922,3.0,0.0
610,40732,4.0,3.95
610,81591,3.5,3.89
590,2066,3.5,0.0
76,33004,4.0,3.45
446,16,3.0,3.96
341,3988,3.0,3.1
318,2081,3.0,3.58
534,69436,3.0,3.07
408,33794,5.0,3.9
202,2402,2.0,2.99
599,548,1.5,3.7
474,74,3.0,3.73
567,26171,0.5,4.5
325,3544,3.0,1.79
233,527,4.0,4.31
474,6760,3.0,0.0
474,34072,3.5,3.9
232,45666,2.0,3.1
517,83270,2.0,0.0
410,296,2.0,4.26
156,1517,3.0,3.63
387,154,4.0,3.93
414,33495,2.5,3.69
268,1093,1.0,3.58
312,1130,4.0,0.0
287,4034,3.5,3.95
381,4993,4.0,4.32
241,4235,3.0,4.03
484,82852,4.0,1.64
477,2761,4.0,4.26
599,60365,1.5,0.0
600,2193,5.0,3.5
298,61160,2.5,2.55
280,916,4.0,4.05
489,88125,3.5,3.88
594,2058,4.5,3.5
288,2120,2.0,0.0
608,6365,5.0,3.56
580,7438,4.5,3.99
263,24,3.0,3.21
88,7153,5.0,4.16
142,527,5.0,4.24
438,4310,3.5,2.9
313,4499,4.0,4.24
610,5959,3.5,3.91
599,128197,2.0,0.0
91,6863,2.5,3.54
313,1080,1.0,4.12
318,6953,4.0,3.48
140,49910,2.5,4.12
135,2193,2.0,3.45
18,135569,3.5,3.48
489,2001,3.5,3.29
381,8529,4.0,3.45
199,3316,2.0,2.56
408,8972,4.0,3.41
307,2423,2.5,3.67
610,67923,3.0,2.97
469,1260,4.0,3.78
28,41997,3.0,3.99
382,7155,3.5,3.46
156,1288,4.0,4.16
275,2964,1.0,0.0
217,2167,2.0,3.64
111,7439,3.0,3.37
448,2109,3.0,3.42
520,1610,4.0,3.87
393,6539,5.0,3.9
34,2443,4.5,3.22
68,85780,2.5,4.28
438,180,4.0,3.76
310,2372,2.0,2.72
19,1973,2.0,0.0
237,2628,2.5,3.2
584,590,5.0,3.84
183,3256,3.0,3.77
64,370,2.0,3.36
371,2987,4.5,3.6
482,442,4.0,3.03
140,2912,3.5,4.01
330,64614,4.0,4.15
380,55553,3.0,0.0
155,2195,3.0,2.86
594,7046,0.5,2.58
82,368,3.5,3.62
298,2916,4.0,3.8
187,1732,5.0,3.98
290,2988,4.0,0.0
57,265,2.0,4.05
130,110,5.0,4.0
246,91542,4.5,3.79
75,8360,4.0,3.55
19,2393,3.0,2.87
68,78703,4.0,0.0
387,4441,3.5,0.0
160,379,3.0,2.36
599,4700,2.0,3.5
202,372,3.0,2.78
573,8636,4.0,3.95
249,88954,3.5,0.0
219,293,4.0,4.14
352,71156,3.0,3.64
381,5459,2.5,3.02
551,122918,4.0,3.82
563,112552,4.5,4.14
342,5014,5.0,3.51
91,4027,4.0,3.87
608,2335,2.5,3.08
597,380,2.0,3.73
274,2353,3.5,3.77
15,59315,2.0,3.97
226,4963,4.5,4.14
606,780,2.5,3.64
599,1089,5.0,4.64
280,70984,2.0,0.0
474,41285,3.5,3.94
354,50,4.5,4.31
428,4941,2.0,3.79
63,595,3.0,3.86
103,1387,4.0,4.17
480,318,5.0,4.66
13,3624,4.0,3.2
146,2085,4.0,3.32
246,36363,3.5,0.0
414,7236,3.5,0.0
14,339,4.0,3.58
378,7153,4.5,4.15
387,2985,3.0,3.61
181,466,2.0,3.0
45,2718,3.0,2.9
599,157,1.5,3.62
564,61132,1.5,3.53
514,586,3.5,3.17
298,3593,0.5,1.68
530,329,3.0,3.41
91,251,2.5,3.31
79,3578,2.0,4.02
41,115149,0.5,3.9
124,6377,5.0,3.98
274,2136,3.0,2.4
89,171811,4.0,0.0
301,377,2.5,3.59
525,1031,3.5,3.49
305,4226,3.5,4.37
371,1199,5.0,4.19
28,678,3.5,3.78
318,51174,3.5,0.0
249,3988,3.5,3.26
309,4326,4.0,3.58
125,93855,4.5,0.0
168,1252,5.0,4.32
212,31658,4.0,4.24
452,1954,4.0,3.92
126,595,4.0,3.84
195,2076,2.0,4.09
356,50,3.5,4.31
414,3365,4.0,0.0
491,31685,4.5,3.21
290,1333,4.0,3.78
509,91266,2.5,0.0
570,2115,4.0,3.71
325,2024,3.0,3.5
401,45722,3.5,3.58
448,4734,4.5,3.32
104,5541,3.5,3.23
600,7247,3.5,3.43
483,3967,4.0,4.01
177,2020,3.0,4.16
210,117192,4.5,0.0
275,1594,5.0,3.36
534,99117,4.5,3.2
249,1717,2.5,3.33
514,2902,3.0,2.28
448,4952,2.0,0.0
84,406,3.0,0.0
318,106918,4.0,4.4
460,2747,3.0,3.21
410,357,4.0,3.56
51,5254,2.5,3.32
413,1246,1.0,4.07
573,8641,5.0,3.74
381,8665,4.0,4.04
352,114180,4.5,2.96
339,90345,4.5,3.67
414,102445,3.5,4.33
419,2542,4.0,4.07
18,91658,3.5,3.55
514,3704,2.0,3.49
476,296,3.0,4.23
210,135887,4.0,2.95
564,58803,3.5,3.82
438,260,5.0,4.33
221,1721,3.0,3.46
51,5481,4.0,2.98
169,4308,5.0,3.74
21,435,1.0,2.45
555,724,5.0,3.1
170,500,4.0,3.46
140,7143,3.5,4.02
1,2459,5.0,3.19
28,62792,2.5,0.0
288,5418,3.5,3.98
469,5060,4.0,4.14
560,1907,3.5,3.77
404,36,3.0,3.88
209,71535,2.0,3.84
284,95,5.0,2.97
380,134524,3.0,0.0
603,2291,4.0,3.77
603,4450,4.0,2.95
304,1608,4.0,3.47
19,2706,3.0,3.48
318,3736,3.0,0.0
504,5377,4.0,3.81
103,4019,5.0,3.71
156,348,3.0,3.74
274,7449,2.5,0.0
474,929,3.5,0.0
140,4337,4.0,0.0
105,30812,4.0,3.67
591,2694,4.0,3.31
159,4246,5.0,3.69
28,1754,3.0,3.77
455,110,4.0,4.03
474,4975,3.0,3.68
292,30793,3.5,2.99
510,34405,0.5,4.02
331,4447,1.5,3.16
448,1209,5.0,4.14
596,86332,3.5,3.87
597,778,5.0,4.23
480,1921,4.5,4.16
322,780,3.0,3.48
141,91500,3.5,3.48
93,356,5.0,4.24
68,2918,4.0,4.23
381,53953,4.0,3.06
170,733,3.0,3.7
22,6502,1.5,4.07
603,1809,5.0,3.67
19,2423,4.0,3.69
608,6863,4.5,3.55
419,7022,5.0,3.82
125,2692,4.0,4.01
468,225,4.0,3.57
122,103253,4.0,3.25
449,2692,3.5,3.96
115,1377,1.0,3.07
274,47997,3.5,4.14
453,798,3.0,2.92
480,5577,4.5,3.98
318,71453,4.0,0.0
202,2457,4.0,3.83
288,32,5.0,4.19
490,5313,2.0,2.09
104,4941,2.5,3.8
17,50,4.5,4.33
558,296,3.0,4.24
6,254,3.0,0.0
570,653,3.0,3.15
332,92938,2.0,1.6
347,380,3.0,3.6
346,778,3.5,4.13
381,48304,3.0,3.66
610,2918,3.5,4.14
325,1191,2.0,3.94
469,3770,3.0,2.96
212,168254,3.0,3.45
186,1921,4.0,4.07
182,23,3.5,2.84
600,6538,3.0,4.22
580,4995,3.5,4.2
563,4017,3.0,3.43
265,2011,3.0,3.46
610,6867,4.0,3.86
288,8464,3.0,3.6
461,527,3.5,4.24
597,1198,5.0,4.33
488,955,4.0,3.8
184,109374,4.5,3.85
63,780,3.0,3.56
249,45662,2.0,2.5
449,186,0.5,2.99
453,356,5.0,4.31
520,42002,3.5,3.43
556,7153,4.0,4.14
580,292,3.0,3.44
221,2944,3.5,4.15
249,1206,4.0,4.28
513,2858,4.0,4.07
480,288,2.5,3.31
235,410,2.0,3.15
344,2571,5.0,4.21
125,522,3.0,2.91
79,260,5.0,4.24
177,4993,2.0,4.33
318,3300,3.5,3.82
111,87869,4.0,3.67
105,175293,5.0,0.0
443,2858,4.0,4.07
197,50,3.0,4.25
5,1,4.0,3.93
232,6338,3.0,2.74
288,8783,3.0,3.23
260,7022,4.0,3.82
280,4310,4.0,2.77
437,508,5.0,3.69
514,2301,2.0,3.76
489,4128,4.0,3.73
298,4228,3.0,1.91
410,4062,4.0,3.57
215,2915,3.5,3.52
281,7325,4.0,3.36
68,3984,4.0,3.84
117,589,4.0,4.06
580,680,3.0,4.3
298,2485,0.5,3.0
307,5309,1.5,2.85
367,3743,3.0,1.49
187,1198,3.0,4.32
594,11,5.0,3.78
4,1732,4.0,3.93
279,97304,3.5,4.12
332,5291,5.0,4.05
73,87869,3.5,3.45
218,1625,2.0,3.66
156,1923,4.0,3.8
114,122904,3.5,3.96
414,175,4.0,4.57
414,143385,4.0,3.68
275,852,4.0,3.2
177,7153,2.0,4.37
525,7090,4.5,3.98
7,49824,3.0,2.99
68,1388,2.5,2.41
201,1732,2.0,3.92
465,3686,3.0,3.03
599,1580,3.0,3.9
414,3836,5.0,4.24
57,707,2.0,3.01
305,74795,4.0,3.57
599,121231,3.5,5.04
169,6218,4.0,3.37
74,6791,5.0,4.26
42,590,4.0,3.9
28,51471,3.0,0.0
128,926,5.0,4.47
560,116797,3.0,4.21
469,2194,5.0,4.06
473,4979,4.5,3.73
100,1220,3.0,3.81
105,3310,4.5,4.03
274,6333,4.0,4.13
603,2734,4.0,3.33
280,27,4.5,3.29
608,37830,3.0,3.62
414,1961,4.0,4.41
202,1206,4.0,4.19
573,653,3.0,3.22
201,150,4.0,3.84
560,31685,3.0,3.3
391,1240,4.0,3.96
606,7093,4.0,0.0
182,44199,3.0,4.1
155,1,3.0,3.92
474,6335,3.0,4.14
608,1907,3.5,3.9
62,4995,4.5,4.23
534,97752,4.5,3.79
600,1962,2.0,3.84
565,539,3.0,3.49
373,355,1.0,2.53
45,2916,4.0,3.79
232,6331,3.0,3.94
245,3101,1.0,3.17
474,43333,3.5,0.0
597,2916,5.0,3.78
277,637,3.0,3.43
550,167296,0.5,0.0
182,1483,3.5,3.07
514,22,3.0,3.15
599,2005,1.5,4.01
416,3624,2.0,3.19
567,138036,3.0,3.81
345,3396,3.0,3.81
377,6021,5.0,0.0
103,551,4.0,3.63
177,58559,5.0,4.54
113,4126,4.0,3.37
259,1356,0.5,3.92
221,1090,4.5,4.09
81,380,2.0,3.58
111,160080,3.5,3.22
424,364,4.5,3.97
474,6228,4.0,0.0
328,1136,5.0,4.3
365,160954,1.5,0.0
234,1379,3.0,3.16
105,48872,4.5,0.0
590,6157,2.0,2.65
295,4973,4.5,4.29
474,26116,4.0,0.0
64,8832,3.5,0.0
135,2723,4.0,3.05
169,231,4.5,3.18
256,97938,4.5,3.81
74,55444,5.0,3.72
57,500,3.0,3.53
23,912,3.5,4.33
318,4967,4.0,4.28
599,85414,3.0,3.62
103,82854,3.0,1.42
339,30749,3.5,4.13
459,2571,4.0,4.19
414,5139,3.5,3.4
540,48385,4.0,3.24
47,141,2.0,3.51
318,8984,3.5,3.29
318,5218,3.5,4.01
224,3072,5.0,3.47
21,2671,4.0,3.6
534,87232,2.5,4.07
453,4153,2.0,2.48
132,1562,1.5,2.09
352,50,5.0,4.38
47,45950,3.0,3.73
288,3313,2.0,0.0
438,1517,3.5,3.75
334,58105,3.5,3.41
123,4886,4.0,3.91
380,3869,4.0,3.35
606,858,4.0,4.5
167,5418,4.5,3.85
68,805,3.0,3.79
483,3740,3.5,3.96
352,93840,4.5,4.2
452,2683,5.0,3.22
156,3134,5.0,4.13
42,4361,3.0,3.42
271,1282,3.0,3.67
368,920,4.0,3.65
125,83349,3.0,3.06
607,2716,4.0,3.83
91,1762,2.5,1.6
334,589,4.0,4.07
606,6436,3.0,0.0
56,457,4.0,4.03
365,48774,1.5,4.22
313,1994,3.0,3.54
330,1721,3.5,3.52
422,4939,3.0,0.0
577,1225,4.0,4.27
43,480,4.0,3.79
497,4973,3.0,4.29
317,288,2.0,3.32
448,102880,1.5,0.0
387,1952,4.0,3.85
590,53972,3.0,3.72
414,2496,3.0,3.22
125,2959,5.0,4.33
495,88129,4.0,3.66
52,65514,3.5,4.13
483,6365,2.5,3.55
422,3980,4.0,3.19
383,1196,3.0,4.18
279,115713,5.0,4.08
410,427,4.0,1.87
328,2762,2.0,4.0
44,104,4.0,3.5
288,1197,4.0,4.39
122,87306,4.5,3.7
414,4305,1.5,2.02
151,92,1.0,2.87
226,1517,4.0,3.7
169,788,4.5,2.85
474,3789,3.5,0.0
343,527,5.0,4.25
125,1590,2.0,3.11
132,60069,0.5,4.16
559,509,4.0,3.67
381,3396,1.0,3.82
418,2144,3.5,3.73
20,4447,3.0,3.22
351,90471,3.5,0.0
479,185,1.0,3.24
429,276,3.0,3.27
256,95441,3.5,3.33
275,3794,2.0,0.0
474,1496,4.0,0.0
263,6218,4.0,3.37
94,10,3.0,3.49
65,46976,3.5,3.6
212,2571,3.0,4.33
19,490,2.0,3.14
474,7451,4.5,3.85
414,5151,4.0,3.48
541,361,3.0,3.17
318,671,4.5,3.54
45,2687,4.0,3.58
274,5803,1.5,2.76
580,1441,3.0,3.34
597,2819,5.0,3.67
116,2724,5.0,2.68
236,3052,5.0,3.72
387,2088,2.0,2.58
477,2716,4.0,3.92
432,74458,4.5,4.24
216,905,4.0,4.59
202,3194,4.0,3.58
606,936,4.0,3.89
414,55830,3.5,3.66
414,115713,4.5,4.7
91,1261,4.5,4.04
551,84152,4.5,4.16
108,5316,4.0,3.28
495,1608,4.0,3.47
28,48326,2.5,3.3
586,1210,4.5,4.24
339,3967,3.5,3.93
380,2011,4.0,3.86
381,50872,3.5,4.17
339,6,4.0,3.96
380,47,5.0,4.35
113,1247,4.0,4.06
526,46578,5.0,3.84
580,6934,5.0,3.28
58,596,4.0,3.45
45,6,4.0,4.03
478,33164,0.5,0.0
246,541,5.0,4.13
462,5239,4.0,0.0
562,2648,3.5,3.9
483,93723,3.0,0.0
441,4980,3.5,2.97
356,3210,4.5,3.56
20,3751,5.0,3.54
474,8983,4.0,3.6
368,1129,3.0,3.59
414,2148,2.0,3.22
469,1278,4.0,4.07
41,31685,3.0,3.23
211,260,4.5,4.27
64,7701,3.0,0.0
47,171011,3.0,4.74
68,2950,3.5,2.6
453,3255,4.0,3.49
434,741,5.0,4.17
610,6156,3.5,3.36
543,377,5.0,3.59
606,3408,4.0,3.7
274,1265,4.5,4.36
275,3160,1.0,3.63
597,260,5.0,4.28
288,3785,2.0,3.09
543,344,4.0,3.03
610,4816,4.0,3.66
226,1042,3.0,3.52
448,5,3.0,3.19
564,64969,3.0,3.85
125,9010,5.0,4.14
433,174055,1.5,3.45
600,2123,3.0,2.71
590,1250,5.0,4.31
608,2423,2.0,3.74
313,1954,2.0,3.94
484,998,5.0,0.0
394,356,4.0,4.18
351,4995,4.5,4.1
79,457,4.0,4.04
514,165103,3.5,0.0
15,849,2.0,2.87
586,4963,4.0,4.06
202,2942,3.0,2.83
318,1022,2.5,3.67
307,51662,3.5,3.76
182,3045,5.0,3.54
68,8907,2.5,2.46
68,122918,3.5,4.14
68,6157,2.0,2.8
486,648,5.0,3.62
605,46972,4.0,3.34
72,1216,4.0,3.42
474,7311,3.5,0.0
448,101025,2.5,2.31
156,4973,4.0,4.39
474,2553,3.5,3.54
448,1967,3.0,4.09
41,2329,4.0,4.31
199,1641,4.0,3.77
387,500,2.5,3.51
234,2700,3.0,4.01
199,8781,3.0,3.06
307,6287,3.5,3.24
32,50,5.0,4.27
357,524,4.5,3.65
452,2393,5.0,2.89
594,4715,3.0,0.0
71,1,5.0,3.93
381,7361,4.0,4.34
490,1784,3.0,3.82
332,1270,4.0,4.06
132,1249,3.0,4.09
489,3052,4.0,3.77
555,955,5.0,3.73
226,4489,4.0,3.43
125,108932,3.0,4.02
89,909,2.5,4.19
290,1242,5.0,4.11
474,7051,3.0,0.0
580,1234,2.0,4.11
177,3534,4.0,3.23
309,48780,3.5,4.21
555,1007,3.0,2.52
89,93006,4.5,0.0
15,103249,3.5,2.75
563,63992,1.0,2.34
610,1200,5.0,4.26
89,905,3.0,4.59
93,153,4.0,2.96
603,3361,4.0,4.01
226,1240,4.0,4.0
326,1955,3.5,4.35
561,45186,3.5,3.82
76,63436,4.5,0.0
217,3274,3.0,3.25
419,37240,4.0,2.95
378,58559,4.5,4.22
191,269,3.0,0.0
274,788,3.0,3.18
586,68954,5.0,4.17
349,539,3.0,3.5
21,115617,4.0,4.13
301,110,1.5,4.03
372,1073,3.0,4.0
132,1079,3.5,4.1
249,52722,3.5,3.45
91,50,4.5,4.36
414,2482,3.0,0.0
232,4995,4.0,4.39
356,48342,5.0,0.0
215,1172,5.0,3.9
380,370,4.0,3.57
280,2396,3.0,3.85
469,1732,5.0,3.99
608,1994,3.0,3.59
418,127108,4.5,3.08
89,131826,3.5,0.0
416,2959,4.0,4.27
448,54272,4.0,3.97
599,1713,2.5,3.18
226,3087,4.0,3.48
50,1387,3.0,4.12
380,54286,3.5,4.07
448,50872,3.0,4.49
134,553,4.0,3.86
596,128908,4.0,0.0
534,112623,1.5,3.77
572,3135,3.0,0.0
305,2167,5.0,3.58
298,1968,3.5,3.88
489,3793,3.5,3.75
448,1227,5.0,4.27
119,110730,4.0,2.19
414,345,4.0,4.2
105,56782,4.5,4.49
84,1094,4.0,3.58
385,1287,4.0,4.02
509,46062,1.5,2.26
385,1305,3.0,3.53
217,1812,4.0,3.62
6,537,3.0,3.35
414,145,2.0,3.57
68,1276,3.5,4.42
28,41569,2.5,3.32
265,2701,2.0,2.37
346,8228,3.0,3.65
137,1267,3.5,4.4
414,3060,4.0,4.14
311,2706,0.5,3.34
204,293,4.5,4.06
182,3053,4.5,4.18
469,2009,3.0,3.69
318,1289,3.5,3.91
61,555,4.5,3.79
427,5506,3.0,0.0
239,1200,4.0,4.06
387,35836,3.5,3.8
297,319,5.0,3.38
572,924,5.0,3.96
599,107406,3.5,3.8
334,4225,3.5,4.07
599,5334,2.0,0.0
555,2458,4.0,2.8
313,332,4.0,2.46
275,1945,5.0,4.07
88,4995,4.5,4.07
599,2339,1.5,0.0
95,4732,1.0,2.24
156,2352,3.0,3.89
177,48412,3.0,0.0
103,5349,3.0,3.6
182,610,3.0,3.58
474,2728,4.0,3.78
372,1203,4.0,4.17
332,26564,3.5,0.0
603,1056,4.0,0.0
191,720,5.0,4.23
414,2759,3.0,4.28
286,39,3.5,3.31
610,56782,5.0,4.54
504,2321,4.0,3.5
380,5445,4.0,4.01
555,2987,4.0,3.74
605,5952,5.0,4.05
51,2826,3.5,2.99
376,1610,4.0,3.84
307,2406,2.5,3.64
480,5064,4.0,3.96
57,3704,3.0,3.55
573,6365,4.5,3.45
156,2243,2.0,3.61
448,3494,5.0,0.0
601,1221,4.5,4.31
42,16,5.0,4.02
234,2089,4.0,3.72
304,1242,5.0,4.16
21,2541,4.0,3.29
474,2746,2.0,3.56
276,2,4.0,3.4
70,1259,4.5,3.93
275,4886,4.0,4.03
534,94018,2.0,0.0
64,5956,4.0,3.79
307,454,3.0,3.77
479,82,5.0,3.47
132,1258,4.0,4.19
385,1281,4.0,4.09
36,2082,2.0,2.77
474,46578,3.5,4.23
414,5485,5.0,0.0
325,1805,4.0,2.91
28,6711,2.5,4.24
477,1831,4.0,2.57
597,42,3.0,3.03
606,345,4.5,3.87
409,3814,5.0,4.11
219,46322,3.0,3.91
156,924,4.5,3.98
21,34048,3.5,3.4
514,785,2.5,3.59
263,2125,3.0,3.66
610,7460,3.5,3.66
432,5349,2.5,3.56
359,1198,3.0,4.26
424,4816,3.0,3.47
477,216,4.0,3.55
182,2580,4.0,4.1
274,37720,1.5,3.07
469,610,3.0,3.59
331,296,5.0,4.27
514,7153,3.0,4.23
140,2819,3.0,3.66
20,3948,3.5,3.56
413,4993,5.0,4.14
606,6202,3.5,0.0
82,5220,4.0,2.65
462,1961,2.0,3.95
254,7090,4.5,3.91
38,222,3.0,3.7
287,799,2.5,3.54
279,112183,4.5,3.59
448,33004,3.0,3.6
567,122922,3.0,3.81
548,58559,5.0,4.17
111,170957,3.0,0.0
428,7361,4.0,4.27
113,1829,3.0,0.0
274,8807,3.5,3.94
357,553,5.0,3.98
126,500,4.0,3.45
474,4809,4.0,0.0
605,5667,3.0,0.0
571,3660,1.0,0.0
597,1527,4.0,3.69
182,3882,2.0,2.89
249,102123,5.0,2.62
175,38388,5.0,0.0
185,34,2.0,3.63
596,1136,4.0,4.31
552,553,1.5,3.91
466,57368,4.0,3.21
517,1282,5.0,3.69
63,111781,5.0,3.65
458,161,5.0,3.73
210,147380,4.5,2.4
599,37727,1.5,3.09
485,10,4.0,3.47
380,3300,4.0,4.1
316,1967,3.0,3.96
24,132660,4.0,0.0
305,45081,3.5,3.06
599,74696,3.0,0.0
599,2154,2.0,0.0
204,68954,4.0,4.06
282,1220,4.0,3.85
63,60069,4.0,4.18
25,58559,5.0,4.21
148,4896,4.0,3.81
125,97752,4.0,3.7
448,592,3.0,3.72
480,3535,3.0,3.94
603,1097,4.0,3.95
68,10,4.5,3.82
438,5903,5.0,4.08
414,66203,3.0,3.13
305,60069,5.0,4.34
232,34520,2.5,2.22
599,2719,1.5,2.24
409,1694,4.0,2.79
137,1272,5.0,4.22
256,170,4.5,3.32
18,171023,4.0,0.0
294,3699,1.0,3.41
305,3300,3.0,3.84
169,3147,4.5,4.21
241,71899,4.5,4.23
182,2808,0.5,1.93
610,8578,3.0,0.0
181,592,2.0,3.55
475,58025,4.5,3.06
33,1617,5.0,4.05
380,82461,3.0,3.21
484,87529,2.0,3.74
115,2028,5.0,4.17
561,86332,4.0,3.83
603,339,3.0,3.69
249,380,4.0,3.87
610,68486,3.5,0.0
52,150,4.0,3.82
292,2005,3.0,3.74
514,3552,4.0,3.88
368,2009,3.0,3.6
23,1809,3.5,3.83
174,539,5.0,3.53
221,1086,4.5,4.13
57,1517,4.0,3.69
298,79132,3.5,4.41
448,70565,2.5,3.87
19,2372,1.0,2.76
103,57522,3.5,0.0
256,2011,5.0,3.49
305,49530,4.5,4.09
64,3809,4.0,3.28
177,5943,4.0,2.67
156,5060,4.0,4.1
414,3020,4.0,4.21
367,4155,4.0,3.32
91,7123,4.0,3.33
139,56788,2.0,4.0
339,86504,5.0,4.12
221,5247,2.5,2.41
199,5670,3.0,0.0
560,3996,4.0,3.99
159,63082,0.5,3.97
577,435,3.0,2.45
599,128360,3.0,4.12
357,3897,5.0,3.92
189,2762,4.0,3.91
606,50,4.5,4.44
105,104780,5.0,0.0
580,1923,4.0,3.8
385,1,4.0,3.99
453,1393,4.0,3.69
448,4489,3.0,3.61
140,4299,3.0,3.67
91,2762,4.0,4.1
105,56174,4.0,3.63
160,353,5.0,3.56
246,838,4.0,3.79
263,597,4.0,3.59
367,1968,5.0,3.83
352,64614,5.0,4.15
91,158,2.0,3.08
391,555,5.0,3.94
286,5218,5.0,3.76
517,1230,1.5,4.12
414,230,3.0,3.74
51,2371,3.5,3.16
558,5064,5.0,3.89
448,5094,1.5,1.96
387,46970,2.5,3.32
493,2872,3.0,3.68
136,62,5.0,3.75
217,3197,3.0,2.86
51,2282,4.5,0.0
28,2194,3.5,3.99
495,72998,5.0,3.81
387,3536,2.5,3.48
344,3897,3.0,3.85
318,337,4.0,4.0
599,34292,1.5,0.0
492,1405,5.0,2.61
221,27741,4.5,3.81
482,647,3.5,3.48
89,164226,4.5,0.0
489,5541,2.5,3.29
57,3114,4.0,3.95
491,30825,4.0,3.14
64,27869,4.5,0.0
275,1267,5.0,4.49
493,3267,4.0,3.35
62,1246,4.5,4.14
483,61323,4.5,3.75
356,1259,3.5,4.04
483,3745,4.5,3.47
574,300,3.0,3.42
18,502,2.0,2.51
474,6535,2.0,2.82
414,3977,4.0,3.29
177,45447,3.5,3.56
287,5902,3.5,3.93
217,89,4.0,3.41
274,44974,3.5,3.5
135,1214,4.0,4.06
105,48516,5.0,4.62
91,3623,2.0,2.75
70,1210,5.0,4.2
586,27619,4.5,0.0
464,1036,5.0,3.89
356,2716,5.0,3.9
600,19,3.0,2.94
414,1037,3.0,2.86
156,3873,4.0,3.02
603,1208,5.0,4.44
274,4732,1.5,2.53
525,596,1.5,3.53
141,3578,5.0,4.11
474,1939,3.5,4.28
290,2935,4.0,3.98
599,1394,3.0,4.55
212,135861,2.0,3.04
274,2000,3.0,4.08
428,4890,2.0,2.98
78,380,4.0,3.6
604,233,3.0,3.74
504,6620,3.0,4.01
590,60074,3.0,3.11
567,134246,0.5,0.0
543,588,5.0,3.94
64,4306,3.5,4.04
211,3638,4.5,3.0
135,608,4.0,4.2
381,480,4.0,3.92
372,157,3.0,3.28
303,5502,4.0,3.12
474,1252,4.0,4.65
6,489,3.0,0.0
480,1101,4.0,3.4
528,97921,3.5,3.88
288,5349,4.0,3.7
229,434,3.0,3.06
603,1120,2.0,3.75
63,110,2.5,4.14
331,4638,2.0,3.01
305,2268,5.0,3.95
603,1680,4.0,3.51
276,837,4.0,3.37
559,349,3.0,3.79
537,69481,3.5,4.04
368,1240,4.0,3.97
367,3510,5.0,3.51
91,3263,2.0,3.17
415,4369,3.0,3.16
328,1380,0.5,3.3
414,1390,2.0,3.42
249,3978,3.5,3.24
331,40819,4.0,3.74
202,2355,4.0,3.67
489,5218,3.5,3.88
247,6365,3.0,3.35
274,5349,3.0,3.75
318,74458,4.5,4.54
500,342,2.0,3.2
76,4878,2.5,4.07
543,1387,5.0,4.12
339,1580,2.0,3.65
597,1090,5.0,4.06
116,30749,4.5,4.01
111,5025,3.0,2.64
479,351,2.0,3.15
91,2431,2.0,3.44
292,111,2.0,4.32
474,1784,3.5,4.18
124,110,3.5,4.02
605,4899,2.5,2.32
21,168252,3.0,4.68
542,47,5.0,4.01
453,3751,5.0,3.58
474,1212,4.0,4.51
159,157296,4.5,3.57
109,198,3.0,3.35
51,3785,3.5,3.03
590,45499,2.5,3.54
153,60950,1.0,2.94
599,457,3.0,4.4
509,72226,4.0,4.26
263,3911,3.5,3.72
514,1301,3.5,3.87
365,158872,4.5,3.39
580,8236,0.5,0.0
166,49530,4.0,3.9
474,2583,4.0,4.34
182,784,2.0,3.22
51,2402,1.0,2.98
376,91535,5.0,3.16
332,8984,3.0,3.18
233,87529,2.5,3.78
28,457,3.0,4.11
217,1608,4.0,3.51
384,4321,2.0,3.51
313,1591,5.0,2.31
368,2944,4.0,4.14
186,5493,4.0,0.0
410,3928,5.0,0.0
577,2641,3.0,3.15
249,103335,4.5,4.22
246,82461,4.0,3.1
393,5679,3.5,3.34
578,8533,5.0,3.6
409,2581,2.0,2.9
18,158972,3.5,0.0
561,48780,3.5,4.39
89,5621,5.0,1.59
359,2701,3.0,2.35
555,1196,5.0,4.36
169,344,3.5,2.98
232,8531,2.5,3.2
249,6281,4.0,3.49
410,4246,3.0,3.66
298,3751,2.5,3.63
52,45447,3.5,3.22
438,2723,2.0,3.08
223,780,3.5,3.49
18,33004,3.0,3.58
381,64575,3.0,3.65
381,2085,3.0,3.4
603,308,4.0,3.93
51,45666,3.5,2.89
414,31162,3.0,0.0
354,318,4.5,4.55
222,6711,3.0,4.22
156,562,4.0,3.97
344,1214,1.0,3.96
202,2571,4.0,4.29
113,1235,5.0,4.23
606,30848,3.5,0.0
274,37475,3.0,0.0
298,8641,4.0,3.79
435,2002,4.0,2.89
66,3809,4.0,3.24
298,46578,3.5,4.02
434,6016,5.0,4.28
387,2315,1.0,3.02
448,81784,2.5,2.88
474,671,3.5,3.73
517,91653,3.0,0.0
606,105,3.5,3.28
570,708,3.5,3.41
607,4022,4.0,3.76
140,6219,3.0,0.0
274,6564,2.5,2.76
72,2858,4.5,4.06
1,2116,5.0,3.19
162,62,5.0,3.71
212,177593,5.0,4.62
279,8665,3.0,3.92
62,102125,3.5,3.92
353,380,3.0,3.62
380,27839,2.0,2.4
414,2657,4.0,3.77
105,4995,4.0,4.37
590,329,3.0,3.44
220,2502,5.0,4.21
555,1208,5.0,4.34
212,76093,2.5,4.04
222,2125,2.5,3.67
525,2080,2.0,3.65
240,637,4.0,3.5
274,42285,3.0,0.0
152,64716,4.0,4.3
387,47465,1.5,0.0
129,31184,4.5,3.24
160,2745,3.0,3.61
370,7361,4.0,4.24
199,4339,3.5,3.82
598,5816,5.0,3.59
474,516,2.0,3.46
414,802,3.0,3.7
474,3350,4.0,4.17
517,2355,0.5,3.65
599,3141,1.5,0.0
541,218,4.0,3.4
68,1297,3.0,3.91
505,3461,4.0,2.75
469,3499,4.0,4.02
452,170,4.0,3.35
479,515,4.0,3.57
21,117590,3.5,4.17
600,374,3.0,2.4
132,39183,3.5,3.57
470,10,3.0,3.49
298,53894,3.0,3.97
307,562,2.0,4.14
312,5010,3.0,3.94
517,47629,4.0,3.92
524,737,3.0,2.48
129,6093,4.5,0.0
271,2329,3.0,4.23
307,61132,4.0,3.78
40,454,4.0,3.63
480,7160,3.5,3.35
567,156726,0.5,3.86
19,2694,2.0,3.28
365,62434,4.0,3.62
596,3285,2.0,3.22
599,5004,3.5,3.94
443,260,4.0,4.23
610,3908,2.5,0.0
244,445,4.0,2.59
599,2916,3.0,4.11
161,1093,4.0,3.58
580,1884,5.0,3.96
234,737,4.0,2.48
414,1221,5.0,4.54
249,101864,3.5,4.0
249,85510,3.5,3.28
226,1035,3.0,4.15
26,349,3.0,3.71
201,339,5.0,3.62
522,1784,4.0,3.86
160,2412,1.0,1.89
20,4901,3.5,3.46
91,4896,4.0,3.82
401,588,3.0,3.91
541,377,3.0,3.59
43,532,4.0,3.13
577,2245,4.0,3.25
380,1258,4.0,4.4
310,1194,4.0,3.61
177,918,4.0,3.87
483,83132,4.0,3.94
483,68073,4.5,2.2
448,78105,1.0,3.58
113,351,5.0,3.15
599,86190,3.5,3.6
546,3408,4.0,3.51
307,1213,4.0,4.47
559,48,3.0,3.33
352,79091,4.0,3.9
438,6367,3.0,2.94
354,2700,2.5,4.0
13,3300,4.0,3.56
600,46578,4.5,3.97
528,589,4.0,4.02
452,10,4.0,3.61
453,2879,4.0,3.24
83,595,3.5,3.81
444,266,3.0,3.34
600,1676,0.5,3.49
380,34150,4.0,3.07
137,903,4.0,4.13
448,6764,2.5,3.63
176,520,3.0,3.01
474,4848,3.5,3.85
606,4671,3.5,0.0
380,2124,5.0,3.78
525,122920,3.5,3.95
200,4306,3.0,4.03
3,914,0.5,4.04
489,51077,1.0,2.51
132,3317,3.5,3.68
11,648,4.0,3.62
500,2916,3.0,3.65
307,45728,4.0,4.0
603,2918,4.0,3.98
453,648,3.0,3.69
305,145418,4.0,0.0
221,348,4.5,3.75
563,96821,4.0,3.94
89,69304,4.0,0.0
501,141,5.0,3.52
596,162350,4.0,3.5
414,4452,2.0,2.22
171,1208,5.0,4.26
288,3985,3.0,3.74
579,367,4.0,3.28
606,3551,3.5,3.81
425,2115,4.0,3.73
15,2858,4.0,4.09
213,51935,3.5,3.96
318,6025,4.0,2.4
523,4014,5.0,3.62
292,260,4.0,4.33
376,59369,5.0,3.65
606,55052,3.5,3.43
573,8783,2.0,3.16
136,367,4.0,3.3
89,83969,5.0,0.0
605,2124,3.0,3.5
362,296,5.0,4.28
543,68157,4.0,4.13
480,51255,4.0,4.27
525,76093,4.0,4.14
599,2126,3.0,2.86
381,41571,3.5,3.53
68,1307,3.5,4.16
307,40826,3.0,2.99
480,34,4.0,3.77
534,80615,4.0,0.0
448,95875,1.5,3.47
372,41,4.0,3.64
610,50794,3.0,3.02
469,671,1.0,3.63
396,277,1.0,3.36
179,725,3.0,2.4
182,3978,3.5,3.15
474,31260,3.5,0.0
241,55247,3.5,3.99
232,4886,4.0,4.13
83,3155,3.5,4.3
249,6888,2.5,2.22
608,1499,3.0,1.43
254,5445,3.5,3.73
603,2512,5.0,0.0
240,318,3.0,4.52
369,1967,3.5,3.99
606,3260,4.5,4.18
372,1206,2.0,4.17
429,165,4.0,3.72
292,70286,2.0,3.99
448,105254,3.0,0.0
225,1717,2.0,3.15
602,357,4.0,3.58
475,106487,4.5,3.57
216,2857,4.0,3.05
419,72378,4.0,2.72
260,2859,4.5,3.77
385,206,2.0,0.0
52,2571,5.0,4.26
474,1010,3.0,2.72
474,2634,3.0,3.07
580,4776,3.5,3.85
479,435,3.0,2.42
20,3565,3.0,3.49
158,6502,4.0,4.02
448,3646,3.0,2.08
195,300,4.0,3.46
599,4308,2.5,3.76
380,3697,4.0,2.87
606,27266,4.0,4.15
17,1100,3.5,2.83
274,46970,3.5,3.49
249,3114,3.5,4.1
80,81417,3.5,4.02
292,2085,4.5,3.36
64,762,3.0,2.59
474,8600,3.5,0.0
19,1923,4.0,3.81
288,2761,4.0,4.3
222,53322,3.5,3.75
307,6040,1.5,2.41
448,4732,1.5,2.44
18,53464,2.5,2.6
414,53123,4.0,4.05
318,3615,3.0,3.29
438,4226,4.5,4.19
4,2926,5.0,3.06
265,2527,4.0,3.48
555,3707,3.0,2.8
241,55442,4.0,4.14
91,4007,3.5,4.14
231,1291,4.0,4.13
599,1609,2.5,2.47
156,3076,3.0,0.0
434,296,5.0,4.33
156,947,5.0,3.39
357,1259,4.0,4.06
570,1721,3.0,3.52
485,329,4.0,3.41
62,74228,3.5,0.0
65,55247,5.0,4.0
480,4975,4.0,3.65
323,357,3.5,3.55
274,8666,2.0,1.11
497,86781,5.0,4.41
298,79553,0.5,3.67
102,377,3.0,3.57
225,2001,4.0,3.2
140,1015,4.0,3.21
474,8011,4.0,0.0
354,1569,4.0,3.54
597,1148,5.0,4.0
590,4361,4.5,3.53
198,778,4.0,4.16
216,3994,5.0,3.62
610,3916,3.5,3.87
373,153,3.0,2.94
580,5445,4.5,3.8
210,95167,3.0,3.55
45,1934,3.0,4.27
198,24,4.0,3.21
68,2808,3.5,1.92
202,1280,4.0,4.25
339,115969,4.0,0.0
474,6238,3.5,2.53
182,198,4.0,3.49
177,2153,2.0,2.82
45,3248,2.0,2.02
599,4509,1.5,3.7
414,193,2.0,3.0
64,2571,4.0,4.37
221,6016,5.0,4.26
220,2028,5.0,4.23
372,36,3.0,3.88
590,942,4.0,4.51
62,115713,4.0,4.3
317,68358,3.0,4.11
448,5299,4.0,3.41
275,1542,3.0,0.0
50,1391,3.0,3.15
305,76093,4.0,4.16
232,37729,3.0,3.67
200,3489,3.0,3.57
436,258,3.0,2.22
261,1089,4.5,4.27
135,1206,5.0,4.17
600,1732,3.5,3.99
304,260,5.0,4.28
86,2858,4.0,4.07
599,6213,2.0,2.86
294,1689,2.0,2.34
326,133771,5.0,3.94
219,47,3.5,4.16
307,62,3.0,3.82
93,1615,4.0,3.16
182,1835,3.0,3.66
382,910,4.0,3.93
27,2142,3.0,2.13
434,2194,4.0,3.96
153,2396,2.5,3.82
73,4878,5.0,4.12
28,3105,2.5,4.0
39,1073,3.0,3.95
436,234,1.0,2.63
387,2712,4.0,3.5
202,29,4.0,4.14
330,58,5.0,3.99
414,21,4.0,3.48
47,4878,0.5,4.07
294,2352,4.0,3.9
221,29,4.5,4.09
383,2762,5.0,3.9
370,8636,4.0,3.83
373,150,2.0,3.84
298,27773,4.0,4.19
144,6377,5.0,4.05
525,2398,4.5,3.91
41,71899,4.0,4.36
577,986,3.0,3.68
391,3083,5.0,4.14
177,2687,2.0,3.63
570,2618,3.5,3.75
448,115680,3.5,0.0
295,4226,4.5,4.12
555,1674,4.0,3.72
474,5629,2.0,0.0
354,1210,4.0,4.28
111,81834,4.0,4.3
415,2571,4.5,4.23
434,2628,0.5,3.28
387,8042,4.0,4.05
186,2034,2.0,2.93
339,3996,3.0,4.01
599,116044,1.5,0.0
122,78209,4.0,3.66
483,160,3.5,2.96
298,3535,3.5,3.96
470,356,5.0,4.22
182,2447,3.5,3.47
249,106920,5.0,4.46
594,586,5.0,3.1
221,6539,3.5,3.89
425,2329,4.0,4.38
80,103249,4.0,2.75
432,7458,4.0,3.37
177,2918,4.0,4.1
15,2150,5.0,3.75
185,4878,4.0,4.06
119,140711,1.5,3.32
414,1552,3.0,3.64
216,2863,5.0,3.45
381,3968,4.0,3.19
387,1658,2.0,3.4
573,1197,3.0,4.37
68,106487,4.0,3.67
141,3552,5.0,3.82
357,1387,4.0,4.22
288,2016,3.0,2.87
144,253,4.5,3.59
177,6412,4.0,0.0
474,2796,0.5,3.11
414,101,4.0,4.24
57,1100,2.0,2.9
82,5445,3.0,3.75
190,88125,5.0,3.82
534,78469,4.0,3.17
517,933,1.5,4.3
466,5010,3.5,3.92
517,509,3.5,3.65
549,1291,3.0,4.15
606,2819,4.0,3.71
474,39292,4.0,3.87
332,2905,4.5,0.0
185,2565,4.0,4.18
45,543,5.0,3.41
425,172,3.5,2.74
608,4816,3.0,3.52
567,156607,0.5,1.29
356,55830,3.0,3.43
381,2100,3.5,3.24
141,520,4.0,3.05
401,595,3.0,3.83
32,6,3.0,3.97
249,79702,4.5,4.35
361,1035,2.0,4.06
387,2123,3.0,2.8
561,78469,3.0,3.16
583,149354,4.0,2.77
607,1210,3.0,4.23
288,1083,3.0,3.48
111,3253,5.0,3.58
202,1097,4.0,3.95
347,500,3.0,3.46
89,126921,5.0,0.0
603,968,5.0,3.62
40,159,3.0,2.73
572,1569,4.0,3.49
74,3246,4.0,4.31
417,97938,3.5,3.76
177,81834,5.0,4.25
466,1196,2.5,4.24
298,65642,4.0,3.99
509,36529,2.0,3.87
448,1148,4.0,4.08
193,260,5.0,4.23
195,1370,3.0,3.51
89,32596,3.0,3.1
358,902,4.0,3.9
219,165,4.5,3.94
610,30793,3.0,3.26
63,30810,2.5,3.6
514,2268,4.5,3.92
222,4388,2.5,2.71
84,532,3.0,3.17
339,91630,4.0,3.72
381,34338,1.0,3.75
58,455,2.0,2.49
62,104374,4.5,4.16
599,1961,3.5,4.23
89,167380,4.5,0.0
280,52245,2.5,3.22
103,27706,3.5,3.34
102,293,3.0,4.05
354,35836,3.5,3.67
590,2571,4.0,4.39
76,72129,4.5,0.0
167,6857,4.0,3.64
452,1136,5.0,4.25
394,34,3.0,3.61
567,87232,2.5,3.89
68,71579,3.5,3.51
462,2144,3.5,3.81
182,1912,4.0,4.07
377,909,4.0,4.14
600,48783,1.0,3.55
89,88,2.0,3.25
318,87232,3.0,4.07
520,7367,4.0,2.38
334,42728,3.0,3.74
474,6669,4.0,3.41
469,3697,2.0,2.93
596,59667,4.0,0.0
111,96432,3.5,0.0
28,64957,4.5,3.91
454,55820,3.5,3.94
129,1527,4.5,3.7
103,492,4.0,4.07
561,4816,3.0,3.56
475,112852,4.5,4.28
474,3393,2.0,0.0
448,3564,2.0,2.09
473,1760,0.5,1.64
21,160565,1.0,0.0
192,110,3.0,4.0
420,8622,4.0,3.72
119,138210,5.0,3.12
534,87192,3.0,3.78
135,4128,4.0,3.73
320,3745,3.5,3.3
489,296,4.0,4.34
6,340,4.0,3.35
414,8587,3.5,0.0
382,65685,3.5,3.43
599,2991,2.5,3.8
603,164,4.0,3.7
370,2918,3.5,3.88
520,2571,5.0,4.25
365,95720,4.0,2.72
420,53125,3.5,3.58
474,1967,3.0,4.04
448,30793,3.0,3.27
522,2082,1.5,2.81
480,4823,2.5,3.12
387,5397,1.5,0.0
603,3197,2.0,2.89
158,837,2.5,3.38
95,5247,4.0,2.35
114,122886,2.5,3.91
352,3408,4.0,3.62
599,79057,2.5,3.99
19,339,3.0,3.69
469,2204,4.0,3.8
610,98499,3.0,0.0
217,153,2.0,3.06
599,27595,0.5,0.0
105,5956,4.0,3.86
514,6989,3.5,0.0
290,1945,5.0,4.16
182,6001,4.0,4.4
15,356,5.0,4.25
19,1881,1.0,0.0
89,142196,4.5,0.0
357,3578,4.5,4.15
307,2369,2.0,2.66
483,72011,4.5,3.79
150,58,3.0,3.9
567,6291,3.0,0.0
406,1022,3.5,3.57
599,52973,2.5,4.04
57,653,3.0,3.16
186,4643,4.0,2.83
240,1367,3.0,3.14
210,122886,5.0,3.96
68,1954,3.5,4.28
564,104374,4.0,3.98
304,529,5.0,3.86
405,6023,4.0,0.0
606,4828,3.5,0.0
226,2161,4.5,3.71
599,178061,3.0,0.0
177,709,2.5,3.29
428,4228,2.0,1.94
517,1031,3.5,3.5
560,4023,2.5,3.18
10,6942,4.0,3.76
249,1722,3.5,3.15
590,1233,4.5,4.41
274,586,3.5,3.48
377,2311,4.5,3.67
307,31,1.5,3.39
45,4104,1.0,0.0
234,2406,4.0,3.57
387,1227,4.0,4.29
580,858,4.5,4.46
233,78105,1.5,3.25
590,1093,2.5,3.7
411,432,3.0,2.58
137,1208,5.0,4.29
312,3070,4.0,3.39
380,7570,4.0,3.3
1,1644,3.0,2.11
219,49272,4.5,4.18
140,5899,3.0,0.0
288,1252,3.5,4.48
307,4619,3.0,0.0
610,215,5.0,3.77
213,80363,3.5,2.71
302,14,4.0,3.81
567,8636,3.5,3.87
210,1527,5.0,3.7
569,316,4.0,3.32
445,750,5.0,4.31
62,45517,3.0,3.38
480,8983,3.5,3.54
489,81845,4.0,4.27
91,357,1.5,3.67
414,6022,4.0,0.0
140,3494,4.0,0.0
448,97836,2.5,3.64
460,3831,4.5,3.81
543,1388,5.0,2.41
288,3074,3.0,4.87
352,53322,4.0,3.79
590,2529,5.0,3.87
425,6016,4.5,4.28
605,54259,4.0,3.58
156,750,5.0,4.4
501,21,3.0,3.51
607,2791,4.0,3.98
234,480,5.0,3.84
28,3006,2.5,3.9
170,539,4.0,3.51
131,5952,3.5,4.04
294,608,4.0,4.18
599,1726,2.5,3.81
307,2329,5.0,4.45
601,166024,5.0,0.0
16,5971,4.0,3.98
380,3639,3.0,3.7
232,2096,2.5,3.47
177,89939,3.0,0.0
307,4148,3.0,2.88
241,2324,4.5,4.12
41,34319,3.0,3.48
32,852,4.0,3.2
610,57368,4.0,3.64
274,54190,4.0,4.28
338,174053,5.0,0.0
190,4447,3.5,3.16
414,3258,2.0,3.8
244,10,5.0,3.52
484,42725,4.0,2.29
288,3869,4.0,3.34
499,40826,4.0,3.0
583,5620,4.0,2.85
448,35836,4.0,3.92
68,1120,3.5,3.87
371,2571,5.0,4.19
47,47099,2.5,3.74
341,104218,3.0,3.2
437,50,4.0,4.26
480,1193,3.5,4.42
236,1214,5.0,3.96
227,1196,4.0,4.22
477,54256,4.0,1.84
448,139052,2.0,0.0
555,2021,3.0,3.36
307,27,2.5,3.26
177,84152,3.5,4.26
68,7143,4.5,4.15
118,2278,4.0,3.64
414,3753,3.0,4.19
19,2642,1.0,2.38
304,1374,5.0,3.74
597,1302,5.0,3.85
327,2706,5.0,3.36
220,2329,5.0,4.33
477,31658,5.0,4.36
554,1951,4.0,3.39
327,2338,3.5,2.17
160,1097,3.0,3.93
462,1288,3.5,4.16
200,2340,4.5,3.26
514,1997,4.0,4.12
316,2571,4.5,4.18
599,59336,3.0,0.0
173,500,4.0,3.44
477,1653,3.5,4.18
122,19,3.5,2.98
489,2990,3.5,3.45
380,19,5.0,3.17
99,23,4.0,2.88
177,2761,2.0,4.24
386,16,4.0,3.96
100,6059,4.5,3.29
32,708,4.0,3.36
156,3224,5.0,0.0
91,1291,4.0,4.29
410,4019,2.0,3.65
42,3082,5.0,3.4
159,68954,3.0,4.09
187,1690,4.0,2.99
600,924,4.0,3.98
541,153,3.0,2.95
576,3082,4.5,3.23
534,1831,3.5,2.62
319,69844,4.5,3.86
182,2021,4.5,3.39
135,919,5.0,3.89
414,3703,4.0,4.03
382,743,2.0,2.58
70,246,4.5,4.26
577,1214,4.0,4.02
599,349,3.0,4.02
534,58559,2.0,4.48
76,47,3.5,4.02
68,81932,4.0,4.3
610,3893,3.5,3.46
608,2617,4.0,3.22
185,1288,3.0,4.03
314,260,5.0,4.23
477,72998,4.0,3.89
480,6003,3.5,3.74
490,44555,4.0,4.15
51,953,5.0,4.23
275,1228,5.0,4.34
249,364,5.0,4.31
187,3681,4.5,4.29
288,647,3.0,3.62
305,120799,2.5,2.93
325,2716,4.0,3.84
446,555,3.0,3.79
15,2028,3.5,4.19
469,2355,3.0,3.7
455,597,4.0,3.54
161,2617,4.0,3.09
555,813,2.0,3.65
265,969,5.0,4.07
312,542,1.0,3.06
80,6934,4.5,3.23
586,187593,4.0,4.28
193,1206,5.0,4.16
594,1569,4.5,3.51
367,3483,2.0,3.07
605,72998,3.5,3.7
66,6996,2.0,1.98
430,2355,2.0,3.56
432,46723,4.5,3.5
322,1923,4.0,3.72
159,84954,3.0,3.61
440,1214,4.5,3.96
287,2028,3.5,4.11
438,4975,3.5,3.62
200,150,4.0,3.92
91,29,4.0,4.13
307,2888,1.0,2.04
586,62999,5.0,3.39
350,858,3.0,4.28
372,280,3.0,4.34
380,5506,4.0,0.0
249,7361,4.0,4.55
125,4864,2.5,0.0
380,2092,2.5,3.01
287,1206,2.5,4.16
435,68358,4.5,3.97
166,4027,4.5,3.82
124,2712,3.5,3.4
483,55269,4.0,3.81
182,1136,4.0,4.46
219,6874,4.5,3.95
458,592,3.0,3.53
448,2533,2.0,3.1
307,4091,3.5,0.0
497,2712,3.0,3.4
182,780,1.5,3.69
79,1580,4.0,3.56
6,32,4.0,4.02
377,849,4.5,2.87
288,2393,3.5,2.85
336,38798,3.5,2.97
379,587,3.0,3.42
448,94864,2.5,3.61
561,122886,4.0,3.94
68,41724,4.5,0.0
534,6373,3.5,3.51
322,2268,5.0,3.85
447,427,4.0,1.87
326,3556,4.5,3.88
493,1918,4.0,2.8
561,2105,3.0,3.37
140,1266,4.0,4.29
599,4215,1.5,0.0
294,1918,4.0,2.81
387,1370,2.5,3.65
152,7156,4.5,4.13
200,6373,4.0,3.39
111,51662,4.0,3.8
408,6595,3.5,3.22
288,2537,1.0,2.57
480,1183,4.5,3.8
232,43928,2.5,1.88
474,6350,4.0,4.37
474,2858,3.5,4.29
309,1172,5.0,3.89
448,2693,4.0,0.0
414,1866,2.0,4.09
249,1923,3.5,3.93
159,2424,3.0,3.24
288,1425,3.5,0.0
43,173,3.0,2.59
561,135569,3.5,3.47
308,117192,5.0,0.0
250,318,5.0,4.5
18,5903,3.5,4.1
447,553,4.0,3.9
28,1256,4.0,3.85
536,45,5.0,3.31
414,3615,3.0,3.29
84,5,3.0,3.08
115,487,5.0,1.48
608,837,3.0,3.51
606,50872,4.0,4.23
51,141,3.5,3.51
382,2881,3.5,3.04
274,648,3.5,3.88
357,3243,3.5,2.64
454,2908,4.5,3.48
221,1466,4.0,3.86
380,7369,3.0,1.77
66,1378,4.0,3.15
607,208,3.0,3.0
357,2144,4.5,3.81
105,66097,3.0,4.04
560,3826,4.0,2.4
83,7438,0.5,3.89
580,5617,4.5,3.98
357,3396,3.5,3.87
217,65,1.0,2.89
263,163,4.0,3.61
202,1300,4.0,4.28
528,91529,4.5,4.08
222,344,4.0,3.03
448,1019,3.0,3.74
222,1036,3.0,3.91
152,1203,5.0,4.12
495,6874,5.0,3.92
414,4299,3.0,3.97
580,1603,3.0,2.32
266,3156,1.0,2.72
579,3034,3.0,3.63
434,51662,3.5,3.71
483,2594,4.0,3.82
89,750,4.5,4.32
140,4259,4.0,3.27
336,628,4.5,3.56
274,7258,3.5,2.32
564,90405,2.0,3.54
216,1198,5.0,4.25
546,3918,5.0,2.98
580,2021,4.5,3.33
305,5618,5.0,4.26
329,1732,0.5,3.9
599,4728,2.0,3.45
339,96829,4.0,4.17
580,1210,4.0,4.31
391,2966,3.0,4.06
116,3072,2.5,3.47
122,1968,4.5,3.86
288,4002,4.0,4.04
42,2433,3.0,3.39
74,3481,3.5,3.67
125,96588,4.0,3.56
414,4366,3.0,3.98
295,1586,2.0,2.84
414,5209,2.0,0.0
477,4014,4.0,3.68
364,786,4.0,3.13
579,538,3.0,3.85
333,3785,3.0,2.93
18,5349,4.0,3.69
332,3994,3.0,3.67
113,4040,3.0,2.17
301,21,4.0,3.52
318,68159,4.0,0.0
104,5577,1.5,3.78
140,6386,4.0,0.0
480,3948,2.0,3.75
256,103253,3.5,3.3
414,610,4.0,3.9
33,1245,5.0,4.2
182,3481,4.5,3.79
567,104074,0.5,0.0
559,653,3.0,3.12
606,6970,4.0,0.0
84,247,4.0,4.03
139,5816,3.0,3.59
325,2150,4.0,3.81
414,4242,2.0,0.0
68,81834,5.0,4.45
555,75,3.0,1.79
177,1931,4.0,0.0
178,33903,4.5,4.05
182,3462,4.5,3.74
599,44195,2.5,4.05
63,4734,3.5,3.13
186,1947,4.0,3.63
606,6996,1.5,2.1
484,30825,4.0,3.21
221,4641,4.0,3.35
474,7036,3.5,2.61
117,534,3.0,3.69
202,2533,3.0,2.93
448,116977,1.5,2.92
111,6944,4.0,3.38
249,49278,4.0,3.52
69,2571,5.0,4.2
483,89745,4.0,4.19
358,85334,0.5,0.0
156,1179,5.0,3.79
385,531,3.0,3.26
561,1784,3.0,3.97
385,1387,3.0,4.16
42,1805,4.0,2.93
19,3082,2.0,3.37
274,6764,3.5,3.69
363,260,2.0,4.24
322,2692,4.0,3.98
294,3608,1.0,2.78
160,1019,5.0,3.6
91,2654,2.0,4.48
599,5553,2.0,3.39
474,8534,3.5,0.0
606,3451,5.0,4.52
16,1193,4.0,4.23
587,1307,5.0,3.96
552,317,2.0,3.21
371,1748,5.0,3.77
438,4900,3.0,0.0
380,75985,3.0,3.84
608,2529,3.5,3.83
432,57274,5.0,4.05
190,4963,3.0,4.02
408,55908,5.0,4.3
16,3429,3.5,4.32
517,69844,3.0,3.95
340,253,4.0,3.53
215,223,3.5,3.93
275,25,3.0,3.85
387,5047,0.5,3.98
425,165,3.5,3.87
288,2949,3.5,3.84
141,1682,3.0,3.91
509,101577,3.5,0.79
381,1046,5.0,4.52
575,2598,4.0,2.8
480,3969,4.0,3.53
155,432,4.0,2.53
570,380,3.5,3.67
91,1407,4.0,3.35
606,2996,3.0,2.95
452,541,5.0,4.14
52,89745,5.0,3.99
42,2490,4.0,3.35
534,108190,2.0,3.5
228,1385,3.0,2.97
249,103141,4.0,4.36
301,1680,3.5,3.39
356,5673,3.5,3.65
89,78142,4.5,0.0
230,5459,4.0,2.9
93,2822,4.0,2.84
220,5816,4.5,3.63
233,78103,2.5,0.0
19,3744,2.0,2.82
380,181,4.0,2.39
219,1805,4.0,2.92
179,47,4.0,4.0
600,2088,3.5,2.62
599,4477,1.5,1.62
469,798,2.0,2.98
353,292,4.0,3.43
182,3247,2.0,3.2
414,3157,4.0,2.49
275,4023,4.0,3.09
563,3882,3.0,2.8
89,4928,2.0,0.0
535,2688,2.0,3.01
339,1178,4.5,4.5
517,91094,1.0,2.71
603,1997,4.0,4.21
474,8778,3.5,0.0
21,130450,3.0,2.43
474,8487,3.0,0.0
448,7102,2.5,2.72
328,750,5.0,4.34
324,3978,3.0,3.01
359,1225,5.0,4.2
167,8665,3.5,3.9
260,7438,4.0,3.93
480,1784,3.5,4.0
181,489,3.0,0.0
524,587,4.0,3.45
261,1920,1.5,3.17
369,1625,4.5,3.7
603,207,4.0,3.31
27,1304,3.0,4.02
304,1584,5.0,3.63
105,141836,4.5,0.0
200,1270,4.0,4.12
275,1966,4.0,3.58
263,2875,4.0,3.35
414,44199,4.0,4.59
339,7156,5.0,4.1
135,3852,4.0,2.99
448,3744,1.5,2.99
225,1214,4.0,3.96
235,208,1.0,2.99
484,93510,4.5,4.06
448,26700,2.5,0.0
68,1676,2.0,3.53
156,2455,2.5,3.53
506,52973,3.5,3.79
357,5445,4.0,3.78
286,454,4.0,3.65
20,3967,4.5,3.83
509,2541,3.5,3.22
567,102088,2.0,0.0
608,610,3.5,3.65
100,932,4.0,3.41
19,497,3.0,3.87
593,318,4.5,4.53
356,208,4.0,2.99
386,173,2.0,2.55
474,7614,4.0,0.0
249,78105,3.0,3.54
474,2433,2.0,3.24
288,2418,4.0,3.01
391,800,5.0,4.15
402,852,3.0,3.19
462,2677,4.5,0.0
474,1148,4.0,4.25
483,81845,5.0,4.37
142,457,4.0,4.03
307,4448,4.0,3.47
105,3916,4.0,3.78
597,2353,2.0,3.56
482,7450,1.0,3.35
166,367,3.5,3.3
234,3624,5.0,3.23
6,54,4.0,1.48
381,32,3.5,4.12
337,376,4.0,3.31
603,306,4.0,4.39
64,1136,4.0,4.42
239,33679,4.0,3.49
414,6851,3.5,0.0
462,5225,3.0,4.02
132,1270,3.5,4.06
605,594,3.0,3.65
294,2006,2.0,3.18
330,2706,2.0,3.43
132,2572,4.0,3.69
452,527,5.0,4.28
225,1060,4.0,3.67
484,3798,3.5,3.31
60,858,5.0,4.29
391,778,5.0,4.24
419,2959,5.0,4.32
117,442,3.0,3.08
380,72601,3.0,0.0
386,318,3.0,4.51
380,7310,4.0,0.0
82,6863,3.5,3.52
217,349,4.0,3.86
330,260,4.0,4.35
50,93326,1.0,2.94
89,132496,4.5,0.0
66,1326,0.5,1.36
19,379,2.0,2.42
274,1894,2.5,3.27
42,2155,3.0,3.51
100,357,4.0,3.57
330,208,4.0,2.98
330,1073,5.0,4.04
85,1696,2.0,0.0
567,183897,3.5,3.8
555,2448,3.0,2.67
414,48783,4.0,3.79
555,3033,3.0,3.46
125,91690,4.5,3.27
561,4018,2.0,3.26
562,110,4.0,4.12
448,1459,2.0,3.1
331,8874,5.0,4.15
177,380,3.0,3.77
166,1249,4.5,4.08
327,1202,3.5,0.0
184,58559,5.0,4.25
319,6377,3.5,3.98
171,1201,5.0,4.26
482,1307,4.0,3.94
4,1198,3.0,4.29
414,3755,3.0,3.4
239,5816,4.0,3.63
477,48780,4.5,4.35
474,26151,3.5,0.0
135,3793,4.0,3.71
534,41569,4.0,3.39
167,1380,0.5,3.26
232,58299,3.5,3.49
68,3988,3.0,3.33
438,5944,3.0,3.32
202,923,5.0,4.05
216,3210,4.0,3.54
71,62,4.0,3.71
1,1617,5.0,4.12
45,1921,5.0,4.06
325,858,5.0,4.35
411,509,2.0,3.67
599,33966,1.5,0.0
68,63859,3.5,3.77
74,6787,5.0,4.04
268,1680,3.0,3.35
64,5502,4.5,3.23
225,2633,4.0,0.0
477,3036,4.0,3.52
140,34,4.0,3.71
489,63082,3.5,4.07
307,6709,3.0,3.52
534,116529,3.0,0.0
599,4928,2.5,0.0
474,2141,2.0,3.88
432,1092,3.5,3.36
322,2617,3.5,3.1
66,4787,4.0,3.38
380,8368,3.0,4.02
50,4914,4.0,4.27
352,122882,3.5,3.85
448,2792,3.0,2.85
606,6863,3.0,3.61
91,1215,5.0,4.14
4,190,2.0,2.38
105,2931,4.5,0.0
229,34,5.0,3.63
385,552,3.0,3.38
365,7153,3.0,4.2
524,592,3.0,3.56
232,33639,3.0,0.0
564,73319,3.5,2.49
63,33004,3.5,3.49
608,107,3.0,3.67
470,613,3.0,3.51
233,44555,3.5,4.15
600,2423,3.5,3.68
274,69951,4.0,3.76
477,3300,4.0,3.75
387,4390,3.0,0.0
525,1682,4.5,4.02
517,45722,3.5,3.58
249,106487,4.5,3.75
448,122890,1.5,4.15
57,2429,1.0,3.64
288,1982,4.0,4.04
483,1201,5.0,4.44
61,4993,4.5,4.16
257,2406,3.5,3.49
603,1274,1.0,3.66
497,551,4.0,3.53
99,248,3.0,2.98
514,595,4.0,3.89
425,8640,3.0,2.95
176,10,5.0,3.48
426,56367,4.5,3.79
136,207,5.0,3.18
204,2329,5.0,4.24
177,95167,4.0,3.96
606,26527,4.0,0.0
448,4881,3.0,4.21
68,35836,4.5,3.86
68,93721,4.5,4.72
607,3386,4.0,3.18
380,107723,3.0,0.0
298,2167,2.5,3.59
140,5481,1.0,3.03
368,1954,4.0,3.91
166,54997,4.5,3.98
448,102165,2.0,0.0
82,780,4.0,3.6
448,2090,4.0,3.42
420,1203,4.0,4.11
357,1258,5.0,4.21
152,318,3.5,4.52
586,1270,4.5,4.07
298,58156,1.5,3.19
82,6548,4.5,3.16
169,5014,4.5,3.66
89,76293,3.5,3.25
27,1721,5.0,3.45
600,4310,2.0,2.8
239,52973,3.5,3.91
600,2596,2.0,4.1
589,318,5.0,4.51
105,112852,4.0,4.36
20,5991,5.0,3.74
140,3557,3.0,2.76
380,216,3.0,3.62
414,1667,2.0,1.49
274,1920,3.5,3.36
80,94864,5.0,3.43
339,89864,4.0,3.76
244,1370,4.0,3.48
129,4310,4.0,2.72
413,1221,4.5,4.27
246,57640,3.5,3.81
474,4489,2.0,3.56
265,832,3.0,3.29
62,56174,4.0,3.63
232,48596,2.5,0.0
356,5902,4.0,4.04
460,541,3.0,4.1
425,1610,3.5,3.88
213,3285,4.0,3.19
305,63062,3.0,3.73
504,342,3.5,3.18
184,189333,4.0,0.0
381,34048,3.5,3.35
137,1196,4.0,4.26
469,1388,3.0,2.45
474,2875,3.0,3.46
482,4133,3.0,2.34
290,800,5.0,4.13
237,2571,4.0,4.19
78,377,3.5,3.58
464,2021,4.5,3.26
66,1093,3.5,3.69
475,6377,3.5,4.1
290,188,3.0,3.59
103,4226,5.0,4.24
414,2094,2.0,3.25
380,2403,5.0,3.92
332,4034,3.5,4.02
66,1302,4.5,3.79
380,2094,5.0,3.26
387,51077,1.5,2.55
292,80839,2.5,0.0
22,8958,2.0,3.68
596,8636,3.0,3.92
274,6796,3.5,4.21
318,3476,4.0,3.57
454,68237,4.0,3.91
105,134849,4.0,0.0
489,924,4.0,3.95
567,184253,0.5,0.0
489,26900,3.0,0.0
592,315,2.0,3.23
12,222,5.0,3.65
534,4370,4.0,3.48
270,661,5.0,3.4
588,592,2.0,3.53
456,1407,5.0,3.28
448,86142,3.0,0.0
16,1199,5.0,4.21
381,4367,4.0,2.98
298,8531,2.5,3.14
483,8533,4.0,3.85
589,1084,4.0,4.11
414,6188,4.0,3.91
105,3677,4.5,3.98
268,1616,1.0,3.16
534,79134,3.5,3.44
570,434,2.5,3.13
397,1953,4.5,3.89
85,1140,5.0,0.0
105,2959,5.0,4.44
594,1876,4.5,3.06
132,2108,3.0,3.55
102,253,3.0,3.54
471,158966,4.5,0.0
42,3247,2.0,3.19
599,4370,2.5,3.4
274,1278,4.0,4.2
596,5349,3.5,3.67
559,218,5.0,3.42
410,1131,5.0,4.09
580,8370,4.0,3.77
19,3254,2.0,3.51
68,55247,2.5,4.09
57,329,4.0,3.39
362,103688,4.0,4.19
22,5464,2.0,3.59
610,58301,3.5,0.0
265,2377,2.0,2.71
241,27773,3.5,4.09
221,3253,3.5,3.53
414,2736,4.0,0.0
599,180031,3.5,3.69
474,4138,1.0,0.0
89,39715,3.0,2.1
357,72011,4.0,3.64
144,597,3.0,3.58
151,788,5.0,2.75
229,21,4.0,3.53
318,61323,5.0,3.73
363,141,4.0,3.51
219,8368,2.5,3.89
474,1259,4.0,4.43
448,6514,0.5,0.0
554,2541,4.0,3.22
318,134881,4.0,0.0
68,59258,3.0,3.48
571,2122,3.0,1.81
105,5782,3.5,4.02
414,4219,3.0,3.73
125,4226,4.0,4.23
212,74795,3.0,3.48
199,1721,3.0,3.51
329,136850,5.0,0.0
4,1968,4.0,3.81
356,59141,5.0,0.0
66,7004,3.5,2.85
122,3793,4.0,3.72
68,1090,2.5,4.21
600,1639,2.5,3.76
71,1240,4.0,3.86
91,2355,3.5,3.74
455,253,3.0,3.55
380,54997,5.0,3.93
288,21,4.0,3.52
419,1208,3.0,4.21
47,1968,2.5,3.79
603,1252,5.0,4.42
555,1020,3.0,3.3
96,34,5.0,3.64
288,4370,3.0,3.43
534,1033,4.5,3.7
274,7454,2.0,3.2
412,2150,4.0,3.79
571,3708,2.0,3.06
387,30793,3.5,3.04
483,2953,2.0,2.9
368,485,2.0,3.3
28,32,3.5,4.15
288,3033,4.0,3.51
215,4226,4.0,4.15
274,4735,2.5,2.66
432,595,4.0,3.85
534,6863,4.0,3.56
487,4963,2.5,3.99
313,3262,5.0,3.4
380,48,3.0,3.35
23,858,3.5,4.35
182,6552,4.5,3.88
57,1265,5.0,4.13
606,7016,0.5,0.0
288,2352,3.0,3.99
484,2018,4.5,3.34
438,8968,4.0,3.31
552,594,4.0,3.63
17,1466,3.0,3.84
414,109374,4.0,4.34
469,912,5.0,4.38
368,16,4.0,3.99
219,1097,2.5,3.92
111,109282,3.0,0.0
360,1626,2.0,3.03
5,153,3.0,2.92
10,80549,3.5,3.82
282,2470,4.0,3.19
414,1121,4.0,0.0
274,27837,3.0,2.86
292,7569,4.0,4.01
608,661,3.0,3.47
584,587,5.0,3.46
95,2952,4.0,3.52
525,2142,3.5,2.13
169,3033,4.0,3.4
288,2137,3.0,3.91
564,109372,3.0,0.0
202,2997,5.0,4.03
140,4014,4.0,3.7
66,7293,4.5,3.63
489,2012,4.0,3.64
446,457,3.0,4.05
414,4308,5.0,3.8
599,1674,2.5,3.79
315,1333,3.0,3.67
284,165,5.0,3.74
19,1089,3.0,4.32
414,185,2.0,3.96
177,1377,3.0,3.05
105,5618,4.0,4.23
525,4308,4.0,3.74
555,4000,3.0,0.0
608,1021,1.5,2.5
590,1206,3.0,4.2
561,6711,3.0,4.31
317,94864,4.0,3.44
382,39292,4.5,3.67
387,6035,4.0,0.0
391,4995,4.0,4.19
409,1247,5.0,4.07
428,19,1.0,2.91
265,1961,4.0,3.89
387,2657,2.5,3.56
307,1215,5.0,4.22
166,1210,5.0,4.27
237,6377,3.0,3.97
590,1032,4.0,3.35
391,1277,5.0,3.66
599,538,2.5,4.06
380,5476,3.0,1.87
418,4993,5.0,4.19
599,1171,3.0,3.11
590,2396,4.0,3.96
233,136912,2.0,0.0
282,2355,4.0,3.64
429,234,2.0,2.65
318,76173,3.0,0.0
119,55247,4.0,4.0
10,31685,4.5,3.21
18,59315,4.0,4.11
517,1263,1.0,3.96
28,63062,3.0,3.76
232,3977,3.0,3.01
555,2797,5.0,3.87
6,491,4.0,3.46
352,3510,3.0,3.59
108,5466,3.0,0.0
68,8866,4.5,3.16
132,1298,3.0,3.92
234,60,4.0,3.4
234,2002,3.0,2.93
380,551,5.0,3.66
240,225,4.0,3.64
274,1007,2.0,2.5
140,277,3.0,3.49
62,1645,5.0,3.4
448,1379,4.0,3.51
424,60756,4.0,3.54
599,3723,3.0,3.75
387,2067,4.0,4.37
599,429,1.5,2.06
132,5970,3.0,3.2
20,2033,4.0,3.39
177,546,1.0,2.07
596,1907,4.0,3.8
62,179819,3.5,3.17
426,59784,2.5,3.49
438,3968,2.5,3.19
291,122892,4.0,3.88
451,95,4.0,2.94
477,7701,0.5,0.0
100,605,4.5,3.16
489,2989,3.0,3.52
232,46530,3.0,3.14
21,2571,4.0,4.37
45,2501,4.0,4.01
37,1073,4.0,3.91
509,45720,3.0,3.95
373,539,3.0,3.52
160,1198,3.0,4.34
448,115617,4.0,4.33
68,3254,4.5,3.67
564,115617,1.0,4.04
387,1289,4.0,3.96
474,27815,3.5,4.25
298,4890,2.5,3.02
280,65585,3.5,0.0
82,6958,3.5,2.39
125,113741,4.0,0.0
474,2424,5.0,3.66
139,8874,1.0,4.11
534,53519,4.0,3.76
517,2085,4.0,3.36
219,3082,3.5,3.38
380,6664,5.0,3.4
607,1023,5.0,3.52
366,3949,4.0,3.85
489,468,2.0,3.55
294,2471,1.0,2.64
483,65642,5.0,3.94
560,6952,3.5,2.74
448,112138,4.0,4.54
567,924,1.0,3.9
608,4874,3.0,3.78
606,1672,3.0,3.56
604,344,2.0,3.03
178,4235,4.0,4.03
135,1639,4.0,3.7
602,208,3.0,3.0
62,30793,4.5,3.06
414,1003,2.0,3.65
274,4989,3.5,3.01
105,86882,3.0,4.03
294,1784,3.0,3.92
18,6539,4.5,4.05
414,417,5.0,3.71
599,1091,1.5,2.62
186,4366,3.0,3.61
50,6773,3.5,3.6
7,1240,5.0,3.89
509,98809,3.5,4.01
4,1947,5.0,3.63
219,5219,3.0,3.32
346,902,3.0,3.92
591,3176,3.0,3.4
33,593,5.0,4.22
332,2020,4.0,4.15
590,1372,4.0,3.44
221,6870,4.0,3.86
599,89085,2.5,0.0
68,2617,4.0,3.34
89,97836,2.5,3.13
586,1221,3.0,4.27
66,4128,4.0,3.74
109,490,3.0,3.12
139,96079,3.5,3.84
73,59784,2.5,3.58
505,2959,5.0,4.26
387,2728,3.5,3.68
217,198,2.0,3.46
226,1573,2.5,3.6
391,4848,5.0,3.89
474,345,3.5,4.0
360,1479,1.0,3.34
113,1955,4.0,4.36
232,2628,4.0,3.4
89,88069,4.0,0.0
49,70286,4.0,3.78
28,1214,3.5,4.07
483,3868,4.0,3.43
474,1088,3.5,3.81
575,2599,4.0,3.59
572,2145,2.0,3.16
198,2357,4.0,4.51
45,593,4.0,4.37
577,1017,3.0,3.79
97,3999,3.0,2.67
453,2058,3.0,3.57
39,1027,4.0,2.99
288,48780,3.5,4.35
387,71,1.5,1.84
288,1848,3.0,3.48
68,99114,2.5,4.48
422,1265,4.0,3.98
6,531,3.0,3.31
249,134853,4.5,4.16
500,11,1.0,3.75
475,8907,3.5,2.38
98,7451,3.5,3.64
414,5178,4.0,0.0
64,6957,4.0,3.68
452,4005,3.0,3.52
295,2058,1.5,3.42
185,1393,4.0,3.56
339,69122,3.5,3.95
307,6811,3.5,2.15
279,112552,3.5,4.17
193,5618,5.0,4.04
412,2108,5.0,3.52
169,5943,4.0,2.54
483,3481,3.5,3.79
125,6016,4.0,4.31
263,3996,4.5,3.91
368,3420,3.0,3.29
140,7018,5.0,0.0
357,6483,1.5,0.0
274,2036,2.5,2.12
448,67361,2.0,0.0
6,508,4.0,3.74
482,780,4.5,3.52
563,55250,3.5,0.0
105,26237,4.0,0.0
600,419,3.5,3.14
210,150596,4.5,0.0
277,1429,3.0,3.69
448,69784,3.0,3.51
265,1084,3.0,4.13
477,2335,3.0,3.09
486,464,3.0,2.98
226,2355,3.0,3.73
298,4255,3.0,1.86
600,2136,3.5,2.22
429,252,5.0,3.61
121,595,3.0,3.83
577,5060,4.0,4.06
305,104841,3.0,4.07
288,34162,4.0,3.67
309,971,4.5,4.29
400,1221,4.5,4.3
448,85774,4.5,3.76
610,71341,3.0,0.0
182,253,3.0,3.76
288,880,2.0,3.06
136,276,4.0,3.28
200,6863,5.0,3.59
64,2003,4.5,3.4
233,4027,3.5,3.77
610,1283,3.0,4.18
226,594,3.0,3.67
212,115149,4.0,3.92
474,7371,4.5,4.55
19,329,2.0,3.46
6,5,5.0,3.16
6,347,3.0,3.52
325,3421,3.0,3.84
160,3578,5.0,4.13
91,1036,4.0,4.03
254,344,3.5,3.02
448,91653,4.0,0.0
28,8970,3.0,3.68
483,53519,3.0,3.72
63,4105,3.0,3.77
610,4979,4.0,3.93
606,2289,4.0,4.24
414,94,5.0,4.56
199,5995,5.0,4.04
448,101283,2.5,0.0
482,3087,3.0,3.47
453,2617,4.0,3.16
28,8983,2.0,3.44
232,31433,3.0,2.6
136,348,1.0,3.61
254,3578,4.5,4.09
561,57528,3.0,3.45
438,7169,3.5,4.39
9,5378,3.0,3.34
160,4055,5.0,0.0
606,7916,3.5,0.0
18,30793,4.0,3.08
515,60069,5.0,4.1
217,3489,2.0,3.61
177,2353,3.0,3.64
249,55830,3.5,3.8
381,551,5.0,3.59
298,3317,3.0,3.69
480,788,2.5,3.02
183,1036,4.0,3.87
282,527,5.0,4.33
510,3253,3.0,3.48
474,9010,3.0,4.52
21,1527,2.5,3.75
64,3863,3.5,3.04
469,2115,3.0,3.76
290,407,3.0,3.81
517,899,4.5,4.08
28,48780,1.5,4.35
312,4553,3.0,3.98
162,371,3.0,3.13
318,2355,3.5,3.78
438,4886,4.0,4.12
308,292,1.0,3.37
312,1196,5.0,4.28
9,5988,2.0,2.76
266,1476,4.0,3.69
422,903,3.0,4.07
137,2716,3.0,3.84
391,1682,4.0,3.94
599,6541,2.0,2.87
462,143355,2.0,3.6
133,349,2.0,3.7
68,8873,4.0,4.12
74,2420,2.5,3.77
274,43921,4.0,0.0
80,90405,4.0,3.57
435,2959,5.0,4.27
132,5969,2.5,0.0
561,6377,3.5,4.25
325,1270,4.0,4.08
249,101142,3.5,4.51
453,3326,5.0,2.19
438,2762,4.0,4.05
274,4748,3.0,2.26
381,3623,3.5,2.76
135,1356,2.0,4.04
208,198,2.0,3.3
22,61323,0.5,3.52
182,899,5.0,4.27
352,152077,4.0,3.96
63,3751,4.0,3.61
483,4343,3.0,3.18
484,8528,4.0,3.83
380,1517,3.0,3.88
140,45668,3.0,3.57
274,2916,3.5,4.03
307,8373,3.0,2.25
357,3270,4.0,2.73
501,45,3.0,3.3
122,318,5.0,4.56
307,480,3.5,3.91
555,1089,5.0,4.39
438,2273,3.0,3.7
608,4621,0.5,2.85
232,31867,3.0,0.0
81,367,1.0,3.26
274,239,3.0,3.22
448,94777,2.5,3.95
600,46664,2.5,0.0
346,1258,3.5,4.15
560,87869,3.5,3.56
313,780,3.0,3.6
95,358,3.0,2.7
42,880,2.0,3.08
123,260,4.5,4.24
289,1258,4.0,4.1
239,53996,4.0,3.37
212,54995,4.0,3.87
474,7078,2.5,4.65
328,1947,3.0,3.62
219,1438,3.0,2.74
210,48780,4.0,4.26
169,1030,3.5,2.88
509,96610,3.0,3.74
475,7153,5.0,4.23
603,1904,5.0,0.0
525,902,4.0,4.0
165,5952,5.0,4.02
62,6373,4.0,3.41
537,98961,4.0,4.08
194,1396,3.5,3.44
195,778,4.0,4.17
57,141,4.0,3.52
517,1206,0.5,4.15
196,109487,3.5,3.84
506,53000,4.0,3.75
608,432,1.5,2.71
514,6746,2.0,0.0
448,67408,3.5,3.67
19,2883,3.0,3.27
414,2058,3.0,4.06
474,8783,3.5,3.35
328,7438,5.0,3.95
112,6,4.5,3.97
365,4226,0.5,4.15
68,2125,4.5,3.8
339,8950,4.0,4.27
249,4369,3.5,3.59
236,2858,5.0,4.06
448,134859,3.5,0.0
610,36931,3.5,0.0
414,96588,3.5,3.94
60,1562,3.0,2.06
160,3981,1.5,2.49
387,919,3.0,3.93
140,193,2.0,2.61
480,2908,4.0,3.6
305,788,2.0,2.94
232,8870,2.0,2.41
414,4888,4.0,4.07
325,2572,3.0,3.66
20,3483,3.5,3.09
432,85885,4.5,0.0
474,491,2.0,3.66
298,2012,3.0,3.64
337,41,3.0,3.6
399,7153,4.0,4.14
492,1004,3.0,3.44
274,2974,2.5,0.0
134,153,4.0,2.92
469,1466,3.0,3.87
351,81788,4.0,4.04
328,34162,2.0,3.59
73,71518,4.0,3.53
483,2396,3.5,3.99
580,5522,2.5,3.28
19,1722,3.0,3.08
177,42002,4.0,3.51
307,7701,0.5,0.0
239,54286,5.0,3.81
62,48043,3.0,3.66
95,4901,4.0,3.46
294,258,1.0,2.18
599,5502,2.0,3.34
599,1799,3.0,3.57
260,4973,3.5,4.34
445,2324,4.5,4.13
246,4896,4.0,3.81
469,1234,4.0,4.14
563,3791,3.0,3.32
219,2916,3.5,3.81
239,34048,3.5,3.3
484,2081,5.0,3.49
390,2858,2.5,4.09
606,2231,4.5,3.97
149,480,3.0,3.75
45,357,4.0,3.65
534,5621,3.5,1.61
599,90471,2.5,0.0
523,587,4.5,3.41
9,627,3.0,3.51
195,3948,4.0,3.52
352,71530,4.0,3.48
432,1258,3.0,4.17
307,4317,1.0,3.08
599,131578,2.5,0.0
372,1210,5.0,4.24
424,50,5.0,4.25
434,58559,5.0,4.3
11,10,3.0,3.5
599,2420,4.0,3.95
509,122892,4.0,3.98
39,2174,3.0,3.51
122,99007,3.5,3.24
76,260,4.0,4.26
559,434,2.0,3.14
534,7293,4.0,3.58
414,4721,3.0,0.0
608,2761,4.5,4.31
380,93838,5.0,4.72
414,5437,3.0,0.0
317,1639,3.0,3.66
308,1221,1.0,4.28
600,4467,5.0,3.7
580,1590,3.5,3.11
94,153,3.0,2.95
314,457,3.0,4.06
590,1393,3.0,3.72
419,1573,3.5,3.48
450,3624,4.0,3.21
429,294,3.0,0.0
448,65135,3.0,0.0
600,260,4.0,4.3
105,5010,4.0,4.05
80,8644,4.5,3.61
414,382,3.0,4.16
288,6873,3.5,3.35
462,3018,4.5,3.25
380,104243,3.5,3.33
357,6870,3.5,3.85
318,118784,3.5,0.0
298,2195,3.0,3.18
117,608,3.0,4.15
332,79702,2.0,3.95
30,7153,5.0,4.17
387,27773,5.0,4.32
282,5218,4.5,3.8
573,1073,4.5,3.99
272,119145,4.0,3.96
52,58559,5.0,4.31
600,55247,1.5,4.01
538,5618,5.0,4.04
52,81847,4.0,3.93
480,3624,1.5,3.47
307,5445,3.0,3.86
610,102802,2.5,0.0
105,175387,5.0,0.0
148,79091,3.5,3.75
597,2918,5.0,4.04
599,88744,3.0,3.98
57,3081,4.0,3.58
179,110,5.0,4.04
483,7132,4.5,4.23
594,6140,0.5,0.0
19,2002,3.0,2.95
318,102125,3.0,3.99
480,1271,3.0,3.55
298,67267,2.0,3.74
332,79553,3.5,3.73
15,2081,3.0,3.44
160,1387,2.0,4.16
414,44022,2.5,3.78
354,2424,4.0,3.31
474,7143,3.0,4.15
132,6251,2.0,0.0
572,1233,5.0,4.29
489,1200,4.0,4.12
294,653,1.0,3.13
414,144,4.0,3.99
86,3996,3.5,3.86
349,253,3.0,3.54
66,7015,4.0,0.0
198,3386,4.0,3.2
461,1259,4.0,3.92
552,4161,2.0,3.67
42,3753,4.0,3.65
314,17,4.0,3.73
151,885,3.0,0.0
606,5014,4.0,3.85
28,21,3.0,3.52
310,852,3.0,3.19
560,7460,4.0,3.72
356,7143,3.5,3.99
448,8665,3.5,4.14
215,8784,4.5,3.83
610,4144,3.5,4.14
90,17,5.0,3.7
232,64957,4.0,4.09
160,2166,3.0,2.05
224,3301,5.0,3.46
525,1288,4.0,4.11
290,342,4.0,3.22
215,2115,4.0,3.63
610,7387,5.0,4.22
409,3543,4.0,3.85
217,2366,3.0,3.74
448,46972,3.0,3.84
68,42738,3.0,2.87
348,4973,5.0,4.3
21,76251,2.5,3.89
233,924,3.5,3.93
62,176371,4.0,3.86
603,527,3.0,4.38
477,24,4.0,3.35
474,3508,3.0,4.17
313,1732,4.0,3.99
448,136816,2.5,0.0
599,5069,2.5,0.0
274,4876,3.0,2.63
600,339,2.5,3.73
414,1594,4.0,3.16
307,3253,3.0,3.63
561,2422,2.5,1.8
79,377,4.0,3.56
307,916,4.0,4.15
298,59615,4.5,2.82
570,1307,3.5,3.98
304,1616,4.0,3.25
42,4466,2.0,0.0
249,589,4.0,4.3
274,61250,2.0,3.03
487,4720,3.0,3.59
332,910,4.5,3.93
414,592,4.0,3.9
19,3308,2.0,3.11
113,3537,5.0,0.0
588,208,2.0,2.98
304,1214,4.0,4.02
583,588,3.5,3.92
529,648,3.0,3.59
266,1090,5.0,4.07
411,349,3.0,3.78
606,3822,4.0,4.36
448,91688,1.5,0.0
475,2,4.5,3.48
290,595,4.0,3.84
42,3146,3.0,2.47
474,2640,4.0,4.0
268,1673,5.0,4.18
67,1291,3.5,4.14
359,2530,3.0,2.54
600,6558,3.5,0.0
376,252,3.5,3.58
206,719,3.0,3.01
105,306,5.0,4.28
389,784,3.0,2.98
595,501,4.0,3.6
509,2059,2.5,3.05
573,4226,5.0,4.24
599,6890,3.0,3.44
590,3869,2.5,3.36
610,135536,2.5,2.88
348,1960,5.0,3.59
186,2617,5.0,3.18
414,1601,3.0,0.0
56,410,3.0,3.16
474,356,3.0,4.61
414,4344,4.0,3.46
140,7137,3.0,3.55
440,8690,4.0,0.0
42,135,3.0,3.04
610,103253,3.5,3.34
234,2354,4.0,2.11
70,36,5.0,3.86
274,5903,4.0,4.28
62,37729,4.0,3.63
305,71379,2.5,3.65
111,4896,4.0,3.98
414,839,1.0,2.96
20,551,5.0,3.53
600,3157,3.0,2.72
239,1265,2.5,4.11
354,3033,3.5,3.42
596,72998,3.0,3.88
80,51662,4.5,3.69
606,3089,4.5,4.0
448,109183,2.0,0.0
561,41569,3.0,3.32
584,185,5.0,3.3
448,420,2.0,3.13
367,923,5.0,4.02
414,5424,3.0,0.0
308,91529,3.0,4.1
469,3361,3.0,4.02
369,3863,3.5,2.96
64,3210,4.0,3.67
187,8228,4.0,3.61
91,628,3.0,3.69
301,10,4.0,3.49
562,30749,3.5,4.08
610,3174,4.0,3.52
274,72011,3.5,3.88
241,104841,4.5,3.72
425,2916,3.5,3.75
305,74868,2.5,2.91
232,7381,3.0,3.49
414,62434,3.5,3.64
599,3524,2.0,3.09
440,7361,4.0,4.24
476,500,3.0,3.47
232,8916,2.5,0.0
42,368,3.0,3.69
410,3978,2.0,3.04
260,1639,2.0,3.7
444,344,3.0,3.02
274,5909,3.0,3.37
111,162602,4.5,0.0
4,3365,5.0,0.0
509,3301,3.5,3.58
288,3672,3.0,3.95
608,4104,1.5,0.0
480,2001,2.5,3.35
20,5504,0.5,2.25
391,2702,1.0,3.62
400,122886,4.5,3.89
199,3868,3.5,3.4
414,105504,4.0,4.68
68,2791,4.0,4.29
495,40278,4.0,3.43
469,474,3.0,4.0
382,7379,3.5,3.51
610,46530,3.5,3.08
117,339,3.0,3.69
24,552,3.5,3.34
603,587,3.0,3.59
57,3066,5.0,3.62
120,648,3.0,3.58
298,47997,3.0,3.99
610,152077,4.0,4.17
144,27416,4.0,0.0
448,2381,2.0,3.61
234,552,3.0,3.43
89,73319,2.0,2.4
493,2985,4.0,3.49
47,5669,4.0,3.83
50,79132,2.5,4.15
287,4027,4.0,3.77
195,1036,5.0,3.89
372,1438,3.0,2.75
262,50,3.0,4.24
183,858,3.0,4.31
28,33558,3.0,0.0
351,43836,2.5,3.12
177,89904,5.0,3.96
275,535,5.0,3.15
495,112556,5.0,3.73
265,724,2.0,3.07
232,5313,3.0,2.38
339,593,5.0,4.36
298,6385,0.5,4.14
484,33679,2.5,3.47
115,736,1.0,3.46
47,96811,4.0,4.03
474,4912,3.0,4.19
287,2797,3.0,3.74
555,2402,3.0,3.01
272,148626,4.5,3.83
355,2915,3.0,3.5
381,2115,3.5,3.76
182,1279,5.0,4.23
227,912,3.5,4.33
331,3897,4.5,3.88
288,3928,3.5,0.0
140,7076,5.0,3.4
447,597,4.0,3.57
590,4545,3.0,3.57
117,60,3.0,3.39
599,1100,2.5,3.03
560,8376,4.0,3.13
29,3591,3.0,2.59
28,2683,2.5,3.23
140,527,5.0,4.37
522,2700,4.5,3.99
275,4967,5.0,4.35
522,1220,4.0,3.81
91,2993,3.0,3.44
75,5952,4.0,4.03
230,2959,3.0,4.27
448,107962,2.0,0.0
29,4327,4.0,3.86
239,8368,4.0,3.88
345,898,4.0,4.35
599,90603,2.5,0.0
348,541,5.0,4.1
142,440,4.0,3.61
261,5989,5.0,4.03
72,1586,3.0,2.85
448,377,4.0,3.94
474,2396,4.0,4.04
522,7036,2.5,2.8
434,2502,4.5,4.23
268,1377,3.0,3.05
387,2579,3.5,3.87
290,1228,5.0,4.28
133,32,4.0,3.98
182,2542,4.0,4.34
465,3448,5.0,3.66
599,81782,2.5,3.6
166,2396,3.5,3.85
357,2011,4.0,3.55
512,589,3.0,4.02
482,1968,4.0,3.77
38,432,3.0,2.55
462,7153,4.5,4.21
247,48774,3.0,4.18
369,2046,3.0,3.22
51,5956,5.0,3.64
66,5673,5.0,3.62
185,605,3.0,3.12
599,4167,2.0,3.43
249,114935,4.0,3.8
182,21,2.5,3.52
21,356,4.5,4.39
119,2167,4.0,3.56
68,50,3.0,4.5
153,105844,4.0,3.75
140,593,4.0,4.36
167,592,3.0,3.55
266,1200,5.0,4.02
483,104841,5.0,4.12
540,1409,3.5,2.46
610,55721,3.5,4.4
298,103980,3.0,0.0
161,1022,3.0,3.58
599,3361,3.0,4.11
58,616,4.0,3.43
420,3559,4.0,0.0
301,30793,0.5,2.91
249,2706,4.0,3.61
610,44974,3.5,3.48
414,62,4.0,4.08
610,101088,3.5,0.0
221,527,3.0,4.33
337,9,5.0,3.14
200,44665,4.5,3.8
21,109576,2.5,0.0
165,3624,3.0,3.22
112,2571,5.0,4.24
234,172,2.0,2.65
534,2085,4.0,3.35
560,74458,3.5,4.41
436,364,4.0,4.0
430,3408,3.0,3.52
132,594,3.0,3.66
325,5033,3.0,0.0
296,171765,3.5,0.0
610,95510,3.5,3.37
20,3972,3.0,4.25
6,1084,3.0,4.2
563,91628,2.5,0.0
242,432,4.0,2.54
594,2340,4.0,3.28
462,4863,4.5,0.0
66,273,3.5,3.0
368,2791,4.0,4.0
444,357,4.0,3.55
74,3273,2.5,2.44
275,4621,2.0,2.78
123,4776,4.0,3.77
357,1269,4.5,4.07
202,678,4.0,3.77
28,1198,2.5,4.38
597,2988,4.0,0.0
563,42732,3.5,0.0
445,1247,4.0,4.05
525,7451,4.5,3.77
489,89118,5.0,1.23
344,3793,5.0,3.68
477,1682,4.5,4.05
608,1831,3.5,2.58
249,106916,4.0,3.25
66,1246,4.5,4.19
301,2950,3.0,2.38
149,1356,4.0,3.94
274,6595,3.5,3.29
503,356,4.0,4.2
489,674,3.5,3.11
305,6818,5.0,0.0
584,585,3.0,2.79
382,56949,3.0,3.3
376,98961,5.0,4.14
66,4720,3.5,3.69
605,4366,3.0,3.56
357,1210,4.0,4.29
562,337,4.0,3.93
474,5816,4.5,3.64
521,86,4.0,3.58
560,6537,3.0,3.09
511,1970,3.0,2.88
68,68791,3.5,3.41
140,4958,3.0,3.38
387,8665,3.5,4.02
495,51540,2.5,3.9
255,1230,1.0,4.07
198,1732,3.0,3.95
599,4963,4.0,4.33
298,886,0.5,3.45
63,3785,2.0,2.96
45,788,2.0,2.92
462,904,4.0,4.41
8,186,4.0,3.01
368,552,2.0,3.44
74,3089,5.0,3.98
47,2942,2.5,2.91
573,3479,1.5,3.55
89,104211,2.5,3.98
68,31,3.5,3.55
307,51931,5.0,3.71
232,8622,4.0,4.0
324,3949,3.0,3.84
469,3358,5.0,3.89
593,1617,4.0,4.05
182,3624,3.0,3.44
6,262,5.0,4.05
57,208,1.0,3.0
398,2248,4.0,3.82
94,47,2.0,4.0
16,7099,3.5,4.15
94,253,1.0,3.55
221,7076,4.0,3.43
448,70984,3.5,0.0
18,33615,3.5,3.5
410,750,5.0,4.3
51,4262,5.0,3.94
328,97921,0.5,3.93
381,53460,4.0,3.59
154,119145,5.0,3.98
595,265,5.0,4.02
232,5379,4.0,0.0
509,70521,4.0,3.48
425,3481,3.0,3.7
248,91500,3.0,3.48
480,150,3.5,4.04
438,5954,3.0,4.0
105,5120,4.0,4.39
608,852,2.0,3.24
436,720,5.0,4.24
249,79008,4.5,0.0
438,849,3.0,2.96
226,2804,4.5,4.1
180,1197,4.0,4.27
290,3334,4.0,4.34
27,902,4.0,3.91
489,1994,3.5,3.48
111,112497,3.0,0.0
249,480,4.0,4.06
182,4280,4.0,3.5
352,88125,4.0,3.87
477,55442,4.5,4.15
604,117,3.0,0.0
288,2454,3.0,3.64
380,648,4.0,3.88
182,2058,4.5,3.69
464,4310,4.0,2.71
543,3825,5.0,2.69
483,786,2.0,3.36
263,1821,3.0,2.83
186,196,4.0,2.74
509,4299,3.5,3.62
307,1252,3.0,4.41
305,85510,3.5,3.17
216,3893,4.0,3.43
452,3107,4.0,3.31
132,2023,3.0,3.5
511,94677,4.0,3.97
380,3948,3.0,3.88
28,6807,2.5,4.05
425,1196,3.0,4.34
562,5620,3.0,2.93
43,34,5.0,3.62
169,1220,4.0,3.83
243,112,5.0,3.53
292,90890,1.5,2.56
298,74946,0.5,3.53
182,33794,3.5,4.07
474,6101,4.0,0.0
432,3916,4.0,3.71
135,551,4.0,3.56
443,7153,5.0,4.14
221,590,3.5,3.85
489,8957,0.5,3.46
105,106918,4.0,4.36
600,1288,4.5,4.16
380,410,3.0,3.51
414,88125,3.5,4.09
202,2956,3.0,3.29
438,4248,0.5,2.3
109,474,3.0,3.84
276,765,4.0,3.16
179,318,5.0,4.52
183,1304,4.0,3.94
274,3972,3.5,4.34
4,3996,4.0,3.9
514,2375,3.0,2.94
182,3174,4.0,3.53
387,6777,3.0,3.95
62,87232,4.0,4.01
302,58,5.0,3.9
112,104,4.0,3.5
286,185,4.0,3.23
307,4403,3.0,0.0
339,59126,3.5,3.85
119,59784,4.0,3.63
84,1217,4.0,4.55
501,707,4.0,2.96
414,3790,4.0,0.0
202,1909,4.0,3.46
448,528,2.0,0.0
509,3994,3.5,3.68
328,47,4.5,4.03
239,608,4.5,4.24
21,4963,4.5,4.18
600,318,3.5,4.61
150,6,4.0,3.93
474,235,4.0,3.78
182,4774,2.5,1.68
286,4993,4.5,4.19
474,3259,2.5,3.62
608,5989,4.0,4.29
608,4011,5.0,4.42
606,2474,3.0,3.56
484,50442,4.0,3.02
297,593,4.0,4.21
596,7260,3.5,0.0
274,3938,3.5,0.0
432,63082,4.0,4.04
136,122,3.0,2.64
560,4446,3.0,3.57
80,44974,4.5,3.25
105,37731,5.0,3.91
480,481,3.0,3.37
111,4865,3.0,3.77
290,3735,4.0,4.01
596,2687,4.0,3.46
522,91529,4.0,4.18
387,2759,3.5,3.96
496,94959,3.5,4.1
246,910,4.5,3.91
50,741,3.5,4.15
303,5349,3.5,3.48
571,1339,4.0,3.42
192,432,4.0,2.53
484,3697,2.0,2.88
19,472,2.0,0.0
606,1307,4.5,4.06
62,3949,4.5,3.97
298,149352,0.5,3.27
599,26676,2.5,0.0
390,59995,4.0,0.0
221,1104,5.0,4.58
233,4973,4.0,4.34
86,648,4.5,3.59
288,2033,3.0,3.5
600,58559,3.5,4.31
292,3175,4.0,3.73
573,480,5.0,3.87
452,3698,5.0,3.22
188,1035,5.0,4.07
474,5397,3.5,0.0
477,2114,3.5,3.44
298,6620,3.0,4.1
119,135887,4.0,3.03
424,288,4.0,3.28
356,45499,3.0,3.5
225,1641,4.0,3.75
587,1580,4.0,3.59
290,3730,5.0,4.18
521,43,4.0,2.8
28,31101,3.0,0.0
414,4865,5.0,4.36
424,1625,4.5,3.7
390,2025,4.0,3.88
284,485,3.0,3.19
387,5026,3.5,4.06
28,53322,1.5,3.8
151,1390,3.0,2.63
41,3285,4.0,3.22
489,783,3.5,3.49
387,8807,3.5,3.71
4,1500,4.0,3.68
603,3426,3.0,3.22
182,6330,3.5,0.0
111,40581,4.5,2.8
217,1784,4.0,3.98
23,2194,3.0,3.93
410,1084,4.0,4.14
226,216,5.0,3.53
414,8915,3.5,0.0
461,186,4.0,3.0
318,362,4.0,3.72
563,899,4.5,4.04
480,6708,3.5,3.9
597,2012,3.0,3.66
448,91273,1.5,0.0
104,2423,2.5,3.63
263,8535,4.0,0.0
37,671,5.0,3.44
66,7018,5.0,0.0
470,329,4.0,3.42
590,58559,4.5,4.44
318,44555,4.0,4.13
80,44665,5.0,3.79
380,1391,4.0,3.37
282,48322,1.0,4.14
606,1258,4.5,4.39
448,1276,5.0,4.45
76,1136,5.0,4.22
408,111759,5.0,4.17
606,5992,4.0,3.86
414,1876,3.0,3.42
177,70183,4.0,3.72
462,148982,4.0,0.0
62,91542,5.0,3.86
63,1580,2.0,3.65
188,830,4.0,3.28
580,1196,4.0,4.36
135,2968,4.0,4.0
51,33166,2.5,4.12
105,175431,5.0,0.0
125,122904,4.5,4.14
101,2502,3.0,4.16
596,83349,3.5,3.13
570,1282,3.0,3.64
239,1213,5.0,4.4
590,33493,3.5,3.69
305,69122,5.0,4.1
590,4015,1.5,3.02
352,56775,3.5,3.0
463,527,4.0,4.22
414,65,2.0,3.11
534,95875,4.0,3.54
239,1466,4.0,3.94
80,4963,4.5,4.06
610,1214,4.5,4.18
380,5323,3.0,0.88
524,172,3.0,2.69
28,26901,2.5,0.0
274,49530,4.0,4.07
160,4223,3.0,3.74
39,3481,5.0,3.65
586,95510,4.5,3.19
246,123,5.0,3.78
606,1612,3.0,0.0
603,2115,3.0,3.75
106,8368,5.0,3.89
327,2089,3.0,3.68
542,1580,3.5,3.6
477,1259,4.0,4.13
306,95543,3.0,2.85
453,2686,4.0,4.13
23,1711,4.0,3.16
72,589,4.5,4.03
328,4027,5.0,3.81
590,61352,3.0,3.78
326,55820,4.5,3.96
132,68157,3.5,4.18
103,920,4.5,3.69
489,2167,3.0,3.61
593,2571,2.5,4.23
356,3578,4.0,4.16
312,4874,3.0,3.63
287,5804,0.5,0.0
240,810,4.0,2.16
590,64620,4.0,4.09
462,3925,1.5,3.66
603,617,2.0,0.0
166,47644,4.0,3.09
380,2010,4.0,4.05
567,97913,2.5,4.03
132,2797,2.0,3.77
414,4221,3.0,2.4
156,2144,3.0,3.82
169,5222,4.0,0.0
474,1629,2.0,0.0
219,3623,1.0,2.73
594,6148,2.0,0.0
22,4979,3.5,3.76
419,6365,4.0,3.33
153,7293,0.5,3.62
111,144606,4.0,0.0
125,73488,2.0,0.0
597,2505,2.0,3.33
372,1222,3.0,4.14
453,4238,4.0,3.26
414,89,3.0,4.16
68,333,4.0,4.01
109,778,4.0,4.11
298,7926,4.0,0.0
479,3421,4.0,3.85
263,912,4.0,4.37
188,2302,5.0,3.21
484,3809,4.0,3.22
602,432,1.0,2.57
267,2571,5.0,4.2
226,260,4.5,4.33
525,35836,3.0,3.7
287,29,4.5,4.03
63,924,3.5,3.94
298,5110,3.5,3.77
474,3261,3.5,3.67
195,1233,3.0,4.28
129,597,4.0,3.57
476,350,3.0,3.39
462,52435,4.0,3.62
414,56757,4.0,4.24
480,733,3.5,3.88
15,1214,5.0,4.0
348,1221,5.0,4.31
71,852,4.0,3.19
283,785,3.0,3.51
599,2622,2.0,3.33
19,799,3.0,3.59
381,2125,4.5,3.68
263,2628,3.0,3.26
599,2396,4.0,3.98
381,6893,4.0,3.85
294,2038,3.0,0.0
410,3361,4.0,3.86
480,45447,3.5,3.48
270,780,4.0,3.48
600,104,3.0,3.6
608,8874,5.0,4.32
610,7367,3.5,2.59
317,30812,4.0,3.61
249,4343,4.0,3.42
275,4809,5.0,0.0
62,46976,4.0,3.67
108,2585,4.0,0.0
560,56587,2.5,3.44
457,2428,2.0,2.65
590,1136,3.5,4.45
294,2450,1.0,2.84
326,110,5.0,4.07
524,6,4.0,3.98
469,944,4.0,0.0
480,30707,4.0,3.98
182,2971,4.5,4.2
414,4874,3.0,4.14
332,1079,4.5,4.1
252,90866,4.5,3.79
4,1179,4.0,3.65
42,4002,5.0,3.94
58,224,3.0,3.68
517,2087,4.0,3.47
599,3791,2.0,3.46
387,48877,3.0,3.02
290,1394,4.0,4.24
105,136447,5.0,0.0
125,94677,4.5,4.1
49,139385,4.5,3.78
575,2605,3.0,2.81
274,6383,2.0,2.93
610,148424,3.0,0.0
408,76251,3.5,3.76
301,5816,4.5,3.59
325,4239,4.0,3.92
223,2628,3.0,3.21
413,2028,5.0,4.12
434,6863,3.5,3.54
599,1623,2.5,0.0
216,951,5.0,4.55
318,79134,4.0,3.52
370,260,2.0,4.27
412,913,5.0,4.14
313,457,2.0,4.15
200,39183,3.5,3.55
437,1302,3.0,3.68
424,48780,3.5,4.26
42,3264,4.0,2.56
288,5464,4.0,3.88
517,45720,0.5,3.86
414,835,3.0,0.0
354,1732,4.0,3.96
182,6062,3.5,2.88
240,172,5.0,2.67
174,315,2.0,3.18
187,1089,4.5,4.33
352,42723,1.0,3.13
425,784,2.5,3.07
312,1333,4.0,3.72
474,8622,4.0,4.06
563,68135,2.5,3.62
292,114180,3.0,3.01
495,67255,5.0,4.07
549,2028,5.0,4.12
391,1357,4.0,4.24
414,2114,5.0,3.4
453,2273,3.0,3.54
399,480,3.0,3.76
448,4124,1.0,0.0
438,2763,4.0,3.77
288,45440,4.0,3.49
419,41997,4.5,3.94
232,40826,4.0,3.1
597,2951,4.0,4.16
603,2976,3.0,3.55
187,6502,4.0,4.11
288,30825,3.5,3.2
474,539,4.5,3.78
381,44022,3.5,3.5
517,110,1.5,4.07
568,63853,4.5,3.18
431,552,2.5,3.3
290,1233,4.0,4.35
357,2352,3.0,3.88
482,316,5.0,3.35
111,68954,4.0,4.29
452,3751,5.0,3.56
182,799,3.5,3.62
298,44191,3.5,4.05
135,1225,3.0,4.28
332,1196,4.5,4.3
495,1645,5.0,3.38
597,232,5.0,3.91
70,1288,4.0,4.05
117,616,4.0,3.45
484,72,4.0,3.05
232,4649,2.5,3.74
57,1912,2.0,4.0
610,104241,3.0,3.84
229,153,3.0,2.94
573,96610,5.0,3.76
391,1129,3.0,3.59
182,3108,4.5,3.84
474,32,4.0,4.26
4,1199,2.0,4.21
425,4019,4.0,3.69
274,8917,2.5,4.21
599,7387,4.5,4.19
563,1033,3.5,3.67
506,64957,1.0,3.77
62,102123,4.0,2.92
274,35836,3.0,4.0
249,6503,3.0,2.83
560,51084,3.0,3.47
448,4993,4.0,4.44
339,6947,5.0,3.63
105,5445,3.5,3.94
328,69122,1.0,3.83
7,4896,4.0,3.81
534,1196,4.5,4.43
287,16,2.0,3.97
599,809,1.5,2.73
600,203,3.0,3.8
117,329,3.0,3.45
448,2153,1.0,2.65
270,786,3.0,3.13
414,4018,3.0,3.59
448,3173,3.0,3.34
298,1201,4.0,4.38
580,4878,4.0,4.13
284,21,3.0,3.52
316,5952,3.0,4.0
307,53129,4.5,3.83
149,1391,4.0,3.13
407,109374,3.5,3.85
95,1208,5.0,4.26
393,1214,3.0,3.99
594,5620,4.5,2.9
217,433,3.0,3.14
249,87869,4.0,3.98
313,380,5.0,3.72
396,3977,1.5,2.71
307,337,3.5,4.05
133,318,4.0,4.5
414,1396,4.0,3.37
561,329,3.5,3.47
453,3174,4.0,3.47
200,4571,4.0,3.71
497,2571,2.5,4.22
474,4903,3.5,3.42
608,5025,2.5,2.66
69,3863,3.0,2.99
260,3181,5.0,3.7
174,329,3.0,3.43
464,47,5.0,4.09
386,196,2.0,2.72
82,784,1.5,3.04
290,1136,4.0,4.28
153,266,0.5,3.32
232,6615,2.5,2.53
111,35836,3.5,3.75
504,5013,4.0,3.66
599,2683,3.5,3.37
274,318,4.5,4.6
365,79592,4.5,3.29
453,3986,4.0,2.46
226,5419,2.5,2.94
263,356,4.0,4.27
432,6870,3.0,3.84
342,1268,3.0,3.69
160,3858,5.0,3.45
561,2012,3.5,3.7
298,72998,3.0,3.94
160,366,1.0,3.1
524,707,3.0,2.99
555,2717,2.0,3.23
474,36517,4.0,4.04
368,2657,3.0,3.47
606,1220,4.5,3.96
42,4034,5.0,4.09
177,3489,5.0,3.68
434,5225,5.0,3.99
392,2858,4.0,4.05
380,122916,5.0,4.31
599,3298,2.0,3.81
298,106782,3.0,4.29
610,5481,3.5,3.22
307,4975,4.0,3.59
91,6620,3.5,4.1
68,8641,4.5,3.88
298,180,3.5,3.75
74,2594,4.5,3.63
520,1270,5.0,4.08
305,94018,4.0,0.0
523,47610,5.0,3.87
453,208,2.0,3.03
555,1033,4.0,3.62
249,95875,3.5,3.46
252,164179,5.0,4.08
303,3033,5.0,3.41
391,293,5.0,4.13
111,1566,3.5,3.59
284,333,4.0,3.73
414,37739,3.5,0.0
560,4270,3.5,3.08
304,1721,5.0,3.52
135,349,2.0,3.8
140,2763,4.0,3.75
182,2318,4.5,4.47
610,3362,5.0,4.02
448,111759,3.5,4.63
514,185,3.0,3.3
57,1047,4.0,3.27
105,134109,5.0,0.0
599,2334,2.5,3.09
427,5388,3.0,3.32
307,4373,3.0,3.37
89,128594,4.0,0.0
603,1296,4.0,4.52
606,55069,4.0,0.0
279,48774,4.5,4.2
1,2329,5.0,4.36
306,52973,2.0,3.82
68,1682,4.5,4.29
274,50872,3.5,4.42
151,648,3.0,3.59
318,31952,3.5,0.0
333,3623,2.0,2.66
483,1220,3.0,3.97
368,2001,3.0,3.27
19,153,2.0,3.03
253,1734,5.0,3.79
111,159093,4.5,3.82
266,1884,5.0,3.87
28,55080,2.5,0.0
103,6377,3.5,4.21
414,1591,3.0,2.4
520,880,3.0,3.03
606,916,4.5,4.19
610,8371,3.0,3.46
255,3157,1.0,2.75
115,2571,3.0,4.25
490,597,2.5,3.52
608,7377,3.5,0.0
274,6297,3.5,3.8
450,3972,5.0,4.25
68,4356,3.5,4.08
414,158,2.0,3.59
279,122920,3.0,3.86
352,97938,4.0,3.94
21,745,3.0,4.25
599,96079,3.5,3.83
19,2424,2.0,3.3
452,1210,4.0,4.28
275,2918,5.0,3.99
248,106487,3.0,3.46
414,34540,3.0,0.0
564,155509,2.0,0.0
42,485,3.0,3.27
474,36,5.0,3.76
606,44555,5.0,4.23
599,163,3.5,4.02
265,3831,4.0,3.82
28,3260,3.0,4.15
192,292,4.0,3.39
606,7046,3.5,2.71
139,68954,2.5,4.1
380,43936,4.0,3.12
432,72605,2.5,3.74
412,2770,5.0,2.87
198,4776,4.0,3.78
168,55820,4.5,3.96
380,5464,5.0,4.02
292,76093,4.0,4.08
474,7833,3.5,0.0
380,3986,3.0,2.55
527,34,5.0,3.64
46,10,3.0,3.48
477,69526,3.0,2.45
307,1474,1.5,2.4
221,3476,5.0,3.58
475,69526,4.0,2.47
45,5,3.0,3.13
387,1517,3.5,3.75
249,68237,4.0,4.38
541,303,3.0,3.11
58,317,3.0,3.23
231,593,4.0,4.19
21,586,2.5,3.17
56,733,4.0,3.7
434,4993,5.0,4.28
91,2651,1.0,0.0
298,105037,2.0,3.41
515,179819,4.0,3.02
462,7419,4.0,3.88
575,2581,4.0,2.89
570,48774,4.0,4.18
577,1262,5.0,4.25
453,3821,4.0,2.49
31,1265,2.0,3.98
606,8879,4.0,2.63
603,532,2.0,3.26
51,1373,5.0,2.39
368,288,3.0,3.25
381,4270,3.5,3.07
18,1196,4.0,4.43
380,98809,5.0,4.23
108,6022,1.0,0.0
216,671,2.0,3.5
269,74,5.0,3.77
122,1214,5.0,4.07
552,432,1.0,2.55
426,94959,2.0,4.14
318,60885,3.5,0.0
354,5956,4.0,3.68
393,68848,5.0,0.0
187,6934,2.0,3.22
137,955,3.0,3.85
111,45501,3.5,2.44
318,53574,4.0,0.0
266,2804,4.0,4.02
555,2985,4.0,3.57
372,920,3.0,3.67
372,1201,4.0,4.29
176,370,3.0,3.13
156,2202,4.0,4.69
46,110,5.0,4.03
122,6188,4.5,3.56
480,33672,2.0,3.36
249,858,4.5,4.52
84,272,5.0,3.79
410,3255,4.0,3.42
274,1208,4.0,4.39
232,5995,4.5,4.04
509,71745,2.5,2.67
414,53121,3.0,3.44
599,6484,2.5,3.38
561,1282,4.0,3.63
474,4321,3.0,3.77
316,2572,3.0,3.63
293,5313,2.0,2.08
45,3243,2.0,2.64
482,1527,5.0,3.69
413,6373,5.0,3.23
50,69122,1.0,3.77
177,3686,1.5,3.14
209,88125,4.5,3.77
85,1391,1.0,3.12
387,2762,2.5,4.14
563,107141,4.0,0.0
560,3147,4.0,4.26
474,9018,4.0,0.0
182,2232,4.5,3.52
84,586,3.0,3.11
202,2949,4.0,3.73
314,648,3.0,3.64
211,1835,3.5,3.39
326,86781,4.0,4.47
255,2907,4.0,3.99
601,80463,4.5,3.84
239,3275,5.0,4.26
177,1291,3.0,4.31
484,3556,1.5,3.95
597,2583,4.0,4.0
226,5582,2.5,2.62
104,6579,4.5,0.0
514,2571,4.0,4.32
394,480,3.0,3.74
57,3671,4.0,3.99
153,41285,0.5,3.7
590,1610,4.5,4.07
565,21,3.0,3.53
326,1193,4.5,4.25
221,2858,5.0,4.18
18,112852,4.5,4.41
288,4459,4.0,0.0
307,6705,2.5,0.0
62,4262,5.0,3.98
260,6370,4.5,3.49
201,1197,5.0,4.29
336,593,5.0,4.23
318,38061,3.5,4.37
274,4744,3.0,2.78
305,55765,5.0,4.24
532,707,4.0,2.96
447,434,4.0,3.11
391,3623,1.0,2.68
126,208,2.0,2.98
210,6934,4.5,3.21
483,4011,4.0,4.42
387,3489,2.5,3.64
368,1263,4.0,4.01
19,733,3.0,3.81
368,2366,4.0,3.74
264,329,4.5,3.42
218,345,4.0,3.63
93,1499,4.0,1.47
599,4161,2.0,3.57
469,2502,5.0,4.21
590,4027,4.0,3.89
608,1080,2.0,4.13
198,2640,3.0,3.78
143,500,3.0,3.44
58,153,3.0,2.98
580,8730,4.5,0.0
105,2843,5.0,3.89
438,7254,4.0,3.8
292,3984,5.0,3.57
572,838,4.0,3.79
160,3703,4.0,3.95
91,7387,5.0,4.08
349,231,2.0,3.07
50,96079,2.5,3.82
474,5608,3.0,4.09
89,142444,5.0,0.0
235,246,4.0,4.23
199,150,4.0,3.89
75,33493,0.5,3.5
603,2435,4.0,0.0
232,5218,3.5,4.03
111,48780,4.0,4.21
288,2429,3.0,4.12
566,10,3.0,3.49
104,4973,5.0,4.34
599,1484,3.0,0.0
201,1,5.0,3.99
369,4161,3.0,3.65
274,59369,4.0,3.81
219,53125,4.0,3.72
249,55577,2.5,3.52
446,288,4.0,3.28
79,1197,4.0,4.27
599,26590,2.0,0.0
226,33493,4.0,3.64
414,3861,4.0,3.43
553,5989,5.0,4.06
381,1196,3.5,4.42
182,3977,4.0,2.9
344,2712,4.0,3.42
311,1407,1.5,3.27
369,216,3.5,3.39
477,377,3.0,3.74
144,475,4.5,4.42
226,30825,3.5,3.2
599,8985,1.5,2.82
567,4993,3.0,4.21
288,52319,4.5,3.46
139,110102,2.5,3.97
573,58559,5.0,4.38
356,1089,5.0,4.36
232,3354,3.0,2.73
525,1259,4.0,4.1
111,8969,3.0,3.49
517,87483,2.0,2.89
232,7294,2.5,0.0
21,111362,3.5,4.01
432,1997,5.0,4.07
307,5556,2.0,0.0
600,5135,1.0,4.42
216,2946,4.0,3.32
266,260,4.0,4.29
448,43558,2.0,0.0
152,750,5.0,4.3
56,110,4.0,4.02
483,6893,3.5,3.73
4,3508,5.0,4.15
425,648,3.5,3.67
213,46723,4.0,3.44
385,1097,3.0,3.89
446,316,4.0,3.32
274,6242,3.0,3.77
170,266,4.0,3.33
103,785,3.5,3.6
123,89745,4.0,3.91
330,1573,0.5,3.53
272,6365,3.5,3.28
21,5378,4.0,3.48
99,296,5.0,4.21
599,59615,2.0,2.93
85,1683,3.0,4.89
41,1097,3.0,3.83
567,110102,3.5,4.1
303,1356,5.0,3.94
76,2918,3.0,3.86
334,5952,3.5,4.07
177,3362,2.0,3.97
247,79132,4.0,4.28
162,587,3.0,3.41
525,52975,4.0,3.61
599,6620,2.5,4.21
45,1213,5.0,4.41
596,4995,3.0,4.18
288,3702,2.0,3.99
387,3676,4.0,3.54
411,276,3.0,3.27
187,26776,4.5,3.83
313,750,5.0,4.36
330,3,3.0,3.3
610,34321,3.0,0.0
380,4975,3.0,3.79
480,2005,4.5,3.83
219,3979,1.5,2.83
391,1265,4.0,4.16
274,79057,3.5,4.01
195,2890,4.0,3.76
260,47,4.5,3.99
448,136800,1.5,0.0
140,5282,4.0,0.0
483,3753,3.5,3.72
264,1356,4.5,3.95
304,1372,5.0,3.44
39,3034,3.0,3.64
318,4369,2.5,3.34
387,44761,4.0,3.78
414,3037,4.0,4.18
393,7438,5.0,3.93
204,83601,0.5,0.0
216,3481,5.0,3.65
480,8641,4.5,3.8
387,1265,3.5,4.29
489,1201,4.0,4.35
409,2318,5.0,4.52
19,543,3.0,3.44
105,8917,1.5,4.0
20,2761,4.5,4.17
607,1036,5.0,3.91
380,2921,4.0,4.36
541,19,2.0,2.85
298,2924,3.0,4.37
274,5891,3.0,1.72
603,1237,4.0,4.26
489,8623,3.0,3.38
367,2695,2.0,0.0
560,1136,4.0,4.36
160,85,5.0,3.85
474,4487,2.0,2.86
387,1228,4.0,4.38
599,1371,3.0,3.19
202,1265,5.0,4.11
288,3769,3.0,0.0
462,3989,4.5,0.0
288,2405,3.0,3.14
356,34437,3.0,3.47
599,70,3.5,3.95
268,1271,3.0,3.52
594,1652,4.5,0.0
50,97938,2.0,3.8
423,1278,5.0,3.96
489,356,4.0,4.42
318,2495,4.5,4.29
561,8972,3.0,3.48
448,4203,2.0,3.61
353,367,3.0,3.29
104,2622,3.0,3.37
156,1207,4.0,4.28
382,3826,3.5,2.36
249,1240,4.0,4.14
6,6,4.0,4.02
606,5269,4.0,0.0
292,78893,3.5,1.79
80,1258,4.0,4.14
380,31804,2.0,2.83
122,2997,5.0,4.11
474,956,4.0,0.0
121,265,2.0,4.02
266,1097,2.0,3.91
249,91094,4.0,3.17
27,1276,4.0,4.31
292,97923,2.0,3.76
414,5843,2.0,3.36
111,47997,1.5,3.9
240,546,3.0,1.96
125,105213,4.5,3.0
560,5502,3.5,3.3
19,2263,2.0,2.53
606,1884,4.0,4.01
367,587,4.0,3.46
111,193,3.0,2.58
158,6383,3.0,2.75
597,2194,5.0,4.06
448,1573,3.0,3.75
19,3479,3.0,3.6
421,904,4.0,4.28
281,8361,3.0,3.09
82,4718,3.5,3.03
199,3578,4.0,4.13
288,2077,3.5,3.54
391,3994,1.0,3.63
226,1431,3.0,2.54
357,914,4.0,4.1
19,3409,2.0,3.02
181,317,3.0,3.23
234,1460,3.0,0.0
554,1282,1.0,3.68
484,1333,1.0,3.73
200,34321,3.0,0.0
461,480,0.5,3.74
603,1956,4.0,3.97
474,1717,4.0,3.43
448,160573,3.0,0.0
111,48385,2.5,3.31
108,509,5.0,3.64
448,761,3.0,2.99
288,30822,4.0,3.45
280,3753,4.5,3.51
19,2338,1.0,2.31
378,8961,4.0,3.81
315,902,4.0,3.9
414,3082,3.0,3.74
502,7236,4.5,0.0
68,3704,3.5,3.71
294,2041,2.0,0.0
50,923,4.0,4.06
256,8371,4.0,3.54
202,2116,3.0,3.21
590,3994,2.5,3.71
602,36,3.0,3.88
474,4704,3.0,0.0
448,2779,3.0,3.56
62,296,4.5,4.33
254,48394,4.5,3.82
414,30810,4.0,3.74
580,53996,5.0,3.37
267,1206,1.0,4.16
381,588,4.0,4.16
479,2243,5.0,3.54
125,91500,2.0,3.47
305,158238,3.5,4.14
599,98503,3.0,0.0
414,5322,4.0,0.0
448,4039,3.0,3.2
6,432,5.0,2.67
603,2949,4.0,3.8
382,68157,5.0,4.28
590,2694,1.5,3.34
229,475,4.0,4.41
104,3253,4.0,3.55
469,2526,3.0,0.0
600,4886,3.0,4.07
542,1246,5.0,4.08
199,7458,3.5,3.32
249,2392,2.0,2.39
373,21,1.0,3.52
509,118997,2.5,2.73
204,79008,3.5,0.0
182,8360,3.0,3.76
288,12,2.0,2.92
78,836,3.0,2.96
179,150,4.0,3.84
288,1220,3.5,3.97
221,4447,3.0,3.18
233,7153,4.0,4.18
380,6242,3.0,3.87
514,2114,4.0,3.47
301,539,3.5,3.51
318,72,4.5,3.11
219,3421,2.5,3.9
177,59315,3.5,4.13
282,2398,3.0,3.96
276,783,5.0,3.38
68,91630,3.0,3.84
103,3552,4.5,3.88
41,101525,3.0,0.0
62,4148,5.0,2.9
195,296,5.0,4.31
606,58,3.5,4.28
599,2418,2.0,3.09
380,355,2.0,2.63
105,26082,4.0,4.44
596,5445,3.5,3.82
474,5021,2.5,0.0
572,1356,4.0,3.98
18,180095,3.0,0.0
275,527,5.0,4.38
177,3087,1.0,3.41
590,1278,4.0,4.13
183,380,4.0,3.59
489,953,4.0,4.26
448,5945,3.5,3.74
246,757,4.0,0.0
352,1619,5.0,3.43
542,364,5.0,3.98
216,4036,3.0,3.19
464,3100,5.0,4.07
304,1686,5.0,0.0
113,3044,3.0,3.85
47,111921,3.5,3.42
232,78209,3.5,3.85
596,1527,3.5,3.74
275,1089,5.0,4.4
414,4378,4.0,4.11
606,8848,4.0,0.0
401,42734,1.5,0.0
422,4132,1.0,2.62
195,2028,3.0,4.17
490,78499,4.0,4.36
216,1256,3.0,3.89
274,5092,3.0,3.43
249,4989,3.5,3.03
382,2294,4.5,3.3
462,2871,4.0,3.83
573,52712,0.5,0.0
86,58559,4.5,4.21
453,830,2.0,3.27
476,165,3.0,3.71
354,344,2.5,3.0
474,7840,3.0,3.71
410,2145,4.0,3.15
580,7349,3.0,0.0
599,2306,1.5,3.17
275,593,5.0,4.34
156,5673,3.0,3.62
75,2529,1.5,3.76
232,33145,3.5,3.51
350,832,3.0,3.29
269,1047,3.0,3.24
381,53996,3.5,3.42
83,7254,3.5,3.57
587,32,5.0,4.01
606,6107,4.0,0.0
438,3510,4.0,3.76
393,51255,4.5,4.0
563,114601,3.5,0.0
561,1097,4.5,3.97
459,95510,3.0,3.06
370,2571,4.0,4.23
221,1265,4.0,4.13
599,360,2.5,2.7
438,1722,3.5,3.18
457,2959,5.0,4.26
430,3054,1.0,2.59
560,102407,3.0,3.51
419,1213,4.0,4.32
13,3513,3.0,3.08
101,3175,4.0,3.64
599,33725,3.5,0.0
448,113453,2.5,3.35
307,5265,2.5,3.45
307,26792,1.5,0.0
474,1682,4.5,4.27
298,3536,2.5,3.52
599,173291,3.0,3.38
226,2605,3.0,2.84
330,1527,4.0,3.73
304,1197,5.0,4.31
206,733,3.0,3.69
572,1610,5.0,3.87
474,7839,3.5,0.0
100,1197,3.5,4.29
19,637,2.0,3.66
232,3827,3.0,3.12
448,80126,2.5,2.81
230,45722,5.0,3.58
208,2840,2.0,3.01
354,3617,3.5,3.06
274,73321,3.5,4.09
82,5679,4.0,3.34
351,296,4.5,4.25
239,1961,4.5,3.98
328,1221,5.0,4.35
166,48394,3.0,3.85
520,5669,3.5,3.84
76,6016,3.0,4.2
322,1784,3.0,3.84
448,3511,3.0,0.0
474,4366,3.0,3.78
38,551,4.0,3.51
469,2331,3.0,0.0
555,2496,2.0,3.12
226,589,4.0,4.15
182,555,3.5,4.08
514,184931,4.0,0.0
365,104879,2.0,4.24
201,32,4.0,4.01
424,102903,1.5,3.5
103,2529,3.5,3.83
596,4025,3.5,3.22
339,1206,5.0,4.19
564,2011,4.0,3.46
561,90746,3.0,3.8
212,77561,3.0,3.76
460,2571,4.5,4.23
42,4007,5.0,4.05
414,1103,5.0,4.32
40,272,5.0,3.64
555,3257,3.0,3.12
143,60069,2.0,4.1
298,112852,4.0,4.38
448,2763,3.0,3.81
501,93,3.0,3.14
170,277,3.0,3.39
448,541,4.0,4.18
105,94959,4.0,4.4
307,2161,2.5,3.77
555,2134,4.0,3.26
122,1377,4.5,3.07
368,3726,3.0,3.71
301,5989,4.0,4.05
356,2395,3.5,3.55
231,1036,5.0,3.85
480,296,4.0,4.43
409,1278,4.0,4.0
42,3177,2.0,3.53
171,828,4.0,2.46
483,79242,4.0,2.16
480,34520,1.0,2.21
292,1580,4.0,3.73
1,673,3.0,3.01
419,46970,3.5,3.23
567,40491,5.0,0.0
287,1500,2.0,3.67
517,2054,1.5,2.89
610,4105,5.0,3.92
195,1961,4.0,3.93
464,784,1.5,3.0
610,54785,3.0,0.0
265,1527,4.0,3.69
370,1748,2.0,3.77
555,2722,2.0,2.77
298,81845,2.5,4.17
16,3108,4.0,3.79
77,1198,5.0,4.28
308,904,1.0,4.3
57,1416,3.0,3.7
590,1101,3.0,3.39
177,1527,2.5,3.73
380,2140,4.5,3.75
113,3504,4.0,3.93
483,4356,3.5,4.05
305,51935,4.0,3.98
534,53972,3.5,3.81
137,1204,5.0,4.31
600,1292,3.0,4.04
536,457,3.0,4.03
226,2628,2.5,3.32
580,1123,3.5,0.0
221,1997,4.0,4.09
7,5445,4.0,3.73
608,4343,4.0,3.15
15,3510,5.0,3.5
235,377,5.0,3.6
217,1100,2.0,2.9
452,608,5.0,4.18
603,307,4.0,3.98
528,2763,3.5,3.65
590,10,3.5,3.72
202,1960,3.0,3.66
380,33162,4.0,3.88
249,8361,3.5,3.7
572,904,5.0,4.36
253,2686,4.0,4.15
555,2748,1.0,0.96
156,7107,3.5,0.0
260,6385,3.0,4.13
309,2944,4.0,4.08
610,3114,5.0,4.05
414,2395,5.0,3.89
483,7124,3.5,0.0
318,8748,4.5,0.0
339,1233,4.5,4.33
563,1537,3.5,3.67
279,44191,4.0,3.98
135,1580,4.0,3.66
160,2769,5.0,3.04
318,71535,4.0,3.98
18,57669,4.0,4.29
64,4980,4.0,2.92
182,4350,4.0,0.0
312,2644,3.0,3.58
454,7361,3.5,4.24
288,2316,2.0,3.49
1,1282,5.0,3.68
352,1721,4.0,3.49
7,5816,4.5,3.63
608,2683,3.0,3.28
144,153,3.0,2.96
15,293,3.0,4.08
592,420,3.0,2.9
409,5060,4.0,4.05
417,79132,4.5,4.16
43,3,5.0,3.23
186,3114,4.0,3.98
62,40815,4.5,3.88
318,1274,5.0,3.68
590,4803,3.5,3.55
294,2699,1.0,2.91
318,4848,4.0,4.03
428,344,0.5,3.03
274,2124,2.0,3.8
226,1270,4.0,4.15
414,107,3.0,3.98
19,486,2.0,0.0
594,7017,5.0,2.81
555,1921,4.0,4.12
430,3793,4.0,3.66
497,112556,3.5,3.67
323,356,3.5,4.22
600,508,2.0,3.77
319,81845,4.0,4.16
453,1240,4.0,3.99
414,4012,3.0,2.98
474,2121,2.0,2.69
217,3020,2.0,3.74
357,588,4.5,4.09
599,91981,2.5,0.0
275,474,4.0,3.98
212,122916,4.5,4.01
469,89,4.0,3.37
357,1704,5.0,4.27
227,31410,4.0,4.05
414,5447,3.0,0.0
432,2431,4.5,3.43
560,7323,4.0,4.08
568,3148,4.5,3.71
370,1259,3.5,3.95
103,8641,4.0,3.76
167,5952,4.5,4.08
347,435,3.0,2.43
67,1036,4.0,3.85
545,2605,5.0,2.8
240,316,4.0,3.39
156,1251,5.0,3.96
18,1291,4.0,4.33
298,5445,3.0,3.88
365,152091,3.0,0.0
597,2414,4.0,3.27
483,8368,5.0,3.9
298,57951,0.5,0.0
307,3594,0.5,3.94
606,7327,3.5,3.74
600,3000,4.0,4.11
113,3824,2.0,2.55
288,8807,3.5,3.7
28,475,4.0,4.45
274,43917,2.0,0.0
580,8371,5.0,3.54
493,1240,4.0,3.9
317,79293,3.0,3.0
489,253,4.0,3.66
558,1798,3.0,0.0
413,51662,5.0,3.64
354,2115,3.5,3.69
111,135137,4.0,2.35
227,589,3.5,4.02
287,586,1.5,3.05
300,2324,5.0,4.13
77,33794,5.0,3.82
354,2006,3.5,3.19
381,3753,4.0,3.66
233,1721,3.5,3.45
534,8644,3.5,3.73
182,2959,5.0,4.4
370,7090,4.5,3.87
141,4993,4.0,4.22
498,185,3.0,3.23
104,1391,3.0,3.16
488,1080,4.5,4.08
587,3468,3.0,4.4
180,3552,4.0,3.79
130,434,3.0,3.03
599,357,2.5,3.88
599,8798,3.0,4.04
567,160980,2.0,3.47
169,1663,4.0,3.87
18,85414,3.5,3.74
596,45499,1.5,3.58
4,1086,5.0,4.03
318,80906,4.0,4.44
184,91529,4.0,4.11
509,1265,3.0,4.1
307,54272,4.5,3.79
226,1220,4.0,3.93
24,111759,3.5,4.12
462,1094,2.0,3.6
381,6754,3.0,3.63
560,589,3.0,4.13
64,1762,4.0,1.61
292,87222,3.0,3.72
462,4605,2.0,4.57
122,39183,5.0,3.6
579,34,3.0,3.63
232,36533,1.5,0.0
357,68954,3.5,4.16
288,3054,2.0,2.78
19,2140,4.0,3.64
600,59725,2.5,2.48
19,3692,3.0,0.0
357,53024,4.5,3.7
119,6378,4.5,3.81
273,345,5.0,3.65
428,9,2.0,3.15
64,5299,4.5,3.22
474,6368,3.5,4.09
607,1079,3.0,4.05
606,39715,1.0,2.33
484,3034,4.5,3.69
58,367,4.0,3.31
177,2085,5.0,3.44
603,1549,4.0,0.0
40,48,2.0,3.34
387,432,0.5,2.69
119,51077,3.5,2.49
136,293,1.0,4.05
596,80549,3.5,3.91
91,5479,4.0,3.08
503,68157,4.5,4.09
477,741,4.5,4.13
462,34542,3.5,3.7
525,8917,3.0,3.92
249,94959,5.0,4.51
57,1371,2.0,3.02
387,1125,4.0,3.77
274,2795,3.5,4.07
103,616,3.5,3.4
477,2502,4.5,4.25
182,1275,3.5,4.19
456,135,3.0,3.03
414,58103,3.5,3.76
477,5673,4.5,3.73
599,1426,1.0,0.0
599,6341,2.5,3.05
469,2078,5.0,3.92
318,4226,4.0,4.33
600,1299,1.0,4.27
114,1210,3.5,4.17
471,8636,2.5,3.82
596,2692,4.0,3.99
387,1653,3.5,4.2
140,34334,2.5,2.24
391,866,5.0,4.1
113,1339,4.0,3.42
63,81229,4.0,3.5
50,54272,2.5,3.64
298,58559,3.5,4.46
483,1196,4.5,4.51
599,464,2.0,2.97
167,750,2.0,4.3
541,535,1.0,3.15
6,596,3.0,3.46
210,50872,4.0,4.02
477,6874,3.5,3.94
448,109853,2.0,0.0
105,48385,4.5,3.37
312,5433,3.0,2.46
298,3421,3.0,3.9
307,1973,2.0,0.0
434,4878,5.0,4.14
484,1593,4.0,2.26
266,1500,3.0,3.71
226,2953,3.0,2.79
74,4034,3.5,3.98
256,7361,5.0,4.27
219,588,4.5,4.12
610,107069,3.5,0.0
427,5081,4.0,2.34
64,6377,5.0,4.21
452,2989,4.0,3.49
480,8807,0.5,3.8
229,225,4.0,3.57
21,119155,3.5,3.6
573,6281,4.5,3.15
552,708,3.5,3.37
597,417,4.0,3.69
294,852,3.0,3.18
414,3949,4.0,4.32
356,4642,5.0,3.96
89,955,3.0,3.83
607,3105,4.0,3.92
561,8528,3.0,3.88
169,1345,3.5,3.26
599,47793,2.5,0.0
558,5387,5.0,0.0
288,2300,3.5,3.81
109,76,3.0,3.33
352,71535,5.0,3.88
561,53322,3.0,3.81
474,8235,5.0,0.0
217,2622,3.0,3.43
387,6283,3.5,4.04
167,2413,4.0,3.37
4,2599,5.0,3.62
436,466,2.0,3.0
274,6264,3.0,2.34
288,5428,1.0,1.36
119,52722,3.5,3.08
307,3863,1.5,3.07
202,1209,5.0,3.96
484,4989,4.0,2.72
414,427,3.0,2.24
561,4571,4.0,3.78
50,97225,2.0,3.55
325,2117,4.0,3.97
233,6934,2.5,3.18
603,3374,4.0,0.0
212,86644,3.0,3.79
205,260,4.5,4.22
325,1219,5.0,4.03
571,2901,2.0,3.13
186,2683,3.0,3.22
448,2942,2.0,2.86
105,81564,3.0,3.96
387,8266,3.5,0.0
610,5577,4.0,4.08
21,8665,4.0,4.03
105,3081,4.0,3.64
274,30707,4.0,3.93
53,1982,5.0,3.73
68,44709,4.0,3.66
527,2918,4.0,3.91
599,5015,2.5,3.31
265,1246,3.0,4.09
563,50802,2.5,3.03
448,56251,3.0,4.24
570,356,4.0,4.3
599,3461,2.0,2.89
275,4223,4.0,3.79
603,1304,4.0,4.18
393,3623,3.0,2.69
495,134130,5.0,4.01
393,59369,0.5,3.69
448,457,4.0,4.29
606,53125,2.0,3.74
479,4519,4.0,3.17
501,6,3.0,3.93
414,177593,4.5,4.51
307,2109,3.0,3.45
380,98961,4.0,4.37
98,608,4.0,4.16
40,265,5.0,4.03
548,7458,4.5,3.3
292,1499,1.0,1.47
474,7052,3.0,0.0
381,6539,3.5,4.05
187,1206,4.0,4.2
275,903,5.0,4.15
414,344,2.0,3.09
580,3551,2.5,3.74
226,4161,3.0,3.66
310,7261,3.5,1.52
202,469,2.0,0.0
89,161131,2.5,3.83
199,5673,4.5,3.61
489,4700,2.0,3.32
599,4394,1.5,0.0
265,2094,3.0,3.31
328,91658,1.0,3.42
597,235,4.0,3.69
182,5618,4.5,4.23
297,47,4.0,3.99
586,1645,3.5,3.39
219,54995,4.5,4.0
122,6377,4.5,4.18
84,900,4.0,3.61
610,80846,3.0,0.0
462,2866,3.5,3.21
18,1207,4.5,4.31
389,5,4.0,3.02
221,2710,3.5,2.92
434,5618,5.0,4.11
315,1276,4.0,4.28
376,2797,4.0,3.75
298,5816,3.0,3.62
84,597,3.0,3.61
608,5956,4.0,3.83
63,500,3.0,3.47
477,45730,3.0,2.54
599,2600,2.5,3.95
177,7445,3.0,3.93
20,4993,5.0,4.2
105,527,3.5,4.43
24,1653,3.0,4.04
514,1130,3.5,0.0
610,113159,3.5,0.0
356,1148,5.0,4.02
606,8983,4.0,3.54
305,899,4.5,4.25
115,2394,3.0,3.43
560,102194,4.0,4.4
182,2505,3.5,3.38
483,1042,3.0,3.6
318,116823,2.5,4.08
64,3176,3.5,3.52
4,4881,3.0,3.97
111,53460,3.5,3.59
200,8910,3.5,3.65
308,1148,1.0,3.95
266,2064,5.0,3.8
66,2700,5.0,4.05
368,2410,2.0,2.84
452,4299,4.0,3.61
475,4366,4.5,3.59
438,7445,4.0,3.94
567,151315,0.5,2.78
434,1200,5.0,4.07
312,3703,5.0,3.93
91,1242,4.0,4.21
79,1189,5.0,3.97
42,4153,3.0,2.47
44,66,3.0,2.13
288,2529,5.0,3.93
339,319,5.0,3.44
318,64969,3.5,3.94
605,2759,4.0,3.81
68,2804,2.0,4.22
222,1201,3.5,4.29
216,1171,4.0,3.22
414,838,3.0,4.42
19,260,4.0,4.27
43,236,3.0,3.5
606,45517,3.5,3.4
489,1997,3.5,4.09
480,5313,2.5,2.3
472,4226,1.0,4.11
527,920,3.0,3.65
422,2581,3.0,2.9
259,4963,4.0,3.96
288,3525,1.0,0.0
490,44191,3.5,3.94
138,849,4.5,2.84
500,745,1.0,4.2
200,1,3.5,4.11
546,480,4.0,3.73
561,47,4.5,4.2
414,6170,3.0,4.08
331,2712,4.0,3.41
263,2683,1.0,3.2
68,3298,4.0,3.9
47,5108,4.0,2.96
517,953,4.5,4.22
610,4848,5.0,4.01
132,32,3.0,4.06
377,3648,4.0,0.0
92,1367,3.0,3.08
135,4022,4.0,3.79
460,89039,4.5,0.0
610,3328,5.0,4.18
464,7458,5.0,3.32
484,8641,4.0,3.7
232,67087,4.0,3.85
224,2028,5.0,4.11
367,4447,5.0,3.22
265,1784,4.0,3.84
302,480,5.0,3.74
226,4239,4.0,4.03
73,91500,4.0,3.53
555,3550,4.0,3.77
339,165549,4.0,2.63
215,2959,4.5,4.31
129,2890,4.5,3.72
62,3252,4.5,3.76
200,58559,5.0,4.32
460,7153,5.0,4.19
125,4022,3.5,3.84
177,8807,2.0,3.81
182,4299,3.5,3.69
177,6887,4.0,4.3
596,2791,3.5,4.0
198,2858,5.0,4.14
68,7,2.0,3.24
414,6807,4.0,4.54
177,60161,3.0,3.44
414,8908,3.0,3.64
5,318,3.0,4.5
564,103883,4.5,0.0
363,2396,3.0,3.8
48,1320,4.0,3.16
157,1961,4.0,3.87
254,1721,3.5,3.46
282,4027,4.0,3.81
232,5463,3.0,2.9
89,79684,4.0,0.0
318,92422,4.0,0.0
380,166946,4.0,0.0
414,1466,3.0,4.56
520,468,3.5,3.43
274,2716,3.5,3.94
217,1831,3.0,2.65
387,47610,3.5,4.05
372,1366,5.0,3.28
217,2302,4.0,3.38
182,2989,4.0,3.56
414,5081,3.0,2.93
89,90717,4.5,3.24
274,60756,3.0,3.8
606,7579,5.0,2.83
453,3968,4.0,3.15
219,65,1.0,2.87
41,8949,4.0,3.69
600,662,1.0,2.62
265,3733,4.0,0.0
610,5323,2.0,0.88
427,376,2.5,3.3
458,1006,4.0,0.0
268,1394,5.0,4.21
480,33164,0.5,0.0
61,6796,4.0,3.73
482,1784,3.0,3.82
66,7766,4.0,0.0
313,1885,5.0,3.15
249,2949,4.0,3.8
59,3448,5.0,3.67
405,2105,4.0,3.4
68,94959,3.5,4.51
76,608,4.0,4.16
599,437,1.5,2.38
372,541,4.0,4.12
434,1779,1.5,2.93
387,3911,3.0,3.85
477,2019,4.5,4.32
176,457,5.0,4.03
91,2598,3.0,2.85
381,34405,3.5,4.09
607,1918,4.0,2.81
605,837,3.0,3.42
21,3869,4.0,3.27
363,7153,3.0,4.12
264,1917,3.5,2.94
182,4865,2.5,4.15
215,6155,5.0,3.33
298,106916,3.5,3.32
380,176371,4.0,3.88
432,7160,4.0,3.35
20,2687,4.5,3.44
307,2915,2.5,3.6
200,53125,4.0,3.73
249,33615,3.5,3.55
411,275,1.0,0.0
82,1372,3.5,3.39
610,80094,4.0,0.0
27,2407,4.0,3.21
574,153,3.0,2.92
282,1265,4.5,4.1
160,480,2.0,3.85
380,2278,3.0,3.97
125,27788,4.0,3.01
375,2431,4.5,3.39
109,1015,3.0,3.04
50,2164,1.0,0.0
489,1339,5.0,3.4
71,1544,3.0,2.73
590,3438,3.0,2.88
297,1092,3.0,3.32
361,32019,4.0,2.42
249,109042,2.5,0.0
249,2722,2.5,2.85
387,2084,2.0,1.98
600,377,2.0,3.76
216,1028,4.0,3.8
534,114180,2.5,3.12
182,3993,3.5,3.2
136,296,1.0,4.23
489,30793,2.5,3.03
483,33794,4.0,4.13
318,81537,3.5,3.12
68,82167,2.0,3.84
335,3671,4.5,3.86
414,34319,3.5,3.72
377,2641,3.0,3.09
600,2273,1.0,3.59
425,32,4.0,4.09
303,589,5.0,4.04
420,6807,4.5,4.0
414,3747,3.0,0.0
56,19,5.0,2.84
474,2134,3.0,3.28
156,2946,3.0,3.31
20,1688,4.5,3.39
603,346,4.0,3.58
78,1831,1.0,2.49
7,5464,3.0,3.57
156,1711,3.0,3.24
217,1375,4.0,3.38
563,4246,3.0,3.69
5,36,4.0,3.84
606,3067,4.5,4.54
298,750,3.0,4.4
301,8961,4.0,3.83
419,2722,4.5,2.67
573,48385,5.0,3.31
380,2402,4.0,3.11
198,4808,2.0,2.78
105,36529,4.0,3.97
223,1198,3.5,4.28
448,608,4.0,4.42
525,148667,3.5,0.0
121,22,3.0,3.09
603,1100,1.0,2.89
580,6879,3.0,3.57
167,593,2.5,4.27
294,1707,1.0,2.12
484,1345,1.0,3.34
328,6936,5.0,3.76
414,87430,2.0,2.28
79,1218,5.0,3.74
249,71530,3.0,3.82
160,6,2.0,4.0
64,1387,5.0,4.22
599,2723,2.0,3.31
223,8961,4.5,3.82
28,52042,2.5,0.0
21,135887,4.5,3.16
160,748,4.0,2.99
610,59315,4.0,4.31
477,33794,4.0,4.08
84,165,3.0,3.76
424,78349,3.5,4.0
217,2944,4.0,4.17
462,4977,3.5,0.0
82,2028,3.5,4.2
600,47,4.0,4.11
86,1835,4.0,3.38
474,5073,3.0,0.0
362,5349,4.0,3.51
414,3654,4.0,4.62
523,57504,5.0,4.32
6,575,3.0,2.48
420,54272,3.5,3.64
339,3949,3.5,4.06
448,5010,4.0,4.14
440,1921,3.5,4.02
318,110102,3.5,4.17
236,2502,4.0,4.15
525,33794,3.0,4.06
579,2394,3.0,3.43
43,587,5.0,3.49
50,116797,2.5,4.12
608,6541,4.5,2.84
312,2003,5.0,3.35
68,48394,4.5,4.15
84,235,3.0,3.72
161,1,4.0,3.93
216,2973,4.0,3.95
36,1090,2.5,4.04
479,3552,4.0,3.84
414,4312,4.0,0.0
48,1580,5.0,3.58
66,1517,4.0,3.64
247,4306,3.5,3.96
297,225,3.0,3.56
137,1198,4.5,4.32
128,110,5.0,4.0
18,4239,4.0,4.06
599,5139,1.5,3.38
249,6482,3.0,2.02
298,3210,3.0,3.55
448,4866,3.5,2.93
387,3865,3.0,3.64
288,4535,2.0,3.93
573,88744,4.5,3.62
474,1371,2.0,3.0
480,1207,4.0,4.34
273,1,5.0,3.94
282,7438,3.5,4.0
187,31410,5.0,4.04
216,4005,2.0,3.48
480,1,3.0,4.25
610,148626,4.0,4.23
64,3421,4.5,3.9
330,1380,3.5,3.34
483,3471,2.5,4.07
232,4386,3.0,2.75
308,527,1.0,4.26
68,1784,4.0,4.07
187,27865,2.0,0.0
68,45499,2.0,3.75
480,592,4.5,3.69
265,1721,4.0,3.47
339,85342,4.0,4.61
419,8493,1.5,0.0
606,2355,3.0,3.75
599,4388,1.5,2.89
441,7438,5.0,3.89
438,6874,4.5,3.87
229,454,4.0,3.64
357,2421,3.5,2.77
438,33166,4.5,4.18
580,442,3.0,3.13
13,305,1.0,2.49
391,5339,4.0,4.09
166,8636,5.0,3.89
422,3968,2.0,3.11
263,2692,3.5,3.99
514,185585,3.0,0.0
187,380,2.0,3.63
205,99114,4.5,3.93
606,3723,3.5,3.59
50,1198,3.5,4.31
149,1882,1.0,2.04
111,3301,4.0,3.68
587,1193,5.0,4.25
82,1291,4.5,4.23
448,3536,4.0,3.53
561,2302,3.0,3.37
447,266,5.0,3.33
28,59387,2.0,4.02
480,4865,4.5,4.1
74,46976,4.0,3.65
45,2762,5.0,4.04
358,55052,5.0,3.2
113,1997,4.0,4.04
414,552,3.0,4.09
298,53993,0.5,2.78
318,1136,3.5,4.42
414,40278,4.0,3.86
495,69526,1.0,2.46
484,1717,3.5,3.19
294,2078,4.0,3.9
474,34437,4.0,3.78
321,253,3.0,3.53
352,53125,4.0,3.66
19,474,3.0,3.94
414,5449,1.5,3.04
590,3,3.0,3.42
483,85414,3.0,3.84
323,112290,3.5,3.98
351,88163,4.5,4.1
356,8949,4.0,3.72
288,2040,3.0,2.68
524,541,5.0,4.09
561,5673,3.5,3.73
573,2720,0.5,2.0
298,6959,0.5,2.83
97,5109,4.0,0.0
42,349,4.0,3.89
332,2130,4.0,3.63
119,66511,5.0,0.0
608,180,2.5,3.85
456,1060,4.0,3.64
368,3984,3.0,3.5
133,589,3.0,4.01
474,1323,2.0,0.0
232,45501,3.0,2.42
474,5450,4.0,3.52
21,88140,3.5,3.85
274,68954,3.5,4.42
261,1240,4.0,3.86
253,1192,4.0,4.77
202,3271,4.0,3.91
181,45,3.0,3.32
171,475,4.0,4.42
260,1258,3.5,4.15
479,247,3.0,4.04
232,3646,2.5,2.11
380,849,3.0,3.08
534,551,4.0,3.57
182,4378,3.5,3.91
356,3481,4.0,3.72
326,64614,3.5,4.13
525,2396,4.0,3.9
64,30707,3.5,4.01
226,4776,3.0,3.86
274,60979,2.5,0.0
474,27882,4.0,3.76
339,1748,4.5,3.81
305,134130,3.0,4.08
599,3972,3.0,4.06
610,3825,1.5,3.05
573,2761,5.0,4.17
21,122922,4.0,3.93
131,3363,3.5,3.91
487,4995,3.0,4.04
373,11,2.0,3.75
377,8610,1.5,0.0
274,7160,4.0,3.28
474,2615,3.0,2.87
6,710,3.0,2.54
599,4719,1.5,2.72
132,7773,4.0,0.0
603,900,4.0,3.65
477,2297,4.0,3.74
371,2395,5.0,3.45
414,2891,3.0,0.0
318,106489,3.5,3.42
490,308,4.0,3.71
452,1732,5.0,3.97
414,261,4.0,4.16
599,2088,1.5,2.74
68,4969,3.0,3.97
19,818,4.0,3.5
306,50872,3.5,4.0
541,288,1.0,3.27
125,86332,3.0,3.76
608,377,2.5,3.83
318,1273,4.0,4.06
122,112515,4.5,0.0
187,1209,5.0,3.95
239,1246,4.0,4.17
286,593,4.0,4.24
596,55844,3.5,0.0
414,111364,3.0,2.75
274,69275,4.0,4.47
590,72998,3.5,3.85
483,1029,2.0,3.64
68,1722,4.0,3.26
318,3262,3.0,3.44
181,157,2.0,3.2
606,4285,4.0,1.92
346,8638,4.0,4.17
57,1370,2.0,3.54
51,327,1.5,2.95
377,2792,4.5,2.91
555,2367,3.0,2.5
298,1291,4.0,4.3
169,5103,4.0,3.68
178,1198,4.0,4.3
587,1641,4.0,3.75
599,994,3.0,4.27
217,2463,3.0,3.45
603,4780,2.0,0.0
380,379,3.0,2.36
274,7701,3.0,0.0
477,441,4.0,3.99
318,58998,3.0,4.22
407,54286,3.5,3.68
200,57640,4.0,3.78
474,6412,3.5,0.0
103,74698,2.0,2.06
538,520,5.0,3.0
110,27773,4.0,4.08
332,2739,4.0,3.92
594,2628,4.0,3.26
202,589,5.0,4.15
521,733,4.0,3.71
275,1247,5.0,4.14
414,7149,2.0,3.54
414,142509,3.0,0.0
89,73160,2.5,0.0
62,6564,3.5,2.78
274,1921,3.5,4.23
244,647,1.0,3.48
428,5989,3.0,4.08
137,1207,3.0,4.22
7,8870,3.5,2.33
354,10,3.5,3.57
247,5445,4.0,3.74
448,671,5.0,3.75
474,7141,4.0,0.0
51,2797,5.0,3.79
233,187593,2.5,4.15
474,49957,3.0,0.0
217,2150,3.0,3.91
64,1320,3.0,3.26
217,38,2.0,2.22
222,784,2.5,3.03
592,10,3.0,3.52
608,1136,3.0,4.43
446,39,3.0,3.32
603,2271,3.0,0.0
140,1035,5.0,4.18
294,2643,1.0,1.78
17,6350,5.0,4.12
599,1845,2.5,4.34
446,586,3.0,3.03
471,6333,2.5,3.67
249,2231,3.5,3.92
140,1687,3.0,3.5
59,1222,5.0,4.09
356,5418,3.5,3.89
198,1393,5.0,3.64
304,1375,5.0,3.32
432,4992,3.5,3.09
111,96616,4.0,1.52
366,33794,4.0,3.83
551,135569,4.5,3.37
599,7782,1.5,0.0
21,5218,4.0,3.93
474,4191,4.0,2.82
168,923,5.0,4.05
483,1172,5.0,3.97
499,1220,5.0,3.78
555,489,2.0,0.0
528,55721,5.0,4.22
338,5952,3.0,4.01
470,597,4.0,3.56
186,953,5.0,4.23
136,328,2.0,3.16
495,3755,3.5,3.07
594,2762,4.0,3.95
597,610,4.0,3.6
140,2194,4.0,4.05
474,3466,3.0,3.69
153,88810,4.0,4.02
280,33166,4.5,4.08
343,52952,4.0,4.12
561,3526,3.0,3.86
199,497,3.0,3.93
312,2004,4.0,3.3
305,94478,1.5,2.76
356,3852,5.0,3.03
580,5481,3.5,3.0
610,7307,3.5,0.0
603,1957,4.0,4.15
448,103228,1.0,4.32
140,2019,4.0,4.31
90,1414,4.0,2.78
246,4886,4.5,3.98
122,86833,5.0,4.1
600,2798,2.5,1.29
239,59315,4.5,3.97
198,4019,4.0,3.63
274,330,4.0,0.0
89,121007,4.0,0.0
590,4643,2.5,2.95
74,52967,4.5,3.45
448,79428,1.5,3.66
356,61024,4.0,3.85
103,96728,4.0,3.74
51,5672,0.5,0.0
117,227,3.0,3.08
318,7153,3.5,4.35
222,2,2.5,3.49
328,589,1.0,4.1
380,5574,4.0,3.93
177,1394,2.0,4.37
414,2302,5.0,3.78
432,48696,3.0,4.35
249,67197,3.0,2.79
4,904,4.0,4.34
182,2694,2.5,3.36
359,4306,5.0,3.89
597,1197,5.0,4.3
122,1263,5.0,4.02
274,69844,3.5,4.14
73,86880,3.5,3.57
559,174,1.0,2.72
390,6890,3.5,3.27
307,1405,2.0,2.68
393,54286,5.0,3.74
279,107406,3.0,3.41
528,1704,5.0,4.1
520,3462,4.0,3.65
139,7153,4.0,4.19
332,480,3.5,3.82
258,2959,5.0,4.28
97,4386,4.0,2.6
486,266,5.0,3.34
6,775,3.0,0.0
466,8665,4.0,3.94
132,837,3.0,3.42
474,5291,4.0,4.37
414,104841,5.0,4.34
28,3578,4.0,4.2
199,2391,3.5,3.7
608,4719,3.5,2.63
82,3753,4.0,3.58
156,1639,3.5,3.7
51,5568,4.0,3.17
294,810,1.0,2.17
594,3948,4.5,3.56
528,63876,1.5,3.79
68,3476,2.0,3.67
103,72998,3.0,3.8
165,5418,4.0,3.82
599,3275,3.0,4.46
199,509,3.0,3.73
160,4343,2.0,3.06
387,4563,1.5,0.0
290,235,4.0,3.72
590,11,3.0,3.88
357,2863,4.0,3.49
256,3247,4.5,3.05
111,74275,2.5,0.0
399,2194,5.0,3.89
386,377,3.0,3.58
247,953,2.0,4.18
89,128366,4.0,0.0
606,948,3.5,4.03
19,2478,2.0,3.22
267,110,4.0,4.03
227,63082,4.5,3.98
20,3398,5.0,3.43
331,106489,4.0,3.43
239,1625,4.5,3.79
227,109374,5.0,3.9
555,1036,4.0,4.01
428,3671,3.0,3.93
408,6708,3.5,3.76
89,56587,2.5,3.49
556,118997,4.0,2.58
266,2353,3.0,3.52
313,2710,5.0,2.89
74,7889,4.0,0.0
599,6587,1.5,0.0
599,51255,3.0,4.42
503,608,4.0,4.17
23,1258,5.0,4.15
23,913,4.0,4.13
555,1197,5.0,4.28
387,27266,4.0,4.13
483,1882,1.5,2.17
554,907,4.0,0.0
352,3409,4.0,3.08
469,1299,4.0,4.28
524,553,4.0,3.9
603,3224,5.0,0.0
476,531,4.0,3.24
43,95,4.0,3.0
385,1303,5.0,4.09
24,91542,3.5,3.76
51,924,5.0,3.92
70,3730,4.5,4.11
201,2683,5.0,3.2
603,602,4.0,0.0
599,27156,4.5,4.92
601,50872,5.0,4.02
307,2169,1.5,2.78
80,8861,4.0,3.34
292,5418,4.5,3.94
305,3566,3.0,3.23
448,102033,3.0,3.81
608,1625,4.0,3.9
348,50,5.0,4.27
160,3751,5.0,3.56
57,316,3.0,3.47
474,3247,2.0,3.3
414,2193,5.0,3.83
394,588,2.0,3.89
599,4506,3.0,3.49
489,4299,0.5,3.65
414,163,4.0,4.14
119,44,3.0,2.47
608,3471,2.5,4.05
573,2617,5.0,3.17
282,111,4.0,4.3
288,765,2.0,3.16
42,2918,4.0,4.02
466,3409,4.0,3.01
286,2706,1.5,3.38
42,708,4.0,3.49
474,3038,4.0,4.67
85,1747,4.0,3.39
128,943,4.0,4.12
489,2003,3.5,3.39
182,3114,4.0,4.01
262,440,2.0,3.6
326,55276,1.5,4.14
387,7993,2.5,0.0
524,1246,3.0,4.08
413,4299,5.0,3.57
254,593,4.0,4.29
177,253,4.0,3.65
83,2858,3.5,4.08
122,51255,5.0,4.1
510,4262,3.5,3.88
357,74458,4.0,4.22
190,6708,4.0,3.76
126,161,3.0,3.71
599,333,2.5,3.98
287,7649,0.5,3.36
562,97921,4.5,3.95
599,59129,1.5,0.0
414,43556,3.0,0.0
495,106916,4.5,3.27
414,2371,4.0,3.49
139,3624,2.5,3.26
489,21,2.5,3.52
47,500,1.0,3.44
334,26776,4.0,3.77
103,87222,3.0,3.65
425,2023,3.5,3.52
380,36519,3.0,3.34
348,858,5.0,4.35
601,6016,4.0,4.23
312,5956,5.0,3.64
474,3609,3.5,0.0
294,2918,4.0,3.96
367,1996,3.0,0.0
380,87232,5.0,4.27
552,2428,1.5,2.64
599,23,1.0,2.72
256,6373,4.0,3.3
561,2413,4.0,3.5
89,7293,2.0,3.62
96,1,5.0,3.95
45,3565,4.0,3.48
140,3948,2.5,3.59
332,4973,4.0,4.36
226,30793,4.0,3.0
552,368,3.0,3.55
608,357,3.0,3.72
420,6104,4.0,4.18
84,932,4.0,3.42
414,6598,3.5,0.0
489,2529,4.0,3.82
153,143969,3.0,0.0
599,81845,3.0,4.21
10,60397,3.0,2.97
64,1644,2.5,2.14
187,5146,4.0,3.01
438,356,4.0,4.44
559,265,5.0,4.0
491,2671,4.0,3.43
332,7361,3.5,4.28
89,52973,2.0,3.88
560,143859,3.5,2.82
47,166643,3.0,3.97
552,2194,4.0,3.92
414,7,3.0,3.48
4,1203,5.0,4.13
89,4015,2.0,3.05
411,355,3.0,2.55
497,5952,2.0,4.03
465,1210,4.0,4.22
304,780,4.0,3.6
490,91658,3.5,3.42
338,318,5.0,4.51
307,141,2.5,3.61
200,7293,5.0,3.62
305,89470,3.0,3.78
298,3868,3.0,3.39
610,7202,3.0,0.0
351,3949,5.0,3.9
316,3409,3.0,2.94
177,1962,4.5,3.8
23,1274,4.0,3.69
572,1056,2.0,0.0
558,5152,4.0,3.33
249,2389,2.5,1.93
177,86880,3.5,3.81
219,455,2.5,2.65
489,1346,1.0,3.34
448,1856,4.0,0.0
368,1918,1.0,2.79
587,1747,1.0,3.43
368,459,3.0,2.22
448,105954,3.0,4.3
597,2947,4.0,4.02
217,2567,2.0,3.1
610,3616,2.0,3.5
534,63113,3.5,3.71
298,1232,3.5,3.66
590,1234,4.0,4.2
169,3594,5.0,4.02
186,3927,4.0,2.49
52,56801,3.0,2.49
339,5502,4.5,3.3
357,708,3.0,3.44
610,3896,4.5,3.35
487,112552,3.0,4.12
430,4447,3.0,3.16
91,2599,2.5,3.67
105,6383,3.0,2.77
318,1147,4.0,3.77
91,161,3.5,3.86
590,2959,3.5,4.35
144,1,3.5,3.99
363,1917,2.0,2.92
432,165,2.0,3.77
210,113378,4.5,2.15
448,129937,2.0,2.52
610,2959,5.0,4.46
356,1784,4.0,3.91
464,90384,2.0,0.0
100,2125,4.5,3.67
33,2396,4.0,3.83
105,60684,3.5,4.1
326,4993,4.0,4.22
83,7099,3.0,4.14
288,249,4.0,3.75
441,2959,4.5,4.29
119,116797,5.0,4.24
274,765,3.0,3.25
603,2318,4.0,4.5
132,5218,3.5,3.82
41,81845,3.0,4.21
307,1324,0.5,1.28
319,122904,3.5,3.95
282,2683,4.0,3.25
288,2496,4.0,3.03
222,97921,2.5,3.92
182,1649,3.5,2.09
480,32019,0.5,2.45
317,3160,4.0,3.68
479,5460,4.0,0.0
328,88125,4.0,3.82
298,4980,3.0,2.94
178,5952,4.0,4.03
246,5618,5.0,4.12
226,7347,3.0,3.43
182,5791,4.5,3.92
20,5364,4.0,3.52
66,5548,4.5,0.0
177,40819,5.0,3.87
249,59784,4.0,4.02
274,45722,3.0,3.77
448,6798,3.0,0.0
414,52712,3.5,0.0
232,8836,3.5,0.0
63,67997,4.0,4.33
603,3983,3.0,4.48
474,3365,3.5,0.0
425,5299,3.5,3.16
468,161,2.0,3.69
222,1997,2.5,4.04
221,1584,3.5,3.61
274,33158,2.0,1.72
364,648,3.0,3.58
352,3986,3.0,2.44
84,348,5.0,3.72
363,122918,5.0,3.76
275,162,5.0,4.1
603,1079,4.0,4.27
552,6947,3.5,3.57
560,4975,3.5,3.65
63,858,4.0,4.49
577,1909,4.0,3.46
312,3147,4.0,4.17
253,926,4.5,4.46
266,353,5.0,3.54
502,1214,4.5,3.95
414,899,5.0,4.72
462,171763,4.5,4.48
596,79242,3.0,2.13
121,110,4.0,4.02
524,733,4.0,3.76
274,2133,3.0,3.69
610,6707,3.5,3.16
517,586,5.0,3.14
182,2320,4.5,3.05
351,4023,4.0,3.05
469,2421,2.0,2.82
227,8638,4.0,4.18
571,968,5.0,3.53
317,1262,3.0,4.2
415,2539,4.0,3.14
325,5266,4.0,3.2
98,79139,3.0,3.62
240,380,3.0,3.67
111,5524,3.5,3.06
448,2420,2.0,3.88
124,3949,5.0,3.87
414,3444,3.0,2.97
561,2791,4.0,4.1
178,8874,4.0,4.08
242,300,5.0,3.43
489,1275,1.5,3.99
73,58998,3.5,4.06
313,1258,5.0,4.26
387,1770,3.0,0.0
414,2734,3.0,3.38
448,7091,4.5,0.0
282,1222,4.0,4.18
412,2712,5.0,3.41
603,2973,4.0,4.08
525,106696,3.5,3.86
169,899,5.0,4.1
474,5801,2.5,0.0
425,345,3.5,3.69
541,454,4.0,3.64
141,69844,4.0,3.92
296,527,4.5,4.23
599,45720,2.5,4.09
229,213,3.0,3.38
581,7147,3.5,3.79
104,46578,4.0,3.87
599,179053,3.5,0.0
561,780,4.0,3.71
280,1247,4.0,4.09
91,610,4.5,3.57
599,881,1.5,2.49
464,8977,3.0,2.2
453,520,4.0,3.12
57,3107,3.0,3.32
240,432,5.0,2.6
275,1304,5.0,4.13
596,70637,4.0,0.0
66,1198,3.0,4.39
260,1921,4.5,4.04
229,593,4.0,4.21
232,6219,3.0,0.0
377,7706,4.0,0.0
177,2321,3.0,3.7
249,76093,3.5,4.4
523,3949,4.5,3.87
582,59315,4.5,3.96
288,329,3.5,3.45
279,49272,3.5,4.1
217,1396,5.0,3.46
21,119964,2.0,0.0
517,91535,2.0,3.12
132,175,3.0,4.19
68,122882,5.0,3.99
50,174737,3.0,0.0
232,31700,3.0,3.21
573,7360,4.5,4.15
226,2278,3.0,3.78
318,1884,5.0,4.06
382,4719,3.5,2.67
32,1425,3.0,0.0
469,1086,4.0,4.21
184,103210,2.0,0.0
103,53125,4.5,3.68
41,96829,4.0,4.2
510,2797,3.5,3.75
527,588,5.0,3.97
160,1022,5.0,3.62
44,1391,2.0,3.13
304,86,5.0,3.57
527,1206,3.0,4.16
18,68159,4.0,0.0
307,10,2.5,3.63
339,5995,5.0,4.08
68,3555,3.5,3.54
462,2336,1.5,3.9
41,55765,2.0,4.0
405,25771,4.0,4.69
517,5308,1.0,2.91
462,100556,5.0,0.0
365,42011,1.0,2.34
318,33794,4.0,4.14
580,2640,3.0,3.82
414,6442,5.0,0.0
474,31,3.0,3.57
109,45,3.0,3.31
111,8533,2.5,4.01
381,4069,2.0,3.02
178,4734,4.0,3.1
112,1210,5.0,4.21
166,5349,4.5,3.59
282,50068,4.5,3.84
600,1127,3.5,3.52
414,315,2.0,3.98
211,1036,4.5,3.87
233,788,2.0,2.75
109,318,5.0,4.52
140,1193,3.0,4.34
260,29,4.0,4.04
588,434,3.0,3.04
510,494,1.0,3.44
288,6942,3.0,3.77
101,2395,5.0,3.45
136,688,3.0,2.69
219,1213,2.5,4.43
18,114060,3.5,2.38
288,1020,3.0,3.34
509,4975,3.0,3.58
477,2193,4.0,3.52
312,2657,2.0,3.44
380,33679,2.0,3.83
73,134368,4.0,3.97
158,2428,4.0,2.65
452,2949,4.0,3.69
448,736,3.0,3.67
380,34532,3.0,3.29
107,208,3.0,2.98
387,6666,4.5,4.63
584,34,3.0,3.63
599,415,1.5,2.45
525,122886,4.0,3.96
318,41569,3.5,3.34
571,3732,1.0,3.65
357,5991,4.5,3.77
509,44195,3.0,4.03
596,111759,4.0,4.32
489,4022,3.5,3.83
312,924,5.0,3.98
62,1961,5.0,4.06
305,143969,4.5,0.0
495,48304,4.5,3.65
288,231,3.0,3.26
274,2089,3.0,3.82
266,1298,5.0,3.94
428,145,2.5,3.36
419,2706,4.5,3.38
534,122902,2.0,2.34
483,1370,4.0,3.69
232,6281,3.5,3.35
195,4452,4.0,2.33
448,158022,1.5,0.0
385,344,3.0,3.02
409,3846,5.0,3.76
268,1291,2.0,4.14
489,2006,0.5,3.2
372,259,3.0,3.34
89,111617,3.5,3.85
263,1537,4.0,3.74
555,3421,4.0,3.86
580,3032,3.5,3.61
140,5060,4.0,4.06
536,434,5.0,3.02
414,2539,3.0,3.81
72,527,4.5,4.25
134,110,5.0,4.01
153,7458,0.5,3.33
322,1610,3.0,3.83
470,349,4.0,3.77
448,2378,4.5,3.72
274,8142,3.5,0.0
414,5094,2.0,2.05
179,434,4.0,3.07
66,1382,2.5,1.64
428,3624,1.0,3.27
313,3396,1.0,3.79
20,4865,3.0,3.84
599,160978,1.0,0.0
294,2794,3.0,2.6
246,1610,3.0,3.87
20,837,4.0,3.45
274,47200,4.5,3.92
600,5283,2.0,2.86
351,91974,3.5,4.22
425,2407,3.0,3.18
380,162598,3.5,0.0
313,2459,4.0,3.26
232,7150,3.0,2.8
477,500,3.5,3.51
605,4639,4.0,2.6
599,1997,3.5,4.17
166,1500,5.0,3.7
606,2735,2.5,2.8
237,1375,3.5,3.21
448,1432,2.0,1.9
156,2064,3.0,3.91
282,4886,4.5,4.0
387,2247,3.0,3.65
381,34,3.5,3.7
24,4489,4.0,3.24
80,5388,4.0,3.38
458,344,3.0,3.02
483,2174,4.0,3.57
514,3253,4.0,3.56
474,991,3.0,3.32
216,2915,5.0,3.54
483,4886,4.5,4.18
89,901,1.5,3.54
313,1480,4.0,3.4
437,1171,4.0,3.21
91,3254,2.5,3.51
469,2407,4.0,3.24
600,356,4.0,4.38
66,6333,4.0,3.8
475,109487,4.0,3.98
235,300,5.0,3.44
318,71899,4.0,4.55
512,527,5.0,4.24
610,97188,4.0,0.0
274,62849,3.0,3.97
182,522,4.5,2.82
414,1375,3.0,3.62
293,742,2.0,2.86
323,34,2.5,3.64
414,33004,3.5,3.73
20,3999,2.0,2.75
6,291,3.0,0.0
414,2396,5.0,4.12
474,261,4.0,4.1
72,1221,4.5,4.28
281,51662,4.5,3.62
377,3841,1.5,3.77
356,454,3.0,3.67
288,1231,3.0,3.92
306,86833,4.0,4.04
179,292,4.0,3.42
217,3104,3.0,3.65
232,3535,4.0,3.89
201,2262,3.0,3.01
57,1257,3.0,3.79
186,2048,3.0,3.48
140,1721,4.0,3.6
607,1370,5.0,3.54
105,4344,3.0,3.17
305,89840,4.0,2.51
160,2529,3.0,3.81
240,531,4.0,3.31
18,1080,4.5,4.13
176,588,3.0,3.9
385,1246,4.0,4.09
274,4974,3.5,2.91
371,7153,4.5,4.12
606,2012,2.5,3.74
195,2391,4.0,3.74
51,3969,5.0,3.45
432,56941,4.0,2.85
492,737,5.0,2.52
115,594,3.0,3.65
232,1029,2.0,3.61
305,79251,4.0,0.0
63,5481,2.5,2.98
606,4205,4.0,3.44
601,63082,4.0,3.99
18,48780,4.5,4.38
600,1037,3.0,2.72
288,2003,4.0,3.45
20,4720,3.5,3.63
177,5048,0.5,0.0
474,708,4.5,3.8
456,140,4.0,3.49
274,3997,1.5,2.27
448,112290,3.5,4.5
434,48738,4.0,3.89
555,2261,3.0,3.42
580,1394,4.0,4.28
525,1220,4.0,3.86
89,41828,4.5,0.0
361,45447,4.0,3.19
567,115617,2.0,4.08
608,7163,4.0,3.18
217,2100,2.0,3.26
553,1089,4.5,4.29
183,2529,4.0,3.75
302,21,4.0,3.52
480,43708,3.5,0.0
414,6314,2.0,0.0
269,25,5.0,3.71
489,92730,2.0,0.0
414,3841,2.0,4.14
195,260,4.0,4.26
608,2247,1.0,3.55
414,42738,3.0,2.88
598,113829,5.0,0.0
555,457,4.0,4.2
490,6934,2.0,3.17
307,8815,2.0,2.56
599,118290,2.0,0.0
144,377,3.5,3.62
513,1258,2.5,4.11
380,34143,3.0,0.0
495,858,4.5,4.42
610,134853,3.5,4.14
57,3064,3.0,0.0
275,5466,5.0,0.0
140,3408,3.0,3.63
104,59501,3.5,3.53
493,1573,4.0,3.48
80,60684,4.0,4.0
253,6773,4.5,3.6
104,2692,4.0,3.98
474,2717,0.5,3.32
483,8983,4.0,3.54
260,6331,4.5,3.99
414,2572,4.0,4.09
600,7022,4.5,3.92
567,8874,2.5,4.11
608,4980,2.5,2.97
221,27882,4.5,3.77
555,1855,2.0,2.77
326,4995,4.5,4.11
606,27846,3.0,4.25
28,31116,3.0,0.0
414,46559,3.5,0.0
219,2167,2.5,3.61
400,7153,4.0,4.14
73,3671,4.5,3.89
166,46578,4.0,3.92
409,1265,4.0,4.03
600,2527,3.0,3.66
45,1258,5.0,4.25
304,2321,2.0,3.52
119,73017,4.5,4.0
132,3261,2.0,3.68
474,153,3.0,3.15
280,88405,3.5,3.09
297,185,1.0,3.23
398,5291,2.5,3.99
126,110,4.0,4.02
330,223,4.5,3.98
292,68793,4.0,3.06
256,132046,4.0,2.41
381,919,4.0,3.9
233,134214,3.0,0.0
39,594,3.0,3.64
477,67087,3.5,3.84
182,4571,3.5,3.87
318,134796,5.0,0.0
68,4855,2.5,4.31
140,3105,4.0,4.07
64,588,4.0,4.18
599,4553,3.5,3.94
28,52328,2.5,4.03
425,1645,4.0,3.4
6,161,3.0,3.87
368,1047,3.0,3.28
191,283,4.0,3.51
414,2318,4.0,4.49
590,2398,5.0,3.98
307,7153,3.0,4.36
599,51709,3.0,4.58
73,75805,3.0,2.75
560,4993,4.0,4.3
307,1197,3.5,4.44
18,673,3.0,3.06
202,3834,3.0,0.0
414,4023,3.0,3.46
51,8533,5.0,3.68
263,5377,4.0,3.84
603,235,4.0,3.79
247,69844,5.0,3.94
166,3114,4.5,3.91
525,3948,2.0,3.69
408,4344,4.0,3.01
480,1693,4.5,3.66
480,6620,4.0,4.16
429,169,3.0,2.31
414,2433,2.0,3.17
381,6333,3.0,3.93
603,1258,3.0,4.35
422,3053,3.0,4.09
202,474,3.0,4.02
249,158238,4.5,4.39
525,81845,4.0,4.27
298,8529,0.5,3.47
166,47999,4.5,4.04
27,1022,4.0,3.6
318,3703,3.5,3.88
474,2010,3.5,4.06
414,6197,3.5,3.0
298,1193,4.0,4.3
534,98243,3.5,4.03
597,2186,5.0,4.08
453,2539,5.0,3.22
381,52287,3.0,3.77
339,48774,3.0,4.34
599,344,2.5,3.09
160,3704,4.0,3.51
305,134214,3.0,0.0
62,51662,4.5,3.83
27,1580,3.0,3.6
294,3130,2.0,3.0
495,7361,4.5,4.32
241,8973,4.5,3.63
249,5363,3.5,3.14
226,1236,4.0,4.59
570,3114,3.5,3.94
288,2526,2.0,0.0
314,673,3.0,2.97
177,7164,3.0,2.71
220,50,5.0,4.33
156,1282,3.5,3.68
62,159093,3.5,3.79
509,3615,3.0,3.23
366,6942,3.5,3.73
41,111,2.0,4.29
74,49772,4.0,4.81
298,4845,0.5,1.92
204,2959,5.0,4.31
274,79274,3.5,0.0
152,2959,5.0,4.3
448,2335,4.0,3.14
436,588,3.0,3.98
339,5810,3.0,3.57
557,165,5.0,3.67
610,260,5.0,4.39
597,434,2.0,3.23
62,72011,3.5,3.73
610,44195,3.5,4.0
140,434,3.0,3.23
380,63113,4.0,3.99
495,2762,4.5,4.0
448,64983,3.5,3.41
4,4260,2.0,0.0
62,48394,4.5,3.96
357,337,3.5,3.99
567,148881,5.0,0.0
346,253,3.0,3.55
223,1704,3.5,4.1
107,2,5.0,3.4
600,1617,3.0,4.22
217,2379,3.0,2.65
414,4147,4.0,0.0
288,2402,1.0,3.07
473,30810,4.5,3.52
68,1885,2.5,3.14
93,2396,4.0,3.82
599,5792,3.0,3.49
452,3578,4.0,4.14
332,1240,4.0,3.94
477,62155,4.0,3.13
594,8118,4.0,0.0
21,7701,2.5,0.0
341,435,3.0,2.4
387,3243,1.5,2.82
601,47,4.0,4.03
198,4979,1.0,3.79
380,53972,2.0,4.0
64,3752,3.0,3.19
70,1269,3.5,3.94
510,216,3.0,3.36
382,93139,1.5,0.0
424,48516,4.5,4.33
300,6711,5.0,4.17
373,110,4.0,4.05
567,3157,2.0,2.7
248,6539,4.0,3.85
182,3901,3.5,0.0
7,5991,4.5,3.69
448,99005,1.5,0.0
359,1580,2.0,3.57
517,55052,4.0,3.29
68,64839,4.0,3.8
187,44191,3.5,3.95
453,2028,4.0,4.24
541,453,2.0,3.02
58,435,3.0,2.44
603,2066,5.0,0.0
66,32,5.0,4.12
448,445,3.0,2.98
298,71518,1.0,3.61
232,4958,3.5,3.65
359,2,3.5,3.4
68,46972,3.0,3.89
571,2982,2.0,0.0
288,2081,3.0,3.57
307,589,2.5,4.19
63,91658,4.0,3.43
140,458,3.0,0.0
294,275,2.0,0.0
542,2858,4.5,4.09
560,68954,3.5,4.24
610,1245,5.0,4.45
201,1127,4.0,3.49
356,6333,3.0,3.83
63,4874,3.5,3.67
73,103249,4.0,2.82
479,346,4.0,3.62
177,2011,4.0,3.66
68,73023,3.5,4.72
10,7153,4.0,4.16
130,1,3.0,3.91
415,3148,4.0,3.73
514,1610,4.5,3.96
592,6,3.0,3.98
73,53996,4.0,3.44
140,4991,3.0,3.55
567,140174,3.0,3.93
232,6862,3.5,0.0
288,457,3.0,4.29
469,2948,3.0,3.83
422,780,4.0,3.47
318,2360,4.5,4.71
414,6315,2.5,0.0
567,106766,4.0,3.45
372,34,4.0,3.66
452,1259,5.0,4.0
599,3365,3.0,0.0
480,34405,4.0,4.04
352,2324,5.0,4.21
131,7361,3.5,4.25
368,1499,1.0,1.4
483,910,4.5,4.07
597,2521,4.0,0.0
390,63062,3.0,3.69
290,3250,3.0,3.4
239,5299,4.0,3.16
30,60069,5.0,4.11
599,209,2.5,0.0
555,3147,5.0,4.3
62,88140,4.0,3.83
420,8641,3.5,3.67
599,58425,3.5,0.0
606,778,4.0,4.36
494,1036,5.0,3.86
488,5380,4.5,3.86
599,3174,3.5,3.56
387,6713,4.0,3.89
133,539,3.0,3.48
560,48,2.5,3.26
288,32587,4.5,4.12
509,115617,4.5,4.14
523,120130,5.0,0.0
599,112852,3.5,4.59
328,457,2.5,4.11
414,37720,3.0,2.98
10,30749,3.5,4.0
551,1608,4.0,3.4
232,1291,3.5,4.33
543,2792,5.0,2.9
221,1269,4.5,4.09
514,1983,3.0,0.0
2,48516,4.0,4.29
141,2706,3.0,3.4
410,2797,3.0,3.76
454,1219,4.5,4.0
391,5475,4.0,3.8
125,1844,4.5,3.69
318,79091,3.5,4.15
91,515,1.0,3.61
274,2324,4.0,4.36
166,4011,4.5,4.25
105,2731,4.0,4.16
298,1387,3.0,4.15
19,2995,2.0,2.9
282,150,4.5,3.86
561,2115,4.5,3.81
583,2541,3.5,3.22
381,586,1.0,3.27
125,142222,4.0,3.61
387,6461,3.0,4.31
51,4267,4.5,3.27
69,4370,2.0,3.41
305,8917,1.5,4.04
52,7438,4.5,3.93
318,48774,4.0,4.49
47,1259,3.0,3.94
251,159817,5.0,4.19
448,79132,4.0,4.49
32,1086,4.0,4.0
19,256,1.0,3.08
483,34319,2.5,3.56
298,3471,2.5,3.98
438,423,3.0,2.79
610,8861,2.0,3.71
249,61132,4.0,3.92
534,43928,3.5,1.9
116,2617,2.0,3.12
599,471,2.5,3.87
495,6157,2.0,2.69
58,594,5.0,3.66
444,593,5.0,4.2
47,2144,3.0,3.71
182,110,3.5,4.27
5,150,3.0,3.83
292,127323,1.0,0.0
76,44195,4.5,4.04
474,1928,3.5,0.0
425,589,3.5,4.2
387,1597,1.0,3.29
57,3769,4.0,0.0
608,590,3.0,3.94
115,588,4.0,3.97
517,1597,1.5,3.16
606,98243,3.0,3.8
98,177765,5.0,3.45
226,34162,3.5,3.67
489,82242,3.5,0.0
177,4992,4.0,3.33
356,1500,5.0,3.74
462,1246,1.0,4.15
166,46976,4.5,3.64
132,5481,3.0,2.94
396,50,4.0,4.23
27,911,5.0,3.71
288,1234,3.5,4.28
354,593,4.0,4.33
483,2078,2.5,4.02
414,3978,3.0,3.44
555,2752,3.0,2.88
298,84152,3.0,4.04
390,27660,3.5,3.75
220,63540,2.0,2.4
298,2325,0.5,3.7
18,4995,4.5,4.34
89,128520,2.5,4.29
474,3849,4.0,0.0
328,48516,3.5,4.36
62,114662,4.0,3.94
217,3120,3.0,0.0
357,1381,2.5,2.14
381,72998,4.5,3.82
168,30749,4.0,4.04
551,91535,3.5,3.17
545,1909,4.0,3.4
272,2571,4.0,4.19
387,7362,3.0,3.07
129,6537,3.5,3.0
11,529,5.0,3.82
20,1333,3.5,3.73
249,1704,4.0,4.4
141,5618,4.5,4.08
582,97913,3.0,3.98
474,5380,3.0,4.26
352,3744,2.0,2.94
159,597,4.0,3.56
229,296,5.0,4.24
372,1601,2.0,0.0
310,6711,5.0,4.17
217,1876,3.0,3.11
526,39516,4.5,0.0
307,2985,2.5,3.57
89,78620,4.5,0.0
368,1320,3.0,3.24
217,2473,2.0,2.64
305,32587,5.0,4.16
380,39446,4.0,3.5
155,575,3.0,2.34
274,1968,4.0,3.88
68,207,4.0,3.42
381,53326,2.0,0.0
416,296,4.0,4.25
10,588,4.0,3.91
169,5995,4.5,3.94
603,2256,3.0,0.0
160,1288,4.0,4.08
164,2167,3.0,3.54
19,2088,3.0,2.63
83,3624,0.5,3.23
395,484,1.0,0.0
110,4973,5.0,4.29
599,121035,2.0,0.0
144,25,3.0,3.81
419,4093,1.5,0.0
18,924,4.0,3.98
564,1265,5.0,4.05
414,1088,3.0,3.99
538,8368,4.5,3.86
216,39,3.0,3.32
580,1036,4.0,3.97
260,7361,3.5,4.27
239,6942,3.5,3.78
68,1799,4.0,3.57
19,1920,3.0,3.28
586,1198,5.0,4.4
387,5617,4.0,4.12
584,440,5.0,3.64
464,5418,3.0,3.85
64,5254,3.0,3.41
256,4254,3.5,2.25
263,2424,4.0,3.24
599,529,3.0,4.0
438,7090,5.0,3.98
580,926,1.0,4.41
103,5444,4.0,3.98
600,1342,2.5,2.79
608,355,2.0,2.58
234,1920,2.0,3.23
514,457,4.0,4.13
505,3476,4.0,3.56
184,109848,1.5,0.0
131,1104,4.5,4.51
122,4343,4.0,3.1
77,6539,4.0,3.85
405,7254,4.0,3.57
380,1573,5.0,3.74
523,150548,5.0,3.57
226,255,2.0,3.68
4,2359,4.0,3.48
587,3402,4.0,0.0
274,546,2.0,2.21
484,4069,3.5,3.01
217,1373,4.0,2.45
599,143355,2.0,3.79
263,6539,4.0,3.91
590,3968,2.0,3.14
448,89343,3.0,0.0
84,1286,3.0,3.15
352,1894,3.0,2.92
414,44709,3.5,3.52
69,2628,4.0,3.21
448,1288,5.0,4.3
414,41285,3.0,3.9
352,91529,4.0,4.21
438,8866,3.5,3.1
113,4041,5.0,3.36
331,35836,3.0,3.65
448,108928,2.5,3.21
391,349,3.0,3.76
590,1974,2.0,3.09
610,5772,5.0,0.0
117,31,3.0,3.26
599,145724,0.5,0.0
537,6888,5.0,2.0
380,3551,4.0,3.88
68,2150,2.5,3.91
283,70,3.0,3.57
414,2003,4.0,3.6
200,2581,4.0,2.98
141,317,3.5,3.21
260,2692,4.5,3.99
274,59727,2.0,0.0
594,2906,5.0,2.03
561,5445,3.0,3.82
274,3146,3.5,2.65
380,70159,2.0,0.0
288,2085,3.0,3.42
42,2989,5.0,3.57
385,373,3.0,3.73
89,31685,1.5,3.28
448,81591,3.5,3.71
45,2082,3.0,2.89
426,318,3.5,4.52
414,608,5.0,4.71
480,2023,3.0,3.6
425,367,2.5,3.35
200,3911,3.5,3.75
153,8528,0.5,3.7
266,2395,3.0,3.53
117,828,3.0,2.3
323,109487,3.5,3.88
182,3735,4.0,4.19
387,1258,4.5,4.4
600,3256,2.5,3.82
554,1097,5.0,3.85
348,2959,5.0,4.29
480,1259,3.5,4.21
57,861,4.0,4.3
158,53000,4.0,3.75
244,1610,5.0,3.83
522,82459,4.5,4.04
356,7122,5.0,0.0
183,3755,4.0,3.05
474,4040,0.5,2.31
572,1641,4.0,3.74
464,590,5.0,3.84
414,673,2.0,3.4
288,2384,3.5,2.87
288,3948,3.5,3.69
249,57368,4.0,3.58
414,7367,4.5,2.83
590,8360,3.5,3.7
509,2761,4.0,4.19
480,802,3.0,3.43
390,6953,3.0,3.34
280,4039,4.0,3.04
355,3175,4.0,3.63
167,31685,3.5,3.21
271,32,4.0,3.98
122,2571,5.0,4.34
317,81788,3.0,4.08
534,64695,4.0,0.0
119,48516,4.0,4.39
453,1042,3.0,3.46
491,40815,5.0,3.83
286,6863,3.0,3.51
125,48385,4.5,3.31
453,1357,5.0,4.27
584,508,5.0,3.68
77,5989,2.0,4.01
425,45517,3.5,3.32
274,7387,4.5,4.21
599,1777,2.5,3.66
91,2160,4.5,4.23
368,2263,3.0,2.52
414,8948,3.0,0.0
318,235,3.5,3.72
274,7285,3.5,4.04
50,128360,2.5,3.82
603,523,3.0,0.0
480,1206,4.0,4.2
608,3825,3.5,2.91
318,8157,3.5,4.17
357,2716,4.0,3.87
288,2089,3.0,3.94
275,866,5.0,4.06
428,6754,4.0,3.52
522,778,4.0,4.18
198,58,5.0,4.0
307,594,2.5,3.69
198,316,5.0,3.36
226,569,3.0,0.0
356,6620,2.0,4.05
19,2502,2.0,4.21
288,3104,3.5,3.74
562,4442,4.5,1.65
130,317,3.0,3.15
83,1291,1.0,4.18
80,5418,5.0,3.91
414,2025,4.0,3.96
522,1302,3.5,3.74
608,2004,2.0,3.35
579,1569,5.0,3.48
550,102125,4.0,3.56
603,1454,4.0,3.7
393,5669,5.0,3.84
356,3897,5.0,3.95
217,208,3.0,3.04
380,4941,2.0,3.74
274,4161,3.0,3.73
356,58162,3.5,3.15
219,56156,2.5,3.4
599,2174,3.5,3.68
54,469,3.0,0.0
414,1863,2.0,2.16
45,4011,5.0,4.26
76,39446,4.5,3.23
514,104211,4.0,3.83
274,7293,4.0,3.69
317,64614,3.0,4.16
187,4034,3.0,4.04
129,5952,4.5,4.08
232,7155,0.5,3.86
428,7153,3.5,4.18
541,11,4.0,3.73
160,1372,2.0,3.38
603,4437,4.0,4.19
380,2375,3.0,3.19
438,3156,4.0,2.81
475,4701,4.0,3.31
19,921,3.0,3.53
489,1035,3.5,4.13
27,3555,4.0,3.44
431,1233,4.5,4.24
594,5527,4.5,3.17
279,2716,3.5,3.85
298,5952,4.0,4.19
597,2948,5.0,3.85
152,1234,4.0,4.05
604,742,4.0,2.88
603,2929,3.0,0.0
561,2,4.0,3.63
395,173,4.0,2.56
561,71264,2.5,3.82
184,70533,3.5,0.0
91,172,4.5,2.74
204,27075,3.0,0.0
18,55118,4.5,4.34
599,50005,2.0,2.83
477,2799,0.5,1.59
408,84601,4.0,3.32
160,1056,3.0,0.0
217,1867,2.0,0.0
266,440,2.0,3.63
19,3809,3.0,3.26
191,236,3.0,3.47
42,2028,5.0,4.24
585,4878,3.0,4.07
602,235,4.0,3.66
263,1704,5.0,4.16
164,2053,3.0,2.02
160,1909,1.0,3.51
269,783,4.0,3.36
474,6502,4.5,4.44
483,2000,3.5,3.93
246,59784,5.0,3.56
298,46976,2.0,3.73
42,1196,3.0,4.33
434,2791,3.5,4.0
42,3824,2.0,2.7
573,52458,3.5,3.04
42,4477,2.0,1.62
182,4959,3.5,0.0
601,68157,4.0,4.16
202,1199,4.0,4.23
489,8984,3.5,3.22
19,2710,2.0,2.87
387,2467,2.5,3.97
380,60818,4.0,0.0
605,6541,2.5,2.75
462,5617,3.5,3.98
307,30822,2.5,3.5
567,32031,2.5,3.16
303,1127,3.5,3.48
292,2011,4.0,3.58
391,2640,4.0,3.81
321,588,3.0,3.95
459,4022,4.0,3.73
137,7153,5.0,4.18
419,7458,4.5,3.32
404,224,3.0,3.65
504,5812,4.5,3.81
483,95720,3.0,2.9
28,48385,4.0,3.34
347,454,3.0,3.63
263,8368,4.0,3.88
414,436,2.0,3.17
232,41569,4.5,3.44
280,6539,3.5,3.92
5,531,4.0,3.19
387,1284,3.5,4.13
414,6810,2.5,0.0
391,2858,4.0,4.15
325,4291,3.0,2.75
606,6786,4.0,4.53
339,150,4.0,3.87
387,4587,2.0,2.44
603,3994,1.0,3.65
49,1200,4.5,3.94
522,66665,4.0,3.4
22,74789,0.5,2.96
136,329,2.0,3.44
300,109487,5.0,3.85
233,1580,3.0,3.6
194,163,3.0,3.55
292,4102,2.0,4.03
284,316,4.0,3.35
357,11,3.5,3.8
414,910,5.0,4.36
298,665,4.0,0.0
590,5679,3.0,3.41
414,7153,4.0,4.65
230,2115,3.0,3.65
226,5679,3.5,3.34
11,434,3.0,3.06
430,2987,4.0,3.61
365,90345,2.0,3.69
57,911,4.0,3.8
380,4270,4.0,3.27
131,1233,4.0,4.24
316,253,3.5,3.54
137,608,4.5,4.2
483,344,4.0,3.04
606,7487,4.0,0.0
552,2987,4.0,3.67
288,3,4.0,3.5
380,34162,3.0,3.84
220,364,4.5,4.06
113,1380,3.0,3.24
33,1056,4.0,0.0
177,3535,4.0,3.94
305,71535,5.0,3.95
292,1302,3.0,3.81
292,3977,2.0,2.84
111,157312,3.0,2.69
567,120799,1.5,2.76
365,159441,2.5,0.0
414,1617,5.0,4.5
163,1625,4.0,3.66
320,3534,4.0,3.08
68,3114,3.0,4.12
45,1753,4.0,3.38
590,3489,3.0,3.59
448,60487,3.0,0.0
480,36537,4.0,0.0
448,3257,1.0,3.19
288,1958,3.0,3.86
140,37733,3.5,3.77
579,2676,3.0,3.61
438,4084,4.0,2.98
288,2699,4.0,2.92
67,2959,4.5,4.28
590,1201,4.5,4.45
428,2770,3.5,2.88
156,1921,2.5,4.1
221,7162,3.5,3.24
288,8360,3.5,3.72
474,4025,2.0,3.34
603,3683,5.0,4.07
448,637,2.0,3.84
298,103228,3.5,4.08
553,43684,4.5,0.0
246,1243,5.0,4.08
182,4300,4.0,0.0
484,81847,5.0,3.98
300,81591,5.0,3.56
177,47,4.5,4.15
318,5882,2.5,3.59
412,1307,5.0,3.94
414,1250,5.0,4.34
199,2973,4.0,3.98
492,761,4.0,2.95
146,1882,0.5,2.02
414,166568,4.0,0.0
477,6373,4.0,3.39
355,2951,4.0,4.03
603,931,5.0,3.73
537,4954,5.0,3.69
567,53996,2.0,3.36
606,665,4.5,0.0
380,6365,4.0,3.75
274,7646,4.0,0.0
135,4085,4.0,3.43
129,4993,4.5,4.21
414,37382,3.0,3.25
182,7698,3.5,3.55
381,4896,4.0,3.91
534,91353,4.0,0.0
298,138036,2.0,3.95
249,1196,5.0,4.6
220,4499,4.0,4.21
111,8814,3.0,1.92
590,5952,5.0,4.22
474,7831,3.5,0.0
318,102445,3.5,4.04
169,6252,2.5,2.73
140,31685,3.0,3.24
367,357,2.0,3.6
232,59022,3.5,3.51
202,1218,5.0,3.79
441,260,5.0,4.27
249,83134,4.0,3.9
111,4700,3.0,3.57
288,2174,3.5,3.56
80,89470,4.0,3.67
45,1784,4.0,3.94
107,185,4.0,3.22
477,6350,4.5,4.29
326,2329,4.5,4.3
387,7022,3.0,4.03
600,410,3.5,3.3
603,952,4.0,3.66
198,2916,4.0,3.67
123,97923,4.0,3.68
489,2594,4.0,3.71
408,110669,3.5,0.0
603,2312,3.0,4.07
368,2112,4.0,3.08
599,42738,2.5,2.67
483,54259,5.0,3.78
103,19,3.5,2.98
100,1290,4.0,3.62
238,2361,4.0,2.57
555,2967,4.0,0.0
469,3504,4.0,4.01
91,1193,4.0,4.34
344,3160,3.0,3.68
405,27266,4.0,4.02
477,3105,4.0,4.02
307,919,5.0,3.93
353,225,3.0,3.61
590,457,4.0,4.26
342,785,3.0,3.5
391,111,5.0,4.32
305,160400,3.0,0.0
68,51884,3.0,0.0
186,2707,4.0,3.31
19,3219,2.0,3.38
561,95167,2.5,3.74
125,4973,0.5,4.35
567,91630,2.5,3.71
331,33615,2.5,3.5
580,2539,2.5,3.23
182,1500,2.0,3.82
207,1283,3.5,4.35
156,2000,3.0,3.79
62,88125,4.5,3.96
304,5060,4.0,4.02
182,94,4.0,4.19
42,2081,5.0,3.47
23,8012,4.0,0.0
373,593,5.0,4.21
414,1093,3.0,4.17
93,2,5.0,3.43
101,2858,4.0,4.05
21,90249,3.5,3.04
166,3468,4.5,4.37
528,296,4.0,4.25
274,2420,3.0,3.88
489,489,2.5,0.0
119,4148,3.5,2.83
380,1777,3.0,3.66
177,339,4.0,3.77
57,10,3.0,3.67
68,3948,4.0,3.9
57,2723,3.0,3.1
232,364,3.5,4.18
402,500,5.0,3.47
125,152091,4.0,0.0
96,2396,4.0,3.83
104,2080,3.5,3.57
89,3549,3.5,4.03
367,3755,4.0,3.06
414,5521,4.0,0.0
329,593,2.0,4.18
149,2012,2.0,3.45
465,2278,4.0,3.7
426,72641,5.0,3.72
141,2959,5.0,4.29
339,143385,4.0,3.46
217,1968,4.0,3.86
137,246,5.0,4.27
608,1777,2.5,3.63
561,37727,2.0,3.07
129,2916,4.0,3.65
448,7706,4.5,0.0
217,2056,3.0,0.0
448,2978,2.0,3.53
57,3835,2.0,2.45
263,3753,4.0,3.53
19,47,3.0,4.12
20,2018,4.0,3.32
561,1370,3.0,3.64
448,136778,2.0,0.0
551,45186,4.0,3.64
68,3556,3.0,4.15
342,2428,2.0,2.66
562,7294,3.5,0.0
589,231,4.0,3.05
370,5952,4.5,4.05
216,2858,5.0,4.12
509,71156,3.0,3.66
253,1225,5.0,4.19
91,3868,4.0,3.42
391,4011,4.0,4.26
246,8254,4.0,4.35
474,2064,4.0,4.04
483,180,4.0,3.8
288,1500,3.0,3.84
426,2,4.5,3.42
47,63082,4.0,3.95
555,3039,3.0,4.03
483,8632,0.5,0.0
333,3615,2.0,3.32
103,80572,4.0,0.0
495,4776,5.0,3.87
391,527,5.0,4.37
474,8880,4.0,3.5
599,491,3.0,3.66
469,47,4.0,4.16
249,6188,4.5,3.74
119,64614,4.5,4.15
599,2540,2.0,0.0
74,1263,5.0,3.99
415,3730,4.0,4.12
599,2398,3.5,3.93
380,5299,4.0,3.4
504,4022,4.0,3.76
474,2395,3.0,3.77
160,2699,3.0,2.97
23,6773,4.5,3.61
226,1887,2.5,0.0
140,2797,4.0,3.86
249,50798,1.0,1.45
177,527,4.5,4.51
19,1355,2.0,1.83
109,367,3.0,3.28
160,2471,1.0,2.65
318,64030,3.5,2.48
129,45186,4.0,3.65
562,1275,5.0,3.93
202,1784,4.0,3.95
360,1625,5.0,3.66
514,3052,3.0,3.77
274,585,2.0,2.98
605,943,3.0,4.1
139,37729,3.5,3.59
597,1617,5.0,4.14
562,2580,4.5,3.93
588,590,3.0,3.82
125,8368,3.0,3.89
562,87306,4.0,3.62
122,27773,4.0,4.22
370,36529,3.5,3.82
382,26764,0.5,0.0
249,3175,3.0,3.93
298,58047,2.5,3.54
480,4370,3.5,3.46
24,1265,4.5,4.02
50,7063,3.5,3.89
437,1120,4.0,3.65
144,7034,4.0,3.69
74,1084,5.0,4.15
599,132424,1.0,0.0
520,32,3.5,4.03
597,1188,4.0,3.81
265,509,3.0,3.61
341,111617,4.5,3.73
561,5989,3.0,4.22
337,95,5.0,2.99
358,2338,1.0,2.15
307,274,1.5,3.28
482,5401,2.0,1.75
438,51662,5.0,3.78
387,3507,4.0,4.3
43,300,3.0,3.42
410,3671,4.0,3.93
274,1222,4.0,4.48
167,1198,4.0,4.31
274,32017,3.0,2.84
600,1381,1.5,2.15
318,69644,4.0,2.62
602,434,3.0,3.13
599,56174,2.5,3.8
470,2,3.0,3.41
580,4239,4.0,4.0
528,1961,3.5,3.9
134,593,5.0,4.2
561,8783,3.0,3.18
57,537,3.0,3.31
84,1009,3.0,2.97
474,1650,4.0,0.0
134,47,4.0,3.99
260,4641,5.0,3.35
600,38886,4.5,3.41
91,410,3.0,3.29
448,2985,4.5,3.63
294,2161,3.0,3.74
489,3826,0.5,2.43
4,2351,4.0,4.31
137,2959,3.0,4.29
605,71160,3.0,0.0
466,79702,3.5,3.94
446,2,3.0,3.41
19,2918,5.0,4.02
602,170,3.0,3.29
62,32587,4.5,4.11
345,1244,4.0,4.02
317,5299,3.0,3.1
490,306,4.5,4.16
168,1086,5.0,4.02
489,1499,0.5,1.44
594,2002,5.0,2.93
249,96861,3.5,3.67
480,5025,3.0,2.67
495,3826,3.5,2.34
249,63131,4.0,4.08
170,364,3.0,3.96
437,590,5.0,3.83
567,8477,5.0,0.0
339,74685,5.0,2.82
414,8362,2.5,0.0
599,4995,2.5,4.5
372,1464,2.0,3.48
64,8783,3.5,3.17
304,1057,2.0,3.65
221,953,5.0,4.29
91,1387,5.0,4.2
13,3897,4.0,3.84
448,1833,2.0,3.48
600,2010,4.0,3.99
414,2456,2.0,3.06
594,552,5.0,3.42
102,457,4.0,4.04
606,461,4.0,2.15
287,441,4.5,3.94
91,3176,4.0,3.49
211,2949,3.5,3.61
567,111360,1.0,2.93
361,70,2.0,3.6
514,1975,2.0,2.64
566,224,4.0,3.67
422,1213,5.0,4.3
211,91500,4.0,3.5
538,80549,4.5,3.8
610,109374,4.5,4.31
332,3037,4.0,4.01
582,79091,5.0,3.76
436,432,3.0,2.56
195,233,3.0,3.76
267,3578,5.0,4.04
466,81845,4.0,4.18
222,34162,4.0,3.62
140,4369,3.0,3.26
200,60072,5.0,3.16
356,1220,5.0,3.87
543,60069,5.0,4.1
610,79695,3.0,3.35
167,733,3.5,3.72
563,81591,4.0,3.55
365,107997,1.5,0.0
249,1513,2.5,3.25
448,129428,2.5,0.0
199,50,4.0,4.31
29,1224,4.0,4.25
606,8622,4.0,3.96
599,953,3.5,4.47
484,2858,4.5,4.08
504,345,4.0,3.66
517,82169,4.5,3.97
448,6315,2.0,0.0
380,8947,3.0,2.32
590,361,2.5,3.17
533,1258,4.5,4.11
571,2327,2.0,0.0
356,158,3.0,2.97
221,4642,4.5,4.04
597,2457,4.0,3.82
217,1918,1.0,2.79
572,1173,1.0,3.37
438,7361,4.0,4.37
541,415,3.0,2.51
132,27731,3.0,4.03
442,2145,2.0,3.15
286,7361,5.0,4.25
232,49284,3.0,0.0
419,86668,5.0,0.0
278,3210,4.0,3.49
489,1619,3.0,3.45
313,610,5.0,3.56
328,150,3.0,3.86
307,55820,4.5,4.07
514,1449,4.0,3.82
232,6887,4.0,4.31
562,1061,3.5,3.58
86,33679,5.0,3.37
311,5992,4.5,3.77
182,1295,5.0,2.52
177,1059,3.0,3.95
489,5878,4.5,3.96
66,762,2.5,2.53
74,34437,3.5,3.43
169,34,4.0,3.67
1,2193,4.0,3.47
109,457,4.0,4.04
318,120761,3.5,0.0
603,1514,3.0,0.0
594,595,5.0,3.9
599,26854,2.5,0.0
448,136305,1.0,0.0
307,543,3.0,3.47
20,2116,2.5,3.21
493,4444,5.0,0.0
45,53993,4.5,2.81
184,165635,1.0,0.0
104,8866,3.5,2.74
414,8874,4.0,4.8
282,6287,3.5,3.1
292,3468,3.0,4.39
291,8368,5.0,3.92
57,1283,5.0,4.35
599,613,2.5,3.35
414,2262,3.0,3.31
603,2725,2.0,0.0
393,3793,5.0,3.69
56,292,4.0,3.4
368,168,2.0,3.11
448,1953,5.0,4.11
143,69757,5.0,3.55
19,3040,3.0,3.11
414,5075,5.0,0.0
182,6947,3.5,3.68
563,7375,3.0,3.11
135,1449,4.0,3.82
547,1211,5.0,3.83
288,608,4.0,4.34
76,2502,4.0,4.17
292,86833,3.0,4.1
268,1208,5.0,4.22
105,6373,4.0,3.43
6,170,3.0,3.33
312,2160,5.0,4.17
19,48,1.0,3.44
93,110,5.0,4.06
555,3918,3.0,3.21
298,778,3.5,4.29
483,8636,3.5,3.95
517,1552,1.5,3.17
282,45517,4.5,3.32
4,1057,3.0,3.66
6,258,3.0,2.2
472,1693,4.0,3.42
489,1219,3.5,4.12
599,160,2.5,2.94
42,527,4.0,4.28
21,96079,4.0,3.83
285,1945,4.0,4.04
586,4886,5.0,3.99
380,102684,4.0,0.0
202,1259,5.0,4.08
313,2643,2.0,1.81
190,30749,4.0,4.01
195,527,4.0,4.29
605,3991,3.0,2.54
606,1411,4.0,4.1
469,3147,5.0,4.26
82,420,3.5,2.91
608,5313,3.0,2.27
198,2360,3.0,4.79
588,318,5.0,4.51
177,99114,3.5,4.33
141,500,3.0,3.46
446,153,1.0,2.94
241,2997,3.5,4.01
495,79132,5.0,4.31
610,2517,4.0,2.8
610,1270,5.0,4.19
249,48304,3.5,3.81
566,468,3.0,3.39
275,3481,4.0,3.73
177,1393,3.0,3.75
448,86548,3.5,0.0
274,8507,3.0,3.13
217,2413,3.0,3.5
111,57951,3.5,0.0
458,380,3.0,3.6
414,1347,3.0,3.12
368,1092,3.0,3.44
68,95218,3.5,0.0
27,3168,2.0,3.85
50,6377,3.0,4.05
480,2318,1.5,4.44
103,2571,4.0,4.36
602,500,4.0,3.46
414,1233,5.0,4.83
211,73017,4.0,3.91
325,2991,3.0,3.85
66,3072,4.0,3.55
358,69844,3.5,3.87
305,112897,4.0,0.0
21,5952,2.0,4.14
219,4901,4.0,3.57
219,736,3.0,3.52
87,1584,4.0,3.53
66,2146,4.5,3.29
460,6385,4.5,4.14
290,3559,4.0,0.0
276,333,5.0,3.72
489,1073,3.5,4.08
275,1580,3.0,3.58
161,4270,4.0,2.94
606,5499,3.5,0.0
414,188,4.0,4.32
202,2985,3.0,3.51
411,372,3.0,2.69
135,3812,4.0,3.38
177,4359,3.0,3.55
380,52694,4.0,2.93
387,7939,4.5,0.0
62,3000,4.0,4.2
474,2539,3.0,3.62
599,419,0.5,3.26
382,165101,3.5,3.07
357,2762,5.0,4.06
274,79702,3.0,4.22
600,35836,1.5,3.73
167,1120,3.0,3.65
451,802,3.0,3.3
586,106489,5.0,3.45
238,4852,3.0,0.0
469,593,4.0,4.35
274,48877,3.0,2.74
288,1389,1.0,1.65
346,7748,4.0,3.81
432,1200,4.0,4.03
249,56156,3.5,3.49
610,3997,1.0,2.32
394,595,2.0,3.82
182,162,3.5,4.1
298,223,4.0,4.02
477,5103,3.5,3.62
312,253,4.0,3.57
469,2890,3.0,3.82
474,37736,3.5,0.0
331,91658,5.0,3.45
204,64969,3.5,3.83
495,111364,3.5,2.37
220,1517,3.5,3.63
38,282,3.0,3.43
57,3774,1.0,0.7
82,1608,3.5,3.49
599,2987,3.5,3.96
210,56171,3.5,3.05
608,8807,4.0,3.76
465,1272,5.0,4.26
318,3307,3.0,4.04
28,1641,2.5,3.77
514,1998,1.5,1.4
552,4007,3.0,3.99
249,4246,3.5,3.78
127,5060,5.0,4.0
132,47,4.0,4.04
68,3100,3.5,4.08
249,39446,3.0,3.33
509,551,4.0,3.59
489,1270,3.5,4.12
411,223,4.0,3.94
368,1968,3.0,3.83
414,1014,3.0,0.97
183,1970,3.0,2.91
45,4718,5.0,3.09
605,3004,4.0,2.7
448,5621,2.5,1.58
414,2501,4.0,4.35
288,2194,3.0,4.16
66,6238,3.0,2.45
375,1438,2.0,2.72
480,4639,1.5,2.77
84,1104,4.0,4.59
140,1616,3.0,3.35
169,4369,3.0,3.23
536,350,3.0,3.37
367,4306,5.0,3.93
155,1917,4.0,2.93
567,103141,2.5,3.98
610,7147,4.0,4.3
226,6006,3.0,2.59
89,96110,2.5,3.66
563,106100,3.5,3.85
600,2026,2.0,0.0
564,118924,3.0,0.0
453,2959,5.0,4.29
414,3004,1.0,2.86
606,1998,1.5,1.52
33,302,3.0,3.27
480,1080,4.5,4.12
606,46,4.0,3.81
380,5784,3.0,2.69
19,611,2.0,2.45
599,1210,5.0,4.51
199,1296,4.0,4.31
312,1973,3.0,0.0
332,87232,3.5,3.89
448,93363,2.0,3.81
414,7104,3.5,2.46
217,164,3.0,3.64
424,3911,3.5,3.71
10,113394,4.0,0.0
307,33171,0.5,0.0
249,160718,4.5,0.0
602,282,2.0,3.44
117,6,3.0,3.98
608,40278,4.5,3.6
80,96917,4.0,0.0
446,594,4.0,3.64
307,2348,3.5,3.53
568,1257,4.0,3.65
534,1036,4.5,3.94
607,296,3.0,4.25
416,318,3.0,4.5
19,2144,3.0,3.76
80,2571,4.5,4.24
105,106920,5.0,4.22
382,858,5.0,4.39
177,5066,4.5,3.5
489,5989,3.5,4.22
182,4951,2.5,3.77
462,3182,4.5,3.78
21,91500,3.5,3.51
444,431,4.0,3.8
177,77846,5.0,0.0
387,1350,4.0,3.94
45,2231,5.0,3.86
514,3362,4.0,3.96
365,5378,2.5,3.37
141,5218,3.0,3.8
288,5945,4.0,3.68
204,47,5.0,4.0
534,112580,4.0,0.0
204,6807,4.0,3.99
542,5679,4.0,3.31
317,4011,4.0,4.24
252,122922,4.0,3.7
143,97921,3.0,3.88
554,2078,4.0,3.87
599,65,2.0,3.03
377,680,5.0,4.2
332,1732,4.0,3.98
414,1687,2.0,4.12
426,1441,5.0,3.27
43,410,4.0,3.19
89,49274,5.0,2.41
306,104211,4.0,3.83
200,2683,4.0,3.26
606,427,3.5,2.01
288,2110,3.0,3.5
124,1784,4.0,3.82
415,1193,5.0,4.22
318,58295,3.0,3.57
274,5874,2.0,2.48
440,3363,4.5,3.9
525,116797,4.0,4.29
402,112,4.0,3.57
608,1517,3.0,3.78
544,1059,5.0,3.67
590,49278,3.0,3.41
608,7438,4.0,4.05
307,3264,2.5,2.58
339,527,5.0,4.35
206,14,4.0,3.81
294,2296,1.0,2.14
18,1391,3.0,3.21
103,2791,3.5,4.0
481,1605,2.0,0.0
482,1042,4.0,3.33
140,2058,3.5,3.6
140,3798,3.0,3.37
603,2570,3.0,3.37
64,4816,3.5,3.52
185,364,4.0,3.96
357,4878,5.0,4.13
169,852,4.5,3.23
191,215,4.0,3.94
517,593,3.0,4.28
448,3802,2.0,0.0
263,2108,3.0,3.51
56,370,3.0,3.14
579,597,5.0,3.54
446,593,5.0,4.22
414,3471,4.0,4.31
567,6669,3.5,3.25
249,50442,3.5,3.2
365,8874,4.0,4.13
298,1220,3.5,3.94
21,5349,3.0,3.66
232,596,2.5,3.38
599,2002,2.0,3.0
599,3317,3.0,3.79
50,44719,2.5,0.0
176,150,4.0,3.83
544,14,3.0,3.81
28,55274,2.5,0.0
525,46972,3.5,3.55
274,3617,3.5,3.25
305,26249,5.0,0.0
89,71264,4.0,3.78
47,30749,3.0,4.02
132,89,2.5,3.35
600,4621,2.0,2.78
478,337,2.5,3.86
232,4896,3.5,4.0
246,4144,5.0,4.18
474,1029,3.0,3.74
599,4544,3.0,2.9
610,26413,3.5,0.0
330,353,4.0,3.55
482,3130,1.0,3.04
105,112421,4.5,0.0
531,10,4.0,3.46
6,991,4.0,3.26
264,1320,2.5,3.15
4,1219,4.0,4.04
204,296,4.5,4.26
601,48780,4.5,4.26
142,50,5.0,4.23
292,106487,4.5,3.64
21,2724,3.0,2.81
205,8368,4.0,3.87
603,1104,5.0,4.66
313,1073,3.0,4.06
573,53000,4.5,3.79
448,4268,2.0,0.0
105,6433,5.0,2.5
288,2375,2.0,3.11
474,2329,4.0,4.56
144,648,3.5,3.64
560,57669,4.5,4.25
191,300,4.0,3.43
337,145,4.0,3.38
84,953,3.0,4.28
186,2094,4.0,3.33
610,136602,4.0,0.0
480,316,4.0,3.51
335,296,5.0,4.24
305,1276,3.5,4.38
599,7757,2.5,3.51
372,1356,4.0,3.97
559,533,3.0,3.17
103,8376,5.0,3.16
306,87869,4.0,3.33
610,72142,5.0,0.0
357,2020,4.0,4.12
144,527,3.5,4.29
199,3948,2.0,3.58
219,41569,3.5,3.37
600,8644,0.5,3.65
59,541,5.0,4.1
610,110286,3.5,0.0
18,1729,4.0,3.82
35,236,4.0,3.46
464,74580,2.0,0.0
474,4448,4.0,3.53
590,520,3.0,3.2
597,1284,4.0,3.97
202,1291,4.0,4.24
79,1916,3.0,3.53
9,6044,2.0,0.0
6,274,4.0,3.18
233,3751,3.0,3.55
560,94959,3.5,4.3
606,27821,2.5,3.29
104,586,3.0,3.13
51,3624,2.5,3.32
290,2549,2.0,3.17
68,46976,4.0,3.86
203,70286,4.0,3.8
219,2268,4.0,3.97
249,4239,4.0,4.23
313,1265,4.0,4.13
522,1732,4.5,3.93
199,266,2.0,3.33
228,2722,4.0,2.66
42,19,2.0,2.91
288,1125,4.0,3.8
271,1200,4.0,3.94
239,7254,3.5,3.66
554,1196,5.0,4.21
21,117851,3.0,0.0
320,4387,4.0,3.71
139,3825,1.0,2.7
448,151559,2.0,0.0
542,594,4.0,3.62
465,3723,5.0,3.74
309,1269,3.5,3.97
168,1213,5.0,4.34
51,965,5.0,4.15
525,3114,4.0,4.02
177,924,1.5,3.98
182,2153,1.5,2.85
376,48516,4.5,4.32
573,1721,1.5,3.5
610,4896,4.0,3.99
586,122904,4.0,4.12
603,3169,3.0,3.57
294,2799,1.0,1.61
369,30793,4.0,2.92
566,32,4.0,3.99
105,40815,3.0,3.88
282,1,4.5,4.04
509,95193,2.0,0.0
462,50068,3.5,3.84
271,43936,2.5,2.94
546,3957,3.0,2.5
274,7236,4.0,0.0
9,922,4.0,4.38
367,2716,5.0,3.84
448,34048,3.0,3.47
186,1580,4.0,3.64
361,7458,4.0,3.35
78,68791,2.0,3.54
184,175585,3.5,0.0
448,1405,4.0,2.66
560,27266,4.0,3.98
89,58047,2.5,3.48
298,6874,4.0,3.95
182,3578,3.5,4.29
318,127172,3.5,0.0
223,55820,3.0,3.93
73,68954,4.0,4.16
474,1951,4.0,3.93
61,5952,4.5,4.02
63,1968,4.0,3.83
203,2987,3.5,3.61
105,4023,3.0,3.13
376,292,4.5,3.43
357,2657,3.0,3.46
18,47200,3.0,3.64
260,296,4.5,4.28
606,2822,4.0,2.87
68,80463,3.5,4.16
523,1704,5.0,4.1
263,4992,4.0,3.03
610,51927,3.5,0.0
606,3668,3.5,4.02
520,2006,3.5,3.17
294,356,5.0,4.29
221,1089,4.5,4.37
580,4103,4.0,4.02
518,1275,4.0,3.82
567,159093,1.0,3.8
182,2117,4.0,3.97
256,5445,4.0,3.75
411,589,3.0,4.04
307,39446,1.5,3.33
111,136598,4.0,3.49
294,2961,3.0,2.29
383,2496,4.0,2.98
89,946,0.5,3.49
580,1617,4.0,4.17
448,4499,4.0,4.32
119,4306,4.0,3.99
232,68952,3.5,4.15
465,1343,4.0,3.74
562,2393,3.0,2.88
573,6586,4.0,3.27
393,66934,5.0,3.98
414,53468,2.5,3.92
599,180297,3.0,0.0
232,6040,2.0,2.35
298,51084,0.5,3.51
414,3104,5.0,4.04
268,2247,3.0,3.48
599,1185,3.0,4.29
294,2243,2.0,3.62
288,4027,5.0,3.95
603,4422,4.0,0.0
483,5218,3.5,3.99
604,104,3.0,3.48
19,2416,3.0,2.93
275,5464,2.0,3.74
436,145,3.0,3.36
474,3394,1.5,2.66
305,112788,3.5,2.76
373,288,3.0,3.29
113,1733,4.0,4.51
64,788,3.5,2.97
41,924,2.0,3.93
560,36519,3.5,3.17
604,253,5.0,3.55
135,380,3.0,3.7
387,5363,1.0,2.89
605,54686,3.0,0.0
590,4226,3.5,4.24
285,6787,4.0,3.99
414,3745,4.0,3.62
223,6711,3.5,4.17
520,1281,4.5,4.04
21,3633,4.5,3.41
82,1556,1.5,1.81
177,6957,0.5,3.71
51,3481,5.0,3.69
226,7448,2.5,0.0
381,208,1.5,3.04
314,203,3.0,3.66
414,5390,3.0,0.0
13,1619,3.0,3.38
215,2858,4.0,4.08
91,1396,4.0,3.45
542,45447,3.5,3.19
560,593,4.0,4.38
414,5785,4.0,3.97
79,3142,4.0,2.98
139,8360,2.0,3.55
414,216,3.0,3.77
599,26365,2.5,0.0
488,898,4.5,4.38
57,553,4.0,4.03
474,4738,3.5,0.0
235,150,5.0,3.84
495,104211,4.5,3.93
182,4034,3.5,4.26
68,59421,3.5,3.25
39,1270,4.0,4.04
474,3512,4.5,3.89
223,344,1.0,3.01
63,4014,2.5,3.66
21,52730,0.5,0.0
202,2819,4.0,3.63
94,586,3.0,3.02
373,160,1.0,2.91
219,37830,4.0,3.53
274,73929,3.5,2.81
143,31433,4.0,2.64
599,2353,2.5,3.77
280,1213,5.0,4.33
563,7142,3.0,3.0
288,318,5.0,4.64
387,999,3.0,3.02
290,1949,5.0,4.49
608,312,0.5,1.59
61,2012,2.0,3.47
567,177765,1.5,3.47
610,65514,4.0,4.68
282,6708,4.0,3.79
609,589,3.0,4.01
480,5323,0.5,0.83
608,2278,3.0,3.87
318,4878,3.0,4.27
466,41566,4.0,3.53
125,142456,4.5,0.0
159,81932,2.0,4.02
10,7151,3.0,3.47
121,356,4.0,4.2
101,2490,2.0,3.32
581,2959,4.5,4.29
177,55052,3.5,3.59
156,1,4.0,4.06
465,1179,4.0,3.69
438,2011,4.0,3.62
387,2951,3.5,4.26
105,912,4.0,4.45
448,84696,4.0,0.0
517,47,2.0,4.02
500,3751,4.0,3.52
412,1199,4.0,4.19
100,6873,4.0,3.22
169,1367,3.0,3.13
288,2105,3.0,3.46
606,5742,4.0,0.0
599,7346,2.0,3.39
373,733,3.0,3.7
182,4161,3.0,3.67
274,733,3.0,4.0
534,588,4.5,4.12
297,164,2.0,3.46
474,7414,2.5,0.0
365,1197,1.5,4.36
560,2115,4.0,3.71
263,262,4.0,3.93
381,1537,3.5,3.76
226,2279,2.0,2.51
509,106918,3.0,4.23
462,6380,5.0,3.68
414,2640,3.0,4.1
527,2872,5.0,3.73
91,3275,4.5,4.29
307,3247,1.0,3.16
414,5636,2.0,0.0
40,223,5.0,3.94
298,2060,3.0,3.05
600,1274,3.5,3.65
500,3175,4.0,3.67
274,1997,4.0,4.26
202,11,4.0,3.79
183,2949,3.0,3.61
292,64957,3.5,3.96
387,2632,4.0,0.0
438,737,2.0,2.56
452,4002,5.0,3.92
260,1449,3.5,3.75
436,454,3.0,3.66
448,4678,3.5,3.7
260,8011,4.0,0.0
265,3260,4.0,4.13
199,2028,4.0,4.2
68,1894,4.0,3.21
74,2997,4.0,4.07
132,2012,3.0,3.54
339,166946,4.5,0.0
438,3635,4.0,3.3
412,951,5.0,4.57
438,5445,2.0,3.85
68,3809,3.5,3.29
599,1228,3.5,4.36
477,904,3.5,4.41
63,1203,4.0,4.25
78,370,4.0,3.15
448,115170,2.5,0.0
434,8873,4.5,3.87
302,608,5.0,4.14
357,1994,3.5,3.5
219,60069,4.5,4.22
517,91658,0.5,3.41
580,5630,4.0,3.63
610,61132,4.5,4.02
489,2692,4.0,4.05
380,1347,5.0,3.14
482,8977,1.0,2.16
552,923,4.5,4.03
372,1584,4.0,3.6
302,293,3.0,4.06
307,8636,3.5,3.95
543,72998,5.0,3.67
274,54732,2.0,0.0
290,3424,4.0,4.15
89,1234,0.5,4.07
477,2416,3.5,2.97
477,1036,4.5,4.0
266,17,1.0,3.72
381,43376,4.5,4.68
474,515,5.0,3.62
298,3623,3.0,2.75
527,912,4.0,4.34
331,45517,2.5,3.34
474,6454,3.5,0.0
217,2874,3.0,0.0
414,524,5.0,4.04
600,613,1.0,3.51
414,33166,4.0,4.69
448,7036,2.5,2.84
534,3633,2.5,3.35
290,3217,4.0,3.18
21,480,4.0,3.9
331,56757,3.0,3.88
448,111362,3.0,4.31
555,1373,3.0,2.41
76,480,2.0,3.76
96,434,4.0,3.02
555,2846,5.0,3.93
559,317,3.0,3.25
465,1783,4.0,2.42
580,2745,4.0,3.63
203,4993,5.0,4.17
489,588,3.5,4.17
239,6807,4.0,4.04
480,6934,2.0,3.34
597,2359,4.0,3.47
1,2987,5.0,3.71
420,6870,4.0,3.81
490,4993,3.5,4.17
376,60069,4.5,4.12
387,2901,2.5,3.43
217,1445,1.0,2.32
305,96811,3.5,5.02
331,6157,1.0,2.66
414,96488,4.5,4.52
271,2140,3.5,3.54
448,103339,1.0,2.92
298,3037,3.5,3.96
590,7147,3.0,4.03
603,2716,3.0,3.9
64,5266,4.0,3.23
135,161,5.0,3.8
364,95,5.0,2.93
25,260,5.0,4.26
533,2455,3.0,3.44
100,2291,4.0,3.7
42,1027,4.0,3.04
393,4226,5.0,4.15
480,42013,1.5,3.18
89,76301,4.5,0.0
409,934,2.0,3.7
432,7438,2.5,3.96
140,2020,3.0,4.22
511,109487,4.5,3.88
489,2762,3.0,4.06
18,91500,4.0,3.45
345,1690,4.0,2.96
474,3334,3.0,4.14
307,724,1.5,3.12
22,6539,2.5,3.85
414,56379,3.5,0.0
28,4211,2.0,0.0
567,111781,2.5,3.66
483,1625,4.0,3.93
132,4741,3.0,3.85
335,2699,2.5,2.99
438,3996,5.0,3.94
249,107406,4.5,3.56
448,68793,3.0,3.38
309,1104,3.0,4.51
479,2542,4.0,4.06
19,2571,4.0,4.29
215,55814,5.0,3.86
89,3991,4.5,2.52
599,2171,2.5,3.42
365,3578,1.5,4.09
514,1320,1.5,3.18
483,223,3.5,4.02
290,2915,4.0,3.55
346,2396,3.0,3.84
428,1148,3.0,3.95
298,109673,0.5,3.76
572,1265,1.0,4.06
129,33166,5.0,4.03
509,4973,4.0,4.4
474,8191,4.0,0.0
560,5952,4.0,4.15
445,4022,2.0,3.76
140,5947,3.0,0.0
21,103883,3.5,0.0
380,442,5.0,3.41
42,4280,4.0,3.49
140,3185,3.0,3.54
554,2567,4.0,2.97
159,7361,0.5,4.25
202,1210,3.0,4.33
489,3697,3.5,2.88
160,93,1.0,3.18
477,2116,4.0,3.25
274,1015,3.5,3.4
579,595,5.0,3.83
21,109487,3.0,4.14
603,3006,4.0,3.86
610,31086,3.5,0.0
429,161,5.0,3.75
597,356,5.0,4.33
357,26471,5.0,4.7
42,1918,2.0,2.8
201,1213,4.0,4.32
474,45635,3.0,0.0
28,1480,3.0,3.42
448,78116,3.5,0.0
275,3793,2.0,3.67
129,8132,4.5,4.64
474,42418,4.0,2.55
606,2432,3.5,0.0
274,52458,2.5,3.2
307,3051,1.5,0.0
313,968,5.0,3.64
247,54997,3.0,4.0
555,1641,5.0,3.78
600,25923,3.5,0.0
62,135143,4.0,3.81
414,2259,2.0,4.19
64,5064,3.5,3.92
582,60069,4.0,4.12
42,1060,5.0,3.67
470,761,3.0,2.89
425,141,4.0,3.56
187,4011,1.5,4.24
480,5379,4.0,0.0
57,849,2.0,2.91
479,2306,3.0,2.8
307,829,2.0,2.63
215,527,4.5,4.27
410,111,3.0,4.25
477,60756,4.0,3.59
20,6365,4.0,3.37
453,104,4.0,3.58
232,4718,3.5,3.22
42,1042,2.0,3.53
66,2805,3.0,2.97
28,161,3.0,3.77
275,5603,5.0,0.0
387,30810,3.5,3.66
483,1136,4.5,4.47
395,160,4.0,2.92
139,34319,1.5,3.47
474,1641,3.5,3.84
474,2554,3.5,0.0
605,1339,3.0,3.4
268,165,2.0,3.7
288,1136,5.0,4.51
594,329,4.0,3.47
293,1097,2.0,3.81
413,4262,5.0,3.88
531,5349,5.0,3.46
434,3000,5.0,4.12
197,1213,3.0,4.29
249,56367,4.0,4.06
419,74750,4.5,0.0
140,6753,3.5,3.41
448,6659,2.5,3.86
323,497,4.0,3.82
475,1374,4.5,3.72
233,180031,3.5,3.68
19,216,2.0,3.49
476,261,5.0,3.83
462,1233,4.0,4.36
551,3948,3.0,3.57
91,1270,3.5,4.17
610,115122,4.5,0.0
415,99114,4.5,3.96
118,2329,3.0,4.24
381,27660,3.5,3.86
534,4369,4.5,3.4
290,593,4.0,4.29
182,4849,4.0,0.0
391,750,5.0,4.39
483,2791,4.0,4.13
408,46976,4.0,3.62
432,27708,4.0,0.0
274,36525,2.0,3.17
610,4881,3.5,4.27
387,546,3.0,2.11
379,296,2.0,4.23
411,161,4.0,3.78
346,5147,4.5,3.48
414,27879,4.0,4.54
33,322,2.0,3.87
509,5481,3.5,2.96
104,616,3.0,3.43
571,2120,2.0,0.0
522,58559,5.0,4.3
219,3328,3.5,4.17
94,380,3.0,3.61
64,231,4.5,3.25
21,2716,3.5,3.86
448,8874,4.0,4.46
474,8617,3.0,0.0
607,2907,3.0,4.03
305,1466,3.5,4.13
68,875,3.5,0.0
18,457,3.5,4.16
18,80219,3.5,3.41
599,8827,3.0,4.28
202,3246,4.0,4.35
438,32017,3.0,2.75
57,1288,5.0,4.09
505,1215,4.0,3.97
11,780,4.0,3.53
546,2531,2.0,3.21
549,2571,5.0,4.2
111,1032,3.5,3.3
6,174,3.0,2.75
541,15,3.0,2.89
288,60126,3.5,3.65
382,1196,5.0,4.32
469,2455,3.0,3.57
476,2,4.0,3.4
606,1784,4.0,4.04
585,1405,4.0,2.63
608,6003,4.5,3.65
111,106918,4.0,4.38
292,2990,4.0,3.45
489,903,3.5,4.1
448,2530,2.0,2.67
430,4027,5.0,3.76
369,7361,4.0,4.26
479,2908,4.0,3.51
438,6754,3.0,3.68
210,123553,1.0,0.0
80,3275,5.0,4.2
357,4354,2.5,0.0
105,1206,5.0,4.25
426,4995,4.5,4.07
221,2599,5.0,3.65
160,4148,2.0,2.82
480,8907,3.0,2.37
39,3911,5.0,3.69
484,6868,4.0,3.24
599,4936,2.0,3.64
153,72998,1.0,3.67
448,149354,2.0,2.85
166,50,5.0,4.34
196,104,3.5,3.48
380,4016,4.0,3.94
68,1912,3.0,4.09
177,1175,3.0,4.27
391,4128,3.0,3.78
414,780,4.0,4.03
254,1617,4.5,4.1
474,2087,3.0,3.62
339,1674,4.0,3.6
599,123310,2.0,0.0
367,3157,5.0,2.67
480,8949,2.5,3.8
4,417,2.0,3.7
288,8528,4.0,3.91
140,3062,4.0,4.12
427,151,3.0,3.55
438,7263,3.5,3.49
462,852,0.5,3.17
597,490,3.0,3.17
105,130970,5.0,0.0
230,1527,5.0,3.71
318,364,4.5,4.16
307,2315,0.5,2.99
95,1529,4.0,0.0
397,123,5.0,3.74
603,2877,3.0,0.0
254,1037,3.5,2.61
105,5785,3.5,3.71
459,8368,4.5,3.86
610,99007,3.0,3.66
357,7444,4.5,3.24
474,6810,3.5,0.0
462,162,4.0,4.11
414,3267,4.0,4.07
164,4023,3.0,3.05
269,784,3.0,2.97
160,1979,3.0,4.07
89,2599,3.0,3.69
562,1500,4.0,3.71
153,4973,5.0,4.34
448,113378,2.0,2.45
373,44,1.0,2.48
105,1221,4.5,4.38
45,3408,4.0,3.66
367,2797,5.0,3.81
601,70286,4.5,3.87
102,553,4.0,3.88
364,1356,4.0,3.93
313,2003,4.0,3.38
201,46,1.0,3.61
169,1197,4.0,4.33
489,5378,0.5,3.45
452,1374,5.0,3.77
89,47736,5.0,0.0
480,4638,2.0,3.15
122,61323,5.0,3.64
517,3948,2.0,3.56
522,5952,2.5,4.07
474,8336,3.5,0.0
462,750,4.5,4.39
387,27592,3.0,4.16
305,1200,3.5,4.19
367,4639,2.0,2.58
219,1500,2.5,3.73
71,648,4.0,3.58
28,2427,3.5,3.16
503,1207,4.0,4.17
563,117529,3.5,3.42
448,2231,4.0,3.9
263,2770,2.0,2.88
590,1252,3.0,4.42
212,183897,5.0,4.06
68,34048,2.0,3.51
294,2797,4.0,3.8
600,4963,1.0,4.11
39,260,5.0,4.28
318,117849,4.5,0.0
434,35836,3.5,3.69
232,45447,3.5,3.56
380,5128,3.0,2.25
603,2160,4.0,4.22
495,1438,3.5,2.72
448,7132,5.0,4.25
414,2407,4.0,3.34
148,4886,3.0,3.92
64,2054,3.5,2.97
148,81834,4.0,4.09
20,3300,3.0,3.63
475,88140,4.5,3.71
3,849,5.0,2.85
180,315,3.0,3.09
590,2174,2.5,3.54
603,45,4.0,3.44
19,1291,5.0,4.27
462,183317,4.5,0.0
606,40583,3.5,3.69
555,3442,1.0,0.0
122,3160,5.0,3.69
232,63062,4.0,3.97
62,60684,4.5,4.05
312,5446,4.0,3.22
24,5418,4.0,3.86
600,4713,2.0,3.93
555,1995,2.0,1.29
317,80489,4.0,3.87
105,72998,4.0,3.95
6,86,5.0,3.59
599,1438,1.5,2.74
294,2968,4.0,4.0
217,2746,3.0,3.41
45,924,4.0,3.98
414,55250,2.5,0.0
234,3479,3.0,3.54
52,48304,5.0,3.62
361,3082,4.0,3.26
63,2997,3.0,4.08
361,2858,2.5,4.06
194,1653,3.5,3.98
537,527,1.0,4.24
11,1385,3.0,2.99
606,551,3.0,3.67
339,174055,5.0,3.53
414,50,5.0,4.69
599,110,3.5,4.46
263,1,4.0,4.02
489,4025,3.0,3.26
45,344,4.0,3.07
232,35836,3.5,3.83
249,65802,2.5,3.73
474,7713,4.0,0.0
156,3473,5.0,0.0
469,2311,4.0,3.81
606,6415,4.0,0.0
111,1485,3.5,3.24
219,7022,5.0,3.97
599,2281,2.5,0.0
599,4214,2.5,3.25
487,4027,3.0,3.75
560,48774,4.0,4.33
408,116797,4.0,4.13
566,203,4.0,3.63
279,152077,3.0,3.93
104,76093,4.0,3.97
232,4446,2.5,3.64
446,368,3.0,3.52
274,818,2.0,3.75
247,2858,4.0,4.12
422,5063,3.0,0.0
599,56782,3.0,4.42
414,7325,2.5,3.47
226,1911,2.5,2.8
132,6291,3.5,0.0
294,2423,4.0,3.68
217,2478,2.0,3.24
380,31431,2.5,0.0
475,6365,4.5,3.42
64,1527,3.5,3.72
469,3551,2.0,3.83
307,2332,1.0,0.0
202,3508,5.0,4.23
339,924,5.0,3.95
265,2571,5.0,4.22
32,327,3.0,2.96
287,1411,3.5,4.14
133,253,2.0,3.53
414,832,3.0,3.68
356,266,4.0,3.33
305,2987,4.5,3.83
604,410,4.0,3.16
68,52722,3.0,3.35
424,2291,4.0,3.7
42,552,4.0,3.57
448,158,3.0,3.23
19,3070,5.0,3.39
249,3623,3.5,2.9
286,2294,3.5,3.29
202,3176,4.0,3.42
593,4973,3.5,4.3
414,4661,3.0,0.0
367,4321,4.0,3.56
280,92535,4.0,4.47
140,44399,1.0,0.0
232,62081,3.5,3.04
125,95088,3.5,3.9
90,1366,4.0,3.27
34,5952,1.0,4.04
68,79057,3.5,3.92
380,3784,3.0,2.41
274,4890,2.0,2.96
597,1225,5.0,4.36
330,1394,4.0,4.29
294,234,3.0,2.73
414,30848,3.5,0.0
148,81847,4.5,3.94
599,7108,3.0,0.0
369,45950,3.0,3.7
177,1704,5.0,4.38
376,110,3.5,4.1
14,231,3.0,3.06
211,56367,3.5,3.82
587,445,4.0,2.57
80,5445,4.5,3.78
606,1913,4.0,0.0
330,377,0.5,3.67
256,96610,4.0,3.67
561,102445,3.5,3.91
111,1777,3.5,3.59
573,33794,4.5,3.99
357,671,4.0,3.5
606,6376,4.5,0.0
217,1665,2.0,3.22
352,2288,5.0,4.09
18,1193,4.5,4.32
165,5991,4.0,3.68
44,663,4.0,3.11
140,524,3.5,3.8
590,3703,3.0,3.95
326,142448,4.0,3.0
474,350,3.0,3.63
490,86345,4.0,4.19
585,1228,5.0,4.2
599,3755,2.5,3.18
389,95,4.0,2.96
275,1923,2.0,3.81
448,109673,1.5,3.88
318,152065,3.5,0.0
19,332,2.0,2.53
182,2502,4.5,4.27
79,3576,4.0,3.31
555,3691,3.0,0.0
165,249,4.0,3.62
249,8874,4.5,4.4
66,2648,5.0,3.96
19,434,3.0,3.22
599,48780,3.0,4.45
326,3147,4.5,4.21
480,7161,0.5,2.42
275,1186,5.0,3.76
412,2390,3.0,3.89
381,3751,3.5,3.58
18,1206,4.5,4.24
425,1682,3.0,3.97
298,8949,3.5,3.73
22,4993,1.0,4.18
509,4018,2.5,3.31
369,2021,3.0,3.27
490,81834,3.0,4.07
280,1485,2.5,3.14
603,1171,3.0,3.27
600,3744,1.0,2.87
84,62,4.0,3.8
352,104211,4.0,3.91
486,86,5.0,3.56
286,5952,4.5,4.05
201,2716,5.0,3.83
477,575,3.5,2.51
129,3623,3.5,2.72
125,116897,4.5,4.29
525,59315,3.0,4.1
390,7208,4.0,0.0
318,122886,3.0,3.96
405,55820,4.5,3.95
414,742,1.0,3.64
274,71254,3.5,3.8
599,634,1.0,2.87
367,3797,4.0,0.0
357,7451,4.5,3.71
380,6537,4.0,3.29
309,2132,4.5,3.89
318,3007,4.0,0.0
474,7728,4.0,3.88
515,48516,5.0,4.29
7,1196,4.0,4.25
477,46530,4.5,2.95
588,6,5.0,3.95
318,6711,4.0,4.35
232,48412,3.0,0.0
111,127390,4.0,0.0
602,364,4.0,4.01
47,88810,3.5,4.01
366,58559,4.0,4.22
211,2542,4.5,4.04
73,3911,3.5,3.74
135,1876,2.0,3.07
1,3639,4.0,3.62
489,7438,5.0,3.97
159,1704,5.0,4.09
80,91658,5.0,3.44
282,4025,3.0,3.16
390,44943,5.0,0.0
232,69640,4.0,2.79
83,1223,0.5,4.27
6,219,3.0,0.0
182,2231,3.0,4.02
25,177593,5.0,4.61
292,1021,3.5,2.43
96,648,3.0,3.58
597,1235,5.0,4.28
610,38038,4.0,4.24
292,2291,2.5,3.75
380,1882,3.0,2.23
413,1198,1.0,4.27
99,292,5.0,3.41
233,48394,3.0,3.83
344,1270,5.0,4.02
226,8614,3.0,3.09
345,926,5.0,4.47
142,165,3.0,3.7
509,101864,2.5,3.72
45,2108,2.0,3.53
280,63992,4.0,2.38
232,51086,2.5,3.03
376,185,4.0,3.24
380,6287,3.0,3.34
594,5151,4.5,3.01
95,2706,4.0,3.4
414,4462,1.0,0.0
610,1923,5.0,3.92
74,3201,4.0,4.57
474,5446,4.5,3.43
482,2353,4.0,3.53
217,1833,3.0,3.34
380,30894,4.0,2.31
346,858,4.0,4.36
18,78499,4.0,4.46
411,2,4.0,3.42
217,459,2.0,2.27
599,195,1.5,3.12
414,719,1.0,3.56
600,5349,3.5,3.6
387,39,2.5,3.38
480,6541,1.0,2.87
268,587,1.0,3.41
187,31878,3.5,3.65
105,74789,4.0,3.45
483,1682,3.5,4.13
405,208,4.0,2.98
590,350,2.5,3.46
607,3476,5.0,3.62
139,74458,1.0,4.15
577,2145,3.0,3.16
251,1197,5.0,4.27
232,7163,3.5,3.26
331,3535,5.0,3.82
292,5445,4.0,3.8
608,1513,0.5,3.21
434,1073,4.5,4.0
274,3243,3.0,2.93
105,3593,2.0,1.67
332,377,3.5,3.65
362,48780,4.0,4.25
288,3039,3.0,4.19
190,5618,4.0,4.05
217,3396,3.0,3.78
111,2581,4.0,3.0
4,3044,5.0,3.87
489,2959,4.5,4.35
178,6502,4.5,4.04
509,7173,1.5,3.32
40,158,4.0,3.0
414,1584,3.0,4.27
136,195,5.0,2.99
381,56367,5.0,3.94
608,1591,3.0,2.37
263,2710,2.0,2.89
86,3793,4.0,3.65
332,4447,3.5,3.17
156,500,2.0,3.5
282,2478,4.0,3.18
414,386,3.0,0.0
414,6370,5.0,3.86
177,6987,3.0,4.19
590,48780,3.0,4.3
599,87522,1.5,0.0
6,454,4.0,3.72
517,8969,2.0,3.08
351,47,4.5,4.01
312,589,4.0,4.1
357,2324,4.0,4.23
33,1801,4.0,3.37
122,27660,5.0,3.86
561,2762,4.0,4.11
226,1580,3.5,3.71
256,6502,4.0,4.1
91,4254,2.0,2.28
601,5618,5.0,4.09
288,4343,2.0,3.08
607,457,5.0,4.11
221,154,4.0,3.95
36,908,3.5,4.18
326,4967,4.0,4.29
533,2959,5.0,4.28
38,592,4.0,3.53
606,1701,4.0,3.73
288,68358,3.5,4.23
68,8529,2.5,3.62
177,1552,2.0,3.35
382,5957,3.5,3.5
269,743,3.0,2.54
249,52458,4.0,3.36
381,150,3.5,3.91
606,48516,3.5,4.65
61,50,4.5,4.25
125,4979,4.5,3.79
167,150,4.0,3.84
469,3702,3.0,3.84
424,4226,4.5,4.15
68,2427,3.5,3.01
68,95624,3.0,0.0
91,2916,4.5,3.84
419,2694,3.5,3.31
274,51709,3.5,4.35
325,1370,2.0,3.52
204,44191,5.0,3.93
387,3082,3.0,3.38
274,541,2.5,4.17
581,68954,4.0,4.08
309,30812,4.0,3.5
474,2581,4.0,3.18
322,3578,4.0,4.05
19,2840,2.0,2.93
580,8983,4.0,3.4
297,170,1.0,3.28
251,50872,2.5,3.93
2,112552,4.0,4.11
177,4963,4.0,4.35
551,159093,4.0,3.88
489,4720,3.5,3.74
489,91658,4.0,3.45
232,42007,3.0,0.0
62,114935,5.0,3.74
41,1213,2.0,4.33
182,3984,4.0,3.64
70,1302,5.0,3.69
229,509,3.0,3.65
414,5051,3.0,0.0
301,8368,3.5,3.86
50,87222,2.0,3.51
405,111,4.5,4.25
157,2683,4.0,3.16
221,1267,4.0,4.46
413,4890,5.0,2.96
558,5127,4.0,3.27
606,6578,3.5,0.0
560,2716,3.5,3.87
82,1527,4.0,3.7
599,76077,2.0,3.4
103,5014,4.0,3.74
599,34143,2.0,0.0
483,3418,2.0,3.73
420,1206,4.0,4.17
318,4519,4.0,3.23
249,1562,2.5,2.3
594,6975,0.5,3.91
200,8961,4.0,3.97
520,5459,4.0,2.92
1,151,5.0,3.59
358,7361,4.0,4.23
519,6378,4.0,3.7
162,36,5.0,3.87
384,4280,2.0,3.51
38,648,4.0,3.62
119,5418,4.0,3.91
372,719,2.0,3.05
580,2360,4.5,4.77
599,852,2.0,3.28
590,913,4.5,4.17
351,92048,4.0,0.0
525,103228,4.0,4.0
45,1390,2.0,2.72
247,2028,4.0,4.22
298,136449,3.5,0.0
602,260,5.0,4.24
263,2763,4.0,3.66
47,318,4.0,4.52
273,111,4.0,4.21
414,5957,1.5,3.72
199,161,3.5,3.69
312,2699,3.0,2.97
448,101415,1.5,0.0
542,2572,3.5,3.65
442,3107,0.5,3.24
160,485,0.5,3.28
198,593,4.0,4.29
437,1093,4.0,3.59
32,849,2.0,2.88
357,88125,5.0,3.87
111,119153,4.5,0.0
484,3273,3.0,2.53
140,5791,3.0,3.8
359,2470,3.5,3.16
135,2706,4.0,3.45
469,3265,3.0,4.06
66,3740,4.0,3.88
200,1485,3.5,3.24
448,111743,3.5,3.36
438,2001,4.0,3.28
125,589,4.0,4.06
599,3764,2.5,2.22
448,1,5.0,4.36
425,2353,3.5,3.6
57,2641,2.0,3.1
477,56921,4.5,3.73
414,1344,3.5,4.13
610,1300,4.5,4.2
610,4308,2.5,3.7
594,7742,0.5,0.0
103,2080,3.5,3.6
149,196,3.0,2.72
514,1321,4.0,3.42
594,3269,4.5,2.81
586,102125,4.5,3.76
332,1590,2.5,3.1
177,1801,5.0,3.5
232,32031,3.5,3.24
90,1442,2.0,3.88
594,2491,4.5,3.18
66,3098,4.5,3.69
380,105731,3.0,0.0
334,1196,4.0,4.27
414,46974,3.0,2.72
343,6016,5.0,4.19
232,4789,3.0,0.0
414,2990,3.0,4.01
504,377,4.0,3.59
387,141,2.0,3.65
380,7444,3.0,3.31
474,8368,5.0,3.9
305,89904,4.5,4.06
231,1200,5.0,3.94
140,2561,3.0,0.0
47,30793,3.0,2.95
249,30812,4.0,3.73
330,2291,4.0,3.78
50,136020,2.0,2.98
105,5313,3.0,2.28
560,47997,4.0,3.99
249,69526,3.0,2.74
68,48385,1.0,3.42
339,2019,4.0,4.29
514,2002,3.0,2.91
552,4638,1.0,3.04
592,253,4.0,3.55
599,34405,3.5,4.01
593,3996,4.5,3.86
586,52287,4.5,3.6
514,2148,2.5,3.43
318,58162,3.5,3.2
195,4344,3.0,3.0
133,380,3.0,3.57
479,1198,4.0,4.26
226,6025,4.0,2.47
141,78499,4.0,4.38
478,2987,2.5,3.6
610,27773,5.0,4.32
298,80549,2.0,3.92
298,2985,3.0,3.57
144,480,3.0,3.79
600,1721,3.0,3.58
519,4025,5.0,3.11
414,3105,3.0,4.38
249,73106,3.0,0.0
525,70293,3.5,3.22
318,47200,3.0,3.69
318,7124,3.5,0.0
553,5418,4.0,3.84
520,2375,4.0,2.89
68,1552,3.5,3.46
551,115149,4.0,3.85
274,2355,3.5,3.9
91,4214,2.0,3.08
448,85510,2.0,3.28
385,1204,5.0,4.3
474,7079,2.5,0.0
57,1148,5.0,4.03
169,8783,4.5,3.11
50,2925,3.5,4.45
182,3698,4.0,3.33
380,2115,5.0,3.88
610,170875,3.0,0.0
169,2502,5.0,4.21
34,4720,4.0,3.6
517,5816,4.0,3.63
608,4247,1.0,2.3
41,7438,5.0,3.95
393,4848,3.0,3.91
221,27768,4.5,0.0
274,8908,3.5,3.74
312,1094,4.0,3.6
610,7173,3.0,3.47
307,1994,2.5,3.58
391,3470,5.0,4.25
391,1256,5.0,3.93
462,1090,4.0,4.09
357,4963,4.5,4.12
279,2918,2.5,3.91
483,5679,1.5,3.42
140,1047,3.0,3.28
18,84392,4.5,3.68
249,89,3.5,3.6
374,1339,3.0,3.4
27,158,2.0,2.95
594,6333,4.5,3.73
191,213,5.0,3.42
284,370,2.0,3.16
593,1296,5.0,4.19
46,231,3.0,3.09
140,4031,3.0,0.0
474,1235,4.0,4.19
68,2081,5.0,3.72
483,2986,2.5,2.81
436,165,3.0,3.74
210,34397,3.0,0.0
210,76093,5.0,3.98
177,70336,3.0,2.25
599,6436,2.5,0.0
561,79695,2.5,3.16
6,1073,3.0,4.02
42,1221,5.0,4.3
140,5377,3.5,3.87
274,45442,2.0,0.0
140,4326,3.5,3.62
66,541,5.0,4.15
566,587,3.0,3.43
274,8906,3.5,0.0
483,7147,5.0,4.08
23,1233,5.0,4.27
525,1265,4.0,4.16
520,32469,4.5,0.0
45,1457,4.0,2.99
17,293,3.5,4.1
156,8228,5.0,3.69
232,59784,3.0,3.69
438,37386,3.0,2.67
474,308,4.0,4.08
247,122886,3.5,3.88
221,1394,5.0,4.29
474,6744,2.5,2.37
310,1198,4.0,4.26
322,2353,4.0,3.49
339,104879,4.5,4.13
365,4886,4.0,3.96
609,1059,3.0,3.68
590,64614,4.0,4.17
356,1031,5.0,3.5
473,3264,2.0,2.48
448,2406,3.0,3.8
73,56367,3.5,3.86
74,1217,4.0,4.57
414,43871,2.5,3.01
332,6287,3.5,3.07
476,317,3.0,3.21
594,7116,0.5,4.04
600,6659,3.0,3.77
10,69844,3.0,3.93
247,923,4.0,4.03
479,858,4.0,4.32
294,1587,4.0,3.32
566,736,4.0,3.45
200,7163,2.5,3.1
249,908,4.0,4.25
305,48304,3.0,3.84
448,165343,1.5,0.0
89,134334,4.5,0.0
149,2011,2.0,3.44
298,110102,3.0,4.1
23,3681,3.5,4.23
294,1441,4.0,3.34
314,1374,3.0,3.69
543,1265,5.0,4.0
297,161,2.0,3.7
534,3751,4.0,3.57
599,69131,2.5,0.0
160,1676,1.0,3.48
399,5445,0.5,3.71
113,111,4.0,4.26
354,457,3.5,4.12
141,1,4.0,4.01
318,148626,4.5,4.04
354,1101,4.0,3.26
478,34048,2.0,3.22
339,8529,4.0,3.43
160,1717,1.0,3.2
105,8984,4.0,3.22
47,96567,4.0,0.0
152,50,4.5,4.25
387,7981,4.0,4.42
567,71530,0.5,3.43
596,1479,2.5,3.43
28,55908,3.5,4.33
489,45666,0.5,2.9
287,3358,3.5,3.88
476,590,5.0,3.84
323,110102,1.5,3.93
149,2094,3.0,3.31
563,72919,3.0,0.0
603,1617,5.0,4.22
201,2249,3.0,3.55
82,337,2.5,3.87
427,110,4.0,4.01
153,81456,3.0,0.0
600,2060,4.0,3.13
483,7438,4.0,4.08
130,292,5.0,3.38
520,72998,4.5,3.71
517,1088,1.0,3.54
487,61240,4.0,4.01
592,405,1.0,2.64
603,800,4.0,4.35
380,1097,4.0,4.0
610,102123,4.0,2.73
564,51084,3.5,3.41
202,2346,3.0,3.13
346,521,3.5,0.0
307,2325,2.5,3.77
140,2889,3.5,3.85
294,3877,2.0,2.74
559,314,4.0,3.72
590,73023,4.0,4.71
503,4450,3.0,3.0
19,2802,3.0,3.19
474,3359,3.5,4.59
372,1393,3.0,3.6
124,2858,5.0,4.07
603,331,3.0,0.0
7,6333,4.0,3.73
569,480,4.0,3.74
249,94777,4.0,4.0
105,3301,3.5,3.67
226,36708,2.5,3.84
10,88163,4.0,4.1
599,1,3.0,4.42
480,4848,3.5,3.92
485,434,4.0,3.03
273,471,5.0,3.75
57,1674,3.0,3.69
212,780,2.0,3.54
24,86882,4.0,3.77
599,27904,2.5,3.96
600,5669,3.5,3.96
28,647,2.5,3.54
305,70728,4.0,3.97
482,8268,4.0,0.0
610,1454,3.5,3.63
475,1240,4.5,3.93
239,5349,4.5,3.6
381,333,4.5,3.82
573,8361,4.0,3.25
232,1544,3.5,2.92
580,3052,3.5,3.76
608,2474,4.5,3.48
367,3358,3.0,3.86
492,260,4.0,4.22
462,2289,4.0,4.1
480,3189,3.5,3.81
590,51662,3.5,3.73
359,1172,4.5,3.9
365,8641,3.5,3.71
484,50872,5.0,4.07
232,1302,3.5,3.87
599,173,2.5,2.75
480,45668,2.5,3.6
290,1282,5.0,3.69
599,45969,2.5,0.0
414,1726,2.0,3.67
555,3758,4.0,0.0
580,30707,4.5,3.89
414,2264,3.0,0.0
284,231,4.0,3.11
95,2009,4.0,3.58
279,589,4.0,4.08
20,5679,3.5,3.29
610,2968,5.0,4.17
414,40614,4.0,3.91
489,5349,3.0,3.62
387,2403,3.0,3.81
380,5899,5.0,0.0
481,1588,1.0,3.25
312,2600,4.0,3.89
599,57,2.5,3.27
254,457,4.0,4.07
263,4959,3.0,0.0
47,2028,4.0,4.12
483,96417,4.0,3.22
426,2375,3.0,2.85
313,3267,3.0,3.42
10,88810,3.0,4.08
606,48783,3.5,3.67
495,80489,5.0,3.9
597,1635,5.0,3.93
400,356,4.5,4.2
212,88125,3.5,3.91
408,74789,3.0,3.02
190,8464,4.0,3.47
325,799,4.0,3.57
491,65230,4.0,3.21
17,44,3.5,2.46
139,5957,1.5,3.44
464,4993,5.0,4.22
585,2959,5.0,4.28
555,1459,3.0,2.95
600,539,2.0,3.61
334,4226,3.5,4.17
590,648,3.5,3.79
280,8368,4.0,3.91
292,95167,3.0,3.72
275,5034,2.0,0.0
165,1196,4.0,4.2
140,3255,5.0,3.53
292,2568,2.0,3.28
304,1370,4.0,3.55
541,367,2.0,3.28
200,4299,4.5,3.62
495,150,4.5,3.85
156,7137,4.0,3.49
135,3527,4.0,3.64
64,1221,5.0,4.44
430,3751,4.0,3.52
160,2422,1.0,1.81
64,432,2.5,2.66
380,5957,3.0,3.63
177,906,4.0,4.42
238,4945,4.0,0.0
547,3102,4.0,3.65
597,1201,4.0,4.39
398,26147,5.0,0.0
401,66097,4.0,3.75
606,1201,4.0,4.48
580,1240,3.5,3.99
86,4886,4.0,3.93
306,69644,3.0,2.34
105,104374,5.0,4.17
438,4823,4.5,3.13
517,2421,0.5,2.77
91,2302,1.0,3.4
307,1380,2.5,3.46
159,5299,4.0,3.11
577,316,2.0,3.37
594,7782,4.5,0.0
419,52245,3.5,3.13
294,2748,2.0,0.96
288,1372,3.5,3.33
232,8644,4.5,3.72
597,50,5.0,4.31
610,44761,4.5,3.82
257,2502,1.5,4.16
149,379,2.0,2.39
474,54881,4.0,4.08
474,7070,4.0,0.0
522,48738,3.5,3.84
448,141004,2.0,0.0
294,2641,2.0,3.09
600,2011,4.5,3.6
68,2628,3.0,3.51
517,84847,0.5,0.0
521,780,4.0,3.48
182,1148,4.5,4.02
21,117922,3.5,0.0
182,2947,4.0,4.11
129,40819,4.0,3.69
308,36,1.0,3.86
387,5984,4.0,0.0
323,208,2.5,2.97
377,25959,2.5,0.0
403,58998,4.0,3.94
169,356,4.5,4.3
489,3742,4.5,3.58
98,179819,3.0,3.05
414,109487,4.5,4.73
317,1617,4.0,4.1
182,5418,2.0,4.03
182,1566,1.0,3.71
113,1265,3.0,4.01
514,6979,5.0,3.27
10,49272,5.0,4.02
321,500,4.0,3.48
599,4862,2.5,0.9
261,2329,4.0,4.26
196,44665,4.0,3.74
524,253,3.0,3.56
323,1092,3.0,3.32
495,4993,0.5,4.23
68,441,4.5,4.13
68,3536,4.0,3.55
567,79091,0.5,3.84
600,2506,3.5,2.52
318,922,4.0,4.54
555,2445,4.0,2.69
606,3448,4.0,3.91
453,4027,5.0,3.83
387,48385,3.5,3.4
603,1227,4.0,4.24
249,62999,3.0,3.33
597,1961,5.0,4.02
188,914,5.0,4.05
610,8957,3.0,3.75
317,3499,3.0,3.89
339,54997,5.0,3.95
284,236,4.0,3.49
518,1380,2.0,3.21
414,4985,1.0,0.0
256,5881,2.5,3.19
414,5387,2.5,0.0
600,1060,1.0,3.75
6,126,3.0,1.97
44,6,3.0,3.92
4,2692,5.0,3.98
292,78499,4.0,4.43
199,539,2.0,3.57
580,33437,5.0,3.37
586,89745,4.5,4.06
66,2463,4.0,3.34
474,1586,2.0,3.08
274,1032,3.5,3.38
514,60487,4.0,0.0
177,6503,2.5,2.71
393,8798,4.0,3.68
7,6539,4.5,3.89
480,41569,4.0,3.37
10,71579,5.0,3.26
301,46578,4.0,3.84
239,2470,3.0,3.22
380,1136,5.0,4.58
453,196,3.0,2.82
177,5072,3.5,4.15
63,1148,5.0,4.05
514,5797,2.0,0.0
169,3534,4.5,3.15
288,2539,3.5,3.37
445,1136,5.0,4.22
414,2373,2.0,2.9
104,2690,4.0,3.52
272,112138,4.0,3.9
517,2002,1.5,2.94
325,2986,1.0,2.81
200,367,3.5,3.35
249,87192,4.5,3.94
510,101,4.0,3.77
484,923,4.5,4.03
610,57528,3.5,3.69
89,156025,5.0,0.0
414,8641,3.0,4.18
414,6301,4.0,4.69
414,27788,2.5,3.61
160,1620,0.5,3.52
596,4973,4.0,4.39
212,46578,4.0,3.93
271,6787,3.5,4.02
603,1394,5.0,4.33
610,4370,3.5,3.52
381,2005,4.5,3.78
202,1584,5.0,3.63
608,448,4.0,3.47
477,2918,4.0,4.03
610,2459,3.5,3.26
474,5603,4.0,0.0
226,6365,3.0,3.46
561,592,4.5,3.66
18,71156,3.0,3.71
466,73017,4.5,3.97
489,1080,3.5,4.05
226,5952,4.0,4.15
414,1304,5.0,4.43
477,4499,4.0,4.26
596,2642,2.5,2.32
599,7360,3.0,4.29
555,337,5.0,4.01
42,647,2.0,3.61
525,4022,3.5,3.88
331,54503,5.0,4.04
564,104,3.0,3.5
313,29,4.0,4.05
46,315,3.0,3.15
489,52885,3.0,4.09
438,6541,2.5,2.9
331,8361,2.5,3.23
241,44191,4.0,3.9
380,161354,3.0,0.0
474,6365,3.0,3.51
344,3000,4.5,4.07
414,2922,4.0,0.0
484,4816,4.5,3.5
414,6720,3.0,0.0
68,70183,5.0,3.6
527,1356,4.0,3.97
542,5266,3.0,3.17
424,1288,4.0,4.03
448,109487,3.0,4.53
567,99149,2.5,3.8
64,6975,4.0,4.06
217,2088,3.0,2.69
414,111921,3.5,3.49
318,116505,3.0,0.0
432,2572,3.5,3.66
86,1091,3.5,2.5
460,2359,4.0,3.51
20,34,4.0,3.65
124,256,3.0,2.92
62,44191,5.0,4.07
534,150993,4.0,0.0
219,63082,5.0,4.15
20,1919,3.5,2.27
605,1517,4.0,3.56
438,5803,3.0,2.74
357,4896,3.5,3.88
380,104913,5.0,3.79
202,1212,4.0,4.2
57,367,3.0,3.35
474,51540,4.0,4.24
606,2359,4.0,3.51
57,2174,3.0,3.51
84,331,3.0,0.0
235,329,3.0,3.42
183,2194,5.0,3.9
232,58839,3.0,2.72
166,1377,3.5,3.07
514,5103,3.5,3.62
555,3663,2.0,0.0
68,2560,2.5,3.13
414,66509,3.5,0.0
227,102445,4.0,3.8
42,2968,4.0,4.04
448,6663,3.0,4.13
19,1911,2.0,2.8
469,1374,4.0,3.77
298,134368,1.0,4.01
156,3175,4.5,3.76
577,1968,3.0,3.81
425,2291,3.5,3.74
567,166534,2.5,3.6
68,2140,2.5,3.72
108,1097,5.0,3.83
249,115149,4.0,4.3
292,3157,3.0,2.74
76,56174,2.0,3.48
414,3543,4.0,4.04
506,56782,4.0,4.39
18,50872,3.5,4.26
571,1717,3.0,3.15
561,48304,3.0,3.74
509,60040,3.0,3.52
309,3171,4.0,0.0
68,1393,4.5,3.8
132,56782,2.5,4.41
20,4846,2.5,3.4
448,4979,3.5,3.89
233,1230,3.5,4.11
603,2349,4.0,3.13
45,150,5.0,3.95
382,215,4.0,3.89
339,122904,2.0,4.17
298,60684,3.5,4.03
12,1265,3.5,3.96
412,1221,5.0,4.3
532,2288,4.0,4.01
606,1542,4.5,0.0
377,7834,4.0,2.23
221,3507,4.0,4.13
480,3814,5.0,4.0
21,109723,3.5,0.0
294,1089,3.0,4.3
434,2858,5.0,4.15
232,5572,2.5,2.65
483,6979,3.0,3.42
285,6978,3.5,3.18
381,3988,2.0,3.19
414,1079,5.0,4.78
217,1148,4.0,3.99
603,2891,4.0,0.0
307,21,2.5,3.52
329,1958,4.0,3.68
246,30793,4.0,2.95
599,414,2.0,0.0
21,6166,2.0,2.04
274,2424,1.5,3.66
216,4007,2.0,3.95
600,6377,4.0,4.16
25,2028,5.0,4.13
590,1717,2.0,3.28
117,440,4.0,3.63
608,4890,4.0,2.98
22,3996,4.5,3.89
57,2532,3.0,3.13
109,357,4.0,3.57
448,45447,2.0,3.7
171,661,5.0,3.42
437,300,5.0,3.44
265,2430,3.0,2.67
555,150,4.0,3.99
301,500,3.5,3.46
187,1263,2.0,4.0
246,5013,5.0,3.69
234,1391,4.0,3.17
516,4027,4.0,3.73
275,2245,3.0,3.32
448,80219,4.0,3.65
457,1356,3.0,3.94
105,55269,3.0,3.74
69,3671,5.0,3.87
100,1307,4.5,3.96
55,3275,5.0,4.17
317,1387,3.0,4.11
91,2692,4.0,4.07
572,1179,1.0,3.69
607,919,5.0,3.9
73,66097,1.5,3.88
477,68237,4.5,4.15
135,1468,5.0,2.43
211,4367,2.5,2.86
453,733,4.0,3.8
47,4474,3.5,2.18
577,1030,3.0,2.88
156,1224,4.0,4.31
238,2471,3.0,2.6
19,3705,2.0,2.33
483,370,4.0,3.37
69,356,4.0,4.2
599,2496,2.5,3.15
537,80906,5.0,4.2
599,27865,3.5,0.0
414,2133,4.0,3.93
599,6618,2.5,4.23
249,4776,4.0,4.08
103,595,3.0,3.89
448,68358,3.5,4.37
438,6156,3.0,3.27
478,3793,3.5,3.64
524,454,3.0,3.66
466,3793,4.0,3.71
244,2490,5.0,3.36
282,49822,4.0,3.06
289,7028,4.0,3.5
59,648,5.0,3.59
275,4816,5.0,3.48
249,184253,4.0,0.0
111,119145,5.0,4.21
596,1046,4.0,4.44
288,1073,4.0,4.23
438,4141,2.5,2.34
113,46,3.0,3.63
21,105213,2.0,3.0
426,31,5.0,3.21
76,1732,4.0,3.93
119,130578,4.0,0.0
474,5483,4.5,0.0
606,6947,4.5,3.71
198,1230,3.0,4.14
122,3089,5.0,3.9
50,81562,2.0,4.04
438,6765,2.0,4.04
430,1372,4.0,3.36
491,8529,5.0,3.34
606,3155,3.5,4.24
406,2100,0.5,3.13
553,2858,5.0,4.08
131,6947,3.5,3.56
43,185,4.0,3.31
232,7458,5.0,3.61
514,1617,4.0,4.11
187,541,4.5,4.13
452,3081,4.0,3.56
182,353,4.0,3.71
68,88744,4.0,3.91
522,1500,4.5,3.69
233,1732,4.0,3.93
342,2975,3.0,0.0
16,1201,3.0,4.27
249,4643,3.0,3.13
599,455,2.0,2.98
597,2367,5.0,2.46
437,371,4.0,3.13
64,4144,4.5,4.21
141,54286,3.5,3.75
597,2490,3.0,3.33
561,3444,4.0,2.77
599,45722,2.5,3.7
480,454,2.5,3.81
159,2858,4.0,4.08
610,74228,4.5,0.0
352,1923,3.0,3.72
592,112,3.0,3.54
63,1387,3.0,4.17
73,47122,4.0,2.86
84,31,3.0,3.3
534,33004,4.5,3.48
380,122904,5.0,4.59
119,166461,4.0,3.36
239,3717,3.5,3.38
170,48,4.0,3.3
380,117192,4.0,0.0
212,83134,3.5,3.62
599,637,2.0,3.96
474,425,3.5,0.0
608,608,3.0,4.33
231,589,5.0,4.01
243,380,3.0,3.59
219,1831,0.5,2.57
446,151,4.0,3.55
532,457,5.0,4.03
57,2094,3.0,3.31
307,48774,3.0,4.37
356,3088,4.5,3.95
71,86,5.0,3.56
380,27660,4.0,4.1
287,355,0.5,2.51
448,160646,2.5,0.0
597,2985,4.0,3.52
298,58162,1.5,3.16
352,134130,5.0,4.01
599,4392,2.5,0.0
599,5423,3.0,2.85
608,2716,3.0,3.91
74,3160,4.0,3.7
486,593,3.0,4.22
608,708,2.0,3.57
400,58559,4.5,4.2
64,2722,3.0,2.74
33,1,3.0,3.95
414,179817,4.0,0.0
461,593,4.0,4.19
571,3696,2.0,3.76
13,2541,2.0,3.22
216,2599,4.0,3.63
348,8798,4.5,3.66
480,34319,3.0,3.6
332,68157,3.5,4.22
137,541,5.0,4.11
63,3535,4.0,3.85
201,1517,4.0,3.59
135,1483,4.0,3.11
453,3869,5.0,3.32
246,260,5.0,4.31
412,2828,2.0,0.0
253,2599,5.0,3.6
352,68954,4.0,4.19
334,1101,3.5,3.18
389,788,4.0,2.74
600,4280,4.0,3.5
58,371,4.0,3.16
23,4973,3.5,4.31
448,92008,2.5,0.0
483,527,5.0,4.39
599,89904,2.5,4.09
410,707,3.0,2.97
298,8873,3.0,3.9
177,1367,2.5,3.21
365,102903,3.5,3.6
301,4963,4.0,4.01
490,68954,3.5,4.08
563,110771,3.0,2.96
414,4902,4.0,2.29
288,3359,4.5,4.33
46,367,4.0,3.27
587,2470,4.0,3.18
576,849,1.5,2.85
564,148626,3.5,3.86
177,2644,2.5,3.87
381,30810,2.0,3.59
18,2411,3.0,2.91
187,7438,4.0,3.96
63,150,3.0,3.86
414,88405,3.5,3.75
599,832,2.5,3.51
298,6350,3.0,4.25
232,8373,2.5,2.13
471,1,5.0,3.93
352,4993,5.0,4.24
221,30846,3.5,0.0
610,741,4.5,3.99
594,762,4.0,2.57
527,1373,4.0,2.41
167,2858,3.0,4.08
45,5220,2.0,2.65
274,44199,3.5,4.23
139,4886,3.0,3.94
82,6879,3.5,3.53
219,520,4.0,3.14
590,3683,3.5,4.01
491,88810,5.0,4.03
108,5051,3.0,0.0
560,5903,3.5,4.12
39,1862,2.0,2.15
104,5957,3.5,3.44
420,54995,4.0,3.8
356,1479,5.0,3.42
21,1200,2.0,4.05
477,32,4.5,4.13
57,3773,1.0,0.0
391,1619,2.0,3.44
438,3107,4.5,3.33
424,2804,3.5,3.99
210,90866,4.5,3.79
233,99114,3.5,4.03
599,2942,3.5,2.71
57,720,5.0,4.28
600,252,2.0,3.69
395,356,3.0,4.2
64,1732,5.0,4.06
474,2193,3.5,3.68
441,58998,4.0,3.98
419,2617,2.0,3.1
288,6874,4.0,3.93
608,780,3.0,3.73
274,1748,3.5,3.81
573,500,5.0,3.5
111,148626,5.0,3.97
610,53022,4.5,0.0
102,204,2.0,2.77
573,333,5.0,3.79
177,6936,3.0,3.95
607,1259,5.0,3.98
232,72731,3.5,0.0
226,520,4.0,3.18
596,4366,4.0,3.67
534,8874,4.5,4.28
520,4333,3.5,3.46
328,5989,3.5,4.08
284,186,4.0,3.05
216,3946,2.0,2.49
387,54116,3.5,0.0
28,1101,3.0,3.24
599,116799,3.0,4.01
474,2245,3.0,3.49
402,47,3.0,4.01
280,4973,4.0,4.33
380,3717,3.0,3.77
465,908,5.0,4.22
603,506,5.0,0.0
249,122886,4.5,4.08
424,1921,3.5,4.04
41,6874,5.0,3.94
448,1438,2.0,2.74
301,349,4.0,3.71
21,53996,3.5,3.46
24,6350,4.5,4.09
414,8873,3.5,4.43
448,3087,3.0,3.42
105,103235,4.5,4.08
610,80489,4.0,4.28
542,5991,4.5,3.7
337,76,5.0,3.37
599,43921,2.5,0.0
483,1676,3.0,3.46
7,8984,4.0,3.15
200,762,3.5,2.61
249,3301,4.0,3.8
19,1256,4.0,3.94
249,2143,3.5,3.01
232,2394,3.0,3.51
414,5308,3.0,2.45
599,7228,2.0,2.49
226,1073,5.0,4.07
469,1956,5.0,3.99
179,9,3.0,3.11
15,58559,2.0,4.25
257,1380,4.0,3.2
352,3481,3.0,3.67
3,2080,0.5,3.47
282,3977,3.0,2.76
401,1580,2.0,3.59
469,2643,1.0,1.8
573,3617,4.0,3.09
448,2041,4.0,0.0
68,1805,3.0,2.98
474,1639,3.5,3.77
199,6953,3.0,3.38
177,2132,4.0,3.86
323,316,2.5,3.32
372,21,3.0,3.52
601,4886,5.0,3.96
294,2042,2.0,2.84
256,3949,4.0,3.89
307,4642,2.0,4.0
51,2701,0.5,2.45
249,1178,4.0,4.44
105,138835,5.0,0.0
422,1358,3.0,4.11
232,1333,1.5,3.78
606,3076,4.0,0.0
606,32291,3.0,0.0
186,780,4.0,3.59
610,130634,4.5,2.61
102,590,4.0,3.81
288,2355,3.0,3.83
552,296,4.0,4.28
91,1885,2.0,3.21
610,27778,3.0,0.0
296,5618,4.5,4.04
68,2338,3.0,2.35
433,2959,4.0,4.28
375,2805,4.0,2.89
307,1201,4.0,4.41
222,33660,3.5,4.15
328,2012,3.0,3.57
414,198,3.0,3.62
68,4367,3.0,3.16
215,3210,4.5,3.51
452,1968,5.0,3.81
332,1206,4.0,4.19
484,6944,4.0,3.38
467,466,1.0,2.96
29,1209,4.5,3.88
275,4002,3.0,4.01
313,2002,2.0,2.98
420,7438,3.5,3.93
584,364,5.0,4.02
590,45186,3.0,3.84
337,832,4.0,3.34
244,1586,4.0,2.89
328,63859,2.0,3.45
140,969,4.0,4.18
477,3114,3.0,4.04
603,3993,2.0,3.15
438,637,3.0,3.7
279,57368,3.0,3.24
489,7101,2.5,3.24
541,508,5.0,3.67
474,6708,3.5,3.88
608,2392,2.0,2.13
606,6807,4.0,4.21
80,44191,4.0,3.97
451,852,4.0,3.19
477,8228,3.0,3.67
599,6860,2.0,0.0
333,3719,4.0,0.0
448,159690,2.0,0.0
423,589,5.0,4.0
603,1176,5.0,0.0
336,296,5.0,4.27
596,2641,3.0,3.13
249,71106,4.0,3.98
50,750,4.0,4.34
474,43,3.5,2.37
570,1101,3.0,3.23
198,1994,2.0,3.46
51,4041,3.5,3.37
597,2150,4.0,3.93
288,1035,3.0,4.2
474,2930,3.5,0.0
100,590,4.0,3.83
275,3429,5.0,4.38
305,173925,4.5,0.0
448,2011,3.0,3.85
414,7980,4.0,3.84
187,48043,3.5,3.64
236,2806,5.0,2.21
380,1617,5.0,4.36
590,590,3.0,3.94
73,6539,4.5,3.95
414,3535,4.0,4.18
597,3037,4.0,4.05
448,912,4.5,4.44
498,300,4.0,3.42
606,5319,4.0,3.81
283,1580,4.0,3.55
58,261,4.0,3.88
295,3198,5.0,3.81
288,3156,3.0,2.96
605,587,3.0,3.43
230,1387,1.0,4.15
140,5873,3.5,4.2
561,112623,3.5,3.6
514,2787,2.5,2.57
199,62,1.0,3.75
525,102445,2.5,3.98
387,608,4.0,4.37
469,1178,5.0,4.57
50,72998,2.0,3.7
440,307,4.0,3.9
217,2344,3.0,3.02
339,174053,4.0,0.0
66,318,4.5,4.58
204,1206,4.0,4.17
219,832,2.0,3.41
489,2671,3.5,3.59
111,1367,2.5,3.15
101,3159,4.0,3.72
438,8984,2.5,3.27
245,745,3.0,4.16
232,71838,4.0,3.07
57,3624,4.0,3.25
523,56174,5.0,3.48
68,70286,4.0,4.26
111,95720,4.0,2.84
488,913,3.5,4.15
305,2324,5.0,4.35
391,1028,5.0,3.88
352,56145,5.0,2.48
603,1339,4.0,3.53
286,4306,3.5,3.92
307,2139,3.5,3.65
522,3949,3.0,3.94
256,3979,3.5,2.78
132,2987,3.0,3.69
562,70336,3.5,2.2
603,3996,5.0,3.99
474,3877,2.0,2.64
577,1200,3.0,4.02
474,948,4.0,4.2
305,64499,5.0,0.0
91,6731,4.5,3.66
391,5075,2.0,0.0
129,2628,3.5,3.26
356,1208,5.0,4.27
610,4437,5.0,4.31
534,5459,3.5,3.15
610,103772,4.0,3.78
246,72998,4.0,3.78
599,7704,2.0,0.0
395,410,3.0,3.16
308,223,1.0,3.9
169,4890,4.0,2.97
517,4246,3.0,3.7
298,858,5.0,4.45
119,103141,4.5,4.07
332,7482,3.5,4.03
268,1252,5.0,4.32
226,788,3.5,2.92
590,41569,3.5,3.36
280,1580,3.5,3.61
400,593,5.0,4.22
183,2028,5.0,4.13
562,364,5.0,4.04
18,8360,3.5,3.64
477,2288,5.0,4.15
28,7123,3.0,3.43
19,575,2.0,2.5
4,4166,3.0,0.0
84,637,1.0,3.51
274,8360,4.0,3.75
105,95175,5.0,0.0
387,5065,3.0,2.74
423,5445,3.5,3.7
194,1090,4.5,4.03
484,2087,5.0,3.5
332,2395,3.5,3.53
195,2329,4.0,4.3
433,110,3.0,4.0
15,109374,2.0,3.91
68,33493,3.0,3.9
599,4441,4.0,0.0
428,165,1.0,3.77
465,3702,4.0,3.73
463,2028,4.5,4.11
469,2000,4.0,3.87
514,3244,2.5,3.81
173,480,4.0,3.74
224,1259,5.0,3.94
188,3341,5.0,4.2
275,3408,5.0,3.61
567,70286,3.0,3.91
196,2028,3.0,4.12
414,3507,5.0,4.41
594,145,4.0,3.38
580,2467,3.5,3.95
599,3412,3.0,3.68
599,355,1.0,2.45
177,8718,4.0,0.0
177,35957,4.0,3.26
606,1734,4.0,3.59
509,7153,5.0,4.29
357,1996,2.5,0.0
610,5049,4.5,3.89
26,225,3.0,3.57
527,4720,4.0,3.59
509,58293,3.0,2.63
232,5881,2.0,3.43
420,318,4.5,4.53
448,152091,2.5,0.0
454,2997,2.5,4.0
89,134847,5.0,0.0
177,1033,3.5,3.82
249,135133,4.0,4.36
570,186,0.5,3.09
590,3671,3.0,4.02
376,97304,5.0,4.08
448,4654,1.5,3.08
111,102123,4.5,2.83
82,1214,3.5,3.99
428,5377,3.5,3.81
475,4993,5.0,4.22
83,1090,1.5,4.04
212,8361,3.0,3.21
474,1588,3.0,3.42
249,106782,5.0,4.45
544,736,5.0,3.42
560,1641,3.5,3.78
169,539,4.5,3.6
318,1036,4.0,4.01
244,2797,4.0,3.73
504,1307,4.5,3.94
62,260,4.5,4.34
263,1247,3.0,4.09
31,1214,4.0,3.96
58,288,3.0,3.3
139,3793,3.0,3.7
232,7366,3.0,3.08
546,3984,4.0,3.43
352,52973,3.5,3.91
504,7139,4.5,4.01
210,122926,4.5,4.16
244,1079,5.0,4.01
156,936,5.0,3.92
538,69757,4.5,3.53
599,2012,1.5,3.83
599,101525,3.0,0.0
260,111,5.0,4.25
391,2145,5.0,3.19
378,54286,3.5,3.69
602,296,5.0,4.26
198,4226,4.0,4.16
488,527,5.0,4.29
232,36525,3.0,3.05
343,55820,4.5,3.94
496,4191,2.5,3.25
187,6708,3.0,3.77
133,300,3.0,3.44
226,2193,4.0,3.46
222,101531,2.0,0.0
192,10,5.0,3.47
338,1203,5.0,4.07
565,47,4.0,3.99
274,46972,3.0,3.74
596,33493,3.0,3.69
232,40414,4.0,3.8
49,4022,4.5,3.73
362,1206,5.0,4.19
555,2628,5.0,3.26
70,1235,4.0,4.23
68,74154,1.0,3.13
555,3101,4.0,3.41
292,79091,3.5,3.97
200,356,4.0,4.36
282,8360,4.0,3.58
477,5502,3.5,3.25
62,7254,4.0,3.79
381,4963,4.0,4.19
327,2616,3.5,2.9
156,1028,3.0,3.86
597,1030,2.0,2.87
590,165,3.0,3.95
226,595,2.5,3.94
274,93,3.5,3.6
68,1210,5.0,4.48
57,1953,4.0,4.05
509,50796,2.0,0.0
169,1265,4.0,4.07
274,5025,2.5,2.8
18,119145,4.0,4.22
169,4975,4.0,3.49
599,2681,2.5,0.0
361,1485,3.5,3.09
436,440,4.0,3.61
202,2922,3.0,0.0
170,282,4.0,3.41
275,1574,1.0,0.0
141,58559,5.0,4.29
356,2571,4.0,4.3
206,62,4.0,3.71
509,97938,3.5,3.96
186,1009,4.0,2.95
599,76030,0.5,0.0
221,1449,5.0,3.75
177,74795,3.5,3.53
341,1270,3.5,4.01
51,59306,0.5,0.0
600,3108,5.0,3.8
448,2567,4.0,3.23
419,34048,3.5,3.24
139,5679,2.5,3.32
459,50872,4.0,3.94
354,2167,3.5,3.57
266,2580,4.0,3.9
597,1648,4.0,3.46
227,48738,5.0,3.77
85,1358,1.0,4.08
524,1097,2.0,3.85
489,48774,4.0,4.28
66,3526,4.5,3.82
171,742,4.0,2.88
504,22,3.5,3.07
380,3682,2.0,3.87
6,34,4.0,3.63
294,434,1.0,3.14
428,1665,3.0,3.04
222,431,3.5,3.83
603,1537,5.0,3.71
111,117590,3.5,4.29
221,7072,4.0,3.33
608,1092,2.5,3.58
66,5952,5.0,4.15
608,410,2.5,3.35
573,1580,4.5,3.73
298,2843,2.0,3.94
57,908,5.0,4.33
182,1127,0.5,3.52
305,90866,3.0,3.79
570,923,2.5,4.02
202,3836,5.0,4.09
143,79702,1.0,3.87
219,965,4.5,3.99
57,3429,4.0,4.43
342,3597,3.0,0.0
480,1263,4.5,4.04
240,368,5.0,3.6
140,6934,3.0,3.27
610,87232,4.0,4.31
599,55267,2.5,3.16
111,1856,4.0,0.0
19,2145,2.0,3.21
597,2716,5.0,3.88
74,2360,4.5,4.67
169,333,4.5,3.82
68,53953,3.0,3.27
451,608,5.0,4.13
51,4340,2.5,1.94
45,5445,4.0,3.8
520,60516,4.5,0.0
596,6350,4.5,4.23
177,2706,2.5,3.52
111,74946,3.5,3.57
599,6238,2.5,2.42
217,1518,3.0,3.38
606,27744,4.5,0.0
256,48385,0.5,3.27
448,105351,1.5,0.0
428,3623,1.0,2.7
143,5620,3.5,2.88
599,6787,4.0,4.09
58,419,3.0,3.0
238,4916,3.0,3.52
263,2080,3.0,3.54
552,434,3.0,3.05
495,50872,4.5,4.12
381,6297,3.5,3.58
387,6773,3.5,3.65
241,118700,3.0,0.0
68,2424,3.5,3.78
50,1721,3.0,3.44
597,223,3.0,3.99
41,1088,1.5,3.49
570,185,2.5,3.3
288,7361,4.5,4.38
195,2916,4.0,3.67
588,217,1.0,2.66
169,7143,4.5,3.93
354,1092,3.5,3.37
325,5540,3.0,3.56
322,6787,4.0,4.0
226,6936,4.0,3.83
563,88810,4.0,4.12
546,893,3.0,4.01
182,4017,5.0,3.65
234,1259,4.0,3.98
522,62849,5.0,3.79
80,7438,4.5,3.93
66,5,4.0,3.06
448,5900,1.5,3.11
414,3255,4.0,3.92
298,47122,0.5,2.84
300,112552,4.5,4.12
385,358,3.0,2.68
111,179211,3.5,0.0
201,2699,3.0,2.98
356,33880,3.0,3.95
59,1696,5.0,0.0
425,260,3.0,4.34
103,555,5.0,3.94
490,60128,1.0,0.0
177,99112,3.5,3.99
395,440,3.0,3.61
232,4643,3.0,2.96
22,2968,3.0,3.98
105,96829,5.0,3.92
346,923,4.0,4.03
425,8644,3.5,3.66
477,1913,4.0,0.0
265,1276,4.0,4.29
415,904,4.5,4.32
410,3362,4.0,3.96
386,47,3.0,4.0
367,1517,1.0,3.6
387,4621,1.0,2.82
140,4975,2.0,3.55
160,4450,5.0,2.99
608,6296,2.5,3.85
448,1370,3.0,3.84
608,8644,4.5,3.75
448,3996,3.0,4.14
579,1544,3.0,2.75
352,5952,5.0,4.11
210,4299,4.5,3.58
298,64969,3.0,3.95
148,115617,3.5,4.06
307,1333,3.0,3.86
414,27904,4.0,4.01
202,1200,5.0,4.06
274,2291,3.0,3.85
27,1201,4.0,4.27
448,3754,1.0,2.18
580,6874,5.0,3.96
534,66785,4.5,3.51
582,2571,5.0,4.23
600,55830,4.0,3.37
265,2407,4.0,3.21
290,3608,4.0,2.77
167,5464,3.5,3.6
177,53322,3.0,3.93
70,1968,4.0,3.8
167,33493,2.0,3.54
603,2485,2.0,2.93
448,7137,4.0,3.77
443,96430,5.0,0.0
380,112623,5.0,3.91
602,204,4.0,2.8
306,161634,3.5,3.22
442,1644,0.5,2.11
606,1857,3.5,0.0
199,2671,4.0,3.51
559,356,4.0,4.24
590,5103,3.0,3.71
524,508,3.0,3.69
268,1261,4.0,3.98
448,140928,3.0,3.62
610,3943,2.5,2.96
277,32,5.0,3.97
470,357,4.0,3.57
21,4085,3.5,3.42
428,741,4.0,4.15
45,733,4.0,3.81
28,5267,3.0,3.36
521,95,3.0,2.93
580,5410,3.0,0.0
216,3300,4.0,3.59
527,1282,3.0,3.68
198,1676,4.0,3.47
156,2289,5.0,4.12
23,778,4.0,4.14
86,69951,4.5,3.74
305,50,5.0,4.49
474,1257,3.0,4.07
307,1027,2.0,3.08
387,2810,4.0,4.57
113,2166,3.0,1.99
298,1228,3.5,4.21
387,3101,3.0,3.36
382,61248,3.5,3.11
144,163,4.0,3.62
104,934,3.5,3.74
517,96471,3.0,0.0
328,73017,3.0,3.98
605,37729,3.0,3.59
414,3034,5.0,3.92
357,1197,4.5,4.38
19,1339,2.0,3.34
414,4688,4.0,3.64
234,4321,2.0,3.56
224,1285,1.0,3.91
330,1358,5.0,4.15
21,66934,0.5,4.01
387,533,2.0,3.25
307,1586,2.0,2.93
62,109487,5.0,4.25
455,480,3.0,3.75
600,1220,2.5,3.93
21,119145,4.0,4.17
409,2724,2.0,2.68
448,149590,2.5,0.0
448,151745,0.5,0.0
122,122900,4.0,3.83
28,23,1.5,2.81
307,2798,2.0,1.24
313,1089,5.0,4.36
274,5308,2.0,2.68
182,4826,4.5,0.0
132,1,2.0,4.03
432,45503,5.0,0.0
305,44199,5.0,4.12
520,4992,3.5,3.03
347,292,3.0,3.42
420,26693,4.0,0.0
375,2046,4.0,3.19
51,1792,0.5,3.28
103,2804,5.0,4.07
554,1674,5.0,3.6
33,1393,4.0,3.59
328,49272,4.0,4.09
330,327,2.5,2.92
596,141,3.5,3.52
17,5971,4.0,3.98
66,2257,4.0,0.0
41,7444,2.5,3.27
420,56367,4.5,3.83
89,4306,3.0,3.95
560,5878,4.0,4.02
249,5502,3.0,3.53
543,83134,5.0,3.53
220,1206,5.0,4.18
307,6218,1.0,3.5
514,3766,2.5,1.8
452,2707,5.0,3.3
111,673,2.5,3.03
559,539,4.0,3.55
305,56171,3.0,3.21
232,37739,3.5,0.0
94,34,4.0,3.62
45,1777,4.0,3.62
69,541,5.0,4.1
610,4873,4.0,4.22
256,96079,4.0,3.84
414,50923,2.5,0.0
428,780,3.0,3.54
249,97225,3.5,4.02
278,4321,3.0,3.5
504,6942,4.0,3.76
480,46976,4.0,3.77
599,99813,3.0,4.33
121,434,3.0,3.03
64,2761,5.0,4.23
520,6754,3.5,3.5
21,59369,3.0,3.87
62,104879,3.0,4.3
434,230,2.5,3.56
30,116823,4.0,3.89
559,836,3.0,3.02
456,104,3.0,3.49
391,3175,2.0,3.77
212,1704,2.5,4.14
81,457,4.0,4.02
560,1198,4.0,4.4
264,5816,4.0,3.6
274,2587,4.0,3.3
20,2135,5.0,4.07
20,899,4.0,4.09
610,66509,3.5,0.0
388,103335,5.0,3.78
438,2420,3.5,3.71
414,6568,2.0,0.0
183,2872,3.0,3.66
318,3438,3.5,2.88
265,608,4.0,4.15
160,3683,5.0,3.91
567,152071,1.5,0.0
288,2805,2.0,3.01
20,1012,4.0,3.33
174,595,3.0,3.86
313,172,1.0,2.69
179,339,3.0,3.61
547,1273,5.0,3.84
239,8798,4.0,3.74
352,102445,4.5,3.92
44,605,1.0,3.11
561,786,1.5,3.22
381,44195,4.0,4.04
399,5952,5.0,4.03
50,1377,3.0,3.05
318,68444,3.5,0.0
420,3081,4.5,3.53
111,93443,4.5,3.66
552,2338,1.0,2.23
304,2393,5.0,2.89
382,122902,2.0,2.22
62,108729,4.0,3.4
599,6517,1.5,0.0
132,52281,4.0,3.56
154,68954,5.0,4.07
167,541,3.5,4.1
570,282,3.0,3.44
70,527,5.0,4.26
511,356,4.5,4.2
62,136864,4.0,2.48
610,54001,4.0,4.04
47,72641,4.0,3.73
480,4900,1.5,0.0
91,5500,3.5,4.47
325,921,4.0,3.44
144,6953,4.0,3.32
600,5540,3.5,3.64
141,109487,5.0,3.91
525,4816,4.0,3.56
608,543,3.5,3.46
405,2021,3.5,3.27
318,7458,3.5,3.52
521,608,5.0,4.13
20,914,4.5,4.08
474,3087,1.5,3.41
305,1968,5.0,3.92
499,2337,4.0,0.0
477,832,3.0,3.39
307,1961,3.0,4.1
380,1228,3.0,4.31
347,588,4.0,3.93
368,1101,4.0,3.24
317,94959,3.0,4.2
483,551,4.0,3.67
328,1262,4.0,4.23
45,11,3.0,3.83
10,63992,4.5,2.31
540,5693,2.5,3.37
221,1206,4.5,4.23
551,134130,4.5,3.99
84,1343,4.0,3.75
305,1247,5.0,4.18
139,91500,2.0,3.49
580,5329,3.5,3.12
132,551,3.5,3.58
119,2324,5.0,4.16
608,1954,4.5,4.07
370,1080,4.0,4.09
608,4344,4.5,3.13
610,8781,3.0,2.98
495,102686,3.0,3.51
610,102066,4.0,0.0
225,1997,3.0,4.05
575,2542,5.0,4.01
564,69278,4.5,2.72
100,1380,4.0,3.27
287,3949,5.0,3.87
562,5989,4.0,4.15
586,33493,4.5,3.65
57,951,4.0,4.51
428,2334,2.0,2.96
599,2335,1.5,3.17
199,1101,2.0,3.21
492,694,3.0,2.59
606,2114,4.5,3.38
161,3751,5.0,3.52
19,196,2.0,2.85
328,33004,3.0,3.49
150,1356,5.0,3.93
298,353,2.5,3.61
500,3536,4.0,3.44
362,4995,3.5,4.11
474,2020,4.0,4.42
105,3793,3.5,3.81
530,597,4.0,3.54
187,6857,5.0,3.61
390,60040,3.5,3.32
414,52975,3.5,3.9
204,527,4.5,4.25
414,115210,4.0,4.13
163,1726,2.0,3.51
599,1215,4.5,4.45
368,3082,3.0,3.41
45,2771,5.0,3.65
607,1,4.0,3.98
601,112852,4.0,4.19
485,316,3.0,3.33
274,2529,4.0,3.95
610,103085,3.0,0.0
414,6,3.0,4.35
477,1253,4.0,4.04
254,150,4.0,3.84
525,7161,1.5,2.34
448,1911,3.0,3.05
474,1193,3.5,4.68
249,43871,3.0,2.94
357,26133,4.5,3.65
438,145,5.0,3.43
227,59369,4.5,3.63
122,296,5.0,4.35
524,1208,4.0,4.21
140,3257,3.0,3.07
499,1202,5.0,0.0
313,1371,4.0,3.1
357,3556,4.0,3.94
387,344,3.5,3.08
222,110,4.0,4.1
199,2252,3.0,2.36
483,46976,3.5,3.76
298,57504,4.0,4.51
483,2105,3.5,3.43
19,3594,2.0,3.99
195,3897,5.0,3.88
590,1374,4.5,3.8
297,1004,2.0,3.32
186,5181,4.0,0.0
414,5460,4.0,0.0
474,1366,4.0,3.51
534,93766,4.0,2.5
380,79132,5.0,4.59
387,26052,4.0,0.0
301,54001,4.0,3.83
238,1266,3.0,4.14
428,2381,0.5,3.04
534,59103,4.0,3.6
116,1036,3.5,3.88
34,4369,3.0,3.19
353,168,3.0,3.08
246,6377,5.0,4.07
223,2747,2.0,3.21
345,3247,4.5,3.03
414,5107,2.0,0.0
332,1931,4.0,0.0
62,69122,4.0,3.93
342,2840,3.0,3.01
202,3359,4.0,4.32
477,910,3.5,4.0
292,31685,3.0,3.33
387,4687,3.5,0.0
328,81834,4.0,4.09
232,43904,2.0,1.1
404,587,3.0,3.43
514,72171,2.0,0.0
522,2706,3.0,3.39
365,5952,3.0,4.06
239,1584,4.0,3.66
380,3984,3.0,3.73
139,106782,0.5,4.06
275,5225,5.0,4.02
220,64983,3.5,3.39
489,2294,1.5,3.37
21,5796,2.0,2.41
177,2006,3.0,3.26
21,5816,4.0,3.69
257,5952,3.0,3.99
387,4228,2.0,1.96
43,575,5.0,2.39
307,1021,1.0,2.5
452,3438,4.0,2.91
561,101864,2.0,3.77
28,44199,2.0,4.01
105,8970,4.0,3.73
190,6870,4.0,3.78
68,98809,4.5,4.24
318,103249,3.5,2.97
182,2329,4.5,4.48
199,3082,3.0,3.26
380,1729,2.0,3.92
605,592,3.0,3.54
125,1034,4.5,3.88
119,135532,4.5,0.0
600,2318,2.5,4.48
89,31851,3.0,0.0
599,3501,2.5,0.0
608,8622,3.0,3.95
586,1833,4.0,3.16
153,64034,1.0,4.16
410,1171,4.0,3.2
380,344,5.0,3.11
168,1201,5.0,4.28
312,2793,1.0,1.98
600,3608,4.0,2.82
240,338,5.0,2.84
292,56775,4.0,3.08
274,31225,3.0,3.5
555,6184,5.0,4.11
298,8372,0.5,2.8
332,3811,3.5,3.68
610,41569,3.5,3.36
448,83910,2.5,0.0
453,2692,4.0,4.03
510,556,4.0,3.0
288,3441,2.0,3.74
462,1464,0.5,3.46
91,19,2.0,2.97
414,2015,3.0,4.04
22,7361,3.5,4.26
24,593,4.5,4.23
177,337,2.5,4.05
314,10,3.0,3.52
139,6059,1.5,3.31
492,692,4.0,1.63
173,150,4.0,3.81
64,7360,4.5,4.25
79,1200,4.0,3.95
318,81191,4.0,0.0
414,904,5.0,4.85
517,2671,3.0,3.47
514,2878,2.0,0.0
288,2359,4.0,3.54
608,1748,5.0,3.8
414,4458,4.0,0.0
606,4718,1.0,3.16
499,4248,1.0,2.25
139,7445,2.0,3.88
597,480,5.0,3.85
605,52435,3.0,3.67
268,334,5.0,4.03
477,8376,4.5,3.15
446,434,2.0,3.07
534,72308,4.0,0.0
552,5377,3.5,3.81
241,1206,4.0,4.17
202,2349,4.0,3.1
428,5025,3.0,2.57
103,2761,3.0,4.2
583,76093,4.0,3.9
474,5991,4.0,3.99
480,4718,1.5,3.13
104,4896,4.5,3.86
307,5952,3.0,4.21
567,141668,0.5,0.0
313,2080,1.0,3.52
600,4975,3.5,3.53
434,4995,4.0,4.17
144,509,3.5,3.7
477,2393,3.5,2.85
187,6620,5.0,4.04
578,56389,4.0,0.0
221,1207,5.0,4.28
148,69757,3.5,3.55
579,2763,4.0,3.65
273,520,3.0,3.03
169,8529,4.0,3.39
381,56757,4.5,3.9
358,66203,4.0,2.57
610,4034,3.5,4.36
469,1527,5.0,3.7
202,2108,4.0,3.58
599,4148,2.5,2.9
414,5669,4.0,4.24
220,59615,4.0,2.71
490,86833,3.0,4.04
380,317,4.0,3.58
160,367,5.0,3.33
202,3072,3.0,3.55
606,168,2.5,3.22
380,1215,5.0,4.33
200,51662,5.0,3.73
465,1518,4.0,3.36
596,122926,4.0,4.3
303,1129,3.5,3.52
448,4066,2.0,3.58
370,1673,3.5,4.16
111,99117,3.0,3.16
274,58870,3.0,0.0
561,83134,3.5,3.58
226,6287,2.5,3.14
357,724,3.5,3.09
177,3785,3.0,3.04
200,8360,3.5,3.68
201,2302,5.0,3.25
552,3101,2.5,3.22
610,2391,4.0,3.62
4,1860,2.0,2.81
527,1125,4.0,3.69
474,2248,5.0,4.24
70,3147,2.5,4.16
187,4902,4.5,2.9
559,595,3.0,3.88
480,147,4.0,3.7
17,2717,3.5,3.07
414,2558,2.0,2.17
59,1631,5.0,0.0
103,4886,3.5,4.04
41,8981,4.0,3.62
6,240,3.0,2.32
84,1291,3.0,4.23
34,1391,1.0,3.16
57,3811,4.0,3.79
606,1186,4.0,3.7
599,1589,3.0,3.7
200,2291,3.5,3.76
599,497,3.0,4.15
414,661,4.0,3.52
468,434,3.0,3.02
560,3897,3.0,3.93
590,2918,4.0,4.11
66,1912,4.5,3.96
226,2054,4.0,2.96
414,408,2.0,0.0
80,80489,4.5,3.87
572,1193,5.0,4.3
555,2144,5.0,3.8
274,6,4.0,4.22
190,4734,3.0,3.09
525,48780,4.0,4.33
441,10,4.5,3.48
234,1495,2.0,0.0
558,662,5.0,2.67
589,161,3.0,3.68
582,91500,4.0,3.51
599,296,5.0,4.52
477,2700,3.5,4.12
111,6003,4.0,3.54
428,69,3.5,3.7
28,2706,3.0,3.45
474,3011,4.0,4.0
525,164540,3.5,0.0
68,6893,3.5,3.75
18,858,4.0,4.51
232,63992,2.0,2.61
226,466,3.5,3.1
288,5679,2.0,3.41
599,1271,2.5,3.52
352,53953,4.0,3.05
572,1952,5.0,3.68
385,1197,4.0,4.28
51,4215,3.5,0.0
44,733,5.0,3.7
91,150,3.5,3.95
303,2791,5.0,3.9
438,48774,3.0,4.32
610,96815,3.5,0.0
212,64614,4.0,4.17
217,1198,5.0,4.34
448,1188,3.0,3.81
387,32587,4.0,4.11
488,5135,4.0,4.43
75,44199,3.0,3.85
307,55729,3.0,0.0
140,5506,3.0,0.0
6,590,5.0,3.86
428,7143,3.0,3.94
156,3317,4.5,3.66
361,1200,3.0,3.95
521,1073,4.0,3.92
113,593,4.0,4.22
517,65685,4.0,3.37
386,592,1.0,3.52
205,179817,4.5,0.0
169,73,4.0,3.34
596,3114,3.5,3.98
597,543,3.0,3.42
370,8983,4.0,3.32
62,150548,5.0,3.68
608,2188,2.0,1.36
91,1210,4.0,4.32
103,5,4.0,3.11
133,780,3.0,3.47
328,3793,0.5,3.7
377,2455,4.0,3.45
590,2302,4.0,3.44
235,348,4.0,3.61
23,2726,4.0,4.01
86,2028,3.5,4.14
68,44665,4.0,3.9
224,1270,5.0,4.04
103,148626,5.0,3.95
190,5445,3.5,3.73
314,23,3.0,2.86
425,1206,3.0,4.17
21,122896,4.0,4.49
357,16,3.5,3.98
76,57669,4.0,4.1
381,5299,5.0,3.22
586,2571,5.0,4.29
253,955,4.5,3.74
105,926,4.0,4.42
414,2134,5.0,3.3
233,780,2.5,3.51
105,8511,4.5,0.0
448,112818,2.0,3.95
268,46,1.0,3.57
104,73017,3.5,3.95
10,70183,3.0,3.58
166,3681,4.0,4.26
599,2160,3.0,4.38
414,2012,3.0,4.07
290,1307,4.0,3.95
480,30825,2.5,3.26
534,102445,3.5,4.12
102,434,3.0,3.05
603,1414,4.0,2.56
160,527,5.0,4.32
517,527,3.5,4.34
600,26662,4.5,4.29
111,52973,3.5,4.04
30,68358,5.0,4.0
288,5459,2.5,3.07
561,3255,4.0,3.46
137,2020,4.5,4.14
58,318,5.0,4.53
103,81819,4.5,0.0
129,4963,4.0,4.03
305,733,4.0,3.87
265,2454,4.0,3.44
380,4492,3.0,0.0
7,5378,0.5,3.37
592,442,4.0,3.06
517,45668,2.0,3.46
391,2916,4.0,3.76
51,1201,4.0,4.33
331,5444,3.0,3.92
599,3145,3.0,3.53
325,1608,2.0,3.41
558,94,3.0,3.94
217,520,2.0,3.18
50,122904,1.5,4.03
384,2259,3.0,3.7
480,5283,4.0,2.96
405,3676,5.0,3.61
119,78499,3.5,4.37
269,1,5.0,3.92
155,3745,4.0,3.31
580,6333,4.5,3.84
450,1466,4.0,3.81
15,158,1.0,2.92
288,3751,3.0,3.65
141,6377,4.5,4.09
382,56775,3.0,3.0
10,51834,1.5,0.0
410,4014,3.0,3.62
80,74458,4.5,4.21
345,5707,3.5,0.0
600,3271,2.0,3.95
298,52281,2.0,3.83
586,7143,3.0,3.93
83,5010,4.0,3.9
174,165,3.0,3.72
226,3081,2.5,3.59
596,40955,3.5,0.0
274,51412,3.5,3.28
275,905,3.0,4.59
28,2985,3.0,3.52
86,2421,4.0,2.75
462,189713,2.5,0.0
429,595,5.0,3.85
100,2396,4.5,3.84
380,150596,4.0,0.0
57,2571,5.0,4.31
292,805,4.0,3.73
160,592,4.0,3.58
352,3535,4.0,3.83
343,4378,4.0,3.71
219,54259,4.5,3.72
105,6870,4.0,4.0
182,4370,3.0,3.45
42,2302,4.0,3.39
577,1396,4.0,3.45
47,5943,2.0,2.43
380,173291,2.0,3.49
469,2411,2.0,2.92
62,1270,4.5,4.11
453,434,4.0,3.16
463,8622,3.5,3.64
372,457,5.0,4.1
571,70,2.0,3.59
141,1918,3.0,2.81
222,41285,3.5,3.69
387,2502,4.0,4.26
328,2542,4.5,4.1
507,480,4.0,3.74
273,410,4.0,3.16
298,90888,0.5,3.97
330,1673,4.0,4.23
414,5529,2.5,0.0
608,1208,3.0,4.34
297,165,3.0,3.68
219,6333,3.0,3.92
387,3030,4.5,4.16
361,420,3.5,2.86
610,89281,3.5,0.0
140,1729,4.0,3.85
567,142488,2.5,4.54
580,2628,4.0,3.32
234,1378,4.0,3.09
517,8772,0.5,0.0
29,2028,5.0,4.14
98,122926,5.0,4.14
525,7022,3.5,3.91
8,208,3.0,2.98
51,35836,3.5,3.7
67,7153,2.0,4.14
610,5388,3.0,3.68
448,8493,3.0,0.0
140,2,3.5,3.59
307,52722,3.5,3.13
132,3052,2.5,3.73
66,2706,4.0,3.45
6,349,5.0,3.85
91,1687,3.5,3.47
182,3858,4.0,3.4
68,1438,3.0,2.66
256,117529,4.0,3.46
274,4366,3.0,3.9
566,236,4.0,3.47
57,2273,3.0,3.6
468,110,4.0,4.01
346,293,4.0,4.07
122,442,4.0,3.1
460,8636,3.5,3.84
303,168,3.0,3.01
282,1517,4.5,3.64
381,31804,4.5,3.21
137,1721,4.0,3.46
249,2572,3.5,3.87
381,6537,2.5,3.09
458,454,5.0,3.63
66,1784,5.0,3.92
42,1474,2.0,2.41
140,6297,3.0,3.51
480,4128,3.5,3.75
506,68269,4.0,0.0
298,47518,2.0,2.88
217,3404,5.0,3.71
517,97194,1.0,0.0
608,8961,4.0,4.06
61,30707,4.5,3.89
292,2993,4.0,3.41
240,454,3.0,3.68
599,55167,4.0,4.47
599,3387,2.0,3.32
88,527,4.0,4.26
305,1250,5.0,4.14
200,2991,4.0,3.84
477,8810,3.0,2.87
594,7114,0.5,0.0
230,1608,2.5,3.41
240,2,5.0,3.44
418,1247,4.5,4.07
275,3362,5.0,4.03
517,1953,1.5,3.91
239,6,5.0,4.03
307,65601,2.0,0.0
512,161,4.0,3.71
298,102993,3.0,3.31
605,2870,3.5,3.34
301,30707,4.5,3.9
202,1961,4.0,3.99
474,3254,3.0,3.74
105,69134,5.0,3.42
448,114074,3.0,4.06
122,48385,4.5,3.36
414,440,3.0,4.08
393,53996,0.5,3.37
427,5620,2.0,2.88
311,1258,4.0,4.1
380,49272,5.0,4.4
161,1234,4.0,4.05
248,4886,3.5,3.9
45,32,4.5,4.09
339,37741,4.5,3.95
480,586,4.0,3.35
177,1911,3.0,2.91
480,1982,3.0,4.01
325,1298,4.0,3.94
181,135,3.0,3.03
68,62155,3.0,3.57
474,5231,3.5,0.0
275,3552,5.0,3.9
304,802,4.0,3.37
28,55276,2.5,4.16
505,54999,3.0,3.57
67,2571,4.5,4.2
387,5110,3.0,3.87
50,3034,3.0,3.62
603,377,5.0,3.73
437,1097,3.0,3.84
562,1197,5.0,4.35
444,500,3.0,3.44
462,104211,4.0,3.81
489,3255,3.5,3.52
39,1258,5.0,4.14
108,5952,3.0,4.01
110,374,1.0,2.2
274,46335,1.5,2.11
599,562,2.0,4.15
336,2858,5.0,4.08
177,6365,2.5,3.57
169,7080,5.0,0.0
474,39183,4.0,3.75
159,62,3.0,3.73
109,144,3.0,3.43
406,2694,3.5,3.29
465,1573,3.0,3.52
74,6270,5.0,4.01
562,36529,3.5,3.91
448,3146,4.0,2.69
288,2124,3.0,3.68
328,2078,3.5,3.92
420,1927,3.5,4.34
284,44,3.0,2.5
249,115617,3.5,4.31
212,8641,3.5,3.71
448,72998,3.0,4.12
448,3639,4.5,3.66
232,6619,1.5,3.01
249,72605,3.5,3.56
232,8640,3.0,3.16
564,74946,4.0,3.53
414,3160,5.0,3.59
217,2985,4.0,3.55
414,2064,3.0,3.98
91,4109,3.0,2.57
352,40732,4.0,3.72
191,308,5.0,3.71
219,5151,3.5,3.07
66,4886,4.5,4.05
192,480,5.0,3.74
479,4372,2.0,3.84
282,91529,4.0,4.17
380,965,4.0,4.2
279,1210,4.5,4.22
556,74789,4.0,2.93
577,1203,4.0,4.15
448,103384,1.0,3.47
77,5349,5.0,3.49
414,6696,2.5,0.0
21,78499,4.0,4.42
489,1333,4.0,3.8
429,420,2.0,2.89
603,2640,2.0,3.88
489,2424,3.5,3.4
474,5379,4.5,0.0
477,455,3.0,2.73
380,66783,3.0,0.0
600,2916,2.0,3.82
480,44191,4.0,4.1
188,898,5.0,4.36
357,7254,4.0,3.65
91,253,4.5,3.67
287,1777,3.0,3.54
217,216,1.0,3.43
307,6252,1.5,2.71
599,120827,3.0,0.0
226,3826,2.0,2.43
80,52604,4.5,3.66
1,1214,4.0,4.08
79,3256,2.0,3.74
562,1259,5.0,4.03
288,3471,4.0,4.12
50,6711,3.0,4.2
540,1681,2.0,1.93
182,6373,2.0,3.42
68,2023,3.5,3.66
599,2058,3.0,3.87
199,2171,4.0,3.37
221,31610,4.0,0.0
282,2908,4.0,3.52
453,1,5.0,4.05
52,2324,4.0,4.15
474,41,3.5,4.08
68,69757,4.0,3.98
509,5171,2.5,3.11
122,292,4.0,3.36
603,649,3.0,0.0
249,5995,3.5,4.11
408,69278,4.0,2.7
448,1073,4.0,4.21
599,435,1.5,2.64
18,122924,4.0,3.29
101,2770,2.0,2.86
241,39869,4.0,0.0
414,51834,3.0,0.0
93,2054,4.0,2.87
160,2771,1.0,3.53
73,45499,5.0,3.5
394,410,2.0,3.16
249,3578,4.0,4.5
125,175303,3.0,3.34
254,3363,3.0,3.91
160,110,4.0,4.14
73,111921,3.5,3.51
68,59731,3.5,0.0
462,3006,4.0,3.81
141,6365,3.0,3.36
305,2058,4.0,3.61
514,2762,4.0,4.04
469,2736,3.0,0.0
499,1201,4.5,4.22
380,4254,3.0,2.57
377,3524,2.0,3.15
438,393,2.0,2.9
428,70,3.0,3.66
414,95441,3.0,3.87
462,2064,4.5,3.87
58,276,2.0,3.27
82,1387,2.0,4.16
369,7132,3.5,4.14
430,923,5.0,4.0
222,36517,2.5,3.54
57,778,4.0,4.19
563,86882,4.0,3.79
541,356,5.0,4.21
210,146662,5.0,0.0
122,111,5.0,4.35
448,4728,2.5,3.42
104,3751,4.0,3.52
305,59900,4.0,3.37
82,6953,2.5,3.33
229,442,3.0,3.02
32,529,4.0,3.81
80,80363,4.0,2.71
414,55052,3.5,3.85
560,3408,3.5,3.68
332,1961,4.0,3.98
235,62,5.0,3.74
593,1704,3.0,4.13
11,1100,3.0,2.82
353,420,1.0,2.89
19,1544,1.0,2.8
182,1302,4.0,3.95
459,99114,5.0,3.92
62,7143,4.0,3.97
587,628,5.0,3.58
301,597,4.0,3.55
62,182715,4.0,0.0
168,1244,4.5,4.07
125,158972,3.5,0.0
580,293,5.0,4.17
117,590,4.0,3.85
249,2628,3.5,3.55
474,2870,3.0,3.34
79,2000,4.0,3.69
380,6880,3.0,1.85
437,608,5.0,4.15
332,85056,3.0,3.27
19,2915,2.0,3.57
313,5540,5.0,3.58
270,733,3.0,3.69
603,3004,1.0,2.58
414,60128,3.5,0.0
580,1339,4.0,3.39
522,66934,4.5,3.98
119,7454,3.5,2.92
99,276,4.0,3.25
177,3988,3.5,3.21
33,1357,4.0,4.23
555,2259,4.0,4.06
479,4410,4.0,0.0
580,6502,4.5,4.15
125,163134,4.0,0.0
525,6711,4.0,4.31
477,6711,4.0,4.28
610,87306,3.5,3.9
256,109374,3.0,3.92
592,520,2.0,3.07
169,6377,5.0,4.11
232,4232,2.5,3.13
132,4308,4.0,3.68
156,11,3.0,3.8
603,1955,4.0,4.39
298,69069,1.5,3.55
462,27878,3.0,4.22
292,4816,2.0,3.5
334,69122,4.0,3.8
217,2991,3.0,3.92
522,2023,2.5,3.5
222,778,3.5,4.17
222,97304,4.5,4.14
534,2161,4.0,3.67
428,3175,2.0,3.69
580,2542,4.5,4.17
469,2028,4.0,4.22
186,2000,4.0,3.79
312,903,5.0,4.11
474,2130,3.5,3.55
600,2142,3.5,2.26
536,357,1.0,3.55
383,2977,4.0,0.0
247,1213,3.5,4.33
610,138036,3.5,4.06
509,63992,1.5,2.44
292,3861,3.0,2.79
68,60756,2.5,3.74
492,852,3.0,3.2
288,616,3.0,3.45
564,73266,4.0,0.0
483,91104,2.5,2.19
361,3753,4.0,3.5
74,2313,3.5,4.07
414,135,2.0,3.36
1,2700,5.0,4.06
448,6314,2.0,0.0
156,300,3.5,3.52
155,1580,4.0,3.56
480,1282,3.5,3.58
474,36537,3.5,0.0
303,3793,5.0,3.64
232,3999,3.5,2.93
104,25937,3.5,0.0
495,45672,4.5,3.07
509,8808,2.0,2.87
606,1086,4.5,4.19
541,444,2.0,0.0
469,1180,3.0,0.0
590,36,3.5,3.83
418,8368,5.0,3.86
258,76093,4.5,3.9
596,592,3.5,3.59
82,6249,3.5,0.0
505,3039,3.5,3.79
603,4802,1.0,3.77
387,2470,2.5,3.31
274,3717,3.5,3.71
466,45499,3.5,3.47
89,6188,3.0,3.57
19,104,2.0,3.58
62,7458,4.0,3.48
217,1676,2.0,3.49
376,1215,3.5,4.0
117,41,4.0,3.61
380,104241,4.0,3.82
522,127098,5.0,4.33
484,3825,3.5,2.8
590,1208,4.5,4.41
380,5009,4.0,2.74
100,104,3.5,3.55
117,50,4.0,4.26
291,106489,4.0,3.42
275,1354,2.0,4.49
255,223,2.0,3.91
448,94919,2.5,0.0
462,38198,4.0,0.0
606,5372,3.5,0.0
137,3504,4.5,3.92
227,79132,3.5,4.18
517,1029,4.0,3.52
305,65216,4.5,3.81
474,7085,3.5,0.0
448,4621,2.0,2.89
182,1779,3.5,3.17
597,2402,2.0,2.98
139,78499,2.0,4.37
238,1608,4.0,3.37
599,4929,2.5,2.33
520,1200,5.0,4.01
517,65230,2.5,3.28
328,5952,4.0,4.09
13,4148,4.0,2.77
27,2876,2.0,0.0
266,555,5.0,3.85
414,1012,4.0,3.57
211,7153,4.0,4.18
495,1172,5.0,3.88
141,46976,5.0,3.63
607,1094,3.0,3.56
274,3471,3.5,4.14
292,2167,3.0,3.56
268,2640,3.0,3.75
57,3901,3.0,0.0
46,593,5.0,4.21
547,2917,4.0,3.59
295,32587,3.5,3.95
298,1213,4.0,4.4
462,223,4.0,3.96
588,480,3.0,3.75
471,2959,4.0,4.28
122,2012,4.0,3.59
73,58559,4.5,4.32
339,1193,5.0,4.35
221,3681,4.5,4.34
474,2478,3.0,3.39
178,349,4.0,3.72
414,1885,4.0,3.34
28,1092,2.5,3.4
610,59784,3.5,3.91
21,4489,4.5,3.31
524,47,5.0,4.04
282,6104,4.5,4.16
414,3317,4.0,3.82
601,172591,4.5,0.0
380,27584,3.0,0.0
294,70,4.0,3.64
415,6016,4.5,4.21
387,3455,2.5,0.0
92,54190,4.0,4.26
510,1020,3.0,3.13
387,2700,3.0,4.21
240,104,5.0,3.56
307,180,4.0,3.76
382,47952,3.0,0.0
414,112,3.0,3.73
45,1396,4.0,3.44
474,2764,3.5,4.2
555,3688,1.0,2.26
426,54001,4.5,3.89
404,367,3.0,3.28
326,30707,3.5,3.93
84,1079,5.0,4.09
405,8254,4.0,4.38
590,4677,3.5,2.89
57,780,3.0,3.59
603,2916,4.0,3.83
334,364,4.0,4.0
517,918,4.0,3.83
409,1219,4.0,4.03
380,43871,3.0,2.88
131,4993,3.5,4.19
599,8500,2.5,0.0
307,4848,3.0,3.92
47,47,3.0,3.98
534,62113,4.5,2.8
105,4720,4.5,3.91
408,1291,5.0,4.19
217,438,3.0,3.56
359,2858,4.0,4.07
374,318,4.0,4.5
438,4239,3.0,4.06
232,54256,3.5,1.76
469,1950,4.0,4.52
610,5110,4.0,3.98
381,33679,3.5,3.55
229,150,5.0,3.84
71,24,2.0,3.17
334,6350,3.5,4.13
534,67923,4.0,3.04
601,78499,4.0,4.38
274,922,3.5,4.79
61,1304,5.0,3.91
374,110,5.0,4.02
68,5782,4.0,3.84
603,1289,4.0,3.89
354,858,4.0,4.4
409,2599,5.0,3.63
599,673,2.5,3.31
475,56174,4.5,3.56
591,2997,2.0,4.0
177,6765,3.0,3.87
528,58559,5.0,4.22
608,6187,4.0,3.43
287,6620,5.0,4.02
307,6558,2.0,0.0
213,5479,4.0,3.03
57,2405,2.0,3.15
525,3556,4.5,3.96
573,8961,4.5,3.95
489,3481,3.5,3.73
343,50,4.5,4.27
599,4063,2.0,2.77
312,2407,4.0,3.2
307,4534,2.0,0.0
169,3247,4.5,3.15
489,5502,3.5,3.25
208,1210,4.0,4.17
574,588,5.0,3.9
249,71254,3.5,3.84
21,4638,4.0,3.08
594,2617,3.5,3.17
325,58,4.0,3.95
509,84944,3.5,3.65
122,3863,4.5,3.02
532,2194,5.0,3.89
594,3793,4.5,3.71
154,164179,4.5,4.08
569,595,4.0,3.83
68,4011,3.0,4.59
317,3252,3.0,3.71
599,2399,2.0,2.23
509,101962,3.0,0.0
159,1961,3.0,3.9
376,38038,5.0,3.81
386,172,2.0,2.67
228,1214,4.5,3.95
414,51255,3.5,4.78
308,1136,4.0,4.21
438,1562,2.0,2.21
448,157296,4.0,3.73
590,1086,4.5,4.08
160,2748,3.0,1.22
305,70159,4.0,0.0
298,32031,0.5,3.18
599,168248,3.0,4.88
57,1059,3.0,3.76
522,7153,3.5,4.22
509,78499,4.0,4.43
537,2571,4.0,4.2
414,4322,4.0,3.93
62,171763,4.0,4.48
599,919,3.0,3.89
89,69720,4.5,0.0
263,5135,4.0,4.41
111,59022,3.0,3.59
91,6333,4.0,3.86
305,55118,3.5,4.53
603,1235,3.0,4.28
469,3363,4.0,3.93
599,547,2.5,0.0
21,103801,0.5,3.1
425,608,2.5,4.22
39,596,3.0,3.46
111,104925,5.0,2.9
249,1200,3.5,4.24
336,50,5.0,4.27
599,3173,2.5,3.32
341,90890,3.5,2.23
4,2997,4.0,4.03
438,3646,2.5,2.06
527,2822,5.0,2.87
385,434,1.0,3.09
171,596,5.0,3.45
520,316,4.0,3.39
193,1193,5.0,4.19
73,110102,5.0,4.04
215,180,3.0,3.66
590,3450,3.0,3.53
482,6320,1.0,0.0
200,50601,0.5,3.33
580,4034,4.0,4.06
599,1748,2.5,3.89
599,1081,2.5,3.79
28,8977,2.5,2.17
182,6870,3.5,4.01
376,8798,3.5,3.7
199,593,4.0,4.3
216,3061,4.0,3.86
199,1079,4.0,4.13
488,1197,5.0,4.31
506,45447,0.5,3.15
597,1172,5.0,3.94
274,3160,2.5,3.63
480,7438,4.0,4.09
129,33794,4.5,3.87
158,58293,3.5,2.61
351,2995,2.5,2.78
610,58964,4.0,0.0
480,4899,1.5,2.19
407,112556,5.0,3.64
298,54934,0.5,0.0
89,951,3.5,4.54
387,2118,3.5,4.03
474,45517,3.5,3.38
232,2081,2.5,3.56
509,95858,3.5,0.0
561,84954,2.0,3.63
59,2987,1.0,3.64
93,2103,4.0,1.76
160,1307,4.0,3.97
445,6016,2.0,4.21
387,2459,3.5,3.24
368,1291,2.0,4.22
610,6711,5.0,4.39
274,8578,3.5,0.0
474,7647,3.5,0.0
428,1120,3.5,3.65
182,70,4.5,3.77
215,1617,4.0,4.05
386,380,3.0,3.6
200,30793,3.5,3.01
122,8464,4.5,3.6
605,8008,3.5,4.29
466,40815,4.5,3.86
600,5956,2.5,3.74
449,370,3.5,3.13
265,3362,2.0,3.92
385,750,5.0,4.31
599,7438,4.0,4.23
414,3852,4.0,2.96
555,3016,4.0,2.89
477,1204,4.0,4.35
95,3033,4.0,3.41
362,260,4.5,4.28
358,5066,5.0,3.3
103,56782,4.5,4.45
610,3423,3.0,1.39
307,6350,4.0,4.32
219,6383,1.5,2.79
160,1920,1.0,3.23
432,1704,4.5,4.21
166,3481,4.0,3.7
34,6857,4.0,3.64
70,1962,4.0,3.82
448,51412,1.0,3.29
541,491,3.0,3.46
21,81591,1.0,3.71
23,2761,3.5,4.14
365,2005,3.0,3.68
112,109487,5.0,3.86
608,539,2.5,3.65
547,2076,5.0,4.04
182,5943,2.5,2.63
7,2858,4.0,4.1
57,1375,3.0,3.33
534,101864,4.0,3.84
280,1917,3.5,3.0
561,1230,4.0,4.15
318,3224,4.0,0.0
84,919,5.0,3.98
19,2321,3.0,3.53
182,2302,4.0,3.46
599,136449,4.0,0.0
332,3702,3.5,3.79
387,920,3.0,3.68
111,94777,1.0,3.72
202,2167,3.0,3.56
356,5225,4.5,4.02
420,541,3.5,4.1
305,88125,2.5,3.95
226,6870,4.5,3.9
599,441,3.5,4.16
286,653,3.0,3.12
469,1779,1.0,2.97
599,500,3.0,3.64
346,903,4.0,4.1
387,3917,3.5,3.43
249,1982,3.0,3.96
177,6156,3.0,3.34
434,44191,4.0,3.99
483,3301,4.5,3.69
414,48780,4.5,4.6
101,2706,4.0,3.35
113,2764,5.0,3.96
51,60487,5.0,0.0
132,29,2.0,4.09
312,1233,4.0,4.27
312,5952,5.0,4.08
385,1295,3.0,2.45
420,4816,4.0,3.48
275,441,4.0,4.02
597,1288,5.0,4.17
414,903,5.0,4.12
198,2117,3.0,3.97
215,4973,4.5,4.3
7,8949,4.0,3.66
169,5620,4.0,2.95
606,590,4.0,3.94
298,1591,1.5,2.37
414,55290,4.0,4.09
18,541,4.0,4.14
380,8501,3.5,3.79
375,4226,5.0,4.09
462,105835,4.0,0.0
599,3000,3.0,4.37
548,356,5.0,4.18
438,1617,5.0,4.14
610,7454,2.0,3.3
51,858,3.5,4.33
480,3421,3.0,3.94
62,172591,5.0,0.0
307,2122,3.5,1.81
608,2710,1.5,2.98
167,296,3.0,4.26
534,122886,3.5,4.03
200,5139,3.0,3.36
20,4366,1.5,3.61
117,799,4.0,3.5
590,2412,1.5,1.87
448,123947,3.0,0.0
103,90522,4.0,2.91
329,1884,5.0,3.84
561,593,4.0,4.45
21,2288,0.5,4.13
443,6016,4.0,4.18
274,4255,2.5,1.82
294,1837,1.0,2.67
80,42738,4.5,2.88
217,3269,2.0,2.98
182,2605,3.5,2.9
187,47,4.0,4.04
199,608,5.0,4.26
527,2355,5.0,3.58
28,3408,3.0,3.59
172,1982,3.0,3.73
380,1983,3.0,0.0
104,3671,3.5,3.9
414,95135,4.0,0.0
187,1175,4.0,3.96
264,7841,3.0,0.0
527,3071,5.0,3.44
7,46530,1.0,2.92
381,1580,4.0,3.75
246,7090,5.0,3.93
356,44889,5.0,0.0
1,3671,5.0,3.95
288,1213,4.0,4.57
105,3623,4.0,2.71
47,97938,3.5,3.76
387,3984,3.0,3.6
28,6870,3.0,3.9
599,3105,3.0,4.29
140,4034,4.0,4.1
489,5,2.0,3.15
186,592,4.0,3.57
610,2076,5.0,4.39
19,1566,4.0,3.58
44,1,3.0,3.92
227,55721,5.0,4.2
474,1207,4.0,4.55
387,1077,3.5,4.04
580,5349,3.5,3.61
217,174,2.0,2.69
305,93270,4.5,2.12
480,4343,3.0,3.16
169,1097,4.0,3.92
425,4993,4.5,4.3
380,4980,4.0,2.99
380,137863,4.0,0.0
414,7156,4.0,4.17
68,64997,2.5,0.0
176,110,5.0,4.02
480,7153,4.0,4.35
365,89864,4.0,3.68
480,6936,3.5,3.98
385,1288,5.0,4.08
318,5956,4.0,3.86
89,119714,3.5,0.0
414,4310,4.0,3.27
465,1252,5.0,4.31
27,126,2.0,1.79
603,4148,2.0,2.89
270,1073,5.0,3.92
171,1079,5.0,4.01
105,179133,5.0,0.0
84,248,2.0,3.04
346,2395,4.0,3.47
567,179815,1.5,0.0
122,2232,4.5,3.46
298,49396,3.0,3.75
372,353,2.0,3.54
10,95543,3.5,2.73
307,252,1.5,3.72
156,1408,4.0,3.7
414,112623,4.0,3.94
331,96610,3.5,3.7
202,110,4.0,4.16
368,3578,3.0,4.13
414,6502,4.0,4.68
1,1445,3.0,2.24
187,1921,5.0,4.06
19,1688,3.0,3.4
77,4973,2.5,4.28
577,592,2.0,3.58
6,89,4.0,3.42
424,44191,3.5,3.93
45,3254,4.0,3.52
28,56782,3.0,4.42
490,62434,2.0,3.65
517,2028,3.0,4.17
286,1732,3.0,3.92
137,26084,4.0,4.24
608,5901,4.5,0.0
18,117176,4.0,4.18
265,2916,3.0,3.63
68,8969,3.0,3.57
51,1243,5.0,4.08
304,924,4.0,3.95
499,27731,3.5,4.13
160,4370,4.0,3.4
597,1101,5.0,3.3
495,31410,4.5,4.08
128,940,5.0,3.68
156,492,3.0,4.01
280,216,3.5,3.42
307,4750,0.5,0.0
125,163645,4.0,4.3
483,208,3.0,3.07
200,708,4.0,3.46
606,1916,3.0,3.68
28,590,4.0,3.89
474,31410,3.5,4.18
526,296,4.0,4.26
610,3016,4.5,3.11
105,5463,3.0,2.85
509,112138,3.0,4.11
122,778,5.0,4.23
592,21,3.0,3.51
318,54256,4.0,1.72
509,42734,3.5,0.0
387,6123,4.0,0.0
466,87222,4.0,3.53
483,99087,3.0,0.0
553,3362,3.5,3.95
545,2427,4.0,3.22
232,3745,2.5,3.53
308,48,4.0,3.28
117,786,3.0,3.21
495,4979,5.0,3.77
458,597,4.0,3.55
292,33493,4.0,3.71
219,8865,2.0,2.88
359,2012,2.5,3.49
387,4289,3.5,0.0
249,8961,4.0,4.37
610,55067,3.5,0.0
232,44665,3.5,3.86
290,2066,4.0,0.0
282,5349,4.0,3.54
247,1197,5.0,4.33
182,3158,4.0,0.0
260,2076,2.0,4.09
135,2997,4.0,4.04
387,3897,3.5,3.98
368,2762,4.0,4.0
19,1347,2.0,3.05
260,6375,3.5,4.2
64,2871,4.0,3.85
497,4993,2.0,4.16
122,68954,5.0,4.21
489,3253,1.5,3.6
432,58559,4.0,4.32
177,76093,5.0,4.15
610,4448,3.5,3.59
606,6898,4.0,2.86
596,364,4.0,4.09
177,1088,3.5,3.62
414,3273,3.0,2.89
474,3708,3.5,3.16
195,16,4.0,3.98
483,337,2.5,4.05
42,4322,4.0,3.73
480,5459,3.0,3.08
599,168252,3.5,4.74
520,589,4.5,4.08
62,96861,3.5,3.71
288,42007,3.0,0.0
320,59315,4.0,3.89
491,50872,4.0,3.97
307,4238,3.0,3.4
489,5945,4.0,3.54
41,6870,3.0,3.85
381,8961,4.5,4.01
160,858,5.0,4.38
599,3962,1.5,0.0
84,1296,4.0,4.27
483,54503,4.0,4.23
165,2571,4.0,4.19
328,60756,2.5,3.53
372,300,5.0,3.47
599,5945,1.5,3.85
226,3360,4.5,3.72
94,420,3.0,2.86
605,7444,3.0,3.27
43,292,5.0,3.48
246,81847,5.0,3.95
462,105504,4.0,4.2
226,3489,3.0,3.58
195,1060,5.0,3.68
40,514,5.0,3.53
500,838,3.0,3.75
509,103042,3.5,3.49
387,1344,4.0,4.15
525,96079,4.0,3.96
308,21,1.0,3.51
369,3535,4.5,3.75
610,63082,5.0,4.51
212,140715,3.5,4.3
364,736,4.0,3.43
304,172,2.0,2.7
414,1587,5.0,3.43
103,2088,4.0,2.63
522,27006,3.5,0.0
369,1262,3.0,4.2
599,229,2.5,3.55
596,181719,3.5,0.0
84,361,3.0,3.19
380,5048,2.0,0.0
434,54272,3.5,3.69
226,5989,4.5,4.23
607,1320,3.0,3.18
567,750,3.0,4.32
509,7347,3.0,3.45
326,71462,4.0,4.56
57,2115,3.0,3.75
610,1127,4.0,3.37
462,2409,2.0,3.34
600,2084,3.5,1.89
89,121342,3.5,0.0
343,2329,4.0,4.26
414,36517,4.0,4.33
156,3072,4.0,3.55
305,1625,2.5,3.94
448,440,3.0,3.85
57,594,4.0,3.69
20,6157,2.0,2.6
313,541,5.0,4.13
600,5064,1.5,3.88
304,1210,5.0,4.25
469,1104,5.0,4.58
138,2707,0.5,3.26
217,2331,2.0,0.0
372,1015,2.0,3.09
603,3521,4.0,3.78
339,1625,4.0,3.82
438,3408,3.5,3.75
366,589,4.0,4.01
150,95,3.0,2.93
523,26776,4.5,3.71
380,1653,4.0,4.25
489,2379,1.5,2.6
111,71057,1.5,3.84
318,3412,4.0,3.4
333,3755,3.0,3.03
217,1014,3.0,1.51
514,2028,4.0,4.21
275,440,4.0,3.67
84,318,5.0,4.57
424,6870,4.5,3.79
408,8528,4.5,3.75
552,2598,2.5,2.81
109,110,5.0,4.05
380,68791,3.0,3.39
76,2858,4.0,4.09
19,798,2.0,3.02
305,1258,5.0,4.27
469,2391,5.0,3.84
590,2376,1.5,3.42
467,2125,2.0,3.67
68,3147,3.5,4.43
217,564,1.0,0.0
525,99149,4.0,4.01
199,380,3.0,3.62
475,2617,5.0,3.17
122,80463,5.0,3.94
564,3948,4.0,3.51
480,48783,4.0,3.59
66,7438,5.0,3.98
307,1093,3.0,3.72
425,5679,4.0,3.37
268,1968,2.0,3.8
608,6323,4.0,3.79
603,1639,5.0,3.7
469,3160,4.0,3.67
599,68319,2.5,3.05
474,3548,4.5,3.89
219,1240,4.0,4.0
222,6863,4.0,3.52
182,3503,4.0,3.7
212,81591,4.0,3.69
165,5481,3.0,2.9
509,4993,5.0,4.25
594,339,5.0,3.67
274,4544,3.5,2.87
230,3527,3.5,3.59
10,4995,4.0,4.08
125,160563,3.5,3.0
351,88405,3.5,3.04
586,5952,5.0,4.1
414,1007,2.0,2.61
68,1408,5.0,3.72
462,90430,3.5,0.0
489,4995,4.0,4.27
590,494,3.0,3.6
274,34534,3.5,3.66
414,187595,3.5,4.51
474,529,4.0,4.07
590,349,3.5,3.94
268,1196,5.0,4.21
514,1345,4.0,3.37
590,1945,5.0,4.17
448,4981,4.0,0.0
599,169958,1.0,0.0
31,736,4.0,3.44
111,165671,4.5,0.0
525,551,4.0,3.66
511,3307,4.5,3.81
298,114935,3.0,3.8
57,377,2.0,3.72
411,440,3.0,3.63
534,57640,4.0,3.89
54,500,3.0,3.44
68,1275,2.5,4.25
474,2116,2.0,3.48
182,5609,2.0,0.0
381,63808,2.5,0.0
420,7153,4.5,4.18
18,118900,3.5,2.26
477,34150,3.5,2.8
187,39869,4.5,0.0
100,3536,4.0,3.43
105,111759,3.5,4.39
590,940,5.0,3.89
370,40629,3.0,3.42
555,2329,5.0,4.4
514,4002,3.5,3.96
105,117176,4.0,4.13
19,3213,4.0,4.24
195,1921,2.0,4.04
27,2985,1.0,3.49
411,382,3.0,3.41
489,105,4.5,3.26
89,125974,3.5,0.0
425,8783,3.0,3.13
45,648,4.0,3.75
322,2997,0.5,4.04
534,31,3.5,3.32
305,903,3.5,4.11
263,4027,4.0,3.78
469,1719,5.0,4.26
591,3897,3.0,3.84
594,2001,4.5,3.23
469,3418,4.0,3.71
288,40959,4.5,3.44
187,235,4.5,3.67
317,223,4.0,3.95
249,68205,3.0,2.82
414,112183,4.0,4.03
263,2396,4.0,3.85
469,2058,3.0,3.57
105,4734,4.0,3.14
414,1816,3.0,1.68
517,2424,1.5,3.26
428,1527,4.0,3.72
334,733,3.5,3.71
469,3813,5.0,0.0
68,3409,3.0,3.45
603,1533,4.0,0.0
381,736,3.5,3.54
204,3266,5.0,4.26
380,84942,4.0,0.0
331,5952,4.5,4.06
137,1237,4.5,4.21
125,1221,4.5,4.3
471,6016,4.0,4.17
453,344,4.0,3.03
68,457,4.5,4.34
410,1085,4.0,0.0
563,2485,3.0,2.9
129,7438,4.0,3.91
367,3175,4.0,3.66
596,2774,3.0,0.0
175,531,3.5,3.15
318,96020,4.0,0.0
57,2804,4.0,4.1
208,10,2.0,3.46
494,1196,5.0,4.19
51,2752,2.5,2.85
414,1278,4.0,4.37
412,2710,2.0,2.84
369,47,3.5,4.01
137,780,3.0,3.48
307,1580,2.0,3.69
256,3593,4.5,1.6
603,1307,4.0,4.04
76,111,3.0,4.24
566,337,3.0,3.88
600,1265,4.0,4.18
419,6213,3.5,2.63
480,7618,3.5,0.0
105,1265,4.0,4.2
599,6534,3.0,2.89
234,2571,5.0,4.24
375,1196,5.0,4.18
18,62434,3.5,3.59
372,4006,1.0,4.01
563,1017,3.5,3.79
75,2640,1.5,3.76
304,296,5.0,4.28
564,5377,4.0,3.82
438,2167,4.0,3.64
330,466,3.0,3.02
460,4703,4.0,3.19
156,2239,5.0,4.5
534,86892,4.5,0.0
525,2628,3.0,3.34
571,3706,1.0,3.29
390,5220,1.5,2.68
19,1895,2.0,3.49
307,784,4.0,3.2
105,26471,3.5,5.14
448,60040,2.5,3.83
367,3253,3.0,3.52
318,41566,3.0,3.55
131,48780,3.5,4.24
232,50068,3.0,3.77
184,180985,3.0,3.68
51,39183,5.0,3.48
288,4976,4.0,0.0
84,50,4.0,4.3
156,26313,4.0,0.0
330,4306,4.5,3.99
249,84954,2.5,3.8
274,2761,3.5,4.39
567,119145,3.0,4.04
474,1610,4.0,4.16
419,89580,4.0,0.0
409,3298,3.0,3.8
28,27408,2.5,0.0
339,141749,4.0,0.0
221,4799,3.5,3.29
9,2877,3.0,0.0
298,4448,2.5,3.51
132,4700,3.0,3.25
32,788,1.0,2.75
82,1801,3.0,3.42
274,52973,3.5,4.02
397,1104,4.5,4.51
177,91535,3.0,3.34
246,4993,5.0,4.21
605,1917,3.0,2.97
21,1391,0.5,3.18
167,5816,4.5,3.62
101,3179,3.0,3.5
219,904,5.0,4.39
103,55820,4.5,4.01
474,5548,2.0,0.0
453,2324,5.0,4.24
328,106487,2.5,3.52
70,63082,5.0,3.91
545,49284,1.5,0.0
509,2028,3.5,4.2
610,100579,4.0,0.0
63,1084,4.0,4.12
24,2617,3.5,3.1
273,435,4.0,2.41
66,442,3.0,3.08
525,5618,4.5,4.2
606,897,3.5,0.0
474,1303,4.0,4.2
261,2717,3.0,3.03
18,90600,4.0,3.46
115,919,4.0,3.88
474,6863,3.5,3.71
599,115713,3.5,4.4
307,7265,3.0,3.84
567,166528,1.0,4.25
57,1079,3.0,4.17
294,3031,1.0,2.98
178,780,3.0,3.5
606,8961,4.0,4.06
414,45186,3.5,4.25
139,7090,3.0,3.89
220,56367,2.5,3.85
249,69951,4.0,3.82
469,1387,5.0,4.21
356,2692,5.0,4.03
132,63082,3.5,4.05
351,80590,3.5,0.0
177,911,4.0,3.89
288,3827,3.5,3.12
224,2100,5.0,3.16
267,1210,5.0,4.21
267,2396,5.0,3.83
526,30707,3.0,3.9
597,1291,5.0,4.19
476,153,3.0,2.95
509,85510,3.5,3.11
597,1244,5.0,4.06
34,27193,4.5,3.69
376,1234,4.5,4.07
307,6187,4.0,3.45
274,56775,3.0,3.26
599,8361,1.5,3.42
438,225,2.5,3.6
584,592,3.0,3.57
249,6550,3.5,3.28
318,182715,3.5,0.0
415,4308,3.0,3.64
351,778,4.5,4.11
414,3763,3.0,3.87
296,2959,5.0,4.29
326,648,3.0,3.57
298,101112,1.5,3.59
1,2090,5.0,3.28
414,51084,3.0,3.44
352,1682,3.0,3.93
207,2968,0.5,3.97
580,8494,0.5,0.0
64,27266,4.5,4.04
307,53996,4.0,3.41
414,5464,4.0,4.42
305,3267,5.0,3.49
602,553,2.0,3.92
68,3578,4.0,4.51
272,5903,4.0,3.89
91,6707,3.5,3.12
381,3052,4.0,3.79
119,81845,4.0,4.2
517,38038,2.5,3.83
272,589,3.5,4.0
380,71129,3.5,0.0
448,96737,2.0,4.52
32,1103,4.0,3.99
448,2053,2.0,2.34
332,2826,2.5,2.96
414,3052,3.0,4.1
135,2300,5.0,3.86
140,2617,2.0,3.18
552,780,3.0,3.52
414,2947,3.0,4.22
527,2161,5.0,3.67
265,1488,2.0,2.92
292,5989,2.0,4.17
17,4571,4.0,3.61
500,3301,4.0,3.46
274,4386,3.5,3.05
62,115149,5.0,4.0
166,34150,3.5,2.71
261,27611,4.5,3.73
221,27834,4.5,0.0
424,99114,4.5,3.97
425,316,3.5,3.45
525,2942,3.5,2.94
543,5481,0.5,2.9
469,1333,5.0,3.85
275,4963,4.0,4.06
599,4632,2.5,0.0
600,7318,0.5,3.38
110,778,3.5,4.12
90,1356,4.0,3.93
62,34150,3.0,2.87
200,2485,4.0,3.03
217,2990,3.0,3.49
122,3499,4.5,3.93
477,551,3.5,3.62
603,4810,2.0,0.0
123,7153,3.5,4.15
380,3638,4.0,3.28
599,61236,2.5,3.21
118,296,4.0,4.23
307,1453,0.5,2.25
294,1021,1.0,2.46
354,1219,4.0,4.05
234,4226,4.0,4.1
414,3147,4.0,4.74
599,7015,2.5,0.0
414,1605,3.0,0.0
600,2881,2.5,3.1
590,904,5.0,4.48
397,1244,5.0,4.02
580,6539,4.0,3.97
573,1148,5.0,3.99
540,4886,3.5,3.91
179,161,5.0,3.74
469,608,5.0,4.25
567,105468,2.0,0.0
239,5669,4.5,3.92
495,7318,0.5,3.36
373,305,5.0,2.52
247,59315,2.0,4.0
226,5481,4.0,3.04
604,367,3.0,3.28
11,349,5.0,3.74
588,185,1.0,3.22
288,367,2.0,3.43
266,1580,3.0,3.59
64,2699,3.5,2.94
551,166568,5.0,0.0
17,1093,4.0,3.59
305,6377,5.0,4.31
357,593,4.5,4.35
352,64969,3.0,3.91
117,317,3.0,3.27
199,5378,1.5,3.39
134,160,3.0,2.9
414,1836,4.5,4.72
221,1186,4.5,3.69
93,86,4.0,3.56
331,54001,3.0,3.88
227,87232,4.5,3.85
567,49274,2.5,2.37
377,2384,4.5,2.75
600,4275,3.0,3.39
480,6482,2.5,2.01
165,592,4.0,3.52
474,2181,3.5,3.83
84,1179,3.0,3.69
298,4975,2.5,3.66
448,95105,2.5,4.16
458,480,5.0,3.76
50,8928,4.0,0.0
19,653,2.0,3.18
285,858,5.0,4.32
606,1277,4.5,3.64
599,328,2.5,3.54
246,57669,4.5,4.16
599,216,2.5,3.67
474,7832,3.5,0.0
191,281,4.0,3.72
307,343,1.5,3.45
489,2713,2.0,2.98
402,719,3.0,3.02
45,1221,4.0,4.32
391,3266,5.0,4.34
448,2012,4.0,3.84
249,1732,4.5,4.0
103,1064,3.5,3.42
391,480,2.0,3.82
199,1197,4.0,4.35
190,8784,3.0,3.83
339,41566,3.0,3.51
149,1527,4.0,3.7
115,2858,1.0,4.11
380,98491,5.0,4.72
438,329,3.5,3.55
61,4878,4.0,4.06
25,68954,5.0,4.05
572,2917,5.0,3.71
313,2746,2.0,3.4
246,94777,4.0,3.57
590,2664,3.5,3.94
504,7149,4.5,3.64
232,60684,4.5,4.01
552,3020,4.0,3.71
517,1027,3.5,3.02
28,3543,2.5,3.82
153,2174,1.0,3.49
597,1206,5.0,4.17
608,3243,2.0,2.73
377,86290,3.0,4.51
606,933,5.0,4.4
274,44840,3.5,3.18
42,4654,3.0,2.94
570,52328,3.5,3.95
40,306,5.0,4.14
103,2712,4.5,3.42
68,76251,4.0,4.15
432,1702,3.0,3.14
522,82461,5.0,3.1
528,2470,2.0,3.15
577,3168,2.0,3.88
568,2359,4.0,3.52
62,4993,5.0,4.32
66,628,4.0,3.6
68,26778,3.0,3.25
369,3752,3.5,3.09
600,59131,3.5,0.0
111,4016,2.5,3.88
313,2867,5.0,3.54
219,1377,3.5,3.06
573,5010,5.0,3.98
166,26662,5.0,4.21
226,7325,4.0,3.39
489,5266,1.0,3.18
284,224,3.0,3.67
45,1584,5.0,3.73
458,377,5.0,3.59
133,529,3.0,3.79
367,1219,4.0,4.05
534,37386,4.0,2.71
474,5316,2.5,3.38
387,49932,3.5,2.91
509,94780,2.5,3.32
606,1446,4.5,4.2
370,7438,3.5,3.9
177,41573,2.0,2.75
89,73042,5.0,1.49
597,1573,3.0,3.61
274,1253,4.0,4.09
474,1996,1.0,0.0
309,8340,4.0,3.92
608,6893,4.5,3.83
45,1610,4.0,3.94
380,2735,3.0,2.9
387,37729,3.5,3.65
18,44665,4.5,3.86
249,3753,4.0,3.84
432,64614,4.0,4.13
217,1265,3.0,4.16
212,5218,3.5,3.84
307,51091,3.0,0.0
610,71910,2.5,0.0
42,3752,4.0,3.18
103,104,4.0,3.57
28,56607,2.5,3.74
317,53322,3.0,3.76
226,3160,4.0,3.66
414,4388,2.0,2.98
133,457,4.0,4.02
414,51540,3.5,4.63
39,2018,3.0,3.31
88,6464,0.5,0.0
209,177593,4.5,4.82
41,1258,5.0,4.15
448,157122,3.0,0.0
57,2324,5.0,4.19
458,590,2.0,3.82
353,355,2.0,2.54
448,88785,2.0,3.7
68,1835,3.0,3.8
274,1682,4.5,4.18
362,1209,5.0,3.89
294,919,2.0,3.93
482,8943,1.0,0.0
554,551,2.0,3.55
7,2683,2.0,3.19
249,2340,3.0,3.29
414,63992,2.5,2.94
454,79008,3.5,0.0
122,91658,4.0,3.54
233,58559,4.5,4.26
448,3421,4.0,4.0
304,1047,3.0,3.28
373,589,3.0,4.03
428,5378,3.5,3.4
384,924,3.0,3.91
587,691,4.0,0.0
469,441,5.0,3.98
318,7373,3.0,3.53
484,2338,3.0,2.25
68,3791,4.0,3.47
391,2490,3.0,3.27
136,231,2.0,3.1
562,1219,4.0,4.07
182,6281,2.5,3.32
140,1344,3.0,4.1
561,5049,3.5,3.75
470,288,3.0,3.29
474,1179,3.5,4.01
60,3386,4.0,3.2
274,2694,3.5,3.41
448,82461,2.0,3.18
199,417,4.0,3.74
332,1378,2.0,3.09
204,27368,4.5,3.75
141,8641,4.5,3.68
599,1701,3.0,3.59
210,98243,4.5,3.79
480,8371,3.5,3.5
468,111,3.0,4.2
339,63072,4.0,3.99
422,2628,4.0,3.18
414,4900,4.0,0.0
447,532,3.0,3.08
438,37830,5.0,3.59
448,2038,3.0,0.0
219,5267,2.0,3.31
392,2706,5.0,3.34
396,204,0.5,2.7
249,1894,3.0,3.16
599,56145,3.0,2.97
552,1784,3.5,3.85
305,64983,4.0,3.47
608,4367,3.5,3.07
89,916,3.5,4.03
599,2792,2.0,2.77
305,2804,5.0,4.1
268,1221,4.0,4.32
23,1036,3.0,3.88
200,19,3.5,2.9
42,1124,5.0,3.7
274,2059,3.0,3.11
301,1381,3.0,2.0
294,3873,3.0,3.18
232,40278,4.5,3.43
57,761,2.0,2.92
18,6440,4.5,4.15
590,852,3.0,3.23
274,31658,4.0,4.61
480,33615,2.5,3.53
378,116797,4.0,4.07
351,8970,3.5,3.63
80,7445,4.5,3.91
352,99114,4.5,4.13
601,2762,4.5,3.97
571,2163,1.0,2.53
610,8042,4.0,4.24
248,187593,4.5,4.12
573,91630,4.5,3.74
448,90374,3.0,0.0
298,36537,2.5,0.0
40,308,5.0,3.68
259,410,3.0,3.16
187,5608,4.5,3.87
288,1995,2.0,1.3
368,2763,3.0,3.71
603,1321,3.0,3.45
51,2321,5.0,3.54
337,14,3.0,3.81
295,296,5.0,4.26
447,454,4.0,3.66
332,47,4.0,4.08
483,2985,2.5,3.56
84,454,4.0,3.7
600,48394,4.5,3.9
40,383,3.0,3.17
232,33615,3.0,3.56
103,2087,5.0,3.46
221,1276,4.5,4.4
350,653,3.0,3.09
509,106642,4.0,4.55
477,4616,2.5,3.54
250,1597,4.5,3.13
534,2329,4.0,4.38
109,1021,3.0,2.4
182,3354,0.5,2.77
21,111617,4.0,3.79
328,5060,4.0,4.02
232,37741,3.5,4.12
73,101612,3.0,2.56
339,134130,4.5,4.02
182,1542,4.5,0.0
125,166528,3.0,4.21
220,1527,4.5,3.72
606,1041,4.0,4.91
274,8361,2.0,3.49
28,27793,2.0,0.0
91,1760,0.5,1.77
15,71264,2.5,3.75
438,31658,3.5,4.38
414,5955,3.5,4.5
210,130444,4.0,0.0
382,37386,3.5,2.63
610,54272,3.5,3.98
217,661,3.0,3.41
380,1036,5.0,4.15
541,22,4.0,3.11
275,1962,4.0,3.88
227,778,5.0,4.12
590,3361,4.0,4.0
179,420,3.0,2.86
246,293,4.0,4.09
509,106072,3.5,3.41
201,2396,5.0,3.83
414,3527,4.0,3.9
275,920,5.0,3.7
610,5329,3.5,3.1
140,858,5.0,4.38
198,1527,1.0,3.72
288,44195,4.0,4.01
358,69757,4.5,3.54
182,2598,3.0,2.88
518,1215,4.0,3.95
62,5995,4.5,4.01
199,8638,2.0,4.16
105,120138,5.0,0.0
274,70994,3.5,2.55
412,1244,4.0,4.06
66,1641,4.5,3.77
590,951,4.0,4.46
453,1884,4.0,3.91
484,4720,2.0,3.72
462,3811,4.0,3.65
117,849,3.0,2.87
552,25,3.0,3.75
483,741,4.0,4.11
580,8665,2.5,4.0
339,541,5.0,4.17
474,900,3.5,3.77
483,2490,4.0,3.3
288,1079,5.0,4.31
474,5899,3.0,0.0
298,6564,1.5,2.73
71,208,2.0,2.97
307,53435,0.5,2.75
22,2300,4.0,3.91
298,86320,0.5,3.64
105,5418,3.5,4.06
603,835,4.0,0.0
65,2329,4.5,4.24
414,7451,4.0,3.91
122,60684,4.5,4.04
560,1673,4.0,4.18
298,62250,2.0,4.14
517,30825,1.0,3.15
414,107406,4.0,3.81
474,944,4.0,0.0
608,2987,3.0,3.8
610,6709,3.5,3.61
288,34528,3.0,0.0
309,4327,4.0,3.86
448,113186,3.0,0.0
57,1722,2.0,3.1
466,33794,3.5,3.9
288,6373,3.0,3.44
372,164,3.0,3.53
600,500,4.0,3.56
448,26464,3.0,0.0
288,1013,3.0,3.75
318,3503,3.5,3.67
469,1952,5.0,3.73
590,2006,3.5,3.28
509,6536,3.5,3.69
484,3968,3.0,3.23
610,59915,3.5,0.0
288,2245,3.0,3.42
482,786,4.0,3.17
561,6800,3.5,0.0
263,8784,3.5,3.83
217,1387,4.0,4.19
217,786,4.0,3.26
514,6942,4.5,3.77
266,288,1.0,3.28
339,88163,4.0,4.25
107,329,3.0,3.39
318,2167,3.5,3.55
143,7316,3.0,2.23
279,97913,2.0,4.06
95,2115,4.5,3.65
365,91529,2.5,4.16
373,344,3.0,3.02
51,4344,3.0,3.05
182,6215,3.0,0.0
220,648,3.0,3.65
168,71033,4.5,4.31
379,253,3.0,3.54
1,2427,5.0,3.23
273,296,4.0,4.25
414,1380,3.0,3.72
45,5283,5.0,2.86
606,25833,4.0,0.0
304,1680,3.0,3.47
63,2571,3.5,4.31
600,2746,3.5,3.44
580,7361,4.0,4.35
73,113378,1.0,2.07
361,32587,2.0,3.99
448,2986,3.0,2.87
438,8361,4.0,3.34
105,5151,3.0,3.22
182,1358,4.0,4.22
414,4085,4.0,3.72
400,1210,5.0,4.18
479,186,3.0,3.05
19,2858,4.0,4.15
325,19,2.0,2.85
15,8961,2.5,3.85
608,1603,2.5,2.39
573,54503,5.0,4.11
111,597,4.0,3.68
577,1939,5.0,4.11
210,147382,4.5,0.0
75,2115,3.5,3.61
318,85342,4.5,4.75
37,590,4.0,3.8
448,5464,4.0,3.93
351,593,4.5,4.25
474,1997,4.0,4.18
421,1287,4.5,4.0
391,223,4.0,4.0
249,152970,4.5,0.0
1,1030,3.0,2.89
91,903,4.0,4.09
596,1035,4.0,4.05
249,83613,3.0,3.65
590,356,5.0,4.42
380,1266,5.0,4.4
448,4886,4.0,4.26
517,1610,0.5,3.87
221,7318,0.5,3.28
176,349,4.0,3.72
249,4571,3.5,4.0
307,1288,3.0,4.17
236,2490,5.0,3.35
596,111800,3.0,0.0
232,40629,3.5,3.68
11,36,4.0,3.83
420,2311,3.5,3.68
68,1644,4.0,2.17
328,13,3.0,3.33
169,3448,4.0,3.69
298,64614,3.0,4.29
182,8784,4.5,3.96
226,8266,3.5,0.0
599,2245,2.5,3.43
50,117176,2.0,3.95
288,2367,3.0,2.55
294,267,1.0,3.14
253,66371,4.5,4.01
606,1921,3.5,4.18
4,1733,5.0,4.49
230,1049,4.0,3.36
414,154358,4.0,0.0
339,7153,4.0,4.33
603,2956,4.0,3.36
143,5418,2.0,3.82
427,5418,4.0,3.82
234,2641,3.0,3.14
298,97304,3.0,4.23
352,1464,3.0,3.49
477,57243,4.0,3.22
51,2871,4.5,3.84
480,5401,1.0,1.75
51,3501,4.0,0.0
380,1997,3.0,4.28
448,8464,3.5,3.82
387,5072,4.5,4.22
328,1682,3.5,3.9
93,648,4.0,3.63
559,39,3.0,3.34
182,29,4.0,4.18
202,235,4.0,3.75
43,810,5.0,2.13
599,2377,2.5,2.68
419,1350,4.0,3.73
140,1845,4.0,4.18
596,3213,4.0,4.27
424,4262,3.5,3.91
198,2012,5.0,3.55
606,6183,3.0,4.49
202,62,3.0,3.88
51,4238,4.5,3.26
182,7147,4.0,4.03
603,2605,3.0,2.89
260,1357,4.5,4.2
438,2302,4.5,3.39
590,8491,4.0,3.69
232,1036,4.5,3.98
21,1230,2.5,4.13
412,2829,4.0,2.91
190,4306,3.5,3.92
187,44788,4.0,3.34
178,161,4.5,3.71
256,33004,4.0,3.45
462,1784,1.0,3.89
299,3623,3.0,2.66
160,3067,1.0,4.07
125,100083,5.0,2.83
489,2405,3.0,3.08
15,63859,3.0,3.48
603,592,2.0,3.65
111,6373,3.0,3.46
495,70286,5.0,3.94
73,109374,5.0,3.98
15,1210,5.0,4.22
448,20,3.0,2.69
567,122912,3.0,4.5
414,1213,5.0,4.89
298,55290,3.0,3.93
367,4340,3.0,1.92
290,341,4.0,0.0
304,2141,4.0,3.54
607,2571,5.0,4.23
590,8529,2.5,3.46
219,3114,2.5,3.96
209,4011,5.0,4.12
274,594,3.0,3.75
352,112138,2.0,4.06
561,2918,4.0,4.07
483,5618,5.0,4.28
298,34150,0.5,2.89
99,10,4.0,3.49
41,4246,4.0,3.73
68,3034,3.0,3.79
414,1620,3.0,3.82
599,485,3.0,3.52
462,6945,5.0,0.0
474,44864,4.0,3.36
76,1196,4.0,4.22
599,34323,2.5,4.2
270,17,4.0,3.71
578,78316,4.0,2.21
599,3,1.5,3.62
453,4973,5.0,4.35
494,367,2.0,3.26
21,2011,5.0,3.59
567,63062,3.5,3.76
559,415,3.0,2.55
111,60756,5.0,3.73
606,1221,4.0,4.44
266,1883,1.0,3.37
545,44,2.5,2.45
610,26585,4.5,0.0
387,1266,3.0,4.34
56,253,3.0,3.54
199,4238,2.0,3.25
367,2407,4.0,3.2
477,3793,4.0,3.77
57,2681,3.0,0.0
226,267,2.5,3.15
307,5810,1.0,3.62
373,25,5.0,3.78
560,102903,1.5,3.64
438,5267,4.0,3.29
437,159,3.0,2.68
222,1556,1.5,1.77
592,500,5.0,3.49
597,500,4.0,3.58
414,3896,3.0,3.4
571,2655,2.0,0.0
368,1208,5.0,4.27
222,4816,4.5,3.53
200,63433,4.0,0.0
478,1101,3.0,3.13
597,2795,5.0,3.78
249,93272,3.0,4.59
51,4496,3.5,0.0
62,106002,3.0,3.72
204,1090,4.0,4.04
78,3087,3.0,3.48
328,2791,5.0,3.97
282,4995,5.0,4.2
563,33815,3.0,0.0
304,589,5.0,4.13
603,3494,3.0,0.0
474,2146,3.0,3.43
567,1219,2.5,4.03
479,4128,3.0,3.72
426,68954,2.5,4.07
483,953,4.0,4.29
177,71535,5.0,3.93
126,300,2.0,3.43
298,924,4.0,3.96
352,91535,3.0,3.24
288,1193,5.0,4.46
428,1210,3.5,4.24
297,482,4.0,3.5
555,3534,5.0,3.23
297,79,1.0,2.79
232,1012,3.0,3.4
249,36519,3.5,3.28
373,231,1.0,3.08
608,1573,2.5,3.69
119,99114,4.0,4.16
4,2150,5.0,3.8
165,5577,3.0,3.77
490,5952,3.5,4.04
275,5723,5.0,0.0
313,2427,2.0,3.2
573,41569,4.5,3.36
89,5480,5.0,2.34
605,2501,3.5,3.89
357,1084,4.5,4.17
20,4029,4.0,3.99
217,3418,2.0,3.77
332,4022,3.5,3.81
111,96588,4.5,3.71
480,5952,4.5,4.25
457,1375,4.0,3.22
230,661,2.0,3.4
76,356,1.0,4.2
438,5989,3.5,4.26
217,2662,2.0,3.39
517,539,3.0,3.54
609,828,3.0,2.43
387,44864,3.0,3.23
318,78209,3.5,3.7
130,349,2.0,3.72
274,2826,3.5,3.08
535,2482,3.0,0.0
103,1252,4.5,4.39
391,5470,4.0,0.0
483,92643,4.0,0.0
265,1371,3.0,3.07
445,68157,4.5,4.12
122,99114,5.0,4.19
599,5152,2.0,3.51
600,5679,3.5,3.36
567,63859,2.5,3.53
391,5319,2.0,3.57
452,69,5.0,3.71
503,54286,0.5,3.67
232,7324,3.5,3.47
6,592,3.0,3.62
314,39,3.0,3.31
381,5507,3.5,2.67
387,1783,3.0,2.53
536,332,5.0,2.41
64,4975,3.0,3.61
19,330,3.0,0.0
380,6863,3.5,3.61
432,92391,4.0,2.77
84,722,4.0,0.0
525,152081,3.0,4.27
294,516,3.0,3.28
610,3949,3.5,4.1
483,2100,3.5,3.27
294,3261,2.0,3.66
227,91529,4.0,4.11
580,6365,5.0,3.43
368,1960,4.0,3.71
603,1735,4.0,3.17
608,2706,2.5,3.56
414,5427,2.0,2.32
477,3421,5.0,3.94
274,1499,3.5,1.47
307,57368,3.0,3.37
216,3814,3.0,4.05
369,2628,2.5,3.22
47,112556,2.0,3.66
57,1580,4.0,3.64
555,2862,1.0,0.0
606,73,4.0,3.42
351,4226,4.0,4.16
351,6016,4.0,4.2
452,70,4.0,3.66
453,2762,4.0,4.03
17,79132,4.5,4.21
448,5872,2.5,3.29
608,8983,4.0,3.5
91,745,3.5,4.33
599,95771,4.0,0.0
610,4388,2.5,2.95
307,3160,3.5,3.69
414,4583,4.0,0.0
313,3175,4.0,3.75
480,1580,3.5,3.79
182,16,5.0,4.06
448,49220,2.5,2.12
474,2795,2.0,4.04
599,5378,3.0,3.59
108,926,3.0,4.45
89,96935,5.0,0.0
75,7153,4.0,4.13
200,339,4.0,3.68
122,50,5.0,4.35
274,457,3.5,4.27
227,56782,4.5,4.41
234,1,5.0,4.01
82,6886,3.5,0.0
372,1307,4.0,3.96
552,3155,2.0,4.28
579,480,4.0,3.76
251,1704,5.0,4.08
267,1093,5.0,3.58
244,6,5.0,3.96
368,1608,3.0,3.49
580,7254,3.5,3.7
95,260,5.0,4.27
274,810,1.0,2.2
500,4873,1.0,3.96
599,88129,3.5,4.0
419,1704,3.0,4.14
64,2006,3.5,3.23
317,7445,5.0,3.89
1,1793,4.0,0.0
323,112556,3.0,3.66
177,45722,3.0,3.68
387,741,4.5,4.13
450,3977,4.0,2.7
68,8810,2.5,3.0
380,7439,4.0,3.49
610,4533,4.0,4.26
219,7153,3.5,4.31
89,4899,2.0,2.31
287,4306,1.5,3.89
597,2749,4.0,0.0
200,2245,3.5,3.19
474,4921,3.5,3.66
479,736,3.0,3.46
533,1348,3.0,3.63
111,176101,4.0,3.23
141,3785,3.0,2.95
51,5712,3.5,3.72
586,2028,2.5,4.21
43,355,5.0,2.58
350,95,3.0,2.94
525,899,4.5,4.26
318,27186,4.0,0.0
319,364,5.0,3.96
554,1276,5.0,4.31
318,1367,3.0,3.24
596,6377,4.0,4.22
212,2716,3.0,3.86
573,1210,5.0,4.31
514,1969,2.0,2.59
414,2194,4.0,4.54
380,130634,3.0,2.91
382,90647,3.5,3.83
492,95,3.0,3.0
284,275,3.0,0.0
422,4947,3.0,0.0
362,1258,5.0,4.14
249,98961,4.0,4.53
354,2987,4.0,3.71
73,93326,3.5,2.98
509,88744,3.0,3.66
249,72641,4.0,4.28
306,97913,4.0,4.0
288,2745,3.0,3.65
514,3361,4.0,3.89
474,5945,3.5,3.95
41,61240,4.0,4.04
122,34437,4.5,3.51
474,982,3.0,0.0
483,1377,3.5,3.09
393,70286,5.0,3.92
418,1220,5.0,3.8
349,364,4.0,3.97
414,53447,4.0,0.0
368,454,4.0,3.72
298,42011,1.0,2.27
177,64614,3.0,4.26
375,1805,4.0,2.89
313,223,5.0,3.96
116,1293,3.5,3.8
274,6541,3.0,2.99
534,101025,4.0,2.02
68,8677,2.0,0.0
107,141,5.0,3.53
587,2243,4.0,3.58
68,52435,3.5,3.54
586,135133,5.0,3.85
480,2948,3.0,3.84
93,1917,5.0,2.97
351,60950,4.0,2.93
57,2922,4.0,0.0
339,61024,2.5,3.87
493,2571,5.0,4.22
334,4027,4.0,3.78
590,2662,4.5,3.43
594,589,5.0,4.09
414,157,4.0,3.85
109,252,3.0,3.6
233,122904,3.0,4.03
610,6541,1.5,2.99
599,968,3.0,3.84
606,48883,3.0,0.0
606,33004,3.0,3.54
552,2959,4.5,4.3
432,72998,4.0,3.77
434,1270,3.5,4.1
177,594,4.0,3.77
391,4993,5.0,4.25
554,3168,1.0,3.88
412,1848,2.0,3.45
339,164909,5.0,3.15
525,2096,4.0,3.46
368,2058,3.0,3.56
288,2795,3.0,3.87
414,537,4.0,3.39
603,3255,3.0,3.5
606,4963,4.0,4.27
608,3977,3.5,2.91
51,5378,1.5,3.37
280,8641,4.0,3.67
111,76077,4.5,3.39
590,2654,3.5,4.38
223,7438,3.0,3.91
570,733,3.5,3.77
495,61132,4.5,3.58
297,1483,1.0,3.15
219,5400,2.0,3.14
265,541,4.0,4.12
599,46322,2.5,4.21
62,122892,4.0,4.04
307,54256,4.5,1.82
139,33004,2.0,3.42
68,63131,4.5,4.04
50,59615,2.0,2.69
224,1197,5.0,4.29
68,1320,1.0,3.4
391,5283,3.0,2.8
212,1732,3.0,3.94
362,592,4.5,3.54
543,1270,5.0,4.02
50,151759,2.5,0.0
414,1485,3.0,3.55
509,5971,4.0,4.06
71,1101,5.0,3.13
600,8949,3.5,3.75
328,81847,2.0,3.99
307,2424,1.0,3.47
288,5528,4.0,3.66
386,410,3.0,3.17
42,11,5.0,3.84
141,47,3.0,4.03
534,4103,4.5,4.11
380,2100,3.0,3.39
425,5015,3.0,3.14
380,6220,4.0,2.16
477,348,4.0,3.73
68,1457,3.5,3.26
255,3751,3.0,3.5
222,6290,2.0,2.86
28,2021,5.0,3.32
414,2881,2.0,3.25
603,1201,5.0,4.48
428,2194,4.0,3.93
561,91535,2.5,3.3
307,6872,1.0,1.36
599,4993,4.0,4.52
288,2851,2.0,3.78
526,1732,4.5,3.92
354,2692,4.5,4.0
599,277,1.5,3.48
186,2819,4.0,3.58
474,3210,2.0,3.8
328,5349,4.0,3.57
586,116823,4.5,4.0
457,1373,2.0,2.44
353,432,3.0,2.57
5,410,3.0,3.16
567,2324,3.5,4.13
288,1562,2.0,2.22
95,2423,4.0,3.63
111,1513,3.0,3.27
19,3393,1.0,0.0
443,2571,3.5,4.21
495,33166,3.0,4.06
437,587,3.0,3.44
140,1584,5.0,3.74
438,6294,2.5,2.64
217,19,1.0,2.9
474,1,4.0,4.35
91,208,2.5,3.01
580,1625,4.0,3.8
422,3447,4.0,0.0
232,33660,4.0,4.1
608,6166,1.0,2.18
322,1203,4.0,4.11
140,6709,2.5,3.48
290,1219,5.0,4.12
187,1274,4.0,3.66
246,5971,5.0,3.99
199,5500,4.5,4.4
414,3525,3.0,0.0
105,1266,4.0,4.32
91,4878,4.0,4.13
432,587,4.5,3.46
484,1407,3.5,3.32
317,97,3.0,4.31
57,1726,2.0,3.56
448,8983,4.0,3.74
529,711,3.0,3.08
580,6537,4.0,3.07
474,1226,2.0,4.55
409,3504,4.0,3.94
460,150,4.5,3.82
332,2340,3.5,3.26
606,924,5.0,4.0
313,1200,5.0,4.11
233,118198,2.5,0.0
318,56174,4.0,3.66
10,103339,4.0,2.78
234,2376,3.0,3.33
380,59615,4.0,3.07
486,6,5.0,3.95
343,541,4.5,4.09
524,150,5.0,3.86
514,6870,2.0,3.85
462,1517,2.5,3.63
448,55830,3.0,3.69
288,3873,3.0,3.24
232,6534,2.5,2.89
606,1954,3.5,4.08
452,4015,5.0,2.95
19,3745,4.0,3.4
387,4161,3.0,3.6
232,6873,3.0,3.31
177,953,4.5,4.3
28,337,3.5,3.96
522,44665,4.5,3.79
274,1726,3.5,3.64
6,361,4.0,3.23
599,78959,3.0,0.0
387,50804,2.5,0.0
48,3793,3.5,3.67
107,105,4.0,3.21
525,4018,2.5,3.36
91,2012,2.0,3.68
414,6565,4.0,4.54
495,208,3.0,3.03
232,1197,4.0,4.46
306,122904,3.0,4.02
117,380,4.0,3.64
156,367,3.0,3.32
560,80463,4.0,3.99
554,2096,4.0,3.39
602,173,3.0,2.57
355,2094,4.0,3.31
357,19,2.0,2.88
88,7312,0.5,0.0
414,4247,2.0,2.58
474,3868,3.0,3.51
599,6,4.5,4.26
234,2616,3.0,2.91
393,8636,5.0,3.87
105,4310,4.0,2.85
274,2273,2.5,3.91
387,1027,2.0,3.12
452,3301,5.0,3.52
509,80549,4.0,3.89
414,2044,2.0,0.0
596,4015,2.0,3.03
288,32011,2.0,2.29
167,3087,4.0,3.47
82,5218,4.0,3.83
603,2240,4.0,4.14
191,21,4.0,3.52
474,1099,3.5,0.0
304,1207,5.0,4.2
104,2794,3.0,2.59
143,6332,4.5,2.27
43,1073,5.0,3.97
41,92259,4.0,4.31
318,296,4.5,4.37
232,36509,2.0,2.91
182,3168,3.0,3.98
380,86911,2.0,3.9
76,673,0.5,2.92
288,39414,3.5,3.0
448,140237,2.0,0.0
610,87529,2.5,3.25
474,2944,3.5,4.25
274,5445,3.5,3.96
368,2126,2.0,2.79
606,4967,4.5,4.45
239,49530,4.0,3.94
66,1748,5.0,3.8
480,1242,4.0,4.24
95,6893,4.0,3.82
21,2115,4.0,3.7
593,1188,5.0,3.85
448,6564,1.5,2.74
599,4292,3.0,0.0
310,1148,5.0,3.93
599,1950,3.5,4.41
105,140265,5.0,0.0
191,272,5.0,3.6
221,27899,2.5,0.0
464,377,4.0,3.61
380,4226,5.0,4.35
495,140247,5.0,2.84
8,21,4.0,3.52
274,54259,3.0,3.93
437,223,5.0,3.93
509,3967,4.0,3.91
182,2628,1.5,3.34
600,27020,3.0,0.0
447,145,3.0,3.37
359,3067,2.5,4.1
606,3386,4.0,3.15
488,8360,5.0,3.58
84,1380,4.0,3.3
448,2369,3.0,2.61
167,1396,3.5,3.44
470,377,4.0,3.6
599,1603,2.5,2.58
45,2580,5.0,3.98
514,11,4.0,3.79
527,733,5.0,3.72
190,1704,4.0,4.11
89,5283,2.5,2.91
334,720,4.0,4.23
72,590,4.0,3.81
293,593,4.0,4.19
603,611,3.0,2.51
274,2840,2.5,3.07
57,2788,4.0,4.26
249,91630,4.0,3.87
87,327,3.5,2.94
350,736,3.0,3.43
509,7099,3.5,4.21
391,357,4.0,3.66
477,419,3.5,3.0
288,1196,4.5,4.47
21,102125,3.5,3.87
380,4821,5.0,3.52
416,6539,2.0,3.83
599,555,3.5,4.25
307,40278,3.0,3.61
610,1210,5.0,4.34
219,8361,2.0,3.29
610,135569,3.5,3.78
132,562,2.5,4.01
590,915,3.5,4.05
385,1183,4.0,3.8
377,1345,3.5,3.32
290,671,4.0,3.5
580,8873,4.0,3.87
274,6807,4.0,4.3
64,7982,4.5,2.64
534,102686,3.0,3.58
480,1485,2.5,3.29
567,68358,1.0,4.08
479,260,4.0,4.22
260,1084,4.5,4.11
453,4160,3.0,4.55
290,3035,5.0,3.83
133,590,2.0,3.8
429,207,5.0,3.17
596,30816,3.5,3.37
280,4447,3.5,3.25
307,5349,4.0,3.64
542,4973,3.5,4.32
475,152081,4.5,4.22
232,736,3.0,3.57
525,1566,3.5,3.65
332,85131,2.0,0.0
603,278,2.0,0.0
448,6936,3.5,4.0
561,87232,3.5,3.99
522,59315,4.0,3.99
242,185,3.0,3.22
474,1284,3.5,4.26
226,282,3.5,3.48
103,50872,4.0,4.15
47,1021,2.0,2.38
294,2321,2.0,3.49
223,1597,3.5,3.12
387,924,5.0,4.03
274,54785,3.5,0.0
74,949,4.0,3.95
249,99728,4.0,3.36
292,1370,4.0,3.61
159,106782,2.0,4.1
19,2100,3.0,3.26
249,170875,3.0,0.0
434,2115,4.5,3.72
7,3578,1.5,4.08
159,2724,1.5,2.7
474,1552,3.5,3.39
555,2408,3.0,2.33
307,5255,2.5,2.93
419,2986,3.5,2.82
353,588,3.0,3.95
57,2054,3.0,2.92
91,1127,4.0,3.54
137,3578,3.5,4.07
256,84152,4.0,4.16
482,2748,2.5,1.23
132,2470,3.0,3.16
117,410,3.0,3.19
83,110,4.0,4.04
184,33794,4.0,3.87
560,2605,4.0,2.81
216,1077,3.0,3.79
373,508,5.0,3.66
177,9008,2.5,0.0
160,1690,2.0,3.01
233,64614,3.5,4.11
3,26409,4.5,0.0
354,8622,3.0,3.76
119,4446,3.5,3.51
580,4963,4.0,4.11
202,714,4.0,4.2
80,91500,4.5,3.46
512,296,5.0,4.24
217,3401,2.0,2.6
498,585,4.0,2.77
6,168,5.0,3.25
263,1111,4.0,4.17
391,457,4.0,4.13
298,141688,3.0,0.0
534,68157,4.0,4.43
517,82852,1.0,1.55
597,2912,4.0,3.97
524,1183,3.0,3.77
171,608,5.0,4.17
275,5349,4.0,3.53
292,102445,4.0,3.99
599,533,2.5,3.28
298,122892,3.5,4.05
182,586,3.5,3.26
560,6947,3.0,3.69
458,208,3.0,2.99
89,44851,5.0,0.0
570,377,3.5,3.69
292,4830,4.0,0.0
68,5618,2.5,4.32
42,2871,5.0,3.88
292,122900,4.0,3.85
560,3967,3.5,3.95
377,3701,4.0,3.25
19,2394,3.0,3.44
167,4678,4.0,3.78
59,2352,5.0,3.83
491,140110,4.0,3.7
288,784,2.0,3.22
353,353,3.0,3.5
117,802,3.0,3.36
371,661,4.0,3.41
274,8947,2.0,2.3
527,1259,4.0,3.98
480,185,1.0,3.52
217,2798,1.0,1.33
168,1927,4.5,4.44
162,802,5.0,3.28
50,74458,2.5,4.17
474,3098,3.5,3.81
137,2064,5.0,3.82
500,2294,3.0,3.27
599,8528,2.0,4.15
555,344,4.0,3.08
448,4221,3.0,2.32
135,3441,4.0,3.62
19,2369,2.0,2.66
274,2231,3.5,4.01
262,300,3.0,3.43
292,3615,3.0,3.24
550,77561,4.0,3.61
382,762,3.0,2.51
275,1280,5.0,4.36
479,5448,2.0,0.0
483,59387,5.0,4.17
51,247,5.0,4.07
448,85131,1.0,0.0
72,593,4.5,4.22
459,6377,5.0,3.97
448,2822,2.0,2.87
590,34072,3.5,3.8
68,33679,2.5,3.82
6,595,5.0,3.91
438,3275,4.5,4.26
326,85342,4.5,4.64
117,356,4.0,4.24
52,51255,5.0,4.03
606,263,4.0,0.0
458,356,5.0,4.19
332,2732,4.0,4.74
313,1198,5.0,4.33
560,6378,3.0,3.88
407,1036,3.0,3.85
95,1912,4.5,3.88
489,79536,3.0,0.0
305,1136,2.5,4.46
226,48516,4.5,4.49
560,3948,3.0,3.67
199,20,2.0,2.49
226,2515,2.0,0.0
606,1190,4.0,2.94
28,56921,2.0,3.69
416,7323,4.5,3.84
312,3698,3.0,3.22
182,5445,3.0,3.88
222,95307,2.0,3.41
520,3186,2.5,3.6
483,94780,2.5,3.34
68,69069,5.0,3.55
603,933,4.0,4.43
177,74458,5.0,4.4
203,96610,4.5,3.61
135,1375,3.0,3.31
353,216,3.0,3.38
599,8755,3.0,0.0
202,3654,4.0,3.98
19,1219,4.0,4.09
203,31,3.5,3.2
414,3243,2.0,3.32
217,1598,3.0,2.39
78,1270,4.0,4.03
609,288,3.0,3.28
406,1586,3.0,2.85
305,48738,5.0,4.18
469,1252,5.0,4.44
177,25750,2.0,0.0
331,4993,4.5,4.22
82,1196,4.0,4.28
274,2232,4.0,3.53
66,805,4.0,3.72
309,296,3.5,4.24
427,6055,1.0,0.0
492,748,4.0,2.92
469,555,5.0,3.96
458,21,5.0,3.52
274,3489,3.0,3.77
514,1396,4.5,3.43
414,49274,2.5,2.39
238,4848,4.0,3.91
305,96737,5.0,4.34
599,166528,3.0,4.42
246,8970,4.0,3.62
599,170297,2.0,0.0
111,31696,3.0,3.64
305,83134,5.0,3.6
103,70,3.5,3.66
307,1358,2.0,4.23
599,1006,2.0,0.0
232,2720,2.0,2.1
528,55290,1.0,3.77
564,102903,4.0,3.59
305,1552,1.5,3.35
153,1258,3.0,4.13
452,1917,5.0,3.02
599,42943,2.5,0.0
18,112421,4.0,0.0
173,588,3.0,3.89
225,514,4.0,3.52
483,98203,2.0,1.62
119,4367,4.0,2.95
241,296,4.5,4.26
449,5952,2.0,4.01
294,2110,2.0,3.39
125,166635,4.0,0.0
541,345,3.0,3.64
107,316,3.0,3.32
151,880,3.0,3.02
502,2746,5.0,3.33
608,2797,2.5,3.86
188,918,4.0,3.83
57,3104,4.0,3.62
608,4733,0.5,3.7
268,1101,2.0,3.15
429,22,4.0,3.12
426,3969,2.5,3.41
599,1059,3.0,3.9
351,67255,4.0,3.99
119,59369,4.0,3.76
232,6287,3.5,3.24
68,3448,4.0,3.93
282,103335,3.5,3.78
477,6157,3.5,2.69
483,1729,3.5,3.86
586,4016,4.0,3.8
338,189111,3.0,0.0
599,1231,3.5,4.01
288,3930,1.0,2.73
590,541,4.5,4.15
307,6868,4.0,3.24
354,4246,3.5,3.69
104,6773,3.5,3.6
260,1199,3.5,4.22
599,1298,2.5,4.09
432,648,4.0,3.62
251,142115,5.0,0.0
287,432,0.5,2.54
239,4886,4.5,4.02
68,27539,2.5,0.0
463,6947,3.5,3.56
500,2102,2.0,0.0
606,6989,3.5,0.0
352,1206,3.5,4.17
357,1,5.0,4.09
79,2692,5.0,3.95
68,81847,4.0,4.16
217,1848,3.0,3.44
159,74946,4.0,3.44
415,2617,2.5,3.1
393,6365,5.0,3.35
551,98809,1.0,3.95
448,1206,4.0,4.23
520,48780,3.5,4.27
447,353,5.0,3.48
298,4248,0.5,2.18
599,52281,3.0,3.97
534,208,4.0,3.11
587,1711,5.0,3.16
223,2840,3.0,3.01
15,172,1.0,2.67
307,288,4.0,3.32
57,431,4.0,3.85
125,72998,4.5,3.81
119,33660,4.0,4.13
483,35836,3.0,3.79
448,4051,0.5,0.0
391,1960,4.0,3.69
580,6305,2.5,3.86
561,2423,4.5,3.68
600,719,2.5,3.2
318,117533,4.5,4.06
315,1947,4.0,3.6
607,2097,5.0,2.98
274,7247,3.5,3.46
369,2788,4.0,4.16
608,3949,5.0,4.05
42,2423,5.0,3.75
471,4973,4.0,4.28
226,4085,4.0,3.48
57,50,5.0,4.36
325,3461,4.0,2.76
337,74,5.0,3.87
553,27831,4.0,3.78
274,5378,2.5,3.56
91,377,3.0,3.8
420,31410,4.0,4.02
414,2072,3.0,3.87
397,2371,2.5,2.98
169,6765,4.0,3.8
45,2431,5.0,3.46
63,480,2.5,3.85
462,926,3.5,4.47
7,5989,4.0,4.07
305,102125,2.5,4.03
427,5665,2.5,2.51
28,1240,4.5,3.98
357,594,4.0,3.69
540,33493,5.0,3.53
10,8808,3.0,2.79
527,2367,3.0,2.45
607,608,2.0,4.17
603,2813,1.0,0.0
328,3489,1.5,3.51
425,43921,4.0,0.0
318,778,4.0,4.3
414,2405,3.0,3.27
139,122892,2.0,3.92
489,37729,4.0,3.59
111,79592,3.0,3.5
292,1721,4.0,3.53
414,4527,3.0,0.0
550,116797,4.5,4.05
166,904,3.5,4.35
385,368,4.0,3.55
484,4011,3.0,4.25
318,55276,3.5,4.19
600,3259,2.5,3.41
280,277,3.0,3.4
525,1029,1.5,3.61
483,94070,4.0,3.57
483,4963,4.0,4.31
381,33794,3.5,4.03
571,1348,3.0,3.64
411,7,3.0,3.17
104,2746,4.0,3.37
448,2404,1.0,2.43
234,2720,5.0,2.01
105,6333,4.0,3.95
318,1202,3.5,0.0
288,3317,4.5,3.68
448,7153,4.5,4.46
20,1282,4.5,3.71
169,2706,5.0,3.41
244,1356,5.0,3.94
307,3250,3.0,3.52
581,5995,5.0,3.97
177,916,5.0,4.13
248,6377,3.5,3.97
323,3257,2.5,2.96
51,4034,5.0,4.09
92,2085,3.5,3.33
357,110,4.0,4.13
182,3783,4.5,4.17
414,3098,4.0,3.96
288,40629,3.5,3.76
428,3717,2.0,3.33
249,56775,3.5,3.23
305,3623,2.5,2.77
453,2396,5.0,3.88
527,527,1.0,4.28
586,122922,5.0,3.82
1,2139,5.0,3.51
68,46322,3.5,4.03
480,1079,2.5,4.3
230,2502,2.5,4.19
599,27762,2.5,0.0
112,68157,4.5,4.11
229,36,4.0,3.87
288,3784,3.0,2.36
560,4025,2.5,3.24
302,260,5.0,4.23
587,3082,5.0,3.27
103,1732,5.0,3.99
307,5459,1.5,2.99
182,7265,4.5,3.85
591,2770,3.0,2.86
182,3869,2.5,3.27
424,32,3.5,4.01
219,5266,3.5,3.21
434,431,3.5,3.84
599,5283,2.5,2.94
330,300,4.0,3.46
408,48780,5.0,4.25
448,104076,1.5,2.6
64,1617,4.0,4.22
414,2046,3.0,3.95
301,55052,3.5,3.2
572,1291,4.0,4.18
482,8985,4.5,2.62
303,6333,5.0,3.68
19,1285,5.0,3.98
474,3034,3.0,3.91
608,2142,2.0,2.28
62,67734,4.0,3.5
213,1291,4.0,4.18
68,96110,3.0,3.74
19,2539,2.0,3.23
383,2881,4.0,3.05
361,5418,4.0,3.82
15,4018,4.0,3.17
62,79132,5.0,4.4
380,34048,3.0,3.61
304,491,4.0,3.48
233,5954,4.0,3.87
286,3578,3.5,4.07
167,5014,4.5,3.57
398,5618,5.0,4.08
414,5316,3.5,3.39
105,38061,3.0,4.35
514,3738,2.0,0.0
605,2153,2.0,2.86
66,7493,4.0,0.0
571,2740,1.0,0.0
143,2706,4.5,3.35
51,4878,4.0,4.1
573,1270,4.5,4.12
202,296,4.0,4.31
380,46965,3.0,2.59
272,1721,2.5,3.41
448,118326,2.0,0.0
222,99112,3.0,3.78
603,2001,1.0,3.37
368,296,5.0,4.29
587,3363,4.0,3.9
350,799,3.0,3.54
33,778,4.0,4.14
357,2054,3.5,2.93
480,6753,3.5,3.36
599,802,2.5,3.49
119,5995,4.5,3.99
266,2890,5.0,3.74
368,2153,2.0,2.82
448,3717,2.0,3.72
344,260,5.0,4.25
212,104879,4.5,4.15
474,1214,4.0,4.24
90,608,5.0,4.14
249,4975,3.5,3.8
243,595,3.0,3.83
489,3147,4.0,4.23
230,8644,4.5,3.56
263,17,5.0,3.77
391,991,4.0,3.32
236,2606,2.0,2.62
588,21,3.0,3.52
230,380,3.0,3.62
307,48520,3.0,2.84
212,6373,4.0,3.32
311,466,1.0,2.97
313,2533,4.0,2.98
438,2880,4.0,3.07
560,5378,4.0,3.47
353,185,4.0,3.28
288,1247,4.0,4.26
448,108188,2.5,0.0
177,56941,5.0,3.2
391,492,4.0,4.03
484,3489,4.0,3.53
66,1090,4.0,4.08
274,24,3.5,3.52
160,551,5.0,3.57
105,3198,4.0,3.81
46,225,3.0,3.58
356,3552,5.0,3.87
336,3948,5.0,3.5
599,8604,2.5,3.44
68,1866,3.5,3.64
505,48780,3.5,4.19
483,33677,3.5,0.0
135,1883,5.0,3.38
64,1947,4.0,3.71
384,3203,4.0,3.0
426,6378,2.5,3.71
448,2857,4.0,3.14
495,106782,5.0,4.25
249,81932,4.0,4.27
588,16,4.0,3.96
105,4299,3.0,3.69
387,1019,3.5,3.76
414,55094,4.0,1.91
201,2011,5.0,3.5
592,196,3.0,2.76
414,41571,3.5,3.29
372,1188,2.0,3.83
29,1204,4.5,4.28
352,48516,4.5,4.42
372,595,4.0,3.85
603,2600,5.0,3.9
95,1513,3.0,3.12
76,953,2.0,4.16
448,3255,4.0,3.7
64,1214,4.0,4.12
600,3007,4.5,0.0
596,1614,3.0,2.84
68,4262,5.0,4.12
608,393,1.5,2.83
414,5480,3.0,2.42
280,69757,4.0,3.61
153,788,0.5,2.73
568,46723,4.0,3.4
108,4976,5.0,0.0
91,2122,4.0,1.8
86,4306,4.0,3.92
414,82169,3.5,4.42
102,802,3.0,3.31
463,1690,4.0,2.96
215,68358,4.0,4.01
246,8327,3.5,0.0
111,39,4.0,3.4
305,1270,5.0,4.15
79,2028,5.0,4.12
575,2500,1.0,2.16
474,1356,5.0,4.15
590,2194,4.0,4.1
64,919,4.0,3.95
599,2808,2.5,2.14
440,60069,4.0,4.08
606,156,4.0,0.0
351,4876,2.5,2.23
600,53322,1.0,3.8
128,911,4.0,3.7
347,253,4.0,3.54
240,533,3.0,3.17
204,54272,3.5,3.63
288,4062,3.0,3.75
121,6,5.0,3.93
590,2542,3.5,4.22
432,84374,4.0,2.76
182,4133,3.5,2.53
308,6539,3.5,3.87
382,2496,3.5,2.98
534,519,4.0,2.21
179,153,3.0,2.94
182,1431,2.0,2.63
252,162578,5.0,3.8
485,356,5.0,4.18
199,44555,4.0,4.19
469,898,4.0,4.44
307,3063,1.0,2.99
254,8961,4.5,3.85
177,48,3.0,3.44
232,43917,3.5,0.0
4,2186,5.0,4.0
610,6548,3.0,3.57
171,551,4.0,3.55
64,4034,4.0,4.16
436,203,3.0,3.69
471,6377,4.0,3.98
474,25927,3.0,0.0
354,44191,3.5,3.96
277,736,4.0,3.43
159,88810,3.5,4.06
449,3868,2.5,3.34
378,527,4.5,4.25
606,3632,4.0,3.65
15,166635,3.5,0.0
55,3101,1.0,3.17
583,71520,0.5,2.71
288,4110,3.0,0.0
477,516,3.5,3.3
597,2628,3.0,3.25
425,1061,4.5,3.6
298,111113,2.0,3.57
162,266,4.0,3.34
182,6341,4.0,3.18
453,3897,4.0,3.9
365,1259,4.0,3.97
239,1552,3.0,3.24
182,6902,4.0,0.0
356,1641,4.5,3.78
590,1569,2.5,3.61
387,1552,2.5,3.28
474,25752,4.0,0.0
111,178323,3.5,0.0
428,163,3.0,3.65
318,90769,4.0,0.0
596,169984,3.5,2.72
160,2628,2.0,3.26
496,111362,3.5,3.78
279,1240,4.0,3.91
305,139644,3.5,3.88
305,58301,4.5,0.0
596,122898,3.5,2.71
103,750,3.5,4.38
610,1273,5.0,4.0
476,349,3.0,3.74
603,4020,3.0,3.23
66,4572,4.0,2.55
288,2951,3.5,4.24
111,167036,4.0,3.35
586,4993,5.0,4.23
514,72641,4.0,3.76
345,32,3.5,3.99
448,1641,4.0,3.91
466,8957,4.0,3.43
514,186587,3.0,0.0
321,141,4.0,3.5
19,1267,3.0,4.45
19,513,3.0,3.75
103,64114,1.0,0.0
42,1673,5.0,4.24
187,377,2.0,3.62
469,2105,4.0,3.45
334,47,2.0,4.01
249,7458,3.5,3.81
21,8368,4.0,3.97
610,4262,4.5,4.17
52,69481,4.0,4.11
414,4159,2.0,2.8
219,27773,5.0,4.2
477,53468,4.0,3.42
514,2458,2.0,2.74
339,34162,3.5,3.64
18,114066,4.0,0.0
19,3751,3.0,3.57
220,59258,4.5,3.0
177,52973,3.5,4.03
328,4896,4.0,3.82
607,2028,5.0,4.15
68,6365,4.0,3.73
212,6539,3.5,3.94
122,53953,4.0,3.11
555,1862,3.0,2.37
274,71057,3.5,3.76
108,1270,5.0,4.02
392,707,1.0,2.96
414,1252,5.0,4.73
460,3968,3.5,3.13
249,54272,4.0,3.99
601,112556,4.0,3.67
82,1089,3.5,4.28
405,3052,3.5,3.74
290,3095,5.0,3.85
19,1265,4.0,4.16
68,2067,3.0,4.23
522,529,3.0,3.83
469,2989,3.0,3.54
462,32022,4.0,3.64
64,1889,3.5,4.05
319,858,5.0,4.32
169,953,5.0,4.25
610,35836,4.5,3.97
282,589,4.5,4.09
288,1206,4.0,4.22
387,3444,2.5,2.8
318,65126,4.0,0.0
534,71535,4.0,3.92
318,32587,2.5,4.15
452,1219,4.0,4.03
477,3809,4.0,3.28
125,63276,4.5,0.0
16,1617,3.5,4.08
368,438,2.0,3.57
410,2671,3.0,3.41
141,4963,4.0,4.06
294,1760,1.0,1.71
414,2872,5.0,4.27
600,2968,5.0,4.04
153,56367,4.0,3.82
414,4475,4.0,0.0
448,2051,4.0,1.49
80,1200,4.5,4.0
274,70286,3.5,4.26
226,2378,3.5,3.56
187,2959,3.0,4.34
230,2291,3.5,3.7
477,61132,4.5,3.69
377,26564,3.5,0.0
125,106782,4.5,4.21
480,33162,5.0,3.59
598,101577,5.0,0.75
380,74750,3.0,0.0
88,2542,4.5,4.04
353,330,2.0,0.0
452,4887,4.0,2.79
19,1891,2.0,0.0
91,3408,2.5,3.61
414,4995,4.0,4.86
359,54286,2.5,3.66
369,2716,3.0,3.83
387,4359,3.5,3.62
232,3793,4.0,3.94
305,93838,5.0,4.4
478,350,4.5,3.36
561,2194,4.5,4.04
313,260,3.0,4.3
177,1892,4.0,3.13
522,2329,4.5,4.31
105,26347,4.0,0.0
372,144,2.0,3.39
509,31658,4.0,4.3
83,7387,2.0,3.99
265,2640,4.0,3.76
474,6162,2.5,0.0
224,1721,5.0,3.45
298,1732,5.0,4.03
600,4039,2.5,3.08
282,6711,3.5,4.2
323,509,3.5,3.64
122,53000,3.5,3.73
175,8362,3.5,0.0
93,733,4.0,3.72
422,5039,4.0,4.16
453,4033,3.0,3.97
28,2502,2.0,4.23
423,3753,1.0,3.44
606,7569,4.0,4.0
428,4638,2.0,3.06
332,48780,3.5,4.3
318,66511,3.5,0.0
564,87869,3.5,3.47
608,4638,3.0,3.18
382,44555,5.0,4.13
357,8011,4.0,0.0
292,1210,4.0,4.28
380,2687,5.0,3.79
232,8371,3.5,3.6
495,6936,5.0,3.76
599,2080,2.5,3.67
596,134853,4.5,4.04
599,3479,3.0,3.75
590,2993,3.5,3.5
57,2321,4.0,3.52
414,1218,4.0,4.09
232,7376,3.0,2.94
532,1954,3.0,3.87
298,5266,1.0,3.27
606,8981,4.0,3.77
354,1573,4.0,3.55
62,5618,5.0,4.2
232,2617,3.0,3.23
356,5103,5.0,3.55
64,4865,4.0,4.04
282,2795,4.0,3.73
217,647,3.0,3.57
135,2324,4.0,4.16
132,3617,1.5,3.02
89,8360,4.5,3.54
608,3176,0.5,3.54
342,223,5.0,3.9
292,106696,4.0,3.82
414,3272,3.0,3.57
599,6267,2.0,0.0
10,81845,5.0,4.17
91,3018,4.5,3.28
221,2336,4.0,3.93
66,1094,4.0,3.55
178,1193,5.0,4.2
326,5608,4.5,3.85
232,1499,2.0,1.56
470,367,4.0,3.29
274,1394,3.5,4.4
603,485,1.0,3.37
380,1276,4.0,4.37
313,1196,4.0,4.29
18,63131,3.5,3.83
274,7325,2.0,3.46
331,6377,4.0,4.11
292,3654,4.0,3.96
414,253,3.0,4.08
122,1276,5.0,4.35
446,520,1.0,3.02
580,778,5.0,4.22
260,3893,3.5,3.4
409,968,5.0,3.55
521,29,3.0,4.04
84,1293,4.0,3.84
414,7371,4.0,5.01
477,1833,4.0,3.18
7,4306,4.0,3.94
601,170705,5.0,3.81
328,152081,2.0,4.15
474,4127,2.0,0.0
290,2948,4.0,3.76
480,3174,3.5,3.58
601,174055,4.0,3.51
525,26662,4.0,4.28
186,750,4.0,4.34
184,106782,5.0,4.1
534,93326,2.0,3.08
368,2013,4.0,3.01
573,1753,5.0,3.42
89,1580,1.5,3.61
226,2088,2.0,2.64
339,648,4.0,3.62
57,1882,2.0,2.06
23,1050,3.5,0.0
480,4340,2.5,1.96
244,479,2.0,2.29
184,178111,2.0,0.0
318,92475,4.5,0.0
317,81932,2.0,4.06
414,2468,2.0,2.26
368,3871,4.0,3.96
567,101864,1.5,3.69
380,3253,3.0,3.7
202,2262,3.0,3.06
465,329,3.0,3.4
432,367,2.5,3.31
105,34048,3.5,3.43
414,3181,4.0,4.14
15,318,5.0,4.53
481,1597,3.0,3.12
365,99114,3.0,4.06
111,79702,3.5,4.09
599,8861,2.0,3.58
103,1258,4.0,4.24
45,765,4.0,3.14
448,118512,1.5,0.0
105,27803,4.0,4.05
414,356,5.0,4.9
503,6027,4.0,4.23
469,3462,4.0,3.72
573,110,5.0,4.18
51,260,5.0,4.25
357,1029,4.0,3.53
376,96079,4.5,3.84
221,8128,4.5,4.16
339,97921,3.5,4.03
217,2410,1.0,2.85
414,1275,4.0,4.67
548,260,3.5,4.23
383,2690,4.0,3.5
380,1556,1.0,1.83
597,996,2.0,2.63
600,2459,3.0,3.26
581,4995,4.5,4.06
16,527,4.0,4.29
368,3877,1.0,2.74
606,4886,4.0,4.17
28,53123,5.0,3.88
590,926,4.0,4.41
541,592,3.0,3.53
573,5110,5.0,3.68
274,2726,4.0,4.28
37,344,5.0,3.02
594,223,4.0,3.95
18,32587,3.5,4.12
373,256,2.0,2.96
462,52,3.0,3.52
265,589,4.0,4.05
298,5942,2.0,3.12
525,4306,3.5,4.09
365,132800,1.5,0.0
469,10,2.0,3.64
551,1370,4.0,3.5
474,3702,2.0,3.99
178,357,5.0,3.57
182,5873,4.0,4.14
212,122892,4.0,3.97
474,4678,4.0,3.61
292,2949,4.0,3.7
374,1215,5.0,3.97
230,1022,2.0,3.59
307,52245,3.0,3.27
599,2001,3.5,3.43
262,272,5.0,3.61
489,353,4.0,3.58
607,110,5.0,4.06
212,57504,3.0,4.49
600,3996,2.0,3.98
599,4361,3.5,3.7
448,3740,3.0,4.03
111,4886,3.0,4.06
596,74458,3.5,4.26
216,3072,4.0,3.5
563,7320,2.5,4.51
21,81845,3.5,4.15
603,3649,4.0,2.74
586,84944,4.5,3.54
360,1647,2.0,2.76
318,3283,4.5,0.0
82,2410,3.5,2.76
387,908,4.0,4.41
547,2194,3.0,3.89
29,1385,2.0,3.01
294,1580,4.0,3.62
200,4308,5.0,3.7
474,3929,3.0,0.0
610,4446,3.0,3.64
428,919,3.5,3.87
599,31114,2.5,0.0
364,260,4.0,4.22
111,1911,3.5,2.79
428,2567,3.0,3.02
156,5577,4.0,3.85
160,1446,4.0,4.23
367,4535,4.0,3.81
242,593,5.0,4.2
337,805,4.0,3.75
140,4719,2.0,2.62
42,21,4.0,3.5
307,2027,1.5,2.53
68,33166,3.5,4.34
561,5956,3.0,3.79
336,2502,5.0,4.17
597,1954,5.0,3.94
107,590,5.0,3.8
4,4239,5.0,3.9
249,208,3.5,3.2
33,1658,2.0,3.41
368,1466,3.0,3.87
219,37733,2.5,3.85
234,919,4.0,3.92
599,7004,3.5,3.06
136,588,3.0,3.96
274,1485,3.5,3.39
387,2160,4.5,4.27
104,7034,5.0,3.67
357,915,3.0,4.05
180,2723,3.0,3.0
274,56145,4.5,2.71
166,8798,5.0,3.71
280,2718,4.0,2.86
318,26713,4.5,0.0
599,2707,3.0,3.41
357,1219,4.5,4.1
563,43930,3.0,0.0
232,594,2.5,3.67
19,2026,2.0,0.0
161,1965,2.5,3.51
198,47,5.0,4.06
18,8665,4.0,4.04
282,69122,4.0,3.82
139,79293,1.5,3.01
606,2388,4.0,0.0
596,3967,4.0,3.91
232,3510,3.5,3.88
78,1240,5.0,3.87
249,86833,3.5,4.06
414,46972,2.0,4.02
176,168,5.0,3.02
19,1379,2.0,3.26
571,3840,1.0,2.76
590,6539,4.0,4.06
517,137857,5.0,3.65
391,4237,4.0,0.0
345,3801,4.0,0.0
220,62344,4.0,0.0
323,457,3.5,4.06
199,3977,2.0,2.78
66,919,3.5,3.9
298,101864,1.5,3.79
399,296,5.0,4.24
383,2539,2.0,3.1
232,5882,2.5,3.7
462,471,2.5,3.78
607,2115,3.0,3.68
249,48516,5.0,4.75
610,88272,3.5,0.0
325,1211,4.0,3.88
153,122892,0.5,3.86
484,2078,5.0,3.91
241,100714,5.0,2.93
593,33166,4.0,4.01
524,923,3.0,4.02
134,349,4.0,3.71
603,3201,5.0,4.69
328,1374,4.0,3.7
220,1429,3.5,3.68
474,3528,2.0,4.03
233,96020,3.0,0.0
313,1967,4.0,4.04
156,2858,4.5,4.19
83,2324,3.5,4.11
71,7,3.0,3.12
89,174681,3.5,0.0
382,114795,3.5,3.27
501,10,4.0,3.47
610,1261,5.0,4.36
159,587,4.0,3.41
284,216,4.0,3.38
549,4226,5.0,4.11
592,733,5.0,3.72
125,7022,5.0,3.91
294,198,2.0,3.4
298,33794,3.0,4.03
419,33794,5.0,3.87
143,31685,3.0,3.2
469,2908,3.0,3.58
24,5445,3.0,3.73
448,4564,3.0,3.34
367,2194,4.0,3.93
294,2375,1.0,2.94
318,71147,3.0,0.0
187,2701,0.5,2.38
523,4995,5.0,4.07
40,609,4.0,3.69
483,103235,4.5,4.13
43,435,5.0,2.47
477,3213,4.5,4.31
483,81834,4.5,4.25
68,1527,3.0,3.75
7,1584,5.0,3.58
483,4306,4.0,4.12
560,2677,4.0,0.0
387,2413,3.0,3.59
76,6539,2.0,3.85
50,94864,1.5,3.41
105,170597,5.0,0.0
288,8879,4.0,2.76
562,5669,4.0,3.88
182,4146,4.0,2.69
610,95167,3.5,3.95
21,38038,1.5,3.94
241,99114,4.0,3.98
561,3868,4.5,3.41
597,2580,4.0,3.99
448,2616,2.0,2.93
534,116724,4.0,0.0
428,2460,1.0,2.49
200,8807,5.0,3.66
288,2236,3.0,2.76
141,60069,5.0,4.15
607,1968,5.0,3.81
414,5878,4.0,3.71
525,142488,3.5,4.65
575,2629,3.0,0.0
182,4310,2.0,2.91
389,376,4.0,3.29
266,2710,1.0,2.87
453,912,3.0,4.36
248,147384,4.5,3.78
64,8641,4.0,3.78
571,1969,3.0,2.55
321,648,3.0,3.62
18,260,4.0,4.37
57,923,5.0,4.07
279,648,4.0,3.6
357,31433,3.5,2.61
135,1203,5.0,4.13
227,47610,3.5,3.86
274,7117,3.5,1.88
437,176,5.0,4.21
22,48516,2.5,4.33
229,353,3.0,3.48
483,5782,3.0,3.84
234,1028,4.0,3.8
470,292,5.0,3.44
95,2600,2.5,3.84
414,141,4.0,3.59
200,59725,3.0,2.51
384,1388,1.0,2.39
480,32294,3.5,0.0
304,2396,4.0,3.89
610,100159,4.5,0.0
281,1381,3.0,1.97
428,2294,2.0,3.31
226,2231,4.0,3.85
362,111,5.0,4.27
164,3996,4.0,3.83
372,1,3.0,3.99
608,260,3.5,4.33
474,647,3.0,3.67
555,1257,5.0,3.88
606,1280,4.0,4.33
21,142536,2.5,1.85
344,1265,5.0,4.0
14,19,1.0,2.83
342,3174,4.0,3.4
317,104272,2.0,0.0
352,3113,4.0,2.63
235,527,5.0,4.25
561,4980,3.0,2.93
480,6947,3.5,3.7
372,1401,4.0,3.05
408,56775,4.0,2.94
264,1997,2.5,4.02
253,29,4.5,4.04
288,2404,1.0,2.38
474,916,4.0,4.27
217,1754,3.0,3.8
424,3949,3.5,3.91
274,45499,3.5,3.69
438,3000,3.5,4.06
294,3254,2.0,3.47
380,45499,4.0,3.8
606,3258,2.0,3.42
474,5378,3.0,3.55
368,3769,3.0,0.0
210,77561,4.5,3.71
27,808,4.0,0.0
561,88129,4.5,3.77
318,535,4.0,3.17
572,2289,3.0,4.06
600,1136,4.5,4.39
105,54001,4.0,3.99
354,588,3.5,3.99
527,1931,4.0,0.0
166,2947,4.0,3.92
203,420,3.0,2.85
570,1199,3.5,4.2
282,49272,4.0,4.1
380,8526,3.0,0.0
266,1060,2.0,3.7
177,87869,3.0,3.71
509,77561,3.5,3.8
483,6283,4.5,3.9
304,110,5.0,4.14
562,58047,5.0,3.54
457,3593,1.0,1.59
68,56367,3.0,4.16
382,2498,2.5,1.54
234,762,3.0,2.53
368,376,3.0,3.37
42,486,3.0,0.0
387,6710,3.0,3.91
132,788,2.0,2.79
459,122922,5.0,3.68
342,1270,4.0,4.0
520,1527,3.5,3.71
115,2002,3.0,2.91
524,1231,4.0,3.79
182,5095,4.5,0.0
448,1028,5.0,4.08
474,3948,3.5,3.81
160,3785,5.0,3.01
182,4954,4.0,3.84
110,3629,4.0,4.02
288,3614,4.0,2.86
232,7090,4.0,4.05
241,60950,4.5,2.98
51,829,4.0,2.66
417,49530,4.0,3.86
256,318,5.0,4.51
68,7160,3.5,3.31
474,5632,4.0,4.01
288,58998,4.5,4.07
318,58376,4.5,0.0
517,78637,1.5,4.34
599,191,1.5,3.29
608,8132,4.5,4.94
230,4995,2.5,4.1
597,597,4.0,3.66
561,93840,3.0,4.32
132,50872,3.5,4.07
453,3114,5.0,3.98
274,2470,1.5,3.38
57,89,2.0,3.39
288,48,2.0,3.43
294,552,2.0,3.48
182,14,4.0,3.87
249,1213,4.0,4.48
343,858,3.0,4.34
11,44,2.0,2.48
477,5291,4.5,4.11
294,2088,1.0,2.65
610,89837,4.5,0.0
156,969,4.0,4.1
95,3690,2.0,1.97
279,101864,3.0,3.7
330,1517,4.0,3.65
586,4958,4.0,3.27
288,991,2.0,3.34
63,5445,4.0,3.79
113,4130,2.0,0.0
241,5970,4.0,3.16
312,1909,4.0,3.47
381,4019,4.0,3.74
91,457,4.0,4.2
419,5956,2.5,3.64
446,440,3.0,3.62
6,708,4.0,3.44
18,1275,3.5,4.05
185,361,2.0,3.16
572,1292,5.0,3.98
221,2132,5.0,3.95
232,8362,3.0,0.0
448,120635,1.0,3.06
590,1707,1.5,2.11
474,3163,3.5,3.36
202,1266,5.0,4.22
599,53022,3.0,0.0
290,3341,4.0,4.3
45,112,4.0,3.58
232,54004,3.0,3.63
160,1356,2.0,4.01
195,1089,5.0,4.3
115,3273,4.0,2.48
605,35347,1.0,0.0
366,8368,4.5,3.84
292,1608,4.0,3.45
122,56174,4.0,3.58
414,3635,3.0,3.38
42,3695,1.0,0.0
6,1064,4.0,3.52
356,216,3.0,3.45
553,1653,4.0,4.04
462,34338,3.5,3.71
495,39446,0.5,3.29
577,1250,5.0,4.1
469,3039,3.0,4.02
96,2115,5.0,3.64
111,44972,0.5,2.48
21,84152,3.5,4.12
217,813,2.0,3.55
462,3019,2.0,4.26
599,4378,3.5,4.01
64,5417,3.5,0.0
600,628,3.5,3.67
51,2872,4.0,3.82
599,3503,4.5,3.78
480,364,3.5,4.26
331,7445,2.0,3.9
313,5544,4.0,3.81
302,736,3.0,3.43
590,6785,3.0,3.82
210,179511,4.0,0.0
380,3273,1.0,2.75
474,34,4.5,3.88
480,6296,3.0,3.86
425,253,4.0,3.62
477,3785,0.5,3.03
288,235,5.0,3.74
274,6763,1.0,2.42
332,2019,4.5,4.23
111,134853,2.5,3.95
246,370,3.0,3.17
68,70293,4.0,3.31
525,91500,3.5,3.57
602,761,3.0,2.91
532,1343,5.0,3.72
414,6159,5.0,0.0
385,1517,3.0,3.56
532,4351,3.0,3.14
263,527,5.0,4.3
62,37733,4.0,3.87
333,3567,5.0,0.0
191,246,5.0,4.23
305,924,4.0,4.0
401,4993,3.0,4.16
91,5438,3.0,2.73
606,3545,3.0,2.71
414,6709,4.0,3.66
196,47099,4.0,3.7
42,3755,5.0,3.1
430,5445,5.0,3.71
144,778,4.0,4.15
222,762,1.5,2.52
146,1411,3.0,4.14
600,49530,1.0,3.91
144,1485,3.0,3.12
212,127202,3.0,4.08
62,55908,4.0,4.2
217,3417,3.0,0.0
380,8783,3.0,3.33
474,45720,3.5,4.01
323,410,2.5,3.18
391,2275,5.0,3.08
274,4306,3.5,4.19
32,1356,4.0,3.96
447,593,4.0,4.23
462,1219,4.5,4.09
561,30793,2.5,2.99
288,733,3.0,3.85
514,111759,3.5,4.18
149,2034,1.0,2.95
288,3213,3.0,4.34
587,153,3.0,2.95
603,3763,3.0,3.44
571,2367,3.0,2.43
560,81591,4.0,3.72
19,3550,3.0,3.68
409,2064,5.0,3.83
599,53125,2.5,3.74
531,1259,5.0,3.9
182,1037,4.0,2.72
486,296,5.0,4.23
597,2115,3.0,3.76
368,2110,3.0,3.34
28,26614,4.0,3.52
424,68157,4.5,4.13
608,2105,3.0,3.45
274,27618,3.5,0.0
372,861,2.0,4.29
221,2692,4.0,4.05
226,46335,2.5,2.07
50,41566,2.0,3.46
474,6286,4.0,4.06
55,2580,2.5,3.86
414,78499,5.0,4.96
304,58,4.0,3.98
215,49272,4.0,4.04
249,49530,3.5,4.18
483,2529,3.0,3.86
561,922,4.5,4.5
453,1912,5.0,3.93
135,3327,4.0,3.66
129,5502,4.0,3.18
45,3196,4.0,3.86
279,79702,4.0,3.94
20,4848,1.5,3.91
239,2028,5.0,4.28
414,4062,2.0,4.38
318,102123,3.0,2.79
215,1061,3.5,3.53
274,111,3.0,4.57
249,2959,5.0,4.4
362,6377,4.0,4.03
284,327,4.0,2.92
318,58425,4.0,0.0
405,48780,4.0,4.25
116,377,3.5,3.61
94,296,4.0,4.23
599,1770,2.0,0.0
51,2746,3.0,3.35
608,1274,4.0,3.64
475,40815,5.0,3.88
143,3793,4.5,3.67
68,1287,2.5,4.29
167,551,3.0,3.57
419,3535,4.5,3.77
326,3450,4.0,3.32
93,258,4.0,2.21
390,8327,5.0,0.0
314,527,5.0,4.24
599,851,3.5,2.9
162,356,5.0,4.18
289,2012,3.5,3.46
599,1920,2.0,3.39
603,2529,4.0,3.92
483,3275,4.0,4.34
510,514,2.0,3.51
390,5989,2.0,4.03
474,5690,4.5,4.53
425,1407,3.0,3.33
232,5349,4.5,3.7
7,3916,4.0,3.7
414,4889,4.0,3.37
215,318,5.0,4.53
561,5500,4.0,4.47
599,1917,3.0,3.2
238,455,1.0,2.43
517,5013,5.0,3.67
484,1033,4.5,3.7
179,95,3.0,2.95
600,2014,3.0,2.75
274,362,2.5,3.97
381,2671,4.0,3.61
610,27746,3.0,0.0
51,1033,4.0,3.62
222,1273,3.5,3.86
438,1479,3.5,3.51
177,52604,3.5,3.69
474,8493,3.0,0.0
280,58803,4.5,3.88
246,68954,5.0,4.13
534,132796,2.5,2.22
43,1,5.0,3.98
307,4010,3.5,2.98
177,68793,4.0,3.17
91,3740,5.0,3.98
219,589,4.5,4.18
285,296,4.0,4.24
75,3176,1.0,3.38
527,2866,4.0,3.24
599,1022,3.5,3.77
474,8410,3.5,0.0
177,84954,3.0,3.71
606,7060,4.0,4.31
298,76175,1.0,2.63
307,6374,1.5,0.0
351,480,4.0,3.76
185,5804,3.0,0.0
282,2019,3.5,4.23
380,63222,4.0,0.0
260,2174,3.5,3.49
275,1747,4.0,3.5
480,2140,3.5,3.7
485,110,3.0,4.0
414,553,4.0,4.63
19,3063,2.0,3.0
18,1682,3.0,4.04
261,50,4.0,4.27
131,58559,4.0,4.21
414,2137,4.0,4.38
201,2355,5.0,3.59
599,1904,3.0,0.0
434,3471,3.5,3.99
199,1213,4.0,4.4
82,6687,4.0,1.33
126,349,4.0,3.73
599,5333,3.0,0.0
590,1073,3.0,4.14
28,27611,4.5,3.89
606,69844,4.0,4.0
534,104218,4.5,3.3
45,2124,4.0,3.57
351,8533,4.0,3.68
312,5388,3.0,3.35
562,61240,5.0,4.07
480,553,4.0,4.15
288,2133,3.0,3.55
89,118270,5.0,0.0
64,2905,3.5,0.0
483,1287,4.0,4.19
600,4419,4.0,4.32
260,5690,5.0,4.08
599,2302,2.5,3.57
489,6537,2.5,3.05
365,78209,3.0,3.73
572,3552,4.0,3.83
534,77561,3.5,3.96
510,3897,3.0,3.87
429,261,5.0,3.83
105,159811,5.0,0.0
483,76077,4.0,3.35
22,8622,0.5,3.68
414,8528,4.0,4.44
376,1200,3.5,4.02
318,111364,3.0,2.47
370,44191,4.0,3.92
138,616,4.5,3.37
465,2067,5.0,4.11
288,48082,3.5,3.91
453,3744,4.0,2.9
124,2683,4.0,3.18
57,2985,3.0,3.53
4,3408,4.0,3.53
600,631,2.5,3.48
268,1278,4.0,4.01
420,3307,4.0,3.88
156,905,5.0,4.6
610,141799,3.5,0.0
605,4571,3.0,3.62
602,246,3.0,4.25
252,1682,4.5,3.81
21,94677,4.0,4.11
160,1208,5.0,4.27
219,1,3.5,4.12
66,1257,4.0,3.77
477,45722,3.0,3.65
198,2028,4.0,4.2
279,2288,5.0,4.07
465,933,5.0,4.32
224,593,4.0,4.22
202,1101,3.0,3.27
275,4211,4.0,0.0
226,2915,4.0,3.61
432,5891,3.5,1.98
308,39,3.0,3.3
22,33794,2.5,3.85
474,6770,3.5,0.0
480,33660,4.5,4.12
111,122904,5.0,4.35
414,4463,2.0,0.0
95,3793,4.0,3.67
610,97988,2.5,0.0
226,46948,3.5,3.68
83,2762,4.0,3.95
489,376,2.5,3.45
246,74508,4.5,2.75
125,149830,4.5,0.0
387,26303,4.0,0.0
551,106487,4.0,3.53
282,80463,3.5,3.85
66,608,4.0,4.23
21,70286,3.5,4.01
101,2959,5.0,4.26
555,1170,2.0,0.0
565,597,3.0,3.52
134,588,3.0,3.9
608,3785,2.5,3.11
387,50,4.5,4.41
318,6368,4.0,4.12
414,8865,3.0,2.79
532,2406,4.0,3.49
573,1485,5.0,3.21
393,4011,5.0,4.18
249,4370,3.5,3.55
474,4804,3.5,0.0
308,745,1.0,4.2
414,8798,4.0,4.18
610,27317,4.0,4.24
354,2947,4.0,3.96
155,153,3.0,2.91
64,3450,3.5,3.51
84,339,3.0,3.69
516,647,3.0,3.47
472,95510,5.0,3.05
184,162968,4.0,0.0
386,45,3.0,3.31
215,2248,4.5,3.84
68,3785,4.0,3.15
347,597,4.0,3.55
448,1022,4.0,3.65
464,4011,4.5,4.17
47,1580,1.5,3.57
486,173,4.0,2.56
74,1185,4.0,4.37
489,1136,3.5,4.38
438,8916,3.0,0.0
154,69844,5.0,3.9
593,141,4.0,3.51
566,377,4.0,3.58
86,3555,3.5,3.45
377,150,5.0,3.82
296,79132,5.0,4.1
401,551,3.5,3.55
599,5956,3.0,3.97
166,8360,4.0,3.61
156,1883,3.0,3.42
68,546,2.0,2.12
241,3252,3.5,3.66
354,70,4.5,3.67
71,788,4.0,2.73
456,1393,5.0,3.56
220,5796,2.0,2.45
288,1,4.5,4.2
580,30793,3.0,2.99
425,36,3.0,3.86
73,106072,5.0,3.36
414,96417,3.0,3.36
135,165,1.0,3.82
414,4248,4.0,2.35
19,1270,4.0,4.15
607,5060,3.0,4.0
412,1797,5.0,4.18
62,112804,4.5,0.0
339,85774,4.0,3.74
334,54259,3.5,3.58
607,4015,1.0,2.93
307,33495,2.0,2.99
346,1237,5.0,4.18
199,6807,3.5,4.06
266,367,3.0,3.31
503,6377,3.0,3.98
105,141844,4.5,0.0
375,1779,3.5,2.85
17,64839,3.5,3.76
170,339,4.0,3.6
474,7,3.0,3.33
316,3186,3.5,3.56
73,106782,4.5,4.16
610,74750,3.5,0.0
220,5502,1.0,3.18
64,1805,3.0,2.97
233,122882,2.5,3.81
21,4446,3.5,3.53
105,171011,5.0,4.89
607,1387,4.0,4.17
177,3977,3.0,2.99
438,5171,3.0,3.19
529,637,3.0,3.43
266,2249,2.0,3.53
68,6188,4.5,3.75
608,1101,3.0,3.38
318,37386,3.5,2.64
450,3173,4.0,3.13
599,1923,3.0,4.01
279,2858,3.5,4.12
492,1429,4.0,3.7
108,1959,5.0,3.58
294,180,2.0,3.67
317,63082,4.0,4.06
222,4993,4.0,4.24
232,27790,3.0,3.77
563,2918,3.5,3.89
559,145,3.0,3.37
51,653,4.0,3.22
274,63436,2.0,0.0
313,2716,2.0,3.88
139,81564,2.0,3.84
266,1196,5.0,4.28
508,2243,2.0,3.53
561,733,3.0,3.83
262,552,4.0,3.32
33,2391,2.0,3.73
380,7802,5.0,4.08
489,1253,3.0,3.99
605,58347,4.5,3.21
334,7153,3.5,4.19
132,4168,2.0,3.04
137,922,5.0,4.38
597,2396,5.0,3.94
217,1689,2.0,2.35
6,647,4.0,3.58
226,1639,3.0,3.73
474,6378,3.5,4.05
89,128852,4.5,0.0
489,3176,3.5,3.49
155,3114,3.0,3.85
89,54503,2.0,4.03
387,1248,4.5,4.61
170,736,3.0,3.44
580,1250,0.5,4.09
105,589,4.0,4.15
298,8132,3.0,4.78
307,3033,3.0,3.45
156,869,4.0,0.0
20,6297,4.0,3.43
441,527,0.5,4.25
98,60126,5.0,3.5
216,3868,2.0,3.37
606,44189,4.0,0.0
351,1193,3.5,4.2
428,2890,3.5,3.74
265,780,4.0,3.51
610,6537,3.5,3.29
169,1080,3.0,4.11
298,30810,3.0,3.67
274,1350,3.5,4.02
610,32,4.5,4.4
91,2140,3.5,3.7
80,8798,5.0,3.69
474,1921,4.0,4.24
428,1997,2.5,4.08
462,21,4.0,3.54
275,1041,5.0,4.86
599,2023,2.5,3.6
249,5803,3.0,2.83
352,51540,4.5,3.9
160,648,1.0,3.68
606,5099,3.0,0.0
604,23,4.0,2.87
309,2324,4.5,4.07
249,91500,4.0,3.5
122,1080,5.0,4.11
68,589,3.5,4.3
19,1590,1.0,3.04
236,2683,5.0,3.16
399,110,3.0,4.02
541,445,3.0,2.56
590,51935,3.0,3.96
448,101,3.5,3.98
28,4776,2.0,3.89
414,4387,4.0,4.27
298,4246,2.5,3.73
580,27674,4.0,3.66
89,93022,5.0,0.0
474,4129,1.0,0.0
80,5103,4.0,3.48
368,2094,3.0,3.36
515,527,5.0,4.24
276,1210,5.0,4.17
307,4584,2.0,0.0
292,4886,4.0,4.05
448,2134,3.0,3.34
495,102123,2.5,2.99
177,2144,2.5,3.84
254,3510,2.5,3.51
327,2857,2.0,3.07
491,1911,4.0,2.64
200,1777,5.0,3.63
380,36525,3.0,3.03
493,1215,3.0,3.98
64,4223,3.5,3.84
32,627,4.0,3.52
378,1,4.5,3.95
42,4132,3.0,2.68
474,2937,4.5,4.48
105,4270,4.0,3.13
434,50872,4.0,4.08
474,3105,3.5,4.31
305,105653,4.0,0.0
600,1707,3.0,2.3
266,2387,4.0,3.11
534,59315,4.0,4.13
351,88272,3.5,0.0
474,2378,2.0,3.82
448,4322,4.0,3.78
62,115680,4.0,0.0
448,4397,3.0,0.0
489,1042,2.0,3.51
561,2395,4.0,3.59
368,1193,5.0,4.25
33,261,4.0,3.85
414,60074,3.0,3.56
527,2054,3.0,2.9
462,3679,3.5,0.0
415,3468,4.5,4.39
246,616,4.0,3.35
610,1358,4.5,4.19
200,1302,3.0,3.83
305,56174,3.5,3.69
590,4878,3.0,4.18
79,2916,4.0,3.62
368,809,2.0,2.7
608,5065,4.0,3.02
488,1278,2.5,4.0
290,1204,5.0,4.33
177,106100,5.0,4.13
520,1136,5.0,4.28
368,762,2.0,2.58
384,480,4.0,3.75
182,4896,4.0,3.88
414,8981,4.0,4.06
122,46530,4.0,2.92
18,88140,4.0,3.82
332,76251,3.0,3.81
41,46723,4.0,3.52
525,33493,3.0,3.71
608,39,3.0,3.39
477,745,5.0,4.38
217,3307,2.0,3.84
132,8373,3.0,2.12
57,1274,3.0,3.67
387,4370,3.0,3.43
379,367,2.0,3.27
105,4973,4.0,4.44
357,4027,5.0,3.83
19,2657,3.0,3.5
182,2106,4.5,0.0
249,89864,3.5,3.94
483,588,4.0,4.26
401,1566,3.5,3.4
169,8641,5.0,3.66
202,1090,5.0,4.03
84,1013,3.0,3.41
509,45672,1.0,3.05
448,111663,1.5,0.0
603,184,4.0,0.0
182,3896,1.5,3.42
391,2003,4.0,3.39
16,1276,4.0,4.31
592,589,5.0,4.05
63,91500,0.5,3.48
232,49278,3.5,3.49
140,4903,4.0,3.15
21,5989,3.5,4.14
286,6365,1.5,3.32
393,4720,3.0,3.63
354,4027,3.5,3.82
387,47,4.5,4.2
551,117529,1.0,3.43
448,118997,2.5,3.11
480,2858,4.0,4.23
469,2987,2.0,3.78
448,3168,4.0,3.9
481,1479,3.0,3.33
274,3911,3.0,3.95
317,1258,5.0,4.17
212,364,3.0,4.04
585,4776,4.0,3.79
566,316,4.0,3.33
419,104,4.0,3.5
610,6947,4.0,3.86
436,250,3.0,2.45
288,141,3.0,3.59
177,6429,4.0,0.0
57,527,5.0,4.32
68,593,3.5,4.65
555,3174,3.0,3.5
220,8360,5.0,3.64
483,94777,3.0,3.73
542,6365,1.0,3.34
290,3104,4.0,3.6
332,1282,4.0,3.65
307,208,2.5,3.07
599,164179,3.0,4.39
246,26776,5.0,3.78
199,5747,4.5,4.41
509,2054,2.5,2.9
562,204,3.0,2.75
590,2099,3.0,3.67
230,2683,0.5,3.19
18,185135,4.5,0.0
274,5585,3.5,1.83
212,4979,4.0,3.77
560,109487,3.0,4.17
508,1296,1.0,4.06
593,4963,2.5,4.0
603,1185,4.0,4.32
292,5299,4.0,3.2
517,2941,3.0,3.8
453,3578,5.0,4.18
347,457,4.0,4.04
18,74458,4.5,4.37
123,69306,4.0,2.89
111,7438,3.0,4.02
59,858,5.0,4.36
274,8644,2.5,3.96
166,923,4.5,4.04
514,2454,3.0,3.48
149,1676,5.0,3.46
521,694,3.0,2.58
584,736,5.0,3.49
554,858,5.0,4.34
310,432,2.5,2.54
249,5323,1.0,0.9
377,4942,4.5,0.0
249,102445,4.5,4.33
474,6308,2.0,3.47
514,3688,2.0,2.2
380,3635,5.0,3.28
298,134130,3.5,4.03
378,91529,4.5,4.07
27,3489,5.0,3.5
446,253,3.0,3.53
387,153,3.0,3.03
177,6016,3.5,4.45
544,3,3.0,3.14
522,524,3.0,3.54
308,356,2.5,4.21
282,648,3.0,3.64
249,88125,4.0,4.2
177,2009,3.0,3.59
288,7619,3.5,3.65
372,1199,3.0,4.22
41,7445,2.0,3.87
552,2245,3.0,3.16
226,46578,5.0,3.98
140,33679,3.0,3.53
94,597,2.0,3.54
47,79242,3.0,2.29
103,2018,3.5,3.34
599,1682,4.0,4.22
187,7844,4.0,0.0
182,4898,3.0,0.0
226,1947,4.0,3.68
483,81,3.5,3.19
567,104875,3.5,0.0
104,1680,4.0,3.43
425,3948,3.5,3.61
495,63992,4.0,2.39
63,2115,4.0,3.69
522,1213,3.5,4.35
116,3578,4.5,4.05
307,7347,2.5,3.4
382,53974,1.0,0.0
274,6405,3.0,0.0
597,110,5.0,4.17
306,5957,4.0,3.45
603,1310,5.0,0.0
599,3617,2.5,3.33
561,2628,2.0,3.36
199,587,2.0,3.5
349,597,5.0,3.53
83,1726,2.0,3.53
448,151501,1.5,0.0
160,2088,1.0,2.66
592,457,5.0,4.06
533,2160,3.5,4.09
577,1233,3.0,4.25
328,1089,5.0,4.32
232,6333,3.5,4.04
474,3996,4.0,4.19
339,2716,2.5,3.9
448,6333,4.0,4.09
517,2135,3.0,4.08
318,54286,4.0,3.8
447,364,4.0,3.99
141,71535,3.5,3.9
474,27820,4.0,0.0
168,7156,4.5,4.18
351,39400,3.5,2.03
563,7316,2.0,2.28
448,34520,2.0,2.39
167,3210,2.5,3.54
286,4995,5.0,4.09
18,6300,4.5,0.0
177,1213,4.0,4.51
434,1246,4.0,4.16
480,6436,4.5,0.0
188,926,4.0,4.45
380,47044,2.0,2.89
424,141,3.0,3.55
534,2394,5.0,3.47
136,338,2.0,2.81
66,1918,3.5,2.78
569,296,5.0,4.23
135,1968,4.0,3.85
414,4963,4.0,4.63
399,4306,5.0,3.91
57,1372,4.0,3.37
256,56174,4.0,3.53
100,914,4.0,4.05
254,44929,4.5,0.0
555,2907,5.0,3.99
6,271,4.0,2.29
249,59022,3.5,3.57
217,3087,2.0,3.56
380,49278,4.0,3.52
128,1356,4.0,3.93
434,1089,4.0,4.38
479,3450,3.0,3.32
135,3052,5.0,3.74
601,115617,4.5,4.08
380,7099,5.0,4.34
391,5222,5.0,0.0
57,2716,5.0,3.87
123,76093,4.5,3.9
387,1953,4.0,4.07
448,168456,2.0,0.0
563,88163,3.5,4.11
385,1017,2.0,3.82
590,4558,3.0,2.43
480,163,3.0,3.82
554,1028,5.0,3.8
610,85022,3.0,3.56
517,88810,2.5,4.03
318,2925,3.5,4.31
62,135518,3.5,0.0
45,2064,4.0,3.84
249,420,3.5,2.99
512,317,3.0,3.18
318,5791,4.0,3.92
275,5650,3.0,3.53
599,26870,2.5,2.84
413,16,5.0,3.96
21,2529,4.0,3.81
599,106072,2.5,3.63
111,59333,3.5,2.69
8,317,3.0,3.18
307,34523,2.0,0.0
357,1035,4.5,4.14
341,6373,3.0,3.21
216,2109,2.0,3.46
125,138036,4.0,3.78
29,1939,4.0,4.04
370,1136,2.5,4.21
610,86835,2.5,0.0
475,1270,5.0,4.06
387,53972,3.5,3.75
377,2793,3.5,1.99
414,2642,3.0,2.67
167,3421,3.0,3.84
432,1921,3.5,4.05
369,1372,4.0,3.33
110,2762,3.0,3.94
599,2791,3.5,4.31
274,8977,2.5,2.11
202,6,5.0,4.03
480,708,3.5,3.61
380,59369,5.0,3.95
590,5944,2.0,3.32
45,778,4.0,4.23
608,158,0.5,3.13
414,3452,3.0,3.48
149,32,4.0,3.97
160,3745,2.5,3.38
414,605,3.0,3.93
514,58998,3.5,4.0
355,1848,3.0,3.41
387,44828,2.5,2.96
234,1688,3.0,3.37
573,3793,4.5,3.76
381,4299,4.0,3.63
91,225,3.0,3.53
39,3213,5.0,4.15
564,143257,3.5,0.0
610,90746,3.5,4.01
249,4641,3.0,3.34
604,317,3.0,3.21
297,1616,3.0,3.16
184,60040,2.5,3.38
105,924,4.0,3.92
505,2087,4.5,3.42
7,48783,4.5,3.51
555,2529,5.0,3.9
414,52967,3.0,3.23
194,2599,3.0,3.6
534,135532,2.0,0.0
221,3498,4.0,4.23
140,5093,3.0,3.09
555,2146,3.0,3.35
158,55391,4.5,0.0
551,90439,5.0,3.7
98,74458,5.0,4.18
474,1893,4.5,0.0
62,60126,3.0,3.67
177,3189,3.0,3.75
318,88810,4.0,4.35
91,1035,2.0,4.19
566,17,5.0,3.72
328,2115,4.0,3.67
509,99145,3.0,4.2
604,1,3.0,3.94
489,77881,3.5,0.0
202,2133,3.0,3.46
600,1020,2.0,3.32
66,8784,4.5,3.87
412,2861,4.0,3.17
525,96610,4.0,3.78
307,6625,2.5,2.7
608,420,2.5,3.04
219,3253,4.0,3.61
105,1214,4.0,4.08
127,1302,2.0,3.64
177,34336,2.5,2.12
282,2012,4.5,3.6
602,315,3.0,3.23
247,88125,5.0,3.84
484,2713,3.0,2.96
606,2571,5.0,4.41
195,235,5.0,3.68
354,1610,3.5,3.91
608,3087,2.5,3.47
608,595,2.5,3.97
380,1261,5.0,4.3
590,3742,4.0,3.55
606,4027,4.5,3.93
414,1199,5.0,4.66
318,1203,4.0,4.27
202,1295,4.0,2.49
232,317,3.5,3.32
319,595,4.0,3.82
28,2058,2.0,3.56
567,6333,2.5,3.75
287,8949,5.0,3.67
387,2290,4.5,3.54
18,157108,4.5,0.0
177,3477,2.5,3.35
452,2571,5.0,4.29
313,2949,4.0,3.71
600,5459,2.5,2.96
339,45672,5.0,3.08
606,2360,5.0,4.76
325,1947,3.0,3.62
200,2959,5.0,4.3
477,26662,4.5,4.34
414,1194,3.0,3.83
288,125,3.5,3.75
63,608,4.5,4.23
181,122,3.0,2.65
414,7361,4.5,4.81
202,3372,4.0,0.0
19,2581,3.0,2.98
200,441,5.0,4.03
590,6373,2.5,3.43
474,3421,2.0,4.08
599,528,2.0,0.0
45,1883,3.0,3.38
117,551,4.0,3.51
448,60072,2.0,3.27
608,4678,0.5,3.79
462,7156,4.0,4.18
539,419,2.0,2.89
474,31116,4.0,0.0
226,2005,5.0,3.8
182,1591,3.5,2.32
140,1441,4.0,3.34
352,2706,4.5,3.39
216,4002,3.0,3.94
596,168366,3.0,0.0
448,98230,3.5,0.0
64,7930,3.5,0.0
534,130520,4.0,2.86
597,1938,4.0,0.0
68,58295,3.5,3.5
182,180,3.0,3.83
352,114935,4.5,3.69
47,40819,3.5,3.67
490,8368,3.0,3.85
339,81562,4.0,4.04
307,5454,1.5,0.0
600,2167,1.5,3.55
64,2294,3.0,3.43
554,1093,4.0,3.57
178,4973,5.0,4.29
83,55442,4.5,4.13
509,69406,2.5,3.68
438,4736,3.5,2.23
239,3977,3.5,2.79
292,2403,4.0,3.66
318,3504,4.5,3.89
380,3977,3.0,3.04
295,1729,3.5,3.76
44,1120,4.0,3.61
351,80463,4.5,3.83
368,3452,3.0,3.09
232,2470,3.0,3.19
85,1624,1.0,0.0
156,356,3.0,4.31
20,4370,3.0,3.43
354,4018,3.5,3.21
240,543,3.0,3.34
474,3035,3.0,3.86
20,4022,3.5,3.8
91,1259,3.0,4.14
603,2289,5.0,4.23
234,3397,3.0,3.56
438,6936,3.5,3.87
5,58,5.0,3.92
334,4223,2.5,3.7
308,260,2.5,4.26
321,457,3.0,4.05
477,8366,4.0,3.9
466,4367,4.0,2.93
603,1391,5.0,3.31
68,135143,4.0,3.91
534,61248,3.5,3.13
489,2985,0.5,3.56
610,3623,3.0,2.81
594,593,5.0,4.27
199,5291,3.5,4.1
307,8340,3.0,4.01
603,1409,3.0,2.55
474,7618,3.5,0.0
561,63082,4.0,4.11
474,58,3.5,4.34
489,4226,4.5,4.21
604,184,3.0,0.0
599,76,2.5,3.47
19,671,2.0,3.66
181,355,2.0,2.58
605,36525,1.0,3.04
367,3618,3.0,3.33
474,1680,4.0,3.69
307,52241,4.0,3.61
249,780,4.0,3.87
191,175,5.0,4.26
385,1291,5.0,4.19
546,104,4.0,3.48
551,49272,4.5,4.07
590,3418,3.0,3.73
483,96448,1.5,2.59
572,150,4.0,3.88
201,1876,4.0,3.01
132,45,2.5,3.34
452,880,2.0,3.06
534,53140,3.5,0.0
166,48774,4.5,4.19
387,26242,3.0,3.54
452,44,4.0,2.51
298,134783,2.0,0.0
477,2324,4.5,4.22
19,2255,2.0,0.0
331,36529,3.0,3.87
581,1704,4.0,4.09
438,5443,2.0,0.0
462,8848,3.0,0.0
380,141544,4.0,0.0
140,2996,3.5,2.96
474,412,4.0,3.57
489,72731,3.0,0.0
111,7361,3.5,4.42
202,2403,3.0,3.68
153,1271,4.0,3.5
504,7153,4.0,4.15
93,2174,4.0,3.49
380,6503,3.0,2.74
86,5266,3.5,3.17
469,2410,2.0,2.89
608,111,3.0,4.43
110,111,4.0,4.22
274,173,3.5,2.73
279,73017,3.0,3.96
219,377,3.5,3.77
89,82167,2.0,3.05
149,1965,2.0,3.5
462,33639,3.5,0.0
298,318,3.5,4.53
604,2,5.0,3.41
387,1212,5.0,4.34
182,6934,0.5,3.29
21,6365,3.5,3.46
24,27773,4.5,4.09
200,1210,5.0,4.29
385,1219,4.0,4.02
563,4154,4.0,0.0
599,3068,3.0,4.65
368,707,2.0,3.02
448,87529,1.5,3.29
474,2379,2.0,2.6
315,909,5.0,4.15
567,122924,1.5,3.09
573,88140,4.0,3.74
525,8937,3.5,3.75
328,59369,3.0,3.64
474,7058,3.5,0.0
448,99846,3.0,0.0
309,3101,2.5,3.18
368,780,2.0,3.62
249,94677,4.0,4.39
590,1380,3.0,3.49
134,1,3.0,3.92
198,1307,4.0,3.95
322,51540,3.5,3.79
115,2617,4.0,3.13
105,3687,5.0,0.0
76,750,3.0,4.31
122,59387,4.5,4.04
606,1206,4.5,4.27
140,40583,4.0,3.71
464,4226,4.0,4.17
274,48385,4.0,3.32
288,2716,3.0,3.95
186,2346,4.0,3.18
509,90866,3.0,3.71
424,2959,4.5,4.31
391,1059,5.0,3.77
610,2332,1.5,0.0
34,5449,2.0,3.05
45,53322,5.0,3.79
330,1968,5.0,3.85
610,56367,4.0,4.08
474,951,4.5,4.3
603,2633,4.0,0.0
427,4993,4.0,4.16
325,2124,3.0,3.55
489,6942,4.5,3.8
200,1894,1.0,2.94
265,253,3.0,3.56
274,85414,4.5,3.85
167,1148,5.0,4.01
517,5464,3.0,3.63
303,16,2.5,3.96
177,73023,4.0,4.66
557,1721,3.5,3.43
51,48877,5.0,3.21
18,26444,3.5,0.0
125,152970,4.0,0.0
288,4473,3.0,0.0
599,8012,3.0,0.0
483,88140,3.0,3.92
474,1343,4.5,4.04
160,2818,1.0,0.0
414,3952,4.0,3.07
84,474,4.0,3.93
517,2571,2.5,4.26
318,118880,4.0,0.0
567,111362,3.0,3.88
318,128900,4.5,0.0
414,106916,4.0,3.29
153,4878,4.5,4.1
414,33421,3.0,0.0
199,2875,2.0,3.32
290,900,4.0,3.62
412,300,4.0,3.46
307,2926,4.0,2.97
65,88140,3.0,3.54
160,3160,4.5,3.65
599,3100,2.5,4.05
15,588,3.0,3.93
361,780,3.5,3.51
567,50872,4.0,4.06
100,1270,4.0,4.05
226,2291,3.0,3.79
288,4874,4.0,3.76
89,3948,4.0,3.53
160,904,4.0,4.34
200,2949,4.0,3.68
235,457,4.0,4.05
198,1591,2.0,2.28
117,231,2.0,3.12
50,1274,4.0,3.68
91,733,3.0,3.82
380,3508,5.0,4.06
57,2193,3.0,3.5
390,6218,2.0,3.33
593,49272,3.0,4.04
560,45081,3.5,2.97
590,5693,3.0,3.55
19,2446,2.0,0.0
246,1304,4.0,3.97
45,3534,4.0,3.18
57,913,5.0,4.11
352,128360,4.0,3.89
380,80363,2.5,2.98
305,71838,2.5,3.03
417,1089,3.5,4.28
368,1094,3.0,3.54
279,2329,3.5,4.29
474,446,3.0,3.22
249,53972,4.0,4.07
580,1291,4.0,4.31
305,64957,3.0,4.1
590,2643,2.0,1.87
588,778,5.0,4.1
599,3703,5.0,4.05
564,68135,4.0,3.7
62,56587,4.5,3.51
514,1198,5.0,4.4
234,2105,3.0,3.42
414,1589,5.0,3.73
610,47937,3.0,0.0
314,539,4.0,3.54
274,2857,4.5,2.94
599,122922,2.5,4.12
234,2355,5.0,3.61
318,30810,4.5,3.67
177,97306,4.0,3.71
342,2959,4.0,4.26
66,1261,5.0,4.08
597,1673,5.0,4.3
474,497,5.0,4.11
501,61,3.0,3.91
332,55820,4.0,4.0
606,5849,4.5,0.0
603,112,4.0,3.59
600,912,2.5,4.42
559,333,2.0,3.77
305,2542,3.5,4.29
312,1921,4.0,4.07
109,361,3.0,3.18
480,1061,3.5,3.69
221,3424,4.5,4.14
428,2700,3.0,3.99
509,65230,2.0,3.43
89,32031,5.0,3.13
599,31367,2.0,0.0
605,900,3.0,3.61
292,3959,4.0,3.48
304,1275,4.0,3.91
307,2154,1.5,0.0
590,1240,4.5,4.05
589,508,4.0,3.65
239,2872,3.5,3.72
387,3471,3.5,4.07
510,2000,3.0,3.71
610,5420,3.0,3.05
603,3476,1.0,3.6
380,40278,4.0,3.68
246,2046,4.0,3.29
403,1663,3.5,3.84
42,1197,5.0,4.31
288,5377,4.0,3.93
318,2076,4.0,4.22
212,166528,4.0,4.21
18,2409,4.0,3.41
300,1172,5.0,3.88
111,1562,3.0,2.14
288,33004,3.5,3.56
177,6753,3.5,3.42
232,62374,4.0,3.92
249,1432,3.5,2.09
365,4054,0.5,3.26
274,62,3.0,3.89
414,788,3.0,3.34
464,65088,4.0,3.28
318,68073,4.0,2.28
573,5502,3.0,3.23
509,57504,3.5,4.4
277,849,4.0,2.86
417,187541,3.0,3.14
288,1015,2.0,3.32
432,1527,2.5,3.71
517,26614,2.5,3.48
221,1292,4.5,4.02
105,3632,5.0,3.68
289,6125,3.5,0.0
249,112175,3.5,4.37
534,136864,1.5,2.58
19,1542,2.0,0.0
382,8368,4.5,3.88
380,8371,4.0,3.5
226,51255,4.5,4.12
263,2020,4.0,4.12
480,2946,3.0,3.3
274,68157,5.0,4.53
554,912,5.0,4.35
448,5636,3.0,0.0
274,1460,3.5,0.0
274,364,4.0,4.34
232,5400,4.0,3.18
372,1344,4.0,4.11
480,4973,4.5,4.5
129,653,3.5,3.15
89,84944,5.0,3.58
19,374,2.0,2.39
424,589,2.0,4.03
249,5903,4.5,4.34
64,4128,5.0,3.8
474,2457,2.0,3.96
173,110,3.0,4.0
438,7482,4.5,4.06
109,6,3.0,3.98
20,4446,3.5,3.49
380,4498,4.0,2.77
67,1270,4.5,4.01
288,3638,4.0,3.29
381,46976,4.0,3.75
599,54286,2.5,3.98
414,5420,2.0,3.03
57,1678,3.0,3.7
525,1688,3.5,3.36
226,1407,4.0,3.35
132,567,2.0,2.12
448,87306,3.0,3.84
307,1614,0.5,2.89
608,4993,4.5,4.35
599,1372,3.0,3.41
561,608,3.0,4.26
599,110102,3.0,4.34
282,2028,4.5,4.25
287,101,4.0,3.78
495,139642,4.0,2.51
421,1207,4.5,4.15
575,2548,1.0,0.0
214,66,3.0,2.08
17,480,4.5,3.79
534,1784,3.5,3.89
226,3688,3.5,2.19
28,48516,2.5,4.48
47,3844,4.0,3.37
414,2000,3.0,4.33
474,1124,4.0,4.0
448,1125,4.0,3.84
495,91658,5.0,3.51
520,4447,4.0,3.17
117,110,5.0,4.08
606,1959,3.5,3.78
314,314,4.0,3.72
596,8665,3.5,4.02
434,74452,4.0,0.0
373,586,3.0,3.03
559,34,5.0,3.65
452,1653,5.0,4.05
381,256,3.0,3.09
21,81564,2.5,3.85
543,92259,5.0,4.08
537,58559,3.5,4.21
290,2618,3.0,3.78
274,1552,4.0,3.46
590,2706,2.5,3.55
195,4369,3.0,3.18
111,48,3.5,3.33
10,47099,3.0,3.74
156,1228,3.0,4.31
560,49530,3.5,4.03
226,5388,3.0,3.43
140,257,3.0,3.64
380,68157,3.0,4.65
292,3147,4.5,4.25
243,248,4.0,2.97
21,44,1.0,2.56
448,148709,2.0,0.0
575,2436,3.0,4.35
73,61323,4.0,3.56
599,6810,2.0,0.0
483,2087,3.5,3.46
438,6365,3.5,3.57
428,784,2.0,3.03
55,2763,2.5,3.64
10,107141,2.0,0.0
67,4306,3.5,3.91
305,34,3.0,3.74
219,2987,5.0,3.79
27,2100,4.0,3.15
213,86142,4.5,0.0
391,1527,2.0,3.71
160,5992,5.0,3.76
500,2355,5.0,3.57
414,2092,2.0,3.44
263,7143,3.5,3.95
308,71033,1.0,4.32
414,3639,3.0,3.7
104,6711,3.0,4.24
414,55995,3.5,3.24
226,1805,3.0,2.96
610,72378,3.0,3.01
275,1610,4.0,3.94
317,74545,4.0,3.77
606,4482,2.5,0.0
563,74450,2.0,0.0
605,3000,3.0,4.07
20,1029,4.5,3.56
541,464,3.0,2.98
480,2470,4.5,3.3
29,3441,3.5,3.53
274,786,3.5,3.5
610,97938,4.0,4.22
599,318,4.0,4.56
78,356,3.0,4.2
307,296,4.5,4.39
232,7254,4.0,3.88
202,1231,4.0,3.86
104,1947,4.0,3.62
274,1200,4.0,4.27
50,93114,3.0,0.0
217,858,2.0,4.33
272,49272,2.5,4.01
448,95167,3.0,4.0
314,356,4.0,4.22
305,2,3.5,3.74
608,44665,4.0,3.8
484,160,4.5,2.94
482,4389,4.0,0.0
89,1394,2.0,4.25
313,4105,4.0,3.78
560,1721,3.5,3.49
222,42011,2.0,2.33
590,26152,2.5,3.19
279,4223,2.5,3.72
391,5055,3.0,2.56
325,3261,2.0,3.64
560,36529,4.0,4.0
603,4765,4.0,4.44
358,71579,4.0,3.26
307,5735,2.0,0.0
337,66,4.0,2.13
199,541,5.0,4.14
91,1617,2.5,4.16
369,19,4.0,2.86
182,5062,4.0,0.0
608,4386,2.0,2.81
278,2352,4.5,3.8
63,5010,4.0,3.98
125,78218,3.0,0.0
249,41569,3.5,3.45
345,56949,4.0,3.21
58,47,5.0,4.04
89,69757,2.5,3.65
33,580,1.0,3.28
328,2011,3.0,3.54
551,7438,1.0,3.92
402,442,4.0,3.03
597,1292,5.0,4.08
219,1210,4.0,4.35
552,3108,3.5,3.78
166,4865,4.0,3.87
610,99112,3.5,4.26
495,6870,4.5,3.88
18,122900,4.0,3.89
200,5445,3.5,3.79
18,235,4.5,3.73
514,1259,4.5,4.07
474,910,4.0,4.28
132,4896,3.0,3.83
474,2912,3.5,4.31
510,1259,3.5,3.94
464,356,5.0,4.26
117,508,3.0,3.68
313,3917,4.0,3.37
560,105246,3.5,0.0
45,1909,4.0,3.53
297,589,3.0,4.01
224,2108,5.0,3.52
598,63082,4.0,3.89
494,1221,5.0,4.28
327,1125,4.0,3.63
275,1197,5.0,4.34
600,8972,1.0,3.41
414,7381,2.0,3.71
274,40278,4.0,3.67
103,1012,4.0,3.32
105,118888,4.0,0.0
474,7139,4.0,4.34
561,5266,1.5,3.24
34,8622,2.0,3.67
370,2628,1.5,3.21
438,2490,3.5,3.35
572,1956,5.0,3.84
177,34162,3.0,3.72
63,4299,3.0,3.61
414,2997,5.0,4.45
47,145839,3.5,2.01
199,5481,3.0,2.99
410,1734,5.0,3.76
305,106072,3.5,3.54
217,1610,5.0,3.96
249,5952,4.5,4.36
267,1320,4.0,3.16
438,5363,3.0,2.91
348,1196,5.0,4.21
307,5361,1.5,0.0
234,2081,5.0,3.42
385,444,2.0,0.0
232,27837,3.0,2.81
606,55805,3.0,0.0
244,145,3.0,3.37
57,903,4.0,4.11
553,40148,5.0,3.12
83,1862,0.5,2.15
239,3578,4.5,4.21
287,1359,0.5,2.87
453,858,4.0,4.38
239,6365,5.0,3.44
370,2329,4.0,4.26
111,5449,3.0,3.04
555,2076,3.0,4.11
562,6242,3.5,3.61
263,3897,4.5,3.88
318,69640,3.5,2.84
608,1213,4.5,4.51
249,90430,4.5,0.0
599,3984,2.5,3.67
603,3584,3.0,0.0
28,31,2.5,3.31
603,838,4.0,4.0
610,5502,4.0,3.47
610,26401,5.0,0.0
480,7458,4.0,3.49
560,5840,4.0,0.0
474,1086,4.0,4.17
362,2273,3.5,3.43
493,3863,1.0,3.0
219,2176,3.5,4.02
111,136018,2.5,2.63
119,105844,4.0,3.81
474,1643,3.0,3.89
330,8961,4.5,3.89
6,351,4.0,3.27
34,2953,2.0,2.66
226,8368,4.0,3.87
282,54286,4.0,3.76
232,42738,3.5,2.98
590,595,4.5,3.96
219,6548,4.0,3.34
4,176,5.0,4.17
520,4677,4.0,2.83
104,2671,5.0,3.51
438,4700,3.5,3.37
91,6,5.0,4.04
524,586,3.0,3.06
314,208,2.0,3.0
201,593,5.0,4.24
448,2264,3.0,0.0
599,5678,2.5,0.0
57,1094,3.0,3.52
572,318,5.0,4.56
177,40629,4.0,3.76
36,3897,4.5,3.85
517,8665,2.5,3.92
125,88744,4.0,3.63
561,68791,2.0,3.45
298,47640,3.0,3.87
64,37733,3.0,3.83
561,122900,3.5,3.89
346,7084,4.0,3.67
518,3753,2.5,3.45
286,3994,4.5,3.62
204,81591,4.5,3.58
476,13,3.0,3.3
249,2000,4.0,4.01
448,71466,4.0,0.0
182,380,3.0,3.8
126,153,4.0,2.92
249,8957,4.0,3.76
68,67255,4.5,4.42
68,2722,3.0,2.9
122,3114,5.0,3.95
132,1748,3.0,3.81
388,8869,2.5,3.98
358,58998,1.0,3.97
538,4616,4.5,3.51
247,51662,5.0,3.68
130,231,4.0,3.07
283,1265,3.0,3.97
198,3033,3.0,3.43
288,1527,4.0,3.7
380,4344,3.0,3.26
580,45722,4.5,3.62
233,2858,3.0,4.11
103,90866,4.0,3.75
432,7265,3.5,3.75
177,2,3.5,3.75
274,43871,3.5,2.95
292,3985,3.0,3.56
226,419,2.5,3.06
140,2085,4.0,3.36
352,3751,3.0,3.54
212,1954,3.5,3.97
491,81845,4.5,4.17
590,42002,2.5,3.43
318,106920,3.0,4.21
249,1210,4.5,4.37
489,51255,4.5,4.16
369,52973,4.0,3.78
477,1517,3.5,3.72
220,5378,4.0,3.41
280,595,4.5,3.88
99,161,3.0,3.72
424,2858,2.5,4.08
200,1271,4.0,3.51
572,1299,4.0,4.2
438,34334,2.5,2.18
585,1089,4.5,4.28
603,1214,5.0,4.13
334,1,3.5,4.0
590,1356,4.5,4.08
339,148626,4.5,3.94
199,2300,5.0,3.88
280,2432,4.5,0.0
307,153,2.0,3.07
438,4846,5.0,3.47
249,5574,3.5,3.82
68,5015,4.0,3.28
51,1953,5.0,3.97
414,6280,2.0,0.0
232,46322,2.0,3.91
156,3468,5.0,4.46
182,5015,4.5,3.19
490,88125,3.5,3.79
42,22,5.0,3.26
606,928,4.5,4.21
167,185,1.5,3.22
68,33615,3.5,3.62
367,934,4.0,3.71
474,1104,4.0,4.88
368,466,3.0,3.03
274,333,3.5,4.02
469,2918,4.0,4.01
368,782,2.0,3.19
274,1702,3.5,3.34
7,4844,1.5,2.91
166,54001,4.5,3.85
177,2728,3.0,3.6
489,1086,3.0,3.98
18,180,4.0,3.76
412,858,5.0,4.34
297,540,1.0,2.77
583,96588,4.0,3.44
414,56174,3.5,3.85
452,1407,5.0,3.31
84,214,4.0,0.0
380,31221,2.0,2.42
357,8368,4.5,3.93
177,2355,3.0,3.87
50,139644,3.0,3.57
230,1097,0.5,3.86
318,6774,3.5,3.89
199,2467,4.5,3.85
489,3949,3.5,3.97
383,3006,5.0,3.74
136,44,2.0,2.5
542,4344,4.0,3.0
80,93840,4.0,4.14
249,171763,4.5,4.67
318,51255,4.0,4.29
21,112175,3.5,4.14
298,86882,3.0,4.04
232,5010,3.5,4.06
462,288,3.5,3.29
413,2959,5.0,4.28
597,2076,4.0,4.12
233,6365,3.0,3.33
273,150,3.0,3.83
330,1320,3.5,3.19
177,1968,3.5,3.88
84,415,3.0,2.51
68,3408,3.0,3.96
610,55765,3.5,4.25
414,36,3.0,3.73
91,1573,3.0,3.64
125,92694,4.5,0.0
420,1080,4.5,4.1
298,2772,3.5,2.87
534,784,3.5,3.18
448,53808,2.0,0.0
590,914,4.0,4.04
148,122886,3.5,3.92
298,6754,2.5,3.56
410,2318,4.0,4.52
20,4344,3.5,3.0
249,102686,3.5,3.71
428,2355,1.0,3.61
239,57368,2.5,3.27
301,8636,3.0,3.83
560,105954,3.5,4.2
437,260,5.0,4.24
605,76175,2.5,2.45
414,2403,4.0,4.12
599,1876,2.0,3.28
489,2431,3.5,3.48
425,858,3.5,4.42
560,80831,2.5,4.22
290,968,4.0,3.58
413,2502,5.0,4.16
156,1220,3.0,3.87
133,185,2.0,3.19
385,95,3.0,2.96
298,3994,1.0,3.77
318,71464,4.0,3.6
47,30812,3.0,3.51
318,4825,3.0,0.0
91,2713,3.0,2.98
304,2294,3.0,3.31
103,8972,3.5,3.46
571,3499,4.0,3.91
240,442,3.0,3.1
41,41285,4.0,3.75
247,8961,4.0,3.88
317,98961,4.0,4.21
199,2359,3.0,3.45
584,276,3.0,3.28
249,51255,3.5,4.48
482,30707,4.5,3.89
116,339,4.5,3.62
474,2202,4.5,4.97
198,3481,4.0,3.69
318,6541,3.0,2.89
84,342,4.0,3.27
599,43708,3.0,0.0
455,377,4.0,3.58
607,1084,4.0,4.15
563,8869,3.0,3.99
199,2278,4.0,3.73
372,1084,3.0,4.14
489,1580,3.0,3.7
111,61024,5.0,3.93
307,68952,4.5,4.09
307,7444,2.0,3.22
280,1197,3.5,4.35
489,6238,4.0,2.49
469,1265,5.0,4.17
380,4444,4.0,0.0
227,67255,4.0,3.96
603,3210,3.0,3.65
80,93297,4.5,0.0
249,72167,3.5,2.95
76,7254,3.0,3.55
554,914,4.0,4.08
28,62849,3.5,3.85
414,697,3.0,0.0
68,5459,3.5,3.26
603,2262,3.0,3.14
377,2971,3.0,4.19
391,1580,2.0,3.61
239,924,4.0,3.93
177,117881,3.5,4.89
185,2863,3.0,3.44
357,196,2.5,2.67
160,2405,2.0,3.06
204,5218,4.0,3.75
352,94959,4.0,4.16
414,909,4.0,4.52
571,1196,3.0,4.19
122,5989,4.5,4.14
247,122882,2.0,3.85
381,49272,3.5,4.18
319,318,4.5,4.5
111,1282,4.0,3.67
387,7394,2.5,0.0
183,3703,3.0,3.9
288,2078,3.0,4.01
199,25,5.0,3.87
263,1307,4.0,3.96
525,6934,2.5,3.24
464,1222,5.0,4.1
28,1208,3.0,4.3
115,34,2.0,3.66
19,3515,3.0,3.67
317,91077,5.0,3.91
298,1527,4.0,3.75
391,2502,5.0,4.21
351,597,3.5,3.51
555,414,3.0,0.0
288,2013,3.0,2.97
590,552,3.0,3.56
140,6484,2.5,3.17
415,750,5.0,4.31
600,1784,3.0,3.98
603,3408,4.0,3.59
89,68659,2.0,3.2
560,2571,4.5,4.4
428,2010,2.5,3.91
298,1748,4.0,3.85
365,112818,3.0,4.01
6,317,4.0,3.33
599,60074,2.0,3.31
606,587,4.0,3.61
341,2335,3.5,3.04
332,6539,4.5,3.92
438,4207,1.0,2.66
610,63113,3.5,3.99
73,1884,3.5,3.9
477,1219,4.0,4.13
265,3766,3.0,1.75
466,6539,4.0,3.92
181,25,1.0,3.72
415,2762,4.0,3.95
19,186,2.0,3.18
68,5693,3.5,3.66
373,235,4.0,3.65
577,2942,2.0,2.85
561,4679,4.0,2.68
380,122924,3.0,3.6
230,5952,3.5,4.05
63,51255,5.0,4.08
414,6012,2.0,3.12
432,72011,3.5,3.63
599,31553,1.0,0.0
382,95167,4.0,3.65
68,595,4.5,4.04
377,748,3.5,2.87
555,1222,4.0,4.32
455,62,4.0,3.74
152,44555,4.0,4.15
19,2617,3.0,3.21
298,5047,2.5,3.91
381,45447,3.0,3.36
599,74095,2.5,0.0
111,122896,3.5,4.17
254,8645,4.0,4.03
221,58,4.5,4.03
448,86833,4.0,4.06
83,79132,5.0,4.17
357,3274,3.0,3.24
339,56145,4.0,2.55
509,30825,2.0,3.25
179,18,4.0,3.64
159,480,3.0,3.75
171,235,4.0,3.65
437,1206,4.0,4.16
314,318,5.0,4.51
603,1966,4.0,3.61
211,44665,3.5,3.76
590,1036,4.0,4.07
599,2409,3.0,3.64
378,79132,5.0,4.13
368,1375,3.0,3.32
221,2375,2.5,2.94
600,2054,3.0,2.98
309,4886,4.0,3.92
439,1036,4.5,3.86
166,7153,5.0,4.23
414,4478,4.0,0.0
84,305,3.0,2.49
414,597,3.0,4.05
526,176415,3.5,0.0
58,248,3.0,2.98
509,52973,2.5,3.93
275,5803,2.0,2.62
219,3256,3.0,3.85
411,316,4.0,3.34
414,3254,3.0,3.98
184,86332,3.0,3.68
390,5296,4.0,2.97
177,8947,2.5,2.21
415,928,4.5,4.19
447,337,3.0,3.88
246,27731,3.5,4.07
140,3717,4.0,3.4
437,32,4.0,4.0
391,58,4.0,4.1
434,55118,4.0,4.14
39,2529,4.0,3.78
608,719,1.0,3.26
18,1247,4.5,4.13
477,72226,4.5,4.33
463,5952,5.0,4.02
216,48,2.0,3.29
317,2858,5.0,4.13
577,1961,4.0,3.92
560,110,4.0,4.16
290,246,5.0,4.32
357,2064,4.0,3.88
21,95441,3.5,3.35
585,175,3.5,4.24
414,54771,2.0,0.0
238,4803,4.0,3.51
428,7438,4.0,3.95
158,55282,3.0,3.12
380,2713,3.0,3.1
41,66097,4.0,3.83
18,72378,3.0,2.91
583,2706,3.0,3.35
71,1004,3.0,3.35
249,85131,3.0,0.0
452,1387,5.0,4.18
104,91500,4.0,3.49
414,6308,2.5,3.71
132,307,4.0,3.96
305,103228,5.0,4.09
287,4299,0.5,3.56
480,8783,4.5,3.25
514,1128,4.0,2.58
88,1732,5.0,3.91
368,370,3.0,3.22
448,619,1.0,3.39
477,922,4.5,4.54
103,2716,3.5,3.89
166,3160,4.0,3.7
608,2717,3.0,3.21
57,3638,2.0,3.11
105,6934,4.5,3.3
307,2060,3.5,3.14
432,2505,3.0,3.3
414,6249,2.0,0.0
462,88744,4.0,3.57
370,1196,2.5,4.23
184,177285,3.0,0.0
453,2027,3.0,2.52
274,68486,3.5,0.0
330,3176,3.5,3.46
83,4973,5.0,4.31
594,28,4.5,4.19
143,4306,5.0,3.9
330,608,4.0,4.22
561,7373,3.0,3.52
597,2303,3.0,3.65
57,434,2.0,3.18
256,4718,4.0,3.0
79,1192,5.0,4.81
599,2552,1.0,0.0
188,1028,5.0,3.76
91,88,3.0,3.29
354,1639,4.0,3.7
57,1200,4.0,4.06
222,3948,4.0,3.56
484,4975,5.0,3.53
504,6927,4.0,0.0
448,49688,4.0,0.0
298,107406,3.0,3.53
44,780,3.0,3.48
414,47200,3.0,4.1
368,592,3.0,3.62
470,95,3.0,2.96
580,5954,4.0,3.95
221,4361,4.0,3.51
414,2353,4.0,3.93
103,2797,4.0,3.81
91,3267,4.0,3.5
111,87485,3.5,3.15
489,1882,1.0,2.12
135,3708,4.0,3.11
178,6016,5.0,4.2
325,5646,4.0,3.94
594,1605,4.0,0.0
298,58806,2.5,0.0
298,86911,3.0,3.81
74,5812,4.0,3.79
414,2816,1.0,1.96
220,3034,5.0,3.62
292,3578,3.0,4.19
608,33725,4.0,0.0
28,6947,3.5,3.66
232,52722,3.0,3.27
194,552,3.5,3.3
62,114180,3.5,3.02
462,260,4.0,4.28
599,1459,1.5,3.17
411,265,3.0,4.05
483,2808,2.5,1.91
305,62250,5.0,4.18
82,2378,3.5,3.43
474,1974,3.0,3.1
153,51662,0.5,3.64
414,4718,5.0,3.59
307,5151,0.5,3.09
75,8865,1.0,2.91
20,5254,3.0,3.3
429,282,4.0,3.44
228,1373,4.0,2.41
476,185,3.0,3.23
438,32587,4.0,4.17
308,355,3.0,2.52
11,736,4.0,3.47
256,377,4.0,3.61
182,2387,4.0,3.25
73,119145,4.5,4.1
282,44195,4.0,4.01
61,173,3.0,2.54
298,140711,0.5,3.12
148,79702,4.0,3.89
169,1947,5.0,3.65
334,7361,4.0,4.27
129,3745,4.0,3.37
89,124273,4.5,0.0
573,68358,4.5,4.18
370,1291,4.0,4.17
608,33679,4.5,3.63
117,434,3.0,3.15
414,2014,3.0,2.92
555,3584,1.0,0.0
367,3624,4.0,3.23
474,673,1.5,3.24
153,4848,2.5,3.92
294,2133,1.0,3.48
357,1682,3.5,3.97
14,356,4.0,4.19
263,5524,3.0,2.45
567,6534,0.5,2.71
314,653,3.0,3.12
602,25,4.0,3.82
226,546,2.0,2.08
455,165,3.0,3.7
537,103341,0.5,3.67
290,903,5.0,4.16
202,750,5.0,4.4
68,2987,2.5,4.0
438,4299,3.5,3.68
57,3639,3.0,3.61
444,300,3.0,3.43
370,112,3.5,3.53
590,8644,3.0,3.67
610,99114,4.5,4.53
217,2105,3.0,3.49
330,541,2.0,4.14
105,3681,3.5,4.41
200,53464,1.0,2.5
142,281,4.0,3.69
564,37384,4.0,3.4
410,1252,4.0,4.34
250,1246,5.0,4.05
182,25,4.5,3.93
249,1721,2.0,3.57
331,6537,2.5,2.99
448,1372,3.0,3.38
448,97938,3.0,4.28
554,2282,5.0,0.0
239,480,4.0,3.87
318,2018,4.0,3.39
460,1584,5.0,3.57
462,4641,2.5,3.37
474,969,5.0,4.27
606,47610,4.0,4.1
41,2692,4.0,3.98
368,1377,2.0,3.07
225,1259,5.0,3.94
182,4007,4.0,4.23
43,253,4.0,3.56
62,5816,4.5,3.65
608,4896,3.0,3.88
480,1261,2.0,4.15
140,2803,3.0,3.04
308,72998,4.0,3.68
555,2518,3.0,3.42
599,3148,3.0,3.79
603,3812,3.0,3.46
610,1228,5.0,4.3
140,1693,3.0,3.63
184,180297,4.5,0.0
592,594,3.0,3.66
303,6264,3.5,1.92
603,1923,4.0,3.84
27,969,4.0,4.09
50,4886,3.0,3.93
600,2065,4.5,3.86
42,1726,2.0,3.62
489,78174,0.5,0.0
387,48780,4.5,4.37
307,49272,3.5,4.18
610,3968,2.5,3.46
566,318,5.0,4.52
474,32582,4.5,0.0
280,788,2.5,2.77
608,6534,2.0,2.81
45,1042,3.0,3.51
603,2908,5.0,3.63
274,2126,2.0,2.82
123,115617,3.5,4.05
532,589,4.0,4.04
567,1653,3.0,4.03
357,80463,4.5,3.85
590,3088,4.0,3.99
597,1476,4.0,3.75
352,1608,4.0,3.44
483,7164,4.0,2.67
200,5151,2.5,3.09
412,1288,4.0,4.05
481,1589,2.0,3.3
232,7257,3.0,1.44
434,4306,3.0,3.98
610,8949,4.0,3.81
252,164909,4.0,3.02
103,2720,3.5,1.97
307,5796,3.5,2.31
217,1606,2.0,2.72
200,5299,4.5,3.23
474,5954,4.0,4.2
414,55267,3.0,3.02
373,47,5.0,4.01
234,2080,5.0,3.51
385,296,4.0,4.3
603,3176,4.0,3.5
68,480,3.5,4.08
365,3753,3.0,3.5
523,31696,5.0,3.53
274,6377,4.0,4.35
381,48385,4.0,3.31
489,1230,2.5,4.21
561,2529,4.0,3.84
465,1610,4.0,3.84
514,68157,4.0,4.19
217,3516,3.0,3.22
28,2028,3.5,4.28
232,953,4.0,4.11
266,2097,2.0,2.97
387,1256,4.0,4.02
288,2091,2.0,0.0
599,312,1.5,1.78
220,780,4.0,3.58
408,85412,4.0,0.0
495,112290,4.5,4.13
339,318,4.0,4.59
359,1960,4.5,3.56
199,30707,4.0,3.92
368,225,3.0,3.57
294,2278,3.0,3.73
16,3174,3.5,3.4
182,760,4.0,0.0
573,6874,4.5,3.97
377,3726,4.0,3.67
494,1210,4.0,4.17
414,98961,4.0,4.64
105,8981,4.0,3.71
75,1200,2.5,3.96
368,3418,3.0,3.68
143,69069,5.0,3.34
288,4238,2.0,3.36
288,52722,3.5,3.17
385,1019,3.0,3.56
480,1889,3.5,4.15
414,54286,4.0,4.06
610,31696,3.5,3.82
318,6016,4.0,4.41
28,1303,3.0,4.09
91,7561,3.5,0.0
380,185,3.0,3.68
227,858,4.5,4.35
18,68073,4.5,2.19
298,2193,3.0,3.44
525,364,4.0,4.17
425,159,4.5,2.73
414,6884,2.5,0.0
599,1189,3.0,3.87
288,2719,2.0,2.23
288,5816,3.0,3.62
249,55232,3.0,3.2
605,1680,3.5,3.41
58,509,2.0,3.7
177,8533,3.5,3.93
352,2542,5.0,4.11
380,4158,2.5,2.01
438,7150,2.5,2.71
480,8873,3.5,4.07
483,1580,2.0,3.79
4,319,5.0,3.44
474,5989,4.0,4.51
33,2690,4.0,3.53
72,50,4.5,4.26
603,597,3.0,3.63
432,2628,4.0,3.28
566,708,3.0,3.34
330,454,3.5,3.7
307,6870,3.0,3.99
178,1883,4.5,3.37
376,590,3.5,3.85
610,3285,3.5,3.21
160,3701,1.0,3.28
599,719,3.0,3.36
552,3994,3.5,3.61
434,8961,4.5,3.92
469,908,5.0,4.37
555,2003,3.0,3.45
418,50,4.5,4.27
586,7153,5.0,4.24
144,2,3.0,3.43
380,2947,5.0,4.16
432,68954,4.0,4.16
380,6794,3.0,1.58
345,468,3.5,3.39
422,1283,4.0,4.35
307,1407,0.5,3.38
330,104,0.5,3.55
217,590,4.0,3.92
116,590,4.5,3.83
509,40629,4.0,3.56
139,4270,2.0,3.0
606,4995,4.0,4.4
160,596,4.0,3.5
4,1914,4.0,3.25
177,44195,4.0,4.03
387,1270,2.0,4.24
534,7254,4.5,3.84
125,164881,1.5,0.0
495,8641,5.0,3.7
227,111759,4.0,4.1
68,48774,3.5,4.63
290,2560,3.0,3.05
608,3499,3.0,4.12
23,3265,4.5,4.06
62,4270,3.5,3.1
599,4029,3.0,4.12
11,1358,4.0,4.09
458,457,5.0,4.04
238,4946,4.0,0.0
474,927,4.0,0.0
274,1196,4.5,4.53
483,8957,0.5,3.52
219,8784,3.5,3.92
317,16,5.0,4.0
372,800,2.0,4.14
274,1022,2.5,3.66
368,2735,1.0,2.77
608,1037,2.0,2.7
590,2028,4.0,4.34
91,1350,4.5,3.83
294,2879,2.0,3.21
599,2694,2.5,3.39
182,2948,4.0,3.88
380,5872,3.0,3.32
274,2791,4.0,4.32
380,37727,3.0,3.22
309,908,3.5,4.24
377,3153,4.5,4.41
274,4958,2.5,3.73
48,172,3.5,2.63
448,87430,1.5,2.49
606,39869,4.0,0.0
312,5378,4.0,3.39
279,2797,2.0,3.76
414,5391,4.0,4.3
448,2759,2.5,3.99
64,1405,4.0,2.7
304,258,4.0,2.26
414,3809,3.0,3.65
295,68157,5.0,4.1
91,1380,2.0,3.4
220,356,5.0,4.31
305,6365,3.0,3.54
480,3100,3.0,4.03
414,2951,4.0,4.5
396,1597,0.5,3.12
599,2381,1.0,3.51
111,54503,4.5,4.17
471,356,3.0,4.18
256,4995,5.0,4.11
4,2174,5.0,3.5
249,112070,3.5,0.0
390,64575,2.5,3.66
68,3527,3.5,3.8
480,30812,4.0,3.77
367,3435,4.0,4.23
387,6577,3.0,0.0
448,54997,4.0,4.03
475,91500,4.0,3.49
339,61323,3.5,3.64
414,558,3.0,3.54
387,6707,3.0,3.16
536,480,4.0,3.74
561,4641,4.0,3.32
66,5023,4.0,0.0
325,3733,4.0,0.0
8,32,3.0,3.98
166,1222,3.5,4.14
140,3117,3.0,0.0
438,1687,3.0,3.54
249,74795,3.5,3.68
365,5995,1.0,3.98
301,47,4.5,4.0
339,908,4.5,4.2
448,47,4.0,4.34
520,1265,5.0,4.08
368,2023,2.0,3.51
606,8713,3.0,0.0
57,1269,4.0,4.12
50,63082,2.5,3.95
512,367,3.0,3.28
346,7034,4.0,3.69
599,466,3.5,3.17
387,40966,3.5,0.0
331,7143,4.0,3.95
298,47610,2.0,3.97
168,1193,4.5,4.26
418,136020,0.5,2.96
57,1240,4.0,4.0
490,72998,3.0,3.68
288,3115,3.0,4.44
74,1221,5.0,4.33
89,133867,4.5,0.0
438,6617,4.5,3.87
91,420,1.5,3.0
226,5218,4.0,3.88
471,4886,4.0,3.9
525,97225,3.5,3.65
382,58025,3.5,3.02
345,1203,5.0,4.07
217,1037,3.0,2.72
68,6323,2.5,3.84
165,1198,5.0,4.27
322,110,3.5,4.05
125,67695,5.0,2.12
590,2340,3.5,3.26
587,1367,3.0,3.13
288,2117,2.0,3.9
474,3045,3.0,3.63
580,2916,4.5,3.76
266,2195,5.0,2.96
226,3477,3.5,3.35
177,104,2.5,3.61
255,3421,5.0,3.8
89,157775,5.0,0.0
484,4890,3.5,2.97
312,2641,3.0,3.11
90,613,5.0,3.5
610,5139,5.0,3.4
195,3253,4.0,3.54
278,527,5.0,4.22
249,116797,4.0,4.63
182,4738,4.5,0.0
523,7153,5.0,4.16
414,1372,3.0,3.29
125,94931,3.5,0.0
10,81847,3.5,3.94
599,778,3.5,4.48
605,59501,4.0,3.54
540,4239,4.0,3.89
610,109187,3.5,3.0
64,8376,5.0,3.17
534,1562,3.0,2.19
182,47,4.0,4.26
474,53921,3.5,0.0
332,3033,3.0,3.41
305,44195,5.0,3.99
474,3271,3.0,4.24
606,7067,4.0,0.0
466,111759,5.0,4.16
19,2371,4.0,3.14
135,673,2.0,3.0
288,3572,3.0,1.93
263,32587,3.0,3.99
326,47610,3.0,3.89
495,132796,1.0,2.09
357,4091,3.5,0.0
298,2232,3.0,3.52
414,88129,5.0,4.12
204,39292,4.5,3.68
330,5013,4.5,3.68
372,1031,3.0,3.51
4,52,3.0,3.54
328,527,5.0,4.35
524,1220,3.0,3.83
298,50,3.5,4.38
414,2241,3.0,4.19
105,69844,4.0,4.15
22,4306,3.0,3.91
563,50954,1.0,0.0
599,75985,2.0,3.84
603,2944,4.0,4.18
414,5071,4.0,0.0
68,56379,2.5,0.0
561,111759,1.5,4.3
148,112852,3.5,4.14
540,44191,5.0,3.9
525,2406,4.0,3.61
526,8961,4.0,3.8
564,31685,3.5,3.3
45,2959,5.0,4.32
603,4690,3.0,0.0
19,541,4.0,4.14
596,122892,3.0,4.05
353,315,3.0,3.21
288,1287,4.0,4.35
484,1258,3.5,4.17
104,3175,4.0,3.68
608,1673,3.5,4.3
606,3707,3.0,2.81
417,8529,3.0,3.34
526,92259,5.0,4.08
509,5446,3.0,3.22
170,376,3.0,3.3
20,3512,3.0,3.8
166,32587,5.0,4.03
335,802,3.0,3.29
602,21,4.0,3.53
4,910,5.0,3.93
448,79091,3.0,4.37
108,4975,4.0,3.48
186,1193,4.0,4.27
274,1407,3.0,3.38
288,3806,3.0,0.0
452,1394,5.0,4.25
317,91658,5.0,3.48
51,2808,2.5,1.92
64,40815,4.0,3.86
235,344,2.0,3.02
274,3189,2.5,3.82
607,2313,4.0,4.11
516,3052,3.0,3.71
42,1682,3.0,3.96
603,1192,4.0,5.15
462,1208,3.0,4.38
58,173,2.0,2.56
274,4052,3.0,3.03
151,1047,4.0,3.27
610,51077,2.0,2.77
414,47044,3.0,2.92
263,2501,4.0,3.92
382,137857,4.0,3.71
232,4366,2.5,3.66
239,1222,5.0,4.19
563,31433,3.5,2.65
153,112290,4.0,4.01
68,40732,3.5,3.92
387,7460,3.0,3.89
177,5218,3.0,4.03
307,780,2.0,3.66
160,1196,4.0,4.31
306,103372,5.0,3.19
288,158,2.0,3.16
567,91535,2.5,3.2
103,2410,4.0,2.81
366,32587,3.0,3.96
597,2427,5.0,3.18
561,3698,3.0,3.3
241,2762,3.5,3.94
166,2762,4.0,4.02
260,2766,3.5,0.0
177,63859,2.5,3.74
104,2106,3.0,0.0
221,3435,4.5,4.24
43,454,4.0,3.67
448,5110,4.0,3.88
221,2321,4.5,3.54
391,4034,2.0,4.04
590,2804,4.0,4.15
413,53993,0.5,2.79
475,81564,3.5,3.9
339,141890,3.0,0.0
251,47,5.0,3.99
104,6996,2.0,1.94
332,2997,3.5,4.07
414,36527,4.5,3.59
169,4880,4.0,3.95
20,5015,4.0,3.12
62,47099,5.0,3.92
608,1015,2.5,3.29
434,48394,5.0,3.83
73,68135,3.5,3.65
202,308,4.0,3.81
132,3160,3.0,3.73
249,48385,4.0,3.4
305,89492,4.0,4.26
304,2,4.0,3.47
288,1275,2.0,4.16
608,3996,4.0,4.01
481,986,3.0,3.64
292,72998,4.0,3.85
414,1804,2.0,4.69
414,438,2.0,3.7
114,593,3.0,4.2
288,6003,4.0,3.58
274,2555,2.0,1.77
118,1221,5.0,4.27
3,1093,0.5,3.56
10,58559,4.5,4.22
586,91529,4.5,4.2
217,2072,4.0,3.44
414,62155,4.5,3.92
57,3361,3.0,3.99
607,2616,3.0,2.9
68,2329,2.5,4.58
464,3527,2.0,3.6
483,48082,4.5,3.93
492,494,4.0,3.49
414,4866,3.0,3.07
603,1254,5.0,3.98
212,5618,4.0,4.17
610,464,4.0,3.05
605,6787,4.0,3.97
480,1210,3.5,4.39
140,3831,3.5,3.9
474,161,3.5,4.06
115,1614,3.0,2.85
509,13,3.0,3.33
596,2571,4.0,4.36
414,1373,3.0,2.34
305,58998,4.0,4.25
438,4367,1.5,3.12
610,3552,3.0,3.88
608,31221,4.0,2.26
219,36708,3.5,3.87
221,910,4.0,3.97
132,7320,3.0,4.4
380,1339,3.0,3.38
599,5630,2.5,3.74
105,147250,5.0,0.0
292,5504,4.0,2.27
525,71462,4.0,4.27
20,5218,5.0,3.78
221,2110,3.0,3.39
430,2997,4.0,4.0
600,3083,4.0,4.17
483,5418,4.5,4.01
534,103384,3.5,3.42
524,832,4.0,3.33
290,3105,4.0,4.01
223,593,2.5,4.23
330,1270,4.0,4.13
434,68237,5.0,4.01
599,799,2.5,3.76
380,595,4.0,4.05
368,1876,3.0,3.09
527,1979,2.0,4.03
512,356,5.0,4.2
15,85414,3.5,3.69
169,7173,3.0,3.24
15,1200,5.0,3.99
50,33781,2.5,0.0
385,266,2.0,3.34
477,1449,4.0,3.84
525,1032,2.5,3.32
477,1240,4.0,4.04
303,1394,4.0,4.21
216,3435,5.0,4.26
525,6296,4.0,3.9
603,1953,4.0,4.11
555,413,3.0,2.91
504,6596,3.5,0.0
555,2416,3.0,3.01
376,1270,4.5,4.07
453,780,3.0,3.6
328,3671,4.5,3.93
387,4262,4.5,4.05
39,1196,5.0,4.23
551,1036,4.5,3.89
1,2993,5.0,3.46
59,1361,4.0,4.42
383,903,4.0,4.05
105,56145,4.0,2.54
212,79091,4.0,3.88
573,1136,4.5,4.31
105,147328,5.0,0.0
606,444,4.0,0.0
577,1334,2.0,2.5
480,45730,3.5,2.69
606,3538,4.0,3.18
603,2073,4.0,3.72
339,65216,4.5,3.75
532,2028,5.0,4.14
266,589,4.0,4.12
52,39183,4.0,3.53
526,64957,3.0,3.79
474,7882,3.0,0.0
129,49649,2.5,2.31
610,60037,2.5,0.0
37,593,5.0,4.2
411,180,2.0,3.61
352,318,5.0,4.53
339,32,3.0,4.11
177,77561,3.5,3.96
1,3062,4.0,4.14
38,223,5.0,3.93
573,648,4.5,3.66
409,2795,5.0,3.67
517,2431,2.5,3.43
517,1234,2.0,4.09
362,1645,5.0,3.37
23,924,4.0,3.95
559,260,5.0,4.24
62,122886,4.0,3.97
18,4306,4.0,4.06
520,4011,4.5,4.19
438,6934,3.5,3.32
590,2421,3.5,2.79
572,2919,4.0,3.82
599,1704,4.5,4.44
563,7444,3.5,3.23
167,4306,4.5,3.96
480,410,3.5,3.33
219,52973,3.5,3.93
221,7216,4.5,4.13
387,1333,3.5,4.0
200,2302,4.0,3.32
399,1198,5.0,4.29
419,1407,4.0,3.3
573,1090,3.5,4.1
312,4744,3.0,2.42
448,2140,3.0,3.71
294,3210,4.0,3.56
356,58559,5.0,4.32
604,300,3.0,3.44
484,32587,4.5,4.02
599,159817,3.0,4.64
288,410,3.0,3.43
168,3362,4.5,3.96
239,597,4.0,3.63
408,91542,5.0,3.77
219,1722,3.5,3.14
292,3173,1.0,3.18
274,1391,4.0,3.36
599,2410,3.0,2.96
239,46530,3.5,2.91
479,135,1.0,3.0
234,2414,3.0,3.28
91,1968,3.0,3.9
306,69406,5.0,3.59
599,45221,2.5,2.65
606,2145,3.5,3.18
610,32029,3.0,2.93
180,785,2.0,3.49
178,7361,4.5,4.24
605,4993,5.0,4.18
398,902,5.0,3.91
522,2141,1.5,3.54
45,1282,5.0,3.68
448,127096,2.5,3.79
219,6377,3.5,4.19
41,2160,5.0,4.14
603,913,5.0,4.09
134,442,4.0,3.01
233,73017,3.5,3.94
256,5989,4.5,4.07
136,553,3.0,3.94
572,1304,5.0,4.06
182,5379,5.0,0.0
567,109578,2.0,3.58
438,1704,4.5,4.29
304,293,4.0,4.13
152,296,4.5,4.25
606,33493,4.0,3.61
318,1380,3.5,3.38
249,54001,4.0,4.11
339,128360,4.5,3.95
140,33166,4.5,4.14
577,1263,4.0,3.99
169,1416,4.0,3.69
600,3114,2.0,4.03
89,5110,3.0,3.64
307,1498,3.5,3.27
364,858,5.0,4.28
217,468,2.0,3.55
234,3699,4.0,3.32
304,1320,4.0,3.2
380,5903,5.0,4.38
91,2628,4.0,3.28
508,671,2.5,3.43
50,96606,2.5,4.65
592,586,4.0,3.05
610,79057,3.5,3.98
610,92309,4.0,0.0
177,1544,2.5,2.94
603,1367,4.0,3.23
580,4226,5.0,4.25
287,2997,4.0,4.02
86,3578,4.0,4.05
567,1704,3.0,4.1
30,97913,4.0,3.99
330,1028,4.0,3.85
23,1249,3.5,4.09
325,597,2.0,3.58
122,47997,5.0,3.94
580,33794,5.0,3.98
610,112290,5.0,4.48
182,4239,4.0,4.07
23,1284,5.0,3.91
110,1276,5.0,4.29
164,1573,3.0,3.47
490,81591,4.0,3.59
111,39446,0.5,3.21
282,1580,4.0,3.63
483,466,4.5,3.12
153,134853,2.0,3.88
248,316,3.5,3.31
64,8093,3.5,0.0
533,1387,4.0,4.11
332,2917,4.0,3.64
438,316,3.5,3.55
599,80219,3.0,3.52
568,3363,4.0,3.9
388,62999,5.0,3.39
226,7458,2.5,3.4
453,2325,4.0,3.66
275,4205,3.0,3.46
354,377,4.0,3.67
68,527,4.0,4.46
448,4161,3.0,3.72
517,59784,0.5,3.51
603,1663,3.0,4.09
41,1569,2.0,3.5
483,7153,4.0,4.39
288,3176,3.0,3.56
275,215,5.0,3.88
469,2402,2.0,2.97
97,4701,3.0,3.28
28,5152,4.5,3.38
182,4308,4.0,3.73
234,231,2.0,3.12
307,32011,1.5,2.26
249,68954,3.5,4.57
86,6377,4.5,4.01
438,5678,3.0,0.0
400,1196,5.0,4.22
232,7361,4.0,4.44
385,153,3.0,2.94
68,56757,2.0,4.15
538,2918,4.5,3.84
58,780,5.0,3.52
330,750,4.5,4.38
313,2115,2.0,3.73
19,1924,2.0,3.39
74,47423,4.0,4.3
387,31,2.5,3.42
182,1544,3.5,2.91
448,98961,4.0,4.41
313,3032,5.0,3.66
28,55290,3.0,3.89
414,5500,4.0,4.73
84,922,4.0,4.47
509,40815,3.5,3.92
346,7387,4.0,3.98
6,458,3.0,0.0
514,2297,3.0,3.69
225,1130,3.0,0.0
279,168252,4.0,4.6
182,5131,4.5,0.0
19,1717,3.0,3.21
219,8880,2.5,3.53
587,1374,4.0,3.68
462,64839,4.0,3.77
448,3033,4.0,3.54
599,175,2.5,4.35
474,1526,0.5,1.45
200,6503,3.5,2.66
610,88125,4.5,4.04
292,4638,4.0,3.09
19,2359,4.0,3.56
428,160,1.5,2.91
135,480,5.0,3.84
445,899,3.0,4.06
282,1258,4.0,4.21
610,6378,3.5,4.17
167,1307,3.0,3.95
288,586,3.0,3.35
414,517,2.0,3.72
608,6503,3.5,2.65
462,5952,4.0,4.12
330,1263,3.0,3.97
41,35836,4.0,3.65
318,42176,4.0,0.0
325,3623,3.0,2.7
288,8376,4.0,3.17
477,5378,4.0,3.5
160,2023,5.0,3.5
480,7361,4.5,4.47
474,5297,3.0,0.0
425,2701,3.0,2.41
282,2468,3.0,2.49
425,2335,4.0,3.07
380,161634,3.5,3.48
361,33794,4.0,3.83
199,5989,4.0,4.16
567,101142,2.5,4.2
486,353,5.0,3.5
586,166461,5.0,3.46
483,198,4.0,3.39
182,3186,1.5,3.64
284,434,4.0,3.1
461,1246,4.5,4.06
603,3577,1.0,0.0
381,6541,2.0,2.8
27,1876,4.0,2.97
10,8636,3.5,3.85
182,3654,3.0,4.14
253,44555,4.5,4.18
479,3927,3.0,2.39
217,1032,3.0,3.4
607,695,4.0,0.0
68,104841,3.0,4.16
599,172,2.0,2.87
367,4623,3.0,3.67
428,6377,2.0,4.05
414,4329,4.0,3.86
181,533,2.0,3.21
599,61240,3.5,4.12
606,8873,4.5,4.23
216,4034,5.0,3.98
356,1610,4.0,3.9
177,84374,3.5,3.08
480,3752,3.5,3.24
497,788,2.0,2.72
599,7443,3.5,0.0
24,4027,4.0,3.77
514,8894,1.5,0.0
596,142488,4.0,4.61
577,1129,4.0,3.56
606,8487,4.0,0.0
525,916,4.0,4.11
197,1513,3.0,3.11
307,1263,4.0,4.06
18,2291,4.0,3.8
57,2802,3.0,3.2
469,322,3.0,3.93
316,4025,3.0,3.1
438,8808,1.5,2.86
474,2736,3.0,0.0
332,3168,3.5,3.89
74,27721,3.5,3.74
84,1269,4.0,4.0
189,33794,3.5,3.82
525,8784,4.0,3.99
474,41997,4.0,4.24
221,509,3.5,3.69
229,410,3.0,3.17
474,5325,3.5,3.62
186,1334,5.0,2.59
95,6796,4.5,3.77
28,1608,2.0,3.46
295,18,3.5,3.63
610,48516,5.0,4.81
72,1196,4.5,4.21
125,91947,4.5,0.0
298,55241,0.5,3.86
66,529,4.5,3.85
91,2100,3.0,3.24
584,48,5.0,3.34
125,58301,5.0,0.0
337,25,4.0,3.74
414,1196,5.0,4.78
380,6870,4.0,4.02
385,247,3.0,4.08
339,5464,5.0,3.71
291,69844,5.0,3.93
37,292,4.0,3.36
352,103249,4.0,2.86
307,6250,0.5,3.12
312,2606,2.0,2.65
539,1197,5.0,4.28
600,3408,2.0,3.65
469,1136,5.0,4.37
232,42732,3.0,0.0
210,60069,5.0,4.14
603,3503,5.0,3.69
182,112,3.5,3.61
304,440,5.0,3.65
294,2796,3.0,2.91
186,1527,4.0,3.7
172,1272,3.0,4.21
288,1747,2.5,3.56
488,1185,2.5,4.32
6,171,3.0,4.13
603,1466,3.0,3.92
51,3814,5.0,4.1
534,2003,4.0,3.35
600,50658,4.0,0.0
517,1641,4.5,3.78
419,480,3.5,3.76
451,1,5.0,3.92
182,30749,4.0,4.15
477,6793,3.0,2.17
93,588,4.0,3.96
414,6378,4.0,4.46
594,2269,5.0,2.63
474,6963,4.5,0.0
599,27831,3.0,4.05
509,27731,3.5,3.98
101,3203,4.0,2.99
117,11,4.0,3.76
20,4979,4.0,3.73
89,127052,2.5,0.0
555,2877,1.0,0.0
111,2005,2.0,3.69
249,97921,4.5,4.28
232,3988,2.5,3.19
28,44665,3.0,3.8
100,8529,4.0,3.37
318,2699,2.5,2.94
298,49651,3.0,3.41
104,1148,5.0,4.01
140,3906,3.0,0.0
182,2294,4.0,3.44
448,85056,2.5,3.35
292,53464,3.0,2.55
469,3032,3.0,3.75
380,2717,3.0,3.33
414,45950,4.5,4.21
555,3107,4.0,3.38
372,1378,4.0,3.08
18,3793,4.0,3.82
274,34048,2.5,3.44
580,919,2.0,3.85
474,1711,2.0,3.46
412,2528,2.0,3.35
610,3972,5.0,4.21
599,5349,3.5,3.92
308,27706,2.0,3.28
57,2700,4.0,4.03
177,5620,4.0,3.13
599,4205,2.0,3.47
34,2671,3.0,3.42
183,3573,2.0,0.0
599,112623,3.0,3.9
2,68157,4.5,4.1
480,377,3.5,3.92
600,216,3.0,3.49
187,1120,4.0,3.65
248,2571,4.0,4.19
125,58998,2.0,4.12
125,122892,3.0,3.98
586,832,4.0,3.31
422,1252,4.0,4.31
462,9018,4.0,0.0
369,45728,3.5,3.9
57,305,3.0,2.54
6,273,3.0,3.03
249,6333,3.5,4.17
474,5952,5.0,4.36
606,55820,3.0,4.06
63,108932,5.0,3.95
57,3396,4.0,3.82
168,1208,5.0,4.26
6,704,3.0,2.96
1,2366,4.0,3.71
343,4993,5.0,4.17
308,362,4.0,3.67
129,4446,4.0,3.51
318,1732,4.0,4.03
211,79702,4.5,3.91
484,1387,3.5,4.18
372,471,3.0,3.76
521,786,3.0,3.15
19,3698,2.0,3.28
42,1806,2.0,2.75
205,7153,4.0,4.11
187,40732,3.0,3.74
462,1036,1.5,3.95
434,69481,5.0,4.1
332,1625,3.5,3.76
232,55280,3.5,4.08
367,3825,4.0,2.71
380,1994,4.0,3.62
448,2922,4.0,0.0
587,1958,5.0,3.72
174,587,5.0,3.44
432,68347,4.0,0.0
276,260,5.0,4.23
6,310,3.0,0.0
200,1721,2.5,3.55
467,2394,2.0,3.43
64,1391,3.5,3.3
610,45662,2.5,2.39
318,95720,3.0,2.89
247,1,5.0,4.04
57,471,3.0,3.76
221,1287,4.0,4.17
232,27816,2.5,0.0
448,97870,4.0,0.0
54,410,3.0,3.15
298,1244,3.0,4.07
381,27904,4.0,3.82
45,1732,5.0,3.98
414,4214,3.0,3.29
318,2378,3.5,3.53
610,40278,4.0,3.69
328,1265,3.0,4.08
367,3591,4.0,2.62
254,592,2.5,3.57
33,805,1.0,3.71
465,750,5.0,4.34
29,5464,4.5,3.57
305,85342,4.0,4.62
414,36401,3.0,3.33
76,2791,4.0,3.9
184,59315,4.0,3.94
318,120478,4.5,0.0
554,1358,3.0,4.09
52,46976,5.0,3.67
448,2791,5.0,4.31
68,26871,2.5,0.0
297,1617,4.0,4.02
232,45210,3.5,4.29
606,8391,3.0,0.0
388,1703,4.0,2.63
474,1278,4.0,4.3
57,1610,4.0,3.94
125,2571,5.0,4.31
73,8533,3.0,3.76
438,3744,3.5,2.96
603,3079,2.0,3.37
134,253,4.0,3.55
19,427,3.0,2.16
483,2328,0.5,2.58
68,7360,4.5,4.33
483,5810,1.0,3.7
274,2797,3.0,3.84
186,2605,3.0,2.83
68,6753,3.0,3.35
599,416,2.0,2.39
68,44004,3.0,3.47
19,830,2.0,3.29
99,288,3.0,3.28
414,3499,4.0,4.32
102,165,3.0,3.71
525,3967,3.5,3.96
221,1304,3.5,4.14
489,51662,4.0,3.73
346,4878,4.0,4.08
102,163,3.0,3.57
321,19,3.0,2.86
599,7445,2.5,3.75
520,750,5.0,4.32
474,45928,4.0,3.41
414,110,5.0,4.66
274,34150,2.0,2.91
561,122882,4.5,3.94
387,36519,3.0,3.19
474,3273,4.0,2.77
448,5027,3.0,3.79
199,1250,5.0,4.12
590,3052,2.5,3.78
298,2931,4.0,0.0
169,1042,4.5,3.45
448,4409,3.5,3.18
288,3189,3.5,3.8
105,163134,4.5,0.0
448,2706,3.5,3.7
597,1958,5.0,3.84
610,113565,4.0,0.0
580,47644,1.0,3.08
453,5502,4.0,3.18
522,79132,5.0,4.28
429,225,4.0,3.61
457,3826,2.0,2.31
212,86190,3.5,3.15
325,1199,5.0,4.23
68,8371,2.5,3.5
414,3717,3.0,3.96
489,5299,3.5,3.24
381,69844,5.0,4.03
249,86960,2.0,0.0
45,3147,5.0,4.25
482,3255,4.0,3.41
156,2617,3.5,3.09
560,5956,3.5,3.79
156,912,5.0,4.43
414,3301,4.0,4.09
479,5471,2.0,1.8
18,1214,4.0,4.09
352,1552,4.0,3.24
202,1176,3.0,0.0
483,57274,3.5,4.21
600,48385,4.5,3.31
534,68358,4.5,4.26
305,61323,3.0,3.73
608,1342,2.0,2.81
280,40629,5.0,3.5
555,1883,1.0,3.41
438,5669,3.5,3.87
182,4223,2.0,3.9
292,364,4.5,4.13
217,2986,3.0,2.85
357,4040,3.5,2.19
248,171011,3.5,4.78
169,5151,4.0,3.06
599,73854,3.0,4.09
202,593,5.0,4.3
64,6944,3.5,3.43
326,8873,5.0,3.79
561,1214,4.5,4.16
204,58559,4.0,4.22
380,1566,4.0,4.01
453,1619,3.0,3.45
240,688,3.0,2.68
599,5679,2.0,3.58
307,50794,3.0,3.05
28,54997,3.5,3.95
189,91529,3.5,4.05
20,3510,3.0,3.5
605,7247,4.0,3.37
313,377,2.0,3.69
480,1247,4.0,4.2
113,64,2.0,1.99
98,55267,5.0,3.28
408,106489,4.0,3.44
452,2406,4.0,3.57
232,5267,4.0,3.32
606,2788,4.0,4.39
160,364,5.0,4.06
584,10,5.0,3.53
18,2421,3.0,2.77
603,3571,4.0,0.0
151,562,3.0,3.91
580,2117,4.0,3.97
32,36,4.0,3.84
610,120799,2.5,3.14
385,540,3.0,2.8
326,105844,4.5,3.74
63,7387,2.0,4.03
221,2871,4.5,3.83
84,534,4.0,3.66
135,2002,3.0,2.92
117,653,3.0,3.12
51,3253,0.5,3.62
605,33794,3.5,3.86
213,53000,3.5,3.77
68,1206,3.0,4.16
562,1994,4.0,3.5
560,7361,4.0,4.38
38,342,3.0,3.21
525,96588,4.0,3.66
446,300,3.0,3.45
309,3081,0.5,3.52
226,30810,4.5,3.61
275,2935,5.0,3.95
356,5992,5.0,3.75
353,595,4.0,3.84
18,2490,3.5,3.29
426,4344,0.5,3.01
365,155820,3.5,0.0
64,1358,4.0,4.21
593,1267,4.0,4.35
424,45447,3.0,3.18
414,4016,4.0,3.98
425,45186,3.0,3.72
160,2094,2.0,3.32
580,1527,4.5,3.74
63,3717,2.5,3.36
191,303,1.0,3.11
453,4344,4.0,3.03
4,4002,3.0,3.92
45,4901,5.0,3.49
288,53953,3.5,3.13
332,593,4.5,4.33
247,111759,4.0,4.14
488,1269,3.0,3.97
217,1376,5.0,3.57
307,8967,0.5,2.17
305,142488,3.0,4.69
393,102125,4.0,3.64
219,7147,2.5,4.06
18,54286,4.0,3.85
461,104841,0.5,3.68
89,3097,2.0,4.5
480,6548,2.0,3.4
474,1256,2.5,4.14
597,1136,4.0,4.35
453,2890,5.0,3.79
200,62299,3.5,0.0
220,51662,4.5,3.7
182,2997,5.0,4.18
448,1010,4.0,2.83
464,3386,5.0,3.2
19,107,2.0,3.65
298,3253,3.0,3.6
62,51540,4.5,3.97
298,7293,2.5,3.61
520,59784,4.0,3.51
122,46970,4.0,3.28
105,260,4.0,4.36
314,610,3.0,3.57
414,8937,4.0,4.59
590,6870,4.0,3.92
28,63433,2.0,0.0
79,3006,4.0,3.75
167,5650,4.5,3.56
489,1573,3.0,3.6
288,5,2.0,3.16
354,1722,3.5,3.05
474,2804,4.0,4.38
42,4351,5.0,3.12
6,780,5.0,3.6
222,32,3.0,4.06
59,110,2.0,4.04
117,475,3.0,4.43
13,3578,5.0,4.02
357,1265,4.5,4.11
297,50,5.0,4.24
391,1219,5.0,4.06
480,4721,0.5,0.0
470,47,3.0,4.01
580,839,4.5,2.86
169,4025,4.0,3.24
599,5991,2.0,3.9
298,1202,3.0,0.0
169,2321,4.5,3.54
432,2858,3.5,4.11
606,7396,4.5,3.73
36,1278,2.5,3.97
217,3256,4.0,3.93
279,94864,3.0,3.5
135,2321,2.0,3.53
456,1405,4.0,2.63
313,1356,2.0,4.01
141,1196,3.0,4.28
1,3033,5.0,3.46
606,305,3.5,2.59
232,3911,3.0,3.84
42,3186,4.0,3.64
525,122904,3.5,4.27
60,48,3.0,3.27
177,79091,4.0,4.2
89,148775,4.0,0.0
414,2940,4.0,0.0
287,5378,1.0,3.33
45,3717,5.0,3.43
7,1517,3.5,3.57
307,5945,1.5,3.6
434,1196,5.0,4.35
45,54286,4.5,3.81
560,46723,3.5,3.59
313,2275,4.0,3.06
410,4175,4.0,0.0
313,2138,5.0,4.01
195,1259,4.0,3.99
160,2986,3.0,2.86
462,3683,5.0,3.97
18,85354,4.0,3.34
182,185,3.0,3.5
111,7317,3.0,3.52
474,8695,2.5,3.5
6,3,5.0,3.28
305,4011,5.0,4.43
249,167746,4.0,4.18
66,593,4.0,4.35
88,55820,4.5,3.96
59,3461,4.0,2.77
312,2140,4.0,3.59
105,8641,3.0,3.79
97,377,4.0,3.55
274,1717,3.5,3.43
554,923,2.0,4.03
542,2571,5.0,4.24
357,8961,4.0,3.94
476,215,4.0,3.92
448,4571,5.0,4.08
274,175,3.0,4.54
555,1917,3.0,3.05
195,908,5.0,4.17
452,1562,3.0,2.14
141,4022,3.5,3.78
562,2797,4.5,3.79
182,3730,3.5,4.3
292,3744,2.0,2.9
450,589,5.0,4.02
462,2872,2.5,3.75
177,8783,4.0,3.28
342,5099,1.0,0.0
580,1391,3.0,3.26
464,7007,4.0,3.24
68,616,3.0,3.43
232,6539,4.5,4.16
162,261,5.0,3.81
453,5378,4.0,3.44
448,4673,2.0,1.39
439,2028,4.0,4.12
263,7151,3.5,3.49
177,5679,2.5,3.42
137,7001,3.5,4.17
268,2182,2.0,0.0
105,138036,4.0,3.98
246,2380,3.0,2.41
274,8983,3.5,3.72
167,2371,3.0,3.01
111,92264,3.0,0.0
525,608,4.5,4.26
573,80463,5.0,3.91
509,2087,3.0,3.48
93,2720,3.0,1.99
484,4914,2.0,4.27
414,52375,3.5,0.0
28,61167,4.0,0.0
78,2571,4.5,4.2
265,3175,4.0,3.69
170,420,3.0,2.86
510,3827,1.0,3.01
177,1197,5.0,4.51
404,454,3.0,3.65
563,6593,3.5,3.16
156,1747,3.0,3.46
140,5479,4.0,3.04
573,153,1.5,3.01
141,72998,2.5,3.72
356,56788,4.0,3.94
414,4102,3.0,3.9
248,86880,4.0,3.38
217,2411,2.0,2.91
339,92259,4.5,4.42
599,46578,2.5,4.21
438,4167,3.5,3.29
606,1680,4.5,3.62
372,337,2.0,3.93
381,455,3.5,2.7
19,3316,2.0,2.57
140,1727,5.0,0.0
608,3799,1.0,2.12
477,6502,4.0,4.23
523,2,4.5,3.42
69,553,5.0,3.87
292,593,3.0,4.36
292,1101,4.0,3.28
20,3852,4.0,2.99
64,31878,4.0,3.75
208,110,4.0,4.01
444,111,5.0,4.21
221,1387,4.0,4.16
359,34,2.5,3.65
91,7492,4.0,0.0
411,4,2.0,2.48
401,1136,4.0,4.19
352,73321,3.5,3.6
427,16,4.0,3.96
608,3793,4.0,3.84
177,116797,4.0,4.4
312,1240,4.0,3.94
517,26761,3.0,0.0
7,4643,1.0,2.78
332,87192,2.5,3.73
18,2115,4.0,3.73
480,46322,3.0,3.92
27,2530,3.0,2.57
456,694,4.0,2.58
226,88,3.0,3.32
64,2080,4.0,3.65
159,357,2.5,3.54
448,95583,2.5,0.0
370,589,4.0,4.05
560,34162,3.5,3.67
91,4327,2.5,3.9
577,2657,1.0,3.44
274,924,2.5,3.95
509,63859,3.5,3.59
474,42018,3.5,0.0
75,1198,4.5,4.28
342,2188,3.0,1.49
555,2365,3.0,0.0
448,8526,1.5,0.0
564,58047,3.0,3.46
354,2959,4.5,4.31
177,596,3.0,3.53
414,6932,4.5,3.79
534,1894,3.5,2.97
232,27434,2.5,0.94
365,101112,2.0,3.75
448,5106,0.5,2.42
438,6157,4.0,2.71
219,8371,0.5,3.52
206,17,5.0,3.71
313,3889,2.0,2.14
274,1091,3.0,2.61
51,3959,4.5,3.52
290,2940,4.0,0.0
365,128975,3.5,2.89
329,50,2.0,4.23
204,51255,4.5,3.97
525,55269,3.5,3.72
28,3967,4.0,3.91
284,500,5.0,3.48
610,95207,2.5,3.22
610,89118,4.5,1.04
480,1200,4.0,4.23
73,112788,2.5,2.74
477,1639,3.5,3.73
317,356,5.0,4.27
70,1955,3.5,4.35
483,7757,4.0,3.47
318,54001,3.0,3.98
18,79695,3.5,3.26
68,2288,3.0,4.3
62,45722,4.5,3.69
428,4776,4.0,3.81
294,3525,5.0,0.0
410,908,4.0,4.22
474,2467,3.5,4.02
279,82459,3.0,4.03
80,56174,4.5,3.51
89,129011,3.5,0.0
489,3146,0.5,2.43
182,1394,4.0,4.34
480,2329,5.0,4.52
198,1270,5.0,4.07
167,1136,4.0,4.25
603,3618,3.0,3.36
599,106782,3.0,4.5
177,648,4.0,3.8
590,6936,2.5,3.88
573,836,3.0,2.92
258,66097,4.5,3.72
68,72489,4.5,0.0
448,105037,2.0,3.56
9,1095,4.0,3.47
202,2278,4.0,3.75
387,1263,5.0,4.21
169,6874,3.0,3.92
561,3994,4.0,3.72
414,2188,2.0,0.82
18,2028,4.0,4.33
567,1907,1.5,3.71
274,1080,3.5,4.2
600,788,2.0,2.92
16,3683,4.0,3.88
495,1265,4.0,4.11
57,1603,2.0,2.31
68,4141,3.0,2.4
140,4774,2.5,1.7
555,4002,5.0,3.97
62,59315,3.5,4.09
599,7225,3.0,0.0
438,1552,3.5,3.38
436,368,3.0,3.57
111,7373,3.5,3.49
610,8644,3.0,3.89
50,1079,2.5,4.04
318,70984,3.5,0.0
1,2949,5.0,3.68
318,6329,3.0,0.0
109,364,3.0,4.0
474,2791,4.0,4.32
280,94677,1.5,4.05
425,3275,4.5,4.26
501,647,4.0,3.5
356,802,2.0,3.31
200,4034,3.0,4.06
387,55118,3.5,4.17
509,93134,3.5,0.0
597,485,1.0,3.31
432,59784,3.5,3.57
298,67087,4.0,3.96
95,480,3.5,3.78
45,5418,5.0,3.89
64,3994,4.0,3.72
356,5445,3.5,3.79
23,8370,4.0,3.93
226,47,5.0,4.1
435,2302,4.0,3.2
527,4016,5.0,3.76
38,235,4.0,3.64
182,4153,2.0,2.61
401,5882,5.0,3.65
489,2875,2.5,3.39
266,2355,3.0,3.59
274,2946,3.5,3.32
610,88129,5.0,4.03
230,1307,1.5,3.95
123,60684,4.0,3.99
610,89745,5.0,4.42
597,2735,3.0,2.74
132,3785,1.5,2.96
477,368,4.0,3.66
448,8879,3.5,2.59
387,1449,3.0,3.81
438,5400,2.5,3.16
458,552,4.0,3.33
459,5618,5.0,4.05
498,216,5.0,3.37
68,377,5.0,3.99
590,150,4.5,4.01
315,2554,2.0,0.0
590,4022,3.5,3.9
312,2747,3.0,3.23
232,58156,3.0,3.22
122,116799,4.0,3.87
232,6958,2.0,2.37
303,1370,3.0,3.46
125,88140,3.0,3.75
425,293,5.0,4.14
108,6049,4.0,0.0
519,3717,3.5,3.25
418,2054,0.5,2.87
596,34,4.0,3.69
313,2097,2.0,2.94
517,2100,2.0,3.16
153,500,2.0,3.45
401,3114,3.0,3.89
93,2567,3.0,2.99
195,1653,3.0,4.04
387,6100,4.0,0.0
469,2300,4.0,3.91
600,1801,2.5,3.46
474,3076,3.0,0.0
594,2059,4.0,3.06
500,3355,5.0,3.1
187,290,4.0,4.02
63,2791,4.0,3.99
474,5398,4.0,0.0
483,1544,2.0,2.92
524,32,3.0,4.0
328,1213,4.5,4.36
348,1955,4.0,4.35
448,148482,3.0,0.0
480,784,4.5,3.24
301,648,2.5,3.61
474,3683,3.5,4.25
294,370,3.0,3.23
102,39,3.0,3.29
332,69122,4.0,3.81
267,58,5.0,3.9
21,2378,2.5,3.46
590,784,1.5,3.23
606,55247,4.0,4.09
420,3476,4.0,3.57
129,1968,3.5,3.79
182,89,3.0,3.56
527,1198,5.0,4.3
580,32587,5.0,4.07
450,2291,4.0,3.68
239,4963,4.0,4.14
596,4018,2.5,3.3
139,88744,1.0,3.53
599,51080,2.0,4.25
66,1197,4.0,4.37
425,6764,2.5,3.43
19,480,2.0,3.9
567,260,2.0,4.27
93,2617,4.0,3.13
438,7375,3.0,3.17
603,2580,4.0,4.01
265,2392,2.0,1.95
328,2329,3.0,4.31
368,1214,4.0,4.06
381,49286,4.0,2.97
428,3979,3.0,2.8
387,7700,4.0,3.17
567,179491,1.0,0.0
428,1333,3.5,3.72
601,4963,4.5,4.03
306,149334,3.0,0.0
533,83134,5.0,3.51
249,85414,3.5,3.9
599,2692,4.5,4.19
604,553,4.0,3.89
414,312,2.0,1.69
555,3269,3.0,2.99
377,4571,3.5,3.59
608,160,2.5,3.0
28,724,1.5,3.07
103,2997,5.0,4.1
100,1441,4.5,3.31
160,4034,5.0,4.02
438,2616,3.0,2.9
600,2427,1.0,3.16
233,1921,3.5,4.05
219,1307,2.5,4.0
79,858,5.0,4.31
573,8985,4.0,2.8
222,6503,1.5,2.62
473,293,4.0,4.05
294,1391,3.0,3.2
313,3210,3.0,3.57
177,2915,3.0,3.62
606,4901,3.5,3.57
28,2268,3.0,3.94
562,68135,3.5,3.69
373,596,5.0,3.44
599,26861,3.5,0.0
103,2078,4.0,3.91
583,239,4.5,2.94
66,1243,5.0,4.12
337,110,5.0,4.04
600,2421,3.5,2.8
106,31696,2.5,3.54
485,592,3.0,3.51
23,5013,3.0,3.62
133,593,3.0,4.19
483,2728,4.0,3.63
21,97938,3.5,3.96
600,3099,1.0,3.76
249,62374,4.0,3.92
20,2701,1.0,2.38
480,41997,3.5,4.07
195,1670,2.0,3.37
610,8840,1.0,0.0
462,1952,5.0,3.71
222,1092,1.5,3.32
380,5621,3.0,1.59
532,608,4.0,4.14
469,529,5.0,3.86
38,356,3.0,4.21
318,7034,3.5,3.77
75,47,2.0,3.98
249,99112,3.0,4.24
122,780,4.0,3.55
599,40583,2.5,3.78
260,5617,4.5,3.92
600,2412,3.0,1.87
254,4306,5.0,3.93
18,608,4.5,4.27
460,6539,4.0,3.88
122,4148,4.0,2.86
68,166635,3.0,0.0
610,118880,3.0,0.0
596,6333,4.0,3.89
274,6378,4.0,4.14
34,6567,3.5,3.52
382,4890,3.5,2.99
391,2580,4.0,3.93
414,1656,4.0,0.0
599,153236,3.0,0.0
187,8949,5.0,3.71
517,4327,1.0,3.87
46,266,5.0,3.34
212,122920,3.0,3.9
246,4226,5.0,4.17
418,81845,4.5,4.19
17,1263,4.0,3.97
203,88744,4.0,3.47
534,50872,4.0,4.27
567,70015,1.5,0.0
445,32,5.0,4.01
469,223,3.0,4.01
298,98809,3.0,4.09
480,1288,4.0,4.17
414,2916,4.0,4.21
274,5618,4.0,4.35
412,1,2.0,3.95
555,2294,4.0,3.39
514,4007,4.0,4.02
325,2183,3.0,3.67
466,45720,4.5,3.9
610,5574,4.0,3.83
199,2165,3.0,0.0
93,1359,4.0,2.91
28,33166,2.0,4.13
143,1136,1.0,4.18
387,4195,3.5,4.23
305,93510,4.5,4.15
354,5445,3.5,3.79
577,1036,3.0,3.91
380,53121,2.0,3.35
18,36529,4.0,3.99
391,3081,3.0,3.6
476,32,4.0,3.98
318,5110,4.0,3.82
304,349,4.0,3.81
28,2944,3.5,4.14
292,2278,4.0,3.74
600,266,3.5,3.31
1,2617,2.0,3.16
610,61024,4.0,4.11
561,185,2.0,3.39
606,5073,4.5,0.0
216,3863,2.0,2.98
420,2052,3.0,2.78
462,2734,2.5,3.34
356,41569,2.5,3.35
501,62,3.0,3.72
532,2366,4.0,3.64
515,168250,4.5,3.73
304,173,3.0,2.59
327,858,3.5,4.31
361,4148,3.0,2.78
534,85367,5.0,3.18
606,1393,3.5,3.7
15,1909,2.5,3.44
606,908,4.5,4.4
610,1527,4.5,3.82
587,3450,1.0,3.3
64,4025,2.5,3.23
33,21,4.0,3.53
132,5878,3.5,3.96
167,6863,2.0,3.53
321,802,5.0,3.32
400,79132,5.0,4.14
367,527,3.0,4.33
28,63082,4.0,4.11
474,2249,2.0,3.48
24,102407,3.5,3.39
232,5507,3.0,2.81
563,90343,3.0,0.0
217,3448,3.0,3.8
484,6870,4.0,3.87
483,8607,5.0,3.68
524,1201,4.0,4.25
122,520,4.0,3.08
590,968,3.0,3.64
177,109374,3.0,4.11
105,53121,4.0,3.24
288,2993,3.0,3.53
292,2027,1.0,2.62
369,1373,3.0,2.39
199,1089,4.0,4.38
141,69122,3.5,3.8
552,2826,1.0,2.91
64,265,3.5,4.01
432,48774,1.5,4.2
177,2396,5.0,3.92
318,18,3.0,3.81
441,296,5.0,4.24
107,150,5.0,3.83
111,42007,2.5,0.0
182,1432,4.0,2.04
294,303,3.0,3.15
368,849,2.0,2.92
105,91261,3.5,0.0
18,162350,3.5,3.45
139,4223,4.0,3.7
125,79553,3.5,3.67
483,783,2.0,3.47
590,1982,4.0,3.96
239,3793,4.5,3.74
555,1213,5.0,4.47
334,1527,4.0,3.71
525,1907,3.5,3.85
28,67534,3.0,0.0
357,150,3.5,3.93
89,171751,2.5,0.0
288,1513,3.0,3.22
1,593,4.0,4.3
263,4995,4.0,4.11
525,1,4.0,4.17
448,98585,3.0,4.03
528,5418,5.0,3.82
274,4718,2.0,3.34
380,147374,3.0,3.6
517,362,3.5,3.76
282,5669,4.0,3.87
448,185,2.5,3.67
246,2020,4.5,4.09
606,3909,3.0,1.78
359,58,4.5,3.92
177,45880,3.5,3.28
254,33166,4.0,4.01
265,3471,4.0,3.96
474,4130,1.5,0.0
12,261,4.5,3.78
117,237,3.0,3.38
600,2640,3.5,3.89
319,109487,5.0,3.86
425,339,3.0,3.68
474,55118,4.0,4.36
288,3753,2.0,3.74
206,140,4.0,3.47
132,1097,3.5,3.86
227,40819,4.5,3.68
559,592,3.0,3.55
602,377,4.0,3.63
567,179749,1.5,0.0
319,912,4.5,4.31
91,5673,3.0,3.64
503,93840,4.0,4.06
274,78499,4.5,4.7
177,99007,4.0,3.32
254,6870,4.0,3.82
573,60069,4.5,4.2
274,1005,3.5,1.92
249,8641,4.5,3.88
594,7115,0.5,3.34
153,177765,1.5,3.46
491,129354,4.0,3.06
372,272,3.0,3.66
68,1485,3.5,3.47
365,180,0.5,3.65
91,266,3.0,3.32
474,4293,1.0,3.48
174,10,3.0,3.5
390,1091,0.5,2.5
372,159,2.0,2.68
541,553,4.0,3.89
411,648,5.0,3.62
580,7649,3.5,3.44
483,3176,3.5,3.54
561,2699,3.0,2.93
212,112138,3.5,4.05
414,4033,4.0,4.02
313,2531,3.0,3.38
560,34405,2.0,4.05
344,60069,3.5,4.12
28,7153,3.5,4.28
381,648,3.0,3.71
356,912,5.0,4.36
327,4718,5.0,2.92
326,1299,4.5,4.15
608,153,2.5,3.13
555,333,5.0,3.95
387,8928,3.0,0.0
307,53550,4.0,0.0
307,4732,2.0,2.36
50,1225,3.5,4.24
307,433,1.5,3.12
294,2369,1.0,2.65
68,2078,3.0,4.09
318,32917,4.0,0.0
103,1688,4.0,3.37
605,61401,2.5,0.0
220,48385,4.0,3.28
288,2301,3.0,3.8
40,685,5.0,0.0
109,485,2.0,3.21
182,3879,1.0,0.0
599,4490,2.0,0.0
599,1644,2.0,2.24
469,3208,1.0,2.45
474,4211,4.0,0.0
517,1918,3.0,2.77
288,2991,4.0,3.88
484,51662,3.0,3.67
105,31685,4.0,3.36
561,34048,2.5,3.33
387,26578,4.0,4.14
346,1252,4.5,4.34
167,2083,4.5,3.8
141,3147,3.5,4.16
265,2429,3.0,3.58
263,36,4.0,3.85
273,248,4.0,2.96
573,64839,5.0,3.78
31,648,5.0,3.6
288,2122,1.0,1.79
213,4132,4.0,2.59
453,367,5.0,3.34
474,47,4.0,4.21
447,168,4.0,3.09
4,4308,1.0,3.68
600,26326,5.0,0.0
177,107,3.0,3.73
372,223,4.0,3.95
385,249,3.0,3.64
514,1265,4.0,4.12
428,1214,3.5,4.01
354,8361,3.0,3.2
221,4037,4.5,3.9
313,2006,3.0,3.21
561,99114,3.0,4.19
395,586,3.0,3.03
414,3693,3.0,2.24
600,7293,3.0,3.63
89,5048,5.0,0.0
320,71535,4.0,3.84
501,18,5.0,3.62
274,53894,3.5,4.21
354,2028,3.5,4.22
177,2078,3.0,4.03
414,4084,3.0,2.94
111,6564,3.5,2.73
587,236,5.0,3.47
216,2150,3.0,3.81
583,104,3.0,3.49
384,2699,2.0,2.98
606,3033,4.0,3.44
543,2858,5.0,4.08
343,2959,5.0,4.29
104,87,3.0,2.46
68,1635,3.0,4.02
200,508,3.5,3.71
562,2133,4.5,3.46
474,976,3.0,0.0
28,1610,4.5,3.92
410,3618,5.0,3.33
477,1222,5.0,4.25
298,2005,3.5,3.77
387,7205,3.0,0.0
561,76251,3.0,3.89
307,1088,3.0,3.63
474,2081,3.5,3.68
98,74789,2.0,2.98
561,1073,4.5,4.09
274,5833,4.0,0.0
376,1375,3.5,3.24
424,1213,3.5,4.33
544,1356,5.0,3.93
365,111743,4.0,2.99
286,1036,4.5,3.88
268,1625,3.0,3.68
216,3200,4.0,4.26
294,1845,3.0,4.2
288,50872,4.0,4.17
375,1411,5.0,4.13
240,204,4.0,2.87
480,648,3.0,3.79
458,236,4.0,3.48
75,2078,5.0,3.85
51,1674,5.0,3.61
6,205,3.0,3.2
305,104211,5.0,4.22
387,3668,3.5,3.96
454,53953,2.5,2.95
448,51255,4.5,4.41
89,6650,1.0,4.51
282,46976,4.5,3.66
105,3785,4.0,3.0
122,4816,4.5,3.53
141,8528,4.5,3.77
343,5971,4.0,3.96
292,8360,3.0,3.65
438,1100,4.0,2.95
377,2163,2.5,2.52
525,127164,3.5,0.0
606,1299,3.5,4.36
438,110,4.5,4.24
458,153,5.0,2.95
160,1969,1.0,2.61
72,1270,4.0,4.02
44,891,3.0,3.76
318,48997,3.5,3.45
234,1011,5.0,2.15
599,4974,2.5,2.86
194,1380,2.5,3.2
606,1343,3.5,3.9
512,253,5.0,3.54
525,1198,4.0,4.43
552,2161,1.5,3.64
483,5459,3.0,3.12
57,2687,4.0,3.56
111,6874,3.5,3.92
567,178827,3.5,0.0
480,4993,3.5,4.37
474,6232,4.0,0.0
380,1037,3.0,2.7
167,1220,4.5,3.83
606,2593,3.5,3.41
356,56921,5.0,3.69
367,1569,4.0,3.49
477,6645,4.5,3.7
140,8207,4.0,4.24
452,337,5.0,3.89
608,1479,3.0,3.51
325,2746,3.0,3.38
169,2084,4.5,1.79
428,3996,4.0,3.89
462,78574,4.5,3.51
68,2413,3.0,3.65
111,101142,3.5,4.16
414,38038,3.5,4.34
525,135536,3.0,2.86
555,2400,3.0,0.0
599,836,2.0,2.89
474,1704,3.5,4.55
136,256,4.0,2.98
448,2463,4.0,3.59
432,318,3.0,4.59
610,1840,4.0,2.73
600,26680,4.0,3.85
563,1088,4.0,3.51
378,5952,4.5,4.03
17,899,3.5,4.06
284,442,4.0,3.03
571,1331,2.0,0.0
68,2699,0.5,2.96
96,150,5.0,3.81
531,480,4.0,3.74
322,3052,2.0,3.72
50,541,4.0,4.12
430,6365,4.5,3.29
380,3624,3.0,3.62
24,1784,4.0,3.84
346,7820,3.5,0.0
420,51662,3.5,3.66
89,110130,5.0,0.0
307,27838,3.0,0.0
318,1527,4.0,3.77
474,1080,3.0,4.1
266,3039,4.0,3.86
182,7022,4.5,4.01
477,27660,4.5,3.9
414,7324,3.0,3.69
466,5952,4.0,4.07
506,54259,3.0,3.5
91,3147,2.5,4.29
279,260,5.0,4.3
19,2169,2.0,2.69
348,79132,5.0,4.13
567,91500,1.0,3.5
132,44191,3.0,4.01
477,8961,4.0,4.02
156,477,3.5,3.44
173,141,4.0,3.51
610,86320,3.5,3.74
555,3684,3.0,3.23
606,48032,4.0,0.0
268,2716,4.0,3.81
325,2389,2.0,1.82
187,4785,4.0,0.0
318,1194,4.0,3.62
479,1220,5.0,3.81
527,2797,5.0,3.78
474,2953,1.0,2.84
480,3623,2.5,2.78
462,89761,2.5,0.0
462,2159,4.0,4.0
470,653,3.0,3.1
509,66097,4.0,3.98
391,541,5.0,4.15
386,367,1.0,3.27
590,6942,3.5,3.8
57,912,5.0,4.4
474,5168,3.0,0.0
50,44022,1.5,3.4
62,58803,4.0,3.79
410,1060,4.0,3.69
18,103772,4.0,3.54
599,3409,1.5,3.42
111,72407,1.5,2.73
100,441,4.0,3.97
68,508,3.0,3.92
474,5213,1.5,0.0
326,105504,4.5,4.2
606,27722,4.0,4.52
459,5349,4.0,3.47
590,3654,4.0,4.07
52,364,5.0,4.0
76,68157,4.0,4.12
217,2058,3.0,3.65
606,51314,4.5,0.0
438,34319,3.5,3.54
480,33495,3.5,3.1
510,1673,3.0,4.19
416,4973,4.0,4.28
330,3826,2.5,2.36
437,78,3.0,3.49
593,2291,3.0,3.69
316,3977,3.0,2.71
571,1341,3.0,0.0
357,586,4.0,3.19
7,31878,3.5,3.54
503,4232,0.5,3.06
483,4085,4.0,3.51
542,33679,4.0,3.41
405,49932,5.0,3.13
480,48394,4.5,3.94
307,3858,1.5,3.42
534,111781,4.0,3.87
380,168252,5.0,4.85
222,71464,2.5,3.44
599,317,2.0,3.61
22,41997,3.0,3.95
590,4041,4.0,3.31
599,2709,2.5,3.12
391,1805,2.0,2.96
387,6063,3.5,3.4
4,2959,2.0,4.29
606,2657,4.0,3.6
205,3033,4.0,3.4
144,1265,3.0,4.03
182,482,4.0,3.47
474,6788,2.0,0.0
307,4886,3.0,4.14
207,2428,3.5,2.65
435,2023,5.0,3.47
480,8957,2.0,3.52
91,5418,4.0,3.94
456,662,5.0,2.67
74,308,5.0,3.76
104,81847,4.0,3.96
214,83,3.0,0.0
414,4091,3.0,0.0
27,2115,4.0,3.66
140,22,3.0,3.26
414,3702,4.0,4.32
184,193587,3.5,0.0
599,1254,3.0,4.01
167,924,1.0,3.91
62,86332,4.0,3.88
27,1,3.0,3.98
414,2052,2.0,3.47
103,4148,3.5,2.86
555,2247,3.0,3.53
438,440,3.5,3.73
292,4232,4.0,3.12
307,40723,1.5,3.8
610,34048,4.0,3.63
464,165,5.0,3.74
287,1784,2.5,3.83
477,4446,3.0,3.52
361,318,3.0,4.51
380,8967,2.0,2.31
534,72998,3.0,3.98
555,1882,3.0,2.02
599,996,2.0,2.93
216,1307,3.0,3.95
599,1204,4.0,4.43
480,5225,4.0,4.1
68,90576,4.5,0.0
606,202,3.0,0.0
564,159093,4.0,3.86
353,552,2.0,3.35
182,4052,3.5,3.09
34,1831,3.0,2.51
580,48385,3.0,3.31
337,266,5.0,3.34
474,6890,4.0,3.38
604,110,3.0,4.03
409,3037,5.0,4.03
249,47254,3.5,0.0
68,1895,3.0,3.71
387,1161,3.5,3.69
307,628,4.0,3.64
232,7371,3.5,4.42
606,3977,1.5,2.9
351,1073,4.0,3.92
286,597,3.5,3.56
422,3948,2.0,3.49
474,4131,2.0,1.24
135,1199,5.0,4.22
226,56805,3.5,3.66
249,8784,4.0,4.17
305,6711,3.0,4.38
365,5445,1.0,3.73
325,2294,3.0,3.26
249,1690,3.0,3.18
297,292,2.0,3.36
600,1961,3.5,4.01
267,1175,4.0,3.89
23,6857,3.5,3.61
212,2291,3.5,3.73
417,7254,5.0,3.55
469,3846,2.0,3.74
43,457,5.0,4.07
226,1732,5.0,3.98
274,1218,4.0,3.94
532,517,5.0,3.21
573,109487,5.0,4.07
608,480,3.0,3.95
357,1022,4.5,3.7
414,4771,4.0,2.27
68,54995,3.5,4.26
298,2692,3.0,4.04
599,9004,2.0,0.0
217,2195,3.0,3.0
18,329,4.0,3.45
331,68358,4.0,4.14
323,2268,3.5,3.84
164,2115,4.0,3.62
608,4369,4.0,3.37
462,2571,0.5,4.29
177,66934,4.0,4.04
125,60756,4.0,3.58
22,30749,0.5,4.03
307,54004,4.0,3.46
122,60069,5.0,4.24
517,1921,1.0,4.04
249,8368,4.0,3.99
446,208,2.0,2.99
252,106696,4.5,3.61
608,4052,4.5,2.98
80,1921,4.0,4.06
474,915,4.0,4.22
567,51255,3.0,3.98
380,1665,4.0,3.21
610,147657,4.0,0.0
38,208,1.0,2.99
103,89774,4.5,3.92
131,27611,3.5,3.74
380,42009,2.0,2.25
561,5464,3.0,3.73
525,45722,2.0,3.64
327,1288,4.0,4.05
40,350,5.0,3.41
483,552,3.5,3.59
428,2916,3.5,3.69
387,7569,3.5,4.04
448,4634,3.0,0.0
6,222,4.0,3.73
500,2683,3.0,3.2
373,509,4.0,3.64
339,1097,3.5,3.86
414,1870,3.0,0.0
219,54503,4.5,4.17
210,153,3.5,2.93
45,2541,4.0,3.27
141,46578,3.5,3.9
239,6333,4.0,3.81
532,1214,5.0,3.97
603,3395,3.0,0.0
594,4827,3.0,0.0
62,158966,4.5,0.0
488,2657,3.0,3.42
86,260,4.5,4.26
610,4299,3.0,3.8
169,1517,4.0,3.62
438,8961,5.0,4.02
577,349,3.0,3.75
403,3361,3.5,3.8
573,1801,4.0,3.42
479,5303,2.0,3.72
474,5437,3.0,0.0
3,1302,0.5,3.64
603,930,4.0,4.36
560,6539,3.5,3.99
263,3147,4.0,4.19
427,4896,2.0,3.79
606,4979,4.0,3.89
483,104906,3.0,3.38
42,2094,3.0,3.32
249,97172,3.0,0.0
294,637,3.0,3.57
7,3994,3.0,3.62
111,54004,4.5,3.69
438,1907,2.5,3.88
274,1721,3.5,3.58
57,924,5.0,4.0
109,543,3.0,3.33
82,788,3.5,2.85
520,3408,4.0,3.56
452,2706,5.0,3.43
462,2628,0.5,3.22
409,3048,1.0,2.52
417,2571,5.0,4.24
536,356,5.0,4.19
567,5971,2.0,3.99
401,4306,3.5,3.93
3,1272,0.5,4.2
57,955,5.0,3.87
509,4025,3.5,3.2
226,4344,3.0,3.07
560,84954,2.5,3.73
307,1517,3.5,3.78
516,708,3.0,3.32
105,105593,5.0,0.0
287,2291,4.0,3.69
42,1513,3.0,3.19
294,2683,1.0,3.2
263,33493,3.5,3.55
183,110,5.0,4.03
82,5419,2.5,2.96
460,1884,4.0,3.87
122,89470,4.5,3.74
246,70286,4.5,3.93
483,1036,3.5,4.06
534,63082,4.0,4.21
287,4642,5.0,4.05
237,44555,3.5,4.18
64,7162,4.0,3.34
175,58107,4.0,0.0
132,344,1.5,3.01
474,522,3.5,3.05
271,6658,2.0,4.01
51,522,3.5,2.95
221,1088,3.0,3.49
562,3147,4.0,4.23
177,1221,4.0,4.43
381,2355,4.0,3.75
50,45880,2.5,3.24
182,778,4.5,4.29
610,130050,3.0,0.0
453,4021,4.0,4.44
352,62374,4.5,3.69
301,1240,0.5,3.88
105,1227,4.0,4.33
492,62,4.0,3.74
298,56251,3.0,4.21
599,3256,3.5,4.01
18,3147,4.0,4.3
415,7156,4.5,4.16
490,58998,3.0,3.99
310,6548,0.5,3.07
477,5349,4.0,3.65
432,1917,3.0,3.0
583,2694,3.5,3.3
384,1258,4.0,4.12
562,2654,4.5,4.11
104,4039,3.5,3.03
318,56775,3.0,3.11
149,2091,1.0,0.0
232,1380,3.5,3.48
298,108945,2.5,2.78
294,2249,3.0,3.56
372,1270,5.0,4.07
298,7438,4.0,4.09
199,1676,2.0,3.46
387,5021,3.0,0.0
28,40583,2.5,3.69
599,6800,2.0,0.0
132,4641,4.0,3.36
202,1527,3.0,3.73
351,2571,4.0,4.22
381,1015,3.5,3.19
43,174,5.0,2.73
57,2291,4.0,3.78
525,3483,4.0,3.05
393,110,4.0,4.06
274,74685,3.5,2.91
292,1676,3.0,3.46
214,1363,3.0,3.63
362,6870,4.5,3.79
24,2424,4.0,3.22
84,36,5.0,3.84
63,2858,5.0,4.14
367,4019,5.0,3.65
597,2522,5.0,2.79
182,224,3.0,3.85
328,81845,3.0,4.22
298,4306,2.0,4.05
318,54354,4.0,0.0
432,45186,3.5,3.72
391,4278,5.0,0.0
586,440,4.0,3.64
380,3511,3.0,0.0
365,3752,2.0,3.07
425,1222,4.0,4.2
15,56174,3.5,3.51
217,2899,3.0,0.0
602,481,3.0,3.22
419,71131,5.0,0.0
559,165,3.0,3.79
552,2470,3.5,3.19
603,1150,4.0,4.6
479,562,3.0,3.93
73,6155,3.5,3.41
160,1059,5.0,3.76
306,152077,2.5,3.93
362,1196,4.5,4.24
20,5110,3.0,3.64
153,81845,2.5,4.2
606,5990,3.5,0.0
190,5481,3.0,2.89
259,4306,5.0,3.88
594,8727,2.0,0.0
313,4275,3.0,3.31
509,92259,3.5,4.31
45,1,4.0,4.14
391,3863,3.0,3.0
288,3699,3.0,3.56
68,86882,2.0,4.16
200,7153,4.0,4.23
7,48997,2.5,3.35
606,5710,3.0,0.0
89,102686,3.5,3.58
522,1,3.0,4.03
414,5025,3.0,3.0
425,7458,3.0,3.36
480,5995,5.0,4.1
216,1,3.0,3.96
346,8405,4.5,0.0
167,1210,4.0,4.23
141,50872,3.0,4.03
414,111759,4.0,4.85
599,6310,2.5,0.0
292,1663,3.0,3.91
432,8360,4.5,3.64
220,61024,3.0,3.8
347,357,3.0,3.53
39,3745,4.0,3.34
377,1251,4.5,4.0
298,55247,2.5,4.0
414,594,4.0,3.86
219,1197,3.5,4.4
18,122918,4.0,4.0
5,261,4.0,3.79
390,39183,2.5,3.5
608,3534,2.5,3.27
155,3287,3.0,3.29
465,930,5.0,4.27
432,4976,3.5,0.0
64,307,3.5,3.89
580,3578,4.0,4.2
233,162600,1.5,3.94
292,80363,4.0,2.79
384,1042,2.0,3.32
288,924,5.0,4.05
45,3617,4.0,3.13
39,2081,2.0,3.43
590,3253,3.5,3.63
302,296,5.0,4.23
566,539,4.0,3.52
287,2959,4.0,4.28
265,529,4.0,3.82
381,6157,2.5,2.67
466,63859,4.0,3.51
387,51709,4.0,4.4
317,6281,4.0,3.13
346,4973,3.0,4.33
482,1573,4.0,3.47
274,2798,2.5,1.12
483,6373,3.5,3.49
448,4233,2.5,1.1
401,37729,4.0,3.6
387,4426,3.0,0.0
307,3897,5.0,3.99
425,1876,3.5,3.09
404,527,4.0,4.24
90,780,3.0,3.45
377,1274,5.0,3.68
380,5218,4.0,4.14
318,79132,4.0,4.48
288,1821,2.0,2.95
165,5466,5.0,0.0
380,6550,4.0,3.32
453,231,5.0,3.2
177,80463,4.0,4.08
437,1095,5.0,3.49
105,3535,3.5,3.9
341,114662,4.5,3.77
338,593,4.0,4.2
610,113862,4.0,0.0
604,272,4.0,3.57
474,2871,4.0,3.99
73,62434,4.0,3.63
380,3916,5.0,3.96
123,68554,4.5,3.03
596,1374,4.0,3.79
229,290,4.0,3.95
169,8665,3.5,4.0
590,5308,2.5,2.82
483,2124,1.5,3.71
307,1257,3.0,3.89
551,318,4.0,4.53
167,2139,3.0,3.42
114,141718,5.0,0.0
555,24,5.0,3.38
330,3977,2.0,2.75
3,688,0.5,2.62
469,1073,5.0,4.1
373,16,4.0,3.96
480,34271,4.0,3.86
477,42422,4.5,0.0
68,1029,2.5,3.76
372,556,3.0,2.97
474,1243,4.0,4.22
197,356,3.0,4.19
266,1663,5.0,3.9
438,1370,4.5,3.71
357,52435,3.5,3.61
580,5816,3.0,3.58
18,5669,3.5,3.91
367,3969,4.0,3.44
113,4084,1.0,2.97
599,49278,2.0,3.35
1,2161,5.0,3.75
480,357,3.0,3.77
474,6932,4.5,3.44
596,8666,1.5,1.18
434,434,2.5,3.1
109,500,3.0,3.46
411,350,4.0,3.43
434,588,4.0,4.02
599,1690,3.0,3.32
198,1735,4.0,3.11
474,8458,3.5,0.0
308,457,3.0,4.03
474,1357,3.5,4.58
426,79091,5.0,3.76
235,551,3.0,3.51
166,2115,4.0,3.68
288,6620,4.5,4.17
603,1948,4.0,3.64
307,52458,2.5,3.09
474,30793,4.0,3.23
274,53519,1.5,3.85
447,329,4.0,3.43
57,2080,4.0,3.57
606,597,4.0,3.69
585,80463,4.5,3.8
538,4039,4.5,2.98
275,2395,5.0,3.58
414,59037,2.5,3.98
249,138204,4.0,0.0
232,1,3.5,4.17
82,5481,3.5,2.96
193,296,4.0,4.25
448,113416,1.5,0.0
41,87869,5.0,3.43
64,1028,4.0,3.92
232,6059,3.5,3.57
217,1556,3.0,1.82
561,3869,3.5,3.3
305,67788,5.0,3.06
19,3398,2.0,3.49
198,1259,4.0,4.0
74,6711,4.0,4.2
534,109487,3.5,4.25
496,7757,4.0,3.5
380,1587,4.0,3.28
420,4308,4.5,3.66
286,47,5.0,4.02
580,4262,4.0,3.97
368,3113,2.0,2.67
380,6942,4.0,3.86
274,48780,3.5,4.4
438,5523,2.5,2.34
226,551,3.5,3.61
170,5,3.0,3.01
555,1608,3.0,3.55
572,933,5.0,4.28
608,514,2.5,3.65
494,2028,5.0,4.13
105,1354,4.0,4.47
520,8961,4.0,3.85
474,3251,3.5,3.37
474,2469,3.0,3.24
182,2010,5.0,4.02
222,1278,4.0,4.03
487,8874,4.0,4.08
256,6537,3.0,3.02
262,10,2.0,3.46
392,2683,5.0,3.16
380,3452,4.0,3.34
474,6296,4.0,3.93
354,8464,4.0,3.5
566,590,4.0,3.82
406,5620,5.0,2.82
387,363,4.0,0.0
484,500,3.5,3.52
312,1090,4.0,4.03
68,4022,2.0,4.04
448,3751,3.0,3.68
220,858,5.0,4.39
590,47,3.0,4.18
382,4444,3.5,0.0
119,356,4.0,4.29
444,586,3.0,3.01
140,3999,2.0,2.81
608,1923,3.5,3.9
68,6873,2.5,3.43
51,8623,3.5,3.4
68,551,2.0,3.68
89,3175,2.5,3.69
241,1221,4.0,4.29
256,1320,3.5,3.18
5,527,5.0,4.24
354,4718,3.5,3.02
526,1307,3.5,3.92
555,1665,3.0,3.24
346,50,4.0,4.25
380,6157,3.0,2.85
332,3257,2.5,2.97
89,60289,4.0,0.0
580,1254,0.5,3.97
217,1036,4.0,3.99
341,6537,4.5,2.97
318,177593,4.5,4.66
477,51540,4.0,4.01
57,1584,3.0,3.65
483,32587,4.0,4.17
414,303,3.0,2.92
384,4396,1.0,3.19
245,1189,4.0,4.0
220,2300,4.0,3.89
249,2692,4.0,4.1
1,3729,5.0,0.0
140,5364,2.5,3.51
265,3308,3.0,3.0
89,106927,3.0,0.0
68,3000,3.5,4.22
414,5027,2.0,4.26
308,63082,1.0,3.93
476,539,4.0,3.54
307,1028,4.0,3.95
225,2423,4.0,3.62
534,100498,2.5,2.35
91,3996,4.5,3.94
469,930,4.0,4.33
239,5418,5.0,3.93
122,2761,4.5,4.18
91,8266,1.5,0.0
288,3767,1.0,0.0
354,466,3.0,2.99
336,589,5.0,4.04
193,908,5.0,4.16
64,596,4.0,3.57
105,104879,4.5,4.2
600,552,3.5,3.54
113,1680,3.0,3.36
244,3811,5.0,3.69
481,1608,4.0,3.38
50,49272,2.5,4.04
105,171749,5.0,0.0
274,33679,2.5,3.76
136,491,5.0,3.44
49,103335,4.0,3.78
122,1089,5.0,4.36
377,71999,4.5,0.0
217,2054,3.0,2.94
217,1713,3.0,3.2
453,380,4.0,3.74
68,74458,3.0,4.57
599,2726,4.0,4.32
608,93,2.5,3.36
231,58559,5.0,4.18
368,2505,3.0,3.27
610,6157,2.5,2.91
483,4052,5.0,3.01
151,1405,5.0,2.62
288,1025,2.0,4.09
385,1022,3.0,3.6
151,75,3.0,1.72
475,79091,3.5,3.87
339,48385,4.5,3.38
600,2918,4.0,4.06
606,3295,4.0,0.0
448,880,1.5,3.04
590,25825,4.0,3.16
105,8656,4.5,0.0
109,555,4.0,3.8
452,1663,5.0,3.89
274,1992,3.0,0.0
94,317,3.0,3.19
580,3623,3.5,2.72
586,42738,4.5,2.88
362,2959,4.5,4.31
606,6148,3.0,0.0
608,809,3.5,2.8
599,54185,3.5,0.0
548,69,5.0,3.64
318,107141,3.5,0.0
239,38061,4.0,4.26
135,3578,2.0,4.14
212,168250,2.5,3.85
212,3000,4.0,4.19
135,1717,3.0,3.19
318,63113,3.0,3.79
182,4396,2.0,3.19
213,69757,4.5,3.57
387,2642,1.5,2.41
610,59727,4.5,0.0
99,227,3.0,2.98
187,27397,5.0,4.65
182,5377,3.5,3.96
466,7293,4.0,3.64
91,5679,4.0,3.39
240,349,3.0,3.82
483,59615,3.5,2.89
509,102445,3.5,3.92
381,33166,4.0,4.12
599,492,2.5,4.27
288,1409,2.0,2.58
22,53519,0.5,3.44
74,1230,5.0,4.13
312,346,3.0,3.61
606,5712,3.5,3.71
20,2941,4.0,3.83
450,1206,5.0,4.15
357,2501,3.5,3.96
441,7387,4.0,3.98
239,2231,4.5,3.88
353,180,4.0,3.62
256,267,3.5,3.06
534,59022,3.5,3.54
385,485,3.0,3.23
461,74458,4.0,4.09
599,2676,1.5,3.38
599,2372,1.5,2.95
474,4798,3.5,0.0
139,34405,4.0,4.07
603,599,5.0,3.83
453,1753,5.0,3.36
64,3072,5.0,3.59
232,2005,2.5,3.73
482,8948,2.0,0.0
256,53972,4.5,3.61
218,903,4.0,4.05
339,1265,5.0,4.13
24,57368,3.5,3.2
285,3897,2.0,3.85
68,83803,4.0,4.92
188,1747,4.0,3.41
414,2124,2.0,4.05
139,63113,3.0,3.44
200,5617,3.5,3.96
103,1884,4.5,3.96
89,133712,3.0,0.0
341,119145,4.0,3.97
525,6365,2.5,3.48
391,1285,3.0,3.99
88,69,3.5,3.65
184,173235,4.5,0.0
177,79702,5.0,4.1
357,2918,4.0,3.98
594,858,4.0,4.32
365,56152,3.5,3.64
365,3793,3.5,3.72
232,7325,3.0,3.57
387,6184,3.5,4.26
315,1304,3.0,3.94
103,2501,4.5,3.95
599,5970,3.0,3.24
42,1266,3.0,4.24
599,230,2.0,3.63
298,1206,3.5,4.21
249,8640,3.5,3.24
141,8961,4.5,3.86
159,4022,3.0,3.76
45,2106,5.0,0.0
212,589,4.0,4.06
599,1090,3.5,4.08
385,32,4.0,4.02
381,3755,3.5,3.17
282,50,4.5,4.32
169,455,3.5,2.62
115,3354,3.0,2.9
603,4239,2.0,3.97
361,1210,2.0,4.19
351,72998,2.5,3.69
249,182823,3.5,3.44
7,4995,4.5,4.08
516,4306,5.0,3.88
603,4605,4.0,4.37
419,56174,3.5,3.48
159,106696,3.0,3.57
219,6373,3.0,3.41
292,2712,2.0,3.41
111,115149,4.5,4.08
288,3020,2.0,3.88
474,26965,3.0,0.0
454,1089,4.0,4.24
193,858,4.5,4.31
202,679,4.0,0.0
111,48516,4.5,4.57
57,1136,5.0,4.38
428,500,1.0,3.47
608,4161,3.5,3.68
68,292,2.5,3.69
1,2033,5.0,3.4
105,79333,4.0,0.0
411,246,5.0,4.24
376,4306,4.0,3.94
325,407,2.0,3.84
222,3617,3.5,3.04
254,32587,5.0,3.99
80,53953,3.5,3.07
137,1253,3.5,3.92
140,6279,4.0,0.0
448,5349,4.0,3.8
169,5459,3.0,2.94
74,55276,5.0,4.17
494,2571,5.0,4.19
424,6188,4.5,3.49
491,5816,5.0,3.65
567,118702,2.0,0.0
307,36401,0.5,2.92
67,1527,5.0,3.7
447,380,4.0,3.62
318,4349,4.0,3.89
6,209,3.0,0.0
608,4016,4.0,3.87
288,3018,3.0,3.26
600,4995,3.0,4.24
339,164179,3.5,4.13
229,356,4.0,4.21
153,8533,1.0,3.65
312,2640,4.0,3.8
91,1337,4.5,0.0
443,318,5.0,4.51
563,61071,2.5,0.0
200,7451,4.5,3.7
484,262,4.0,3.97
177,82167,3.0,3.37
352,90746,4.5,3.62
297,1556,1.0,1.75
288,2535,2.0,0.0
469,3244,5.0,3.81
571,1987,3.0,0.0
227,318,4.0,4.52
608,1219,3.0,4.13
534,95309,4.0,4.37
412,2109,3.0,3.42
561,3039,3.5,4.04
368,2468,2.0,2.44
475,53464,3.5,2.52
414,4591,3.0,3.57
249,5419,2.5,3.39
304,527,5.0,4.31
104,7297,4.0,0.0
227,110,3.5,4.02
274,2947,4.0,4.1
105,60904,4.0,0.0
610,41997,3.5,4.23
561,2804,4.5,4.06
144,5669,3.5,3.85
534,34,4.0,3.67
534,44,4.0,2.57
155,3793,4.0,3.65
414,41566,4.0,3.73
415,141,4.0,3.53
82,6014,4.0,2.24
139,5952,4.0,4.04
117,249,4.0,3.69
328,2161,3.0,3.67
354,6874,4.5,3.89
475,168252,3.5,4.61
212,318,4.5,4.53
567,167746,3.5,3.81
113,1014,5.0,1.68
474,8874,4.0,4.52
288,377,3.0,3.85
414,5294,3.0,4.47
139,53125,2.0,3.61
102,231,3.0,3.08
249,2505,3.0,3.38
244,1049,4.0,3.38
217,3529,3.0,4.3
18,2997,4.0,4.15
474,37741,4.5,4.29
387,2644,3.5,3.93
222,367,3.0,3.31
384,4034,4.0,3.93
382,100507,3.0,3.81
599,3896,3.0,3.51
18,97752,3.5,3.8
606,5614,4.5,0.0
132,4973,4.0,4.4
274,50794,3.0,2.99
312,1253,4.0,3.94
419,1221,4.0,4.31
15,97938,4.0,3.79
200,54001,4.0,3.95
7,7143,4.5,3.92
111,3979,1.5,2.77
305,6537,3.0,3.14
590,3146,1.0,2.49
125,67087,2.0,3.79
589,586,3.0,3.01
62,111360,4.0,2.95
590,6,3.5,4.09
6,342,3.0,3.26
66,3108,4.5,3.83
217,1615,2.0,3.23
462,6612,4.5,0.0
125,44191,3.5,3.99
387,1707,1.0,2.03
599,83803,2.5,5.05
414,8833,3.5,0.0
294,998,2.0,0.0
79,1221,5.0,4.29
474,3599,3.5,4.13
606,6218,4.0,3.48
51,3863,5.0,3.04
594,648,5.0,3.66
451,805,5.0,3.72
438,4701,4.0,3.47
246,62999,4.5,3.39
105,4226,3.5,4.37
509,2502,3.5,4.18
534,108945,1.5,2.93
126,296,1.0,4.23
432,81788,4.0,4.11
305,60684,4.0,4.06
580,2600,4.0,3.91
177,46948,3.0,3.86
477,2407,3.5,3.18
277,786,4.0,3.15
610,33493,4.0,3.87
387,6025,2.0,2.48
129,292,3.5,3.43
305,968,5.0,3.65
105,96020,4.0,0.0
552,2871,3.0,3.78
599,460,2.0,0.0
346,6552,4.0,3.68
305,4002,3.0,3.98
534,1387,4.5,4.14
247,134853,4.0,3.9
66,2858,5.0,4.15
356,3363,4.5,3.95
509,2762,4.0,4.01
265,1726,3.0,3.54
52,5010,4.0,3.91
346,6874,4.0,3.92
288,1721,3.0,3.62
94,593,3.0,4.21
249,7323,3.0,4.41
318,26073,5.0,0.0
414,4306,4.0,4.48
68,1370,2.5,3.84
307,3173,3.0,3.2
596,527,4.0,4.35
104,2724,4.0,2.78
58,186,3.0,3.06
21,2012,5.0,3.56
241,46578,4.5,3.84
274,50,4.0,4.46
362,81417,3.0,3.96
414,4223,4.0,4.32
466,59784,4.5,3.56
74,2858,5.0,4.11
21,117572,2.5,0.0
608,4223,4.5,3.91
480,5009,3.0,2.82
610,919,3.5,3.82
199,1211,4.0,3.92
223,48394,5.0,3.79
362,16,4.0,3.99
557,1196,3.0,4.21
3,5764,4.5,0.0
313,1603,4.0,2.39
274,1029,3.5,3.78
294,255,1.0,3.64
599,1396,2.5,3.43
474,3052,4.0,3.91
156,1212,5.0,4.2
561,54503,3.5,4.19
483,5902,5.0,4.11
365,135536,4.0,2.85
382,7569,3.5,3.98
509,66934,4.5,4.0
219,6156,3.0,3.23
51,4255,4.0,1.8
483,3114,3.0,4.07
73,3751,2.5,3.55
57,198,3.0,3.41
339,4718,3.5,3.01
483,66785,4.0,3.6
298,4299,1.0,3.64
599,762,2.5,2.71
19,1405,2.0,2.71
452,2871,5.0,3.82
380,2081,4.0,3.71
151,12,3.0,2.74
414,36529,3.5,4.28
380,1222,5.0,4.47
318,68358,3.5,4.39
249,6874,4.5,3.95
469,1127,5.0,3.57
120,631,3.0,3.38
432,26322,4.0,2.91
408,79592,4.0,3.23
337,168,4.0,3.07
89,33090,5.0,0.0
7,2019,5.0,4.17
368,1587,2.0,3.3
256,140725,4.0,0.0
288,3578,2.0,4.35
288,354,4.0,3.46
170,597,4.0,3.53
599,3502,3.0,0.0
509,2033,3.5,3.4
63,96610,4.5,3.72
249,6383,2.5,2.9
169,5502,4.0,3.18
325,4086,3.0,3.57
12,3668,5.0,3.77
603,2690,4.0,3.62
525,78499,3.5,4.44
599,2329,4.0,4.59
195,2006,4.0,3.13
182,2539,2.5,3.39
448,141422,2.5,0.0
414,6753,4.0,3.18
294,3301,2.0,3.55
89,141544,2.5,0.0
282,6059,4.5,3.34
288,2329,4.5,4.5
392,1193,4.0,4.17
606,2207,3.0,0.0
159,5957,3.0,3.44
1,223,3.0,3.99
68,252,3.0,3.86
606,3910,4.0,3.61
91,2076,4.0,4.14
288,39400,1.0,2.2
438,41569,2.0,3.4
380,106642,5.0,4.15
607,318,5.0,4.52
527,2057,4.0,3.16
4,914,5.0,4.07
29,356,4.5,4.21
570,1376,3.0,3.51
8,454,4.0,3.63
474,3071,2.5,3.79
395,231,3.0,3.08
135,2391,5.0,3.75
68,86833,3.5,4.32
261,4085,2.5,3.38
608,5146,3.5,3.1
474,7080,3.5,0.0
596,2167,3.5,3.58
168,3730,4.5,4.12
52,35836,4.5,3.69
480,45442,3.5,0.0
226,3386,4.0,3.14
4,3489,1.0,3.5
480,249,4.0,3.76
376,165,3.5,3.74
451,648,4.0,3.59
239,8950,4.5,4.18
135,47,5.0,4.13
514,69481,4.0,4.13
610,60303,4.0,0.0
74,55118,5.0,4.08
438,7153,4.0,4.31
570,3044,2.5,3.85
517,3988,3.0,3.15
111,48322,5.0,4.1
563,7169,3.0,4.37
288,68954,4.5,4.24
599,472,1.5,0.0
391,4499,4.0,4.29
216,648,2.0,3.6
155,1562,3.0,2.06
57,1284,5.0,4.06
47,112804,5.0,0.0
298,94677,2.0,4.27
307,2706,2.5,3.53
98,83134,4.0,3.59
600,5481,2.5,3.01
294,3710,2.0,0.0
534,364,4.0,4.15
610,118082,3.5,0.0
307,260,3.5,4.31
552,4701,2.0,3.33
438,48780,4.0,4.24
156,1042,3.0,3.43
299,3755,3.0,3.05
30,112852,5.0,4.14
298,7090,2.0,3.97
166,4973,5.0,4.36
8,500,2.0,3.45
587,432,4.0,2.55
483,799,4.0,3.61
57,65,1.0,2.82
307,5025,2.5,2.65
281,2858,3.5,4.05
469,2997,5.0,4.08
221,2000,3.0,3.8
605,1270,4.0,4.04
414,99114,4.5,4.71
312,5945,4.0,3.47
606,4883,4.0,0.0
68,4369,3.5,3.5
274,58025,2.5,3.29
600,2096,3.0,3.54
41,1485,3.0,3.12
111,6764,3.0,3.44
475,5952,5.0,4.1
610,62081,2.5,2.99
177,8376,2.0,3.17
352,3785,3.0,2.98
305,4270,4.5,3.14
482,1602,1.0,0.0
474,5581,2.0,0.0
517,2791,3.5,3.95
298,3285,2.0,3.2
533,4105,5.0,3.73
288,4239,3.0,4.03
298,2529,3.5,3.82
325,1217,5.0,4.57
66,849,3.5,2.91
307,4915,2.0,3.04
182,3915,4.0,0.0
387,45081,3.0,3.1
57,1573,2.0,3.61
409,3362,5.0,3.96
489,7004,1.0,2.91
555,1587,2.0,3.34
331,4367,1.5,2.9
19,537,1.0,3.31
415,6957,4.5,3.53
322,1035,2.5,4.07
346,32587,2.5,3.96
438,1675,3.5,0.0
570,1580,4.0,3.66
517,5218,2.5,3.8
50,137857,2.0,3.67
246,7022,4.0,3.85
610,71535,3.5,4.13
160,4866,2.0,3.17
317,57669,4.0,4.17
438,1020,3.0,3.27
177,61323,3.0,3.73
68,7373,3.5,3.61
275,5884,1.0,0.0
599,90430,3.0,0.0
610,98809,3.5,4.37
534,115122,5.0,0.0
292,3717,3.0,3.41
348,590,4.0,3.79
312,110,4.0,4.08
292,130490,3.5,2.47
590,6357,3.0,0.0
73,72641,4.5,3.9
590,40815,3.0,3.88
322,46578,4.5,3.87
41,6711,3.5,4.24
579,892,5.0,3.4
327,3617,5.0,2.99
42,1461,3.0,2.21
572,1129,1.0,3.54
480,2968,2.5,4.08
6,315,4.0,3.4
346,247,4.0,4.11
177,1387,3.0,4.21
514,1307,4.5,3.98
610,6595,3.5,3.32
414,4123,2.0,0.0
386,457,3.0,4.03
520,1779,4.0,2.91
105,64969,3.5,3.97
560,52281,4.0,3.73
274,2858,5.0,4.18
354,1527,4.0,3.71
95,5693,4.0,3.41
42,165,2.0,3.93
426,4816,2.0,3.47
169,6378,3.5,3.79
270,14,5.0,3.81
308,318,1.0,4.5
294,910,4.0,3.94
448,96861,1.0,3.61
610,2628,3.0,3.46
268,869,3.0,0.0
414,6539,4.5,4.5
261,356,5.0,4.2
438,7454,2.5,3.03
307,2072,3.5,3.42
57,3253,3.0,3.6
562,1347,5.0,3.06
587,356,4.0,4.23
346,1345,4.5,3.29
448,80463,4.0,4.13
282,6936,3.0,3.8
80,1625,4.5,3.73
317,121253,3.0,0.0
608,1608,3.0,3.65
420,2329,4.0,4.26
527,4571,5.0,3.61
448,95201,3.0,0.0
240,328,5.0,3.17
232,39446,4.0,3.25
571,1323,2.0,0.0
427,3578,4.0,4.03
474,6245,3.5,0.0
274,3949,4.5,4.11
558,1968,5.0,3.78
368,2916,3.0,3.7
288,60069,4.5,4.19
274,61026,3.5,4.13
307,431,3.5,3.87
276,1391,5.0,3.13
523,7143,5.0,3.9
325,4467,3.0,3.72
222,2959,3.5,4.33
474,3624,3.5,3.49
230,1968,2.5,3.78
130,588,2.0,3.88
128,1080,4.0,4.09
428,231,2.0,3.15
570,1193,3.0,4.26
599,27728,3.0,1.74
414,1747,4.0,3.76
332,56174,3.0,3.52
104,7375,3.0,3.15
111,4018,3.5,3.43
293,1617,3.0,4.02
437,507,3.0,3.52
139,68791,2.5,3.54
526,3448,5.0,3.64
356,1307,4.5,4.0
308,185,1.0,3.2
249,45517,3.5,3.47
68,61250,3.0,3.12
479,1029,4.0,3.5
474,2693,4.0,0.0
68,52458,4.5,3.24
414,1408,5.0,3.67
221,3095,4.5,3.78
462,3467,3.5,0.0
591,2571,5.0,4.21
167,4022,3.0,3.76
387,6003,3.5,3.52
479,2798,1.0,1.37
417,3535,3.0,3.77
254,38061,4.0,4.2
474,670,4.5,0.0
428,353,4.0,3.55
105,67923,4.0,2.98
119,1,3.5,4.01
606,7265,3.5,3.85
68,5308,3.5,2.72
177,2160,4.0,4.34
338,190213,1.0,0.0
414,4359,4.0,4.04
182,2701,2.5,2.57
555,3527,5.0,3.69
599,5053,1.5,0.0
105,2858,5.0,4.22
586,122900,4.5,3.85
603,1128,1.0,2.7
387,1690,3.0,3.1
322,6874,4.0,3.93
304,288,1.0,3.27
275,3114,4.0,3.95
514,1234,4.5,4.13
104,40815,4.5,3.87
380,2080,3.0,3.64
59,10,3.0,3.5
480,5378,3.0,3.52
414,836,2.0,3.09
188,2346,3.0,3.13
50,2712,3.5,3.44
596,109487,3.5,4.16
599,2628,3.0,3.46
610,135803,3.5,0.0
294,1030,2.0,2.9
198,2236,3.0,2.82
89,131610,5.0,0.0
429,553,3.0,3.9
178,6863,2.0,3.5
560,108932,4.0,4.04
104,4306,4.5,3.99
483,653,4.0,3.34
232,1270,3.0,4.09
408,44191,5.0,3.94
149,316,4.0,3.32
68,8970,4.0,3.67
84,1191,3.0,4.0
32,1061,4.0,3.55
30,95510,5.0,3.09
573,8957,4.5,3.51
478,1917,2.0,2.92
177,317,4.5,3.45
111,183959,4.5,0.0
305,106782,4.0,4.44
608,4725,2.5,0.0
448,111680,1.5,0.0
68,4351,3.0,3.27
194,784,3.0,2.96
296,7156,4.5,4.18
153,1721,2.0,3.45
480,8368,4.5,3.85
307,68954,5.0,4.29
419,1089,5.0,4.27
474,7493,4.0,0.0
372,387,3.0,1.54
448,1275,5.0,4.29
567,96079,3.0,3.81
365,5218,1.0,3.81
381,2013,3.5,2.99
606,2206,4.0,0.0
184,59022,3.0,3.43
167,5103,3.0,3.57
108,3512,3.0,3.76
464,648,3.5,3.6
212,45447,3.5,3.24
103,2687,2.5,3.45
20,6143,4.0,0.0
115,2688,4.0,2.97
4,2395,3.0,3.49
482,8969,3.0,3.05
73,45720,4.0,3.96
288,56145,4.0,2.63
274,6281,4.0,3.4
177,56152,4.0,3.82
386,480,2.0,3.74
204,2710,5.0,2.86
7,33162,3.5,3.41
21,36519,3.5,3.26
135,1230,4.0,4.14
28,7445,2.0,3.86
220,62155,3.5,3.0
160,990,1.0,2.97
287,4993,4.0,4.16
68,173,2.5,2.65
597,2114,5.0,3.48
332,5010,3.0,3.96
296,48394,4.5,3.77
4,1916,1.0,3.51
600,1963,3.5,3.57
474,1573,4.5,3.79
474,28,4.5,4.16
182,589,2.0,4.25
57,2124,3.0,3.6
112,161,1.5,3.72
280,52973,5.0,3.92
381,367,1.0,3.38
307,47099,4.0,3.96
305,73321,2.0,4.18
600,4571,4.0,3.76
603,1124,3.0,3.89
21,53972,3.0,3.72
594,3004,4.5,2.61
28,2686,3.0,4.12
86,74553,3.5,0.0
305,8641,3.0,3.8
599,748,2.5,3.3
73,47518,3.5,2.89
460,80489,4.0,3.81
550,109487,5.0,3.86
113,509,5.0,3.65
222,2403,3.5,3.61
119,117887,4.0,0.0
57,494,4.0,3.55
607,1265,3.0,4.03
590,1258,4.0,4.36
43,329,5.0,3.43
45,2012,3.0,3.66
294,1129,4.0,3.57
45,440,3.0,3.7
562,4720,4.0,3.68
474,5505,4.5,3.45
550,68954,4.5,4.06
318,71282,4.0,3.85
561,1265,4.5,4.25
19,3466,2.0,3.28
448,53453,0.5,0.0
567,49647,2.5,3.72
469,1267,5.0,4.48
298,72226,1.5,4.25
36,25,2.5,3.69
111,5501,3.5,1.13
436,150,4.0,3.87
54,356,4.0,4.19
380,27801,4.0,4.13
448,5490,5.0,0.0
249,49286,4.0,2.93
353,344,5.0,3.05
121,474,3.0,3.83
177,78637,2.5,4.26
610,33679,3.0,3.74
525,87232,3.5,4.01
85,1633,5.0,3.76
84,270,3.0,3.6
452,3623,5.0,2.71
249,108729,4.0,3.66
28,60753,3.0,0.0
160,736,1.0,3.5
561,95875,2.5,3.46
158,7541,2.5,0.0
57,2599,4.0,3.64
372,1242,5.0,4.17
301,34162,2.5,3.58
103,2291,4.5,3.78
434,318,4.0,4.59
448,152085,2.5,0.0
592,160,3.0,2.96
217,788,2.0,2.9
448,97921,4.0,4.29
561,8965,2.0,3.17
68,76751,3.0,0.0
503,2348,4.0,3.37
608,5444,3.5,3.98
474,1171,4.0,3.22
249,3039,4.0,4.12
414,650,3.0,3.22
455,380,3.0,3.59
448,160271,2.5,3.96
184,2579,4.0,3.89
104,5816,4.5,3.68
474,2970,3.0,3.29
372,296,4.0,4.32
68,590,4.0,4.04
483,6442,5.0,0.0
292,112852,4.5,4.34
298,55269,2.5,3.76
489,1036,3.0,4.0
610,4054,2.0,3.25
477,51709,5.0,4.26
304,2571,4.0,4.28
414,3946,3.0,2.97
313,5349,4.0,3.55
367,3948,3.0,3.55
552,2706,3.5,3.39
211,4011,4.5,4.17
414,27611,4.0,4.39
486,588,3.0,3.92
475,91529,4.0,4.18
294,438,3.0,3.56
182,5690,4.5,4.33
219,56775,2.5,3.05
222,355,2.0,2.5
230,2,2.5,3.44
429,281,4.0,3.71
160,4011,4.5,4.23
76,1288,4.0,4.05
215,55451,3.5,0.0
292,3527,3.5,3.67
273,252,3.0,3.58
610,4887,2.5,2.96
368,648,3.0,3.68
153,45720,0.5,3.83
610,94777,3.5,3.93
226,5110,5.0,3.72
266,474,3.0,3.89
601,5989,4.5,4.05
249,4878,4.0,4.28
65,111759,4.0,4.08
199,81,3.0,3.1
604,339,3.0,3.62
140,364,4.0,4.14
414,4228,3.0,2.45
274,59615,3.5,2.87
337,36,4.0,3.89
288,2641,3.0,3.1
356,3178,3.5,3.65
567,142507,2.5,0.0
489,1569,3.5,3.58
421,909,4.0,4.15
380,2455,5.0,3.75
414,5039,4.0,4.08
287,6565,2.5,3.78
590,593,3.5,4.46
610,128838,3.5,0.0
1,1258,3.0,4.22
318,62849,4.0,4.04
418,90374,4.5,0.0
414,3478,2.0,3.29
470,7,3.0,3.15
4,2282,1.0,0.0
187,7976,4.5,0.0
605,56949,4.0,3.29
68,7154,2.5,3.14
517,909,0.5,4.22
111,7346,3.5,3.44
599,4975,3.5,3.74
596,924,4.0,3.91
410,2186,5.0,4.03
372,1220,3.0,3.86
370,1089,2.5,4.27
382,130634,3.5,2.37
387,2746,3.5,3.48
425,2858,3.0,4.14
20,1367,3.0,3.14
177,63853,2.0,3.14
365,100507,4.0,3.89
369,8641,4.0,3.66
274,185,3.0,3.66
601,527,5.0,4.32
603,1263,5.0,4.13
215,4623,3.0,3.66
469,3037,5.0,4.04
489,7099,3.0,4.22
414,4516,2.0,0.0
477,1020,3.5,3.23
284,457,4.0,4.06
160,2387,5.0,3.11
330,736,2.0,3.48
495,3081,2.0,3.56
115,2027,2.0,2.52
562,26357,4.0,0.0
146,6383,1.5,2.75
468,318,3.0,4.5
298,36525,2.5,3.07
369,2174,3.5,3.49
533,8874,3.0,4.09
536,292,1.0,3.38
176,292,3.0,3.39
414,5419,4.0,3.2
249,61248,3.5,3.21
339,92243,4.5,0.0
448,84152,3.0,4.04
274,58559,4.5,4.56
354,6373,3.0,3.29
217,2802,2.0,3.2
101,2600,4.0,3.87
446,350,3.0,3.39
380,405,3.0,2.81
95,2028,5.0,4.18
610,138632,5.0,0.0
414,4349,3.0,3.91
307,1206,3.5,4.19
225,1196,4.0,4.2
453,300,5.0,3.45
111,184015,3.5,0.0
437,357,3.0,3.55
414,2794,3.0,3.07
312,2550,4.0,4.11
232,3996,3.0,4.03
605,31658,3.0,4.22
607,553,4.0,3.93
4,450,2.0,3.17
368,3710,1.0,0.0
599,4446,1.5,3.47
455,435,2.0,2.42
104,10,3.0,3.51
282,260,4.0,4.31
288,2400,3.0,0.0
166,3897,3.5,3.91
597,555,5.0,3.95
332,1729,4.0,3.76
291,58559,5.0,4.2
586,318,5.0,4.52
426,3247,4.5,3.06
606,3148,4.0,3.89
544,1047,5.0,3.23
393,4022,5.0,3.76
298,5377,2.0,3.88
177,2701,2.0,2.47
356,36535,4.0,3.93
448,2918,4.0,4.19
136,349,5.0,3.78
68,2108,3.0,3.66
561,164179,3.5,4.23
24,63113,3.0,3.42
305,55290,2.5,4.01
474,8125,4.0,0.0
339,4306,4.0,3.98
95,2692,4.0,4.01
42,4333,1.0,3.52
555,1562,3.0,2.2
167,356,3.0,4.25
84,1225,4.0,4.29
63,48780,3.5,4.34
410,597,4.0,3.53
177,3022,5.0,4.23
411,524,3.0,3.57
239,5952,5.0,4.16
480,6787,4.5,4.01
19,762,1.0,2.6
354,4878,4.5,4.1
603,1306,1.0,3.19
469,2110,4.0,3.47
534,27251,4.5,0.0
93,2916,5.0,3.64
177,81591,3.5,3.71
474,1873,3.5,4.37
140,1214,4.0,4.08
313,2302,1.0,3.34
274,2571,4.0,4.46
89,84246,4.5,0.0
20,4369,2.0,3.2
326,2858,3.5,4.12
243,181,3.0,2.31
294,3396,4.0,3.82
179,786,4.0,3.16
42,231,4.0,3.2
487,116797,4.5,4.07
217,374,3.0,2.35
304,640,4.0,3.0
387,4429,4.0,0.0
19,1588,2.0,3.23
590,2949,4.0,3.77
20,5299,4.0,3.13
156,915,3.0,4.02
427,296,4.5,4.24
484,34162,4.0,3.66
89,140481,4.5,0.0
380,1291,5.0,4.46
414,8622,4.0,4.5
606,47774,3.0,0.0
557,231,3.5,3.06
610,7439,3.0,3.5
591,2959,2.0,4.26
249,69481,4.5,4.48
575,2566,1.0,0.0
599,5363,1.5,3.13
586,63859,5.0,3.6
387,2949,4.0,3.85
514,2794,2.5,2.61
495,115149,4.5,3.94
365,122922,3.0,3.77
200,3717,4.0,3.43
380,64285,5.0,4.16
608,2542,4.0,4.29
82,10,3.5,3.56
571,1992,2.0,0.0
422,2490,3.0,3.34
517,4963,0.5,4.05
61,1653,4.5,4.0
222,50,3.0,4.3
222,4963,4.0,4.09
534,46530,2.5,3.08
387,1729,3.5,3.83
604,220,3.0,0.0
260,3735,2.0,3.95
274,52885,3.5,4.32
448,6427,4.0,0.0
222,1961,4.0,3.96
447,362,5.0,3.73
474,2336,4.0,4.1
139,6934,2.0,3.19
475,68791,3.5,3.53
307,1342,2.0,2.78
603,899,4.0,4.2
322,2571,4.0,4.22
380,96610,3.0,4.01
51,2151,3.5,3.94
602,533,3.0,3.17
407,2571,5.0,4.2
46,160,4.0,2.91
414,27808,3.5,3.78
570,231,2.5,3.16
68,4084,2.0,2.98
144,364,4.5,4.02
19,223,3.0,4.0
89,26184,2.5,0.0
351,4239,4.0,3.9
411,383,2.0,3.17
68,3510,3.0,4.01
177,102407,3.0,3.56
599,1339,2.5,3.36
391,5135,4.0,4.44
4,919,5.0,3.93
305,118696,3.0,3.8
474,1676,2.0,3.47
525,41566,3.5,3.56
380,109374,4.0,4.29
387,953,2.5,4.37
567,149406,2.0,3.9
307,48142,2.0,3.5
39,1214,5.0,4.0
342,3298,4.0,3.81
599,88697,2.5,0.0
293,4558,2.0,2.45
603,30,4.0,0.0
91,7118,3.5,0.0
414,58998,3.5,4.42
414,346,3.0,4.05
96,1387,4.0,4.15
202,2352,5.0,3.93
62,166635,3.5,0.0
577,3066,4.0,3.63
337,79,4.0,2.82
414,5611,3.5,0.0
380,8372,2.0,2.91
105,6586,3.5,3.42
608,8368,4.0,3.82
565,457,4.0,4.02
89,8238,5.0,0.0
464,7481,4.5,3.91
322,2918,3.0,3.87
248,8961,5.0,3.79
414,5630,3.0,3.96
600,2470,3.0,3.3
517,8965,5.0,3.1
346,5679,4.0,3.29
414,8636,4.5,4.19
462,3168,4.5,3.94
232,6373,3.0,3.52
449,2959,4.5,4.28
7,588,3.0,3.96
427,5420,1.5,2.87
42,1784,5.0,3.92
177,1307,3.5,4.1
274,2953,3.0,3.0
328,3034,2.5,3.68
610,72226,4.0,4.49
166,1265,4.0,4.05
274,5219,4.0,3.53
573,3752,4.0,3.12
66,47,5.0,4.13
480,5810,2.5,3.67
482,1101,4.5,3.18
408,82461,4.0,3.1
522,1375,3.5,3.24
414,2600,4.0,3.95
182,1726,3.5,3.48
587,2779,4.0,3.3
541,474,4.0,3.85
498,62,5.0,3.73
226,60,2.5,3.45
192,590,4.0,3.81
610,4963,4.0,4.45
590,3979,1.0,2.86
226,8641,4.0,3.74
563,44225,3.0,0.0
483,3155,2.5,4.3
380,2701,4.0,2.69
167,8604,3.0,3.55
239,55820,5.0,4.0
292,1291,4.5,4.28
27,1015,4.0,3.07
64,435,3.5,2.59
510,1242,3.5,4.13
534,500,4.5,3.46
603,4011,4.0,4.32
599,43904,1.0,0.94
97,3793,5.0,3.65
4,3175,1.0,3.7
448,89087,2.0,3.15
434,5502,2.5,3.19
280,1020,4.5,3.19
563,597,4.0,3.59
57,1552,1.0,3.24
517,3549,3.0,4.14
603,4725,4.0,0.0
610,52950,3.0,0.0
341,136020,4.5,2.94
6,62,4.0,3.79
368,3841,3.0,3.8
608,3252,4.0,3.79
560,59026,4.0,0.0
149,2038,1.0,0.0
411,111,4.0,4.23
215,3252,4.0,3.66
339,2502,4.5,4.18
232,4247,3.0,2.25
454,48774,4.0,4.11
226,3052,4.5,3.8
72,1210,4.5,4.19
292,45672,2.0,3.08
366,1089,5.0,4.24
8,597,3.0,3.53
380,2366,5.0,3.75
68,5219,4.0,3.51
483,101612,4.0,2.63
307,5092,1.5,3.3
4,2683,4.0,3.2
33,589,4.0,4.06
308,1089,1.0,4.25
368,3176,3.0,3.41
579,596,3.0,3.43
517,6539,2.5,3.9
503,1089,4.5,4.26
600,2013,3.5,3.01
503,4878,2.5,4.08
212,64034,3.0,4.19
521,852,3.0,3.19
600,1405,2.0,2.7
280,500,3.5,3.51
438,3555,4.0,3.56
68,1515,3.0,2.16
606,4289,4.0,0.0
249,64716,4.0,4.59
279,89745,3.0,3.98
18,142488,4.5,4.66
267,3986,4.0,2.43
474,25886,4.5,0.0
608,1882,1.5,2.17
282,4447,3.0,3.18
17,590,4.5,3.82
428,7451,3.0,3.63
14,47,5.0,3.99
477,2478,3.5,3.25
19,2133,3.0,3.52
177,1035,2.5,4.13
551,3147,4.0,4.17
414,1991,2.0,3.49
605,150,5.0,3.85
520,1625,4.0,3.72
495,1682,4.5,3.96
89,106594,4.5,0.0
425,2054,2.5,2.89
318,71867,3.0,0.0
596,1221,3.0,4.33
172,3578,4.0,4.01
282,1307,4.0,3.98
577,3072,3.0,3.48
104,52287,4.0,3.65
599,5291,4.0,4.21
57,745,4.0,4.31
64,8464,4.0,3.59
484,2718,4.0,2.88
448,4361,3.0,3.57
517,8972,1.0,3.41
464,597,4.5,3.54
448,45431,3.0,3.95
569,344,4.0,3.02
606,7255,2.5,3.03
292,69844,4.0,4.06
208,2058,4.0,3.42
60,6016,4.0,4.16
480,3317,4.0,3.69
200,590,3.5,3.89
566,7,4.0,3.14
385,1283,4.0,4.34
160,3623,2.0,2.7
466,30793,1.5,2.96
274,33004,2.5,3.64
603,2117,3.0,3.98
14,524,3.0,3.52
298,6377,2.5,4.23
91,1485,2.5,3.2
45,587,2.0,3.55
610,7150,3.0,2.77
484,69122,4.0,3.82
139,54286,2.5,3.69
140,6281,3.0,3.18
166,47,4.0,4.09
387,8957,3.5,3.51
562,7360,3.5,4.15
495,7458,4.0,3.44
79,3984,4.0,3.42
608,2805,3.5,3.01
444,231,1.0,3.07
438,7315,2.0,0.0
135,2124,4.0,3.55
156,3089,4.0,4.02
486,165,3.0,3.73
40,165,4.0,3.73
232,4367,3.5,3.09
17,68157,4.0,4.15
369,6934,3.5,3.17
325,2321,4.0,3.51
608,7773,4.0,0.0
452,3552,5.0,3.86
86,4993,4.0,4.18
555,1135,3.0,3.11
318,4308,3.5,3.71
599,1208,5.0,4.52
184,122918,4.5,3.87
474,4709,2.5,0.0
425,2105,3.0,3.41
474,26084,3.5,4.89
438,719,3.0,3.25
284,440,4.0,3.62
462,27563,4.5,4.11
466,68358,4.0,4.1
171,290,5.0,3.96
541,590,5.0,3.81
16,2762,3.5,3.97
301,45722,3.5,3.55
91,1394,2.0,4.35
608,1393,3.0,3.73
514,136958,2.0,0.0
104,31,4.0,3.25
480,1407,3.0,3.38
63,555,2.5,3.91
334,339,3.5,3.58
43,432,4.0,2.59
434,316,3.5,3.39
268,2762,4.0,3.94
469,1198,4.0,4.35
599,2296,1.0,2.29
282,1193,5.0,4.3
560,4383,4.0,3.41
465,1625,4.0,3.68
452,3147,5.0,4.22
495,1732,5.0,3.94
61,7438,4.0,3.9
387,6942,3.0,3.76
122,114662,3.5,3.9
19,3355,2.0,3.11
597,2504,3.0,3.58
441,3254,5.0,3.41
596,32799,3.5,0.0
608,2986,1.5,2.82
287,6951,0.5,2.29
22,55820,4.0,3.97
562,53519,3.0,3.5
474,48394,3.5,4.09
610,136864,3.5,2.66
448,73266,3.0,0.0
105,61323,3.0,3.72
414,1779,1.0,3.54
202,1500,5.0,3.77
98,4720,5.0,3.62
477,2028,4.0,4.31
84,195,4.0,3.02
357,474,4.0,3.94
103,99114,4.5,4.16
580,44974,3.0,3.32
414,1320,3.0,3.57
34,377,4.5,3.59
99,281,5.0,3.69
517,60069,2.5,4.12
326,80906,5.0,4.21
561,64614,3.0,4.19
288,48696,4.0,4.58
267,4033,4.0,4.0
561,160438,2.0,2.98
381,27808,3.5,3.5
307,833,1.0,3.02
593,2706,2.5,3.38
555,1974,3.0,3.13
275,1333,4.0,3.82
425,1608,3.0,3.49
599,141,3.0,3.61
91,1682,4.0,4.01
80,4848,4.0,3.93
298,122882,3.0,3.95
419,3354,2.0,2.87
138,898,5.0,4.35
220,1198,5.0,4.37
307,6593,2.0,3.21
182,6041,4.0,0.0
483,1688,2.5,3.46
401,112852,3.5,4.15
104,608,4.0,4.19
522,1580,4.0,3.62
160,1199,5.0,4.22
419,4326,3.5,3.55
489,57640,4.5,3.85
249,2105,3.0,3.32
186,2021,4.0,3.3
357,277,4.0,3.42
301,736,1.0,3.43
199,527,5.0,4.34
288,4898,2.5,0.0
135,2916,4.0,3.74
144,10,3.0,3.51
573,5064,4.0,3.96
78,296,4.0,4.23
140,3108,3.0,3.82
80,6952,5.0,2.82
177,96588,5.0,3.67
489,4963,3.5,4.17
560,2541,4.0,3.25
125,60950,5.0,2.8
610,135815,4.0,0.0
483,3527,2.5,3.69
307,4228,0.5,1.97
446,551,3.0,3.51
318,1210,4.0,4.34
422,1617,4.0,4.06
113,4085,3.0,3.39
512,110,5.0,4.02
119,5952,4.5,4.11
579,1680,5.0,3.4
202,1587,5.0,3.29
438,6686,3.0,2.57
33,1704,5.0,4.16
599,26492,3.0,3.05
446,380,2.0,3.61
351,60857,3.0,0.0
239,44199,4.5,3.95
344,5299,1.0,3.07
380,187595,4.0,4.61
570,1704,3.5,4.2
298,86345,4.0,4.82
474,3361,3.0,4.13
483,3033,4.0,3.48
606,1209,4.5,4.04
418,4226,3.5,4.13
597,1234,5.0,4.17
221,1914,4.0,3.22
367,3398,5.0,3.42
95,4973,5.0,4.33
523,26903,4.5,4.05
199,2762,4.0,4.01
599,6305,2.5,4.04
68,355,3.0,2.61
437,454,2.0,3.64
580,8798,4.0,3.77
283,1120,3.0,3.61
219,50794,2.0,3.09
573,71535,4.5,3.93
495,8984,4.5,3.19
182,6217,4.5,0.0
432,2018,3.5,3.33
380,179401,4.0,3.21
233,109374,3.0,3.93
177,87430,2.5,2.38
184,175475,0.5,0.0
361,1587,1.0,3.22
220,2683,3.5,3.23
594,786,5.0,3.21
575,2572,2.0,3.63
21,165,3.5,3.86
359,1381,1.0,1.99
590,4896,3.5,3.86
235,153,3.0,2.94
474,27834,4.0,0.0
256,45668,3.5,3.42
68,69644,3.0,2.72
182,2872,3.5,3.92
211,3578,5.0,4.06
363,168252,4.0,4.54
610,47,5.0,4.33
294,1884,5.0,3.86
294,2950,2.0,2.5
274,6188,3.0,3.75
525,2100,4.0,3.25
129,3421,4.0,3.83
414,6974,4.0,3.03
177,1302,3.0,3.98
68,66097,3.0,4.2
64,2762,4.5,4.13
453,2580,5.0,3.97
603,3556,5.0,4.0
369,1101,2.5,3.16
19,2414,3.0,3.26
484,1089,4.0,4.28
500,2706,4.0,3.37
456,74,4.0,3.79
135,4396,3.0,3.19
567,4437,1.5,4.23
414,5267,4.0,3.56
178,2571,4.5,4.22
610,1054,2.0,0.0
599,1347,2.5,3.21
605,66240,3.5,0.0
37,349,4.0,3.7
376,587,4.0,3.44
261,2002,3.0,2.89
548,4776,5.0,3.74
232,53519,3.5,3.83
603,1964,4.0,4.55
332,4963,3.5,4.07
610,5296,2.5,3.18
477,4085,3.5,3.47
474,6768,4.0,0.0
580,36529,3.5,3.96
382,34048,4.5,3.33
249,3536,3.5,3.54
307,2296,1.5,2.15
199,1693,4.0,3.5
606,31973,3.5,0.0
476,468,3.0,3.4
23,5333,4.0,0.0
231,1270,4.0,4.01
221,7698,4.0,3.7
68,55282,4.0,3.2
420,3534,3.0,3.1
156,4232,3.0,3.07
477,60037,3.5,0.0
294,1285,3.0,4.0
339,108928,3.0,2.77
391,3355,2.0,3.13
477,3897,4.0,3.95
517,2012,4.5,3.56
66,2918,4.0,3.97
448,33794,3.5,4.19
438,3889,3.0,2.04
182,1396,2.5,3.46
550,59315,5.0,3.91
4,1580,3.0,3.57
368,3438,2.0,2.89
232,2804,3.5,4.09
42,418,3.0,0.0
136,255,1.0,3.73
477,364,4.0,4.14
608,4452,3.0,2.33
111,158813,2.5,1.98
351,5989,4.0,4.06
527,3359,4.0,4.22
153,106916,0.5,3.25
225,1994,4.0,3.46
226,3843,2.5,2.94
104,3746,3.0,0.0
66,1284,5.0,4.01
586,2393,4.0,2.89
243,48,4.0,3.29
428,648,2.5,3.63
414,69526,2.5,2.6
448,61352,3.5,3.81
221,2300,4.5,3.88
599,91653,2.5,0.0
18,4643,3.0,2.94
599,329,4.0,3.5
30,110,5.0,4.03
354,1393,3.5,3.65
365,71535,3.5,3.89
179,225,5.0,3.57
111,151739,4.0,2.39
414,4175,4.0,0.0
414,4774,3.0,1.91
212,69122,3.0,3.89
179,19,3.0,2.86
105,111,4.5,4.43
527,1350,4.0,3.78
599,1226,3.0,4.41
567,112175,2.5,4.04
331,1136,4.5,4.27
198,1625,2.0,3.73
305,6874,5.0,3.99
382,116887,3.5,0.0
28,6365,3.5,3.43
352,96610,3.5,3.71
182,6551,4.0,0.0
606,7934,4.0,4.32
377,2683,4.0,3.17
448,90746,3.5,4.09
525,8264,3.5,0.0
561,6378,2.0,3.85
50,140928,2.5,3.53
19,2936,4.0,3.68
68,4388,2.0,2.85
414,6560,2.0,0.0
387,5497,3.5,3.81
380,32011,3.0,2.42
606,7720,4.0,2.26
156,7008,5.0,4.38
247,91500,4.0,3.51
148,72998,4.0,3.66
414,3868,3.0,3.47
181,360,3.0,2.69
350,637,3.0,3.43
262,233,3.0,3.78
18,374,2.5,2.29
274,37733,4.0,4.14
435,68954,4.0,4.05
254,33154,4.0,4.04
580,2346,3.0,3.21
274,4270,3.5,3.29
448,87232,4.0,4.25
177,6958,2.5,2.27
512,32,5.0,3.98
249,86835,3.5,0.0
448,96530,2.5,0.0
584,236,4.0,3.5
91,1198,5.0,4.41
448,3841,3.0,4.08
326,27866,3.5,0.0
103,1921,4.5,4.13
599,1827,3.5,0.0
329,750,3.0,4.28
509,43836,3.5,3.19
297,1597,2.0,3.14
168,7256,5.0,3.83
369,150,3.0,3.82
41,7173,5.0,3.23
119,74458,4.0,4.25
414,5618,5.0,4.6
7,3623,1.0,2.69
64,2710,3.5,3.0
534,110553,3.0,2.81
474,2697,3.5,0.0
30,1196,5.0,4.23
541,610,3.0,3.53
488,7720,3.0,2.02
220,2294,2.5,3.32
593,1711,3.0,3.16
590,954,5.0,4.19
588,165,4.0,3.7
451,376,3.0,3.29
187,608,4.5,4.22
288,1713,3.0,3.29
560,112556,4.0,3.76
84,647,4.0,3.53
599,63082,3.5,4.41
294,2406,2.0,3.61
249,34162,4.0,3.82
412,1278,5.0,4.0
414,43396,3.0,0.0
266,1866,2.0,3.29
525,2161,3.5,3.72
182,4919,3.5,0.0
111,122918,4.0,3.91
191,223,5.0,3.93
101,3285,4.0,3.19
534,48,4.0,3.3
174,62,1.0,3.75
474,7698,3.5,3.39
236,1997,5.0,4.04
186,2529,5.0,3.82
599,3785,2.5,3.24
590,4701,2.5,3.45
184,74754,5.0,3.09
474,3102,3.5,3.93
191,581,5.0,3.82
590,2951,4.0,4.21
11,1840,4.0,2.55
24,49272,3.5,4.05
304,1385,5.0,2.99
480,4901,3.0,3.61
331,91529,4.0,4.21
117,19,2.0,2.86
606,27408,4.0,0.0
590,5218,4.0,3.9
509,5478,2.0,2.99
318,61394,4.0,0.0
590,969,4.5,4.15
381,1721,3.5,3.56
235,21,4.0,3.52
610,3948,4.0,3.92
64,858,5.0,4.51
608,7439,5.0,3.38
561,2410,3.5,2.91
235,648,3.0,3.61
599,3354,1.5,2.87
319,58559,5.0,4.2
50,48780,2.5,4.26
600,1271,4.0,3.56
4,162,5.0,4.07
610,4226,5.0,4.46
480,48142,4.0,3.52
555,3251,4.0,3.49
599,2505,1.5,3.34
414,733,3.0,4.2
238,3508,4.0,4.13
448,2542,4.0,4.36
318,72226,4.5,4.31
290,3741,4.0,4.13
414,3424,4.0,4.43
21,106487,4.0,3.62
426,8361,3.0,3.14
509,2291,3.5,3.74
603,2866,4.0,3.27
163,1608,4.0,3.37
380,5804,3.0,0.0
387,2542,3.0,4.25
153,100843,3.5,0.0
294,19,2.0,2.89
514,3740,4.0,3.87
434,4226,5.0,4.21
132,8961,3.0,3.89
368,3927,2.0,2.43
438,5414,3.5,3.13
45,1246,5.0,4.23
610,4720,4.0,4.08
509,84847,4.5,0.0
292,380,4.0,3.73
29,3681,4.0,4.24
275,3418,5.0,3.7
19,2407,2.0,3.25
234,3877,2.0,2.75
514,4439,3.5,0.0
427,5010,4.0,3.91
20,1021,2.0,2.42
350,719,3.0,3.02
298,3702,2.0,3.85
42,3100,5.0,4.1
610,2161,4.0,3.79
458,588,4.0,3.92
414,1833,2.0,3.68
21,78469,3.5,3.14
448,105121,1.0,0.0
318,1246,3.5,4.2
221,2908,4.5,3.55
606,2283,3.0,0.0
387,4546,4.0,4.07
240,253,5.0,3.57
346,307,3.5,3.91
91,5582,2.5,2.58
393,8665,5.0,3.93
570,1225,3.0,4.26
474,1198,4.0,4.53
573,48516,5.0,4.45
454,1208,3.0,4.21
410,593,3.0,4.21
596,7361,3.5,4.31
62,8961,4.5,4.03
514,1407,3.0,3.31
596,57669,5.0,4.23
160,1962,1.0,3.82
543,2959,5.0,4.28
91,4624,3.0,0.0
579,2724,4.0,2.67
111,161580,4.5,0.0
270,112,3.0,3.52
19,2953,3.0,2.76
484,2572,4.0,3.73
179,780,5.0,3.53
42,3,4.0,3.33
480,4022,4.5,3.94
135,1358,5.0,4.14
448,2797,4.0,3.95
381,4816,2.0,3.55
402,474,3.0,3.84
328,4878,1.0,4.12
68,160,2.5,3.07
490,64969,3.0,3.84
123,51540,4.0,3.77
28,6537,4.0,3.06
599,98124,3.5,4.63
512,350,3.0,3.39
599,368,2.5,3.92
262,339,2.0,3.56
184,112290,4.5,3.95
390,6344,3.5,0.0
414,104,4.0,3.93
414,42602,3.5,0.0
525,108932,3.5,4.03
286,6,4.5,3.94
597,1959,4.0,3.67
599,2395,5.0,3.75
352,106002,4.5,3.65
438,4085,4.0,3.46
10,912,4.0,4.32
599,90057,3.0,0.0
580,3070,2.0,3.38
135,1732,4.0,3.95
462,161127,3.5,0.0
184,89745,4.5,3.96
428,2539,2.0,3.16
373,266,4.0,3.35
80,4878,5.0,4.1
307,4571,3.0,3.84
125,58559,4.0,4.34
474,306,3.5,4.39
555,4007,3.0,4.13
184,106920,4.5,3.87
480,7448,2.5,0.0
232,65802,2.5,3.15
495,54503,5.0,4.09
45,3114,5.0,4.03
414,4571,4.0,4.39
42,1644,2.0,2.15
388,6550,3.5,2.76
509,3821,1.5,2.51
599,5568,2.5,3.36
318,6365,3.5,3.56
322,1056,2.5,0.0
339,48516,4.5,4.48
514,1717,2.5,3.21
74,46578,5.0,3.89
119,35836,4.0,3.66
248,10,3.5,3.46
68,2002,3.0,3.03
63,3285,2.0,3.22
414,3508,5.0,4.12
279,103341,2.0,3.71
166,457,3.5,4.1
239,2167,4.0,3.57
52,1196,4.0,4.24
306,134853,4.0,3.93
414,3066,4.0,3.74
446,235,3.0,3.66
57,2100,3.0,3.22
414,85414,4.0,3.83
437,640,2.0,2.94
606,382,2.5,3.68
522,3911,2.5,3.72
137,1260,3.0,3.78
42,2722,3.0,2.77
414,2271,3.0,0.0
414,5222,4.0,0.0
80,40583,4.0,3.64
19,1179,2.0,3.76
448,53322,3.0,3.97
594,1457,4.5,2.91
603,593,5.0,4.37
45,4638,3.0,3.11
249,185029,4.5,2.1
610,152081,4.0,4.67
7,1208,4.0,4.21
287,6711,5.0,4.17
119,49272,5.0,4.06
108,5445,5.0,3.72
318,442,4.0,3.2
311,1208,2.5,4.2
212,1210,3.5,4.23
290,647,4.0,3.52
376,913,4.0,4.13
517,4368,2.0,2.14
164,3527,5.0,3.59
104,539,4.0,3.57
115,3753,4.0,3.5
517,745,2.5,4.24
380,103228,4.0,4.32
249,91529,4.0,4.69
555,2791,2.0,4.12
325,904,5.0,4.36
305,71530,2.5,3.56
283,1704,5.0,4.07
274,76293,3.0,3.49
419,4816,4.0,3.46
202,574,3.0,0.0
380,60514,3.0,2.84
603,1247,5.0,4.17
119,4886,4.5,4.0
462,55820,3.0,4.02
4,937,3.0,0.0
474,3039,4.0,4.32
50,82848,3.5,0.0
583,1380,3.0,3.23
480,43871,3.0,2.85
298,592,3.5,3.64
135,3869,3.0,3.29
232,1387,3.5,4.18
412,1079,3.0,4.03
474,8979,4.0,0.0
140,5989,4.0,4.24
572,2671,4.0,3.44
594,2028,4.0,4.17
86,2411,3.5,2.77
448,376,3.0,3.64
339,53953,5.0,3.1
298,93443,2.0,3.76
489,2054,1.5,2.92
115,2694,2.0,3.28
240,366,4.0,3.07
608,53996,5.0,3.43
307,1330,1.0,1.26
488,3052,3.0,3.73
593,1073,2.5,3.93
305,648,4.0,3.68
608,3798,3.0,3.4
414,176423,4.0,0.0
200,2797,4.0,3.8
282,5299,4.0,3.13
63,2542,4.5,4.12
563,69606,3.5,2.14
317,56782,2.0,4.43
381,45517,4.0,3.36
562,2231,4.5,3.86
91,3768,1.5,0.0
387,26776,3.5,4.05
275,2797,5.0,3.89
68,2599,1.5,3.86
68,520,4.0,3.35
391,1748,5.0,3.79
368,1370,3.0,3.56
105,45722,4.0,3.6
587,913,3.0,4.1
415,33679,3.5,3.38
282,2571,5.0,4.3
387,56782,4.0,4.44
414,574,4.0,0.0
510,1466,2.0,3.82
215,912,4.5,4.33
82,3623,2.5,2.72
76,745,1.0,4.19
82,589,4.5,4.12
479,4092,2.0,0.0
105,215,4.0,3.91
104,53121,3.5,3.13
418,4848,3.0,3.89
474,3809,3.0,3.49
274,671,3.5,3.71
438,4890,2.5,3.03
573,588,4.5,4.07
73,59315,4.0,3.98
122,122882,5.0,3.89
36,548,3.0,3.34
182,5283,3.0,2.92
380,2412,3.0,1.79
385,1297,4.0,3.75
280,35836,3.5,3.66
298,48385,3.0,3.39
592,593,5.0,4.23
520,5378,2.0,3.37
166,1214,4.0,4.02
479,5316,3.0,3.26
288,2294,3.5,3.46
73,69122,3.0,3.89
377,80748,4.0,0.0
404,21,3.0,3.52
410,2065,5.0,3.74
89,3481,3.5,3.64
606,2442,4.0,3.57
28,41566,2.5,3.54
24,316,3.5,3.33
560,68237,4.0,4.12
489,60074,3.0,3.14
414,2730,4.0,4.12
391,29,5.0,4.08
438,6565,3.5,3.92
536,253,1.0,3.52
417,4306,5.0,3.91
420,1580,3.5,3.59
448,109317,2.5,0.0
428,4446,3.5,3.49
301,44191,2.5,3.91
420,2683,4.5,3.22
45,292,4.0,3.54
414,79695,2.0,3.45
586,2058,4.0,3.52
480,1391,2.0,3.32
489,2336,4.0,3.99
593,7153,4.5,4.15
594,317,4.0,3.29
275,3751,3.0,3.63
162,292,4.0,3.36
477,5902,4.0,4.07
78,6537,1.0,2.96
199,345,3.0,3.75
331,50,5.0,4.29
144,4993,4.5,4.2
64,8622,4.0,3.88
382,50003,3.0,0.0
503,2959,3.5,4.3
358,70687,1.0,0.0
594,2807,5.0,1.89
580,4310,3.5,2.76
45,333,4.0,3.87
187,97,3.0,4.33
177,52281,2.5,3.79
416,4306,0.5,3.88
604,186,3.0,3.06
160,924,5.0,3.97
477,5956,4.0,3.78
570,2640,3.0,3.79
111,42725,3.0,2.52
240,216,5.0,3.41
488,6807,4.5,3.99
66,3911,4.0,3.77
220,1580,5.0,3.68
131,778,4.0,4.13
596,125974,4.0,0.0
50,44555,3.5,4.14
298,85401,2.5,3.33
328,1375,3.5,3.26
61,6502,4.0,4.03
237,44195,4.0,4.05
590,2406,3.5,3.68
249,58293,3.0,2.77
339,111759,3.5,4.27
606,39231,3.5,0.0
318,44761,3.5,3.77
332,1204,4.5,4.32
274,45517,3.5,3.3
608,333,4.0,3.95
599,2060,2.5,3.26
254,4886,4.0,3.98
64,1690,3.0,3.07
445,1244,3.5,4.04
577,541,3.0,4.11
462,7786,3.5,0.0
68,2355,3.0,3.96
281,783,2.5,3.36
171,1104,5.0,4.52
200,6541,2.5,2.79
368,2561,2.0,0.0
560,64969,2.5,3.94
457,2628,3.0,3.21
274,1298,3.5,4.07
212,72226,4.5,4.23
132,1206,3.5,4.17
232,6951,3.0,2.72
448,87869,3.0,3.84
526,3967,5.0,3.79
276,356,5.0,4.19
310,6503,0.5,2.58
24,3578,4.0,4.07
380,1333,4.0,4.06
474,3755,2.5,3.27
140,3093,3.5,0.0
212,8957,2.5,3.46
425,3994,3.0,3.69
590,3785,1.5,3.04
469,2081,4.0,3.47
110,1193,4.0,4.19
596,82459,3.0,4.08
153,6863,2.0,3.5
603,605,3.0,3.3
218,5952,4.0,4.0
132,5377,3.5,3.86
182,6969,4.5,0.0
599,4175,2.5,0.0
51,2033,4.5,3.38
610,7163,1.5,3.41
74,50068,3.5,3.85
326,86504,5.0,3.8
603,2991,3.0,3.94
58,555,3.0,3.81
534,1097,4.0,3.84
91,5308,1.5,2.84
368,548,2.0,3.45
567,5378,0.5,3.37
122,81537,4.5,2.97
66,7361,4.5,4.34
202,3062,4.0,4.21
599,1480,2.5,3.56
89,144222,3.0,0.0
605,661,1.0,3.45
45,589,5.0,4.18
387,902,2.5,4.11
592,318,4.0,4.51
420,1175,4.0,3.96
600,32291,3.5,0.0
169,4306,5.0,3.98
557,4896,4.5,3.78
525,56152,3.5,3.7
428,5128,2.5,2.28
219,858,4.5,4.47
19,2640,3.0,3.86
603,1320,4.0,3.32
469,3421,3.0,3.87
140,597,5.0,3.66
294,673,4.0,3.02
125,160080,3.5,3.1
253,4642,4.5,4.01
599,6003,3.0,3.66
332,3671,3.0,3.92
599,7701,2.0,0.0
284,256,3.0,2.96
74,3307,5.0,3.83
408,114795,4.0,3.23
202,1290,3.0,3.69
393,2571,5.0,4.26
599,64285,2.5,4.12
202,1227,3.0,4.28
438,3354,3.5,2.87
599,1722,2.5,3.32
483,109941,3.0,0.0
6,593,4.0,4.28
526,4973,4.5,4.3
608,4019,3.5,3.81
318,73266,4.5,0.0
103,5618,4.0,4.18
469,1370,2.0,3.55
22,31410,1.0,4.04
474,5418,3.5,4.13
393,778,0.5,4.14
28,714,3.5,4.08
380,3633,4.0,3.51
288,3361,3.5,4.08
19,1888,2.0,3.13
489,150,3.5,3.92
511,1653,4.0,4.0
28,1645,2.5,3.4
483,49272,3.0,4.21
331,6754,3.0,3.54
226,4015,1.0,3.04
590,2762,3.5,4.12
106,59501,3.5,3.52
21,119141,0.5,3.66
182,4275,2.0,3.45
503,481,4.0,3.21
219,1556,1.0,1.77
216,3067,3.0,4.13
4,492,5.0,4.0
21,3253,4.0,3.56
359,1704,4.5,4.11
116,780,2.5,3.52
274,6874,5.0,3.92
86,1680,4.5,3.38
592,177,1.0,3.15
608,4034,4.5,4.2
249,4007,4.5,4.08
474,1225,4.5,4.56
125,78349,3.5,4.13
453,4233,3.0,1.04
287,1639,2.0,3.7
448,94780,2.0,3.59
448,6348,2.0,0.0
331,7373,2.0,3.47
434,2028,5.0,4.25
41,128360,4.0,3.87
47,49530,3.0,3.86
6,1042,3.0,3.45
249,32029,3.5,2.93
560,1199,4.0,4.27
458,110,5.0,4.03
606,5530,3.5,1.58
309,902,4.0,3.92
541,364,3.0,3.98
68,54286,4.0,4.04
448,105755,1.5,0.0
38,329,3.0,3.42
409,3836,5.0,4.08
352,55820,3.0,4.0
279,69640,3.0,2.86
217,809,2.0,2.84
83,8873,2.5,3.75
89,83910,2.5,0.0
26,593,4.0,4.2
541,589,3.0,4.04
279,1370,3.0,3.51
41,380,0.5,3.59
149,1240,4.0,3.88
600,282,2.5,3.53
606,920,4.0,3.78
274,3511,4.0,0.0
448,2139,3.0,3.76
191,339,1.0,3.59
597,903,3.0,4.09
354,39414,3.0,2.82
115,1580,4.0,3.62
438,5401,3.5,1.77
607,150,5.0,3.88
219,5418,4.5,3.99
554,2746,4.0,3.36
100,1091,4.5,2.55
537,6539,5.0,3.85
139,66934,3.5,3.97
380,112911,2.0,2.75
448,2291,3.0,3.87
401,4886,3.5,3.93
91,2268,3.0,3.96
452,1527,4.0,3.73
51,781,4.0,3.52
274,858,3.5,4.51
328,72641,1.5,3.72
610,589,5.0,4.3
480,45440,3.0,3.45
280,585,2.5,2.82
80,51935,4.5,4.03
590,2202,4.0,4.81
352,1702,2.0,3.12
84,381,4.0,3.92
523,106782,5.0,4.06
483,2003,3.0,3.45
18,51662,3.5,3.8
93,2359,4.0,3.5
231,1704,2.0,4.07
115,3752,4.0,3.08
370,2116,1.5,3.17
599,233,3.0,3.91
546,2529,3.0,3.75
600,1614,3.0,2.91
387,6793,1.0,2.16
477,673,0.5,3.15
298,7373,4.0,3.57
141,81834,3.5,4.1
599,1080,4.5,4.17
325,4927,3.0,0.0
33,838,5.0,3.8
202,1378,3.0,3.15
365,96964,1.5,0.0
570,1527,4.0,3.71
334,7147,4.0,3.87
215,2478,2.5,3.17
182,3897,4.0,3.97
135,1379,4.0,3.26
24,119145,4.0,4.0
168,3543,4.5,3.84
140,852,4.0,3.24
182,1095,4.0,3.53
414,7348,3.5,0.0
104,1833,2.5,3.09
232,70286,3.5,4.13
274,2335,3.0,3.08
465,1240,4.0,3.89
553,5015,3.5,3.08
509,74789,2.5,3.24
68,3421,3.0,3.99
337,707,3.0,2.99
292,608,2.0,4.21
232,8798,4.5,3.81
202,3269,4.0,2.9
603,3365,5.0,0.0
325,1387,5.0,4.16
140,1396,3.0,3.45
274,51091,4.0,0.0
239,48516,4.5,4.41
240,374,3.0,2.37
605,5481,3.0,2.91
414,2139,4.0,3.99
495,6383,3.0,2.79
292,3893,2.0,3.41
199,47,3.0,4.09
19,1968,2.0,3.87
51,2137,3.0,3.81
356,3831,4.5,3.84
596,99149,3.5,3.93
448,94959,3.5,4.46
506,109487,5.0,3.84
381,53125,4.0,3.71
541,442,3.0,3.05
266,2791,1.0,3.96
89,4979,1.5,3.73
365,91323,3.5,2.88
62,41566,4.0,3.56
91,231,3.0,3.22
606,4381,3.5,3.06
23,272,4.0,3.62
274,60941,3.0,3.07
45,2396,4.0,3.95
135,1220,4.0,3.88
84,321,4.0,0.0
249,85056,3.5,3.33
357,357,4.0,3.62
555,2335,4.0,3.12
425,1968,3.5,3.83
451,733,3.0,3.7
573,30749,3.5,4.07
474,2671,3.5,3.81
474,5279,3.5,0.0
391,5349,3.0,3.54
387,7115,2.5,3.57
603,2572,3.0,3.72
436,597,3.0,3.58
455,590,4.0,3.82
89,104339,3.5,0.0
474,2611,3.0,0.0
460,3578,5.0,4.05
600,2804,3.0,4.15
177,922,5.0,4.54
387,1193,4.0,4.47
232,1073,4.0,4.01
567,74791,3.5,0.0
34,1580,2.5,3.62
603,2706,2.0,3.45
414,529,4.0,4.25
101,2599,5.0,3.6
177,66097,4.0,4.1
201,1562,2.0,2.08
172,1270,4.0,4.0
140,2764,4.0,3.83
567,1210,1.5,4.2
599,27397,3.0,5.12
138,2002,3.0,2.88
1,3703,5.0,3.93
339,69844,2.5,4.03
570,1206,3.5,4.17
365,116797,3.0,4.16
556,54001,4.0,3.87
288,2321,2.0,3.65
380,45186,5.0,4.03
28,1201,4.0,4.35
391,2628,1.0,3.26
608,6796,3.5,4.02
47,8533,3.5,3.65
457,2692,4.0,3.95
274,2459,3.5,3.32
365,108156,3.0,3.06
489,4027,2.5,3.88
217,1254,3.0,3.99
485,380,5.0,3.58
599,2501,2.5,4.12
474,8019,4.0,0.0
570,1917,3.0,2.99
453,2359,4.0,3.56
414,1459,3.0,3.34
113,2067,5.0,4.09
153,87194,3.5,0.0
183,377,5.0,3.58
474,1960,4.0,3.98
480,1275,3.0,4.17
517,491,1.0,3.46
474,4016,3.0,3.99
290,36,4.0,3.88
249,6863,3.0,3.71
186,1198,5.0,4.33
292,440,3.5,3.68
571,1977,3.0,2.51
601,122918,4.0,3.81
217,10,4.0,3.7
517,3606,3.0,4.03
307,4876,2.0,2.36
210,435,1.5,2.4
323,112852,4.0,4.09
149,1375,2.0,3.22
122,4027,5.0,3.88
610,39446,2.5,3.41
599,173873,2.0,0.0
552,3409,0.5,2.98
599,5266,2.5,3.32
200,3948,4.5,3.66
91,2871,4.0,3.88
125,7254,5.0,3.71
342,3203,3.0,2.98
483,92259,4.5,4.61
428,494,2.0,3.5
357,1073,3.5,4.04
167,34405,5.0,4.05
305,1210,5.0,4.38
103,80463,4.0,3.91
438,1513,1.5,3.28
582,96079,4.5,3.83
590,7569,3.0,3.95
600,2800,2.5,0.0
232,7379,3.5,3.48
299,1994,4.0,3.46
381,4720,4.5,3.76
448,33830,2.0,3.71
490,4896,3.0,3.79
68,6934,3.5,3.42
305,122904,5.0,4.45
290,905,5.0,4.58
351,1717,2.0,3.12
316,353,3.0,3.49
230,2321,4.0,3.5
581,48394,3.0,3.81
232,66097,3.0,4.06
368,161,4.0,3.86
561,111781,3.0,3.77
235,11,4.0,3.74
600,736,2.5,3.53
287,3034,1.0,3.63
495,52319,4.5,3.19
414,7376,3.5,3.2
131,5782,4.0,3.87
64,1250,5.0,4.17
216,2361,3.0,2.6
177,3114,3.5,4.05
148,122882,4.0,3.8
104,938,3.0,3.31
68,1500,2.5,3.87
474,5902,3.5,4.25
28,110,3.5,4.18
217,371,4.0,3.26
434,1090,5.0,4.11
489,54999,3.5,3.7
88,1884,5.0,3.86
600,231,3.5,3.18
33,2333,4.0,4.18
97,3555,4.0,3.45
422,1,4.0,3.94
307,34534,3.5,3.54
600,6584,2.5,3.55
274,10,4.0,3.81
325,1358,5.0,4.13
483,435,2.5,2.54
94,150,4.0,3.84
222,1089,4.0,4.31
410,1235,5.0,4.25
249,84374,3.5,3.47
298,1198,4.5,4.45
19,2118,2.0,3.96
477,31696,4.0,3.65
267,919,5.0,3.89
419,356,4.5,4.23
592,610,4.0,3.55
68,7151,3.0,3.68
19,587,3.0,3.56
365,4643,2.5,2.82
387,8270,3.5,0.0
465,1683,4.0,4.9
474,3770,3.0,2.99
240,248,5.0,3.03
62,344,3.0,3.02
332,912,4.5,4.35
420,1721,4.0,3.43
47,51931,5.0,3.75
288,3506,3.0,2.98
156,2406,4.0,3.58
332,50,4.0,4.35
288,2871,4.0,3.97
272,68358,4.0,3.96
380,1682,4.0,4.25
104,1777,3.5,3.57
387,46578,3.5,4.1
599,1407,2.5,3.39
474,4558,2.0,2.41
309,7303,4.0,4.16
222,103235,3.0,4.06
45,1517,5.0,3.71
607,1625,5.0,3.69
249,3702,3.0,4.02
20,6333,4.0,3.75
240,520,3.0,3.11
199,1339,4.0,3.42
140,5952,4.0,4.17
292,2694,2.0,3.32
484,1580,3.5,3.62
560,60684,4.5,4.04
307,595,3.0,3.94
438,7444,3.0,3.26
610,26159,4.0,0.0
562,49286,3.5,2.96
603,1387,4.0,4.16
536,165,2.0,3.68
391,70,1.0,3.66
18,466,2.5,3.03
19,3837,1.0,3.39
483,3052,4.0,3.83
217,2528,3.0,3.5
45,172,3.0,2.71
105,100553,4.5,0.0
525,588,3.5,4.15
122,1213,5.0,4.38
318,1208,4.0,4.36
599,3160,5.0,3.7
105,107410,4.0,0.0
338,190219,1.0,0.0
515,116797,5.0,4.06
294,432,1.0,2.58
444,527,5.0,4.23
177,123545,3.0,0.0
90,52,5.0,3.54
469,3082,2.0,3.37
334,5378,3.0,3.36
381,48982,3.5,3.56
599,325,1.5,2.77
586,120635,5.0,3.21
528,1036,5.0,3.86
103,86014,3.5,0.0
357,1923,4.0,3.81
288,2012,3.5,3.76
83,364,3.5,3.97
382,1214,5.0,4.0
493,2019,4.0,4.16
122,57528,4.0,3.34
483,7007,4.0,3.33
221,5382,3.0,2.96
381,783,4.0,3.43
606,4921,4.0,3.69
352,59315,3.0,3.99
290,2394,4.0,3.39
490,2959,3.5,4.29
20,2096,4.0,3.42
380,37731,3.0,4.1
68,2193,0.5,3.61
63,5378,2.5,3.4
232,4019,3.5,3.81
610,4701,3.0,3.67
309,1946,4.0,0.0
509,40339,1.5,2.55
144,1214,3.0,4.0
23,6874,3.0,3.94
448,3262,3.0,3.5
570,527,4.5,4.33
414,694,3.0,2.64
469,3529,3.0,4.32
549,48516,5.0,4.27
217,2194,4.0,4.03
219,2321,4.5,3.64
135,1573,4.0,3.57
263,4014,4.0,3.64
23,2730,2.0,4.02
129,1907,4.5,3.72
307,54785,3.5,0.0
292,318,5.0,4.54
510,3608,4.0,2.78
546,1971,4.0,2.19
387,471,3.0,3.79
298,7367,0.5,2.5
489,2541,2.0,3.3
448,69453,1.0,0.0
414,1339,4.0,3.32
119,318,4.5,4.52
298,6534,2.5,2.82
438,5879,2.0,1.39
86,33794,4.0,3.84
323,327,3.0,2.94
169,39,3.5,3.38
153,106100,4.0,3.81
380,33085,3.0,2.47
14,318,3.0,4.5
599,3328,3.0,4.25
249,161131,4.0,3.6
34,8957,2.0,3.41
517,59501,4.0,3.61
375,1476,3.0,3.63
474,1233,3.5,4.63
215,2028,3.0,4.15
474,4014,3.0,3.78
368,257,3.0,3.65
414,4054,3.0,3.32
352,1835,3.0,3.45
234,3398,3.0,3.44
274,3018,3.5,3.32
292,1848,3.0,3.39
517,594,3.5,3.68
266,2194,5.0,3.93
575,2587,2.0,3.5
385,1013,3.0,3.37
603,2278,1.0,3.85
551,168252,3.0,4.58
477,54004,4.0,3.41
232,45208,2.5,0.0
474,1945,4.0,4.23
28,1080,3.5,4.09
538,3552,4.0,3.79
594,5308,5.0,2.87
227,260,3.5,4.25
160,2700,1.5,4.05
307,2908,1.0,3.59
28,60647,2.5,0.0
575,2560,3.0,3.11
232,356,4.0,4.43
610,61692,3.0,0.0
105,5617,4.0,4.04
41,139385,4.0,3.89
492,1042,5.0,3.37
91,3113,3.5,2.71
597,2411,2.0,2.9
292,8665,4.5,4.02
122,134368,3.5,3.97
177,1298,2.0,3.97
500,720,4.0,4.24
323,115617,3.5,4.05
610,57504,4.5,4.72
599,170,3.0,3.55
41,4816,5.0,3.5
153,2572,1.0,3.63
610,82461,3.5,3.15
305,1240,3.5,4.01
605,6593,2.5,3.16
45,2311,4.0,3.71
448,103042,2.5,3.81
288,3937,3.0,2.95
421,2114,3.5,3.45
265,3035,4.0,3.71
318,95558,3.0,3.64
483,1080,5.0,4.13
144,3114,3.0,3.9
610,99030,4.0,0.0
217,3263,2.0,3.22
474,5481,2.0,3.24
449,527,4.0,4.24
571,1329,2.0,0.0
129,4886,4.0,3.96
438,4370,3.0,3.44
28,36529,4.0,3.94
364,832,5.0,3.28
18,73499,3.5,0.0
105,7438,4.0,4.1
116,1247,2.0,4.07
590,6874,4.0,3.92
182,161,3.0,3.89
140,23,3.0,2.83
555,2264,3.0,0.0
491,91077,4.0,3.89
483,2115,4.0,3.78
29,48774,4.5,4.12
177,112556,4.0,3.81
390,2291,5.0,3.69
453,5377,4.0,3.84
610,93838,5.0,4.68
274,46578,4.0,4.04
136,315,3.0,3.26
201,1909,5.0,3.45
377,8641,4.5,3.65
474,3408,4.0,3.79
367,3646,4.0,1.93
19,3264,3.0,2.61
274,1235,4.5,4.31
104,41566,4.5,3.53
255,3929,2.0,0.0
325,1653,4.0,4.03
226,6523,3.0,0.0
455,592,3.0,3.53
380,135569,4.0,3.74
603,206,4.0,0.0
600,2313,4.0,4.15
19,1394,3.0,4.28
91,186,2.0,3.2
414,308,4.0,4.27
414,3999,2.0,3.2
39,364,4.0,3.97
325,4848,4.0,3.9
91,47,4.5,4.19
216,2208,4.0,3.92
559,173,3.0,2.59
597,1701,5.0,3.75
125,1084,4.5,4.12
234,427,3.0,1.89
18,5956,4.0,3.82
425,6934,4.0,3.23
525,39,4.5,3.43
105,94677,4.0,4.16
298,117529,3.0,3.55
599,47423,3.0,4.14
599,53143,2.0,0.0
288,4042,3.0,3.37
230,6377,4.5,4.05
240,276,5.0,3.36
606,51037,3.0,2.86
564,85414,3.5,3.67
313,1270,2.0,4.09
19,2672,3.0,2.96
52,54286,5.0,3.73
186,1035,5.0,4.13
182,5956,4.0,3.85
105,77561,3.5,3.92
543,135,5.0,3.0
184,136864,2.0,2.36
307,5443,1.0,0.0
491,54272,4.0,3.59
3,5048,0.5,0.0
35,342,4.0,3.18
42,912,5.0,4.33
232,1961,4.0,4.07
220,3793,5.0,3.75
380,332,3.0,2.69
226,5247,4.0,2.37
514,3868,4.0,3.4
195,3053,3.0,4.12
320,6857,3.5,3.63
217,516,2.0,3.37
606,34405,2.5,3.99
274,1474,2.5,2.6
477,69122,4.5,3.94
599,7587,3.0,4.28
232,58627,3.5,0.0
200,2805,4.0,2.97
504,5945,3.0,3.42
608,3717,3.5,3.58
480,2763,3.0,3.79
111,45722,3.0,3.66
477,1726,0.5,3.6
480,260,4.5,4.36
480,37739,2.5,0.0
47,97921,3.5,3.9
195,318,5.0,4.54
603,2620,3.0,0.0
140,6893,5.0,3.81
594,253,0.5,3.56
600,4676,3.5,1.64
414,6223,2.5,0.0
4,2921,4.0,4.29
387,8507,3.0,3.13
368,3219,3.0,3.38
219,5679,2.5,3.42
409,2762,2.0,3.95
227,56367,4.5,3.82
414,6620,4.5,4.31
580,3147,3.0,4.23
564,96079,3.0,3.81
354,4447,3.5,3.19
403,7361,4.5,4.25
357,318,4.0,4.6
599,96432,3.0,0.0
603,4708,4.0,0.0
22,1953,4.5,3.92
100,356,4.0,4.24
432,59315,4.5,3.98
351,1735,4.0,3.07
57,2150,4.0,3.86
307,6707,1.0,3.15
600,3243,3.0,2.7
221,8464,4.5,3.47
83,924,5.0,3.92
140,7263,4.0,3.43
586,130520,4.5,2.84
167,3793,5.0,3.69
166,293,4.5,4.12
249,110102,4.5,4.38
373,353,3.0,3.49
358,36525,4.0,2.96
57,2311,4.0,3.82
226,441,4.5,4.01
599,3835,1.5,2.41
21,40815,4.0,3.94
474,2872,4.0,3.98
10,74450,3.0,0.0
593,6776,4.0,4.25
380,5502,3.0,3.44
489,509,3.5,3.7
488,1288,3.0,4.06
288,1032,4.0,3.47
414,1220,5.0,4.26
573,68319,2.0,3.04
334,1625,3.0,3.71
511,56757,3.5,3.8
6,762,1.0,2.61
282,4306,4.5,3.96
414,159,2.0,2.86
186,1204,4.0,4.29
91,592,5.0,3.66
368,1198,4.0,4.33
66,637,3.0,3.6
187,741,4.0,4.14
525,8983,4.5,3.46
298,122900,3.0,3.89
132,8360,3.0,3.64
105,47099,4.5,4.02
590,673,3.0,3.18
321,161,3.0,3.77
590,4011,4.0,4.36
101,2433,3.0,3.41
602,252,3.0,3.61
474,1950,3.5,4.54
232,50872,4.0,4.32
600,4677,2.5,2.82
288,8784,2.5,3.96
68,6618,3.0,4.33
387,37733,4.0,3.83
40,590,4.0,3.83
610,6333,4.0,4.21
591,2995,1.0,2.75
272,1527,4.0,3.7
103,79134,3.5,3.46
522,329,4.5,3.43
351,6223,4.0,0.0
411,158,3.0,2.98
182,3510,2.5,3.76
132,4874,4.5,3.66
156,1222,4.5,4.21
399,2959,3.0,4.27
326,44555,4.5,4.16
610,2879,4.0,3.6
263,296,3.0,4.27
448,3264,1.5,2.7
551,106782,4.0,4.1
64,1193,5.0,4.39
105,1208,5.0,4.37
84,1214,3.0,4.03
103,1089,4.5,4.4
480,5254,2.0,3.45
165,5959,3.0,3.43
487,6539,2.5,3.85
436,500,4.0,3.49
599,4006,2.5,3.74
309,8228,4.0,3.62
31,1270,4.0,4.03
68,2111,3.5,3.15
352,2231,4.0,3.86
100,1101,5.0,3.18
483,2683,3.5,3.29
115,780,2.0,3.52
542,5299,5.0,3.09
141,2571,3.5,4.28
73,71535,5.0,3.89
105,33615,4.0,3.58
510,50,4.0,4.24
213,2115,3.5,3.62
1,2018,5.0,3.34
232,40962,2.5,3.47
191,235,5.0,3.65
68,1291,5.0,4.44
405,1625,4.0,3.71
2,8798,3.5,3.65
608,6764,3.5,3.52
45,2694,5.0,3.35
414,178061,4.0,0.0
445,5971,2.0,3.97
132,520,1.5,3.07
149,1253,5.0,3.89
608,2,2.0,3.71
232,39292,3.0,3.73
599,53161,3.0,0.0
480,44840,3.0,2.93
305,4239,3.5,4.1
368,3758,3.0,0.0
221,1201,4.0,4.36
551,60069,4.5,4.14
342,2724,3.0,2.68
599,4027,3.5,4.05
503,2877,4.0,0.0
201,1968,5.0,3.8
63,73017,4.0,4.05
414,5377,5.0,4.22
438,3512,3.0,3.74
404,593,4.0,4.22
339,82378,5.0,0.0
474,1079,4.5,4.55
62,103341,4.0,3.72
452,1206,5.0,4.18
326,6953,4.0,3.32
274,1272,3.5,4.44
307,8169,3.0,3.46
51,317,3.5,3.27
63,3552,2.0,3.86
177,53464,3.0,2.57
177,1094,3.0,3.66
555,2900,3.0,0.0
495,97921,5.0,3.97
323,203,3.0,3.66
288,2152,2.0,0.0
489,1097,4.0,3.91
177,91542,4.0,3.89
373,338,3.0,2.79
496,720,1.0,4.22
307,6316,2.0,0.0
125,71530,2.0,3.48
139,61240,3.0,4.0
555,2804,5.0,4.15
600,953,2.0,4.34
78,68358,4.0,3.95
4,1597,1.0,3.16
606,4902,2.5,2.54
221,1258,5.0,4.22
301,1784,4.5,3.82
19,1676,2.0,3.46
414,1095,4.0,3.51
414,170705,5.0,4.52
381,1777,4.5,3.66
560,2628,4.0,3.34
414,39231,3.5,0.0
313,1127,3.0,3.54
346,714,3.5,4.07
590,72011,4.0,3.67
305,47099,5.0,3.99
249,6155,3.0,3.47
292,3033,2.0,3.45
317,133115,4.0,0.0
350,785,4.0,3.5
219,2273,3.5,3.64
183,2947,4.0,3.91
337,653,4.0,3.11
273,783,4.0,3.38
217,533,2.0,3.26
334,4896,3.5,3.81
608,5254,4.5,3.43
380,99813,5.0,4.32
593,912,5.0,4.35
467,41,4.0,3.57
41,1259,5.0,3.99
487,5952,4.0,4.03
414,1257,5.0,4.38
274,2683,4.0,3.32
603,149,2.0,0.0
182,1210,2.5,4.39
3,3703,5.0,3.88
307,466,1.0,3.09
606,2156,4.0,0.0
610,4030,2.0,1.74
387,2142,3.0,2.28
156,2080,1.0,3.56
105,5903,4.0,4.18
346,454,2.0,3.61
226,2134,4.0,3.16
414,167570,4.0,0.0
528,42009,1.0,2.28
373,337,5.0,3.88
395,296,3.0,4.22
98,67408,2.0,3.57
232,5458,2.5,0.0
346,1225,4.0,4.25
587,2731,4.0,3.92
330,5378,4.0,3.39
608,594,2.5,3.67
369,2863,2.5,3.45
599,3396,3.5,3.84
42,2369,2.0,2.64
587,3388,3.0,2.42
182,5010,2.0,4.09
292,2571,4.0,4.36
606,2269,3.5,2.76
606,3168,4.0,3.94
448,4267,3.0,3.4
68,2671,3.0,3.94
568,1103,5.0,3.95
68,70492,3.5,0.0
598,124851,5.0,0.0
19,1456,2.0,0.0
292,3988,3.0,3.16
330,904,3.5,4.35
414,2412,2.0,1.68
99,266,4.0,3.36
111,155509,4.5,0.0
298,5220,0.5,2.66
52,51662,5.0,3.71
608,833,0.5,3.01
599,1544,2.5,2.94
68,1562,3.5,2.3
75,6870,1.0,3.75
232,79428,3.0,3.64
135,1036,5.0,3.95
312,1573,3.0,3.54
184,109487,5.0,3.94
589,193,3.0,2.51
256,5459,3.5,2.96
483,106918,4.5,4.3
274,3409,3.5,3.44
414,4777,2.5,0.0
167,8636,4.0,3.86
249,1884,4.0,4.17
103,6874,4.5,3.96
477,1527,4.0,3.74
610,90866,3.5,3.89
19,2491,4.0,3.13
466,47099,5.0,3.79
525,3969,2.5,3.58
58,520,3.0,3.05
222,94777,3.0,3.56
41,115713,0.5,4.11
477,2064,4.0,3.87
146,35836,3.0,3.62
610,142488,3.5,4.93
368,2322,3.0,3.04
489,48877,0.5,3.11
332,2858,4.5,4.13
160,2532,1.0,3.04
8,527,5.0,4.24
105,59369,3.5,3.75
125,149902,2.0,0.0
68,5679,2.5,3.56
108,5011,4.0,0.0
58,225,3.0,3.6
555,804,4.0,3.4
593,1197,1.5,4.3
300,2858,5.0,4.07
18,1517,2.5,3.69
232,5872,3.0,3.18
221,1212,5.0,4.21
298,54281,3.0,3.69
292,434,3.0,3.17
177,2096,4.0,3.53
561,32587,3.0,4.07
610,89028,3.5,0.0
367,4270,4.0,2.97
586,3081,4.0,3.54
462,4211,4.5,0.0
474,8711,3.0,0.0
608,4025,2.5,3.33
199,1597,3.0,3.18
573,1407,4.5,3.31
318,1917,3.5,3.05
274,4148,3.0,2.95
387,3258,1.5,3.41
125,1285,3.5,3.98
129,588,3.5,3.96
207,2384,0.5,2.74
475,1527,5.0,3.72
103,59784,3.0,3.61
599,5136,1.5,0.0
414,3198,4.0,3.93
140,5015,4.0,3.09
219,60072,3.0,3.18
447,420,3.0,2.89
177,8609,3.0,0.0
428,4571,3.0,3.64
8,11,4.0,3.73
600,1307,2.5,4.04
194,1252,3.5,4.28
477,1367,3.0,3.25
45,380,4.0,3.77
438,5418,4.5,4.0
600,4232,3.5,3.09
217,1967,2.0,4.0
509,6662,3.5,3.57
584,589,5.0,4.03
76,1884,3.5,3.87
222,60950,2.5,2.95
284,480,5.0,3.77
76,318,3.0,4.51
298,140174,2.0,3.99
59,1610,4.0,3.84
182,2765,3.5,0.0
453,2700,5.0,4.05
403,2427,4.5,3.23
22,4226,3.0,4.13
170,480,3.0,3.75
448,105504,4.5,4.63
51,2470,4.0,3.25
448,112788,1.5,2.71
608,2094,3.0,3.32
462,31878,4.0,3.63
253,2155,4.0,3.49
608,8798,4.0,3.87
398,2455,3.0,3.44
274,5459,3.0,3.21
18,38061,4.0,4.33
600,2005,4.5,3.8
610,296,5.0,4.39
5,357,2.0,3.55
305,86644,4.0,3.88
182,370,0.5,3.38
380,135536,3.0,3.0
597,2289,5.0,4.18
474,2139,4.0,3.82
288,1064,2.0,3.58
91,593,4.5,4.42
516,480,4.0,3.74
263,380,4.0,3.64
232,49793,3.5,0.0
372,358,2.0,2.7
608,317,3.0,3.43
80,648,4.5,3.62
199,2770,3.0,2.89
369,8665,4.0,3.88
68,69784,4.0,3.38
345,1093,3.0,3.58
274,8225,4.0,0.0
474,1077,3.5,4.24
74,3863,3.0,2.96
290,2936,4.0,3.86
209,57669,4.5,4.08
18,293,4.5,4.19
505,4226,5.0,4.09
51,3107,5.0,3.33
474,6305,4.5,4.14
212,3949,3.5,3.93
527,480,5.0,3.79
380,1499,2.0,1.49
39,3362,5.0,3.92
414,1831,1.0,2.8
608,5507,3.5,2.7
577,2410,3.0,2.8
87,3504,4.5,3.87
608,2606,2.0,2.66
599,4639,2.0,2.73
282,1194,2.0,3.6
436,593,3.0,4.22
428,5219,3.0,3.22
97,1961,2.0,3.87
177,68157,3.5,4.47
221,2301,4.5,3.77
590,1955,4.0,4.42
572,1234,5.0,4.08
391,6,4.0,4.01
307,1784,3.0,3.98
282,2194,4.5,3.96
139,8865,1.5,2.9
156,1211,3.0,3.9
65,4993,3.5,4.16
199,1610,5.0,3.89
274,55577,2.5,3.64
226,3039,4.0,3.98
119,8622,3.5,3.78
603,2571,5.0,4.34
104,54001,4.0,3.92
603,924,5.0,4.01
437,17,4.0,3.74
265,1203,4.0,4.07
91,384,3.5,0.0
606,3101,3.5,3.34
599,4903,2.5,3.47
469,3445,4.0,3.22
254,4011,4.5,4.19
123,55765,4.0,3.87
232,48,2.5,3.23
182,2321,4.5,3.71
555,2054,3.0,2.94
67,4886,4.5,3.91
68,1690,2.5,3.22
5,534,3.0,3.69
520,1425,3.5,0.0
414,1267,4.0,4.63
376,349,4.0,3.76
274,68358,4.0,4.42
426,6377,5.0,4.02
249,5254,3.5,3.68
15,296,4.0,4.27
288,2786,1.0,0.0
140,4310,4.0,2.89
171,163,5.0,3.61
448,2701,3.0,2.73
580,3275,4.5,4.26
380,33004,4.0,3.63
346,2076,3.5,4.1
274,79008,4.0,0.0
608,663,3.0,3.22
282,59315,3.5,3.92
596,3438,3.0,2.93
249,3968,3.5,3.49
219,2,2.5,3.64
144,1407,4.0,3.31
64,553,4.0,4.06
27,3791,3.0,3.28
68,5313,4.0,2.46
225,2915,4.0,3.52
419,60756,4.5,3.54
274,1370,3.5,3.86
139,33615,2.5,3.46
76,1201,1.5,4.26
372,1394,3.0,4.25
448,8961,4.5,4.26
308,3578,1.0,4.04
75,4369,2.5,3.15
41,67255,4.0,4.04
177,2059,3.5,3.02
437,493,4.0,3.63
426,4886,5.0,3.93
24,253,3.5,3.57
560,4011,4.0,4.34
156,3503,5.0,3.66
551,1210,3.5,4.2
328,37729,2.0,3.61
64,2085,3.0,3.44
64,2470,3.0,3.26
387,4278,3.5,0.0
584,293,3.0,4.07
610,51662,4.0,4.06
447,225,4.0,3.61
377,1032,4.0,3.29
152,64839,4.5,3.74
474,2083,3.0,4.22
110,296,4.5,4.27
414,2893,3.0,0.0
301,2291,4.0,3.68
58,208,4.0,3.0
603,2840,1.0,3.06
232,55245,2.5,3.59
226,5816,2.5,3.64
534,158,4.0,3.05
136,239,1.0,2.98
216,1641,5.0,3.73
323,1408,2.5,3.71
199,4223,4.0,3.76
590,5989,3.5,4.29
164,480,5.0,3.76
484,2296,4.0,2.1
45,2606,3.0,2.68
244,3566,1.0,3.18
493,4441,5.0,0.0
354,2858,4.0,4.11
493,2924,4.0,4.18
221,7361,4.0,4.3
268,1641,3.0,3.73
50,1289,3.0,3.99
474,8958,4.0,4.03
160,2396,1.0,3.87
448,102720,2.5,0.0
606,1247,4.5,4.14
52,63113,4.0,3.47
28,33660,4.0,4.1
193,1270,3.0,4.01
294,1230,2.0,4.13
84,1228,4.0,4.28
600,1235,5.0,4.21
245,1148,3.0,3.91
136,277,3.0,3.42
280,344,3.0,3.02
391,1172,5.0,3.94
414,58559,4.0,4.89
387,910,3.5,4.1
91,6283,4.5,3.96
475,588,5.0,3.98
380,172875,5.0,0.0
446,480,4.0,3.76
509,4848,3.5,3.94
20,2300,5.0,3.88
182,4638,2.0,3.14
288,8970,3.5,3.69
480,1396,2.5,3.45
396,1092,1.5,3.3
588,50,5.0,4.25
534,4270,4.0,3.17
59,1944,4.0,4.03
567,93272,1.5,4.0
587,344,3.0,3.01
414,2430,2.0,2.46
64,26504,3.5,0.0
519,34162,4.0,3.57
606,72603,3.0,0.0
420,41569,3.0,3.32
230,55553,1.0,0.0
288,2378,1.0,3.6
1,3386,5.0,3.17
414,1288,3.0,4.35
558,2987,4.0,3.61
226,1923,2.5,3.83
474,25996,3.5,0.0
381,539,4.0,3.6
226,2432,2.0,0.0
414,5425,4.0,0.0
