userId,movieId,rating,predicted_rating
432,77866,4.5,2.93
288,474,3.0,4.05
599,4351,3.0,3.41
42,2987,4.0,3.73
75,1610,4.0,3.78
51,177,4.0,2.86
354,51662,3.5,3.65
416,750,4.5,4.3
438,6503,0.5,2.54
73,8641,3.5,3.72
567,1203,4.5,4.15
391,1179,4.0,3.75
380,111362,5.0,4.28
305,55276,5.0,4.24
409,3868,4.0,3.43
307,6957,3.5,3.63
274,26736,4.5,0.0
125,6952,3.0,2.65
561,1278,3.5,4.0
68,6953,2.5,3.55
525,50872,3.5,4.24
414,3847,2.0,0.0
6,587,5.0,3.47
601,48394,4.0,3.87
325,32,4.0,4.0
82,5065,3.0,2.95
16,204,2.0,2.58
542,4816,1.5,3.48
32,39,3.0,3.4
140,2682,4.0,0.0
182,5643,3.0,3.76
89,42761,4.5,0.0
359,541,1.5,4.15
183,1408,4.0,3.78
111,119155,3.5,3.59
80,2513,4.0,2.47
448,117590,2.0,4.38
514,1258,4.0,4.25
68,1101,3.5,3.41
325,80,4.0,0.0
509,1588,3.5,3.25
131,31,3.0,3.39
45,2355,5.0,3.68
156,3167,3.0,0.0
440,1199,4.5,4.16
312,5065,3.0,2.89
57,2102,4.0,0.0
603,2020,4.0,4.2
337,778,4.0,4.03
116,356,4.0,4.21
122,63113,4.5,3.62
201,185,3.0,3.18
167,318,5.0,4.54
139,60072,1.5,3.12
68,628,3.5,3.66
16,293,4.0,4.08
448,99992,3.0,0.0
450,1073,4.0,3.92
178,380,4.0,3.55
599,59369,2.5,3.75
581,4226,4.5,4.14
215,1347,0.5,3.0
610,4228,3.0,1.89
81,288,3.0,3.39
414,2120,2.0,0.0
340,185,3.0,3.16
323,111443,2.5,0.0
232,586,3.0,3.06
186,3740,3.0,3.83
28,1245,3.5,4.23
195,4067,4.0,2.72
414,86190,4.0,3.67
596,141131,2.5,0.0
561,1394,4.0,4.33
602,448,3.0,3.49
202,2983,4.0,0.0
195,553,4.0,3.94
200,44761,5.0,3.64
387,5296,1.5,2.9
514,104841,3.0,3.82
510,2710,1.0,3.05
290,2385,3.0,0.0
221,446,4.5,3.39
598,7361,5.0,4.3
596,4014,3.5,3.71
414,157699,4.0,3.7
34,31685,2.0,3.12
62,2115,4.5,3.64
448,105211,3.5,0.0
137,1242,4.0,4.15
438,2642,3.0,2.34
606,47538,2.5,0.0
352,51662,4.0,3.71
572,3093,5.0,0.0
129,4878,2.5,4.07
279,164179,4.0,4.07
428,6365,3.0,3.3
152,858,5.0,4.29
328,1198,5.0,4.34
427,435,3.0,2.45
367,3751,5.0,3.61
599,97306,3.0,3.82
525,98243,3.0,3.83
111,78174,1.5,0.0
42,2735,4.0,2.78
606,2677,4.0,0.0
560,6863,3.0,3.56
19,422,3.0,3.45
51,3363,4.5,3.91
474,381,2.5,4.06
68,2096,3.0,3.54
189,7153,4.0,4.13
599,93723,1.5,0.0
556,41566,3.5,3.42
596,3623,2.5,2.79
387,778,4.5,4.22
3,2090,0.5,2.99
1,3740,4.0,3.86
73,99106,1.5,0.0
217,357,3.0,3.57
438,43928,0.5,1.96
282,55765,4.0,3.97
310,1247,4.5,4.0
448,122924,2.0,3.53
91,2990,2.0,3.38
103,4848,5.0,3.92
380,3156,4.0,2.83
566,552,4.0,3.4
298,77561,3.5,3.81
599,31921,2.5,0.0
381,4226,4.5,4.25
292,2376,4.0,3.52
43,596,5.0,3.41
50,127146,3.0,0.0
46,185,4.0,3.16
564,119141,4.5,3.78
89,117590,4.0,4.04
217,1963,1.0,3.58
140,3107,3.0,3.37
125,4738,4.0,0.0
274,74532,2.5,3.28
382,1702,3.5,3.24
560,122890,3.5,4.0
48,1527,4.0,3.8
338,183897,1.5,3.79
567,162606,1.0,3.61
475,122882,4.5,3.82
290,2772,3.0,2.68
7,8665,3.5,3.9
282,1704,4.5,4.18
6,26,4.0,3.46
599,66171,2.5,0.0
610,46970,4.0,3.45
469,733,3.0,3.75
256,39183,2.0,3.54
312,3863,3.0,3.07
132,7034,3.0,3.68
480,8861,2.0,3.46
414,82202,3.0,2.05
274,5804,2.5,0.0
217,3363,3.0,3.91
387,356,4.0,4.38
227,81845,3.5,4.16
226,2011,4.0,3.65
368,1957,4.0,4.25
587,380,4.0,3.56
488,7139,2.5,4.03
135,231,2.0,3.1
535,2539,3.0,3.11
529,653,4.0,3.15
62,6058,3.5,3.04
448,80590,2.0,0.0
14,592,2.0,3.46
368,1210,4.0,4.28
534,3483,4.5,3.28
221,4128,3.5,3.64
29,56174,4.0,3.49
474,4034,4.5,4.37
448,7319,3.0,2.13
21,7569,4.5,4.02
43,231,3.0,3.09
112,25,2.5,3.82
414,3127,2.0,3.58
352,38038,3.0,3.88
502,3147,5.0,4.21
339,4848,5.0,3.96
19,2723,5.0,3.13
45,784,4.0,3.04
368,3272,3.0,3.51
27,1148,5.0,4.09
608,5452,1.0,2.18
125,70286,4.0,3.98
187,2700,4.5,4.12
606,8454,3.5,0.0
551,112183,0.5,3.49
111,3988,3.5,3.06
285,474,3.5,3.87
370,4014,3.0,3.66
414,4103,5.0,4.34
474,1223,4.5,4.39
481,1653,3.0,3.96
606,1093,4.0,3.66
379,349,4.0,3.74
212,96079,4.0,3.87
160,4979,4.5,3.73
121,597,3.0,3.57
274,3285,2.0,3.09
437,527,5.0,4.25
577,494,3.0,3.39
414,97304,4.0,4.2
608,110,4.0,4.26
562,4135,5.0,0.0
477,2450,0.5,2.55
213,1240,4.0,3.93
590,8807,2.5,3.69
259,4886,4.0,3.91
222,59014,2.0,0.0
606,6874,4.5,3.89
140,1252,3.5,4.36
606,3426,4.0,3.29
298,48780,2.0,4.47
599,47,4.0,4.31
305,107314,2.5,0.0
28,44204,3.0,3.37
105,750,4.0,4.44
309,1263,3.0,4.16
567,104944,3.5,0.0
217,2733,2.0,0.0
246,7361,5.0,4.37
307,60487,4.0,0.0
27,5060,2.0,4.03
248,1291,4.0,4.1
19,842,2.0,2.38
332,7090,4.5,3.85
156,922,4.0,4.46
140,26865,1.0,4.34
303,1080,1.0,4.08
600,2174,4.5,3.59
489,923,3.5,4.06
560,134853,3.5,3.97
306,159858,4.0,0.0
4,3160,4.0,3.69
58,292,4.0,3.44
292,3682,4.5,3.33
91,1220,5.0,3.99
288,1591,3.0,2.39
76,541,3.5,4.17
380,171763,4.0,4.51
68,3105,3.0,4.2
105,107159,4.0,0.0
418,4571,4.0,3.59
64,1673,4.5,4.15
457,2858,3.0,4.04
287,8622,4.5,3.65
39,2580,5.0,4.03
560,1210,4.0,4.31
18,86190,3.5,3.22
140,4047,4.0,3.75
256,90405,3.5,3.56
103,912,5.0,4.44
307,48394,3.0,3.96
146,502,2.5,2.45
24,50,4.0,4.32
599,1220,3.5,4.12
50,103228,2.0,3.89
232,4720,4.0,3.96
477,1392,4.5,3.89
457,2490,4.0,3.28
135,4881,3.0,3.98
608,5072,4.5,3.85
16,50,4.0,4.31
410,3823,4.0,0.0
428,377,2.5,3.6
182,1769,3.5,3.03
169,1022,4.0,3.66
480,3355,4.0,3.07
68,2,2.5,3.85
307,39234,2.5,3.88
522,58295,4.5,3.62
64,4011,4.5,4.35
305,4016,3.5,3.67
219,5064,3.5,3.96
141,3489,4.0,3.52
230,2605,3.5,2.9
448,7373,3.0,3.68
462,102445,2.0,3.83
199,53550,3.5,0.0
125,95167,3.5,3.69
125,156371,4.0,0.0
445,527,3.0,4.24
317,7438,3.0,4.01
355,1198,5.0,4.23
169,4886,5.0,3.99
453,608,4.0,4.25
472,2431,4.0,3.41
606,4226,4.0,4.3
131,2393,3.0,2.8
354,7147,4.5,3.87
298,65982,3.0,3.79
382,61132,5.0,3.59
594,494,5.0,3.42
369,3033,4.0,3.51
75,435,1.0,2.46
381,2571,5.0,4.3
357,1101,4.0,3.19
357,918,5.0,3.8
480,2628,2.0,3.37
51,2762,5.0,3.96
474,586,2.0,3.24
298,149354,0.5,2.94
310,733,4.0,3.73
274,72378,2.0,2.97
156,2947,2.0,3.92
414,191,2.0,3.36
474,2261,2.0,3.62
280,73266,3.0,0.0
494,260,5.0,4.24
239,2302,3.0,3.28
610,7324,3.0,3.56
57,1,5.0,4.0
452,3273,4.0,2.64
217,2094,3.0,3.37
66,481,2.0,3.13
19,1848,2.0,3.44
580,1584,3.5,3.73
288,541,4.0,4.24
586,122918,5.0,3.94
517,2380,0.5,2.39
220,63113,3.5,3.49
560,56563,2.5,3.62
479,5568,2.0,3.2
28,2023,3.5,3.39
41,118900,4.0,2.32
305,142448,3.0,3.45
288,5378,3.5,3.52
116,1380,4.5,3.32
313,1449,5.0,3.76
522,2393,4.0,2.78
182,1197,3.5,4.38
420,8464,4.5,3.52
597,1196,5.0,4.38
313,2553,4.0,3.06
405,390,4.0,3.64
560,1196,4.0,4.35
438,186,3.0,3.39
495,4734,3.5,3.1
380,6281,3.5,3.2
129,32587,4.5,3.93
42,1663,4.0,3.93
309,2028,4.5,4.13
169,2028,5.0,4.17
6,881,3.0,0.0
509,1732,3.5,3.94
73,111320,1.5,0.0
441,1517,5.0,3.48
100,2108,3.5,3.55
593,44191,4.0,3.9
610,60471,3.5,0.0
68,2335,3.0,2.87
479,3361,4.0,3.8
564,106918,3.5,4.27
580,3556,5.0,3.92
274,4874,1.0,3.76
30,122904,5.0,4.07
156,1077,4.0,3.74
489,2124,2.5,3.6
186,916,5.0,3.97
64,2804,5.0,4.1
351,59369,4.5,3.68
469,3699,4.0,3.4
182,4056,3.0,3.72
6,719,2.0,3.03
346,527,3.5,4.23
528,3101,2.5,3.19
551,112175,3.5,4.44
226,2,3.0,3.54
226,2100,3.0,3.07
579,1580,4.0,3.55
83,318,5.0,4.53
368,1196,3.0,4.32
351,54787,3.5,0.0
227,32,4.5,3.97
182,1546,3.5,0.0
298,27808,2.5,3.56
38,161,4.0,3.75
452,924,3.0,3.92
351,6214,4.0,3.9
111,4228,2.5,1.75
599,104841,3.0,4.16
232,8360,3.0,3.67
105,1199,4.0,4.32
469,1747,3.0,3.39
509,48780,3.5,4.39
213,51662,3.5,3.61
217,2722,3.0,2.54
503,6711,3.5,4.13
115,1645,4.0,3.38
608,3752,4.0,3.31
288,2009,3.0,3.61
226,2329,4.5,4.4
68,2334,3.5,2.74
195,1573,3.0,3.43
275,1084,5.0,4.21
380,52950,2.0,0.0
371,4993,4.5,4.17
290,1674,4.0,3.56
246,7669,5.0,3.45
91,260,4.5,4.32
480,3168,3.5,3.96
12,838,5.0,3.59
606,2324,5.0,4.13
330,1288,4.5,4.1
63,1080,5.0,4.09
246,82202,4.0,2.01
34,2762,3.0,3.91
582,74458,4.0,4.19
104,94150,4.0,0.0
414,72605,4.0,3.52
448,2019,5.0,4.51
325,3175,4.0,3.68
131,3178,3.0,3.52
288,2762,3.0,4.06
344,110,4.5,4.06
195,4389,3.0,0.0
356,3477,5.0,3.33
357,4447,4.0,3.27
514,3385,3.0,2.84
271,1994,3.5,3.4
607,480,4.0,3.77
448,97858,2.0,0.0
79,3029,3.0,3.32
599,4848,4.5,3.94
130,592,3.0,3.47
517,2018,4.0,3.25
45,1769,3.0,2.87
387,7328,3.5,0.0
600,3093,3.5,0.0
414,5452,1.0,2.14
64,3052,4.0,3.73
81,377,3.0,3.54
288,2121,2.0,2.25
159,4306,4.0,3.95
189,593,4.0,4.17
247,69122,4.0,3.76
474,1293,4.0,3.98
211,36529,3.5,3.87
290,1385,3.0,3.12
301,364,3.5,3.95
599,85881,3.5,4.31
610,27904,3.5,3.83
456,3,3.0,3.27
52,293,4.0,4.09
232,72489,4.0,0.0
288,31427,2.5,2.32
68,56587,3.0,3.53
346,1348,4.0,3.53
238,858,3.0,4.25
594,2196,5.0,0.0
610,120635,1.0,0.0
497,410,2.0,3.14
432,7306,3.0,0.0
285,1333,4.0,3.67
123,91500,3.5,3.37
6,640,1.0,3.69
217,432,3.0,2.69
528,356,5.0,4.2
101,2716,4.0,3.77
219,54001,2.5,3.89
452,1610,4.0,3.83
43,79,5.0,2.95
240,653,5.0,3.17
534,33493,4.0,3.67
610,4975,3.5,3.85
298,109895,0.5,2.65
552,541,5.0,4.16
414,63113,4.0,4.19
165,441,3.0,3.89
610,106002,3.5,3.53
265,79,2.0,2.96
372,1221,5.0,4.32
19,377,4.0,3.7
525,4718,1.0,3.09
84,551,3.0,3.64
480,589,4.5,4.23
298,48322,3.0,0.0
70,8949,5.0,3.65
225,3253,4.0,3.4
387,33164,2.0,0.0
484,104,4.0,3.62
298,6283,4.5,3.88
195,4019,4.0,3.64
182,3910,5.0,3.41
414,73017,4.0,4.52
279,780,4.0,3.48
590,588,4.0,4.09
573,5093,2.0,2.83
68,4270,3.5,3.25
313,1344,4.0,3.98
464,8984,4.5,3.22
122,69784,4.5,3.46
65,109487,4.5,3.86
137,3471,3.0,3.95
249,95167,4.0,4.02
150,5,3.0,3.01
380,3421,5.0,4.01
495,89492,5.0,4.07
576,327,2.5,2.95
414,5009,4.0,3.04
477,3751,4.0,3.67
125,288,5.0,3.42
68,122904,4.0,4.58
21,102993,2.0,3.42
361,2167,2.0,3.5
50,164280,3.5,0.0
167,1385,2.0,3.13
520,1801,4.0,3.31
119,54286,4.5,3.73
372,1215,5.0,4.08
480,37741,4.5,4.08
103,37729,4.0,3.52
334,54881,3.5,3.91
310,2518,4.0,3.1
117,26,4.0,3.47
98,53464,2.5,2.39
448,3681,5.0,4.4
491,4018,4.0,3.21
50,318,3.5,4.53
517,2565,4.5,4.01
45,569,2.0,0.0
140,1580,3.0,3.65
96,733,4.0,3.75
274,1961,3.5,3.99
20,5171,2.0,3.07
357,2160,5.0,4.21
185,4016,4.0,3.67
372,249,4.0,3.18
347,47,3.0,3.97
292,3755,2.0,2.91
120,5,4.0,3.01
599,474,2.5,4.12
600,1393,3.5,3.58
195,4033,4.0,3.99
576,2826,4.5,2.82
294,2,3.0,3.44
103,1945,4.0,4.02
437,800,5.0,4.15
197,1209,5.0,3.92
199,3129,4.0,3.46
246,41569,3.0,3.36
525,45517,3.0,3.36
352,139385,5.0,3.88
365,103772,3.0,3.45
390,5618,4.5,4.16
17,2329,4.5,4.3
28,145,1.5,3.48
234,2568,3.0,3.28
65,116797,4.5,4.02
177,508,3.5,3.73
153,63082,1.5,3.88
105,146028,4.0,0.0
58,454,3.0,3.66
346,306,4.5,4.16
112,339,1.5,3.62
132,356,4.0,4.28
140,3168,4.0,3.96
187,431,4.5,3.79
330,1965,3.5,3.67
567,1260,4.0,3.38
111,8961,1.0,4.02
474,1197,4.5,4.49
368,2307,3.0,0.0
460,34405,5.0,4.09
307,34326,2.0,0.0
572,17,5.0,3.85
606,37731,3.5,3.96
298,102123,1.5,2.89
178,6539,2.5,3.88
475,60074,4.5,3.02
606,5628,2.5,3.95
469,1082,4.0,3.81
411,368,4.0,3.52
603,288,4.0,3.41
414,4068,2.0,2.89
217,3552,2.0,3.81
489,7318,3.0,3.8
469,2324,3.0,4.07
260,3911,3.0,3.78
19,3712,3.0,2.77
489,1246,4.0,4.26
177,8965,3.0,3.31
42,858,5.0,4.23
131,48516,3.5,4.28
469,552,2.0,3.51
477,2762,4.0,4.02
562,83134,4.0,3.41
140,609,3.0,3.68
288,2136,3.0,2.28
214,25,2.0,3.78
420,923,3.5,4.03
600,2162,3.5,2.03
74,1094,4.5,3.53
599,3070,3.0,3.25
540,8874,4.5,4.0
495,344,4.5,3.0
464,48516,4.0,4.31
220,377,3.5,3.63
42,2110,4.0,3.44
212,55247,3.5,4.02
307,3705,2.5,2.42
414,1080,5.0,4.13
292,130576,2.0,0.0
599,720,4.5,4.46
555,2642,3.0,2.41
287,3033,4.0,3.49
480,736,2.5,3.6
212,4027,3.5,3.75
305,8014,4.0,4.4
50,94677,2.0,4.01
483,33493,3.0,3.67
452,2533,5.0,2.98
11,1918,4.0,2.81
305,4232,3.0,3.18
201,1259,4.0,3.96
525,34150,1.0,2.83
448,45186,2.5,3.89
317,593,5.0,4.24
586,54001,4.5,3.87
265,1945,4.0,3.98
426,50872,3.0,3.97
156,1213,4.0,4.41
125,159415,4.0,0.0
49,79091,4.0,3.69
396,1276,5.0,4.26
497,858,4.0,4.3
570,49272,4.0,4.09
233,68157,3.5,4.17
272,3147,4.5,4.21
580,589,4.0,4.15
116,480,4.0,3.74
555,3591,3.0,2.64
370,5989,3.5,3.99
380,2334,2.0,2.82
608,5502,4.0,3.2
13,4011,5.0,4.12
599,3007,3.5,0.0
429,381,4.0,3.9
509,72701,3.5,0.0
414,1059,4.0,4.17
568,480,3.0,3.7
546,2455,3.0,3.51
533,103688,5.0,4.1
274,30883,1.5,0.0
103,7367,3.5,2.38
381,1704,4.5,4.23
564,44193,3.0,3.63
64,198,3.0,3.35
97,1193,4.0,4.16
325,30,4.0,0.0
414,53972,3.5,4.11
600,778,3.5,4.14
599,1663,2.5,4.22
132,1345,3.0,3.22
587,590,5.0,3.81
160,3877,2.0,2.7
51,6786,3.0,4.45
217,2152,2.0,0.0
274,4344,3.5,3.27
249,106100,5.0,4.79
265,2968,3.0,3.96
391,4334,5.0,4.47
368,3768,1.0,0.0
51,3,4.0,3.38
219,34405,4.0,4.11
572,1272,5.0,4.28
577,593,4.0,4.24
307,4002,2.5,3.91
7,480,5.0,3.75
367,3623,4.0,2.75
15,527,5.0,4.26
58,223,3.0,3.94
570,778,4.0,4.1
275,6122,5.0,0.0
109,593,4.0,4.18
309,1198,4.0,4.26
198,1639,2.0,3.69
249,103980,4.5,0.0
91,344,3.0,3.01
132,5225,3.0,4.02
334,2959,3.5,4.29
225,2248,4.0,3.78
414,5346,1.0,0.0
226,8917,2.0,3.8
249,20,3.5,2.44
290,2565,4.0,4.04
111,2571,0.5,4.31
410,3088,4.0,3.83
331,6541,2.0,2.82
232,53322,3.5,3.97
6,43,4.0,2.7
169,3755,4.0,2.91
432,81417,4.0,3.96
599,8910,2.5,3.66
469,1356,3.0,3.88
414,6574,1.0,0.0
474,3264,3.5,2.85
610,115727,5.0,0.0
359,2396,3.0,3.81
187,145,1.0,3.42
514,260,5.0,4.29
548,1621,4.5,0.0
517,80969,4.0,0.0
19,3622,3.0,0.0
209,140956,3.5,0.0
298,60293,3.0,0.0
386,165,2.0,3.64
359,1544,3.0,2.72
28,481,3.0,3.11
596,115617,4.0,4.14
1,2353,5.0,3.41
27,367,4.0,3.24
219,2078,3.5,3.88
125,108727,4.0,0.0
220,69526,3.0,2.38
123,2329,4.5,4.26
522,79008,4.5,0.0
599,4200,2.0,0.0
318,56145,3.0,2.4
268,2324,2.0,4.06
385,282,3.0,3.5
478,33794,4.5,3.87
300,7361,5.0,4.3
140,1213,3.0,4.47
298,106489,3.5,3.45
282,2375,5.0,2.99
414,87304,4.0,0.0
217,410,3.0,3.29
603,345,3.0,3.86
125,168252,3.5,4.54
299,1198,4.0,4.23
221,1321,4.0,3.36
21,79592,3.5,3.34
294,2477,2.0,4.34
279,4886,3.0,3.99
514,592,2.5,3.53
599,2803,2.0,2.99
122,7022,4.0,3.85
600,1348,2.5,3.58
80,6874,4.5,3.89
288,2456,1.0,2.7
218,1250,4.0,4.07
414,5992,3.5,3.51
564,71535,3.5,3.86
246,65261,5.0,3.76
460,3114,4.0,3.89
99,293,5.0,4.04
603,3623,3.0,2.77
3,1263,0.5,4.08
275,2134,3.0,3.19
201,2336,4.0,4.01
368,3810,3.0,0.0
99,318,5.0,4.51
91,750,5.0,4.42
288,1290,2.0,3.73
608,2490,5.0,3.18
356,2797,4.0,3.83
18,48516,4.5,4.46
288,4443,3.0,0.0
105,541,4.0,4.21
18,2692,3.0,4.03
28,2716,1.5,3.84
288,2035,3.0,3.94
180,2959,4.5,4.25
448,3114,5.0,4.12
177,5419,2.5,2.99
562,7340,4.0,2.54
523,127052,4.0,0.0
414,103048,4.0,0.0
58,32,5.0,3.98
567,26717,0.5,0.0
483,95875,3.0,3.47
219,61246,2.0,0.0
490,35836,3.0,3.54
417,5952,5.0,4.06
414,40826,2.5,3.47
110,3268,3.0,1.65
381,3826,2.0,2.42
11,2028,5.0,4.12
326,5446,4.5,3.3
428,4886,2.0,3.98
546,158,2.0,2.83
216,2144,3.0,3.76
167,3671,3.5,3.96
472,3298,4.0,3.82
480,1690,2.0,2.93
418,116797,4.5,4.05
438,6888,1.5,2.04
57,1784,4.0,3.85
105,170705,5.0,4.13
95,6979,4.0,3.23
62,46723,3.0,3.63
140,848,4.0,3.05
580,45499,4.5,3.44
113,1043,2.0,2.34
559,6,5.0,3.95
199,377,2.0,3.63
248,122904,4.5,4.05
606,969,4.0,4.13
414,1094,3.0,3.6
482,2174,4.0,3.52
509,2657,3.5,3.46
7,4963,4.0,4.02
305,122926,4.0,4.39
586,6156,4.0,3.14
199,3671,4.5,3.97
305,1199,4.0,4.31
325,293,3.0,4.11
305,25,3.0,3.93
474,8266,2.5,0.0
91,3000,4.0,4.13
527,5040,4.0,2.8
428,6880,1.0,1.74
580,2012,3.0,3.59
57,1036,4.0,3.91
567,94959,3.5,4.14
305,103339,4.0,2.78
414,3916,4.0,3.92
105,1281,5.0,4.19
198,36,5.0,3.86
233,159817,4.0,4.88
219,60684,4.5,4.09
387,8290,1.0,0.0
19,1257,3.0,3.56
68,5266,2.0,3.23
332,85510,3.5,3.06
448,79259,2.5,0.0
534,45431,3.5,3.84
480,4018,1.5,3.26
371,56715,5.0,3.99
186,2688,4.0,2.92
387,55820,4.5,4.02
103,4306,3.5,3.99
387,969,3.0,4.18
451,141,4.0,3.52
368,3430,3.0,3.58
365,4896,2.5,3.81
182,1222,5.0,4.34
112,68954,4.0,4.06
64,2369,3.0,2.53
553,555,3.5,3.83
597,2040,4.0,2.66
219,1079,2.5,4.05
448,99106,2.5,0.0
560,45722,3.5,3.62
427,1527,3.0,3.8
491,4246,3.5,3.73
542,4369,0.5,3.15
599,2359,2.5,3.47
19,1196,4.0,4.37
182,6620,4.0,4.47
240,761,3.0,3.09
177,70159,2.5,0.0
362,1945,4.5,4.01
567,364,2.5,3.95
91,555,3.5,3.95
573,4388,4.0,2.76
202,3725,3.0,0.0
225,1219,3.0,4.04
599,97950,2.5,0.0
220,2450,0.5,2.48
100,235,1.0,3.7
68,8910,1.0,3.62
113,2671,2.0,3.32
599,82167,2.5,3.62
318,117364,4.0,0.0
522,49272,5.0,4.1
8,377,4.0,3.55
438,223,3.5,3.95
68,3160,2.0,3.71
603,156,2.0,0.0
211,89864,3.5,3.62
177,7263,3.0,3.27
212,109374,4.0,3.84
317,112556,3.0,3.8
405,1247,4.0,4.0
109,47,3.0,4.01
368,832,3.0,3.26
6,22,5.0,3.28
140,362,4.0,3.9
68,337,3.5,4.08
73,33836,3.0,2.17
393,54259,5.0,3.67
140,4234,3.0,3.32
571,2548,2.0,0.0
339,84152,4.0,4.2
117,778,3.0,4.04
103,134881,5.0,0.0
119,4344,4.0,3.11
573,112852,4.5,4.4
219,3785,2.0,3.06
28,55820,4.5,3.98
156,2752,3.0,2.86
233,59315,3.0,3.87
584,208,4.0,3.03
253,44633,4.5,0.0
182,1729,4.0,3.76
73,64957,3.5,3.91
471,78499,4.5,4.36
264,595,4.0,3.82
474,933,3.5,4.61
387,6874,4.0,3.92
411,427,1.0,1.35
288,2846,3.0,4.38
603,3160,4.0,3.68
599,26662,2.0,4.51
474,25769,4.5,0.0
370,1210,2.0,4.21
354,1035,4.0,4.19
560,1288,4.0,4.08
558,5420,5.0,2.83
584,165,5.0,3.7
7,3354,1.5,2.9
474,2670,3.0,4.05
560,62849,3.5,3.62
529,32,5.0,3.95
560,92694,4.0,0.0
418,88129,4.5,3.52
518,1276,4.5,4.26
447,445,4.0,2.47
352,93510,2.0,4.07
221,296,5.0,4.31
419,2028,5.0,4.16
141,6373,3.0,3.29
448,2142,3.0,2.47
423,480,5.0,3.71
191,1,4.0,3.89
141,2700,3.0,4.08
140,39292,3.5,3.64
433,79132,3.0,4.08
603,1279,4.0,4.15
469,2762,5.0,3.99
307,39183,3.5,3.55
1,1278,5.0,4.01
414,464,2.0,2.69
117,1027,3.0,3.1
608,2124,3.0,3.6
298,6503,1.0,2.5
208,2617,3.0,3.05
387,3334,4.0,4.26
436,420,3.0,3.0
305,64620,3.5,4.11
301,1672,4.0,3.27
599,6793,1.0,2.39
199,3063,2.0,0.0
198,2340,1.0,3.43
523,594,4.0,3.54
54,17,3.0,3.85
330,778,4.0,4.13
599,256,2.0,3.04
600,1240,3.0,4.04
18,3751,3.5,3.68
23,296,3.5,4.27
125,147142,3.0,0.0
274,2986,3.5,3.0
387,7438,4.0,4.04
298,96737,3.0,4.37
8,252,3.0,3.66
305,1234,5.0,4.24
174,349,4.0,3.77
571,1387,5.0,4.09
222,370,3.0,3.19
509,64957,2.5,3.96
219,4643,2.5,2.79
573,1225,4.5,4.31
480,4158,3.0,1.91
587,2738,4.0,0.0
597,2474,4.0,3.38
73,88140,4.5,3.66
263,2724,3.0,2.65
481,1672,2.0,3.26
62,139385,4.0,3.94
491,49286,4.5,3.05
606,4392,3.0,0.0
254,2840,3.5,3.07
428,8861,3.0,3.3
474,3258,2.5,3.54
288,3095,4.0,3.9
249,2353,4.5,3.54
462,111,5.0,4.29
606,6100,4.0,0.0
353,145,3.0,3.44
28,58803,3.0,3.75
140,648,4.0,3.64
395,316,3.0,3.36
480,5955,3.0,4.4
368,1995,2.0,1.31
474,2206,4.5,0.0
68,1476,3.0,3.76
595,1912,5.0,3.81
448,2124,3.0,3.74
18,80489,4.0,3.98
604,595,3.0,3.84
414,5524,3.0,3.08
141,1732,4.0,3.92
356,2353,3.0,3.39
331,7361,4.0,4.35
111,1907,3.5,3.75
64,1552,2.0,3.24
242,292,3.0,3.4
36,4025,2.0,3.11
424,318,3.5,4.54
66,4027,4.0,3.83
551,260,3.5,4.27
555,3448,5.0,3.79
489,736,2.5,3.58
414,1210,5.0,4.59
159,56367,5.0,3.77
599,104,2.5,3.75
84,105,3.0,3.3
176,780,4.0,3.46
17,58559,4.5,4.28
555,2091,3.0,0.0
379,527,3.0,4.22
160,198,5.0,3.34
387,5902,3.5,4.03
553,6378,4.5,3.79
558,555,3.0,3.8
217,2278,2.0,3.8
181,590,3.0,3.85
480,7147,4.5,4.01
414,1247,5.0,4.22
334,377,3.0,3.59
307,455,0.5,2.64
105,111360,3.5,2.87
249,7022,4.0,4.02
476,73,4.0,3.4
6,19,2.0,2.88
220,3751,3.5,3.62
414,2081,4.0,3.83
517,88125,3.5,3.74
395,110,4.0,4.06
42,2805,4.0,3.0
334,34405,4.0,4.09
469,3210,3.0,3.56
155,1302,3.0,3.61
480,1625,2.0,3.86
217,2384,4.0,2.81
572,2987,2.0,3.73
483,59784,4.0,3.6
368,858,5.0,4.28
481,1615,3.0,3.17
187,27846,4.0,4.05
298,84772,0.5,3.57
346,7179,2.5,0.0
425,33166,3.5,4.04
249,2117,3.5,3.93
610,54648,1.5,3.17
249,104211,3.5,4.38
534,112818,3.5,3.94
39,592,4.0,3.49
217,1882,2.0,2.21
325,3918,4.0,2.88
109,383,3.0,3.13
325,2155,4.0,3.39
57,1270,4.0,4.11
395,500,3.0,3.46
89,7297,3.5,0.0
38,435,2.0,2.48
70,72011,4.5,3.56
94,17,1.0,3.86
460,68954,4.5,4.08
6,218,2.0,3.51
567,112290,0.5,4.0
367,3793,5.0,3.7
276,135,4.0,3.07
448,3263,4.0,3.22
477,3720,4.0,0.0
379,597,3.0,3.56
25,60069,5.0,4.07
241,68157,4.5,4.13
111,8807,4.5,3.94
105,2360,4.0,4.76
562,1625,4.5,3.74
453,4014,5.0,3.72
193,307,3.5,3.79
20,783,3.5,3.49
483,1923,4.5,3.83
469,3006,3.0,3.8
122,1345,4.5,3.29
279,105504,3.0,4.29
448,148592,3.0,0.0
232,71057,3.5,3.87
64,4448,3.5,3.5
560,78772,0.5,2.61
410,1207,4.0,4.19
448,1244,4.0,4.06
89,8814,2.5,1.72
274,53125,3.5,3.93
249,37380,3.0,2.6
219,2617,3.0,3.11
380,5459,4.0,3.24
483,3257,2.5,3.12
581,6377,4.5,4.0
104,3675,3.5,4.32
437,168,2.0,2.97
79,3197,4.0,2.68
488,1957,3.0,4.28
182,1208,5.0,4.38
28,6157,1.5,2.7
68,72998,5.0,3.99
292,3564,2.0,1.85
380,1676,5.0,3.68
256,118696,3.5,3.94
232,43836,1.5,3.22
50,899,4.0,4.14
64,2746,4.0,3.27
368,2455,3.0,3.54
477,1089,4.0,4.37
307,2806,0.5,2.19
287,8937,4.0,3.41
298,7153,4.0,4.31
480,1962,5.0,3.85
350,608,3.0,4.13
63,53000,2.0,3.73
381,1036,2.0,3.92
420,4886,3.0,3.96
199,6378,3.5,3.82
343,2858,4.0,4.05
419,2710,4.0,3.05
414,7981,3.5,4.63
610,27032,4.0,0.0
474,3099,2.5,3.23
289,266,3.5,3.29
593,45722,1.0,3.58
580,3176,4.0,3.38
597,1086,5.0,4.11
271,1120,4.0,3.6
356,65126,3.0,0.0
177,104841,3.0,4.0
274,2723,3.5,3.3
84,1266,4.0,4.2
414,56908,4.0,0.0
352,2966,4.0,4.06
474,1379,2.0,2.79
608,2762,4.5,4.05
307,2907,2.0,4.0
275,3134,2.0,4.2
105,76093,5.0,4.05
509,35836,1.5,3.56
195,1358,4.0,4.17
249,30793,3.5,3.3
212,174909,4.5,0.0
567,152077,3.0,3.89
286,1061,5.0,3.57
1,596,5.0,3.49
448,134368,3.0,3.94
599,4254,0.5,2.32
38,508,3.0,3.64
387,50800,2.0,0.0
288,5388,4.0,3.39
382,135436,3.5,2.89
474,7158,4.5,3.84
156,2917,4.0,3.85
414,60069,4.5,4.36
37,231,5.0,3.02
523,5971,5.0,3.86
84,1395,3.0,3.2
596,135536,3.0,2.79
592,93,3.0,3.59
181,435,2.0,2.48
19,1391,3.0,3.21
108,4973,5.0,4.26
339,8464,4.5,3.66
232,8958,4.0,3.79
6,1006,4.0,0.0
555,1094,4.0,3.52
484,6874,4.5,3.91
462,2146,0.5,3.19
414,54736,3.5,4.28
414,68954,4.0,4.66
89,6863,1.5,3.5
198,2692,4.0,3.99
18,4262,4.0,4.05
555,1249,5.0,4.09
380,94405,3.0,0.0
455,151,3.0,3.43
186,3977,4.0,2.73
274,46965,3.0,2.63
198,2706,4.0,3.36
347,110,3.0,4.06
602,431,3.0,3.78
555,1297,3.0,3.89
234,648,4.0,3.59
474,216,1.0,3.57
583,60756,3.0,3.54
391,904,5.0,4.4
474,1030,2.0,2.76
182,901,3.5,4.29
380,3499,5.0,4.1
212,3967,3.5,3.8
610,1274,5.0,3.53
489,3633,1.5,3.37
45,4306,5.0,4.02
160,2531,1.0,3.07
391,5152,1.0,3.47
103,34,4.0,3.71
202,1276,4.0,4.33
474,38886,4.0,3.36
450,3568,4.0,0.0
113,932,5.0,3.42
387,29,3.5,4.16
111,59725,2.5,2.74
81,318,3.0,4.51
47,1088,4.0,3.48
599,26629,2.0,0.0
480,7360,1.0,4.22
368,3063,2.0,0.0
61,3949,4.5,3.92
6,292,4.0,3.51
139,5481,1.0,2.84
288,1873,3.0,4.16
414,166024,4.5,0.0
469,2716,4.0,3.83
489,2803,3.0,3.01
597,919,4.0,3.98
197,2793,3.0,1.99
581,318,5.0,4.53
309,7153,4.5,4.14
263,1639,4.0,3.69
552,3593,1.0,1.83
453,1921,4.0,4.08
387,2183,4.0,3.8
591,3238,1.0,1.33
423,1304,4.0,3.89
479,533,2.0,3.08
274,7894,3.5,3.75
564,108156,4.0,2.91
489,141,3.5,3.59
483,66097,4.5,3.98
608,4226,4.5,4.32
354,33679,3.5,3.36
307,2052,3.0,3.07
18,88129,3.0,3.71
372,628,4.0,3.59
480,3717,3.0,3.52
182,2691,4.5,3.51
414,1957,3.0,4.03
177,5957,4.0,3.46
251,1089,5.0,4.23
414,4994,4.0,4.41
480,3977,1.5,2.92
534,1676,4.0,3.58
420,3159,4.0,3.81
1,2115,5.0,3.69
590,594,5.0,3.62
448,260,5.0,4.4
489,33794,3.5,4.04
356,3186,4.0,3.55
482,3273,3.5,2.54
132,1732,2.5,3.95
555,2391,3.0,3.73
608,6595,4.0,3.28
316,8622,3.0,3.61
249,1320,3.0,3.32
135,466,3.0,3.07
263,6708,3.0,3.75
111,5528,3.0,3.9
604,188,3.0,3.68
47,590,3.5,3.82
368,1479,3.0,3.58
600,5952,5.0,4.18
68,2054,1.0,3.04
182,4720,4.5,3.95
414,51935,3.5,4.15
587,1614,4.0,3.03
482,6810,1.0,0.0
474,45722,3.5,3.65
42,785,3.0,3.65
567,78499,2.0,4.37
608,1653,5.0,4.15
356,38886,4.0,3.15
474,3816,4.0,0.0
328,8665,3.5,3.94
266,2384,1.0,2.78
514,1327,2.0,2.82
307,413,2.5,2.68
599,3830,2.5,0.0
187,4993,4.5,4.25
380,85796,3.0,1.84
480,485,2.0,3.36
221,912,5.0,4.46
600,2683,2.5,3.18
585,3246,4.0,4.18
49,109487,4.5,3.87
599,27032,3.0,0.0
603,3819,4.0,0.0
525,70862,3.0,0.0
28,1136,3.5,4.34
414,53125,2.0,3.99
571,2553,2.0,3.01
305,122916,4.5,3.94
419,6502,3.5,4.07
412,2396,5.0,3.82
554,2995,1.0,2.76
390,308,5.0,3.61
580,2686,3.5,4.16
182,1090,5.0,4.04
599,7143,4.0,4.18
274,2501,2.5,4.04
370,5378,1.0,3.31
381,8622,4.0,3.81
318,64614,4.0,4.27
182,3925,5.0,3.65
50,78499,2.0,4.38
590,3034,3.5,3.68
502,1777,0.5,3.47
473,2300,2.5,4.07
318,77455,4.5,4.29
288,380,3.0,3.76
489,4054,1.0,3.34
135,260,4.0,4.29
428,4022,2.0,3.73
414,60684,3.5,4.35
221,2987,3.5,3.74
452,1197,5.0,4.31
596,2424,2.5,3.27
21,45447,3.5,3.33
592,595,5.0,3.84
608,2140,3.0,3.61
160,1034,1.0,3.81
288,42418,4.0,2.72
298,27156,4.0,4.6
222,1917,2.5,2.92
68,223,1.0,4.0
99,420,2.0,2.97
386,333,3.0,3.78
372,428,3.0,3.92
567,157296,1.5,3.73
256,4344,4.0,3.06
298,741,3.5,4.24
276,780,5.0,3.46
89,915,2.0,3.98
380,585,2.0,2.91
599,203,2.5,3.84
474,8521,3.5,0.0
143,7173,1.0,3.17
231,1198,4.0,4.24
202,1249,4.0,4.11
489,8961,3.5,3.97
96,1610,4.0,3.8
517,7361,1.5,4.33
318,103384,3.5,3.11
18,1276,4.0,4.33
160,2340,1.0,3.35
474,34271,3.5,3.96
200,1028,3.0,3.81
448,3039,4.0,4.18
50,100498,1.0,2.21
292,59369,3.5,3.75
522,1214,5.0,3.93
274,8836,4.0,0.0
111,1197,3.5,4.43
89,107951,5.0,0.0
509,2700,3.5,4.12
111,6287,3.5,3.18
226,8984,2.5,3.25
274,2700,4.0,4.29
314,31,3.0,3.4
555,2405,3.0,3.0
512,300,4.0,3.47
599,2474,3.0,3.56
89,164707,4.0,0.0
199,1136,5.0,4.33
383,2436,5.0,4.52
281,428,3.5,3.84
275,5218,2.0,3.78
53,1298,5.0,3.91
339,4369,3.0,3.2
599,1465,2.0,0.0
577,1019,4.0,3.51
599,4103,3.0,4.24
599,1197,3.5,4.47
18,67255,4.5,4.14
301,4995,4.5,4.06
182,2720,0.5,2.09
151,1432,4.0,1.82
448,106839,3.5,0.0
551,8368,4.0,3.94
357,79008,4.0,0.0
181,349,4.0,3.77
352,41569,3.5,3.34
414,40815,3.5,3.98
500,543,4.0,3.33
448,79242,3.0,0.0
294,348,2.0,3.72
368,2527,3.0,3.58
290,3634,4.0,0.0
275,2330,5.0,0.0
525,40629,4.5,3.68
610,6503,1.5,2.6
177,2316,4.5,3.38
222,6763,2.0,2.29
160,5219,2.0,3.23
41,30812,4.0,3.6
382,69844,4.5,3.94
209,5952,5.0,4.05
442,3363,1.5,3.89
198,1198,4.0,4.28
211,33166,5.0,4.0
219,6618,3.5,4.15
352,3354,3.5,2.87
27,3751,3.0,3.61
298,62434,1.5,3.48
310,1223,5.0,4.09
451,25,5.0,3.78
514,440,4.0,3.64
555,2411,3.0,2.81
226,5445,3.0,3.78
149,172,3.0,2.68
184,175485,1.5,0.0
68,3471,1.5,4.12
331,318,5.0,4.53
567,139385,3.0,3.85
517,1961,3.5,3.88
179,1061,4.0,3.58
39,3328,5.0,4.12
328,4223,2.5,3.76
488,838,5.0,3.6
387,33896,3.5,3.56
313,2530,5.0,2.52
522,2997,4.5,4.02
357,1393,4.5,3.54
608,2052,1.0,3.02
489,2253,3.0,2.21
610,7369,2.5,1.83
288,1674,4.0,3.6
221,162,4.5,4.08
329,318,2.0,4.51
585,55765,5.0,3.88
380,5952,5.0,4.4
213,912,3.5,4.36
400,1197,4.5,4.28
72,2136,2.5,2.29
69,3793,4.0,3.68
182,5388,3.0,3.42
12,4018,4.5,3.19
448,6377,3.5,4.26
365,86911,3.5,3.79
19,1489,2.0,0.0
600,225,2.0,3.53
610,4721,1.0,0.0
292,3745,3.0,3.37
490,6539,3.0,3.88
489,248,3.5,2.86
330,48738,5.0,3.78
332,46578,4.0,3.89
154,98243,5.0,3.79
200,165,4.0,3.77
288,3244,3.0,4.12
489,1801,3.0,3.33
36,3798,3.0,3.21
6,225,4.0,3.62
608,5945,3.0,3.36
1,2529,5.0,3.83
357,5669,2.5,3.84
325,1238,4.0,4.2
559,420,3.0,2.99
249,92008,3.0,0.0
222,68157,4.5,4.2
265,1356,4.0,3.87
606,7438,4.5,4.01
557,344,4.0,2.98
105,2028,5.0,4.25
298,4020,1.0,3.42
274,7004,3.5,3.0
469,903,5.0,4.11
140,1704,4.0,4.25
474,4929,2.0,2.45
448,3450,4.0,3.53
279,5418,3.5,3.8
448,53125,2.0,3.9
560,5613,4.0,0.0
274,78266,3.5,3.85
429,222,4.0,4.31
590,55820,4.0,3.96
380,3037,4.5,4.01
401,78499,3.5,4.36
474,1042,4.5,3.74
552,5464,3.0,3.51
542,8958,5.0,3.62
579,2018,3.0,3.25
489,784,0.5,3.04
249,7007,4.0,3.38
310,6947,4.0,3.51
509,26662,3.5,4.18
365,60756,3.5,3.58
517,82459,1.0,3.96
358,2144,3.0,3.73
414,2320,2.5,3.21
105,2076,4.0,4.2
572,2433,3.0,3.28
387,6662,4.0,3.75
270,637,2.0,3.32
608,1059,3.0,3.96
543,1580,5.0,3.53
600,2325,3.5,3.64
339,69406,4.0,3.6
448,3386,3.0,3.03
19,13,3.0,3.36
275,3910,5.0,3.43
210,56174,2.5,3.5
161,2080,3.5,3.43
561,106002,2.5,3.38
380,2353,3.0,3.64
110,5459,2.5,2.86
93,329,5.0,3.42
318,1120,3.5,3.72
111,104644,0.5,0.0
286,377,4.0,3.58
373,367,1.0,3.24
359,2942,3.5,2.88
514,1302,5.0,3.74
553,2959,5.0,4.3
491,7451,4.0,3.67
140,1196,3.0,4.35
105,2571,4.0,4.35
477,6794,0.5,1.44
482,8961,5.0,3.81
104,55052,4.0,3.62
453,2712,3.0,3.4
484,4759,4.0,0.0
238,2067,5.0,4.03
317,88129,4.0,3.55
111,1805,3.0,2.86
380,1388,4.0,2.31
561,79132,3.5,4.27
577,2076,3.0,4.07
244,1270,5.0,4.03
18,1212,4.5,4.22
62,50804,5.0,0.0
509,87529,3.0,3.89
279,110501,3.0,3.92
534,69278,3.5,2.71
307,1089,4.0,4.39
600,1217,4.0,4.71
15,112556,4.5,3.75
248,135133,3.5,3.52
387,2259,2.5,4.0
12,3967,4.5,3.75
183,1582,3.0,0.0
10,92259,5.0,4.11
414,1479,3.0,4.18
365,56174,3.5,3.51
546,2792,3.0,2.79
20,5618,5.0,4.16
233,5952,4.0,4.08
263,30812,4.0,3.54
288,1748,4.0,3.73
414,49272,4.0,4.57
305,54259,4.0,3.91
232,8937,3.5,3.91
288,595,4.0,3.92
287,6552,2.5,3.83
475,111362,4.5,3.89
249,72011,4.0,4.02
506,80549,4.0,3.79
62,27831,4.5,3.72
603,4589,1.0,0.0
414,7364,4.0,0.0
73,6936,5.0,3.7
298,134170,4.0,3.75
199,111,3.0,4.26
382,81847,4.5,3.92
339,760,4.5,0.0
511,139385,5.0,3.79
266,1374,3.0,3.74
68,1625,2.0,4.01
56,480,5.0,3.72
223,4226,4.0,4.12
249,2717,3.5,3.29
343,3000,3.0,4.04
401,5218,3.5,3.75
474,40946,2.5,0.0
606,53127,3.5,0.0
409,1952,5.0,3.64
91,3785,4.5,3.11
106,85414,3.0,3.62
608,1291,4.0,4.23
156,1965,4.0,3.69
489,590,4.0,3.91
448,952,4.5,3.5
587,1371,4.0,3.06
129,2571,4.5,4.21
105,7458,3.5,3.68
306,53322,3.0,3.79
288,919,3.5,4.0
226,5464,4.0,3.63
127,68954,0.5,4.03
329,1206,0.5,4.14
239,318,5.0,4.57
45,5630,5.0,3.57
18,7438,3.5,4.04
143,106696,4.0,3.53
179,3,4.0,3.29
474,25937,3.5,0.0
492,788,5.0,2.86
597,2145,4.0,3.21
499,38304,4.5,0.0
232,4990,3.0,3.21
523,102407,5.0,3.38
593,41,4.0,3.57
246,4956,5.0,0.0
448,91126,3.5,3.39
14,288,4.0,3.4
274,3916,3.5,3.87
18,55276,4.0,4.15
610,112,4.0,3.67
561,2403,4.5,3.9
91,3578,3.5,4.12
365,86644,1.0,3.96
111,3821,1.5,2.43
605,2622,3.0,3.44
100,4041,5.0,3.34
381,5971,4.0,3.94
586,3448,4.0,3.63
50,105250,3.5,0.0
274,332,2.5,2.54
610,83613,3.0,3.31
226,362,3.5,3.89
599,96004,4.5,0.0
101,2541,3.0,3.34
406,46972,4.0,3.25
414,61406,4.0,0.0
242,236,3.0,3.45
33,1923,5.0,3.72
160,1127,2.0,3.52
249,6593,3.5,3.19
448,118702,2.5,0.0
59,913,5.0,4.23
480,110,5.0,4.28
589,780,5.0,3.44
352,34319,3.0,3.68
572,21,5.0,3.49
474,616,3.5,3.52
28,30812,3.0,3.67
112,253,4.5,3.47
182,1262,4.5,4.36
289,1208,4.0,4.18
380,47124,3.0,0.0
474,249,4.0,3.26
534,76293,4.0,3.3
204,68157,5.0,4.15
274,3253,3.5,3.56
562,1921,3.5,4.06
322,47629,4.0,3.91
89,141646,3.5,0.0
603,2972,5.0,0.0
462,4973,1.5,4.36
17,5782,4.0,3.89
419,1412,3.5,0.0
387,2529,4.0,3.85
171,47,5.0,4.01
219,1702,1.5,3.21
599,2311,2.5,3.93
562,1214,4.5,3.97
160,1981,1.0,0.0
140,866,4.0,4.03
249,5349,4.0,3.89
599,3702,3.5,4.15
560,2012,2.5,3.62
414,2598,2.0,3.14
387,27317,3.5,4.02
68,4041,2.5,3.35
313,163,3.0,3.61
288,539,3.0,3.75
606,308,4.0,3.93
274,27773,3.5,4.22
1,1927,5.0,4.32
292,377,3.5,3.67
474,30707,4.0,3.94
594,4517,0.5,0.0
297,2952,4.0,3.51
606,1963,4.5,3.56
298,8368,3.0,4.01
365,3421,3.0,3.92
275,2324,5.0,4.09
560,27904,3.0,3.76
20,1566,4.5,3.37
221,456,4.5,2.82
599,1994,2.5,3.57
50,969,3.5,4.05
219,6157,1.5,2.69
554,2324,5.0,4.06
42,3617,4.0,3.06
404,208,4.0,2.99
68,5312,2.5,3.06
448,3253,4.5,3.6
606,1079,4.0,4.15
330,344,0.5,2.99
241,115569,4.5,4.16
600,596,2.5,3.51
610,55830,3.5,3.58
107,266,4.0,3.31
593,364,3.5,3.94
325,3328,4.0,4.13
332,1200,4.0,4.02
368,3555,3.0,3.33
89,124404,5.0,0.0
402,762,3.0,2.5
140,4027,2.0,3.81
227,116797,4.5,4.03
119,68319,4.0,2.75
573,293,5.0,4.13
599,59387,3.0,0.0
599,54881,3.0,3.93
260,2413,4.5,3.38
477,4370,3.5,3.41
425,4967,4.0,4.39
219,1429,3.0,3.67
382,46865,1.0,0.0
239,44665,5.0,3.77
239,33794,4.5,4.0
352,107406,4.5,3.56
608,1862,2.5,2.34
524,153,3.0,3.0
469,2550,5.0,4.26
64,2916,3.0,3.79
249,104374,4.5,4.32
132,6874,4.5,3.95
74,3006,4.0,3.74
381,8972,3.5,3.53
59,2160,5.0,4.15
424,2502,4.5,4.15
563,56941,3.0,2.7
68,2423,4.0,3.74
317,1247,5.0,4.03
534,59784,4.0,3.61
438,6534,3.0,2.73
279,1676,3.0,3.54
200,1029,3.5,3.54
599,47725,3.0,3.53
362,56145,4.5,2.3
474,748,3.5,3.09
472,318,5.0,4.52
580,4370,3.0,3.39
445,541,4.0,4.16
111,45672,3.0,3.09
594,3616,4.5,3.26
271,5508,4.0,3.6
77,5378,5.0,3.32
427,5378,3.5,3.32
555,2007,5.0,0.0
373,480,4.0,3.71
474,4874,2.5,3.71
570,3481,3.5,3.7
385,594,3.0,3.57
264,2571,4.5,4.17
216,1288,5.0,4.05
325,4956,5.0,0.0
480,3996,4.0,4.13
580,34,2.5,3.68
574,47,5.0,3.97
563,2052,4.0,2.89
66,1201,5.0,4.35
104,733,3.0,3.77
298,97306,3.0,3.61
282,1213,4.5,4.4
483,5541,3.5,3.2
479,2701,1.0,2.43
274,31878,3.0,3.78
590,6987,3.5,4.01
267,4011,5.0,4.13
22,31658,2.5,4.24
387,1529,2.5,0.0
593,5378,1.5,3.33
432,48516,2.5,4.36
219,44761,4.5,3.7
154,73321,2.5,3.69
288,7254,3.5,3.66
165,5485,3.0,0.0
199,1797,3.0,4.21
232,67267,4.0,0.0
7,2701,1.5,2.44
380,2498,3.0,1.67
275,3361,3.0,3.9
90,1144,4.0,0.0
190,318,4.0,4.51
312,3702,4.0,3.83
155,2384,2.0,2.79
580,7001,2.5,4.52
447,474,5.0,3.92
200,7361,4.5,4.35
600,6003,3.0,3.54
352,117529,3.0,3.38
226,8360,4.0,3.63
607,3034,2.0,3.57
232,1911,3.0,2.83
587,2002,4.0,2.75
480,47644,3.5,3.09
328,1270,4.0,4.08
292,3916,4.0,3.67
19,2700,4.0,4.17
226,1884,3.5,3.97
405,4239,4.0,3.91
171,317,4.0,3.18
567,122920,2.5,3.83
469,2456,3.0,2.69
479,1320,3.0,3.14
483,1059,4.0,3.97
459,177765,5.0,3.24
430,3754,3.0,2.34
73,4447,3.5,3.21
287,532,2.5,3.17
288,3345,3.0,0.0
14,383,4.0,3.08
119,1732,4.0,3.92
10,82167,3.5,3.2
292,63859,4.0,3.56
307,4477,4.0,1.69
63,50,5.0,4.37
182,150,2.5,3.95
162,318,5.0,4.52
244,648,4.0,3.56
350,65,3.0,2.71
45,185,3.0,3.3
100,1277,4.0,3.74
89,149350,5.0,0.0
387,5255,1.5,2.96
166,1,5.0,3.99
448,132462,1.0,0.0
454,3949,4.0,3.92
448,3689,3.0,1.51
414,4448,4.0,3.65
387,6645,3.5,3.7
328,128360,3.0,4.0
599,3053,3.0,4.37
63,96079,3.5,3.93
339,4056,4.5,3.57
486,150,5.0,3.77
412,1073,1.0,3.95
308,44555,1.5,4.19
354,750,3.0,4.35
42,3450,5.0,3.36
606,4085,2.5,3.49
597,1231,5.0,4.05
460,51255,4.5,3.85
31,1099,2.0,0.0
414,46530,4.0,3.08
606,903,4.0,4.09
108,4992,4.0,2.69
232,49530,4.0,3.95
279,3753,3.0,3.49
277,95,3.0,2.84
232,1917,4.5,3.01
280,6377,4.5,4.04
317,293,5.0,4.11
210,296,0.5,4.25
495,35836,5.0,3.58
212,5971,4.0,3.91
91,7360,5.0,4.18
114,81834,3.0,4.11
502,520,5.0,3.02
525,750,3.5,4.45
322,1721,1.0,3.49
414,923,5.0,4.21
562,6975,3.5,4.04
380,7573,3.0,3.33
589,350,3.0,3.3
117,47,4.0,4.01
587,1270,5.0,4.05
489,59725,2.5,2.48
448,107,4.0,3.73
283,1210,4.0,4.2
477,2208,4.0,4.05
264,1028,5.0,3.73
452,2160,5.0,4.16
607,316,3.0,3.39
225,3264,3.0,2.53
602,597,2.0,3.61
288,1357,3.5,4.33
438,802,3.5,3.43
369,48082,3.5,3.86
104,6367,4.0,2.71
89,73015,1.5,3.73
542,5502,1.0,3.13
201,592,3.0,3.52
153,106920,4.0,3.81
586,117851,5.0,0.0
17,1358,3.0,4.17
88,5995,4.5,3.96
370,6874,4.0,3.92
187,6711,4.5,4.18
610,149011,3.5,0.0
309,1276,4.0,4.28
415,2291,4.0,3.73
438,8640,3.0,2.88
23,7932,3.0,0.0
43,349,3.0,3.81
201,2094,4.0,3.35
563,588,4.0,3.87
570,1265,4.0,4.03
608,5464,4.0,3.7
352,4025,3.0,3.16
599,4014,2.5,3.88
603,2875,3.0,0.0
391,3683,5.0,4.06
305,61024,3.0,4.09
89,3022,2.0,4.34
294,1731,1.0,2.07
15,111759,4.5,4.14
438,32,4.0,4.1
561,69526,1.0,2.42
555,2506,5.0,2.63
292,1097,4.5,3.91
294,2170,1.0,2.74
234,3274,5.0,3.27
153,180095,4.0,0.0
57,1291,4.0,4.14
232,34072,3.0,3.67
98,56775,4.0,2.69
325,3158,4.0,0.0
600,919,3.0,3.97
274,1089,4.5,4.47
294,2405,1.0,2.92
599,2232,2.0,3.57
61,2710,3.5,3.02
50,4928,4.0,0.0
298,4886,3.0,4.1
304,314,4.0,3.68
4,2019,2.0,4.27
42,195,3.0,2.85
452,1079,5.0,4.0
42,2568,4.0,3.29
434,1036,4.5,3.91
590,19,2.0,2.99
239,46976,4.5,3.49
307,539,2.0,3.76
274,590,4.0,3.96
19,2428,3.0,2.63
587,1376,4.0,3.51
6,524,3.0,3.62
474,1340,3.5,0.0
249,51086,3.5,3.12
514,26242,3.0,0.0
381,316,3.5,3.45
438,1036,4.0,3.94
466,46578,4.5,3.84
182,3006,3.0,3.88
523,95167,4.5,3.6
305,140956,4.5,0.0
132,8638,4.0,4.23
152,2329,5.0,4.27
288,1965,4.5,3.77
229,1,5.0,3.91
169,6709,3.0,3.51
362,2291,4.0,3.74
45,2006,5.0,3.21
590,1247,4.0,4.09
414,150548,4.0,4.05
590,912,5.0,4.52
527,1994,4.0,3.41
555,1994,4.0,3.44
177,8368,3.5,4.07
41,6539,3.0,3.91
111,170937,3.0,0.0
182,2528,2.5,3.45
387,2993,3.5,3.49
326,40819,5.0,3.78
178,44195,5.0,4.09
509,6093,2.5,0.0
438,30816,3.0,3.23
474,41527,4.0,0.0
432,72641,3.5,3.63
19,1346,2.0,3.38
125,79702,4.0,4.01
287,3948,2.0,3.48
47,101525,3.5,0.0
517,4306,4.0,3.95
593,1968,1.5,3.85
489,5791,3.0,3.93
304,2605,4.0,2.92
452,780,5.0,3.52
80,72998,4.0,3.73
188,904,5.0,4.3
292,1221,4.0,4.3
68,50685,4.5,3.76
376,2716,4.5,3.81
566,253,5.0,3.48
596,122882,5.0,3.89
599,70286,3.0,4.37
143,54503,1.0,4.04
256,88744,4.0,3.34
508,898,2.0,4.31
474,3994,4.5,3.73
177,106487,4.0,3.6
390,3174,4.0,3.32
561,59315,3.5,3.93
28,3681,3.5,4.11
76,52281,3.5,3.44
469,1237,4.0,4.36
328,1252,2.0,4.3
19,356,2.0,4.33
318,2674,3.0,0.0
206,800,5.0,4.13
474,3152,4.0,4.6
288,3483,2.0,3.2
381,4002,4.0,3.92
410,2133,4.0,3.39
84,4,3.0,2.18
105,91542,4.0,3.82
599,2383,0.5,0.0
86,95510,4.5,3.06
182,7254,4.0,3.71
365,1961,1.5,3.85
99,413,3.0,2.63
31,1200,3.0,3.91
387,2530,3.5,2.47
125,99007,4.5,3.17
266,785,4.0,3.57
368,2027,2.0,2.48
520,7036,5.0,2.79
122,1247,5.0,4.07
495,3979,3.0,2.78
217,1792,3.0,3.11
555,748,2.0,2.97
599,58306,2.5,0.0
232,33794,4.5,4.08
386,383,4.0,3.1
102,236,3.0,3.46
199,4848,3.0,3.91
156,587,3.0,3.4
586,135436,4.5,2.93
479,5651,3.0,0.0
517,277,5.0,3.54
151,1265,5.0,3.95
132,1125,3.0,3.75
305,5010,4.5,3.97
448,88140,3.0,4.01
127,1962,3.0,3.8
474,6984,4.0,0.0
380,5991,4.0,3.74
477,1945,4.0,4.01
318,64716,3.5,4.63
68,5582,4.0,3.04
464,593,5.0,4.22
153,2617,0.5,3.04
474,1946,3.5,0.0
82,5094,2.0,1.79
561,6947,4.0,3.65
103,8636,3.0,3.85
288,33166,4.0,4.03
365,70286,2.0,3.95
14,434,4.0,3.07
344,5010,2.0,3.9
281,3911,3.5,3.75
303,1374,5.0,3.7
474,6785,4.5,3.55
307,553,4.5,4.09
4,4246,4.0,3.71
286,1080,4.0,4.07
391,5537,5.0,0.0
603,908,4.0,4.23
610,134368,4.0,3.81
105,112552,4.0,4.33
317,3949,4.0,4.03
400,1213,4.5,4.33
600,1007,3.0,2.39
438,6764,3.5,3.57
269,5,3.0,3.01
325,1845,4.0,4.19
200,7458,4.0,3.53
474,2502,4.0,4.29
438,5563,2.0,3.28
599,5669,4.5,3.83
434,3107,3.5,3.29
522,1200,4.5,3.96
8,235,3.0,3.69
137,4963,2.5,4.01
21,2006,2.5,3.18
414,533,2.0,3.16
509,6942,4.0,3.9
178,1265,4.5,3.98
410,904,5.0,4.33
387,3088,3.0,4.02
483,6942,3.5,3.9
288,1240,3.0,4.08
178,7153,4.5,4.15
330,587,3.5,3.41
387,3204,3.5,4.13
4,4021,4.0,4.22
294,2064,4.0,3.92
387,39381,4.0,3.72
594,1407,0.5,3.23
483,6863,4.0,3.54
19,2683,3.0,3.15
386,329,3.0,3.38
520,2393,3.5,2.77
307,3392,1.0,2.81
374,349,3.0,3.72
122,96728,5.0,3.74
239,2916,3.0,3.69
608,2081,0.5,3.54
57,942,4.0,0.0
68,4299,4.0,3.8
498,208,3.0,3.0
177,31696,2.5,3.64
387,39414,3.0,1.79
105,96373,4.5,0.0
68,37729,2.5,3.59
389,25,4.0,3.78
590,1391,2.5,3.22
249,367,4.0,3.35
525,107,3.5,3.55
514,2289,2.0,4.1
603,778,2.0,4.17
420,47997,3.5,4.27
148,40815,4.0,3.8
415,63082,4.5,3.86
313,1197,3.0,4.29
105,64716,4.0,4.47
567,103335,0.5,3.83
219,33794,4.5,4.03
307,596,2.5,3.5
448,109295,2.0,0.0
414,6294,2.0,2.56
464,60832,4.0,0.0
66,3037,5.0,3.99
232,6942,3.5,4.0
372,1197,4.0,4.28
232,50794,3.0,3.09
365,59022,2.5,3.22
387,45447,3.0,3.28
122,480,4.0,3.75
136,350,5.0,3.36
140,1641,1.0,3.77
453,1457,3.0,2.93
265,1962,4.0,3.83
151,102,4.0,2.4
288,55768,3.0,3.22
384,2268,4.0,3.81
487,4638,2.0,2.92
354,597,3.5,3.61
111,61132,3.5,3.68
202,1312,2.0,0.0
125,54190,5.0,4.05
414,487,2.0,0.91
305,4878,5.0,4.21
414,5956,4.0,4.12
177,900,3.0,0.0
58,342,5.0,3.15
84,948,4.0,0.0
398,2763,4.0,3.72
111,5481,3.5,2.92
74,5791,4.0,3.88
256,3980,5.0,3.17
419,1917,5.0,2.88
288,5065,3.0,2.9
414,1033,3.0,3.71
304,1259,5.0,3.95
330,50,5.0,4.34
226,1007,3.5,2.32
313,4180,5.0,0.0
332,91974,3.5,4.18
219,4299,2.0,3.68
157,3617,3.0,2.93
288,1957,4.0,4.12
19,881,1.0,0.0
288,1616,3.0,3.39
606,5956,4.0,3.82
227,54286,4.5,3.67
474,50274,3.0,0.0
91,3563,3.0,2.11
191,95,3.0,2.83
239,595,3.0,3.85
606,2245,4.0,3.32
274,55721,4.5,4.48
571,12,1.0,2.64
593,588,3.5,3.86
444,480,3.0,3.71
474,7323,4.0,4.29
599,6330,2.5,0.0
63,91630,4.0,3.86
247,3114,4.5,3.92
263,6711,4.5,4.15
527,2565,4.0,4.05
145,208,3.0,2.98
352,130634,1.0,2.22
68,247,2.5,4.01
160,6591,5.0,4.32
600,5096,1.5,0.0
482,474,3.5,3.89
119,130520,3.5,2.82
380,5266,3.0,3.25
135,1892,4.0,3.21
330,150,3.0,3.84
593,339,2.0,3.62
219,45666,1.0,2.96
119,2329,4.0,4.32
182,5812,3.5,4.04
88,1994,3.5,3.39
122,288,5.0,3.43
484,1307,3.5,3.96
104,4886,4.0,3.98
469,357,3.0,3.6
473,2596,4.0,4.15
503,93831,1.5,0.0
68,2174,2.5,3.58
432,64839,4.0,3.74
298,5941,2.0,0.0
61,1090,4.0,4.04
210,5378,5.0,3.36
52,1923,5.0,3.72
298,87306,3.0,3.75
260,128,3.0,0.0
179,113,3.0,0.0
103,3174,4.5,3.37
187,48394,4.0,3.86
448,3671,5.0,4.14
448,43871,1.5,2.9
594,7883,0.5,0.0
377,1269,4.5,4.12
266,1259,4.0,3.98
19,3248,2.0,2.05
445,64614,4.5,4.1
387,3000,4.0,4.15
426,6373,3.5,3.24
252,8961,4.5,3.79
610,6373,3.5,3.5
10,8665,3.5,3.89
489,2115,4.0,3.67
469,1240,4.0,4.04
448,3020,4.0,4.0
298,7325,2.5,3.43
580,54286,5.0,3.78
141,2694,3.0,3.25
570,1270,4.0,4.06
551,96079,4.5,3.85
579,3408,5.0,3.55
66,3499,4.0,3.94
292,1278,4.0,3.96
438,5956,0.5,3.71
356,2144,3.5,3.81
318,106648,3.0,0.0
455,364,3.0,3.95
260,903,4.5,4.08
480,2011,4.0,3.7
599,161008,2.5,0.0
474,5670,3.0,0.0
85,515,4.0,3.56
306,168250,3.0,3.91
459,68954,5.0,4.04
412,933,5.0,4.35
599,4662,3.0,3.19
305,44555,5.0,4.24
186,377,4.0,3.63
307,26686,1.0,0.0
428,1676,3.5,3.56
217,1171,3.0,3.26
368,3162,3.0,0.0
103,88810,3.5,4.05
275,3163,5.0,3.53
462,597,1.5,3.62
219,3210,3.5,3.51
255,1194,5.0,3.63
260,1073,4.0,3.95
474,2291,4.5,3.93
140,3189,4.0,3.83
414,4780,2.0,0.0
24,733,3.0,3.79
534,2004,4.5,3.31
579,2028,3.0,4.14
318,84152,3.5,4.31
18,159093,3.5,3.84
274,3786,3.5,0.0
68,1049,3.5,3.42
351,2959,4.0,4.26
602,231,2.0,3.04
380,2394,5.0,3.49
380,7367,3.0,2.62
177,6385,3.0,4.15
445,7153,5.0,4.17
266,1911,1.0,2.64
222,6793,1.5,1.99
469,2406,3.0,3.63
560,6541,3.0,2.9
601,177765,4.5,3.34
438,353,4.0,3.55
479,3270,4.0,2.41
438,1408,5.0,3.78
610,87869,3.5,3.97
330,509,3.0,3.68
4,4273,4.0,0.0
534,1291,4.5,4.23
21,164909,3.5,2.87
267,29,4.0,4.09
1,2078,5.0,3.85
219,260,5.0,4.34
600,3499,3.5,3.94
292,344,2.0,2.98
285,912,5.0,4.35
474,2959,4.0,4.33
251,2959,5.0,4.25
222,104303,1.5,3.07
104,5618,4.0,4.21
514,1200,5.0,4.01
232,7373,3.5,3.71
245,3196,3.0,3.91
296,33493,1.0,3.42
280,86817,4.0,0.0
427,5459,2.0,2.88
219,30707,2.5,3.9
237,48385,3.5,3.3
288,1320,2.0,3.25
470,527,5.0,4.23
169,440,4.0,3.64
393,8984,5.0,3.24
480,3362,4.0,3.91
353,434,3.0,3.1
265,2455,2.0,3.51
96,1942,5.0,4.01
596,40870,3.5,0.0
579,3082,4.0,3.26
348,296,5.0,4.25
454,2160,4.5,4.1
274,1713,2.5,3.71
382,104076,2.0,2.22
434,68358,3.0,3.97
233,3147,4.0,4.25
587,440,4.0,3.61
33,2539,4.0,3.12
381,3949,5.0,4.04
184,114935,4.5,3.63
480,4016,2.5,3.77
182,3955,1.0,1.8
372,1358,3.0,4.21
171,1225,4.0,4.3
580,25850,0.5,0.0
10,597,3.5,3.57
156,4784,3.0,0.0
594,5364,4.5,3.51
115,1387,5.0,4.12
474,1413,4.5,0.0
318,32657,4.5,0.0
599,2144,3.0,3.98
182,7934,4.0,3.94
119,5989,4.5,4.07
104,56949,3.5,3.25
509,33779,4.0,0.0
18,106489,3.5,3.56
241,106696,4.0,3.57
220,316,2.0,3.41
19,1378,3.0,3.11
360,1617,5.0,4.06
387,520,3.5,3.25
314,141,3.0,3.53
362,4993,5.0,4.22
64,7445,3.5,3.9
534,86332,3.5,3.83
8,357,5.0,3.5
68,4489,2.5,3.37
66,2470,4.0,3.33
91,2144,2.0,3.83
151,736,4.0,3.45
380,60069,5.0,4.3
380,6014,2.0,2.46
260,1094,2.5,3.54
404,193,3.0,2.41
448,5414,2.0,3.15
129,5159,4.0,3.2
22,4903,4.0,3.06
177,3101,3.5,3.29
145,300,3.0,3.47
562,3448,4.0,3.65
510,1198,4.0,4.24
122,5810,4.5,3.32
103,55247,5.0,4.04
266,608,5.0,4.17
200,4993,4.0,4.27
328,1036,1.0,3.89
202,2147,3.0,0.0
522,34405,4.0,4.07
43,661,5.0,3.39
111,170813,4.0,2.77
509,51834,4.0,0.0
111,135861,2.0,3.2
222,91628,1.5,0.0
274,55765,4.0,4.03
303,1270,3.5,4.02
137,110,4.0,4.09
254,47629,2.0,3.92
318,1584,4.5,3.78
305,27801,4.5,3.92
57,457,5.0,4.11
608,593,4.0,4.4
68,2485,3.5,2.95
382,45208,2.0,0.0
184,171763,4.5,4.19
201,2248,5.0,3.79
35,266,2.0,3.31
104,588,4.0,3.95
448,2916,3.0,3.96
68,1387,3.5,4.19
122,101142,4.5,4.22
553,2571,3.5,4.17
573,2115,5.0,3.68
184,168090,4.0,0.0
560,57368,4.5,3.24
7,8865,1.0,2.79
64,2394,3.5,3.47
169,3882,3.5,2.98
288,1373,2.5,2.46
357,1956,4.0,4.02
580,3267,4.0,3.4
365,3996,1.0,3.92
438,589,5.0,4.21
226,5107,2.5,0.0
594,2432,4.5,0.0
303,6303,4.0,3.71
555,1320,5.0,3.24
537,95067,3.0,2.77
105,3742,4.0,4.09
330,1265,4.5,4.07
365,30793,3.5,3.0
68,3101,4.0,3.33
18,89745,4.0,3.98
393,5952,5.0,4.09
448,50601,1.5,3.12
105,213,4.5,3.41
475,5459,4.5,2.97
383,2906,3.0,2.03
606,95105,2.5,3.79
489,5971,4.5,3.91
367,2430,4.0,2.66
477,31660,3.0,0.0
288,6593,4.0,3.15
169,3948,5.0,3.56
284,15,4.0,3.1
290,11,4.0,3.72
4,608,5.0,4.18
477,6534,4.0,2.73
318,3702,3.5,3.91
566,480,4.0,3.73
601,95167,4.0,3.59
275,556,4.0,2.95
19,2065,2.0,3.88
103,68157,5.0,4.27
97,3623,5.0,2.73
603,3557,3.0,2.46
312,5479,3.0,3.03
465,3505,4.0,3.43
354,8961,4.0,3.86
365,508,2.0,3.62
425,344,3.5,2.99
348,4368,3.5,2.41
600,5970,3.0,3.25
298,111743,0.5,3.1
140,4677,4.0,2.69
385,85,3.0,3.83
6,261,4.0,3.97
282,72998,4.0,3.73
54,420,2.0,2.93
610,61323,3.5,3.83
474,6297,3.5,3.45
497,1258,4.0,4.14
318,3967,4.0,3.94
391,1729,2.0,3.7
562,84374,3.5,2.74
517,1293,4.0,3.84
275,2917,5.0,3.85
610,52973,5.0,4.08
448,8290,0.5,0.0
140,2724,4.0,2.77
594,8643,5.0,2.74
385,277,3.0,3.5
247,223,3.0,3.93
226,783,2.0,3.49
221,27773,4.5,4.13
597,1297,4.0,3.9
288,3543,3.0,3.69
539,527,3.5,4.2
323,151,3.5,3.44
50,837,2.5,3.51
68,216,3.5,3.64
294,2899,1.0,0.0
307,24,2.0,3.24
480,36529,4.0,3.98
597,1278,5.0,4.01
599,8832,3.0,0.0
354,2985,4.5,3.55
212,80693,4.0,3.03
226,1091,3.0,2.6
10,63113,3.5,3.5
331,3752,3.0,3.23
14,491,3.0,3.51
474,7932,4.0,0.0
583,64969,3.0,3.78
474,150,4.5,4.04
27,661,3.0,3.44
104,6188,2.0,3.59
382,83177,1.0,0.0
410,1663,5.0,3.9
606,1801,4.0,3.41
229,457,5.0,4.01
573,111362,5.0,3.94
534,3114,4.5,3.99
141,296,4.0,4.27
558,5312,3.0,2.92
68,5103,2.5,3.66
339,166643,4.0,4.01
587,910,4.0,3.87
318,94150,4.0,0.0
239,786,3.0,3.24
523,101962,5.0,0.0
477,2291,2.5,3.89
16,318,4.0,4.53
489,35836,3.0,3.6
608,2141,1.5,3.91
525,3911,4.5,3.83
414,4081,2.0,1.98
140,3998,4.0,3.01
593,26084,3.5,4.3
474,4041,3.0,3.24
368,2986,1.0,3.03
571,152,2.0,0.0
480,45672,2.5,3.02
125,152077,4.0,3.92
263,586,3.0,2.95
599,3537,2.0,0.0
525,53972,3.0,3.7
64,2700,4.5,4.24
560,54995,4.0,3.95
45,4958,4.0,3.21
362,1591,4.0,2.37
483,196,0.5,2.76
9,2901,2.0,3.01
105,72641,4.0,3.87
558,367,3.0,3.2
474,5541,2.0,3.28
387,3426,3.0,2.95
186,4995,3.0,4.08
274,1917,3.5,3.09
109,852,3.0,3.16
217,688,2.0,2.78
534,99007,4.0,3.26
462,116797,3.5,4.07
91,1246,2.0,4.21
380,2401,4.0,4.4
571,2149,1.0,1.93
465,2763,4.0,3.75
526,2959,4.0,4.26
244,1408,5.0,3.78
495,86911,0.5,3.78
125,142422,4.0,4.04
534,5418,4.5,3.92
219,6283,3.5,3.9
263,6299,3.5,3.55
420,480,3.5,3.72
401,783,4.0,3.41
19,432,3.0,2.69
488,971,2.5,4.16
511,2324,4.5,4.04
76,1682,2.5,3.91
604,261,4.0,3.83
232,61705,3.5,0.0
577,3062,3.0,4.18
474,1507,3.5,0.0
603,1554,3.0,2.82
41,6763,5.0,2.29
414,1674,4.0,3.68
298,84954,0.5,3.64
381,4232,3.5,3.14
217,2003,2.0,3.39
448,5548,3.0,0.0
599,32587,3.5,4.15
108,5309,3.0,2.25
275,2731,4.0,3.68
294,3040,5.0,2.72
294,419,1.0,3.16
606,8014,4.5,4.47
68,5445,3.0,3.93
232,3979,2.5,2.75
330,1197,4.5,4.32
410,154,4.0,3.91
448,4963,4.0,4.34
480,41573,2.5,2.38
401,48,2.0,3.11
40,267,3.0,3.05
325,5445,4.0,3.75
68,5049,2.0,3.9
463,6539,3.5,3.86
249,4270,3.5,3.29
330,1784,5.0,3.84
167,2471,2.5,2.72
599,4007,3.0,4.16
271,2968,2.5,3.93
414,7147,4.5,4.31
105,86628,4.0,0.0
605,47610,4.0,3.89
298,2502,3.0,4.23
414,6349,3.0,1.37
601,8961,5.0,3.82
393,32587,0.5,3.93
182,4178,4.0,3.65
357,788,3.0,2.89
339,3462,4.0,3.82
364,1,5.0,3.88
562,1307,5.0,3.95
95,5792,4.0,3.73
357,1028,4.5,3.81
305,72294,3.5,0.0
560,73017,3.5,4.02
62,1210,4.5,4.29
111,98083,5.0,0.0
330,1961,4.0,3.93
140,3969,3.0,3.29
198,5378,3.0,3.35
603,2155,4.0,3.38
318,5673,4.0,3.83
286,6874,5.0,3.9
266,69,5.0,3.69
182,4313,3.5,0.0
504,5669,3.5,3.75
313,3793,3.0,3.7
432,1036,2.0,3.89
27,2687,4.0,3.45
599,4104,2.0,0.0
380,2709,4.0,3.0
489,1644,0.5,2.25
473,5785,3.5,3.7
580,1214,4.0,4.0
610,3911,4.5,3.95
73,4306,2.5,3.97
4,345,4.0,3.73
28,56367,2.5,3.85
20,709,3.0,3.12
448,92507,2.5,0.0
305,589,5.0,4.2
132,1682,3.5,3.96
606,1305,4.0,3.66
19,1517,3.0,3.58
313,4085,3.0,3.37
380,3363,4.0,3.92
367,356,5.0,4.24
135,1372,1.0,3.28
104,4299,3.0,3.63
414,1282,5.0,3.59
606,1222,4.0,4.27
593,1210,4.5,4.24
298,3686,2.5,3.07
290,1617,4.0,4.19
567,1916,5.0,3.28
219,2890,3.0,3.66
58,708,5.0,3.34
600,8981,3.5,3.61
483,1266,4.5,4.32
554,2080,5.0,3.47
339,86332,2.5,3.69
608,3617,3.0,3.14
554,903,5.0,4.06
183,1214,4.0,3.91
68,420,1.0,3.14
288,3676,3.0,3.53
480,3301,2.0,3.71
59,1299,5.0,4.01
73,111362,5.0,3.91
607,1249,4.0,4.07
232,45722,3.5,3.76
426,595,4.0,3.83
470,1073,4.0,3.94
199,293,3.5,4.08
608,2282,3.0,0.0
242,231,3.0,3.04
307,2011,3.5,3.66
68,55253,4.0,0.0
357,858,5.0,4.39
325,300,4.0,3.5
274,3863,3.5,3.26
64,33794,4.0,4.03
6,140,3.0,3.59
27,673,2.0,2.99
28,40414,3.0,3.98
590,1204,4.5,4.41
526,128620,5.0,3.71
166,648,3.0,3.53
414,4812,3.0,1.84
596,32300,3.5,2.61
110,7096,5.0,0.0
307,1917,2.5,2.95
600,5992,1.0,3.49
599,4121,2.5,3.18
391,1247,4.0,4.04
610,8874,5.0,4.37
66,1449,4.5,3.8
480,7983,4.0,4.47
438,3114,4.5,4.0
580,3986,4.0,2.28
66,3745,3.5,3.35
140,5102,3.0,2.16
93,1894,3.0,2.82
294,719,1.0,3.02
153,118696,2.5,3.88
140,3005,3.0,2.86
555,1614,4.0,3.1
518,468,3.0,3.3
88,83177,0.5,0.0
599,2134,1.5,3.22
1,3034,5.0,3.58
573,1527,4.5,3.81
274,63082,4.0,4.25
438,8633,2.0,3.73
474,7303,3.5,4.28
263,2324,5.0,4.08
610,44828,4.0,2.95
368,2353,3.0,3.41
32,1224,3.0,4.18
42,410,2.0,3.26
50,142602,1.0,0.0
587,2605,5.0,2.93
382,33158,2.5,1.82
385,1225,3.0,4.31
356,3160,4.0,3.68
297,733,3.0,3.76
62,122896,3.5,4.52
274,55820,4.0,4.08
7,1183,1.5,3.83
135,2088,3.0,2.6
177,7163,2.0,3.28
288,362,3.0,4.04
391,2605,2.0,2.89
336,2268,4.0,3.82
513,920,5.0,3.56
305,84152,4.5,4.16
424,54503,4.0,4.07
342,2706,4.0,3.31
77,2571,5.0,4.17
202,2640,4.0,3.81
351,56941,3.0,2.7
187,1261,5.0,4.02
173,597,3.0,3.56
339,54503,4.5,4.16
414,7315,2.0,0.0
560,6934,3.5,3.36
414,4229,3.0,0.76
465,3681,4.0,4.05
24,3556,2.0,3.88
525,80549,4.5,3.93
213,59615,3.5,2.66
294,2709,4.0,3.09
492,1431,4.0,2.25
313,1220,1.0,3.93
20,4821,0.5,3.38
606,15,3.5,3.23
555,2255,1.0,0.0
20,661,5.0,3.42
424,4450,4.5,2.99
274,4886,3.5,4.24
330,5952,4.0,4.11
28,61986,3.0,0.0
480,2699,1.5,2.95
580,6300,5.0,0.0
448,103865,2.0,0.0
200,2145,4.5,3.21
139,6957,1.5,3.47
331,3578,4.5,4.01
96,377,5.0,3.57
225,2371,4.0,3.06
504,6708,4.5,3.76
360,1414,2.0,2.81
380,1917,3.0,3.09
385,349,3.0,3.74
328,912,1.0,4.44
21,105844,2.0,3.94
217,3494,3.0,0.0
166,6,3.5,3.95
425,2710,3.5,3.09
580,1729,4.5,3.75
42,2001,4.0,3.3
298,34405,4.0,4.06
414,1020,2.0,3.64
599,2915,3.0,3.61
43,519,5.0,2.36
606,1183,3.5,3.95
84,1028,4.0,3.82
84,5060,4.0,4.08
288,3354,2.0,2.74
307,32587,4.5,4.0
608,6059,4.0,3.45
517,1265,3.0,4.01
219,5378,2.0,3.42
380,91542,2.0,3.95
307,367,1.5,3.28
606,3462,4.0,3.86
232,6264,3.0,2.23
606,7382,4.5,0.0
380,1278,5.0,4.09
431,1234,4.0,4.13
414,2791,4.0,4.32
288,45668,3.0,3.43
608,6377,4.0,4.16
182,377,2.5,3.76
477,239,3.5,3.31
42,4027,4.0,3.79
182,653,2.5,3.29
301,6711,3.0,4.15
64,520,4.0,3.19
445,1230,5.0,4.03
580,912,0.5,4.42
590,2005,4.0,3.89
19,435,2.0,2.53
328,293,3.5,4.13
249,105213,4.0,3.31
509,6874,3.0,3.95
608,4876,3.5,2.37
100,923,3.5,4.02
129,1517,3.5,3.51
292,2401,3.0,4.4
3,1371,3.0,3.01
52,50872,4.0,4.04
405,1214,4.0,3.92
610,5444,3.5,4.03
64,260,3.5,4.33
1,2899,5.0,0.0
123,44199,4.0,3.82
448,355,2.0,2.37
561,7143,4.0,4.04
474,47894,3.5,4.24
216,514,3.0,3.53
601,134853,5.0,3.91
514,26133,5.0,3.62
15,1527,3.0,3.79
610,58295,3.5,3.57
239,3623,4.0,2.77
560,155288,3.5,2.52
274,5265,4.0,3.41
50,92427,1.0,0.0
288,2527,3.0,3.75
45,5568,2.0,3.22
200,2599,3.0,3.79
135,293,4.0,4.13
84,1381,3.0,2.05
586,1704,5.0,4.1
140,7294,3.0,0.0
608,277,2.5,3.61
220,480,5.0,3.76
6,17,4.0,3.89
143,79132,2.0,4.06
263,6333,3.0,3.69
610,89753,4.0,4.58
288,1036,3.0,4.01
217,3033,2.0,3.54
334,2115,2.5,3.62
182,1245,4.5,4.36
480,235,3.0,3.82
510,1060,3.0,3.71
458,150,5.0,3.78
91,7000,3.0,3.12
330,3949,4.5,4.01
68,52287,2.0,3.86
63,1136,5.0,4.32
607,1196,3.0,4.29
216,2987,3.0,3.7
606,5299,4.0,3.3
474,4823,4.0,3.09
321,3,3.0,3.29
276,1,4.0,3.89
572,1958,4.0,3.72
428,1911,1.5,2.66
193,1196,4.5,4.23
448,27478,3.5,3.23
596,5618,4.5,4.38
472,3254,3.5,3.47
438,2028,4.0,4.23
451,786,3.0,3.2
74,8838,5.0,0.0
246,1584,3.5,3.64
217,1200,3.0,4.08
177,3034,4.0,3.66
448,1425,2.0,0.0
597,153,3.0,3.07
156,5788,4.5,3.2
41,4963,3.0,4.09
26,344,3.0,2.98
414,127130,4.0,0.0
279,924,4.0,3.9
4,2390,5.0,3.9
464,1196,5.0,4.31
274,4388,3.0,2.88
217,1019,3.0,3.63
522,2094,1.5,3.34
511,55908,4.0,4.02
483,3310,4.0,0.0
373,95,2.0,2.87
95,6502,4.5,4.06
68,3052,3.5,3.81
270,3,3.0,3.27
91,1125,3.5,3.77
290,1225,5.0,4.37
111,173255,2.5,0.0
268,2019,5.0,4.25
155,1517,3.0,3.48
448,4677,3.0,2.7
442,3510,1.0,3.36
495,69481,4.5,4.17
246,7147,5.0,3.87
217,414,3.0,0.0
603,175,5.0,4.18
282,593,4.0,4.27
357,3360,3.5,3.66
155,260,4.0,4.25
469,1307,4.0,4.0
169,6266,4.0,2.99
590,2701,2.5,2.58
117,256,3.0,2.88
305,88812,3.5,3.04
342,3157,3.0,2.74
66,7143,4.5,3.97
610,1241,5.0,4.51
421,3461,3.5,2.71
563,1073,4.0,3.94
6,150,4.0,3.85
68,3786,1.0,0.0
41,111659,1.0,2.96
200,46976,4.5,3.48
91,5749,3.0,0.0
599,6615,2.5,2.35
59,1219,5.0,4.07
34,2571,3.0,4.19
10,4246,3.5,3.73
381,6378,4.5,3.89
432,1801,4.5,3.33
414,5989,4.0,4.62
599,2502,4.0,4.33
414,1541,2.0,3.32
219,60126,3.5,3.63
328,919,3.0,3.95
414,5417,3.0,0.0
8,440,3.0,3.6
230,41569,4.0,3.33
414,1013,3.0,3.93
89,167018,2.5,3.91
290,2987,4.0,3.69
391,4178,4.0,3.84
372,616,2.0,3.42
562,7147,4.0,3.85
156,2941,4.0,3.77
288,8640,3.0,2.77
153,2959,0.5,4.29
474,7049,3.0,0.0
568,3261,3.0,3.68
219,21,3.5,3.42
448,688,2.0,2.99
480,4034,3.5,4.19
220,590,5.0,3.86
42,2335,4.0,2.93
462,3426,2.5,2.98
551,112852,3.0,4.32
610,6,5.0,4.03
373,34,4.0,3.64
483,377,1.5,3.78
62,48385,4.0,3.37
123,111759,4.5,4.09
606,1727,3.5,0.0
462,8620,2.5,0.0
438,31221,1.5,2.15
234,1097,5.0,3.9
78,648,3.0,3.55
182,6624,0.5,2.28
189,79132,4.5,4.07
249,79057,3.5,3.97
502,903,3.5,4.05
606,1663,2.0,4.02
414,4280,4.0,3.62
63,592,4.0,3.54
273,223,5.0,3.91
294,1262,4.0,4.31
489,91488,3.5,0.0
334,55820,3.0,3.91
177,88125,5.0,3.89
226,6502,4.0,4.18
111,46948,0.5,3.77
325,2167,3.0,3.5
457,2706,4.0,3.33
212,180031,4.0,3.63
122,4874,4.5,3.69
89,32243,3.5,0.0
213,4368,3.0,2.37
274,5478,2.5,3.46
288,8961,4.0,4.0
27,3519,3.0,3.22
608,329,3.0,3.46
249,7439,3.0,3.4
38,588,3.0,3.86
414,50872,4.0,4.58
68,59900,1.0,3.33
489,4020,3.0,3.28
608,1275,2.5,4.12
211,3869,3.0,3.32
216,364,3.0,3.94
182,5108,1.5,2.94
380,74545,3.5,3.96
544,694,4.0,2.38
603,1635,5.0,4.11
466,34150,4.0,2.77
525,2788,4.0,4.24
448,89470,4.0,3.82
239,2001,3.5,3.28
516,2268,3.0,3.8
603,3435,5.0,4.3
294,2072,1.0,3.2
382,4310,3.5,2.58
22,36529,2.5,3.87
98,4226,4.0,4.15
318,97904,4.0,0.0
474,4226,5.0,4.37
18,2000,4.0,3.81
182,5298,4.0,3.58
600,616,4.0,3.45
599,524,2.5,3.77
428,4310,3.0,2.53
589,527,5.0,4.22
298,76060,2.5,0.0
474,830,2.0,3.45
103,36,4.0,3.88
479,3428,3.0,0.0
439,7153,5.0,4.14
7,58,3.0,3.88
484,1438,1.5,2.69
140,37739,4.0,0.0
45,3255,3.0,3.4
63,8376,2.5,3.05
606,2875,3.0,0.0
59,750,5.0,4.33
373,410,3.0,3.15
275,608,4.0,4.26
4,3386,4.0,3.11
298,1916,3.0,3.3
597,1240,4.0,4.03
312,2529,4.0,3.82
264,1876,3.5,2.99
71,160,3.0,2.89
140,339,3.0,3.7
44,260,5.0,4.24
318,113348,3.5,2.74
368,2641,2.0,3.17
404,34,4.0,3.63
425,1466,4.0,3.86
469,920,3.0,3.61
353,204,2.0,2.62
532,111,4.0,4.17
288,1242,4.0,4.31
274,2687,3.0,3.83
145,153,3.0,2.95
331,3911,5.0,3.78
254,648,3.5,3.53
588,223,5.0,3.93
528,6006,3.5,2.4
492,667,3.0,2.85
432,589,3.5,4.08
414,3252,5.0,3.98
58,62,3.0,3.75
365,59315,3.5,3.88
232,48043,3.5,3.56
297,6,5.0,3.92
144,2000,3.5,3.69
288,597,3.0,3.7
579,2485,3.0,2.73
71,1370,4.0,3.54
80,150,4.0,3.78
380,1022,3.0,3.67
452,2490,5.0,3.23
136,273,3.0,2.82
302,17,5.0,3.85
414,1371,3.0,3.08
19,2148,2.0,3.59
555,1591,4.0,2.36
608,2699,1.5,3.0
186,3409,4.0,2.85
117,105,3.0,3.3
15,160980,3.5,3.18
68,2490,3.0,3.13
495,1247,5.0,4.06
298,64839,3.0,3.81
21,19,2.5,2.94
43,828,5.0,2.4
573,45722,5.0,3.64
380,223,4.0,4.0
117,531,3.0,3.15
368,3370,3.0,0.0
198,903,4.0,4.05
156,2797,3.0,3.86
249,30810,3.5,3.73
516,2259,3.0,3.66
225,2327,5.0,0.0
437,440,3.0,3.6
66,457,3.0,4.05
31,7,4.0,3.13
610,136020,3.5,3.38
380,1033,3.0,3.71
596,103772,2.5,3.5
68,152081,3.0,4.43
298,6773,3.0,3.59
305,5299,4.0,3.32
202,3681,4.0,4.15
312,5015,4.0,3.41
286,158,3.0,2.86
372,235,2.0,3.73
477,1271,4.5,3.38
414,4089,2.0,0.0
484,364,5.0,4.02
33,448,4.0,3.48
312,1089,4.0,4.3
594,6967,0.5,0.0
386,32,3.0,3.97
608,3968,3.0,3.13
380,587,3.0,3.58
298,1587,3.0,3.44
141,1485,2.5,3.14
261,30810,1.0,3.65
561,6188,3.5,3.66
608,150,2.0,3.9
352,5995,5.0,3.96
570,508,3.5,3.71
249,79132,5.0,4.57
99,259,3.0,3.54
240,173,3.0,2.5
305,4034,4.5,4.12
217,2860,2.0,2.89
66,1,4.0,4.03
419,1206,4.5,4.16
111,181659,2.5,0.0
603,2167,4.0,3.57
607,3053,5.0,4.5
514,8906,2.0,0.0
474,39381,3.0,3.82
346,2858,4.5,4.09
593,377,2.5,3.57
489,79132,4.5,4.27
182,480,3.5,3.86
290,2329,4.0,4.31
288,788,2.0,3.09
255,1079,2.0,3.92
610,72011,4.0,3.98
132,6593,3.5,3.12
249,45730,3.5,2.59
230,150,2.0,3.78
456,653,4.0,3.15
177,932,5.0,3.33
232,8982,3.0,0.0
599,4015,2.0,3.15
453,47,5.0,4.11
546,3354,4.0,2.92
198,3868,4.0,3.43
135,157,2.0,3.53
567,143367,4.5,0.0
380,147382,4.0,0.0
212,98243,4.0,3.79
465,3698,4.0,3.22
480,780,3.0,3.61
64,1225,4.0,4.39
47,597,3.0,3.58
128,1721,4.0,3.47
489,7367,0.5,2.43
229,5,3.0,3.02
23,175,3.0,4.16
391,1041,4.0,5.0
42,3502,5.0,0.0
216,2395,5.0,3.48
560,5349,3.5,3.68
368,3704,2.0,3.59
335,356,4.0,4.18
495,2700,4.5,4.08
489,4474,4.5,2.4
483,2793,3.5,1.83
391,608,5.0,4.26
599,2734,2.5,3.38
411,52,2.0,3.56
182,5902,4.5,4.0
410,2987,4.0,3.65
465,2628,2.0,3.21
563,80858,3.5,0.0
361,466,3.5,3.01
596,7458,2.5,3.51
182,2713,0.5,3.19
474,1345,3.5,3.21
140,6539,3.5,4.01
125,161131,3.5,3.75
493,4701,5.0,3.29
202,1370,4.0,3.59
380,120799,3.0,3.0
201,1917,4.0,2.9
317,74458,4.0,4.28
43,1084,5.0,4.16
483,1566,4.0,3.56
453,1641,4.0,3.83
584,477,4.0,3.45
292,85414,4.0,3.6
368,3654,3.0,3.97
436,370,2.0,3.2
21,32587,3.0,4.02
474,45730,3.0,2.8
424,3176,5.0,3.36
186,1391,4.0,3.13
134,163,3.0,3.52
610,4852,1.0,0.0
232,34334,3.0,2.21
279,1208,3.5,4.22
362,60072,3.5,3.12
170,553,4.0,3.87
96,454,4.0,3.59
502,1250,5.0,4.07
414,3019,4.0,4.15
160,786,1.0,3.23
45,5349,5.0,3.66
600,39435,2.5,3.09
21,2167,3.5,3.55
68,8781,2.5,3.04
438,165,4.0,3.88
484,8363,4.5,0.0
367,3453,4.0,0.0
104,674,3.0,2.84
320,3404,0.5,3.68
64,377,3.0,3.75
587,58,5.0,3.94
387,2139,4.0,3.64
367,4310,4.0,2.52
318,65631,4.0,0.0
413,318,5.0,4.53
448,1092,4.0,3.59
355,60,3.0,3.33
318,105197,3.5,4.31
187,6214,4.0,3.94
21,2959,2.0,4.24
254,32,4.5,3.99
477,48516,5.0,4.49
181,432,3.0,2.63
517,55820,1.0,3.89
453,1488,3.0,2.86
448,79879,3.0,2.02
301,527,4.5,4.24
599,5902,3.0,4.12
292,8961,3.5,3.95
322,60040,0.5,3.18
599,34800,1.5,0.0
111,4367,3.5,3.01
254,5995,4.5,4.01
132,32587,4.0,3.93
334,4963,3.5,4.05
98,5444,4.5,3.89
412,2890,4.0,3.66
41,2671,3.0,3.42
480,3988,2.5,3.07
532,1291,5.0,4.11
41,7149,4.5,3.49
217,437,2.0,2.37
381,3552,2.0,3.83
93,1641,4.0,3.75
603,1177,4.0,0.0
19,295,3.0,0.0
362,293,4.5,4.08
404,597,3.0,3.58
15,6874,3.0,3.91
91,2997,3.5,4.07
103,3535,4.5,3.92
266,316,3.0,3.39
186,1320,4.0,3.15
110,8014,4.0,4.29
599,79132,3.0,4.5
331,30793,1.5,3.03
294,762,1.0,2.54
412,1214,4.0,3.92
212,113573,3.0,0.0
447,253,4.0,3.46
274,3424,3.5,4.34
160,242,2.0,0.0
339,47099,5.0,3.87
319,110,4.5,4.06
474,27912,3.0,3.24
602,733,4.0,3.79
380,67255,2.0,4.31
492,724,3.0,3.02
599,6670,2.0,0.0
560,120478,3.5,0.0
239,1196,5.0,4.37
599,27549,1.5,0.0
83,30749,3.5,4.03
475,1210,5.0,4.25
480,2273,2.5,3.7
480,7150,3.5,2.72
330,648,2.5,3.59
424,2296,3.0,2.51
325,318,5.0,4.53
439,98809,3.5,3.95
307,3268,1.0,1.69
590,3148,3.5,3.6
602,193,2.0,2.45
31,588,5.0,3.82
18,106487,4.0,3.49
246,4011,4.5,4.21
474,26,3.5,3.65
19,1479,3.0,3.64
318,95873,4.0,3.54
391,2023,3.0,3.37
182,5809,3.0,0.0
425,337,4.0,3.89
200,8984,2.5,3.27
567,103384,1.5,3.08
480,48780,4.5,4.46
596,68835,3.5,0.0
222,3178,3.5,3.53
560,8464,4.0,3.67
34,3052,2.5,3.66
453,2694,3.0,3.29
288,53125,2.5,3.73
294,837,1.0,3.51
305,30749,5.0,4.16
607,1917,5.0,2.88
456,5,3.0,3.02
514,4396,2.5,3.03
307,410,3.0,3.33
604,434,4.0,3.13
474,2450,1.0,2.72
414,3967,4.0,4.32
18,1209,5.0,4.0
610,159,3.5,3.2
111,91658,3.5,3.41
220,6365,4.5,3.32
412,1784,4.0,3.75
462,4427,3.0,3.84
91,3793,4.0,3.76
600,1,2.5,4.05
610,527,3.5,4.39
580,3527,3.5,3.77
554,608,2.0,4.15
500,480,4.0,3.72
279,54503,2.5,4.09
19,141,1.0,3.6
492,104,4.0,3.58
186,317,5.0,3.23
68,180,2.5,3.94
199,1897,3.0,0.0
599,8638,3.0,4.36
610,103688,4.0,4.17
527,2000,5.0,3.72
525,597,4.0,3.72
418,4878,5.0,4.08
586,110130,4.0,0.0
252,137857,3.5,3.65
160,903,4.0,4.02
267,1197,5.0,4.27
28,5378,4.0,3.45
603,99,5.0,0.0
268,2702,4.0,3.72
405,4022,3.5,3.72
288,2657,2.0,3.64
599,4502,1.0,2.36
28,3556,3.0,3.97
411,592,3.0,3.5
314,1367,3.0,3.15
522,51662,1.0,3.65
534,596,4.0,3.39
307,441,3.0,3.98
441,2716,5.0,3.78
410,1635,4.0,3.96
19,328,2.0,3.19
156,6658,3.5,0.0
120,780,2.0,3.44
525,5989,3.5,4.22
274,4233,3.5,1.03
518,6333,4.5,3.63
381,51084,4.0,3.38
482,5378,4.5,3.33
414,1374,4.0,3.98
246,296,4.0,4.28
18,380,2.5,3.67
90,1073,4.0,3.92
68,67408,3.0,3.96
414,60126,3.0,3.89
604,76,4.0,3.23
191,158,2.0,2.84
436,377,4.0,3.58
307,6060,2.0,0.0
600,593,4.0,4.34
42,4489,5.0,3.2
186,2369,4.0,2.62
368,1676,2.0,3.56
474,27873,3.5,3.17
603,3285,1.0,3.14
425,3147,4.0,4.29
43,539,3.0,3.64
75,1266,4.0,4.16
115,2947,4.0,3.89
237,8665,3.5,3.87
130,595,2.0,3.8
368,1378,3.0,3.04
260,2702,2.0,3.71
105,178613,4.0,0.0
489,87485,3.5,3.09
318,3943,4.0,2.65
195,904,5.0,4.33
514,54997,4.0,3.9
561,2746,3.0,3.29
509,1020,3.0,3.17
217,3255,3.0,3.42
50,149406,2.0,3.82
495,736,3.5,3.48
82,317,2.5,3.24
590,2023,3.0,3.45
187,52328,3.0,3.87
600,30812,4.0,3.61
356,2596,4.0,4.26
465,541,5.0,4.16
574,110,5.0,4.06
246,96079,4.5,3.94
21,2858,2.0,4.11
219,2115,3.0,3.69
111,551,4.0,3.64
330,4886,5.0,4.0
448,2413,3.0,3.62
228,541,4.0,4.14
276,62,5.0,3.7
153,2005,2.0,3.76
51,6934,0.5,3.23
483,2968,3.5,4.11
121,508,3.0,3.64
80,55765,4.0,3.91
232,33646,3.5,3.22
413,2353,5.0,3.36
260,7815,5.0,0.0
414,95510,3.5,3.17
590,2137,3.5,4.06
27,2311,2.0,3.72
504,4034,4.5,3.99
525,5785,0.5,3.82
274,5810,3.5,3.47
274,7802,4.0,4.04
79,1210,5.0,4.19
562,2692,4.0,3.99
599,1485,2.5,3.29
68,8968,5.0,3.45
425,1210,3.0,4.29
516,4322,4.0,3.58
57,1614,2.0,3.06
448,1032,4.0,3.36
74,5995,5.0,3.97
103,1296,3.5,4.34
558,4903,2.0,3.03
414,5159,3.0,3.96
425,3020,4.0,3.82
280,4239,5.0,3.93
253,446,5.0,3.57
452,1220,4.0,3.91
489,5316,2.5,3.31
466,5418,4.0,3.82
369,500,3.0,3.46
514,3703,4.5,3.86
339,69784,4.5,3.43
490,4973,4.0,4.27
414,45447,3.0,3.76
200,4995,4.0,4.19
309,1201,4.5,4.24
380,79274,5.0,0.0
45,3481,4.0,3.73
33,1446,5.0,4.27
45,2021,3.0,3.3
91,2019,4.5,4.34
80,1221,4.0,4.27
132,7371,3.0,4.23
21,858,2.5,4.32
124,1961,4.0,3.81
570,1127,4.5,3.46
177,3247,2.0,3.26
68,166528,4.5,4.31
236,2770,5.0,2.87
140,3011,2.0,3.54
308,45499,2.0,3.35
600,1186,0.5,3.58
14,25,4.0,3.8
357,50,5.0,4.34
368,1580,3.0,3.6
610,58559,4.5,4.68
356,1639,4.0,3.69
483,88954,3.0,0.0
292,3751,3.0,3.64
381,5171,2.0,3.15
571,1981,3.0,0.0
455,272,4.0,3.46
474,7285,4.0,3.95
415,5782,4.5,3.89
417,7153,5.0,4.17
517,368,3.0,3.53
445,457,4.0,3.99
480,8360,3.5,3.71
509,1704,3.5,4.14
525,783,2.0,3.52
495,4958,3.0,3.28
590,1248,4.0,4.43
307,1265,3.0,4.2
140,104,3.0,3.62
68,1391,3.0,3.28
484,2805,2.5,2.99
318,1032,4.0,3.3
544,780,5.0,3.44
414,6331,4.0,4.27
469,1945,5.0,4.04
377,7063,5.0,3.86
610,6620,4.0,4.45
606,2858,4.5,4.18
109,39,3.0,3.41
171,32,5.0,3.98
474,3629,4.0,0.0
357,27329,4.0,0.0
586,6365,4.0,3.35
68,59126,4.0,3.81
310,58,4.5,3.85
561,101362,2.0,3.29
103,2144,4.0,3.81
497,2762,5.0,3.92
55,1947,0.5,3.53
469,3763,3.0,3.31
31,788,2.0,2.8
18,8644,3.5,3.64
469,1253,3.0,4.01
306,100390,3.5,2.73
95,8636,4.5,3.81
140,165,4.0,3.84
409,2657,4.0,3.49
546,3190,4.0,0.0
448,5522,5.0,3.41
264,3510,4.5,3.37
474,5572,3.5,2.55
480,7263,3.0,3.31
474,1013,3.0,3.56
408,49272,5.0,4.08
474,5034,5.0,0.0
303,3703,5.0,3.87
335,593,3.5,4.16
68,40629,4.0,3.82
195,1682,4.0,3.93
247,74458,4.0,4.24
414,46335,2.5,1.99
586,1200,5.0,3.98
606,4370,3.5,3.35
232,48385,3.5,3.35
292,2989,4.0,3.54
464,1779,3.5,2.93
432,3082,3.0,3.29
140,1393,4.0,3.56
474,4495,5.0,0.0
517,910,4.0,3.89
246,53125,4.5,3.75
480,3968,3.5,3.12
282,1240,4.5,3.96
569,434,4.0,3.06
58,368,4.0,3.52
249,112556,5.0,4.0
385,786,3.0,3.2
122,95088,4.0,3.84
414,5620,2.0,3.06
198,357,5.0,3.55
226,2918,4.5,4.05
474,4509,1.5,3.77
182,3629,4.5,0.0
119,106782,4.5,4.11
534,4896,4.0,3.9
321,597,3.0,3.59
274,51662,4.0,3.87
95,1011,4.0,2.36
600,1214,2.5,4.0
19,915,2.0,4.03
448,4053,2.0,0.0
259,7361,4.0,4.3
599,6378,2.5,4.05
328,1282,5.0,3.74
232,2268,4.0,3.99
148,54001,4.0,3.85
567,122892,2.0,3.92
7,3869,5.0,3.31
489,368,3.0,3.61
563,5991,3.5,3.64
64,2355,4.0,3.69
217,954,4.0,4.17
245,1361,3.0,4.48
189,54286,4.5,3.62
1,1500,4.0,3.74
432,6016,4.0,4.22
282,48738,4.5,3.8
28,5292,3.5,3.73
62,122912,4.0,4.71
274,38992,3.5,0.0
28,51935,2.5,4.1
58,31,4.0,3.4
462,589,2.5,4.09
82,170,3.0,3.27
448,2001,3.5,3.49
280,7451,5.0,3.7
28,49272,3.5,4.15
540,6539,4.5,3.88
75,1090,1.0,4.03
314,151,3.0,3.47
275,300,3.0,3.51
469,3767,2.0,0.0
365,96737,1.5,4.22
45,3285,3.0,3.14
318,154,3.0,3.99
563,49286,3.5,3.08
590,2791,3.0,4.01
600,2997,4.5,4.02
380,3471,3.0,4.14
509,1088,3.0,3.44
113,2340,1.0,3.32
567,2951,1.5,4.09
370,4226,3.5,4.13
346,7178,3.0,0.0
187,223,4.5,3.93
215,1246,4.5,4.09
176,39,3.0,3.4
62,53464,3.0,2.43
274,5218,3.5,4.03
541,608,3.0,4.13
453,1089,5.0,4.32
418,88125,4.5,3.71
520,1250,4.0,4.09
45,1037,4.0,2.69
567,114627,3.5,0.0
237,293,4.0,4.05
290,3362,4.0,3.94
597,1099,4.0,0.0
483,4823,3.5,3.11
610,122904,3.0,4.66
280,60293,4.0,0.0
232,69757,5.0,3.76
246,1884,4.0,3.95
391,260,5.0,4.34
74,8341,3.5,4.04
211,78499,4.0,4.38
420,3545,3.5,2.85
220,1589,3.5,3.37
119,102903,5.0,3.61
249,45722,3.5,3.83
105,9010,4.5,4.2
573,96079,5.0,3.91
156,2369,4.0,2.55
305,7981,5.0,4.59
469,728,3.0,3.76
292,3948,2.0,3.59
318,32511,4.5,0.0
473,2959,4.0,4.25
448,159077,2.5,0.0
140,6299,3.0,3.6
313,2011,1.0,3.59
45,441,3.0,3.9
474,224,3.5,4.02
111,140110,4.5,4.18
298,1923,2.5,3.84
604,442,4.0,3.06
219,6893,2.5,4.21
484,3177,4.0,0.0
599,3510,2.5,3.77
91,832,3.0,3.3
103,58803,4.0,3.81
559,344,3.0,2.99
82,2383,2.5,0.0
249,49824,3.5,0.0
455,589,3.0,4.01
109,329,2.0,3.38
51,4876,3.0,2.26
490,6333,2.5,3.66
610,101741,3.5,0.0
274,35957,3.5,3.2
362,110,4.0,4.1
474,1269,3.5,4.24
372,1245,3.0,4.25
86,6373,4.0,3.23
561,145,3.0,3.46
226,1527,4.5,3.81
213,858,4.0,4.29
428,3751,2.0,3.6
287,2633,2.0,0.0
68,89492,4.5,4.33
168,1219,4.0,4.06
282,2948,4.0,3.61
474,47099,4.0,4.12
474,4210,3.5,3.81
166,5445,4.0,3.76
341,135887,4.0,2.55
330,33794,3.0,4.0
603,4017,4.0,3.43
474,6357,3.0,0.0
480,3943,4.0,2.67
249,59315,4.5,4.06
422,2598,3.0,2.79
285,1093,2.5,3.48
610,51255,5.0,4.3
599,3342,2.5,3.48
450,3952,4.0,2.68
97,4022,5.0,3.71
357,339,3.5,3.66
115,1241,1.0,4.38
125,6539,4.0,3.95
381,318,3.5,4.61
387,1291,3.5,4.22
240,339,3.0,3.7
80,85414,4.5,3.66
602,509,1.0,3.66
111,157296,4.5,3.63
125,111743,4.0,3.02
562,2028,3.0,4.19
58,527,5.0,4.23
19,1278,4.0,4.0
239,353,3.5,3.5
247,1196,4.5,4.3
519,356,5.0,4.18
140,3055,3.0,3.51
555,1544,4.0,2.77
182,3812,4.0,3.35
610,129313,4.0,0.0
261,81591,4.5,3.64
424,81591,3.5,3.62
230,52715,2.0,0.0
462,1210,1.0,4.25
495,80463,5.0,3.79
35,50,5.0,4.26
498,47,3.0,3.97
600,440,2.5,3.69
414,720,5.0,4.45
606,4056,3.5,3.68
500,2289,3.0,4.03
520,68157,4.5,4.18
233,1298,4.0,3.89
414,47099,3.5,4.45
609,650,3.0,3.02
62,8984,5.0,3.29
83,1222,5.0,4.09
220,1196,5.0,4.34
603,2540,3.0,0.0
432,50,3.0,4.35
564,90522,4.0,2.33
480,594,3.5,3.64
3,720,0.5,4.25
300,8950,3.0,4.03
606,50842,4.5,0.0
159,5377,2.0,3.77
545,1779,3.0,2.89
199,8528,3.0,3.81
274,3081,4.0,3.75
448,86880,1.5,3.84
74,5893,2.5,0.0
116,1088,4.5,3.48
232,2018,1.5,3.27
339,1231,5.0,4.01
68,8623,3.5,3.55
307,7346,2.5,3.26
198,2338,1.0,2.36
610,31685,3.0,3.42
368,3432,2.0,0.0
331,122882,5.0,3.83
567,95510,2.0,3.08
89,26429,4.0,0.0
202,2951,4.0,4.16
332,89745,2.5,3.87
294,2098,2.0,0.0
199,923,5.0,4.08
183,1220,4.0,3.86
266,1466,5.0,3.78
606,8501,4.0,3.61
19,3704,2.0,3.63
603,121,4.0,0.0
156,3283,2.0,0.0
331,49530,3.5,3.86
111,55276,4.0,4.03
287,2505,1.0,3.4
548,1196,3.5,4.23
555,1198,4.0,4.32
100,2496,4.0,2.9
298,4388,2.0,2.89
610,49932,4.0,2.86
201,2641,3.0,3.17
599,6909,2.5,0.0
156,1960,4.0,3.68
87,2139,3.0,3.31
232,3275,4.5,4.34
387,8574,2.5,0.0
393,6333,5.0,3.72
599,235,3.5,3.73
382,55247,5.0,4.03
318,616,3.5,3.32
365,4993,3.5,4.23
428,2581,2.0,2.97
63,10,3.0,3.51
163,1515,3.0,2.0
382,4447,3.5,3.22
450,70,2.0,3.51
357,926,5.0,4.46
192,47,3.0,3.97
266,24,1.0,3.19
599,5556,1.5,0.0
545,2763,4.0,3.74
603,2104,4.0,0.0
314,703,2.0,0.0
475,122886,4.5,3.87
177,71464,2.5,3.28
291,91542,4.0,3.74
590,1196,5.0,4.45
606,640,2.5,3.27
234,2985,4.0,3.56
52,57669,5.0,4.18
190,4886,4.0,3.94
146,880,2.0,2.8
156,2395,3.5,3.54
365,94677,3.0,4.09
382,2687,4.5,3.52
368,2476,3.0,3.84
141,8368,4.0,3.97
415,4958,3.5,3.1
438,2701,2.0,2.62
381,5872,4.0,3.11
140,3555,4.0,3.37
522,3243,1.5,2.56
59,1797,5.0,4.17
376,2115,4.5,3.64
50,104913,2.5,3.9
177,2023,2.0,3.35
62,2571,5.0,4.32
561,115617,3.0,4.14
184,193567,3.0,0.0
274,31427,2.5,2.34
233,5995,4.0,3.97
357,4022,4.0,3.76
244,507,2.0,3.6
83,81845,4.0,4.16
298,4900,2.5,0.0
274,2096,3.0,3.59
448,5055,3.0,2.63
526,318,4.0,4.52
274,5047,4.0,4.18
307,60037,2.0,0.0
577,1090,3.0,4.03
480,4728,1.5,3.19
263,2081,4.0,3.46
520,73017,5.0,3.88
120,141,3.0,3.52
466,4963,5.0,4.08
165,5505,3.0,3.01
19,866,2.0,4.01
592,276,3.0,3.29
438,4019,4.0,3.76
414,1810,3.0,3.67
357,1225,5.0,4.34
326,74458,4.5,4.26
139,5110,2.0,3.56
249,53322,4.0,4.09
600,2291,4.5,3.83
580,2028,5.0,4.21
105,1230,4.0,4.15
263,2006,4.0,3.1
489,5992,3.5,3.52
352,112556,4.0,3.8
202,999,4.0,2.74
561,466,3.5,3.1
489,1727,3.5,0.0
606,5187,4.0,0.0
381,1080,4.0,4.12
109,36,5.0,3.91
610,111759,4.0,4.56
135,593,5.0,4.29
597,2273,4.0,3.61
210,4995,4.5,4.04
305,68157,5.0,4.43
603,1265,5.0,4.16
274,32298,1.5,0.0
217,379,3.0,2.59
480,30793,4.0,3.17
594,587,5.0,3.39
356,2717,4.0,3.22
414,6281,2.5,3.42
365,2804,3.5,3.99
121,380,3.0,3.55
517,3257,4.0,3.1
244,380,4.0,3.57
254,5319,4.5,4.0
599,6734,2.0,0.0
608,589,3.0,4.21
169,5957,4.0,3.36
477,905,4.0,4.67
608,5902,4.0,3.96
448,2890,3.0,3.75
536,329,3.0,3.37
307,44397,1.5,3.46
230,33166,1.5,4.04
357,5620,3.5,2.94
341,2694,4.0,3.24
307,4025,1.5,3.21
103,4016,3.5,3.7
452,1717,5.0,3.01
263,2987,3.0,3.68
582,81229,4.0,3.54
532,1721,5.0,3.48
559,588,4.0,3.9
599,50,3.5,4.5
448,2990,4.5,3.59
274,27801,4.0,4.13
28,349,3.0,3.77
298,6537,3.0,2.96
307,49530,4.5,3.91
110,2468,3.0,2.5
200,357,4.0,3.57
313,2640,3.0,3.81
522,8784,2.0,3.87
33,1060,5.0,3.74
206,7,4.0,3.11
336,2699,3.5,2.97
382,8643,2.5,2.78
318,108928,3.0,2.41
528,106782,4.0,4.02
483,1591,3.5,2.47
391,368,4.0,3.54
448,140110,2.5,4.16
425,1625,4.0,3.74
380,36529,5.0,4.02
278,54272,5.0,3.53
219,3717,2.5,3.48
493,876,5.0,0.0
552,3421,4.0,3.91
590,2424,3.0,3.4
68,2571,4.5,4.43
414,1513,3.0,3.49
81,589,5.0,4.0
362,60684,4.0,4.03
199,3256,3.0,3.77
219,10,4.5,3.55
465,3334,5.0,4.29
412,1284,5.0,3.67
603,2469,1.0,3.43
68,2001,3.0,3.41
573,2985,4.5,3.58
199,8983,3.5,3.48
288,1665,3.0,3.15
517,2384,4.5,2.81
448,101360,1.5,0.0
332,1296,3.5,4.25
608,2294,4.0,3.39
438,7376,3.0,3.04
599,542,2.0,3.16
283,1641,2.0,3.74
280,80463,3.5,3.72
249,27801,4.0,4.05
93,1356,5.0,3.87
159,45720,4.0,3.85
448,5009,2.5,2.7
477,3671,4.5,4.04
409,3244,4.0,4.06
590,592,3.5,3.61
268,1234,4.0,4.15
265,2529,4.0,3.82
528,51037,3.5,0.0
249,122918,4.5,4.25
596,134130,4.0,4.01
414,8360,4.0,3.74
409,296,5.0,4.27
414,7137,3.5,3.79
433,74458,3.0,4.17
318,33004,4.0,3.51
287,1753,3.0,3.31
509,4700,3.5,3.36
298,6586,2.5,3.27
52,55363,3.0,4.29
57,1616,3.0,3.25
435,216,5.0,3.34
561,78105,3.0,3.4
249,93563,3.0,3.64
489,39,3.5,3.49
174,485,3.0,3.18
374,595,3.0,3.82
512,349,3.0,3.74
580,7842,4.5,3.96
156,4014,1.5,3.67
174,186,3.0,3.19
156,8128,4.0,4.07
534,1876,4.0,3.15
414,45635,3.0,0.0
474,36276,3.5,0.0
474,6947,3.5,3.7
21,296,3.5,4.24
306,35836,2.5,3.52
51,6708,5.0,3.79
68,6659,3.0,3.77
356,2359,4.0,3.53
514,160571,3.0,0.0
522,8874,4.0,4.08
287,2710,1.0,3.05
73,54503,1.5,4.09
414,2236,4.0,2.73
61,1213,4.0,4.33
479,31,3.0,3.4
586,167036,4.0,3.57
274,48,2.0,3.3
232,58998,4.5,4.36
509,136838,2.5,0.0
542,1997,1.5,4.16
307,3252,3.0,3.7
239,2023,4.0,3.4
561,94864,2.0,3.57
419,69860,5.0,0.0
66,1073,4.5,4.04
125,149146,4.0,0.0
424,79132,2.5,4.09
381,7004,3.5,3.1
249,1079,4.0,4.2
287,4903,1.0,2.99
140,1961,4.0,3.92
249,99117,2.5,3.33
483,2700,4.0,4.25
170,110,4.0,4.07
517,46530,2.5,2.9
572,1954,4.0,3.93
603,21,5.0,3.52
244,3020,2.0,3.77
84,1184,3.0,4.39
597,2770,2.0,2.83
414,93840,4.5,4.84
588,350,3.0,3.31
218,1198,4.0,4.23
91,2097,2.0,2.9
136,153,3.0,3.01
414,5673,5.0,4.01
44,12,1.0,2.64
610,924,4.5,3.84
462,82857,4.5,0.0
489,94130,3.5,0.0
160,5903,3.0,3.76
19,673,1.0,3.07
84,1244,4.0,4.07
182,1196,3.0,4.44
220,3421,4.5,3.93
380,8361,3.0,3.51
419,5480,0.5,2.25
452,1617,5.0,4.12
225,1136,3.0,4.21
290,3435,5.0,4.29
66,1027,3.5,3.17
597,2539,3.0,3.27
542,1784,3.5,3.76
420,2186,4.0,4.02
606,30707,4.0,3.86
552,3911,4.0,3.77
391,3503,5.0,3.31
555,1962,5.0,3.79
18,356,4.5,4.4
366,109487,5.0,3.86
177,1283,4.0,4.26
151,743,4.0,2.64
448,2788,4.0,4.42
29,1250,5.0,4.08
274,81932,4.0,4.32
129,6218,4.5,3.33
606,198,4.0,3.34
494,1201,4.0,4.22
514,4564,2.0,3.06
199,1214,4.0,3.95
95,3994,3.0,3.61
73,5299,3.0,3.18
414,1625,4.0,4.3
182,3752,3.0,3.33
7,5349,3.5,3.56
323,440,2.5,3.61
367,928,4.0,4.15
524,748,4.0,2.78
307,3114,3.0,4.01
8,432,1.0,2.62
275,4901,3.0,3.53
351,92422,3.5,0.0
109,32,4.0,3.98
425,7143,3.5,3.99
33,2336,2.0,4.0
182,3729,4.0,0.0
315,1949,3.0,4.49
414,80969,4.0,0.0
477,3462,4.0,3.89
460,54259,4.0,3.63
420,3147,4.5,4.22
246,6618,4.0,4.07
286,7438,5.0,3.96
608,588,3.0,4.05
325,3015,4.0,3.57
607,2253,3.0,2.2
330,3793,4.0,3.73
140,210,3.0,0.0
169,6155,4.5,3.37
64,4886,4.0,4.11
381,6659,1.0,3.7
610,60684,3.5,4.21
391,2248,4.0,3.87
408,119145,2.0,3.99
462,2527,4.0,3.57
249,65810,3.0,0.0
414,1100,3.5,2.64
606,2000,2.5,3.87
64,2683,4.0,3.22
599,55116,2.5,2.32
202,2421,3.0,2.65
290,910,5.0,3.93
596,52722,2.5,3.14
298,56715,3.0,3.85
60,2150,4.0,3.83
474,5755,2.0,0.0
605,1411,3.0,4.43
7,32296,2.0,2.25
419,1876,4.0,2.98
68,1729,3.0,3.77
125,62336,4.5,4.39
477,2174,3.0,3.61
573,1391,1.5,3.2
391,2171,3.0,3.38
305,4639,4.0,2.59
122,60074,3.5,3.07
414,1343,4.0,4.06
608,6827,0.5,1.12
387,8199,4.0,0.0
596,141749,3.5,0.0
292,111360,2.0,2.86
16,1089,4.0,4.27
249,143365,2.5,0.0
448,155743,2.0,0.0
599,8860,3.0,3.24
414,262,4.0,4.55
607,2398,5.0,4.0
199,3362,4.0,3.91
306,4720,3.0,3.69
464,16,4.5,3.97
210,2716,4.5,3.76
599,1243,3.0,4.24
292,101864,4.0,3.73
387,4298,4.5,0.0
254,8874,3.5,4.06
414,48412,2.5,0.0
593,539,4.0,3.59
462,2693,4.5,0.0
195,434,3.0,3.1
19,2701,1.0,2.5
517,1955,2.5,4.26
534,5952,4.0,4.17
352,2329,4.5,4.33
105,68554,4.5,3.47
298,112556,3.0,3.87
68,86880,1.5,3.88
365,27706,2.0,3.16
249,128360,4.5,4.22
105,31658,4.0,4.35
268,2599,4.0,3.74
368,2404,2.0,2.27
328,608,5.0,4.18
465,2571,4.0,4.16
599,3511,0.5,0.0
561,8371,2.0,3.51
177,106696,5.0,3.91
524,1250,4.0,4.1
280,2105,2.0,3.38
18,64839,3.5,3.78
307,8873,4.5,3.89
202,2344,4.0,2.84
477,1208,5.0,4.31
380,70361,3.0,0.0
590,7458,3.0,3.46
480,1393,4.0,3.65
274,76175,3.0,2.62
7,49272,4.5,4.05
462,25788,3.5,0.0
331,7153,4.5,4.22
432,480,4.5,3.75
448,95307,2.0,3.24
2,89774,5.0,3.61
226,6796,4.0,3.85
135,3476,4.0,3.72
40,329,3.0,3.4
594,31433,4.5,2.65
64,647,3.5,3.54
414,61132,4.0,4.3
387,367,3.0,3.28
132,3882,2.5,3.01
608,423,3.0,2.79
307,5452,1.0,2.2
95,1042,4.0,3.38
356,349,3.5,3.74
483,1717,2.0,3.1
331,116797,4.0,4.11
561,7361,3.0,4.37
563,129354,3.0,3.39
393,1199,5.0,4.2
489,2739,4.0,4.0
307,47,4.0,4.14
526,7147,4.5,3.78
307,58287,1.0,0.0
73,102407,3.5,3.38
163,1784,4.0,3.73
234,4022,4.0,3.73
610,377,5.0,3.84
600,2936,5.0,3.72
279,5952,5.0,4.1
483,30707,4.0,3.93
21,106491,3.5,3.54
600,5943,3.0,2.67
434,736,2.5,3.5
414,7458,4.0,3.81
43,7,5.0,3.16
490,69757,4.0,3.53
484,5135,2.0,4.44
322,4027,3.5,3.75
380,1234,5.0,4.25
111,54732,3.5,0.0
474,222,4.0,4.12
380,6936,3.0,3.85
368,2990,3.0,3.35
249,904,3.5,4.49
448,104078,4.0,0.0
600,1247,3.5,4.07
103,1610,3.5,3.9
603,2023,2.0,3.45
525,3897,4.5,3.95
290,2937,4.0,3.55
522,97304,2.5,4.02
312,1391,4.0,3.16
76,48,0.5,3.11
448,55765,4.0,4.03
488,3451,5.0,4.4
221,492,4.5,4.07
238,4498,4.0,2.68
298,3698,2.5,3.31
555,466,2.0,3.15
50,107565,1.5,0.0
402,736,3.0,3.48
115,3499,5.0,3.86
483,2291,4.0,3.84
99,150,5.0,3.78
414,3261,4.0,3.41
84,102,1.0,2.43
534,54503,3.0,4.2
249,4247,3.0,2.42
474,1035,5.0,4.3
586,166643,3.5,4.1
453,2335,4.0,2.88
332,431,3.5,3.8
346,3910,3.5,3.43
599,5337,3.0,2.96
6,494,3.0,3.5
280,2052,4.0,2.92
226,4215,2.5,0.0
610,60074,3.0,3.3
232,2501,4.0,3.95
20,2081,5.0,3.45
139,5013,3.0,3.58
448,2796,3.0,3.34
480,3037,4.0,4.04
70,91077,4.0,4.01
466,74458,4.5,4.23
287,551,4.0,3.61
380,32456,4.0,0.0
414,1208,5.0,4.54
125,62434,4.5,3.45
230,2710,3.0,3.04
234,1359,4.0,2.98
153,2378,0.5,3.24
448,5060,4.0,4.16
103,784,3.0,3.05
105,6187,5.0,3.45
555,216,3.0,3.43
201,1573,4.0,3.43
274,78088,3.0,3.79
597,1748,3.0,3.7
255,3501,1.0,0.0
274,61132,3.5,3.97
480,32291,4.0,0.0
91,3421,3.5,3.94
105,110586,4.0,0.0
91,7454,2.0,2.92
365,6874,2.5,3.9
68,55267,3.0,3.25
107,432,4.0,2.62
339,1219,4.0,4.13
239,2628,3.5,3.32
483,56339,4.5,3.67
414,2411,3.0,2.94
57,1858,3.0,2.86
599,2525,2.0,1.59
186,2968,3.0,3.95
256,173,5.0,2.49
448,90343,2.5,0.0
288,273,2.0,2.93
275,4873,2.0,4.08
91,349,3.0,3.86
318,105250,4.0,0.0
211,1223,3.5,4.09
577,1253,4.0,3.94
380,2871,4.0,3.91
274,2325,1.5,3.78
448,50,4.0,4.49
580,4148,4.0,2.95
84,277,3.0,3.56
249,4979,4.0,3.68
590,63082,4.5,4.0
395,172,4.0,2.68
522,780,3.5,3.48
414,112852,4.0,4.71
204,59604,4.0,0.0
247,1022,2.0,3.67
601,3000,4.0,4.09
199,1590,2.0,3.11
315,1084,4.0,4.12
232,69844,3.5,4.06
41,2959,4.0,4.3
56,786,4.0,3.19
511,115149,4.0,3.87
464,367,2.5,3.22
474,7190,3.5,0.0
365,105213,3.5,2.94
42,4679,4.0,2.75
80,2959,5.0,4.29
303,1358,5.0,4.15
41,53519,0.5,3.56
551,79132,4.0,4.16
560,79702,2.5,4.01
608,7137,4.0,3.38
448,3418,3.0,3.73
186,3516,4.0,0.0
610,102125,5.0,4.03
519,1704,5.0,4.05
42,2628,3.0,3.27
27,2161,4.0,3.64
414,5416,5.0,0.0
610,87876,2.5,3.82
332,3160,4.5,3.7
93,590,5.0,3.86
169,4963,4.5,4.09
315,924,3.0,3.88
318,5137,3.5,4.09
318,30812,3.5,3.69
600,2657,4.5,3.54
50,1,3.0,3.96
414,3740,5.0,4.09
28,6867,4.0,3.58
480,39381,4.0,3.65
298,105844,2.5,3.98
534,69805,4.0,0.0
484,8950,3.0,4.17
381,3157,2.5,2.69
220,60069,5.0,4.14
474,892,3.0,3.68
599,119218,2.5,0.0
351,64622,3.5,2.86
438,5093,2.0,2.83
610,142366,3.0,0.0
380,26585,4.0,0.0
119,1270,4.0,4.01
19,289,2.0,4.19
304,954,5.0,4.14
103,139642,3.5,2.56
515,168252,5.0,4.51
376,912,4.0,4.38
370,2502,4.0,4.16
599,6723,2.0,0.0
610,103228,4.5,4.37
219,61348,0.5,0.0
274,1345,3.5,3.15
517,916,3.0,3.96
362,6,4.0,3.93
597,1906,3.0,0.0
207,2707,3.5,3.25
509,111659,3.5,3.08
437,81,3.0,2.96
446,733,3.0,3.77
448,316,3.0,3.61
117,296,4.0,4.23
137,1293,4.5,3.84
233,648,3.0,3.53
474,638,3.0,0.0
406,261,4.0,3.75
469,1257,4.0,3.59
141,2028,4.0,4.16
298,8914,4.0,4.06
391,4901,3.0,3.51
263,4994,3.0,3.57
356,60293,5.0,0.0
382,2671,3.5,3.4
509,4519,3.0,3.21
446,592,3.0,3.48
76,51662,3.0,3.62
18,1234,4.5,4.22
6,179,1.0,0.0
216,2926,3.0,3.3
96,110,5.0,4.09
474,25952,4.0,0.0
182,4389,5.0,0.0
57,1275,5.0,4.04
103,1348,4.0,3.6
89,53460,3.5,3.59
221,32584,3.0,0.0
93,34,5.0,3.64
76,5956,3.5,3.6
45,1307,3.0,4.0
599,6709,2.0,3.73
200,8638,1.0,4.25
202,2411,2.0,2.74
474,6662,2.5,3.88
274,1882,1.5,2.44
376,150,5.0,3.8
140,1198,4.0,4.34
147,186,1.5,3.15
600,6100,4.0,0.0
279,541,5.0,4.19
199,5574,1.5,3.34
555,4084,3.0,3.01
328,1968,2.5,3.88
104,1253,3.0,3.92
21,108156,3.0,2.87
387,5265,3.0,3.34
387,906,3.5,4.38
249,2485,3.0,2.91
361,49278,4.0,3.61
365,142222,1.5,3.58
105,3307,5.0,4.03
513,6145,2.0,0.0
505,70293,2.0,2.81
57,1127,4.0,3.53
380,5507,3.0,2.78
223,7541,3.5,0.0
448,7016,1.0,0.0
198,1394,1.0,4.23
17,1259,4.0,3.98
186,1931,5.0,0.0
83,1653,3.5,4.02
372,318,5.0,4.54
610,91658,4.0,3.53
52,68954,4.0,4.12
363,1552,3.0,3.15
560,105213,2.5,3.02
141,34162,3.5,3.62
527,1968,5.0,3.85
606,26777,4.0,0.0
354,225,3.5,3.54
274,41566,2.5,3.58
298,103772,3.0,3.51
395,616,3.0,3.4
111,2718,4.0,3.13
474,2726,4.5,4.54
314,7,4.0,3.17
212,122886,3.5,3.86
91,3984,3.5,3.44
522,89492,4.0,4.01
610,3481,4.0,3.87
318,160563,3.5,3.14
217,1101,4.0,3.21
268,2064,2.0,3.83
314,924,5.0,3.89
597,2028,5.0,4.19
178,1810,4.5,3.46
359,2987,3.5,3.64
372,316,5.0,3.39
292,79702,2.0,3.96
159,339,3.0,3.58
286,356,4.5,4.21
346,32179,4.0,0.0
307,4885,2.0,0.0
319,139385,4.5,3.78
484,48,4.5,3.17
596,1214,4.0,3.99
361,260,2.0,4.25
331,54259,3.0,3.72
483,3699,3.0,3.32
564,1923,4.0,3.69
357,69757,3.5,3.59
432,364,5.0,4.02
294,1373,3.0,2.5
84,164,4.0,3.53
462,500,0.5,3.47
324,3897,4.0,3.84
314,500,3.0,3.46
438,379,3.5,2.56
151,761,1.0,3.08
156,2926,3.0,3.21
434,231,4.0,3.12
474,2787,2.0,2.63
510,34148,3.0,0.0
159,49286,2.0,3.05
318,86377,4.0,3.97
84,628,4.0,3.58
573,3753,4.5,3.59
421,61132,0.5,3.52
40,434,3.0,3.15
232,76251,4.5,3.93
159,46976,1.0,3.44
232,6541,3.0,3.0
299,3499,5.0,3.86
493,3793,3.0,3.67
122,2542,5.0,4.27
560,3949,4.0,4.05
39,2947,3.0,3.88
462,2762,2.5,3.98
182,3717,2.5,3.53
474,6376,2.5,0.0
555,1968,5.0,3.93
38,203,3.0,3.68
610,1213,5.0,4.52
391,110,5.0,4.18
100,916,4.5,3.96
600,2122,3.0,1.89
6,440,4.0,3.69
380,115149,5.0,4.17
414,5810,4.0,3.76
21,117368,3.5,0.0
474,230,3.5,3.59
477,7439,3.0,3.33
562,2396,4.5,3.84
525,41571,3.5,3.53
187,3160,4.0,3.72
414,2987,4.0,4.02
226,150,4.5,3.87
393,106642,5.0,4.44
363,50,4.0,4.27
1,1198,5.0,4.32
600,4361,4.5,3.5
314,50,4.0,4.28
600,1034,2.5,3.91
600,337,4.0,3.95
474,40819,4.0,4.07
603,549,4.0,0.0
479,5365,4.0,0.0
263,34,4.0,3.67
599,2470,3.5,3.54
62,136020,4.5,3.18
446,236,3.0,3.46
105,108727,4.5,0.0
232,42011,3.0,2.4
298,27904,3.0,3.79
198,5445,5.0,3.73
597,1964,3.0,4.43
448,1863,3.0,2.22
590,69122,3.0,3.86
160,1037,2.0,2.65
385,215,3.0,3.86
274,3986,4.0,2.27
414,2253,1.0,2.14
298,4979,3.0,3.74
22,6711,4.0,4.14
599,1517,3.5,3.73
249,53125,3.5,4.04
218,2302,2.5,3.2
332,2959,4.5,4.31
517,597,3.0,3.62
554,307,5.0,3.82
599,6548,1.5,3.62
318,3266,3.5,0.0
432,4023,4.0,3.13
68,231,3.5,3.3
33,1784,2.0,3.77
177,94478,3.0,2.72
260,6283,3.5,3.87
381,51698,3.5,0.0
387,2617,1.0,3.08
202,919,4.0,3.94
97,3578,4.0,3.94
187,27912,4.0,3.19
156,2712,4.0,3.47
117,804,3.0,3.25
307,8814,2.0,1.82
464,74727,5.0,0.0
146,830,4.0,3.51
606,32234,4.0,0.0
160,3702,1.5,3.84
414,25,3.0,4.14
524,457,5.0,4.05
144,32,4.0,3.98
298,3254,2.5,3.62
275,1136,5.0,4.33
19,2793,2.0,1.97
288,3494,4.0,0.0
534,2947,4.0,3.87
603,2356,1.0,3.18
263,2918,3.0,3.93
61,7153,4.5,4.13
570,2763,3.0,3.76
610,133832,3.5,0.0
325,190,5.0,2.41
105,905,4.0,4.61
98,63992,2.0,2.41
438,832,4.0,3.31
298,26903,2.5,4.04
129,253,3.5,3.48
239,5679,2.5,3.46
604,588,3.0,3.85
144,2571,4.0,4.22
590,59315,3.5,3.92
610,160341,2.5,0.0
580,3081,4.0,3.61
202,592,3.0,3.56
474,3681,3.5,4.39
462,34048,1.5,3.31
448,102025,0.5,0.0
517,94070,4.5,3.48
91,5294,3.5,4.09
599,176419,3.5,0.0
528,4011,5.0,4.14
298,104374,2.5,4.2
610,110501,5.0,4.34
368,185,2.0,3.29
220,1089,3.5,4.29
305,7153,5.0,4.37
381,55267,4.0,3.3
414,2096,4.0,3.73
7,356,5.0,4.21
555,1909,4.0,3.29
33,32,3.0,3.97
599,163809,2.5,0.0
447,315,4.0,3.13
38,590,4.0,3.83
62,168252,5.0,4.62
480,608,4.0,4.37
292,80463,4.0,3.8
380,6952,3.0,2.84
49,1097,4.5,3.83
268,1840,3.0,2.53
102,3,5.0,3.29
185,5377,3.0,3.76
111,4308,2.5,3.6
573,1573,4.5,3.49
68,1243,1.0,4.08
483,1589,2.5,3.45
317,110,5.0,4.13
20,3159,5.0,3.86
352,104879,5.0,4.23
177,585,2.5,2.91
594,6754,5.0,3.57
220,1036,5.0,3.89
480,46530,3.0,2.87
111,63131,4.0,3.7
239,3994,4.5,3.64
480,953,4.0,4.2
91,2137,3.0,4.03
326,97,3.5,4.28
304,11,5.0,3.73
561,5418,4.5,3.88
105,120466,4.0,3.51
18,1221,5.0,4.35
525,2,3.5,3.57
574,434,4.0,3.05
10,109374,0.5,3.77
171,720,5.0,4.27
136,145,3.0,3.44
599,68952,2.5,4.29
294,260,5.0,4.27
610,66943,3.5,0.0
468,410,3.0,3.15
483,1917,3.0,3.03
274,5481,2.5,3.18
438,5080,1.0,3.27
276,1367,4.0,3.14
226,5501,1.5,0.99
318,39292,4.0,3.71
249,4701,4.0,3.49
223,5349,4.0,3.54
509,110102,3.5,4.06
380,5364,3.0,3.52
365,122904,3.5,4.19
308,4963,1.0,4.01
274,6879,3.5,3.59
132,2424,3.5,3.23
132,1042,3.0,3.45
608,3484,3.0,2.82
139,5400,1.5,3.2
67,293,5.0,4.04
430,318,5.0,4.52
15,3147,5.0,4.24
607,724,4.0,2.96
527,1372,4.0,3.3
334,52952,3.5,4.15
68,7320,3.0,4.85
177,4018,3.0,3.32
91,3882,2.0,3.03
477,296,4.5,4.28
294,1641,2.0,3.74
369,934,3.5,3.93
414,3225,1.0,1.88
166,6377,4.5,4.09
68,3675,4.0,4.2
66,586,3.0,3.02
239,2840,3.5,3.14
177,60126,3.0,3.67
489,733,3.5,3.84
164,1356,4.0,3.84
22,5816,0.5,3.58
354,3578,3.5,4.05
305,56367,5.0,3.94
68,6944,4.5,3.58
492,818,3.0,3.15
19,597,3.0,3.68
480,8958,4.0,3.81
305,2791,5.0,4.0
264,653,2.5,3.15
182,6305,4.5,4.0
434,110,4.5,4.15
282,780,3.5,3.51
483,5309,2.5,2.34
380,6979,3.0,3.5
95,3702,5.0,3.78
202,1240,4.0,3.99
356,5792,5.0,3.69
141,122904,5.0,4.12
80,4886,4.0,3.98
610,6003,4.0,3.71
89,151739,2.0,2.55
408,122904,3.5,4.13
29,1100,3.5,2.49
564,106330,2.0,0.0
480,5782,4.0,3.86
68,6879,3.5,3.63
230,6365,4.0,3.3
534,104129,4.5,0.0
533,1997,5.0,4.15
28,16,2.5,4.0
448,6888,1.5,2.08
124,1405,4.0,2.73
368,2819,3.0,3.5
241,2160,2.0,4.1
270,9,3.0,3.09
184,117887,4.5,0.0
279,480,4.0,3.76
288,587,3.0,3.59
304,1587,2.0,3.36
19,2606,4.0,2.76
469,2023,3.0,3.38
124,2353,3.0,3.37
414,2006,2.0,3.46
354,48516,4.0,4.36
292,32,2.0,4.05
82,1221,3.0,4.27
330,6460,4.5,0.0
305,80489,4.0,4.03
355,900,5.0,0.0
379,316,3.0,3.36
125,56174,2.0,3.55
606,5952,4.5,4.21
504,3408,3.5,3.55
414,1277,5.0,3.5
210,189547,1.0,0.0
479,3041,1.0,2.27
310,4963,4.0,4.0
232,69306,3.5,3.0
159,3252,1.0,3.59
534,112897,4.0,0.0
599,55290,3.0,4.19
523,37729,5.0,3.5
163,1717,3.0,2.97
91,8368,4.5,3.94
301,8360,4.0,3.57
62,58559,5.0,4.4
357,1593,4.0,2.26
232,70334,3.5,0.0
562,6323,4.5,3.5
64,6323,3.5,3.54
240,420,4.0,3.01
177,2053,2.0,2.19
36,1094,1.5,3.51
468,253,4.0,3.47
456,802,4.0,3.38
20,1380,5.0,3.38
226,5015,2.5,3.5
290,1231,4.0,4.02
606,41566,3.5,3.46
105,4018,3.5,3.38
222,4974,2.5,2.6
318,1961,3.5,4.03
10,129428,3.5,0.0
373,594,5.0,3.54
549,260,2.0,4.25
270,653,2.0,3.15
516,1198,4.0,4.23
221,4338,4.5,0.0
414,37384,3.0,4.02
469,3095,4.0,3.92
600,353,3.5,3.52
348,2019,5.0,4.25
307,2003,2.5,3.43
380,8865,4.0,2.7
453,2424,4.0,3.31
567,127298,3.5,0.0
599,6832,3.0,3.95
607,3020,5.0,3.8
525,147378,3.5,3.68
68,1201,3.5,4.46
599,40578,3.0,0.0
288,2797,4.0,4.02
256,3785,4.0,3.01
217,1380,3.0,3.37
599,2586,0.5,0.0
274,2706,3.5,3.6
448,113225,3.0,0.0
483,2843,4.5,3.58
246,3863,5.0,3.08
304,1717,3.0,3.0
285,1285,2.5,3.9
64,1217,5.0,4.75
606,39292,4.5,3.82
219,3175,2.0,3.75
103,69140,4.0,0.0
509,26776,3.5,3.75
432,71902,3.5,0.0
448,72405,2.0,0.0
606,31410,3.5,4.33
599,86142,3.5,0.0
489,61160,1.5,2.57
272,4993,2.0,4.15
318,97860,4.5,3.04
244,1573,2.0,3.45
232,47518,3.0,2.93
182,1228,4.5,4.29
273,180,4.0,3.72
18,8798,4.0,3.69
597,1227,4.0,4.15
21,2717,4.0,3.26
414,84152,4.0,4.16
448,5308,4.0,2.69
202,357,4.0,3.57
73,86833,5.0,3.84
182,1193,4.0,4.4
135,2746,4.0,3.23
410,4334,5.0,4.51
610,88163,4.0,4.65
132,2858,4.5,4.1
221,34048,2.5,3.3
474,2723,4.5,3.34
68,1416,1.5,3.59
534,8984,2.0,3.31
361,1580,3.5,3.56
567,903,0.5,4.06
105,356,3.5,4.39
428,2985,2.0,3.55
469,2731,4.0,3.78
294,470,1.0,0.0
40,44,3.0,2.43
62,89745,4.0,4.02
462,60333,4.0,4.89
599,3552,3.0,3.94
369,2371,2.5,3.06
275,2819,5.0,3.54
132,3081,3.0,3.6
199,56274,3.0,0.0
275,235,5.0,3.74
63,5464,4.0,3.58
200,3210,4.0,3.54
19,911,3.0,3.79
475,56171,5.0,3.13
376,1584,4.5,3.66
318,55765,4.0,4.09
344,2916,5.0,3.6
55,27831,5.0,3.65
89,86833,1.5,3.84
174,370,3.0,3.2
368,1515,2.0,2.09
597,1222,5.0,4.28
266,2288,4.0,4.11
328,8464,3.0,3.59
555,2240,3.0,4.48
191,348,5.0,3.64
187,50,4.5,4.31
306,142997,3.5,2.68
438,7143,4.5,4.03
249,77561,3.5,4.12
288,5881,3.5,3.26
132,2699,1.5,2.96
267,2858,4.0,4.05
414,54999,3.0,4.66
211,32587,4.0,3.92
560,133771,4.0,4.05
414,7090,4.0,4.33
599,438,2.0,3.67
596,4226,4.5,4.25
18,34150,3.5,2.86
424,104879,5.0,4.13
514,2915,4.0,3.64
52,64620,4.0,4.11
33,293,4.0,4.06
198,1247,3.0,4.02
474,2174,3.0,3.65
599,2161,4.0,3.91
357,440,3.5,3.65
274,2174,3.5,3.54
414,76763,3.5,0.0
599,3827,2.0,3.56
474,8207,4.0,4.53
484,2959,5.0,4.24
209,2762,4.0,3.91
424,1968,3.5,3.87
342,1959,3.0,3.46
596,98124,3.5,4.37
268,2511,5.0,4.45
290,227,3.0,2.91
489,2797,4.0,3.84
42,223,5.0,4.01
19,1461,3.0,2.19
195,1732,4.0,3.94
560,260,4.0,4.36
570,920,2.5,3.56
308,58559,4.0,4.22
313,3740,5.0,3.87
82,5459,4.0,2.96
73,52973,4.0,3.89
609,833,3.0,2.76
274,34319,3.5,3.84
51,7757,3.5,3.53
28,593,2.5,4.3
178,2329,5.0,4.28
23,7099,4.0,4.16
288,2944,3.0,4.34
215,778,3.0,4.06
199,2997,4.0,4.07
274,79695,3.0,3.24
424,32587,3.0,3.91
84,266,4.0,3.37
19,135,3.0,3.09
410,260,3.0,4.25
66,255,0.5,3.54
89,118834,5.0,0.0
509,117529,3.5,3.39
410,3730,5.0,4.09
600,53953,2.0,2.97
408,10,4.5,3.49
318,7206,4.0,3.85
438,4388,2.5,2.8
222,49651,2.0,3.38
247,3949,3.0,3.95
18,92094,3.5,0.0
600,3388,3.5,2.57
32,497,5.0,3.77
104,293,4.0,4.08
477,1556,0.5,1.75
599,5171,2.0,3.22
555,2455,4.0,3.57
525,4054,3.0,3.34
232,4776,4.5,3.97
89,126088,5.0,0.0
301,3578,4.5,3.96
525,318,4.5,4.6
440,1748,4.5,3.73
226,7143,4.0,4.03
414,34336,2.0,2.42
266,541,5.0,4.18
387,3221,3.0,3.85
469,1831,2.0,2.49
274,1707,2.5,2.65
448,1965,2.0,3.81
274,66427,3.0,0.0
73,87232,5.0,3.95
594,1320,3.5,3.15
19,2287,3.0,3.95
489,3969,4.0,3.31
89,2059,1.5,3.12
425,6378,3.0,3.84
28,4344,1.0,3.07
10,33794,5.0,3.9
241,858,4.5,4.3
345,2352,4.0,3.87
561,2641,4.0,3.2
292,4899,3.0,2.26
599,3864,2.0,2.59
105,1244,5.0,4.16
607,891,5.0,3.75
217,2524,4.0,3.36
453,2683,5.0,3.14
133,454,3.0,3.59
105,4308,3.5,3.6
234,4203,4.0,3.3
414,7257,2.5,1.63
312,2762,4.0,3.94
332,1645,3.5,3.39
66,6754,4.5,3.62
599,880,2.5,2.79
197,786,2.0,3.16
357,2028,4.5,4.19
69,296,5.0,4.25
187,2997,5.0,4.02
601,176371,4.0,3.91
410,549,5.0,0.0
474,8385,3.0,0.0
344,2858,5.0,4.05
586,1784,4.0,3.76
232,4343,2.5,3.36
610,3925,5.0,3.73
21,551,0.5,3.63
50,165,3.0,3.63
469,3269,3.0,2.9
6,799,3.0,3.39
102,266,3.0,3.31
279,56782,4.5,4.41
288,2473,2.0,2.81
64,585,4.0,2.92
378,364,4.5,3.93
117,454,3.0,3.66
484,88163,4.0,4.17
103,40815,4.0,3.82
131,858,4.0,4.3
510,1393,3.5,3.48
560,68886,4.0,0.0
517,1079,1.5,3.96
89,99122,3.5,0.0
514,182727,2.0,0.0
241,48780,3.5,4.34
474,6777,3.0,3.53
256,3510,4.0,3.45
58,529,5.0,3.71
606,4428,2.5,0.0
200,1682,3.5,4.03
78,53972,1.5,3.53
474,4215,1.0,0.0
64,1042,3.0,3.56
51,4447,3.0,3.2
247,115713,5.0,4.13
50,175661,1.5,3.23
508,562,2.5,4.0
20,1030,3.0,2.78
294,2642,1.0,2.34
274,57528,3.5,3.59
474,2660,3.5,3.77
51,387,3.5,1.52
240,377,5.0,3.6
587,1234,4.0,4.13
318,133771,3.5,4.11
219,2194,2.0,3.97
335,3911,4.0,3.74
543,59900,0.5,3.08
298,48877,2.0,3.02
305,103075,3.0,3.26
474,4993,5.0,4.44
488,2302,3.0,3.21
509,2572,3.5,3.65
610,3977,2.0,3.02
164,1101,5.0,3.1
401,84944,3.5,3.36
232,5502,4.0,3.35
117,1036,3.0,3.87
608,5401,2.0,1.75
243,161,5.0,3.71
514,597,2.5,3.61
382,59315,4.5,3.92
448,2,3.0,3.82
414,2147,3.0,0.0
274,2004,4.0,3.45
71,1210,3.0,4.19
410,3161,4.0,0.0
105,3968,3.0,3.17
448,90522,2.0,2.98
607,204,3.0,2.63
33,1249,5.0,4.06
362,1222,4.5,4.11
414,2804,4.0,4.33
101,2723,2.0,3.04
552,3,1.0,3.32
492,662,4.0,2.56
478,1073,4.0,3.9
573,44665,4.5,3.82
561,93326,2.0,3.0
45,21,4.0,3.47
288,4587,2.0,2.53
275,750,3.0,4.38
304,1726,5.0,3.56
596,120919,3.0,0.0
380,33164,3.0,0.0
561,136864,2.0,2.42
160,3793,1.0,3.72
17,3435,3.5,4.29
160,111,5.0,4.23
346,1625,2.5,3.69
275,260,4.0,4.27
68,119145,4.0,4.27
28,8633,4.5,3.73
521,14,4.0,3.67
217,2598,4.0,2.87
520,7373,4.0,3.54
202,420,1.0,2.99
274,1193,4.5,4.39
428,150,2.0,3.78
326,1619,5.0,3.39
543,94959,2.0,4.12
63,1923,2.0,3.76
534,2716,4.5,3.83
280,41573,4.5,2.47
414,235,4.0,3.77
303,1240,5.0,3.93
132,64839,2.5,3.73
469,2797,3.0,3.87
198,4886,3.0,3.97
55,1357,0.5,4.15
23,1217,3.5,4.74
219,3972,4.0,4.29
599,2746,3.0,3.41
600,543,2.5,3.43
249,78637,3.5,5.04
359,8533,4.5,3.55
135,2395,3.0,3.49
352,97752,5.0,3.78
484,616,4.0,3.41
57,1676,4.0,3.56
436,257,3.0,3.73
232,2791,3.0,4.04
552,442,1.5,3.05
511,2571,5.0,4.19
535,2692,5.0,3.95
448,45666,2.0,3.05
68,2541,4.0,3.37
132,1307,3.5,3.97
280,51662,3.5,3.62
101,2707,4.0,3.27
590,4489,3.5,3.27
448,1100,3.0,2.4
608,5459,4.0,3.06
307,1136,3.5,4.42
483,410,3.0,3.33
561,134853,3.0,4.0
102,161,3.0,3.76
527,1663,4.0,3.9
603,1224,2.0,4.35
606,48385,3.0,3.41
414,6618,3.0,4.42
275,4034,5.0,4.1
552,2857,4.0,3.18
122,2160,5.0,4.16
594,2000,4.5,3.71
280,356,4.0,4.26
599,1791,3.0,0.0
474,745,4.0,4.46
590,355,2.0,2.36
177,2424,3.0,3.43
474,5876,4.0,4.36
1,1587,5.0,3.52
21,3638,4.5,3.02
19,1345,3.0,3.23
428,260,3.5,4.29
483,2019,4.5,4.43
381,45361,1.0,0.0
414,2986,2.0,2.82
517,49272,1.5,4.06
218,2657,3.5,3.44
607,1982,5.0,3.71
600,663,4.5,3.41
186,3510,4.0,3.4
552,1196,5.0,4.3
414,1024,4.0,4.17
210,4306,4.0,3.95
600,3882,2.0,3.01
172,1210,4.5,4.19
387,4928,4.0,0.0
198,2875,2.0,0.0
305,2288,5.0,4.18
294,355,3.0,2.37
219,6934,2.5,3.35
342,2683,3.0,3.1
462,337,2.5,3.9
373,585,1.0,2.87
42,1088,3.0,3.54
82,2381,2.5,3.13
216,3755,4.0,2.85
39,924,2.0,3.9
425,1590,3.5,3.09
268,2403,2.0,3.73
339,49530,4.0,3.89
6,313,3.0,3.47
156,4027,4.0,3.82
563,111659,3.5,2.93
610,6872,1.0,1.23
590,32,3.0,4.07
603,4815,1.0,3.33
91,288,3.5,3.4
115,3301,4.0,3.49
474,592,4.0,3.65
514,1326,1.5,0.0
130,318,5.0,4.51
19,3693,2.0,2.11
139,49278,1.5,3.63
599,45648,2.5,0.0
512,208,3.0,3.0
448,5954,4.0,4.13
377,62383,3.5,0.0
249,52973,4.0,4.2
380,7387,5.0,4.23
599,122260,2.5,0.0
477,78746,4.0,0.0
221,31692,0.5,0.0
33,150,3.0,3.8
42,2497,4.0,2.73
448,4447,1.5,3.27
199,6365,2.5,3.26
91,589,4.0,4.2
66,1265,3.5,4.09
182,5881,4.0,3.28
521,648,4.0,3.53
165,2019,4.0,4.25
28,2618,3.0,3.69
238,4855,4.0,3.87
111,2694,3.0,3.37
303,2662,3.5,3.28
19,2550,3.0,4.12
216,1269,4.0,4.11
475,1196,5.0,4.31
298,5900,2.5,2.94
28,49530,4.5,3.91
414,2378,3.0,3.85
482,329,4.5,3.38
182,2890,3.5,3.71
28,56587,3.0,3.45
259,153,4.0,2.94
414,46,2.0,3.89
153,117881,3.0,0.0
4,3481,2.0,3.68
312,1342,4.0,2.73
447,480,4.0,3.73
111,3752,3.0,3.2
80,4995,4.5,4.09
130,590,3.0,3.8
448,40278,3.5,3.63
448,86190,3.5,3.48
586,4489,4.0,3.12
610,112727,3.0,0.0
115,3052,3.0,3.65
510,3481,3.5,3.66
577,920,5.0,3.57
453,4334,4.0,4.49
546,1270,3.0,4.0
387,7895,3.5,0.0
273,236,4.0,3.45
599,442,2.5,3.29
124,296,4.5,4.25
137,1262,3.0,4.31
470,208,3.0,2.99
448,104241,3.0,3.71
226,1005,3.0,1.85
244,1480,4.0,3.42
76,31410,4.0,4.25
382,70946,0.5,0.0
385,1240,4.0,3.96
610,8985,2.5,2.83
294,577,1.0,0.0
590,260,5.0,4.36
249,1356,3.0,4.13
464,1101,4.5,3.13
28,6957,3.0,3.54
232,8939,3.0,4.2
421,953,5.0,4.09
401,55768,2.5,3.24
258,122904,5.0,4.06
351,71579,4.0,0.0
260,3424,4.5,4.11
590,3435,4.0,4.26
600,1248,3.0,4.35
500,2572,3.0,3.58
361,34520,2.5,2.08
45,2947,4.0,3.92
57,1641,4.0,3.77
462,593,3.5,4.25
103,87194,3.5,0.0
357,7026,3.0,2.63
132,592,2.0,3.52
222,82459,3.5,4.02
217,1374,3.0,3.76
274,31685,3.5,3.39
307,3448,2.5,3.75
113,3296,5.0,3.93
428,2459,1.0,3.13
63,110102,4.0,3.94
561,8644,2.5,3.66
219,1485,1.5,3.21
84,914,4.0,3.97
610,68205,4.0,2.86
298,1221,3.5,4.36
422,3897,4.0,3.85
125,112552,4.0,4.21
274,2395,2.5,3.64
298,6702,0.5,2.68
599,3950,2.5,3.84
517,1784,3.0,3.79
84,57,3.0,3.27
217,2012,2.0,3.62
590,435,2.0,2.57
139,8371,2.0,3.6
140,2028,5.0,4.24
515,260,5.0,4.25
477,648,3.0,3.62
211,1125,4.0,3.75
556,94780,3.5,3.25
563,61250,1.5,3.01
534,1282,4.5,3.67
380,3703,5.0,4.03
188,2206,5.0,0.0
177,2082,2.0,2.78
474,3134,3.0,4.43
514,1213,4.5,4.39
318,1193,4.0,4.26
281,2694,3.0,3.24
580,5218,4.0,3.81
509,6294,3.0,2.66
105,69122,4.5,4.0
534,52287,4.0,3.74
464,1240,4.0,3.94
474,7018,2.5,0.0
606,5072,3.5,3.89
264,1250,5.0,4.07
19,2184,3.0,3.58
212,2918,2.5,3.96
599,1094,3.0,3.58
249,73431,2.5,0.0
249,67923,4.0,3.25
219,8360,4.0,3.68
317,318,4.0,4.58
542,7451,4.5,3.67
269,648,3.0,3.53
385,383,2.0,3.11
448,1882,3.0,2.47
590,1950,4.0,4.33
608,802,3.0,3.48
339,16,4.5,4.01
84,1295,5.0,2.49
380,136864,2.0,2.65
45,1968,4.0,3.87
356,4226,5.0,4.21
448,115151,2.0,0.0
129,2692,4.5,4.01
448,158872,4.0,4.21
419,111,4.0,4.19
66,2248,4.5,3.88
287,1407,2.5,3.22
474,5440,3.0,0.0
418,85414,3.5,3.63
148,79132,1.5,4.07
474,6385,5.0,4.12
275,2212,4.0,3.59
113,11,3.0,3.7
111,131826,4.0,0.0
111,3897,4.0,3.9
606,7143,4.0,3.99
167,480,3.5,3.74
356,529,4.0,3.77
232,7445,3.5,4.0
301,2378,2.0,3.25
182,6890,4.5,0.0
544,1105,5.0,4.49
111,98203,1.5,1.92
19,3370,2.0,0.0
43,11,4.0,3.71
558,5329,5.0,3.1
307,26680,3.5,3.29
19,849,2.0,2.81
479,3504,4.0,3.85
187,6377,2.5,4.03
298,3511,1.5,0.0
608,173,3.0,2.55
62,68554,4.0,3.35
186,364,4.0,4.01
254,4973,4.5,4.31
132,8874,3.5,4.06
561,50,4.5,4.39
428,1653,3.5,4.03
491,86833,3.5,3.85
33,36,5.0,3.89
165,5464,3.0,3.46
356,2671,3.0,3.42
232,1035,3.5,4.18
129,1210,4.0,4.26
237,44191,4.0,3.89
239,2329,5.0,4.38
28,1221,4.0,4.36
603,3586,4.0,0.0
187,3328,5.0,4.16
274,2076,4.0,4.34
45,5307,3.0,0.0
222,858,4.5,4.33
561,1587,4.0,3.4
357,2067,5.0,4.14
125,1625,5.0,3.77
452,3703,5.0,3.89
509,38038,3.0,3.96
87,3910,4.0,3.41
519,140110,4.0,3.61
514,79132,4.0,4.17
328,6539,3.5,3.94
369,370,4.0,3.21
335,2302,3.0,3.2
339,80139,4.5,4.05
414,5380,4.0,4.31
600,3250,2.5,3.37
251,356,5.0,4.17
232,1370,3.5,3.75
489,39183,4.5,3.54
414,374,1.0,2.71
33,914,5.0,3.96
600,3535,3.5,3.94
457,2701,1.0,2.42
608,2161,3.0,3.75
105,31696,3.5,3.64
414,5004,3.0,4.1
477,2529,3.5,3.85
143,6593,4.0,3.08
414,1610,5.0,4.31
307,8464,3.0,3.69
32,52,3.0,3.56
448,99112,2.5,4.08
567,45880,3.0,3.24
414,209,4.0,0.0
385,1136,4.0,4.24
221,1220,4.5,3.93
318,127298,4.5,0.0
600,575,2.0,2.65
139,3994,2.5,3.6
608,6333,4.0,3.85
19,2027,1.0,2.52
92,327,3.5,2.95
606,3246,4.0,4.38
91,4993,4.5,4.32
474,2187,3.5,0.0
387,3742,3.5,4.27
156,4378,4.5,3.77
480,5679,4.0,3.53
448,2718,3.0,3.24
223,34,1.0,3.64
182,2827,1.5,2.63
266,2428,1.0,2.61
19,2888,3.0,2.13
448,71464,3.0,3.36
493,4438,5.0,0.0
448,2110,4.0,3.55
367,3507,4.0,4.03
140,2334,3.0,2.71
414,1457,2.0,3.53
21,44022,3.5,3.43
510,2791,4.0,3.84
160,2688,0.5,2.92
555,2827,1.0,2.69
597,3019,5.0,4.22
132,673,2.0,2.98
603,2053,2.0,2.12
68,1704,4.5,4.46
599,7481,3.5,3.45
160,2428,1.0,2.62
495,4034,2.5,4.02
373,181,1.0,2.37
89,1080,1.0,4.07
325,2239,5.0,4.47
336,3147,4.5,4.23
259,3910,5.0,3.4
298,51412,0.5,3.2
288,4994,3.5,3.76
280,1393,4.5,3.5
91,2797,3.0,3.9
222,62250,3.0,0.0
317,68237,4.0,4.02
57,2530,3.0,2.5
239,780,4.0,3.58
50,4226,3.0,4.16
177,455,3.0,2.67
474,8542,3.5,4.43
6,569,4.0,0.0
410,2395,4.0,3.46
139,87232,3.5,3.9
524,1196,5.0,4.28
458,225,5.0,3.59
42,2641,2.0,3.17
119,31410,4.0,4.3
217,1806,1.0,2.77
182,4246,3.5,3.7
462,3578,2.0,4.02
363,1961,3.0,3.8
453,2447,3.0,3.51
411,230,4.0,3.56
248,3793,3.5,3.67
434,6333,4.0,3.73
376,457,4.0,4.04
368,1610,5.0,3.88
100,377,4.0,3.6
397,4037,3.5,3.71
305,1197,4.5,4.45
28,1206,2.5,4.19
274,1214,4.0,4.04
428,1479,3.0,3.56
20,1097,5.0,3.87
159,30812,2.0,3.53
113,1244,4.0,4.11
273,364,5.0,3.94
274,4643,2.0,2.88
316,520,3.5,3.04
249,49649,2.5,2.34
419,493,4.0,3.44
68,58299,3.0,3.42
305,3285,3.5,3.19
610,5618,4.0,4.47
455,34,4.0,3.63
298,70663,2.5,0.0
527,30,1.0,0.0
560,128360,3.5,4.06
221,2985,3.0,3.51
105,52281,5.0,3.78
352,84954,2.5,3.58
498,110,5.0,4.07
480,2572,2.5,3.74
288,1660,3.0,0.0
28,4378,3.0,3.75
122,52319,4.5,2.53
323,2803,3.0,3.0
425,1917,3.5,2.94
89,33679,2.5,3.33
585,79132,4.0,4.08
209,2959,4.5,4.28
36,2359,4.5,3.5
600,1198,4.0,4.32
177,4995,4.0,4.38
573,2571,5.0,4.32
68,7254,2.5,3.92
177,3798,3.5,3.33
441,91529,5.0,4.05
206,661,5.0,3.41
582,81834,5.0,4.13
467,2493,4.0,0.0
387,2337,3.5,0.0
432,44759,3.0,1.76
580,2692,4.0,4.04
160,1107,3.5,0.0
105,8665,3.5,4.13
125,6874,4.5,3.91
561,34,2.5,3.71
199,44195,4.0,4.07
462,345,1.0,3.75
414,33493,4.0,3.93
405,1295,4.0,2.45
232,3949,4.5,4.14
225,2406,3.0,3.5
414,48738,4.0,4.39
292,102123,1.5,2.94
64,2450,2.0,2.54
62,87430,3.5,2.35
474,6225,3.0,0.0
580,8361,3.5,3.28
580,34150,3.0,2.74
181,161,4.0,3.78
239,4022,3.5,3.77
380,5971,5.0,4.01
230,2985,1.0,3.51
520,4306,4.0,3.95
418,106766,4.5,3.69
370,2762,4.5,3.94
387,63,2.0,2.8
298,165,3.0,3.78
288,1350,3.0,3.88
105,915,4.0,4.05
217,2253,3.0,2.16
381,54001,4.5,3.9
274,6586,2.5,3.38
34,3717,4.5,3.38
330,1500,2.5,3.74
149,788,4.0,2.78
177,6624,2.0,2.28
599,5548,2.5,0.0
599,1196,5.0,4.59
182,5507,3.5,2.75
586,106487,3.5,3.51
610,27905,3.5,0.0
474,6235,3.5,0.0
249,116823,4.0,4.19
275,4993,4.0,4.25
64,2406,3.5,3.58
515,174055,4.0,3.74
166,1276,4.5,4.31
129,1358,0.5,4.15
82,6,3.5,3.95
274,558,4.0,3.23
380,32019,3.0,2.55
381,2294,3.0,3.36
8,356,3.0,4.19
334,1240,3.5,3.92
258,72641,3.0,3.52
489,7153,4.0,4.29
513,150,4.5,3.76
105,147196,5.0,0.0
68,6711,5.0,4.35
438,4018,3.5,3.34
357,780,4.0,3.5
436,532,3.0,3.21
346,7234,3.5,0.0
425,1387,3.0,4.13
435,3578,4.5,3.93
458,39,4.0,3.42
260,4027,4.0,3.75
339,111,4.0,4.31
64,1258,3.5,4.28
292,1307,3.0,3.98
51,53953,3.5,2.93
414,6323,3.5,3.77
105,5373,4.0,0.0
469,2132,4.0,3.94
344,111443,3.0,0.0
141,115713,4.5,4.04
560,109313,4.0,0.0
249,93831,4.0,0.0
352,1213,3.5,4.34
21,7570,4.5,2.67
232,52328,3.0,4.12
42,4008,4.0,3.65
240,344,5.0,3.01
434,1517,4.0,3.54
474,4022,3.5,3.93
317,4306,4.0,3.95
602,861,4.0,4.36
561,49272,3.0,4.17
565,357,4.0,3.5
91,2723,3.5,3.15
599,3108,3.0,3.94
324,3884,2.0,1.24
256,4018,4.0,3.27
68,3552,4.0,3.94
551,91542,4.0,3.77
288,5040,3.0,2.98
610,3681,5.0,4.4
182,1747,3.5,3.47
108,3072,3.0,3.29
318,3751,3.5,3.69
199,2006,3.0,3.1
266,1784,3.0,3.76
217,720,4.0,4.28
354,1233,4.0,4.32
414,7150,3.0,2.81
51,70,5.0,3.58
477,432,3.0,2.68
555,356,5.0,4.35
91,1917,2.5,2.95
448,79185,1.0,3.86
307,186,0.5,3.36
182,2924,3.5,4.42
599,3863,2.5,3.21
507,47,3.0,3.97
305,2115,1.0,3.69
201,2080,4.0,3.46
436,34,5.0,3.64
606,46965,1.0,2.6
599,704,0.5,2.75
314,327,1.0,2.98
328,1302,0.5,3.67
19,65,2.0,2.73
294,1615,2.0,3.21
411,587,4.0,3.38
428,3081,4.0,3.58
256,520,4.0,3.06
226,2273,3.5,3.58
373,362,1.0,3.73
503,4537,4.5,4.27
57,589,4.0,4.14
7,4223,2.0,3.74
132,7022,3.5,3.78
538,671,5.0,3.59
51,1580,5.0,3.58
159,89864,3.5,3.64
117,186,3.0,3.22
596,49530,2.5,3.9
480,32584,2.5,0.0
58,19,1.0,2.85
517,3398,1.0,3.41
288,2502,3.5,4.24
181,5,3.0,3.06
105,4993,4.0,4.34
187,4967,4.5,4.4
318,6440,3.5,4.2
318,2467,3.5,3.98
140,4963,3.0,4.13
21,7573,5.0,3.12
573,4718,4.5,3.08
377,6656,4.0,0.0
509,26999,3.0,0.0
284,223,5.0,3.93
462,535,4.5,3.37
70,3543,4.0,3.6
342,1799,3.0,3.44
436,587,4.0,3.37
182,3000,5.0,4.11
177,8984,3.5,3.35
610,912,3.5,4.52
605,62970,3.0,0.0
474,1350,4.0,3.99
590,6863,3.0,3.56
428,3555,2.0,3.37
249,38061,4.0,4.45
474,4815,3.0,3.36
501,661,1.0,3.41
279,7153,4.0,4.22
50,903,4.0,4.09
28,3052,3.0,3.71
62,778,4.5,4.13
225,1321,4.0,3.32
414,7165,3.0,0.0
553,1213,5.0,4.35
580,3949,3.5,4.02
300,5995,4.5,3.95
474,7013,4.5,4.2
308,1246,5.0,4.07
227,150,4.0,3.76
398,32,5.0,3.97
83,5903,3.5,3.75
606,1873,4.5,4.12
177,11,3.0,3.76
438,5804,2.5,0.0
387,8972,3.5,3.48
580,1784,4.0,3.83
414,45666,2.5,3.1
597,780,1.0,3.53
270,736,4.0,3.45
298,4447,1.0,3.2
419,57368,4.0,3.14
334,908,3.5,4.06
105,26662,4.0,4.18
42,3253,4.0,3.49
232,55267,3.0,3.27
590,1265,4.0,4.16
569,377,5.0,3.54
24,2115,4.0,3.59
212,168366,4.0,0.0
495,1499,2.5,1.57
603,3783,4.0,4.07
107,434,3.0,3.06
571,1219,4.0,4.05
286,6373,3.0,3.24
368,1127,4.0,3.52
307,2432,2.0,0.0
73,8807,4.0,3.72
233,1089,2.5,4.27
111,181065,3.5,0.0
600,1296,1.5,4.45
474,2797,4.0,4.11
210,122924,4.0,3.03
410,3468,5.0,4.41
509,74677,4.0,0.0
274,2498,2.0,1.73
387,1273,4.0,3.89
564,35836,3.5,3.56
282,3114,4.5,3.92
192,317,3.0,3.16
142,592,3.0,3.48
396,1320,0.5,3.12
288,1101,3.0,3.29
160,788,1.0,2.87
483,1644,1.0,2.23
528,33794,4.5,3.9
235,10,2.0,3.45
290,3007,4.0,0.0
606,4439,3.5,0.0
380,4306,5.0,4.26
274,70,4.5,3.79
288,30810,4.5,3.71
274,3969,3.5,3.4
380,4148,3.0,3.09
597,2108,4.0,3.59
480,32587,4.0,4.05
210,128842,4.0,0.0
347,587,4.0,3.33
562,1240,5.0,3.96
479,2367,2.0,2.19
391,912,5.0,4.46
610,4718,3.5,3.28
217,748,3.0,2.95
410,3925,5.0,3.7
448,3763,4.5,3.41
93,318,4.0,4.52
104,80584,4.0,0.0
66,18,4.0,3.75
587,1135,4.0,3.08
520,61240,2.0,4.13
71,802,5.0,3.36
91,2529,4.0,3.85
149,1334,4.0,2.49
274,7368,3.5,0.0
599,1639,3.5,3.81
368,1686,3.0,0.0
256,56251,4.0,4.06
318,1175,3.5,4.16
217,2151,3.0,3.47
298,2021,3.5,3.29
573,4816,5.0,3.55
408,85510,3.5,3.05
66,4654,3.5,2.96
493,592,4.0,3.5
592,329,3.0,3.4
111,55872,3.0,3.72
599,3937,1.5,3.07
567,3266,5.0,0.0
492,832,5.0,3.23
200,48738,4.0,3.87
448,63131,3.0,3.82
487,2571,3.0,4.17
182,1391,4.0,3.3
309,318,4.0,4.53
219,31221,0.5,2.07
382,98809,4.5,4.06
182,3117,4.5,0.0
205,4896,4.5,3.77
391,2080,5.0,3.52
514,3421,4.0,3.97
599,56286,3.0,0.0
483,56251,5.0,4.09
377,5049,4.0,3.6
599,1499,2.0,1.57
23,334,4.0,4.5
567,97836,1.5,2.72
438,49272,4.0,4.16
262,515,5.0,3.55
559,432,3.0,2.65
480,19,1.5,2.98
564,49286,3.0,3.12
429,300,4.0,3.45
351,5608,4.0,3.86
317,6708,3.0,3.81
603,4056,4.0,3.64
380,1982,5.0,3.95
577,1690,3.0,2.83
448,55768,3.5,3.31
417,1198,2.5,4.29
10,1247,3.0,4.01
16,593,3.0,4.2
352,4306,3.0,3.98
353,296,5.0,4.24
189,3578,4.0,3.93
448,223,4.0,4.11
198,1172,5.0,3.8
489,1961,4.0,3.92
101,2598,2.0,2.81
227,48774,4.5,4.12
305,3527,4.0,3.83
337,1210,5.0,4.21
381,1500,4.0,3.75
382,33660,4.0,4.15
18,122892,3.5,4.03
135,367,4.0,3.24
265,1214,2.0,3.92
600,1029,3.5,3.58
318,3424,3.5,4.14
599,8665,3.0,4.06
68,6297,3.5,3.49
292,253,1.5,3.51
279,115569,4.5,4.24
334,4235,3.5,4.06
167,4369,1.0,3.13
381,4370,3.0,3.41
227,457,4.0,3.99
292,296,3.0,4.26
205,88125,4.0,3.72
434,48774,5.0,4.18
57,1388,2.0,2.4
305,8985,4.0,2.64
610,69275,4.0,0.0
534,67197,3.5,2.71
42,3255,3.0,3.4
526,106920,4.0,3.76
448,7076,4.0,3.16
599,1351,2.0,2.5
539,318,4.0,4.51
139,48780,2.5,4.34
84,1132,4.0,4.24
414,43917,3.5,0.0
215,356,3.5,4.19
564,1968,4.0,3.86
579,3114,5.0,3.91
41,597,3.0,3.58
350,7,3.0,3.12
414,1753,2.5,3.8
567,26743,2.5,0.0
369,2706,3.5,3.33
125,858,4.5,4.32
256,204,4.5,2.65
540,2598,3.0,2.79
524,1200,5.0,3.98
527,3036,5.0,3.54
353,47,5.0,3.99
288,2867,3.0,3.36
517,3599,1.0,3.88
391,1196,5.0,4.37
600,2606,2.0,2.77
45,2329,5.0,4.39
414,54259,3.5,4.22
10,49286,5.0,3.05
216,2788,3.0,4.18
513,110,4.0,4.06
91,3671,4.5,4.04
141,109374,5.0,3.81
140,1090,4.0,4.1
241,3910,5.0,3.41
514,2918,4.0,4.01
69,1266,5.0,4.17
391,3000,4.0,4.07
34,3624,4.0,3.23
103,77561,0.5,3.68
511,68954,4.5,4.07
249,46723,4.0,3.89
239,4776,4.0,3.84
599,5903,2.5,4.07
182,1370,3.5,3.71
592,303,3.0,3.01
20,3793,3.5,3.72
217,2779,3.0,3.21
36,1892,3.5,3.15
247,5989,3.5,4.05
414,1101,5.0,3.54
474,8530,4.0,0.0
274,3968,3.5,3.13
265,2364,2.0,0.0
577,2146,4.0,3.15
372,1390,4.0,3.13
256,4701,4.5,3.32
351,51662,4.0,3.64
338,122912,1.5,4.37
499,4642,5.0,3.76
18,53972,3.0,3.71
111,719,4.0,3.03
462,148626,3.5,3.88
332,3470,4.0,4.22
559,783,4.0,3.45
181,1082,3.0,3.7
605,1367,3.0,3.14
490,54272,3.0,3.56
387,4553,3.0,3.82
274,968,3.0,3.63
322,2052,2.0,2.91
137,1301,4.0,3.84
599,892,3.5,3.57
568,3053,4.0,4.5
309,973,4.0,3.91
365,216,3.5,3.4
50,92046,3.0,0.0
100,6377,4.0,3.98
571,2288,2.0,4.03
599,1015,1.5,3.44
247,2329,3.0,4.3
307,32031,2.5,3.32
247,40815,2.0,3.82
477,1193,4.5,4.31
274,6464,3.5,0.0
222,102686,3.5,3.5
590,4262,4.5,4.05
105,111622,4.0,0.0
289,16,4.5,3.96
169,1777,4.0,3.47
414,2513,2.0,2.64
426,4306,4.5,3.93
409,3813,4.0,0.0
462,179813,4.0,0.0
389,32,4.0,3.95
414,3070,4.0,3.25
220,223,5.0,3.92
133,377,3.0,3.53
514,84772,3.5,3.48
605,56171,3.0,3.16
436,485,3.0,3.18
249,4489,3.5,3.32
169,3421,4.0,3.89
4,3897,4.0,3.87
73,2706,3.5,3.34
380,3979,2.5,2.88
42,1090,5.0,4.05
304,1240,5.0,3.95
387,1025,3.0,3.95
368,3173,3.0,3.19
42,1722,5.0,3.03
288,6303,3.5,3.87
186,1307,3.0,3.93
361,53125,4.0,3.67
391,3256,3.0,3.82
603,426,4.0,0.0
469,1858,2.0,2.87
381,1073,4.0,4.03
599,4155,2.5,3.44
140,1028,4.0,3.89
610,8783,3.0,3.38
606,5943,3.0,2.73
387,51255,3.5,4.09
41,593,4.0,4.25
222,3273,3.0,2.56
266,135,1.0,3.01
177,4306,4.0,4.15
232,59501,3.0,3.57
482,6787,3.5,3.99
527,3016,4.0,2.87
57,588,4.0,3.98
95,541,5.0,4.17
298,4973,3.0,4.43
443,1200,3.0,3.92
380,51662,4.0,3.88
483,4370,4.0,3.4
95,3019,5.0,4.26
514,2144,3.0,3.8
365,80549,4.5,3.85
469,1261,4.0,4.02
163,1614,3.0,2.97
468,160,2.0,2.89
608,6820,3.5,3.91
148,5618,3.0,4.17
4,215,5.0,3.85
105,86066,4.0,0.0
249,1408,4.0,3.92
111,94953,4.5,3.13
84,17,5.0,3.88
452,3633,3.0,3.36
91,2395,1.0,3.53
541,165,3.0,3.66
139,45722,2.5,3.6
441,122886,4.5,3.81
307,40581,2.5,2.24
597,1307,5.0,4.03
119,84392,4.0,3.56
249,3686,3.0,3.14
68,1584,2.5,3.97
66,1862,1.0,2.25
596,163639,4.0,0.0
570,48738,3.5,3.78
551,2000,4.0,3.69
68,49274,3.0,2.51
314,163,3.0,3.53
543,4226,5.0,4.13
307,3535,5.0,4.01
414,86332,3.0,4.15
356,64957,3.0,3.95
202,3260,4.0,4.19
422,4190,4.0,0.0
367,1028,5.0,3.79
220,5464,4.5,3.54
243,588,3.0,3.82
448,3707,2.0,2.8
414,5993,4.0,2.55
427,5400,2.0,3.21
427,1247,3.5,3.99
275,1179,5.0,3.77
223,2144,4.0,3.73
122,589,5.0,4.12
249,318,4.5,4.56
177,1333,4.0,3.82
51,1500,5.0,3.74
412,34,5.0,3.66
600,1499,2.0,1.52
448,7046,3.0,3.06
135,292,4.0,3.42
23,923,4.0,4.01
91,608,3.5,4.25
597,357,5.0,3.58
474,4571,4.5,4.0
247,136864,2.5,2.35
361,4246,3.5,3.72
346,4816,3.0,3.49
196,5952,3.0,4.03
448,85881,3.5,4.36
474,47465,3.5,0.0
598,130490,5.0,2.13
489,45447,3.5,3.31
469,1320,3.0,3.22
599,1036,4.0,4.13
166,32,4.0,4.02
91,3727,4.5,4.27
590,196,2.5,2.7
587,587,5.0,3.36
380,6534,3.0,2.86
147,543,2.5,3.3
28,38886,2.0,3.19
6,510,3.0,0.0
177,83132,2.5,4.0
313,1291,4.0,4.12
105,122904,4.0,4.42
368,3256,3.0,3.86
160,296,5.0,4.28
318,2952,3.0,3.7
112,1,3.0,3.92
104,33004,4.0,3.4
68,49772,2.5,0.0
34,27801,5.0,3.8
577,1270,5.0,4.06
376,33794,4.0,3.92
321,736,4.0,3.49
103,953,4.0,4.2
599,3252,4.0,3.77
534,2949,4.0,3.76
601,5971,4.5,3.88
562,44974,5.0,3.05
492,736,4.0,3.5
10,66203,3.5,3.03
514,2406,3.0,3.57
102,158,3.0,2.86
274,5363,2.5,3.0
177,4069,4.0,3.1
125,92259,4.0,4.19
19,7,2.0,3.18
232,2021,3.5,3.23
64,159,3.5,3.07
283,587,2.0,3.34
474,1022,4.0,3.79
28,54503,3.5,4.17
323,48,3.5,3.14
105,5349,3.5,3.74
527,969,4.0,4.03
370,4878,4.0,4.07
287,2747,3.0,2.52
469,2858,5.0,4.14
411,480,5.0,3.73
400,858,5.0,4.28
609,731,4.0,0.0
348,750,4.5,4.3
607,1240,5.0,3.95
600,172,2.0,2.74
564,2706,4.0,3.34
1,1029,5.0,3.51
184,102123,3.5,2.98
19,2054,3.0,2.97
525,68358,3.0,4.2
380,8866,3.0,3.0
71,801,4.0,2.88
599,88593,2.5,0.0
307,4306,2.5,4.09
408,134130,4.0,3.98
446,589,5.0,4.01
509,1682,4.0,4.02
507,34,5.0,3.62
260,1288,5.0,4.07
563,1197,3.0,4.3
599,2572,3.0,3.8
385,1196,5.0,4.29
369,6296,3.0,3.9
555,2375,4.0,3.11
414,3684,3.0,3.68
90,1116,4.0,0.0
485,588,4.0,3.82
517,3418,1.0,3.57
249,1527,4.0,3.85
603,2424,2.0,3.32
608,1644,3.0,2.26
160,442,2.0,3.11
479,2683,5.0,3.1
63,3421,2.5,3.96
603,1922,4.0,0.0
223,47,3.0,3.97
68,541,2.0,4.24
64,5669,3.5,3.76
600,1608,2.5,3.46
503,2571,4.5,4.18
225,1923,4.0,3.71
603,2110,4.0,3.66
610,156371,5.0,0.0
474,2915,2.0,3.72
140,44709,4.0,3.62
414,1060,5.0,3.98
105,134252,4.5,0.0
356,63082,4.0,3.96
249,46965,3.0,2.68
414,33794,4.5,4.44
489,2617,2.5,3.12
448,7143,4.0,4.09
137,2571,4.0,4.18
608,4448,4.5,3.48
448,132046,2.0,2.79
143,2144,5.0,3.73
256,5218,4.5,3.81
41,122904,0.5,4.18
474,2822,2.5,2.92
462,44555,4.5,4.26
606,2174,4.0,3.56
27,2478,5.0,3.14
240,169,3.0,2.09
462,6001,3.5,4.34
480,1203,5.0,4.28
182,4262,4.0,4.1
95,176,4.0,3.98
380,49651,5.0,3.48
477,6863,3.5,3.52
475,34150,4.0,2.81
401,157296,3.0,3.72
307,8910,3.5,3.63
453,3979,2.0,2.82
415,608,4.5,4.15
19,353,5.0,3.54
605,1197,5.0,4.29
448,77191,2.5,0.0
551,110,3.5,4.08
594,990,4.5,3.03
294,2013,2.0,3.02
202,1641,4.0,3.75
535,2683,1.0,3.11
105,1233,4.0,4.4
160,1035,2.0,4.21
136,317,3.0,3.21
384,4333,4.0,3.51
414,69122,4.0,4.2
68,1198,5.0,4.49
328,4973,4.5,4.32
46,349,3.0,3.73
300,318,4.0,4.52
243,356,4.0,4.18
398,59387,5.0,0.0
339,90531,3.5,3.78
414,6542,3.5,0.0
470,300,4.0,3.48
160,2363,1.0,0.0
141,318,4.0,4.54
232,7153,4.0,4.38
414,5791,3.0,3.88
274,2328,4.5,2.74
307,33836,2.5,2.29
135,3996,5.0,3.94
109,223,3.0,3.93
603,2844,4.0,1.86
453,5225,4.0,4.06
275,2692,4.0,3.99
182,1270,3.0,4.11
6,145,4.0,3.52
480,1923,4.0,3.9
503,480,3.5,3.71
434,2699,2.5,2.94
275,2824,5.0,0.0
164,592,3.0,3.49
58,234,4.0,2.53
276,480,5.0,3.71
354,586,3.0,2.98
473,48385,3.5,3.29
45,2763,4.0,3.8
477,586,3.0,3.09
456,65,2.0,2.71
606,172,3.0,2.77
156,541,4.0,4.18
209,51255,4.5,3.8
178,2231,4.5,3.76
599,3186,3.0,3.61
475,88125,5.0,3.79
460,3615,3.0,2.86
139,53000,1.5,3.71
188,2918,5.0,3.89
307,2504,2.0,3.7
215,1291,3.5,4.13
274,65126,3.5,0.0
87,1345,3.5,3.24
279,1222,4.0,4.13
298,5992,2.5,3.48
64,39183,4.0,3.58
294,2518,2.0,3.26
325,223,3.0,3.95
109,514,3.0,3.52
219,31696,3.0,3.67
84,236,3.0,3.49
53,203,5.0,3.63
601,109487,5.0,3.96
83,4995,3.0,4.08
91,3704,3.5,3.6
51,3070,5.0,3.37
474,25750,4.0,0.0
186,1196,5.0,4.34
425,485,3.0,3.26
298,8907,0.5,2.3
414,45662,2.5,2.58
89,94503,4.5,3.22
332,4262,3.5,4.0
305,2985,5.0,3.59
414,2182,3.5,0.0
76,1208,4.0,4.21
177,3499,4.0,3.94
414,4638,3.0,3.32
607,3157,3.0,2.74
92,2664,3.5,3.82
41,6373,4.0,3.27
345,1127,3.5,3.47
313,2959,5.0,4.29
182,4234,3.0,3.36
534,88140,3.5,3.86
555,529,3.0,3.8
267,480,5.0,3.73
246,6350,4.5,4.19
610,784,5.0,3.04
474,2247,2.0,3.84
147,555,4.5,3.78
318,89753,4.0,4.39
380,73017,3.0,4.3
318,673,3.5,3.07
234,1370,3.0,3.58
587,2080,4.0,3.47
474,6104,4.0,4.27
57,382,2.0,3.49
606,7154,3.5,3.24
221,2469,4.5,3.46
599,3362,3.5,4.06
229,592,3.0,3.48
567,99764,5.0,0.0
163,1676,3.0,3.52
448,90866,4.0,3.76
133,588,3.0,3.8
414,1387,4.0,4.26
522,858,4.5,4.36
260,8607,3.0,3.72
169,661,4.0,3.44
489,367,1.5,3.32
424,30825,3.5,3.14
57,1498,2.0,3.24
322,4010,3.0,2.85
228,1590,4.5,3.06
325,4643,2.0,2.71
610,48780,4.0,4.66
63,3949,5.0,4.02
57,1385,2.0,3.17
18,8984,3.0,3.31
561,2143,3.5,3.1
480,4239,3.0,4.03
261,7361,5.0,4.31
239,1221,5.0,4.34
562,527,4.5,4.31
469,3635,3.0,3.3
275,5272,3.0,0.0
36,5956,2.0,3.59
363,708,3.5,3.31
567,86059,1.5,0.0
274,196,3.5,2.91
68,4015,2.0,3.27
209,2628,2.0,3.2
387,6378,3.0,3.85
361,377,3.0,3.57
437,86,3.0,3.56
175,7169,5.0,4.38
368,2688,3.0,2.95
2,99114,3.5,3.95
239,1672,4.5,3.33
103,48780,4.5,4.39
215,1089,3.0,4.25
551,77561,4.0,3.63
590,303,3.0,3.05
477,66934,5.0,3.95
332,1682,4.5,4.0
298,59315,3.5,3.92
524,913,3.0,4.21
6,304,4.0,3.7
413,3624,5.0,3.21
177,93006,4.0,0.0
156,1079,4.0,4.04
119,6934,4.5,3.27
405,4878,4.0,4.1
599,3668,3.0,3.96
431,466,2.0,3.01
71,733,3.0,3.77
288,2903,3.0,0.0
21,902,3.0,3.91
121,300,3.0,3.46
517,30749,0.5,4.05
249,55269,4.0,3.82
4,4033,4.0,4.0
518,6323,4.5,3.45
517,919,4.5,3.97
448,157172,0.5,0.0
387,1097,3.5,4.0
74,48774,4.0,4.15
414,64983,3.0,3.67
599,179817,3.0,0.0
608,163,3.0,3.77
585,441,3.5,3.9
109,14,4.0,3.64
170,594,3.0,3.55
277,719,4.0,2.96
599,26195,3.0,0.0
414,37727,4.0,2.99
528,81834,1.5,4.09
325,5139,3.0,3.36
552,3361,3.0,3.81
64,1183,4.0,3.86
448,3072,3.0,3.58
16,849,4.0,2.77
64,3253,4.5,3.44
281,362,2.0,3.68
288,2116,3.0,3.42
50,63312,2.0,0.0
219,4388,0.5,2.75
131,5959,2.5,3.43
336,2001,3.5,3.22
288,1270,5.0,4.17
341,480,2.0,3.71
265,1678,3.0,3.42
4,1077,5.0,3.72
305,4439,3.5,0.0
448,59615,2.0,2.89
381,66097,5.0,3.95
181,370,3.0,3.19
414,3823,4.0,0.0
489,6377,4.0,4.18
102,47,5.0,3.98
1,423,3.0,2.72
274,54503,3.5,4.47
517,2396,1.5,3.86
445,4995,4.0,4.05
590,153,2.5,3.09
226,1193,4.0,4.33
288,2142,3.0,2.46
212,54286,3.0,3.71
610,77364,2.5,3.43
219,317,3.0,3.27
113,1564,5.0,0.0
610,6874,4.5,3.91
51,5339,3.5,4.2
599,114627,3.0,0.0
159,4308,2.5,3.55
448,47640,2.5,3.93
294,1135,4.0,3.11
563,59258,2.0,3.07
268,1206,3.0,4.15
477,2036,3.5,1.96
10,5952,4.0,4.04
531,1961,5.0,3.79
391,1094,4.0,3.54
288,2095,3.5,2.63
610,105504,3.0,4.58
600,8533,3.0,3.61
474,4970,4.0,0.0
249,3744,3.0,3.13
356,4878,5.0,4.14
177,1265,4.0,4.2
48,2571,5.0,4.17
125,52973,4.5,3.87
184,159817,5.0,4.81
132,5956,1.5,3.64
125,1732,4.5,3.95
414,59615,2.5,2.96
45,3052,4.0,3.71
606,11,2.5,3.86
219,8807,4.0,3.73
596,91529,3.5,4.25
111,65230,2.5,3.17
274,33834,3.5,3.45
177,3408,4.0,3.81
42,3033,4.0,3.52
284,237,5.0,3.35
525,61240,4.0,4.16
448,4159,2.0,3.09
393,45722,5.0,3.61
58,300,5.0,3.46
507,349,3.0,3.71
607,3440,3.0,1.74
68,4638,2.0,3.14
12,2572,5.0,3.59
414,1680,3.0,3.92
194,7143,4.5,3.89
93,2424,4.0,3.24
479,2891,5.0,0.0
414,47610,3.5,4.22
567,180985,1.0,3.65
555,2000,5.0,3.82
234,2953,1.0,2.74
520,4526,4.0,2.89
270,708,3.0,3.32
91,5378,4.0,3.39
28,54736,2.5,4.15
33,2080,4.0,3.46
412,2542,4.0,4.14
122,91535,4.0,3.44
387,4065,2.5,0.0
576,1188,1.0,3.92
105,112556,4.0,3.82
182,6796,3.0,4.02
378,318,4.5,4.52
391,5026,3.0,3.87
305,33493,3.5,3.69
606,8966,3.5,3.25
340,457,5.0,3.99
477,40815,3.5,3.86
608,2600,4.5,3.87
233,1059,3.5,3.83
579,2496,4.0,2.89
361,5106,1.5,2.62
279,175303,5.0,3.35
313,3386,3.0,3.13
70,3468,5.0,4.37
89,4014,1.5,3.68
284,432,3.0,2.64
414,349,3.0,4.09
438,1302,4.0,3.8
552,1704,4.0,4.1
414,2375,3.0,3.64
93,260,5.0,4.24
62,1653,5.0,4.15
205,104913,3.0,3.94
284,420,3.0,2.97
330,2140,3.5,3.49
305,163645,4.0,4.37
140,707,3.0,2.99
599,3489,3.0,3.81
266,1617,4.0,4.11
312,527,5.0,4.27
40,21,4.0,3.45
42,2671,4.0,3.4
108,480,4.0,3.71
249,3271,4.0,4.05
187,6062,4.0,2.79
380,899,3.0,4.42
202,3214,2.0,0.0
202,3505,5.0,3.52
50,5669,2.5,3.77
38,376,4.0,3.23
249,49651,3.5,3.45
221,5954,4.5,3.83
264,1210,3.5,4.21
182,3827,2.5,3.43
469,112,3.0,3.59
105,64993,4.5,2.91
39,1200,5.0,3.94
448,4104,1.0,0.0
448,69122,3.0,4.01
509,6156,3.0,3.16
387,175,4.0,4.17
345,7121,5.0,4.5
414,34536,4.0,3.35
382,4638,3.5,2.98
294,3552,5.0,3.78
334,27773,3.0,4.06
211,54286,4.0,3.68
288,1603,2.0,2.3
84,11,4.0,3.72
216,3555,3.0,3.36
226,1206,4.0,4.17
437,1488,3.0,2.83
436,8,3.0,3.03
42,2169,2.0,2.69
42,2581,3.0,3.05
420,2819,4.0,3.44
385,1079,4.0,3.96
474,3928,3.5,0.0
396,1747,3.0,3.35
28,8665,3.5,4.01
381,1722,3.5,3.02
244,541,4.0,4.15
224,2150,5.0,3.84
197,2167,2.0,3.49
63,1704,3.5,4.15
532,3147,5.0,4.22
474,4881,4.0,4.32
256,68791,3.0,3.49
167,69,2.5,3.69
605,74530,3.0,2.38
395,1025,3.0,3.71
186,2115,4.0,3.66
448,2383,2.0,0.0
144,47,4.5,4.03
119,102481,4.0,3.93
534,108932,4.0,4.03
590,1544,3.0,2.8
514,4533,3.0,0.0
495,99007,4.5,3.16
559,405,2.0,2.7
23,3181,3.5,3.5
610,114670,3.5,0.0
387,6807,4.0,4.22
68,176371,3.5,3.86
18,56757,4.0,3.95
489,47,3.0,4.12
68,4124,2.0,0.0
469,3072,4.0,3.42
220,2985,4.0,3.55
219,2858,5.0,4.12
288,1673,2.0,4.23
51,59615,5.0,2.67
427,5065,3.5,2.9
74,2908,5.0,3.46
313,4370,3.0,3.39
64,708,4.5,3.52
182,4247,2.5,2.42
103,34437,4.0,3.55
111,1895,4.0,3.61
156,1263,4.0,4.19
249,2720,2.5,2.18
254,836,3.5,2.89
480,8866,3.0,2.9
274,4370,3.0,3.45
215,2145,4.0,3.18
89,73106,1.5,0.0
202,1292,3.0,4.03
599,41627,3.5,0.0
122,55765,5.0,3.99
387,6530,4.0,0.0
574,185,2.0,3.13
517,914,4.5,3.98
421,2858,5.0,4.05
182,2391,4.5,3.76
385,610,3.0,3.56
380,90603,5.0,0.0
64,5816,3.5,3.62
219,39292,3.5,3.68
417,6874,5.0,3.93
45,88,4.0,3.33
438,1608,3.5,3.56
298,2918,3.0,4.03
64,6,4.5,4.03
428,3000,2.5,4.06
484,1644,3.0,2.19
43,23,5.0,2.77
57,1747,4.0,3.38
14,32,4.0,3.96
304,165,4.0,3.72
607,858,4.0,4.29
604,208,3.0,3.0
451,94,4.0,3.88
599,73,3.0,3.47
305,96610,2.5,3.82
253,66097,4.5,3.73
221,4681,4.0,3.76
560,54286,4.0,3.78
405,293,4.0,4.07
204,1653,5.0,4.0
414,68205,3.5,3.04
486,44,4.0,2.41
312,2011,4.0,3.53
19,2985,3.0,3.58
367,3784,5.0,1.95
333,1272,3.0,4.2
577,1931,4.0,0.0
590,7367,2.5,2.44
599,135456,3.5,0.0
182,5530,3.5,1.59
425,4306,4.0,4.02
391,1429,3.0,3.68
362,5784,4.0,2.32
483,3269,2.5,2.87
414,8869,2.5,0.0
425,1589,3.5,3.39
339,105504,4.5,4.38
382,2990,4.0,3.32
126,380,5.0,3.56
217,471,2.0,3.73
599,5816,3.0,3.57
469,1476,2.0,3.71
325,22,3.0,3.17
288,6012,3.0,2.66
448,131480,2.0,0.0
477,2294,4.0,3.36
226,1230,4.0,4.08
51,6323,4.5,3.55
562,99007,4.0,3.13
305,90405,3.0,3.69
313,2021,4.0,3.29
305,112852,4.5,4.55
226,4571,5.0,3.75
414,175569,4.0,4.03
462,96488,4.0,4.28
527,1035,5.0,4.21
3,7899,4.5,0.0
339,72011,4.5,3.7
448,5541,4.0,3.2
294,3506,2.0,3.08
520,7147,4.0,3.83
279,148626,3.5,3.87
210,89745,4.5,3.87
226,1247,4.0,4.07
266,223,4.0,3.95
419,778,5.0,4.07
91,1,4.0,4.07
53,748,5.0,2.77
249,90249,3.5,3.57
63,92535,5.0,4.95
438,1777,2.0,3.53
527,1287,4.0,4.03
420,54881,4.0,3.89
298,112552,3.5,4.33
60,58559,5.0,4.17
477,2115,4.0,3.7
474,3578,3.0,4.23
45,2105,3.0,3.42
82,6566,1.5,2.28
305,63992,3.0,2.35
561,111364,4.0,2.47
182,5218,3.5,3.88
430,1680,5.0,3.42
483,2762,3.5,4.09
68,6333,4.5,4.06
448,58803,4.0,3.69
202,920,4.0,3.63
414,6538,4.0,0.0
19,1500,2.0,3.77
117,193,2.0,2.46
68,2840,3.5,3.12
195,150,4.0,3.81
414,6337,4.0,3.11
610,117867,4.0,0.0
603,3418,4.0,3.64
525,5299,2.0,3.32
414,1704,5.0,4.68
17,592,4.5,3.5
372,1033,2.0,3.61
428,2723,3.5,3.07
198,780,2.0,3.49
331,3623,2.0,2.74
346,357,4.5,3.53
509,96110,3.0,4.35
181,382,3.0,3.41
282,6377,5.0,4.03
381,1917,3.0,2.98
552,6503,2.0,2.43
563,1270,3.5,4.02
155,2880,3.0,2.52
536,232,2.0,3.79
605,533,4.0,3.14
453,1873,3.0,4.01
318,2797,3.5,3.89
480,39414,3.5,1.87
380,54001,5.0,3.94
599,161032,2.5,0.0
312,5451,4.0,2.81
125,7361,4.5,4.42
371,1676,4.0,3.53
140,3198,4.0,3.66
456,64,3.0,2.57
274,4700,2.5,3.52
527,2135,4.0,4.1
232,8985,3.0,2.83
305,105355,2.5,0.0
462,1252,5.0,4.37
22,37733,2.5,3.69
104,858,1.5,4.3
153,4896,3.0,3.76
73,8961,4.0,3.89
489,1263,4.5,4.16
28,6884,3.5,0.0
68,1884,2.5,4.1
298,139642,2.0,2.56
596,3624,3.5,3.36
556,48394,4.0,3.84
274,2548,2.0,0.0
82,6006,3.0,2.57
298,91542,3.0,3.83
484,1753,5.0,3.4
448,91628,2.0,0.0
274,52435,3.5,3.61
448,1955,3.0,4.42
119,88163,4.0,4.16
484,594,5.0,3.58
610,61240,5.0,4.42
489,55269,2.5,3.7
339,56174,4.5,3.58
414,2028,5.0,4.4
89,3061,2.0,3.46
111,72998,2.0,3.81
195,5010,3.0,3.92
47,6765,3.0,3.89
119,47099,4.0,3.81
169,1136,5.0,4.25
288,48414,3.0,0.0
564,39,3.5,3.41
178,593,4.5,4.19
33,2087,3.0,3.46
40,82,5.0,3.01
573,69122,4.5,3.83
447,520,3.0,3.08
156,4734,3.0,3.11
387,54190,3.0,4.02
177,98154,4.5,0.0
372,1213,5.0,4.37
414,991,4.0,3.2
144,784,1.5,3.02
483,2394,4.5,3.47
590,3868,3.0,3.55
448,55995,2.0,2.93
226,6711,4.5,4.23
514,1330,2.0,1.38
45,2716,4.0,3.85
356,2918,5.0,4.0
298,784,1.5,3.0
603,648,2.0,3.57
452,4643,5.0,2.76
414,4215,2.0,0.0
603,2577,3.0,0.0
249,67734,2.5,3.7
144,4979,3.5,3.7
414,4345,3.0,0.0
599,1200,5.0,4.28
132,5620,2.0,2.97
226,5584,3.5,0.0
474,1374,4.0,3.76
177,1953,2.5,3.98
28,736,2.5,3.47
105,3275,4.5,4.31
414,635,3.0,0.0
219,33166,3.5,4.05
458,440,4.0,3.61
480,8376,4.0,3.08
387,6552,3.5,3.82
323,1320,3.0,3.12
10,33679,3.0,3.29
79,589,5.0,3.99
1,2492,4.0,2.31
432,84189,3.5,0.0
160,6538,3.0,0.0
132,5673,2.0,3.67
21,4718,4.5,3.1
477,2010,3.5,3.98
477,4571,4.0,3.79
249,129354,4.5,3.63
414,69406,1.5,3.88
381,1911,2.5,2.76
408,520,4.5,3.06
202,1395,3.0,3.29
19,880,2.0,2.84
210,51562,4.0,0.0
63,58559,5.0,4.36
474,25999,3.5,0.0
234,1566,5.0,3.35
100,5299,3.5,3.09
610,71745,4.0,2.88
232,43919,0.5,0.0
89,2997,3.0,4.04
527,4299,4.0,3.61
50,26422,3.0,3.24
282,134130,4.0,3.95
156,3100,3.0,4.03
82,1544,3.5,2.79
571,2513,5.0,2.53
154,86644,0.5,4.0
509,86332,3.5,3.7
180,1261,4.0,3.96
430,2699,3.0,2.97
411,327,1.0,2.97
301,8949,3.5,3.65
167,4333,3.0,3.53
352,41566,3.0,3.47
166,520,3.5,3.07
312,3024,3.0,2.38
336,1267,3.5,4.41
313,2366,2.0,3.67
188,1537,4.0,3.67
490,53125,2.0,3.67
292,1907,3.5,3.78
210,122916,4.5,3.8
590,1092,2.5,3.47
483,45722,3.5,3.72
462,2396,0.5,3.85
328,122886,2.5,3.82
599,3499,2.5,4.05
525,91869,3.5,0.0
462,2367,2.5,2.23
225,2791,4.0,3.84
202,924,5.0,3.97
19,558,2.0,3.09
263,2266,3.0,3.1
434,3948,3.5,3.54
307,9005,2.0,0.0
343,7981,5.0,4.51
7,6534,0.5,2.61
559,745,5.0,4.16
57,2005,3.0,3.85
460,48780,4.5,4.32
232,37380,2.0,2.42
480,923,5.0,4.06
318,37741,4.5,4.03
534,31878,4.5,3.53
181,596,3.0,3.4
62,5254,3.0,3.33
202,371,4.0,2.98
174,160,3.0,2.93
573,7482,4.0,4.05
63,4306,2.5,4.01
219,4446,4.0,3.55
202,3251,4.0,3.47
468,208,3.0,2.98
608,2003,2.5,3.4
288,1219,5.0,4.12
590,586,3.0,3.12
182,1464,4.5,3.56
489,7155,1.0,3.47
264,150,4.0,3.76
414,902,4.0,4.21
105,5878,3.5,3.99
596,58559,4.0,4.41
599,26539,3.0,0.0
489,1784,4.5,3.87
456,1073,3.0,3.91
66,555,3.5,3.91
372,1204,5.0,4.3
21,2700,2.5,4.06
232,5501,3.5,0.97
487,4973,3.0,4.27
572,2406,3.0,3.54
52,96079,3.0,3.85
219,434,3.0,3.19
599,3210,3.0,3.76
367,4489,4.0,3.14
199,3618,3.0,2.96
125,2843,4.0,3.66
68,60126,3.5,3.77
543,73881,5.0,0.0
111,56805,2.5,3.88
373,236,3.0,3.47
19,3797,3.0,0.0
480,27660,1.5,3.82
403,62081,3.5,2.99
212,1220,4.0,3.91
181,485,3.0,3.2
275,4066,3.0,0.0
414,5988,3.0,3.42
96,3555,3.0,3.35
414,51575,2.5,2.86
474,6157,3.0,2.57
474,5308,2.0,2.64
477,1005,2.5,1.81
230,780,3.0,3.51
195,165,2.0,3.68
23,58,3.0,3.86
217,692,1.0,1.73
561,45431,2.0,3.68
274,2617,3.5,3.23
111,2329,3.5,4.33
200,2006,4.0,3.17
68,5152,4.0,3.46
561,68358,4.0,4.09
301,356,4.0,4.21
503,4641,4.0,3.38
89,4728,3.0,3.02
432,81591,5.0,3.68
555,196,3.0,2.78
305,3916,4.0,3.73
82,595,3.0,3.86
185,3598,3.0,3.02
474,4886,3.0,4.25
608,2117,4.5,3.97
84,1103,4.0,4.02
469,32,5.0,4.04
602,555,3.0,3.81
233,60069,4.0,4.11
206,838,5.0,3.58
89,69469,5.0,0.0
101,3578,4.0,3.92
600,3821,1.0,2.42
242,329,3.0,3.38
217,785,2.0,3.66
448,26386,3.5,0.0
552,3252,3.5,3.56
365,2858,1.0,4.08
42,509,4.0,3.64
387,1997,4.0,4.18
596,60040,3.0,3.38
301,1644,0.5,2.2
221,608,5.0,4.24
391,497,4.0,3.85
387,697,1.5,0.0
221,7215,4.5,2.92
409,1394,4.0,4.2
529,733,5.0,3.75
483,27370,4.5,0.0
380,1717,2.0,3.15
64,185,3.0,3.29
17,3147,4.5,4.26
607,589,4.0,4.07
304,2858,2.0,4.06
482,2068,0.5,0.0
419,27704,5.0,0.0
200,3082,4.0,3.36
575,2580,4.0,4.0
580,2355,3.5,3.65
212,85414,2.5,3.59
514,5704,2.0,0.0
605,68554,3.5,3.11
448,86293,2.0,2.93
309,4432,4.0,4.21
599,3915,2.0,0.0
265,2105,4.0,3.41
509,34162,2.0,3.63
603,2731,5.0,3.7
414,2087,5.0,3.49
448,111795,3.0,0.0
307,4040,3.5,2.23
298,45722,2.5,3.69
387,5809,4.0,0.0
590,1210,4.5,4.37
274,4351,3.5,3.25
552,1073,4.5,3.97
197,592,5.0,3.47
563,70183,3.5,3.57
105,4728,3.5,3.12
10,106782,1.0,4.01
474,55071,4.0,0.0
474,39869,4.0,0.0
561,77561,3.0,3.73
122,70599,4.0,3.88
271,1320,3.5,3.11
608,54503,4.5,4.27
140,164,3.0,3.62
354,3994,3.0,3.61
534,85179,4.5,3.64
528,67255,4.0,4.0
420,6934,3.5,3.19
586,457,4.5,4.04
603,2420,2.0,3.86
104,6539,3.0,3.96
379,500,3.0,3.46
587,3404,5.0,3.5
182,4734,1.5,3.23
307,788,2.0,3.01
51,1407,0.5,3.21
393,1291,5.0,4.15
596,2384,3.0,2.79
583,4016,4.0,3.67
305,3499,4.0,3.89
264,5952,4.5,4.02
221,7311,3.5,0.0
45,4896,4.0,3.82
382,53464,3.5,2.41
586,111781,4.5,3.96
448,88163,3.5,4.53
534,1721,4.5,3.52
450,2924,5.0,4.17
593,1086,3.5,3.98
380,2860,2.0,2.85
382,86644,3.5,3.98
486,292,4.0,3.44
202,3707,3.0,2.56
232,919,4.0,3.88
555,372,4.0,2.54
6,637,4.0,3.42
367,4153,3.0,2.71
59,1580,3.0,3.54
220,1722,3.5,2.95
510,4993,2.5,4.17
543,4388,5.0,2.69
253,5902,5.0,3.86
325,4294,3.0,0.0
380,5690,4.0,4.45
64,4973,5.0,4.44
477,4641,4.0,3.37
380,105585,3.0,0.0
356,543,5.0,3.36
368,2535,3.0,0.0
352,66097,3.0,3.8
219,55020,4.5,0.0
140,6448,4.0,0.0
294,420,2.0,3.0
575,2506,4.0,2.51
105,3997,3.0,1.99
523,7361,5.0,4.31
474,4296,2.0,0.0
542,1206,4.0,4.16
525,110102,4.0,4.07
477,3552,5.0,3.84
177,3753,3.5,3.7
45,4022,5.0,3.81
216,2349,2.0,3.72
610,138210,3.5,2.97
51,1997,5.0,4.16
125,86721,5.0,0.0
247,4226,4.5,4.22
422,762,2.0,2.46
64,350,3.5,3.36
334,30850,3.5,3.84
52,73017,5.0,3.92
166,6157,2.5,2.65
318,45728,4.0,3.99
50,296,4.0,4.27
605,8373,2.0,2.07
195,161,4.0,3.74
249,149352,3.5,2.97
414,173209,4.0,0.0
599,79274,2.5,0.0
474,2194,4.0,4.24
448,4229,3.0,1.04
172,3793,3.5,3.66
462,72011,4.5,3.65
278,2144,3.5,3.73
247,1198,4.0,4.34
599,728,2.5,3.87
223,8360,4.0,3.56
57,736,2.0,3.54
610,2951,4.5,4.23
414,127108,5.0,3.95
111,179427,4.0,0.0
606,82,4.0,3.19
249,90531,4.5,4.25
534,70336,3.0,2.07
17,3949,4.5,3.97
520,49272,3.0,4.08
294,2268,3.0,3.87
239,1101,3.5,3.21
357,1358,2.5,4.24
106,69844,5.0,3.87
610,122884,3.0,0.0
448,2083,4.0,4.16
226,3450,4.0,3.37
50,1201,4.0,4.26
606,2001,0.5,3.37
603,2932,4.0,3.7
474,6852,3.5,4.2
599,1673,4.0,4.29
599,210,2.0,0.0
602,475,5.0,4.42
398,910,5.0,3.87
522,356,3.5,4.27
313,3081,4.0,3.6
381,1028,4.5,3.86
414,4815,3.0,3.41
352,1625,4.5,3.75
45,3270,1.0,2.47
195,3753,3.0,3.53
328,1997,2.0,4.14
356,35836,5.0,3.59
603,1721,3.0,3.56
100,1035,4.0,4.22
561,7310,3.5,0.0
474,342,3.5,3.41
586,54286,4.5,3.73
448,110553,2.5,2.5
304,2322,4.0,3.14
177,69122,4.0,3.93
327,4388,5.0,2.68
603,1228,5.0,4.32
234,126,2.0,1.89
298,1240,4.0,4.05
590,6565,3.5,3.91
580,924,3.5,3.92
105,85316,3.5,0.0
290,1208,5.0,4.29
68,3978,3.0,3.28
45,2302,3.0,3.31
41,57669,4.5,4.16
608,2126,4.0,2.91
470,788,3.0,2.84
509,6350,3.5,4.21
599,1719,3.5,4.14
370,592,4.0,3.48
135,3102,3.0,3.97
28,851,2.0,3.45
555,4080,3.0,0.0
280,4649,4.0,3.78
260,2010,4.0,3.9
317,1219,5.0,4.07
68,59725,2.5,2.91
68,46965,3.5,2.59
156,2396,4.0,3.89
274,8957,3.5,3.64
517,147378,1.0,3.67
247,7361,4.0,4.33
140,7155,3.0,3.49
474,7064,4.0,2.74
182,249,4.0,3.21
448,26409,1.0,0.0
435,34405,4.0,4.09
66,4041,4.5,3.34
356,2146,4.5,3.18
202,1394,4.0,4.28
356,8917,3.5,3.76
380,4085,4.0,3.53
414,166528,4.0,4.42
414,3794,3.0,0.0
352,3273,3.0,2.58
599,2292,2.5,0.0
68,112183,1.5,3.71
610,5617,4.0,4.21
414,139644,4.5,4.21
160,227,2.0,3.09
599,2140,3.0,3.77
186,788,4.0,2.88
599,2321,3.5,3.77
608,7324,4.0,3.5
41,5418,2.0,3.8
608,3257,2.5,3.17
106,40815,5.0,3.81
68,103249,3.5,3.09
105,58554,2.0,0.0
10,86548,3.0,0.0
307,2114,3.0,3.38
483,480,4.0,3.9
221,3671,4.5,3.98
599,627,2.5,3.82
387,923,4.5,4.15
327,8641,5.0,3.67
545,63540,2.0,0.0
288,3998,3.0,3.08
582,44191,3.5,3.91
452,1584,5.0,3.72
117,736,2.0,3.52
294,3667,1.0,0.0
318,2291,4.0,3.84
105,152081,4.5,4.32
304,135,4.0,3.07
91,1645,3.0,3.44
42,3448,5.0,3.72
414,32587,4.0,4.23
122,260,5.0,4.34
74,55363,4.0,4.27
328,1732,3.5,3.95
600,1246,2.5,4.25
64,27773,5.0,4.22
361,49272,4.0,4.04
174,333,4.0,3.79
200,45517,3.0,3.35
201,1097,5.0,3.89
296,31364,5.0,4.29
313,1274,5.0,3.56
500,471,1.0,3.74
18,593,4.5,4.35
606,6440,4.0,4.21
411,292,3.0,3.46
372,335,4.0,0.0
434,6365,2.0,3.33
73,35836,2.5,3.56
382,33836,2.0,2.18
432,35836,4.0,3.57
82,1573,4.0,3.47
414,5046,3.0,3.34
19,1373,1.0,2.51
221,2997,4.5,4.06
414,122904,4.0,4.82
62,45447,3.5,3.33
414,542,2.0,3.17
236,1387,5.0,4.09
564,4246,3.5,3.76
328,8360,3.0,3.57
453,3148,4.0,3.54
432,81562,3.5,3.99
339,1077,4.5,3.73
323,348,3.5,3.64
368,587,3.0,3.42
68,3635,4.0,3.23
203,40815,3.5,3.8
132,4993,4.5,4.24
139,6539,3.0,3.92
68,68554,3.0,3.67
19,1970,3.0,2.98
600,2340,3.5,3.5
294,153,3.0,3.01
232,6006,3.0,2.84
202,356,5.0,4.3
268,2178,4.0,0.0
68,3275,3.5,4.37
599,51931,3.0,0.0
249,64969,4.0,4.07
474,1959,4.0,3.72
602,11,3.0,3.7
50,176371,3.0,3.9
174,32,3.0,3.98
119,5810,3.0,3.28
88,26974,3.0,0.0
68,4720,3.0,4.1
477,5952,4.0,4.21
243,353,5.0,3.44
597,2423,2.0,3.74
352,1080,5.0,4.08
6,316,5.0,3.45
318,142456,3.5,0.0
597,2717,3.0,3.3
288,3060,4.0,3.77
217,1230,2.0,4.07
125,60072,4.0,3.09
368,303,1.0,3.02
43,271,5.0,2.53
83,7669,4.0,3.38
153,30707,2.5,3.83
153,177615,3.0,3.53
540,1196,5.0,4.27
328,1288,3.0,4.08
380,5171,3.0,3.25
356,1206,4.0,4.16
66,181,2.0,2.37
166,5418,4.5,3.81
474,3475,4.0,0.0
606,1293,4.0,3.94
141,2355,4.0,3.58
103,69844,1.5,3.92
610,128360,4.5,4.31
414,3788,3.5,3.88
116,5349,3.5,3.54
95,1196,5.0,4.3
288,2391,4.0,3.67
514,122926,4.0,4.28
318,79057,2.5,3.75
351,84152,3.5,4.2
256,112623,4.0,3.34
169,3,5.0,3.29
566,25,2.0,3.81
41,2268,2.5,3.83
326,89492,1.0,3.99
226,8464,3.5,3.63
274,2431,3.0,3.49
139,4865,1.5,3.66
328,2090,3.0,3.03
514,1079,4.0,4.01
176,485,3.0,3.16
372,1302,3.0,3.67
608,1396,4.0,3.38
594,2808,5.0,1.8
224,1554,1.0,2.68
282,1073,4.0,4.0
547,1394,5.0,4.19
602,22,3.0,3.21
610,82641,3.0,0.0
79,2406,4.0,3.49
602,508,3.0,3.65
603,163,5.0,3.69
42,4482,5.0,0.0
143,6619,5.0,2.77
359,480,4.0,3.72
317,3147,4.0,4.28
286,2959,5.0,4.28
153,4979,3.0,3.71
603,2174,4.0,3.54
603,4433,5.0,0.0
560,6218,3.5,3.43
274,67087,3.0,3.98
307,5524,2.5,2.48
249,74789,2.5,3.61
368,1590,2.0,3.06
135,4467,4.0,3.81
603,1358,4.0,4.3
235,39,3.0,3.4
566,151,4.0,3.45
64,2115,3.0,3.7
16,1196,3.0,4.26
139,3753,4.0,3.48
492,842,5.0,2.35
606,2313,4.0,4.03
427,5107,3.0,0.0
88,79132,4.5,4.1
307,3752,2.5,3.33
352,68791,3.5,3.44
95,162,5.0,4.01
582,5618,3.5,4.18
82,2380,3.0,2.42
42,2861,4.0,3.18
290,1345,3.0,3.23
273,586,1.0,2.9
610,7482,4.5,4.11
353,266,3.0,3.3
33,230,3.0,3.51
304,1183,3.0,3.85
16,296,3.0,4.27
603,2431,1.0,3.48
562,3578,3.5,4.03
66,7482,4.5,4.03
164,1036,5.0,3.85
305,88405,3.5,3.34
307,6548,3.0,3.4
267,3996,5.0,3.87
357,2291,4.0,3.78
144,1246,3.0,4.11
105,2329,4.0,4.42
282,1968,4.0,3.9
596,1372,3.5,3.29
241,7371,5.0,4.16
600,2797,4.0,3.86
89,128087,5.0,0.0
111,64839,4.0,3.74
148,4993,3.0,4.17
429,315,4.0,3.15
448,46974,2.0,2.77
357,1513,3.5,3.29
7,589,2.5,4.03
139,95510,2.5,3.1
377,33681,2.5,0.0
474,1006,3.5,0.0
292,81847,3.0,4.03
351,55577,3.5,3.73
226,840,3.0,3.31
187,7371,4.0,4.21
52,86892,5.0,0.0
68,54881,5.0,4.0
610,79592,3.0,3.64
488,5995,4.5,3.96
381,5630,2.0,3.55
202,523,3.0,0.0
525,8643,3.0,2.88
552,2501,3.5,3.96
59,647,4.0,3.5
534,6874,4.5,3.89
469,1876,4.0,3.16
174,300,2.0,3.46
561,3753,4.5,3.64
412,1276,5.0,4.27
606,18,4.0,3.82
249,1209,4.5,4.04
184,119145,5.0,3.95
57,3175,4.0,3.75
599,3440,2.5,1.8
599,6348,2.5,0.0
600,2907,3.0,4.0
51,33615,3.5,3.45
414,72378,2.0,3.06
484,261,4.0,3.83
577,1288,3.0,4.02
444,350,3.0,3.3
437,1242,5.0,4.18
298,109374,3.5,4.02
73,59258,4.5,3.11
489,5377,4.0,3.8
372,527,5.0,4.28
424,27020,3.5,0.0
15,2916,4.5,3.64
380,110501,4.0,4.24
221,913,4.5,4.19
414,4909,2.0,0.0
610,133802,4.0,0.0
16,2723,3.5,3.07
198,2571,5.0,4.21
104,6593,4.0,3.09
198,364,4.0,3.98
573,3578,3.5,4.08
89,143559,5.0,0.0
105,101962,4.0,0.0
274,58803,2.0,3.8
232,41769,2.5,0.0
346,1333,3.5,3.68
332,6365,3.0,3.32
298,81932,3.0,4.15
414,39444,3.5,5.18
524,1270,5.0,4.03
181,445,3.0,2.53
105,98491,4.0,4.64
528,91658,4.0,3.3
63,47,4.0,4.08
462,83827,5.0,0.0
391,3702,4.0,3.85
41,3160,4.0,3.72
97,2571,5.0,4.16
608,8464,3.5,3.65
198,3686,3.0,2.95
512,380,3.0,3.56
140,5945,3.0,3.37
606,1059,4.5,3.91
160,1270,5.0,4.07
200,5481,3.5,2.93
120,1210,5.0,4.2
376,1097,3.5,3.87
603,910,4.0,3.97
414,171765,4.0,0.0
434,5952,5.0,4.13
381,3254,3.0,3.65
448,8376,3.0,3.04
466,45722,4.5,3.62
84,350,4.0,3.37
351,90353,4.0,0.0
292,4321,3.0,3.42
534,87869,3.0,3.78
84,1388,3.0,2.41
99,165,5.0,3.65
182,3809,3.5,3.27
409,2109,5.0,3.37
223,2716,3.5,3.78
534,2080,3.5,3.48
291,118696,4.0,3.85
39,1617,2.0,4.11
89,69644,4.0,2.38
132,7323,3.0,4.01
538,158,4.5,2.83
57,1468,1.0,2.77
198,260,5.0,4.27
177,7222,2.5,0.0
415,86345,4.5,4.14
64,4489,4.5,3.26
63,3752,2.0,3.26
414,1840,4.0,2.93
438,5809,2.5,0.0
525,1033,3.0,3.69
177,355,2.0,2.42
462,81932,4.5,4.1
28,4251,2.0,0.0
600,39444,1.0,4.26
199,1055,1.0,0.0
305,296,5.0,4.31
332,608,4.0,4.23
438,3916,4.0,3.8
453,2671,4.0,3.44
298,71264,3.0,3.94
212,107314,3.5,0.0
295,858,4.5,4.29
64,3396,4.0,3.81
347,317,4.0,3.18
232,597,3.5,3.73
480,6764,1.5,3.58
27,736,3.0,3.48
599,8157,2.5,4.14
274,368,3.5,3.71
89,49013,3.5,0.0
362,2023,4.0,3.38
143,3526,3.0,3.82
460,2762,4.5,3.93
413,3916,5.0,3.57
606,6800,1.5,0.0
318,1260,4.0,3.36
425,1393,3.0,3.54
474,8955,3.0,0.0
24,4995,3.5,4.08
199,913,4.5,4.16
567,2731,3.5,3.8
339,68358,4.0,4.09
160,587,3.0,3.39
128,942,4.0,0.0
232,62155,4.0,3.32
423,4995,3.5,4.02
608,2002,3.0,2.8
109,52,3.0,3.54
500,2539,4.0,3.14
59,1210,3.0,4.22
599,5221,3.0,0.0
286,4226,4.5,4.15
217,2353,4.0,3.46
414,26704,4.0,0.0
597,2116,4.0,3.34
122,112852,4.0,4.41
596,5991,3.5,3.66
608,2918,4.0,4.02
10,136020,5.0,2.98
380,83134,5.0,3.47
539,4306,5.0,3.93
517,1997,1.0,4.14
610,158238,5.0,4.24
274,4247,3.0,2.43
262,296,3.0,4.24
191,224,4.0,3.67
19,1240,4.0,4.02
274,328,4.5,3.33
604,435,4.0,2.48
91,1276,3.0,4.37
28,52241,2.0,3.5
573,60040,4.0,3.32
57,442,2.0,3.06
599,139859,2.5,0.0
477,72224,3.5,0.0
103,4002,4.5,3.95
480,3618,5.0,2.96
483,920,1.5,3.61
167,1080,3.5,4.08
137,30749,4.0,4.03
387,2717,3.0,3.28
512,454,4.0,3.61
417,356,4.0,4.21
28,6502,3.0,4.16
498,380,3.0,3.55
160,1385,1.0,3.14
50,27773,3.0,4.09
555,3698,5.0,3.33
298,4247,3.0,2.54
509,91542,3.5,3.8
182,1827,2.5,0.0
504,6565,4.5,3.74
597,1290,3.0,3.67
600,7153,5.0,4.25
571,1976,3.0,2.11
600,1923,3.0,3.83
326,2571,3.5,4.23
64,736,3.5,3.6
298,7460,3.5,0.0
387,4211,4.0,0.0
365,4995,4.0,4.11
599,458,2.0,0.0
68,350,3.5,3.55
434,33794,4.5,3.98
82,6537,4.5,2.96
477,61323,4.5,3.64
305,88140,3.0,3.87
489,8874,4.5,4.18
341,4447,4.0,3.19
380,3793,5.0,3.88
607,448,4.0,3.49
68,45950,3.5,3.96
424,2571,2.0,4.18
387,2206,3.5,0.0
156,3114,3.5,3.97
181,371,4.0,2.93
105,8957,4.0,3.59
374,1350,5.0,3.69
464,1835,4.0,3.61
288,27618,2.0,0.0
449,50,4.5,4.27
249,608,4.5,4.4
352,3355,4.0,3.04
274,4022,3.0,3.92
6,210,4.0,0.0
314,357,4.0,3.53
44,833,2.0,2.78
68,2993,4.0,3.48
182,8581,4.5,3.76
186,2710,3.0,3.04
210,589,4.0,4.01
414,104374,4.0,4.46
489,1967,3.5,4.03
33,1641,5.0,3.76
70,1270,4.0,4.04
603,3007,3.0,0.0
571,1334,2.0,2.57
372,1227,3.0,4.1
509,8861,2.0,3.41
395,377,3.0,3.56
404,539,4.0,3.62
274,60684,4.0,4.18
425,1573,3.0,3.46
98,1207,4.0,4.17
28,34405,4.5,4.06
263,7153,4.5,4.17
474,6936,4.0,3.97
599,27773,4.0,4.31
480,480,5.0,3.89
586,8368,5.0,3.96
399,8961,3.5,3.79
1,2048,5.0,3.5
492,1499,5.0,1.55
422,2841,3.0,3.69
256,71535,4.5,3.9
274,3082,3.0,3.54
414,5324,2.0,0.0
109,165,3.0,3.66
10,8969,3.5,3.07
70,7361,4.5,4.29
387,931,4.0,3.81
560,30707,3.0,3.93
497,1704,3.0,4.05
83,1960,3.5,3.59
249,82854,2.5,1.7
599,2797,3.5,4.02
265,531,3.0,3.09
232,783,2.0,3.44
294,1049,3.0,3.19
182,6881,4.0,3.23
476,377,3.0,3.58
132,2567,2.0,3.01
561,59784,3.5,3.54
19,2450,2.0,2.57
534,94777,3.5,3.71
414,34072,4.0,4.04
431,435,0.5,2.44
118,858,5.0,4.26
368,2194,3.0,3.96
448,104211,2.5,4.24
210,485,3.5,3.18
292,4386,3.0,2.41
99,380,5.0,3.56
263,593,5.0,4.22
325,3698,2.0,3.28
345,27751,5.0,0.0
256,117887,4.0,0.0
246,6942,5.0,3.81
382,4896,4.5,3.85
565,588,3.0,3.82
177,31685,2.5,3.28
393,3996,3.5,3.91
608,364,3.5,4.12
354,5459,3.0,2.94
596,1644,2.5,2.24
202,2001,4.0,3.33
561,8798,3.0,3.72
294,539,3.0,3.63
470,736,4.0,3.48
177,1499,2.0,1.57
474,6291,4.0,0.0
24,2916,3.5,3.63
7,8636,4.5,3.82
477,32029,3.0,3.17
603,417,3.0,3.59
68,2470,3.5,3.46
487,94959,2.5,4.12
525,93721,4.5,4.43
380,152173,4.0,0.0
109,366,3.0,3.17
606,1124,3.5,3.56
483,2593,3.0,0.0
555,743,1.0,2.78
567,113705,3.5,0.0
249,70336,3.0,2.23
601,1262,4.5,4.28
226,2081,2.5,3.52
198,1089,5.0,4.3
255,588,2.0,3.81
227,134130,4.5,3.96
226,500,3.5,3.54
559,494,3.0,3.42
288,2788,4.0,4.32
414,2294,4.0,3.63
305,75813,3.5,0.0
511,99114,4.0,4.0
233,4866,1.0,3.24
414,4267,3.0,0.0
424,107348,3.0,3.62
590,2115,3.5,3.76
14,7,3.0,3.12
380,837,4.0,3.59
282,139385,4.5,3.85
57,2770,4.0,2.85
57,1226,4.0,3.73
78,2716,4.5,3.78
82,7325,4.0,3.34
606,6890,4.0,0.0
239,2706,4.0,3.41
471,8874,3.5,4.0
350,788,3.0,2.79
232,30894,2.0,2.28
83,480,3.0,3.73
160,1627,5.0,2.89
414,6093,4.5,0.0
472,1193,4.5,4.16
1,2797,4.0,3.82
448,5952,4.0,4.3
428,3328,2.0,4.14
599,5508,3.0,3.4
307,44004,2.0,3.53
111,87529,5.0,3.88
305,7439,5.0,3.32
580,337,4.0,3.9
606,6573,4.0,0.0
50,103335,1.5,3.76
288,2134,3.0,3.16
196,1527,3.0,3.8
247,3578,4.0,4.01
438,2194,4.5,3.97
414,4595,3.5,0.0
307,203,2.5,3.75
307,45501,2.5,2.33
181,293,3.0,4.06
367,2108,2.0,3.57
304,1377,2.0,3.03
396,293,5.0,4.03
411,1,5.0,3.93
139,3827,3.5,3.16
139,106489,4.0,3.52
356,203,3.5,3.67
50,2019,4.0,4.29
298,50912,2.5,2.95
288,3448,3.5,3.81
274,3608,4.0,2.93
155,1883,4.0,3.59
181,587,5.0,3.36
113,1645,1.0,3.4
318,7151,3.5,3.62
136,267,4.0,3.04
307,7324,3.0,3.52
175,5410,0.5,0.0
160,1277,5.0,3.71
428,5900,2.0,2.96
156,47,3.5,4.03
187,4226,4.0,4.18
354,2321,4.0,3.53
168,750,5.0,4.37
111,53121,2.0,3.43
488,1198,3.5,4.25
270,648,3.0,3.52
113,39,3.0,3.41
427,1208,5.0,4.19
509,65261,3.5,3.86
500,2078,3.0,3.84
156,1225,4.5,4.39
274,4855,3.5,4.3
232,45950,3.0,3.85
152,904,4.0,4.31
293,1673,4.0,4.05
448,428,3.0,4.13
448,1079,5.0,4.26
286,1912,3.0,3.82
305,53519,4.5,3.89
253,3536,3.5,3.16
303,2683,3.0,3.12
522,56367,2.0,3.83
275,3578,4.0,4.04
588,766,3.0,3.36
603,1129,4.0,3.75
21,10,5.0,3.54
410,3608,4.0,2.82
387,1921,3.5,4.16
480,223,1.5,3.99
599,181,1.0,2.63
448,1604,3.0,0.0
380,71535,3.0,3.99
28,8493,3.0,0.0
474,49220,3.5,0.0
414,41527,4.0,0.0
28,61350,3.5,1.81
590,54001,4.0,3.85
489,586,1.5,3.08
6,848,4.0,3.01
129,1676,5.0,3.54
474,5353,3.0,0.0
111,5874,4.0,2.13
279,5378,1.0,3.35
84,46,3.0,3.67
452,3101,5.0,3.24
414,5072,4.0,4.35
199,1262,5.0,4.32
247,1682,5.0,3.96
388,86298,4.0,2.95
455,500,3.0,3.46
19,2387,3.0,3.42
178,4718,2.5,2.97
525,70286,4.0,4.03
448,88356,2.0,2.29
80,53972,4.0,3.6
504,1968,4.0,3.87
28,6993,1.5,3.88
18,40819,4.0,3.89
608,7158,3.5,3.86
212,93510,4.0,4.06
171,1148,5.0,4.07
82,34,2.0,3.66
282,1954,4.0,3.93
596,6934,4.0,3.26
91,1092,4.5,3.47
274,4040,3.0,2.27
111,61323,2.5,3.69
136,23,5.0,2.76
599,1221,4.0,4.47
370,1676,3.5,3.52
195,111,2.0,4.2
301,454,4.0,3.58
286,1407,3.0,3.22
566,364,2.0,3.96
599,3408,2.5,3.84
480,33669,2.5,3.29
298,106491,1.0,3.52
474,5971,4.0,3.99
448,3448,4.0,3.91
18,58559,4.0,4.44
114,106782,4.5,3.99
369,2126,3.0,2.82
141,48385,2.5,3.35
464,5026,5.0,3.84
391,4975,2.0,3.47
462,3037,5.0,4.03
476,454,4.0,3.64
247,5349,2.0,3.59
132,4239,2.5,3.92
79,3104,5.0,3.62
599,108090,3.5,0.0
555,3525,4.0,0.0
305,353,4.5,3.58
200,33794,4.0,3.99
219,1580,3.0,3.68
469,2527,3.0,3.69
69,2762,5.0,3.91
368,1722,3.0,3.02
232,7169,2.5,4.36
280,597,4.0,3.64
573,457,4.5,4.05
140,3861,2.0,2.76
219,2028,4.5,4.23
332,26131,4.5,4.12
474,1246,4.5,4.46
552,1201,4.0,4.26
318,4776,4.0,3.93
232,761,2.5,3.1
101,3394,1.0,2.8
93,2094,4.0,3.36
555,65,3.0,2.76
290,475,4.0,4.48
21,1573,2.5,3.45
156,898,5.0,4.42
469,2143,4.0,3.07
274,60040,3.5,3.54
177,2671,3.5,3.64
606,30749,3.5,4.11
610,93819,3.5,0.0
448,133365,2.0,0.0
369,60069,3.5,4.07
562,6870,5.0,3.77
425,45431,3.5,3.6
274,1197,4.0,4.43
606,2193,2.5,3.35
89,142831,4.5,0.0
232,51412,3.0,3.2
95,5445,4.0,3.74
32,996,3.0,2.52
66,1240,4.0,4.0
83,8622,2.0,3.66
28,43921,3.0,0.0
74,1209,4.0,3.96
50,101072,2.5,0.0
248,122916,3.5,3.75
606,5218,4.5,3.9
223,1285,3.0,3.9
414,6563,2.5,0.0
261,1682,4.5,3.89
89,119141,2.5,3.76
414,7340,2.0,2.91
207,3264,0.5,2.51
322,586,3.5,2.92
599,137218,2.5,0.0
294,1582,1.0,0.0
368,1653,3.0,4.0
434,5445,3.0,3.76
483,79132,5.0,4.39
68,2340,3.5,3.61
41,2115,2.0,3.59
182,1365,4.0,3.63
45,6333,5.0,3.78
477,1214,4.5,4.02
448,1954,4.0,4.21
381,6503,3.0,2.52
428,5055,3.5,2.66
274,575,3.0,2.92
495,5449,4.0,3.02
448,47810,1.0,1.16
603,1484,4.0,0.0
483,489,3.0,0.0
181,1084,3.0,4.14
318,62208,4.5,0.0
475,592,5.0,3.49
216,3521,2.0,3.62
66,4591,3.5,0.0
474,2182,4.0,0.0
305,1704,4.0,4.3
305,113573,4.0,0.0
109,62,5.0,3.71
408,79132,3.5,4.17
122,5171,3.5,3.05
414,2279,2.0,2.46
177,64620,3.5,4.14
495,551,3.5,3.64
200,1220,4.5,3.91
416,4967,4.0,4.38
474,3836,2.5,4.09
102,592,3.0,3.48
391,242,4.0,0.0
182,1291,3.5,4.21
610,63768,3.0,0.0
230,52973,3.0,3.79
240,367,4.0,3.27
42,361,3.0,3.1
492,1049,5.0,3.16
304,1466,5.0,3.79
380,34319,3.0,3.93
560,32,3.5,4.12
600,837,3.5,3.55
368,3716,1.0,0.0
522,72998,1.0,3.75
603,1916,5.0,3.46
414,3360,5.0,3.86
453,1777,3.0,3.51
73,74647,1.0,0.0
307,8011,4.0,0.0
609,329,3.0,3.38
326,81932,3.0,4.03
85,1641,5.0,3.73
514,59369,4.0,3.62
477,2628,4.0,3.38
590,3439,2.5,2.68
29,3578,5.0,3.94
314,553,3.0,3.9
279,109487,5.0,3.98
604,380,3.0,3.57
177,480,3.5,3.92
199,2067,4.0,4.15
100,2245,4.5,3.15
248,6365,3.5,3.23
64,5218,3.5,3.84
587,141,4.0,3.55
490,1499,2.0,1.55
51,4018,3.0,3.19
450,908,4.0,4.04
260,2122,3.5,1.85
391,1952,5.0,3.71
307,6586,2.0,3.39
593,6711,2.0,4.14
66,272,3.5,3.57
474,1544,1.0,2.81
514,81932,4.0,4.07
232,30793,3.5,3.19
425,4720,3.5,3.76
199,492,2.0,4.05
45,4369,5.0,3.2
503,1036,4.5,3.84
213,4558,3.0,2.38
219,5159,1.5,3.32
567,150254,2.0,0.0
590,431,4.0,3.84
135,1597,4.0,3.15
182,6188,3.0,3.61
541,281,3.0,3.66
599,5993,2.5,2.6
180,2571,3.5,4.16
14,539,4.0,3.59
330,2657,5.0,3.54
33,110,5.0,4.09
217,3430,2.0,3.5
448,367,3.0,3.38
377,344,3.0,2.99
462,86882,2.5,3.75
312,2716,4.0,3.81
564,47518,4.0,2.82
436,361,3.0,3.07
357,49530,4.0,3.88
580,2186,0.5,4.05
59,2763,5.0,3.74
256,102445,4.0,3.91
601,1,4.0,3.96
64,4310,3.0,2.59
509,112852,4.0,4.43
290,918,5.0,3.83
414,53894,3.5,4.52
51,7160,5.0,3.28
230,153,3.5,2.98
380,27822,4.0,2.49
239,2353,3.5,3.4
182,1608,2.5,3.61
221,1293,4.0,3.86
57,1282,4.0,3.71
523,6539,4.5,3.89
219,2580,4.5,4.1
239,2478,3.0,3.13
599,5541,3.0,3.29
483,2193,4.5,3.41
489,1259,3.5,4.07
142,296,5.0,4.25
89,132584,3.5,0.0
448,44665,3.5,3.82
282,80906,4.5,4.43
602,280,3.0,4.29
599,95510,3.0,3.06
274,3438,3.0,2.93
103,78499,3.0,4.41
599,2877,2.0,0.0
480,4247,4.0,2.46
156,945,5.0,3.92
249,59014,0.5,0.0
351,6874,3.0,3.92
182,41,4.5,3.87
105,4865,4.0,3.77
105,122882,4.0,3.87
338,189043,2.5,0.0
533,2571,5.0,4.18
563,69122,2.5,3.74
65,318,4.0,4.53
588,288,3.0,3.41
10,8529,3.5,3.25
233,174055,2.5,3.74
516,457,4.0,3.98
209,2028,4.0,4.12
458,1073,2.0,3.92
610,4369,3.0,3.48
384,2355,4.0,3.5
437,318,5.0,4.54
474,4808,2.0,3.05
112,36,0.5,3.86
590,2991,3.0,3.84
610,4902,4.0,2.73
260,1219,4.0,4.05
20,4161,3.5,3.68
290,858,5.0,4.36
599,93838,3.0,4.55
505,1241,5.0,4.41
483,62956,4.0,3.45
187,4641,4.5,3.37
356,2248,4.5,3.86
552,329,3.5,3.39
83,48394,3.5,3.83
28,1209,3.0,3.99
19,1047,3.0,3.3
509,231,2.5,3.1
458,261,3.0,3.8
312,3499,4.0,3.9
57,1513,4.0,3.24
448,49272,4.5,4.31
464,6934,4.0,3.22
357,1407,3.5,3.25
340,356,3.0,4.18
42,1245,5.0,4.28
391,4936,3.0,3.81
219,54997,5.0,3.91
177,37729,2.5,3.62
391,3260,4.0,4.14
47,356,4.5,4.2
268,2349,5.0,3.72
68,74789,4.0,3.57
441,98809,3.5,3.96
290,2013,4.0,2.97
438,6549,3.5,3.51
357,80489,4.5,3.89
28,3683,2.5,4.04
610,57421,4.0,0.0
220,34,4.5,3.67
428,2054,0.5,2.92
298,3785,2.0,3.05
182,4361,4.0,3.57
103,1028,4.0,3.83
450,1544,4.0,2.71
380,5010,4.0,4.04
603,4380,3.0,4.35
489,1204,3.0,4.38
610,68358,4.0,4.5
448,73015,2.0,3.5
462,1343,3.5,3.71
192,315,4.0,3.07
221,1834,4.5,4.03
610,134393,3.5,3.7
221,1923,4.0,3.76
132,6942,4.5,3.84
474,901,2.0,4.11
408,4701,4.0,3.31
50,1291,3.0,4.12
139,33794,3.0,3.91
382,4700,3.5,3.27
325,194,5.0,3.7
89,112138,3.0,4.06
417,2762,4.5,3.97
202,2150,5.0,3.92
244,2716,5.0,3.78
414,1997,4.0,4.15
479,4111,3.0,0.0
599,505,1.0,2.35
202,3006,4.0,3.78
596,2890,3.0,3.65
36,1376,2.0,3.47
274,1604,3.0,0.0
181,707,3.0,3.02
64,25,3.5,3.93
462,4361,2.5,3.46
414,6299,4.0,4.12
597,1193,5.0,4.36
489,7293,4.0,3.64
52,48738,4.5,3.74
569,380,3.0,3.54
51,1196,5.0,4.31
357,1378,3.0,3.03
82,344,3.5,2.99
290,2268,4.0,3.85
159,1088,4.0,3.48
534,59900,4.0,3.32
590,5816,3.5,3.59
58,736,3.0,3.48
312,5991,4.0,3.61
139,5418,2.5,3.79
80,63113,4.5,3.51
105,4878,5.0,4.17
232,4816,4.0,3.52
268,1047,4.0,3.21
122,1682,5.0,4.01
211,1246,4.5,4.1
339,89745,3.0,3.88
182,1447,4.0,3.49
414,4520,2.5,2.88
132,2324,4.0,4.14
604,316,4.0,3.37
222,485,2.5,3.21
232,39231,3.0,0.0
457,3072,4.0,3.3
317,47,5.0,4.04
156,2019,5.0,4.31
313,1690,1.0,2.88
294,610,4.0,3.6
357,66097,4.0,3.91
17,1032,4.5,3.27
380,72167,4.0,0.0
146,3686,4.0,2.93
288,1090,4.5,4.13
166,8665,5.0,3.98
495,140523,3.5,0.0
450,2858,4.0,4.06
567,89774,2.5,3.73
84,1173,3.0,3.35
232,8361,3.5,3.44
573,67087,4.0,3.76
307,58156,3.0,3.24
561,551,3.5,3.69
4,2467,4.0,3.86
274,542,3.5,3.17
82,1201,3.0,4.25
469,919,4.0,3.94
474,3844,2.5,3.39
307,3004,2.0,2.79
68,1234,3.5,4.31
203,2947,3.0,3.86
387,2302,2.5,3.42
474,33903,3.5,4.18
177,6942,5.0,3.98
307,2541,2.0,3.36
603,1711,1.0,3.28
199,1784,1.0,3.8
538,58559,4.5,4.18
182,2135,1.5,4.36
451,5,3.0,3.0
312,1278,4.0,3.93
610,105801,3.0,0.0
532,4262,4.0,3.95
561,33679,1.0,3.44
50,102407,2.5,3.44
44,786,2.0,3.22
132,30793,3.5,3.05
1,3578,5.0,4.03
66,21,4.0,3.42
307,4359,3.0,3.32
111,1676,2.0,3.53
590,30793,3.0,3.06
414,4903,4.0,3.41
140,6461,4.5,3.96
520,1732,3.5,3.97
182,1247,3.5,4.12
100,899,4.5,4.16
52,57528,3.0,3.24
160,1100,1.0,2.59
456,708,3.0,3.32
606,2232,4.0,3.41
599,3968,2.5,3.12
477,252,4.0,3.76
203,349,4.0,3.69
448,74532,1.5,3.3
339,97752,4.0,3.82
169,1288,4.0,4.06
534,79695,4.0,3.2
220,32,4.5,4.02
89,121781,5.0,0.0
380,30707,5.0,3.95
555,3497,3.0,2.36
216,4020,3.0,3.14
600,1230,5.0,4.11
376,10,4.5,3.5
462,8042,5.0,3.84
232,7258,3.0,2.34
226,44195,4.5,4.1
51,4591,3.0,0.0
45,261,3.0,3.87
7,2671,4.5,3.34
380,1583,3.0,0.0
474,5619,4.0,0.0
357,3114,5.0,3.96
182,2551,4.5,3.3
122,119145,4.5,4.1
414,6303,3.0,4.13
432,2712,3.5,3.42
589,1097,4.0,3.85
570,293,3.5,4.12
203,4886,4.0,3.93
166,1240,3.0,3.95
592,533,4.0,3.09
560,130576,2.0,0.0
391,2232,4.0,3.41
409,2492,4.0,2.27
51,934,1.0,4.0
599,41716,2.5,3.21
314,474,3.0,3.94
45,3421,4.0,3.94
247,5618,3.5,4.22
597,588,4.0,3.95
469,196,2.0,2.74
290,3260,4.0,4.1
476,252,4.0,3.69
387,5974,3.0,0.0
51,1845,5.0,4.22
380,8528,3.0,4.04
428,4223,3.0,3.76
307,7371,3.5,4.37
75,8961,4.0,3.78
249,91974,3.5,4.05
525,223,3.5,3.97
437,1291,4.0,4.11
351,40412,4.5,0.0
594,4794,0.5,4.28
483,52973,2.5,3.91
341,69122,2.5,3.69
419,4310,4.5,2.54
414,2428,2.0,2.48
42,784,2.0,3.05
103,33493,2.0,3.56
113,260,4.0,4.23
68,58559,5.0,4.61
590,1272,4.5,4.42
414,3948,3.0,3.97
260,6773,5.0,3.58
419,85394,3.0,0.0
263,7458,3.0,3.41
483,26444,4.5,0.0
599,112,5.0,3.74
603,2968,2.0,4.12
43,29,5.0,4.1
219,2993,2.5,3.43
1,2991,5.0,3.83
317,104879,5.0,4.06
462,127136,4.0,0.0
453,2558,4.0,1.72
448,700,3.0,3.84
205,95167,4.0,3.51
387,7346,3.0,3.27
357,596,4.0,3.43
91,1376,3.5,3.49
369,3638,3.0,3.0
180,2641,3.5,3.16
536,368,4.0,3.47
111,162478,4.5,3.55
227,296,4.5,4.27
222,2378,3.5,3.27
318,208,3.5,3.03
147,163,4.5,3.51
372,538,3.0,3.52
11,1616,3.0,3.15
380,3175,5.0,3.9
405,1252,3.5,4.26
307,1207,3.0,4.29
554,2497,3.0,2.63
477,54503,5.0,4.2
140,4848,4.0,3.88
603,1179,5.0,3.89
325,1614,2.0,3.01
217,2762,4.0,3.96
234,888,3.0,1.76
89,37384,2.5,3.49
394,454,2.0,3.6
188,1951,5.0,3.37
105,4823,3.5,3.11
112,3147,5.0,4.23
68,2915,3.5,3.66
4,21,3.0,3.47
391,5541,3.0,3.12
202,3740,4.0,3.88
610,91660,3.0,0.0
584,292,5.0,3.49
343,50872,3.5,3.95
38,457,5.0,4.0
105,5152,4.5,3.48
402,788,3.0,2.82
603,2074,4.0,3.61
221,3996,4.5,3.97
74,1617,4.5,4.14
606,3289,4.5,0.0
326,57669,4.5,4.15
21,135133,3.5,3.88
560,2761,3.5,4.4
256,117176,4.5,3.98
222,466,3.5,3.02
6,450,4.0,3.24
365,138210,1.5,3.16
482,1374,5.0,3.7
436,380,3.0,3.58
446,339,3.0,3.65
326,2338,2.0,2.23
44,494,4.0,3.38
18,923,5.0,4.03
380,6659,5.0,3.84
604,332,3.0,2.23
391,4967,3.0,4.44
414,6306,4.0,0.0
448,919,4.0,3.93
44,785,3.0,3.52
45,2485,4.0,2.79
226,56757,4.0,3.87
125,136864,2.5,2.41
232,3624,3.0,3.51
477,1358,4.0,4.22
42,4349,4.0,3.85
354,34319,4.5,3.75
573,6378,4.0,3.87
354,3471,2.0,3.96
391,858,5.0,4.39
514,2011,2.0,3.59
359,593,4.5,4.18
19,208,2.0,3.03
307,5418,3.5,3.9
591,3114,5.0,3.9
18,168252,4.0,4.58
307,4776,4.0,3.9
380,187593,3.0,5.16
608,2997,2.0,4.03
369,541,2.5,4.17
140,4161,4.0,3.66
199,2427,3.0,3.09
36,4220,2.0,3.67
214,17,3.0,3.84
474,2076,4.0,4.33
186,915,4.0,3.98
352,924,4.0,3.87
202,2414,4.0,3.21
605,37733,2.0,3.69
219,66297,4.0,3.25
219,4226,5.0,4.28
482,1923,4.0,3.72
489,3471,3.5,4.02
594,4823,5.0,3.01
68,5400,3.5,3.08
600,3911,4.5,3.84
517,56775,2.0,2.76
228,318,4.0,4.51
567,136016,1.0,3.32
22,8784,2.0,3.86
414,48516,4.5,5.03
314,588,3.0,3.87
221,26375,4.0,0.0
610,2976,4.0,3.39
189,318,4.0,4.51
551,377,4.0,3.57
482,6754,4.0,3.55
307,3843,1.0,3.0
105,93790,4.0,0.0
610,55995,3.0,2.97
509,59315,3.0,3.93
42,2263,4.0,2.55
96,3499,2.0,3.85
552,1617,4.5,4.12
606,648,2.5,3.65
288,2872,3.0,3.98
398,8641,1.5,3.69
365,86293,4.0,2.54
119,4370,3.5,3.42
477,2746,3.5,3.27
288,1375,3.5,3.39
555,2174,4.0,3.57
226,4247,3.0,2.39
356,168,3.0,2.97
599,2976,3.5,3.57
354,2455,3.5,3.56
336,34162,4.0,3.59
226,8981,4.0,3.58
443,91500,5.0,3.36
403,2502,4.5,4.14
477,3100,3.5,3.99
36,5464,1.5,3.47
64,6155,0.5,3.41
167,2710,1.0,3.04
8,39,3.0,3.4
560,93510,3.0,4.13
599,2231,3.0,3.91
584,434,5.0,3.15
95,589,4.0,4.04
522,67255,4.0,4.04
4,2858,5.0,4.07
474,4902,4.0,2.63
608,3988,3.5,3.1
599,44,2.5,2.59
455,111,3.0,4.16
474,7357,3.5,0.0
304,1028,4.0,3.78
438,3300,3.5,3.87
50,72378,1.0,2.75
372,356,3.0,4.25
448,5573,2.5,2.49
239,8984,4.0,3.26
216,3504,5.0,3.86
514,158830,2.5,0.0
419,2329,4.5,4.31
249,8529,3.5,3.47
425,2762,3.5,4.02
234,2140,4.0,3.51
84,1263,4.0,4.2
68,3553,2.0,2.47
256,6947,4.0,3.55
28,51540,2.0,3.97
234,1826,2.0,0.0
51,3799,0.5,2.2
465,2941,4.0,3.81
292,97470,1.0,0.0
19,1064,2.0,3.74
480,6615,2.0,2.19
28,31225,3.0,3.19
42,413,2.0,2.68
490,7361,4.0,4.33
514,1278,4.0,3.98
511,164179,4.0,4.02
304,1610,5.0,3.83
160,47,5.0,4.08
521,52,4.0,3.54
600,262,3.0,4.02
482,2688,3.5,3.01
376,2762,4.0,3.96
584,442,5.0,3.09
456,736,3.0,3.44
474,4644,3.0,0.0
298,91128,2.5,3.92
265,436,2.0,3.16
292,780,4.5,3.56
428,2716,2.0,3.8
284,367,5.0,3.23
263,1610,4.0,3.82
384,1206,3.0,4.14
153,44191,4.0,3.91
357,4034,3.5,4.08
238,1272,5.0,4.2
437,79,2.0,2.95
280,3755,4.5,2.88
45,934,3.0,4.0
414,2282,3.0,0.0
305,223,4.0,3.98
465,3654,4.0,3.87
599,87960,3.0,0.0
339,115210,4.0,3.83
600,2706,1.5,3.44
599,3190,2.0,0.0
596,8961,4.0,3.96
121,454,3.0,3.6
276,631,3.0,3.4
28,592,2.5,3.54
313,2028,5.0,4.17
50,3949,3.0,3.95
198,1252,4.0,4.27
607,112,2.0,3.56
177,54190,3.0,4.09
395,367,4.0,3.24
307,2716,3.0,3.89
387,3765,3.0,0.0
27,1200,1.0,3.94
500,2081,3.0,3.43
182,7076,4.0,3.37
584,339,4.0,3.7
434,260,5.0,4.32
307,1992,3.0,0.0
28,3499,3.0,3.86
474,3524,2.0,3.76
66,3029,3.5,3.44
57,3471,5.0,4.05
401,31658,3.5,4.24
202,2100,4.0,3.04
610,95088,4.0,4.14
414,4617,5.0,0.0
166,2716,3.5,3.81
279,6664,3.0,3.26
522,84152,3.5,4.17
391,2762,2.0,4.0
542,45517,4.5,3.33
438,1061,4.5,3.66
160,2078,4.0,3.87
52,50794,4.5,3.1
182,2728,4.0,3.64
606,953,4.0,4.21
567,1,3.5,3.95
99,337,5.0,3.84
474,6041,4.0,0.0
287,4954,1.5,3.67
438,5378,3.5,3.49
166,46530,5.0,2.93
414,6883,3.0,0.0
176,592,3.0,3.47
480,4033,4.0,3.93
287,671,4.0,3.61
232,79293,4.0,2.97
19,293,4.0,4.17
105,4015,3.5,3.12
495,106100,5.0,4.26
509,93988,4.5,0.0
144,8873,5.0,3.75
573,51935,4.5,4.08
249,34405,5.0,4.11
230,8961,3.0,3.82
210,122906,4.5,3.78
474,44199,3.5,4.11
339,90439,3.0,3.7
603,97,4.0,4.4
239,4878,4.0,4.12
414,1090,5.0,4.17
108,3978,4.0,3.0
7,6365,4.0,3.28
177,262,4.0,4.03
220,165,4.0,3.71
567,92234,1.5,0.0
509,783,3.0,3.48
409,1136,5.0,4.24
417,1206,5.0,4.16
385,1031,3.0,3.43
380,2948,5.0,3.66
381,3996,3.0,4.01
226,5349,4.0,3.67
250,4921,5.0,3.77
307,7321,2.0,0.0
474,1834,4.0,4.41
18,53996,3.0,3.41
343,7153,4.5,4.14
279,1196,5.0,4.31
453,165,5.0,3.77
585,1895,4.0,3.53
610,6296,4.5,3.81
428,2167,2.0,3.51
19,12,1.0,2.79
489,431,2.5,3.84
334,2571,4.0,4.22
534,4366,4.5,3.44
247,899,5.0,4.2
413,527,5.0,4.22
517,3269,2.0,2.8
249,122916,4.5,4.18
489,53993,2.5,2.76
64,3386,4.5,3.11
477,4270,0.5,3.03
430,5902,5.0,3.87
140,4886,4.0,4.07
84,475,4.0,4.46
414,3448,4.0,4.16
137,928,3.5,4.13
474,6422,4.0,0.0
414,5678,2.5,0.0
599,51091,3.0,0.0
323,1188,4.0,3.92
381,339,3.5,3.73
140,1747,3.0,3.4
414,7319,2.0,2.28
491,1682,4.5,3.9
600,2140,4.5,3.6
518,3101,3.0,3.17
282,8665,4.0,3.96
468,432,2.0,2.61
187,1466,4.0,3.83
83,72998,4.5,3.71
117,719,4.0,2.99
72,30825,4.0,3.12
183,2993,4.0,3.41
357,1220,3.0,3.88
580,2105,3.5,3.42
89,170993,4.0,0.0
129,239,4.0,3.03
564,1682,1.0,3.91
368,1396,3.0,3.41
448,104760,1.0,0.0
190,5989,4.0,3.99
28,608,3.0,4.27
68,5872,3.5,3.39
16,678,4.0,4.07
599,7033,2.5,0.0
474,7132,3.5,4.42
602,494,4.0,3.42
200,2671,4.0,3.46
415,3147,4.5,4.25
580,49272,4.5,4.12
387,1345,4.0,3.33
599,6811,3.0,2.3
125,69640,2.5,2.82
288,2369,3.0,2.51
573,1214,4.5,3.98
119,46723,3.5,3.51
290,3476,3.0,3.71
448,112852,3.5,4.54
387,951,3.5,4.44
182,1953,3.5,4.06
169,317,5.0,3.28
450,1972,2.0,2.19
56,356,5.0,4.19
514,1036,4.0,3.91
232,34150,3.0,2.92
325,4523,4.0,0.0
483,27721,4.0,3.77
239,48774,3.0,4.21
241,1193,4.5,4.18
603,2203,5.0,4.32
573,10,4.5,3.52
318,98809,4.0,4.23
409,3273,3.0,2.55
328,551,2.0,3.66
564,88672,3.5,0.0
169,594,4.5,3.6
19,1754,2.0,3.75
587,2973,4.0,3.98
387,1078,3.0,3.69
414,4816,4.0,3.68
1,1580,3.0,3.61
153,112454,3.5,0.0
477,355,0.5,2.37
33,17,4.0,3.85
588,253,2.0,3.46
448,2539,3.0,3.38
489,42004,3.5,3.53
312,4128,4.0,3.59
352,37380,2.0,2.18
202,2420,4.0,3.79
599,1136,4.5,4.58
66,224,5.0,3.76
145,1,5.0,3.89
63,5945,1.0,3.26
50,5816,2.5,3.56
356,5577,4.5,4.02
288,7143,4.0,4.06
438,1676,4.0,3.58
292,53460,3.0,3.49
106,72998,5.0,3.68
474,4063,2.0,2.89
129,208,4.0,3.0
200,2724,4.5,2.74
592,44,3.0,2.43
89,2918,1.5,3.92
24,134393,2.5,3.62
606,40629,3.5,3.68
90,617,4.0,0.0
307,3911,3.0,3.87
510,16,1.0,3.98
280,4232,1.5,3.08
474,3467,3.5,0.0
1,2640,4.0,3.8
558,4062,4.0,3.53
608,4720,4.5,3.88
593,8961,3.0,3.8
56,231,5.0,3.05
63,231,3.0,3.09
428,2137,3.0,3.93
132,253,2.0,3.53
20,4154,4.0,0.0
198,1644,3.0,2.25
357,6155,3.0,3.35
414,1499,2.0,1.61
387,1673,3.5,4.23
604,223,4.0,3.94
404,172,3.0,2.69
599,1246,4.0,4.35
202,2064,4.0,3.92
274,4899,1.5,2.17
305,163985,4.5,0.0
186,5214,4.0,2.07
414,6155,2.0,3.54
599,98122,3.0,0.0
305,6016,5.0,4.39
153,4995,3.5,4.06
474,2289,3.0,4.44
21,260,4.5,4.34
122,3253,4.0,3.43
56,367,3.0,3.22
474,3469,2.5,4.05
601,80549,4.0,3.82
603,1594,4.0,3.65
298,56587,2.0,3.44
573,2706,4.5,3.43
1,2387,5.0,3.35
414,809,2.0,2.82
239,524,3.5,3.58
527,1080,2.0,4.1
28,6617,4.0,3.84
19,2014,2.0,2.22
259,3793,3.5,3.66
304,21,4.0,3.45
597,1200,5.0,4.04
186,3479,4.0,3.66
380,3301,3.0,3.81
169,2792,5.0,2.82
125,117466,3.5,3.6
517,131656,2.5,0.0
477,41569,4.0,3.35
129,3034,4.0,3.56
482,1584,3.0,3.64
305,2011,5.0,3.67
564,8528,4.0,3.88
333,3826,1.0,2.31
414,45722,3.5,3.79
45,5378,5.0,3.44
318,2571,3.5,4.38
484,333,4.0,3.87
606,224,4.0,3.8
42,3515,4.0,3.68
543,3785,5.0,2.98
432,296,2.5,4.3
207,637,1.0,3.32
525,3979,0.5,2.81
563,2354,3.0,2.1
600,5585,3.0,1.67
288,3006,4.0,3.89
248,164179,3.0,4.07
140,6385,3.5,4.15
328,68157,4.5,4.17
610,71254,3.0,3.74
580,1356,4.0,3.97
235,474,3.0,3.9
474,1635,4.0,4.33
369,2959,4.5,4.27
344,3082,4.0,3.27
140,1021,4.0,2.76
121,47,3.0,3.97
414,58156,2.0,2.84
275,5049,4.0,3.71
350,805,3.0,3.7
331,88129,5.0,3.55
39,2987,4.0,3.66
268,2490,2.0,3.22
583,71535,3.0,3.86
572,852,3.0,3.14
305,3868,5.0,3.47
73,117881,4.0,0.0
165,1221,3.0,4.28
603,1271,3.0,3.45
610,5816,4.0,3.59
160,1320,5.0,3.18
95,1200,4.5,3.97
480,6754,3.5,3.65
430,6373,3.0,3.23
474,4068,3.0,2.93
530,350,3.0,3.31
226,364,3.5,4.11
279,8874,3.5,4.08
74,2076,5.0,4.12
503,1342,1.0,2.71
437,144,4.0,3.65
191,314,4.0,3.67
93,168,4.0,2.98
89,5449,2.0,3.0
156,2268,3.0,3.86
181,21,2.0,3.44
522,2628,3.0,3.27
91,296,4.5,4.29
448,593,5.0,4.49
486,32,5.0,3.96
600,2795,3.5,3.67
195,3148,4.0,3.61
249,71535,4.5,4.01
520,1748,4.5,3.71
226,6942,4.0,3.88
357,17,5.0,3.88
22,56788,1.0,3.99
414,41569,4.0,3.41
469,2124,3.0,3.59
304,1060,4.0,3.72
279,593,4.0,4.25
325,2912,5.0,3.75
414,1517,5.0,3.84
52,70286,5.0,3.94
477,5903,4.0,3.93
577,923,3.0,4.02
380,2857,3.0,3.12
606,3418,4.5,3.74
92,2572,5.0,3.57
489,60069,4.0,4.16
33,356,5.0,4.22
246,45517,4.0,3.35
414,1953,3.5,4.28
318,55363,3.5,4.32
488,595,4.5,3.81
4,892,4.0,3.44
86,60069,3.0,4.09
559,207,4.0,3.4
477,56145,4.0,2.32
542,318,5.0,4.55
42,780,2.0,3.56
599,5103,1.5,3.69
472,2134,3.5,2.99
581,5989,3.5,3.98
160,434,3.0,3.14
543,6373,5.0,3.25
199,1272,5.0,4.24
210,177765,5.0,3.3
523,7147,5.0,3.8
477,57368,4.5,3.25
76,117176,2.0,3.87
210,4896,4.5,3.8
517,116797,4.0,4.1
414,266,5.0,3.38
292,4085,3.5,3.42
327,6888,5.0,1.94
202,3638,3.0,3.11
474,5512,3.0,0.0
249,58998,4.0,4.44
168,543,2.0,3.31
525,76251,3.5,3.83
586,2916,4.0,3.63
119,119145,4.0,3.96
318,128991,4.5,0.0
62,116823,4.0,4.0
469,2150,4.0,3.93
448,138036,2.0,4.1
560,1485,3.0,3.21
160,1210,5.0,4.29
220,8644,4.0,3.55
47,163645,3.0,4.09
474,919,4.5,4.1
21,367,3.0,3.27
243,410,4.0,3.16
84,671,4.0,3.63
217,1080,2.0,4.09
6,333,5.0,3.91
573,1625,4.5,3.77
56,380,4.0,3.56
292,67197,2.5,2.69
21,1918,3.5,2.8
168,858,5.0,4.27
610,6934,3.5,3.45
354,1917,3.5,2.92
599,95965,4.0,0.0
414,4679,4.0,2.88
599,2288,3.5,4.46
294,2027,1.0,2.47
584,474,5.0,3.95
307,8969,4.0,3.22
610,6539,4.0,4.27
174,316,5.0,3.36
580,5444,3.0,3.98
517,969,1.0,4.06
7,587,2.0,3.32
382,158254,1.5,0.0
474,2205,3.0,3.26
222,1208,3.5,4.23
274,6005,3.5,3.21
298,81784,1.5,2.96
365,1777,3.0,3.51
425,55118,3.5,4.27
64,1204,5.0,4.37
352,1544,3.0,2.78
602,422,3.0,3.38
213,3409,4.0,2.86
414,37240,4.0,3.18
292,83349,3.0,3.25
343,4226,5.0,4.12
606,930,4.5,4.28
438,3754,2.0,2.3
419,3863,3.5,3.08
513,260,5.0,4.26
12,543,3.5,3.31
589,736,5.0,3.45
448,1982,1.5,3.94
274,1729,4.5,3.78
33,385,4.0,0.0
414,6365,4.0,3.65
68,58839,1.0,2.65
307,6951,2.5,2.74
165,5377,4.0,3.75
8,592,3.0,3.48
543,60408,5.0,0.0
599,1918,2.5,2.79
599,73321,2.5,3.67
391,1233,5.0,4.35
600,3988,2.5,3.05
62,3114,3.0,3.95
354,1704,4.0,4.19
307,72,2.0,3.08
288,1592,1.0,2.81
201,2145,4.0,3.19
474,25757,4.0,0.0
42,4040,2.0,2.23
414,3729,3.0,0.0
312,5219,1.0,3.21
599,569,1.0,0.0
307,5590,2.5,0.0
474,3549,5.0,4.59
474,1333,4.5,3.94
156,953,3.5,4.21
608,2571,5.0,4.29
347,589,3.0,4.01
382,42011,3.0,2.32
380,6957,4.0,3.72
414,2335,4.0,2.91
414,1399,3.0,3.07
376,5010,5.0,3.91
483,8798,4.0,3.73
186,3068,4.0,4.82
474,4263,4.0,0.0
98,46578,5.0,3.84
117,7,4.0,3.18
438,5952,4.0,4.16
68,1278,4.0,4.13
605,3269,4.0,2.78
600,1126,4.5,2.5
561,82461,3.0,3.15
177,3668,2.5,3.91
19,551,5.0,3.67
534,4728,4.5,3.2
369,839,2.5,2.88
42,593,5.0,4.28
187,1214,4.0,3.95
265,2985,4.0,3.51
414,3770,2.0,3.01
599,736,2.5,3.63
536,335,3.0,0.0
249,45186,3.5,3.83
525,109487,4.0,4.14
18,111759,3.5,4.26
351,6379,2.5,0.0
219,2791,4.5,3.96
185,3949,5.0,3.92
448,594,4.0,3.68
509,3034,3.0,3.59
240,500,5.0,3.5
174,39,4.0,3.42
382,2353,3.5,3.43
105,8636,3.5,3.89
116,2683,0.5,3.13
599,886,1.5,3.46
380,91630,3.0,4.14
469,590,4.0,3.91
10,4447,4.5,3.2
222,733,3.0,3.79
340,208,3.0,2.99
600,1244,5.0,4.1
590,5065,3.0,2.93
426,69844,5.0,3.87
534,60069,2.5,4.28
610,37733,4.0,4.19
274,5816,3.0,3.65
380,1690,3.0,2.95
143,3421,1.0,3.89
599,4578,1.5,0.0
495,78574,2.5,3.63
103,79132,4.5,4.25
410,3317,3.0,3.88
91,2949,3.0,3.78
365,120466,2.5,3.39
330,481,3.5,3.08
610,1255,4.5,2.65
288,1298,3.0,4.06
475,2011,5.0,3.56
571,3264,1.0,2.52
64,1961,4.0,3.93
474,376,2.0,3.59
219,648,4.5,3.62
414,3786,2.0,0.0
152,111,5.0,4.18
599,63222,2.5,0.0
232,5621,3.0,1.8
601,31658,5.0,4.25
286,7,3.5,3.13
600,648,3.0,3.65
331,4034,3.0,3.99
93,1015,3.0,3.07
603,2885,2.0,0.0
590,5401,1.0,1.71
263,2700,3.0,4.11
45,4502,1.0,2.29
608,1214,4.0,3.99
105,54272,4.0,3.76
582,94864,4.0,3.46
509,6539,3.5,4.01
345,838,5.0,3.59
575,1259,5.0,3.91
555,3660,3.0,0.0
448,118354,3.0,0.0
339,1594,4.5,3.43
599,1951,2.0,3.73
247,89745,3.0,3.86
474,1224,4.0,4.52
1,1954,5.0,3.92
122,4641,4.5,3.39
428,6482,0.5,1.94
169,631,3.0,3.44
219,442,3.5,3.13
288,1019,3.0,3.83
549,122924,5.0,2.95
43,150,5.0,3.83
166,4226,5.0,4.2
292,2115,4.0,3.68
298,40732,2.5,3.79
376,8961,3.5,3.81
474,7026,1.5,2.76
608,34319,4.0,3.87
103,1208,4.0,4.33
525,4014,4.0,3.76
599,2858,5.0,4.2
448,85401,2.0,3.27
217,1544,3.0,2.79
13,2145,3.0,3.15
60,50,3.0,4.26
298,30707,3.0,3.96
226,543,4.0,3.39
409,2485,3.0,2.7
159,65230,5.0,3.06
133,50,3.0,4.26
606,7092,3.5,0.0
477,71057,4.0,3.87
462,3814,3.5,3.9
196,5418,4.0,3.76
20,3438,4.0,2.89
416,830,1.5,3.48
20,1547,3.0,0.0
89,128944,3.5,0.0
382,56152,4.5,3.66
182,43396,3.5,0.0
474,1196,5.0,4.54
305,8368,3.0,3.96
517,46337,0.5,0.0
480,4305,0.5,2.28
414,3039,4.0,4.38
468,39,5.0,3.4
387,1230,5.0,4.18
19,3706,3.0,3.06
602,344,2.0,2.99
561,2815,3.0,2.16
20,2087,4.5,3.48
199,2918,4.5,3.96
489,6305,3.0,3.86
368,593,4.0,4.27
128,905,5.0,4.57
514,38583,2.5,0.0
153,1907,3.0,3.67
483,1256,4.0,4.13
96,1625,4.0,3.67
212,8961,3.0,3.92
220,1258,2.0,4.18
135,1343,3.0,3.71
200,4367,2.5,2.98
74,44937,4.0,0.0
573,6373,4.5,3.36
274,2052,3.5,3.08
226,3809,4.5,3.24
414,2367,2.0,2.18
105,64839,4.0,3.81
382,6332,3.0,0.0
202,852,4.0,3.21
298,86833,3.0,3.99
63,1196,5.0,4.36
202,1393,3.0,3.55
592,339,5.0,3.66
407,60069,2.5,4.07
414,2372,2.0,3.01
448,1729,4.0,3.72
211,8665,4.0,3.92
137,5060,3.5,4.04
385,1179,4.0,3.65
274,26242,3.5,0.0
222,86911,3.5,3.84
585,48516,4.5,4.31
135,2028,4.0,4.16
150,733,4.0,3.76
520,7454,3.5,2.92
448,1011,4.0,2.39
27,60,3.0,3.37
100,16,4.5,3.97
591,2490,2.0,3.28
387,2990,3.0,3.51
68,923,3.0,4.05
414,5293,4.0,3.15
132,1271,3.5,3.43
317,5418,3.0,3.81
492,1,4.0,3.91
580,6790,4.5,0.0
298,39444,2.5,4.4
284,376,4.0,3.23
66,799,4.0,3.52
187,1136,4.0,4.27
490,4447,2.0,3.18
95,3424,4.5,4.11
555,2571,5.0,4.23
480,7265,4.0,3.84
448,6428,3.0,0.0
288,2922,3.0,0.0
610,40732,4.0,3.95
610,81591,3.5,3.85
590,2066,3.5,0.0
76,33004,4.0,3.4
446,16,3.0,3.95
341,3988,3.0,2.98
318,2081,3.0,3.61
534,69436,3.0,2.98
408,33794,5.0,3.94
202,2402,2.0,3.33
599,548,1.5,3.6
474,74,3.0,3.78
567,26171,0.5,4.49
325,3544,3.0,1.82
233,527,4.0,4.27
474,6760,3.0,0.0
474,34072,3.5,3.89
232,45666,2.0,3.07
517,83270,2.0,0.0
410,296,2.0,4.25
156,1517,3.0,3.53
387,154,4.0,3.97
414,33495,2.5,3.55
268,1093,1.0,3.49
312,1130,4.0,0.0
287,4034,3.5,3.99
381,4993,4.0,4.31
241,4235,3.0,4.04
484,82852,4.0,1.61
477,2761,4.0,4.47
599,60365,1.5,0.0
600,2193,5.0,3.39
298,61160,2.5,2.54
280,916,4.0,3.97
489,88125,3.5,3.82
594,2058,4.5,3.37
288,2120,2.0,0.0
608,6365,5.0,3.47
580,7438,4.5,4.0
263,24,3.0,3.18
88,7153,5.0,4.16
142,527,5.0,4.21
438,4310,3.5,2.66
313,4499,4.0,4.22
610,5959,3.5,3.81
599,128197,2.0,0.0
91,6863,2.5,3.53
313,1080,1.0,4.12
318,6953,4.0,3.51
140,49910,2.5,4.11
135,2193,2.0,3.35
18,135569,3.5,3.59
489,2001,3.5,3.33
381,8529,4.0,3.35
199,3316,2.0,2.6
408,8972,4.0,3.45
307,2423,2.5,3.68
610,67923,3.0,3.19
469,1260,4.0,3.41
28,41997,3.0,3.92
382,7155,3.5,3.45
156,1288,4.0,4.12
275,2964,1.0,0.0
217,2167,2.0,3.55
111,7439,3.0,3.36
448,2109,3.0,3.36
520,1610,4.0,3.83
393,6539,5.0,3.93
34,2443,4.5,3.21
68,85780,2.5,4.21
438,180,4.0,3.84
310,2372,2.0,2.71
19,1973,2.0,0.0
237,2628,2.5,3.21
584,590,5.0,3.86
183,3256,3.0,3.76
64,370,2.0,3.35
371,2987,4.5,3.63
482,442,4.0,3.05
140,2912,3.5,3.82
330,64614,4.0,4.16
380,55553,3.0,0.0
155,2195,3.0,2.86
594,7046,0.5,2.86
82,368,3.5,3.58
298,2916,4.0,3.77
187,1732,5.0,3.98
290,2988,4.0,0.0
57,265,2.0,4.04
130,110,5.0,4.06
246,91542,4.5,3.78
75,8360,4.0,3.56
19,2393,3.0,2.78
68,78703,4.0,0.0
387,4441,3.5,0.0
160,379,3.0,2.53
599,4700,2.0,3.48
202,372,3.0,2.5
573,8636,4.0,3.9
249,88954,3.5,0.0
219,293,4.0,4.15
352,71156,3.0,3.21
381,5459,2.5,2.98
551,122918,4.0,3.88
563,112552,4.5,4.12
342,5014,5.0,3.51
91,4027,4.0,3.85
608,2335,2.5,2.86
597,380,2.0,3.66
274,2353,3.5,3.54
15,59315,2.0,3.88
226,4963,4.5,4.16
606,780,2.5,3.55
599,1089,5.0,4.53
280,70984,2.0,0.0
474,41285,3.5,3.85
354,50,4.5,4.31
428,4941,2.0,3.79
63,595,3.0,3.83
103,1387,4.0,4.14
480,318,5.0,4.65
13,3624,4.0,3.2
146,2085,4.0,3.35
246,36363,3.5,0.0
414,7236,3.5,0.0
14,339,4.0,3.6
378,7153,4.5,4.15
387,2985,3.0,3.63
181,466,2.0,3.03
45,2718,3.0,3.2
599,157,1.5,3.79
564,61132,1.5,3.57
514,586,3.5,3.02
298,3593,0.5,1.95
530,329,3.0,3.39
91,251,2.5,3.3
79,3578,2.0,3.93
41,115149,0.5,3.89
124,6377,5.0,3.96
274,2136,3.0,2.39
89,171811,4.0,0.0
301,377,2.5,3.57
525,1031,3.5,3.41
305,4226,3.5,4.4
371,1199,5.0,4.17
28,678,3.5,3.96
318,51174,3.5,0.0
249,3988,3.5,3.13
309,4326,4.0,3.66
125,93855,4.5,0.0
168,1252,5.0,4.29
212,31658,4.0,4.28
452,1954,4.0,3.91
126,595,4.0,3.83
195,2076,2.0,4.09
356,50,3.5,4.32
414,3365,4.0,0.0
491,31685,4.5,3.12
290,1333,4.0,3.74
509,91266,2.5,0.0
570,2115,4.0,3.67
325,2024,3.0,3.47
401,45722,3.5,3.58
448,4734,4.5,3.27
104,5541,3.5,3.1
600,7247,3.5,3.65
483,3967,4.0,3.96
177,2020,3.0,4.09
210,117192,4.5,0.0
275,1594,5.0,3.42
534,99117,4.5,3.19
249,1717,2.5,3.14
514,2902,3.0,2.26
448,4952,2.0,0.0
84,406,3.0,0.0
318,106918,4.0,4.42
460,2747,3.0,2.52
410,357,4.0,3.53
51,5254,2.5,3.25
413,1246,1.0,4.08
573,8641,5.0,3.78
381,8665,4.0,4.02
352,114180,4.5,3.02
339,90345,4.5,3.69
414,102445,3.5,4.33
419,2542,4.0,4.16
18,91658,3.5,3.4
514,3704,2.0,3.6
476,296,3.0,4.23
210,135887,4.0,2.6
564,58803,3.5,3.76
438,260,5.0,4.33
221,1721,3.0,3.49
51,5481,4.0,2.92
169,4308,5.0,3.61
21,435,1.0,2.48
555,724,5.0,2.98
170,500,4.0,3.46
140,7143,3.5,4.01
1,2459,5.0,3.21
28,62792,2.5,0.0
288,5418,3.5,3.88
469,5060,4.0,4.11
560,1907,3.5,3.78
404,36,3.0,3.9
209,71535,2.0,3.86
284,95,5.0,2.86
380,134524,3.0,0.0
603,2291,4.0,3.82
603,4450,4.0,2.97
304,1608,4.0,3.45
19,2706,3.0,3.45
318,3736,3.0,0.0
504,5377,4.0,3.78
103,4019,5.0,3.67
156,348,3.0,3.75
274,7449,2.5,0.0
474,929,3.5,0.0
140,4337,4.0,0.0
105,30812,4.0,3.7
591,2694,4.0,3.24
159,4246,5.0,3.73
28,1754,3.0,3.7
455,110,4.0,4.07
474,4975,3.0,3.55
292,30793,3.5,3.04
510,34405,0.5,4.05
331,4447,1.5,3.19
448,1209,5.0,4.19
596,86332,3.5,3.78
597,778,5.0,4.13
480,1921,4.5,4.12
322,780,3.0,3.45
141,91500,3.5,3.37
93,356,5.0,4.22
68,2918,4.0,4.19
381,53953,4.0,3.01
170,733,3.0,3.75
22,6502,1.5,4.05
603,1809,5.0,3.69
19,2423,4.0,3.67
608,6863,4.5,3.56
419,7022,5.0,3.76
125,2692,4.0,4.0
468,225,4.0,3.56
122,103253,4.0,3.26
449,2692,3.5,3.97
115,1377,1.0,3.03
274,47997,3.5,4.42
453,798,3.0,3.24
480,5577,4.5,4.1
318,71453,4.0,0.0
202,2457,4.0,3.82
288,32,5.0,4.12
490,5313,2.0,2.2
104,4941,2.5,3.8
17,50,4.5,4.32
558,296,3.0,4.24
6,254,3.0,0.0
570,653,3.0,3.18
332,92938,2.0,1.59
347,380,3.0,3.56
346,778,3.5,4.06
381,48304,3.0,3.7
610,2918,3.5,4.13
325,1191,2.0,4.35
469,3770,3.0,2.93
212,168254,3.0,3.44
186,1921,4.0,4.06
182,23,3.5,2.72
600,6538,3.0,0.0
580,4995,3.5,4.14
563,4017,3.0,3.32
265,2011,3.0,3.52
610,6867,4.0,3.78
288,8464,3.0,3.64
461,527,3.5,4.22
597,1198,5.0,4.31
488,955,4.0,4.1
184,109374,4.5,3.76
63,780,3.0,3.5
249,45662,2.0,2.44
449,186,0.5,3.14
453,356,5.0,4.29
520,42002,3.5,3.01
556,7153,4.0,4.12
580,292,3.0,3.42
221,2944,3.5,4.19
249,1206,4.0,4.27
513,2858,4.0,4.06
480,288,2.5,3.46
235,410,2.0,3.14
344,2571,5.0,4.18
125,522,3.0,2.27
79,260,5.0,4.24
177,4993,2.0,4.3
318,3300,3.5,3.82
111,87869,4.0,3.86
105,175293,5.0,0.0
443,2858,4.0,4.05
197,50,3.0,4.27
5,1,4.0,3.89
232,6338,3.0,2.76
288,8783,3.0,3.21
260,7022,4.0,3.76
280,4310,4.0,2.56
437,508,5.0,3.67
514,2301,2.0,3.77
489,4128,4.0,3.62
298,4228,3.0,1.81
410,4062,4.0,3.57
215,2915,3.5,3.57
281,7325,4.0,3.31
68,3984,4.0,3.7
117,589,4.0,4.04
580,680,3.0,4.32
298,2485,0.5,2.84
307,5309,1.5,2.26
367,3743,3.0,1.49
187,1198,3.0,4.27
594,11,5.0,3.74
4,1732,4.0,3.94
279,97304,3.5,4.05
332,5291,5.0,3.8
73,87869,3.5,3.6
218,1625,2.0,3.64
156,1923,4.0,3.78
114,122904,3.5,4.07
414,175,4.0,4.39
414,143385,4.0,3.46
275,852,4.0,3.12
177,7153,2.0,4.33
525,7090,4.5,3.91
7,49824,3.0,0.0
68,1388,2.5,2.4
201,1732,2.0,3.92
465,3686,3.0,2.95
599,1580,3.0,3.86
414,3836,5.0,4.2
57,707,2.0,3.02
305,74795,4.0,3.56
599,121231,3.5,5.03
169,6218,4.0,3.32
74,6791,5.0,4.45
42,590,4.0,3.9
28,51471,3.0,0.0
128,926,5.0,4.47
560,116797,3.0,4.16
469,2194,5.0,4.03
473,4979,4.5,3.69
100,1220,3.0,3.87
105,3310,4.5,0.0
274,6333,4.0,4.04
603,2734,4.0,3.26
280,27,4.5,3.23
608,37830,3.0,3.71
414,1961,4.0,4.2
202,1206,4.0,4.17
573,653,3.0,3.23
201,150,4.0,3.78
560,31685,3.0,3.22
391,1240,4.0,3.98
606,7093,4.0,0.0
182,44199,3.0,4.03
155,1,3.0,3.89
474,6335,3.0,4.16
608,1907,3.5,3.85
62,4995,4.5,4.2
534,97752,4.5,3.83
600,1962,2.0,3.8
565,539,3.0,3.59
373,355,1.0,2.38
45,2916,4.0,3.74
232,6331,3.0,4.16
245,3101,1.0,3.16
474,43333,3.5,0.0
597,2916,5.0,3.72
277,637,3.0,3.35
550,167296,0.5,0.0
182,1483,3.5,3.08
514,22,3.0,3.23
599,2005,1.5,4.1
416,3624,2.0,3.2
567,138036,3.0,3.8
345,3396,3.0,3.77
377,6021,5.0,0.0
103,551,4.0,3.68
177,58559,5.0,4.48
113,4126,4.0,3.54
259,1356,0.5,3.83
221,1090,4.5,4.08
81,380,2.0,3.54
111,160080,3.5,3.18
424,364,4.5,3.94
474,6228,4.0,0.0
328,1136,5.0,4.28
365,160954,1.5,0.0
234,1379,3.0,2.62
105,48872,4.5,0.0
590,6157,2.0,2.63
295,4973,4.5,4.25
474,26116,4.0,0.0
64,8832,3.5,0.0
135,2723,4.0,3.1
169,231,4.5,3.12
256,97938,4.5,3.78
74,55444,5.0,3.73
57,500,3.0,3.52
23,912,3.5,4.36
318,4967,4.0,4.4
599,85414,3.0,3.55
103,82854,3.0,1.43
339,30749,3.5,4.11
459,2571,4.0,4.16
414,5139,3.5,3.39
540,48385,4.0,3.28
47,141,2.0,3.5
318,8984,3.5,3.34
318,5218,3.5,3.94
224,3072,5.0,3.31
21,2671,4.0,3.48
534,87232,2.5,4.05
453,4153,2.0,2.79
132,1562,1.5,2.04
352,50,5.0,4.4
47,45950,3.0,3.72
288,3313,2.0,0.0
438,1517,3.5,3.64
334,58105,3.5,3.4
123,4886,4.0,3.93
380,3869,4.0,3.39
606,858,4.0,4.4
167,5418,4.5,3.78
68,805,3.0,3.76
483,3740,3.5,3.87
352,93840,4.5,4.17
452,2683,5.0,3.15
156,3134,5.0,4.13
42,4361,3.0,3.41
271,1282,3.0,3.71
368,920,4.0,3.58
125,83349,3.0,3.24
607,2716,4.0,3.78
91,1762,2.5,1.62
334,589,4.0,4.06
606,6436,3.0,0.0
56,457,4.0,3.99
365,48774,1.5,4.21
313,1994,3.0,3.46
330,1721,3.5,3.55
422,4939,3.0,0.0
577,1225,4.0,4.33
43,480,4.0,3.75
497,4973,3.0,4.26
317,288,2.0,3.42
448,102880,1.5,0.0
387,1952,4.0,3.83
590,53972,3.0,3.67
414,2496,3.0,3.13
125,2959,5.0,4.31
495,88129,4.0,3.57
52,65514,3.5,4.04
483,6365,2.5,3.46
422,3980,4.0,3.12
383,1196,3.0,4.23
279,115713,5.0,4.12
410,427,4.0,1.37
328,2762,2.0,3.96
44,104,4.0,3.55
288,1197,4.0,4.37
122,87306,4.5,3.68
414,4305,1.5,2.1
151,92,1.0,3.22
226,1517,4.0,3.59
169,788,4.5,2.89
474,3789,3.5,0.0
343,527,5.0,4.22
125,1590,2.0,3.09
132,60069,0.5,4.12
559,509,4.0,3.62
381,3396,1.0,3.79
418,2144,3.5,3.75
20,4447,3.0,3.22
351,90471,3.5,0.0
479,185,1.0,3.16
429,276,3.0,3.3
256,95441,3.5,3.42
275,3794,2.0,0.0
474,1496,4.0,0.0
263,6218,4.0,3.33
94,10,3.0,3.45
65,46976,3.5,3.45
212,2571,3.0,4.28
19,490,2.0,3.14
474,7451,4.5,3.85
414,5151,4.0,3.5
541,361,3.0,3.06
318,671,4.5,3.67
45,2687,4.0,3.59
274,5803,1.5,2.74
580,1441,3.0,3.33
597,2819,5.0,3.58
116,2724,5.0,2.65
236,3052,5.0,3.65
387,2088,2.0,2.47
477,2716,4.0,3.87
432,74458,4.5,4.29
216,905,4.0,4.59
202,3194,4.0,3.56
606,936,4.0,4.05
414,55830,3.5,3.42
414,115713,4.5,4.78
91,1261,4.5,4.03
551,84152,4.5,4.22
108,5316,4.0,3.27
495,1608,4.0,3.42
28,48326,2.5,3.29
586,1210,4.5,4.26
339,3967,3.5,3.89
380,2011,4.0,3.81
381,50872,3.5,4.13
339,6,4.0,3.93
380,47,5.0,4.34
113,1247,4.0,4.01
526,46578,5.0,3.83
580,6934,5.0,3.31
58,596,4.0,3.42
45,6,4.0,3.98
478,33164,0.5,0.0
246,541,5.0,4.17
462,5239,4.0,0.0
562,2648,3.5,4.13
483,93723,3.0,0.0
441,4980,3.5,2.96
356,3210,4.5,3.54
20,3751,5.0,3.62
474,8983,4.0,3.56
368,1129,3.0,3.65
414,2148,2.0,3.54
469,1278,4.0,4.02
41,31685,3.0,3.14
211,260,4.5,4.28
64,7701,3.0,0.0
47,171011,3.0,4.74
68,2950,3.5,2.58
453,3255,4.0,3.38
434,741,5.0,4.2
610,6156,3.5,3.36
543,377,5.0,3.56
606,3408,4.0,3.7
274,1265,4.5,4.25
275,3160,1.0,3.66
597,260,5.0,4.28
288,3785,2.0,3.11
543,344,4.0,3.0
610,4816,4.0,3.62
226,1042,3.0,3.54
448,5,3.0,3.16
564,64969,3.0,3.83
125,9010,5.0,4.13
433,174055,1.5,3.72
600,2123,3.0,2.58
590,1250,5.0,4.22
608,2423,2.0,3.74
313,1954,2.0,3.92
484,998,5.0,0.0
394,356,4.0,4.18
351,4995,4.5,4.08
79,457,4.0,3.99
514,165103,3.5,0.0
15,849,2.0,2.78
586,4963,4.0,4.07
202,2942,3.0,2.81
318,1022,2.5,3.69
307,51662,3.5,3.69
182,3045,5.0,3.29
68,8907,2.5,2.33
68,122918,3.5,4.18
68,6157,2.0,2.75
486,648,5.0,3.56
605,46972,4.0,3.31
72,1216,4.0,3.47
474,7311,3.5,0.0
448,101025,2.5,2.67
156,4973,4.0,4.37
474,2553,3.5,3.47
448,1967,3.0,4.05
41,2329,4.0,4.33
199,1641,4.0,3.76
387,500,2.5,3.53
234,2700,3.0,4.13
199,8781,3.0,3.08
307,6287,3.5,3.23
32,50,5.0,4.28
357,524,4.5,3.59
452,2393,5.0,2.78
594,4715,3.0,0.0
71,1,5.0,3.89
381,7361,4.0,4.38
490,1784,3.0,3.74
332,1270,4.0,4.05
132,1249,3.0,4.07
489,3052,4.0,3.71
555,955,5.0,4.03
226,4489,4.0,3.33
125,108932,3.0,4.01
89,909,2.5,4.14
290,1242,5.0,4.17
474,7051,3.0,0.0
580,1234,2.0,4.15
177,3534,4.0,3.31
309,48780,3.5,4.32
555,1007,3.0,2.48
89,93006,4.5,0.0
15,103249,3.5,2.81
563,63992,1.0,2.38
610,1200,5.0,4.17
89,905,3.0,4.59
93,153,4.0,2.99
603,3361,4.0,3.96
226,1240,4.0,4.03
326,1955,3.5,4.28
561,45186,3.5,3.78
76,63436,4.5,0.0
217,3274,3.0,3.3
419,37240,4.0,3.0
378,58559,4.5,4.22
191,269,3.0,0.0
274,788,3.0,3.18
586,68954,5.0,4.14
349,539,3.0,3.6
21,115617,4.0,4.11
301,110,1.5,4.07
372,1073,3.0,4.0
132,1079,3.5,3.99
249,52722,3.5,3.49
91,50,4.5,4.36
414,2482,3.0,0.0
232,4995,4.0,4.3
356,48342,5.0,0.0
215,1172,5.0,3.79
380,370,4.0,3.49
280,2396,3.0,3.82
469,1732,5.0,3.97
608,1994,3.0,3.49
418,127108,4.5,3.05
89,131826,3.5,0.0
416,2959,4.0,4.25
448,54272,4.0,3.87
599,1713,2.5,3.51
226,3087,4.0,3.53
50,1387,3.0,4.1
380,54286,3.5,3.99
448,50872,3.0,4.4
134,553,4.0,3.85
596,128908,4.0,0.0
534,112623,1.5,3.51
572,3135,3.0,0.0
305,2167,5.0,3.51
298,1968,3.5,3.93
489,3793,3.5,3.73
448,1227,5.0,4.19
119,110730,4.0,2.43
414,345,4.0,3.9
105,56782,4.5,4.48
84,1094,4.0,3.53
385,1287,4.0,4.02
509,46062,1.5,2.27
385,1305,3.0,3.52
217,1812,4.0,3.6
6,537,3.0,3.32
414,145,2.0,3.75
68,1276,3.5,4.4
28,41569,2.5,3.29
265,2701,2.0,2.44
346,8228,3.0,3.5
137,1267,3.5,4.45
414,3060,4.0,3.85
311,2706,0.5,3.32
204,293,4.5,4.05
182,3053,4.5,4.51
469,2009,3.0,3.64
318,1289,3.5,3.94
61,555,4.5,3.8
427,5506,3.0,0.0
239,1200,4.0,4.03
387,35836,3.5,3.69
297,319,5.0,3.27
572,924,5.0,3.92
599,107406,3.5,3.85
334,4225,3.5,4.21
599,5334,2.0,0.0
555,2458,4.0,2.59
313,332,4.0,2.24
275,1945,5.0,4.04
88,4995,4.5,4.05
599,2339,1.5,0.0
95,4732,1.0,2.23
156,2352,3.0,3.92
177,48412,3.0,0.0
103,5349,3.0,3.62
182,610,3.0,3.6
474,2728,4.0,3.78
372,1203,4.0,4.16
332,26564,3.5,0.0
603,1056,4.0,0.0
191,720,5.0,4.27
414,2759,3.0,4.23
286,39,3.5,3.41
610,56782,5.0,4.53
504,2321,4.0,3.49
380,5445,4.0,3.93
555,2987,4.0,3.74
605,5952,5.0,4.07
51,2826,3.5,2.92
376,1610,4.0,3.82
307,2406,2.5,3.6
480,5064,4.0,3.94
57,3704,3.0,3.59
573,6365,4.5,3.37
156,2243,2.0,3.52
448,3494,5.0,0.0
601,1221,4.5,4.31
42,16,5.0,4.01
234,2089,4.0,3.82
304,1242,5.0,4.2
21,2541,4.0,3.36
474,2746,2.0,3.37
276,2,4.0,3.36
70,1259,4.5,3.94
275,4886,4.0,4.03
534,94018,2.0,0.0
64,5956,4.0,3.76
307,454,3.0,3.69
479,82,5.0,3.06
132,1258,4.0,4.2
385,1281,4.0,4.21
36,2082,2.0,2.66
474,46578,3.5,4.26
414,5485,5.0,0.0
325,1805,4.0,2.84
28,6711,2.5,4.2
477,1831,4.0,2.5
597,42,3.0,3.01
606,345,4.5,3.8
409,3814,5.0,3.84
219,46322,3.0,3.82
156,924,4.5,3.95
21,34048,3.5,3.47
514,785,2.5,3.59
263,2125,3.0,3.67
610,7460,3.5,0.0
432,5349,2.5,3.59
359,1198,3.0,4.23
424,4816,3.0,3.49
477,216,4.0,3.54
182,2580,4.0,4.22
274,37720,1.5,0.0
469,610,3.0,3.62
331,296,5.0,4.27
514,7153,3.0,4.23
140,2819,3.0,3.6
20,3948,3.5,3.54
413,4993,5.0,4.16
606,6202,3.5,0.0
82,5220,4.0,2.65
462,1961,2.0,3.85
254,7090,4.5,3.84
38,222,3.0,4.32
287,799,2.5,3.46
279,112183,4.5,3.5
448,33004,3.0,3.47
567,122922,3.0,3.82
548,58559,5.0,4.18
111,170957,3.0,0.0
428,7361,4.0,4.33
113,1829,3.0,0.0
274,8807,3.5,3.93
357,553,5.0,3.97
126,500,4.0,3.45
474,4809,4.0,0.0
605,5667,3.0,0.0
571,3660,1.0,0.0
597,1527,4.0,3.76
182,3882,2.0,3.02
249,102123,5.0,2.64
175,38388,5.0,0.0
185,34,2.0,3.64
596,1136,4.0,4.31
552,553,1.5,3.91
466,57368,4.0,3.14
517,1282,5.0,3.73
63,111781,5.0,3.9
458,161,5.0,3.74
210,147380,4.5,0.0
599,37727,1.5,2.93
485,10,4.0,3.45
380,3300,4.0,4.06
316,1967,3.0,3.97
24,132660,4.0,0.0
305,45081,3.5,3.03
599,74696,3.0,0.0
599,2154,2.0,0.0
204,68954,4.0,4.06
282,1220,4.0,3.9
63,60069,4.0,4.16
25,58559,5.0,4.22
148,4896,4.0,3.78
125,97752,4.0,3.75
448,592,3.0,3.67
480,3535,3.0,4.03
603,1097,4.0,3.99
68,10,4.5,3.72
438,5903,5.0,3.88
414,66203,3.0,3.13
305,60069,5.0,4.3
232,34520,2.5,2.13
599,2719,1.5,2.38
409,1694,4.0,2.81
137,1272,5.0,4.22
256,170,4.5,3.24
18,171023,4.0,0.0
294,3699,1.0,3.35
305,3300,3.0,3.83
169,3147,4.5,4.29
241,71899,4.5,4.23
182,2808,0.5,1.76
610,8578,3.0,0.0
181,592,2.0,3.5
475,58025,4.5,3.08
33,1617,5.0,4.09
380,82461,3.0,3.21
484,87529,2.0,3.95
115,2028,5.0,4.16
561,86332,4.0,3.74
603,339,3.0,3.7
249,380,4.0,3.78
610,68486,3.5,0.0
52,150,4.0,3.76
292,2005,3.0,3.81
514,3552,4.0,3.83
368,2009,3.0,3.57
23,1809,3.5,3.8
174,539,5.0,3.62
221,1086,4.5,4.09
57,1517,4.0,3.56
298,79132,3.5,4.37
448,70565,2.5,3.74
19,2372,1.0,2.75
103,57522,3.5,0.0
256,2011,5.0,3.54
305,49530,4.5,4.03
64,3809,4.0,3.22
177,5943,4.0,2.87
156,5060,4.0,4.11
414,3020,4.0,4.27
367,4155,4.0,3.3
91,7123,4.0,3.37
139,56788,2.0,4.0
339,86504,5.0,4.11
221,5247,2.5,1.96
199,5670,3.0,0.0
560,3996,4.0,4.04
159,63082,0.5,3.88
577,435,3.0,2.49
599,128360,3.0,4.18
357,3897,5.0,3.93
189,2762,4.0,3.9
606,50,4.5,4.41
105,104780,5.0,0.0
580,1923,4.0,3.79
385,1,4.0,3.94
453,1393,4.0,3.56
448,4489,3.0,3.4
140,4299,3.0,3.71
91,2762,4.0,4.07
105,56174,4.0,3.64
160,353,5.0,3.52
246,838,4.0,3.64
263,597,4.0,3.59
367,1968,5.0,3.87
352,64614,5.0,4.15
91,158,2.0,2.95
391,555,5.0,3.92
286,5218,5.0,3.74
517,1230,1.5,4.04
414,230,3.0,3.69
51,2371,3.5,3.16
558,5064,5.0,3.88
448,5094,1.5,1.91
387,46970,2.5,3.3
493,2872,3.0,3.81
136,62,5.0,3.72
217,3197,3.0,2.78
51,2282,4.5,0.0
28,2194,3.5,3.96
495,72998,5.0,3.78
387,3536,2.5,3.19
344,3897,3.0,3.85
318,337,4.0,3.97
599,34292,1.5,0.0
492,1405,5.0,2.71
221,27741,4.5,3.81
482,647,3.5,3.48
89,164226,4.5,0.0
489,5541,2.5,3.12
57,3114,4.0,3.96
491,30825,4.0,3.13
64,27869,4.5,0.0
275,1267,5.0,4.48
493,3267,4.0,3.33
62,1246,4.5,4.16
483,61323,4.5,3.74
356,1259,3.5,4.0
483,3745,4.5,3.46
574,300,3.0,3.46
18,502,2.0,2.54
474,6535,2.0,2.8
414,3977,4.0,3.21
177,45447,3.5,3.49
287,5902,3.5,3.87
217,89,4.0,3.39
274,44974,3.5,3.13
135,1214,4.0,3.98
105,48516,5.0,4.57
91,3623,2.0,2.78
70,1210,5.0,4.22
586,27619,4.5,0.0
464,1036,5.0,3.86
356,2716,5.0,3.85
600,19,3.0,2.91
414,1037,3.0,2.83
156,3873,4.0,3.01
603,1208,5.0,4.39
274,4732,1.5,2.51
525,596,1.5,3.48
141,3578,5.0,4.02
474,1939,3.5,3.73
290,2935,4.0,3.93
599,1394,3.0,4.48
212,135861,2.0,3.04
274,2000,3.0,4.01
428,4890,2.0,3.0
78,380,4.0,3.55
604,233,3.0,3.74
504,6620,3.0,4.24
590,60074,3.0,3.03
567,134246,0.5,0.0
543,588,5.0,3.84
64,4306,3.5,4.07
211,3638,4.5,2.96
135,608,4.0,4.22
381,480,4.0,3.85
372,157,3.0,3.49
303,5502,4.0,3.12
474,1252,4.0,4.56
6,489,3.0,0.0
480,1101,4.0,3.3
528,97921,3.5,3.89
288,5349,4.0,3.69
229,434,3.0,3.09
603,1120,2.0,3.75
63,110,2.5,4.15
331,4638,2.0,2.93
305,2268,5.0,3.91
603,1680,4.0,3.55
276,837,4.0,3.49
559,349,3.0,3.79
537,69481,3.5,4.08
368,1240,4.0,3.99
367,3510,5.0,3.41
91,3263,2.0,3.15
415,4369,3.0,3.12
328,1380,0.5,3.34
414,1390,2.0,3.52
249,3978,3.5,3.2
331,40819,4.0,3.83
202,2355,4.0,3.63
489,5218,3.5,3.82
247,6365,3.0,3.29
274,5349,3.0,3.77
318,74458,4.5,4.59
500,342,2.0,3.12
76,4878,2.5,4.08
543,1387,5.0,4.08
339,1580,2.0,3.6
597,1090,5.0,4.08
116,30749,4.5,4.02
111,5025,3.0,2.61
479,351,2.0,3.27
91,2431,2.0,3.44
292,111,2.0,4.26
474,1784,3.5,4.08
124,110,3.5,4.07
605,4899,2.5,2.33
21,168252,3.0,4.62
542,47,5.0,3.99
453,3751,5.0,3.63
474,1212,4.0,4.51
159,157296,4.5,3.65
109,198,3.0,3.34
51,3785,3.5,3.04
590,45499,2.5,3.45
153,60950,1.0,2.86
599,457,3.0,4.28
509,72226,4.0,4.21
263,3911,3.5,3.77
514,1301,3.5,3.89
365,158872,4.5,4.18
580,8236,0.5,0.0
166,49530,4.0,3.85
474,2583,4.0,4.27
182,784,2.0,3.06
51,2402,1.0,3.33
376,91535,5.0,3.26
332,8984,3.0,3.24
233,87529,2.5,3.97
28,457,3.0,4.06
217,1608,4.0,3.48
384,4321,2.0,3.38
313,1591,5.0,2.38
368,2944,4.0,4.18
186,5493,4.0,0.0
410,3928,5.0,0.0
577,2641,3.0,3.2
249,103335,4.5,4.2
246,82461,4.0,3.1
393,5679,3.5,3.4
578,8533,5.0,3.55
409,2581,2.0,2.96
18,158972,3.5,0.0
561,48780,3.5,4.47
89,5621,5.0,1.78
359,2701,3.0,2.41
555,1196,5.0,4.38
169,344,3.5,2.96
232,8531,2.5,3.2
249,6281,4.0,3.26
410,4246,3.0,3.72
298,3751,2.5,3.7
52,45447,3.5,3.2
438,2723,2.0,3.14
223,780,3.5,3.46
18,33004,3.0,3.5
381,64575,3.0,3.68
381,2085,3.0,3.44
603,308,4.0,3.88
51,45666,3.5,2.88
414,31162,3.0,0.0
354,318,4.5,4.56
222,6711,3.0,4.17
156,562,4.0,4.02
344,1214,1.0,3.89
202,2571,4.0,4.23
113,1235,5.0,4.24
606,30848,3.5,0.0
274,37475,3.0,0.0
298,8641,4.0,3.84
435,2002,4.0,2.75
66,3809,4.0,3.21
298,46578,3.5,4.0
434,6016,5.0,4.2
387,2315,1.0,2.99
448,81784,2.5,2.88
474,671,3.5,3.8
517,91653,3.0,0.0
606,105,3.5,3.39
570,708,3.5,3.41
607,4022,4.0,3.73
140,6219,3.0,0.0
274,6564,2.5,3.27
72,2858,4.5,4.04
1,2116,5.0,3.33
162,62,5.0,3.68
212,177593,5.0,0.0
279,8665,3.0,3.93
62,102125,3.5,3.87
353,380,3.0,3.58
380,27839,2.0,2.38
414,2657,4.0,3.85
105,4995,4.0,4.31
590,329,3.0,3.39
220,2502,5.0,4.18
555,1208,5.0,4.3
212,76093,2.5,3.98
222,2125,2.5,3.67
525,2080,2.0,3.58
240,637,4.0,3.38
274,42285,3.0,0.0
152,64716,4.0,4.38
387,47465,1.5,0.0
129,31184,4.5,3.2
160,2745,3.0,3.61
370,7361,4.0,4.31
199,4339,3.5,3.69
598,5816,5.0,3.59
474,516,2.0,3.36
414,802,3.0,3.59
474,3350,4.0,4.12
517,2355,0.5,3.62
599,3141,1.5,0.0
541,218,4.0,3.39
68,1297,3.0,3.96
505,3461,4.0,2.72
469,3499,4.0,3.99
452,170,4.0,3.27
479,515,4.0,3.56
21,117590,3.5,4.26
600,374,3.0,2.45
132,39183,3.5,3.59
470,10,3.0,3.45
298,53894,3.0,3.98
307,562,2.0,4.2
312,5010,3.0,3.92
517,47629,4.0,3.9
524,737,3.0,2.59
129,6093,4.5,0.0
271,2329,3.0,4.25
307,61132,4.0,3.77
40,454,4.0,3.62
480,7160,3.5,3.31
567,156726,0.5,0.0
19,2694,2.0,3.22
365,62434,4.0,3.48
596,3285,2.0,3.18
599,5004,3.5,3.95
443,260,4.0,4.25
610,3908,2.5,0.0
244,445,4.0,2.47
599,2916,3.0,4.02
161,1093,4.0,3.48
580,1884,5.0,3.98
234,737,4.0,2.59
414,1221,5.0,4.55
249,101864,3.5,3.98
249,85510,3.5,3.24
226,1035,3.0,4.2
26,349,3.0,3.7
201,339,5.0,3.64
522,1784,4.0,3.79
160,2412,1.0,1.97
20,4901,3.5,3.48
91,4896,4.0,3.79
401,588,3.0,3.83
541,377,3.0,3.58
43,532,4.0,3.23
577,2245,4.0,3.23
380,1258,4.0,4.39
310,1194,4.0,3.61
177,918,4.0,3.84
483,83132,4.0,3.85
483,68073,4.5,0.0
448,78105,1.0,3.57
113,351,5.0,3.26
599,86190,3.5,3.54
546,3408,4.0,3.52
307,1213,4.0,4.47
559,48,3.0,3.19
352,79091,4.0,3.87
438,6367,3.0,2.83
354,2700,2.5,4.14
13,3300,4.0,3.64
600,46578,4.5,3.96
528,589,4.0,4.01
452,10,4.0,3.55
453,2879,4.0,3.21
83,595,3.5,3.79
444,266,3.0,3.3
600,1676,0.5,3.54
380,34150,4.0,3.06
137,903,4.0,4.09
448,6764,2.5,3.7
176,520,3.0,3.04
474,4848,3.5,3.88
606,4671,3.5,0.0
380,2124,5.0,3.76
525,122920,3.5,3.94
200,4306,3.0,4.02
3,914,0.5,3.95
489,51077,1.0,2.57
132,3317,3.5,3.93
11,648,4.0,3.56
500,2916,3.0,3.63
307,45728,4.0,3.89
603,2918,4.0,3.99
453,648,3.0,3.63
305,145418,4.0,0.0
221,348,4.5,3.76
563,96821,4.0,3.75
89,69304,4.0,0.0
501,141,5.0,3.51
596,162350,4.0,3.86
414,4452,2.0,2.22
171,1208,5.0,4.25
288,3985,3.0,3.31
579,367,4.0,3.22
606,3551,3.5,3.58
425,2115,4.0,3.66
15,2858,4.0,4.07
213,51935,3.5,4.01
318,6025,4.0,2.34
523,4014,5.0,3.65
292,260,4.0,4.33
376,59369,5.0,3.66
606,55052,3.5,3.78
573,8783,2.0,3.17
136,367,4.0,3.25
89,83969,5.0,0.0
605,2124,3.0,3.48
362,296,5.0,4.27
543,68157,4.0,4.16
480,51255,4.0,4.15
525,76093,4.0,4.04
599,2126,3.0,2.89
381,41571,3.5,3.56
68,1307,3.5,4.19
307,40826,3.0,3.28
480,34,4.0,3.74
534,80615,4.0,0.0
448,95875,1.5,3.51
372,41,4.0,3.64
610,50794,3.0,3.01
469,671,1.0,3.73
396,277,1.0,3.42
179,725,3.0,2.39
182,3978,3.5,3.17
474,31260,3.5,0.0
241,55247,3.5,4.03
232,4886,4.0,4.11
83,3155,3.5,3.88
249,6888,2.5,2.09
608,1499,3.0,1.57
254,5445,3.5,3.73
603,2512,5.0,0.0
240,318,3.0,4.53
369,1967,3.5,3.98
606,3260,4.5,4.16
372,1206,2.0,4.16
429,165,4.0,3.67
292,70286,2.0,3.99
448,105254,3.0,0.0
225,1717,2.0,2.97
602,357,4.0,3.55
475,106487,4.5,3.5
216,2857,4.0,3.12
419,72378,4.0,2.76
260,2859,4.5,4.0
385,206,2.0,0.0
52,2571,5.0,4.21
474,1010,3.0,2.86
474,2634,3.0,0.0
580,4776,3.5,3.86
479,435,3.0,2.47
20,3565,3.0,3.51
158,6502,4.0,4.01
448,3646,3.0,2.04
195,300,4.0,3.52
599,4308,2.5,3.64
380,3697,4.0,2.89
606,27266,4.0,4.12
17,1100,3.5,2.48
274,46970,3.5,3.52
249,3114,3.5,4.05
80,81417,3.5,4.02
292,2085,4.5,3.4
64,762,3.0,2.61
474,8600,3.5,0.0
19,1923,4.0,3.78
288,2761,4.0,4.51
222,53322,3.5,3.83
307,6040,1.5,2.41
448,4732,1.5,2.42
18,53464,2.5,2.48
414,53123,4.0,4.05
318,3615,3.0,3.12
438,4226,4.5,4.24
4,2926,5.0,3.24
265,2527,4.0,3.53
555,3707,3.0,2.69
241,55442,4.0,4.1
91,4007,3.5,4.01
231,1291,4.0,4.1
599,1609,2.5,0.0
156,3076,3.0,0.0
434,296,5.0,4.29
156,947,5.0,3.37
357,1259,4.0,4.03
570,1721,3.0,3.54
485,329,4.0,3.39
62,74228,3.5,0.0
65,55247,5.0,4.03
480,4975,4.0,3.63
323,357,3.5,3.52
274,8666,2.0,1.13
497,86781,5.0,4.37
298,79553,0.5,3.67
102,377,3.0,3.56
225,2001,4.0,3.23
140,1015,4.0,3.19
474,8011,4.0,0.0
354,1569,4.0,3.55
597,1148,5.0,4.14
590,4361,4.5,3.52
198,778,4.0,4.07
216,3994,5.0,3.59
610,3916,3.5,3.79
373,153,3.0,2.98
580,5445,4.5,3.79
210,95167,3.0,3.62
45,1934,3.0,4.25
198,24,4.0,3.2
68,2808,3.5,1.75
202,1280,4.0,4.1
339,115969,4.0,0.0
474,6238,3.5,2.22
182,198,4.0,3.46
177,2153,2.0,2.81
45,3248,2.0,2.07
599,4509,1.5,3.7
414,193,2.0,2.97
64,2571,4.0,4.29
221,6016,5.0,4.19
220,2028,5.0,4.19
372,36,3.0,3.87
590,942,4.0,0.0
62,115713,4.0,4.37
317,68358,3.0,4.0
448,5299,4.0,3.4
275,1542,3.0,0.0
50,1391,3.0,3.13
305,76093,4.0,4.03
232,37729,3.0,3.51
200,3489,3.0,3.56
436,258,3.0,2.35
261,1089,4.5,4.25
135,1206,5.0,4.15
600,1732,3.5,3.97
304,260,5.0,4.28
86,2858,4.0,4.06
599,6213,2.0,2.81
294,1689,2.0,2.52
326,133771,5.0,3.93
219,47,3.5,4.13
307,62,3.0,3.8
93,1615,4.0,3.19
182,1835,3.0,3.83
382,910,4.0,3.88
27,2142,3.0,2.12
434,2194,4.0,3.92
153,2396,2.5,3.81
73,4878,5.0,4.08
28,3105,2.5,3.97
39,1073,3.0,3.94
436,234,1.0,2.52
387,2712,4.0,3.5
202,29,4.0,4.16
330,58,5.0,3.96
414,21,4.0,3.31
47,4878,0.5,4.08
294,2352,4.0,3.94
221,29,4.5,4.13
383,2762,5.0,3.89
370,8636,4.0,3.8
373,150,2.0,3.77
298,27773,4.0,4.16
144,6377,5.0,4.04
525,2398,4.5,3.94
41,71899,4.0,4.35
577,986,3.0,3.7
391,3083,5.0,4.1
177,2687,2.0,3.77
570,2618,3.5,3.73
448,115680,3.5,0.0
295,4226,4.5,4.14
555,1674,4.0,3.53
474,5629,2.0,0.0
354,1210,4.0,4.29
111,81834,4.0,4.34
415,2571,4.5,4.2
434,2628,0.5,3.27
387,8042,4.0,4.03
186,2034,2.0,3.27
339,3996,3.0,4.06
599,116044,1.5,0.0
122,78209,4.0,3.42
483,160,3.5,2.94
298,3535,3.5,4.06
470,356,5.0,4.2
182,2447,3.5,3.67
249,106920,5.0,4.4
594,586,5.0,2.96
221,6539,3.5,3.92
425,2329,4.0,4.39
80,103249,4.0,2.84
432,7458,4.0,3.46
177,2918,4.0,4.1
15,2150,5.0,3.81
185,4878,4.0,4.07
119,140711,1.5,3.35
414,1552,3.0,3.55
216,2863,5.0,3.52
381,3968,4.0,3.13
387,1658,2.0,3.66
573,1197,3.0,4.37
68,106487,4.0,3.6
141,3552,5.0,3.76
357,1387,4.0,4.17
288,2016,3.0,0.0
144,253,4.5,3.5
177,6412,4.0,0.0
474,2796,0.5,3.35
414,101,4.0,4.11
57,1100,2.0,2.6
82,5445,3.0,3.76
190,88125,5.0,3.72
534,78469,4.0,3.06
517,933,1.5,4.35
466,5010,3.5,3.91
517,509,3.5,3.59
549,1291,3.0,4.11
606,2819,4.0,3.56
474,39292,4.0,3.76
332,2905,4.5,0.0
185,2565,4.0,4.07
45,543,5.0,3.4
425,172,3.5,2.74
608,4816,3.0,3.51
567,156607,0.5,1.28
356,55830,3.0,3.67
381,2100,3.5,3.08
141,520,4.0,3.07
401,595,3.0,3.81
32,6,3.0,3.95
249,79702,4.5,4.25
361,1035,2.0,4.19
387,2123,3.0,2.64
561,78469,3.0,3.01
583,149354,4.0,2.77
607,1210,3.0,4.25
288,1083,3.0,3.33
111,3253,5.0,3.46
202,1097,4.0,3.94
347,500,3.0,3.46
89,126921,5.0,0.0
603,968,5.0,3.52
40,159,3.0,3.02
572,1569,4.0,3.5
74,3246,4.0,4.24
417,97938,3.5,3.74
177,81834,5.0,4.29
466,1196,2.5,4.28
298,65642,4.0,4.0
509,36529,2.0,3.9
448,1148,4.0,4.21
193,260,5.0,4.24
195,1370,3.0,3.6
89,32596,3.0,2.91
358,902,4.0,3.89
219,165,4.5,3.82
610,30793,3.0,3.26
63,30810,2.5,3.68
514,2268,4.5,3.87
222,4388,2.5,2.74
84,532,3.0,3.22
339,91630,4.0,3.88
381,34338,1.0,3.76
58,455,2.0,2.39
62,104374,4.5,4.16
599,1961,3.5,4.04
89,167380,4.5,0.0
280,52245,2.5,3.3
103,27706,3.5,3.17
102,293,3.0,4.04
354,35836,3.5,3.55
590,2571,4.0,4.31
76,72129,4.5,0.0
167,6857,4.0,3.69
452,1136,5.0,4.25
394,34,3.0,3.63
567,87232,2.5,3.9
68,71579,3.5,0.0
462,2144,3.5,3.82
182,1912,4.0,3.97
377,909,4.0,4.1
600,48783,1.0,3.69
89,88,2.0,3.31
318,87232,3.0,4.05
520,7367,4.0,2.37
334,42728,3.0,4.14
474,6669,4.0,2.99
469,3697,2.0,2.95
596,59667,4.0,0.0
111,96432,3.5,0.0
28,64957,4.5,3.98
454,55820,3.5,3.89
129,1527,4.5,3.79
103,492,4.0,4.19
561,4816,3.0,3.56
475,112852,4.5,4.4
474,3393,2.0,0.0
448,3564,2.0,2.14
473,1760,0.5,1.58
21,160565,1.0,0.0
192,110,3.0,4.06
420,8622,4.0,3.68
119,138210,5.0,3.11
534,87192,3.0,3.59
135,4128,4.0,3.61
320,3745,3.5,3.27
489,296,4.0,4.3
6,340,4.0,3.34
414,8587,3.5,0.0
382,65685,3.5,3.42
599,2991,2.5,3.79
603,164,4.0,3.64
370,2918,3.5,3.93
520,2571,5.0,4.21
365,95720,4.0,2.69
420,53125,3.5,3.66
474,1967,3.0,3.98
448,30793,3.0,3.23
522,2082,1.5,2.69
480,4823,2.5,3.1
387,5397,1.5,0.0
603,3197,2.0,2.79
158,837,2.5,3.51
95,5247,4.0,1.9
114,122886,2.5,3.82
352,3408,4.0,3.63
599,79057,2.5,3.95
19,339,3.0,3.7
469,2204,4.0,3.8
610,98499,3.0,0.0
217,153,2.0,3.09
599,27595,0.5,0.0
105,5956,4.0,3.81
514,6989,3.5,0.0
290,1945,5.0,4.07
182,6001,4.0,4.36
15,356,5.0,4.24
19,1881,1.0,0.0
89,142196,4.5,0.0
357,3578,4.5,4.03
307,2369,2.0,2.54
483,72011,4.5,3.77
150,58,3.0,3.88
567,6291,3.0,0.0
406,1022,3.5,3.62
599,52973,2.5,3.96
57,653,3.0,3.23
186,4643,4.0,2.73
240,1367,3.0,3.16
210,122886,5.0,3.89
68,1954,3.5,4.24
564,104374,4.0,3.97
304,529,5.0,3.74
405,6023,4.0,0.0
606,4828,3.5,0.0
226,2161,4.5,3.7
599,178061,3.0,0.0
177,709,2.5,3.11
428,4228,2.0,1.83
517,1031,3.5,3.44
560,4023,2.5,3.12
10,6942,4.0,3.83
249,1722,3.5,3.06
590,1233,4.5,4.45
274,586,3.5,3.26
377,2311,4.5,3.64
307,31,1.5,3.39
45,4104,1.0,0.0
234,2406,4.0,3.54
387,1227,4.0,4.14
580,858,4.5,4.39
233,78105,1.5,3.28
590,1093,2.5,3.55
411,432,3.0,2.65
137,1208,5.0,4.26
312,3070,4.0,3.33
380,7570,4.0,2.65
1,1644,3.0,2.21
219,49272,4.5,4.18
140,5899,3.0,0.0
288,1252,3.5,4.43
307,4619,3.0,0.0
610,215,5.0,3.71
213,80363,3.5,2.69
302,14,4.0,3.68
567,8636,3.5,3.82
210,1527,5.0,3.8
569,316,4.0,3.34
445,750,5.0,4.31
62,45517,3.0,3.36
480,8983,3.5,3.6
489,81845,4.0,4.24
91,357,1.5,3.6
414,6022,4.0,0.0
140,3494,4.0,0.0
448,97836,2.5,3.24
460,3831,4.5,3.81
543,1388,5.0,2.43
288,3074,3.0,4.8
352,53322,4.0,3.87
590,2529,5.0,3.85
425,6016,4.5,4.21
605,54259,4.0,3.65
156,750,5.0,4.38
501,21,3.0,3.45
607,2791,4.0,3.87
234,480,5.0,3.78
28,3006,2.5,3.86
170,539,4.0,3.6
131,5952,3.5,4.06
294,608,4.0,4.18
599,1726,2.5,3.7
307,2329,5.0,4.43
601,166024,5.0,0.0
16,5971,4.0,3.87
380,3639,3.0,3.66
232,2096,2.5,3.43
177,89939,3.0,0.0
307,4148,3.0,2.98
241,2324,4.5,4.07
41,34319,3.0,3.65
32,852,4.0,3.18
610,57368,4.0,3.46
274,54190,4.0,4.07
338,174053,5.0,0.0
190,4447,3.5,3.2
414,3258,2.0,3.74
244,10,5.0,3.49
484,42725,4.0,2.27
288,3869,4.0,3.37
499,40826,4.0,3.25
583,5620,4.0,2.94
448,35836,4.0,3.77
68,1120,3.5,3.81
371,2571,5.0,4.17
47,47099,2.5,3.76
341,104218,3.0,2.53
437,50,4.0,4.28
480,1193,3.5,4.39
236,1214,5.0,3.89
227,1196,4.0,4.25
477,54256,4.0,1.86
448,139052,2.0,0.0
555,2021,3.0,3.32
307,27,2.5,3.22
177,84152,3.5,4.24
68,7143,4.5,4.15
118,2278,4.0,3.66
414,3753,3.0,4.12
19,2642,1.0,2.37
304,1374,5.0,3.74
597,1302,5.0,3.8
327,2706,5.0,3.33
220,2329,5.0,4.33
477,31658,5.0,4.34
554,1951,4.0,3.4
327,2338,3.5,2.23
160,1097,3.0,3.92
462,1288,3.5,4.13
200,2340,4.5,3.46
514,1997,4.0,4.17
316,2571,4.5,4.16
599,59336,3.0,0.0
173,500,4.0,3.45
477,1653,3.5,4.15
122,19,3.5,2.96
489,2990,3.5,3.38
380,19,5.0,3.18
99,23,4.0,2.77
177,2761,2.0,4.44
386,16,4.0,3.95
100,6059,4.5,3.23
32,708,4.0,3.35
156,3224,5.0,0.0
91,1291,4.0,4.19
410,4019,2.0,3.63
42,3082,5.0,3.37
159,68954,3.0,4.08
187,1690,4.0,2.87
600,924,4.0,3.94
541,153,3.0,2.98
576,3082,4.5,3.25
534,1831,3.5,2.5
319,69844,4.5,3.82
182,2021,4.5,3.34
135,919,5.0,3.89
414,3703,4.0,4.01
382,743,2.0,2.67
70,246,4.5,4.23
577,1214,4.0,3.94
599,349,3.0,3.99
534,58559,2.0,4.44
76,47,3.5,3.99
68,81932,4.0,4.28
610,3893,3.5,3.43
608,2617,4.0,3.11
185,1288,3.0,4.02
314,260,5.0,4.23
477,72998,4.0,3.87
480,6003,3.5,3.66
490,44555,4.0,4.2
51,953,5.0,4.14
275,1228,5.0,4.33
249,364,5.0,4.22
187,3681,4.5,4.07
288,647,3.0,3.6
305,120799,2.5,2.9
325,2716,4.0,3.8
446,555,3.0,3.79
15,2028,3.5,4.15
469,2355,3.0,3.65
455,597,4.0,3.57
161,2617,4.0,3.05
555,813,2.0,3.8
265,969,5.0,4.05
312,542,1.0,3.07
80,6934,4.5,3.26
586,187593,4.0,4.84
193,1206,5.0,4.14
594,1569,4.5,3.54
367,3483,2.0,3.24
605,72998,3.5,3.7
66,6996,2.0,1.06
430,2355,2.0,3.53
432,46723,4.5,3.52
322,1923,4.0,3.71
159,84954,3.0,3.54
440,1214,4.5,3.9
287,2028,3.5,4.11
438,4975,3.5,3.62
200,150,4.0,3.85
91,29,4.0,4.15
307,2888,1.0,2.07
586,62999,5.0,3.48
350,858,3.0,4.24
372,280,3.0,4.34
380,5506,4.0,0.0
249,7361,4.0,4.62
125,4864,2.5,0.0
380,2092,2.5,2.79
287,1206,2.5,4.14
435,68358,4.5,3.88
166,4027,4.5,3.78
124,2712,3.5,3.4
483,55269,4.0,3.74
182,1136,4.0,4.43
219,6874,4.5,3.93
458,592,3.0,3.49
448,2533,2.0,3.09
307,4091,3.5,0.0
497,2712,3.0,3.39
182,780,1.5,3.59
79,1580,4.0,3.52
6,32,4.0,4.0
377,849,4.5,2.78
288,2393,3.5,2.74
336,38798,3.5,0.0
379,587,3.0,3.34
448,94864,2.5,3.65
561,122886,4.0,3.84
68,41724,4.5,0.0
534,6373,3.5,3.46
322,2268,5.0,3.82
447,427,4.0,1.38
326,3556,4.5,3.88
493,1918,4.0,2.79
561,2105,3.0,3.41
140,1266,4.0,4.33
599,4215,1.5,0.0
294,1918,4.0,2.85
387,1370,2.5,3.72
152,7156,4.5,4.21
200,6373,4.0,3.35
111,51662,4.0,3.73
408,6595,3.5,3.28
288,2537,1.0,0.0
480,1183,4.5,3.83
232,43928,2.5,1.89
474,6350,4.0,4.37
474,2858,3.5,4.21
309,1172,5.0,3.78
448,2693,4.0,0.0
414,1866,2.0,4.0
249,1923,3.5,3.89
159,2424,3.0,3.19
288,1425,3.5,0.0
43,173,3.0,2.51
561,135569,3.5,3.56
308,117192,5.0,0.0
250,318,5.0,4.51
18,5903,3.5,3.92
447,553,4.0,3.89
28,1256,4.0,4.06
536,45,5.0,3.25
414,3615,3.0,3.28
84,5,3.0,3.09
115,487,5.0,1.5
608,837,3.0,3.57
606,50872,4.0,4.14
51,141,3.5,3.52
382,2881,3.5,3.0
274,648,3.5,3.76
357,3243,3.5,2.63
454,2908,4.5,3.42
221,1466,4.0,3.81
380,7369,3.0,1.76
66,1378,4.0,3.08
607,208,3.0,3.0
357,2144,4.5,3.8
105,66097,3.0,3.99
560,3826,4.0,2.4
83,7438,0.5,3.96
580,5617,4.5,3.96
357,3396,3.5,3.84
217,65,1.0,2.73
263,163,4.0,3.56
202,1300,4.0,4.26
528,91529,4.5,4.06
222,344,4.0,3.0
448,1019,3.0,3.72
222,1036,3.0,3.89
152,1203,5.0,4.13
495,6874,5.0,3.89
414,4299,3.0,3.97
580,1603,3.0,2.18
266,3156,1.0,2.67
579,3034,3.0,3.55
434,51662,3.5,3.66
483,2594,4.0,3.78
89,750,4.5,4.32
140,4259,4.0,3.25
336,628,4.5,3.54
274,7258,3.5,2.3
564,90405,2.0,3.53
216,1198,5.0,4.24
546,3918,5.0,2.8
580,2021,4.5,3.3
305,5618,5.0,4.42
329,1732,0.5,3.91
599,4728,2.0,3.28
339,96829,4.0,4.1
580,1210,4.0,4.3
391,2966,3.0,4.05
116,3072,2.5,3.32
122,1968,4.5,3.9
288,4002,4.0,4.03
42,2433,3.0,3.26
74,3481,3.5,3.69
125,96588,4.0,3.57
414,4366,3.0,3.68
295,1586,2.0,2.7
414,5209,2.0,0.0
477,4014,4.0,3.72
364,786,4.0,3.19
579,538,3.0,3.54
333,3785,3.0,2.97
18,5349,4.0,3.71
332,3994,3.0,3.62
113,4040,3.0,2.18
301,21,4.0,3.46
318,68159,4.0,0.0
104,5577,1.5,3.92
140,6386,4.0,0.0
480,3948,2.0,3.68
256,103253,3.5,3.3
414,610,4.0,3.88
33,1245,5.0,4.2
182,3481,4.5,3.81
567,104074,0.5,0.0
559,653,3.0,3.19
606,6970,4.0,0.0
84,247,4.0,4.05
139,5816,3.0,3.58
325,2150,4.0,3.86
414,4242,2.0,0.0
68,81834,5.0,4.52
555,75,3.0,1.79
177,1931,4.0,0.0
178,33903,4.5,4.05
182,3462,4.5,3.85
599,44195,2.5,4.07
63,4734,3.5,3.11
186,1947,4.0,3.58
606,6996,1.5,1.04
484,30825,4.0,3.12
221,4641,4.0,3.4
474,7036,3.5,2.61
117,534,3.0,3.67
202,2533,3.0,2.98
448,116977,1.5,2.94
111,6944,4.0,3.37
249,49278,4.0,3.98
69,2571,5.0,4.18
483,89745,4.0,4.02
358,85334,0.5,0.0
156,1179,5.0,3.72
385,531,3.0,3.12
561,1784,3.0,3.89
385,1387,3.0,4.12
42,1805,4.0,2.87
19,3082,2.0,3.37
274,6764,3.5,3.72
363,260,2.0,4.24
322,2692,4.0,3.98
294,3608,1.0,2.86
160,1019,5.0,3.58
91,2654,2.0,0.0
599,5553,2.0,3.54
474,8534,3.5,0.0
606,3451,5.0,4.41
16,1193,4.0,4.21
587,1307,5.0,3.92
552,317,2.0,3.21
371,1748,5.0,3.71
438,4900,3.0,0.0
380,75985,3.0,3.75
608,2529,3.5,3.82
432,57274,5.0,4.05
190,4963,3.0,4.02
408,55908,5.0,4.09
16,3429,3.5,4.22
517,69844,3.0,3.9
340,253,4.0,3.46
215,223,3.5,3.93
275,25,3.0,3.92
387,5047,0.5,3.97
425,165,3.5,3.75
288,2949,3.5,3.87
141,1682,3.0,3.96
509,101577,3.5,0.0
381,1046,5.0,4.51
575,2598,4.0,2.8
480,3969,4.0,3.29
155,432,4.0,2.6
570,380,3.5,3.62
91,1407,4.0,3.24
606,2996,3.0,2.99
452,541,5.0,4.18
52,89745,5.0,3.86
42,2490,4.0,3.24
534,108190,2.0,3.39
228,1385,3.0,3.11
249,103141,4.0,4.31
301,1680,3.5,3.43
356,5673,3.5,3.67
89,78142,4.5,0.0
230,5459,4.0,2.89
93,2822,4.0,2.85
220,5816,4.5,3.63
233,78103,2.5,0.0
19,3744,2.0,2.86
380,181,4.0,2.55
219,1805,4.0,2.86
179,47,4.0,3.99
600,2088,3.5,2.56
599,4477,1.5,1.72
469,798,2.0,3.21
353,292,4.0,3.46
182,3247,2.0,3.3
414,3157,4.0,2.49
275,4023,4.0,3.06
563,3882,3.0,3.0
89,4928,2.0,0.0
535,2688,2.0,2.99
339,1178,4.5,4.39
517,91094,1.0,2.6
603,1997,4.0,4.21
474,8778,3.5,0.0
21,130450,3.0,2.42
474,8487,3.0,0.0
448,7102,2.5,0.0
328,750,5.0,4.32
324,3978,3.0,3.0
359,1225,5.0,4.27
167,8665,3.5,3.92
260,7438,4.0,3.98
480,1784,3.5,3.9
181,489,3.0,0.0
524,587,4.0,3.35
261,1920,1.5,3.18
369,1625,4.5,3.68
603,207,4.0,3.54
27,1304,3.0,3.99
304,1584,5.0,3.69
105,141836,4.5,0.0
200,1270,4.0,4.09
275,1966,4.0,3.59
263,2875,4.0,0.0
414,44199,4.0,4.43
339,7156,5.0,4.17
135,3852,4.0,2.99
448,3744,1.5,2.98
225,1214,4.0,3.89
235,208,1.0,3.0
484,93510,4.5,4.11
448,26700,2.5,0.0
68,1676,2.0,3.61
156,2455,2.5,3.57
506,52973,3.5,3.76
357,5445,4.0,3.76
286,454,4.0,3.62
20,3967,4.5,3.79
509,2541,3.5,3.31
567,102088,2.0,0.0
608,610,3.5,3.64
100,932,4.0,3.42
19,497,3.0,3.79
593,318,4.5,4.54
356,208,4.0,2.97
386,173,2.0,2.5
474,7614,4.0,0.0
249,78105,3.0,3.53
474,2433,2.0,3.11
288,2418,4.0,3.03
391,800,5.0,4.21
402,852,3.0,3.17
462,2677,4.5,0.0
474,1148,4.0,4.28
483,81845,5.0,4.31
142,457,4.0,3.99
307,4448,4.0,3.5
105,3916,4.0,3.71
597,2353,2.0,3.39
482,7450,1.0,3.35
166,367,3.5,3.23
234,3624,5.0,3.24
6,54,4.0,0.0
381,32,3.5,4.08
337,376,4.0,3.22
603,306,4.0,4.4
64,1136,4.0,4.4
239,33679,4.0,3.37
414,6851,3.5,0.0
462,5225,3.0,4.11
132,1270,3.5,4.04
605,594,3.0,3.55
294,2006,2.0,3.14
330,2706,2.0,3.39
132,2572,4.0,3.65
452,527,5.0,4.28
225,1060,4.0,3.73
484,3798,3.5,3.28
60,858,5.0,4.25
391,778,5.0,4.15
419,2959,5.0,4.3
117,442,3.0,3.1
380,72601,3.0,0.0
386,318,3.0,4.52
380,7310,4.0,0.0
82,6863,3.5,3.5
217,349,4.0,3.84
330,260,4.0,4.33
50,93326,1.0,3.03
89,132496,4.5,0.0
66,1326,0.5,0.0
19,379,2.0,2.56
274,1894,2.5,3.16
42,2155,3.0,3.51
100,357,4.0,3.54
330,208,4.0,2.96
330,1073,5.0,4.04
85,1696,2.0,0.0
567,183897,3.5,3.86
555,2448,3.0,0.0
414,48783,4.0,3.99
555,3033,3.0,3.49
125,91690,4.5,0.0
561,4018,2.0,3.17
562,110,4.0,4.15
448,1459,2.0,3.34
331,8874,5.0,4.1
177,380,3.0,3.7
166,1249,4.5,4.07
327,1202,3.5,0.0
184,58559,5.0,4.25
319,6377,3.5,3.96
171,1201,5.0,4.25
482,1307,4.0,3.91
4,1198,3.0,4.26
414,3755,3.0,3.12
239,5816,4.0,3.62
477,48780,4.5,4.43
474,26151,3.5,0.0
135,3793,4.0,3.72
534,41569,4.0,3.36
167,1380,0.5,3.32
232,58299,3.5,3.51
68,3988,3.0,3.13
438,5944,3.0,3.24
202,923,5.0,4.04
216,3210,4.0,3.52
71,62,4.0,3.68
1,1617,5.0,4.17
45,1921,5.0,4.02
325,858,5.0,4.29
411,509,2.0,3.64
599,33966,1.5,0.0
68,63859,3.5,3.66
74,6787,5.0,4.02
268,1680,3.0,3.38
64,5502,4.5,3.18
225,2633,4.0,0.0
477,3036,4.0,3.51
140,34,4.0,3.71
489,63082,3.5,3.98
307,6709,3.0,3.61
534,116529,3.0,0.0
599,4928,2.5,0.0
474,2141,2.0,3.99
432,1092,3.5,3.35
322,2617,3.5,3.05
66,4787,4.0,3.38
380,8368,3.0,4.12
50,4914,4.0,4.26
352,122882,3.5,3.83
448,2792,3.0,2.76
606,6863,3.0,3.59
91,1215,5.0,4.2
4,190,2.0,2.35
105,2931,4.5,0.0
229,34,5.0,3.63
385,552,3.0,3.43
365,7153,3.0,4.2
524,592,3.0,3.5
232,33639,3.0,0.0
564,73319,3.5,2.45
63,33004,3.5,3.41
608,107,3.0,3.57
470,613,3.0,3.67
233,44555,3.5,4.19
600,2423,3.5,3.69
274,69951,4.0,3.91
477,3300,4.0,3.78
387,4390,3.0,0.0
525,1682,4.5,4.06
517,45722,3.5,3.59
249,106487,4.5,3.65
448,122890,1.5,4.13
57,2429,1.0,3.6
288,1982,4.0,3.93
483,1201,5.0,4.4
61,4993,4.5,4.18
257,2406,3.5,3.47
603,1274,1.0,3.55
497,551,4.0,3.6
99,248,3.0,2.75
514,595,4.0,3.85
425,8640,3.0,2.76
176,10,5.0,3.45
426,56367,4.5,3.75
136,207,5.0,3.4
204,2329,5.0,4.27
177,95167,4.0,3.9
606,26527,4.0,0.0
448,4881,3.0,4.17
68,35836,4.5,3.74
68,93721,4.5,4.86
607,3386,4.0,3.12
380,107723,3.0,0.0
298,2167,2.5,3.54
140,5481,1.0,2.98
368,1954,4.0,3.89
166,54997,4.5,3.93
448,102165,2.0,0.0
82,780,4.0,3.54
448,2090,4.0,3.19
420,1203,4.0,4.12
357,1258,5.0,4.22
152,318,3.5,4.53
586,1270,4.5,4.05
298,58156,1.5,3.04
82,6548,4.5,3.25
169,5014,4.5,3.65
89,76293,3.5,3.11
27,1721,5.0,3.48
600,4310,2.0,2.57
239,52973,3.5,3.88
600,2596,2.0,4.28
589,318,5.0,4.53
105,112852,4.0,4.45
20,5991,5.0,3.62
140,3557,3.0,2.34
380,216,3.0,3.61
414,1667,2.0,1.53
274,1920,3.5,3.27
80,94864,5.0,3.45
339,89864,4.0,3.72
244,1370,4.0,3.55
129,4310,4.0,2.53
413,1221,4.5,4.28
246,57640,3.5,3.85
474,4489,2.0,3.28
265,832,3.0,3.17
62,56174,4.0,3.62
232,48596,2.5,0.0
356,5902,4.0,3.96
460,541,3.0,4.15
425,1610,3.5,3.84
213,3285,4.0,3.14
305,63062,3.0,3.7
504,342,3.5,3.1
184,189333,4.0,0.0
381,34048,3.5,3.42
137,1196,4.0,4.28
469,1388,3.0,2.4
474,2875,3.0,0.0
482,4133,3.0,2.22
290,800,5.0,4.12
237,2571,4.0,4.17
78,377,3.5,3.56
464,2021,4.5,3.25
66,1093,3.5,3.58
475,6377,3.5,4.04
290,188,3.0,3.72
103,4226,5.0,4.27
414,2094,2.0,3.34
380,2403,5.0,4.06
332,4034,3.5,4.04
66,1302,4.5,3.75
380,2094,5.0,3.37
387,51077,1.5,2.61
292,80839,2.5,0.0
22,8958,2.0,3.57
596,8636,3.0,3.86
274,6796,3.5,4.11
318,3476,4.0,3.68
454,68237,4.0,3.94
105,134849,4.0,0.0
489,924,4.0,3.94
567,184253,0.5,0.0
489,26900,3.0,0.0
592,315,2.0,3.14
12,222,5.0,4.28
534,4370,4.0,3.48
270,661,5.0,3.4
588,592,2.0,3.48
456,1407,5.0,3.21
448,86142,3.0,0.0
16,1199,5.0,4.19
381,4367,4.0,2.99
298,8531,2.5,3.14
483,8533,4.0,3.76
589,1084,4.0,4.12
414,6188,4.0,3.8
105,3677,4.5,4.45
268,1616,1.0,3.13
534,79134,3.5,3.49
570,434,2.5,3.14
397,1953,4.5,3.86
85,1140,5.0,0.0
105,2959,5.0,4.37
594,1876,4.5,3.12
132,2108,3.0,3.59
102,253,3.0,3.46
471,158966,4.5,0.0
42,3247,2.0,3.26
599,4370,2.5,3.32
274,1278,4.0,4.06
596,5349,3.5,3.67
559,218,5.0,3.42
410,1131,5.0,4.25
580,8370,4.0,3.8
19,3254,2.0,3.63
68,55247,2.5,4.1
57,329,4.0,3.37
362,103688,4.0,4.18
22,5464,2.0,3.51
610,58301,3.5,0.0
265,2377,2.0,2.71
241,27773,3.5,4.05
221,3253,3.5,3.42
414,2736,4.0,0.0
599,180031,3.5,3.7
474,4138,1.0,0.0
89,39715,3.0,2.03
357,72011,4.0,3.65
144,597,3.0,3.6
151,788,5.0,2.82
229,21,4.0,3.47
318,61323,5.0,3.72
363,141,4.0,3.51
219,8368,2.5,3.99
474,1259,4.0,4.32
448,6514,0.5,0.0
554,2541,4.0,3.33
318,134881,4.0,0.0
68,59258,3.0,3.41
571,2122,3.0,1.88
105,5782,3.5,4.05
414,4219,3.0,3.85
125,4226,4.0,4.25
212,74795,3.0,3.46
199,1721,3.0,3.54
329,136850,5.0,0.0
4,1968,4.0,3.86
356,59141,5.0,0.0
66,7004,3.5,3.01
122,3793,4.0,3.71
68,1090,2.5,4.19
600,1639,2.5,3.75
71,1240,4.0,3.9
91,2355,3.5,3.68
455,253,3.0,3.46
380,54997,5.0,3.86
288,21,4.0,3.49
419,1208,3.0,4.21
47,1968,2.5,3.86
603,1252,5.0,4.39
555,1020,3.0,3.21
96,34,5.0,3.64
288,4370,3.0,3.39
534,1033,4.5,3.67
274,7454,2.0,3.2
412,2150,4.0,3.83
571,3708,2.0,3.05
387,30793,3.5,3.07
483,2953,2.0,2.89
368,485,2.0,3.27
28,32,3.5,4.08
288,3033,4.0,3.53
215,4226,4.0,4.14
274,4735,2.5,2.47
432,595,4.0,3.83
534,6863,4.0,3.55
487,4963,2.5,4.0
313,3262,5.0,3.37
380,48,3.0,3.23
23,858,3.5,4.29
182,6552,4.5,3.86
57,1265,5.0,4.08
606,7016,0.5,0.0
288,2352,3.0,4.02
484,2018,4.5,3.28
438,8968,4.0,3.37
552,594,4.0,3.55
17,1466,3.0,3.78
414,109374,4.0,4.18
469,912,5.0,4.43
368,16,4.0,4.0
219,1097,2.5,3.92
111,109282,3.0,0.0
360,1626,2.0,3.03
5,153,3.0,2.96
10,80549,3.5,3.82
282,2470,4.0,3.29
414,1121,4.0,0.0
274,27837,3.0,2.84
292,7569,4.0,4.06
608,661,3.0,3.48
584,587,5.0,3.38
95,2952,4.0,3.5
525,2142,3.5,2.12
169,3033,4.0,3.49
288,2137,3.0,4.11
564,109372,3.0,0.0
202,2997,5.0,3.99
140,4014,4.0,3.72
66,7293,4.5,3.63
489,2012,4.0,3.62
446,457,3.0,3.99
414,4308,5.0,3.72
599,1674,2.5,3.6
315,1333,3.0,3.66
284,165,5.0,3.67
19,1089,3.0,4.29
414,185,2.0,3.73
177,1377,3.0,3.0
105,5618,4.0,4.34
525,4308,4.0,3.65
555,4000,3.0,0.0
608,1021,1.5,2.77
590,1206,3.0,4.21
561,6711,3.0,4.25
317,94864,4.0,3.47
382,39292,4.5,3.65
387,6035,4.0,0.0
391,4995,4.0,4.14
409,1247,5.0,4.0
428,19,1.0,2.9
265,1961,4.0,3.82
387,2657,2.5,3.62
307,1215,5.0,4.24
166,1210,5.0,4.27
237,6377,3.0,3.97
590,1032,4.0,3.31
391,1277,5.0,3.68
599,538,2.5,3.74
380,5476,3.0,1.83
418,4993,5.0,4.2
599,1171,3.0,3.13
590,2396,4.0,3.94
233,136912,2.0,0.0
282,2355,4.0,3.59
429,234,2.0,2.54
318,76173,3.0,0.0
119,55247,4.0,4.02
10,31685,4.5,3.13
18,59315,4.0,3.96
517,1263,1.0,4.12
28,63062,3.0,3.62
232,3977,3.0,2.96
555,2797,5.0,3.91
6,491,4.0,3.5
352,3510,3.0,3.49
108,5466,3.0,0.0
68,8866,4.5,3.05
132,1298,3.0,3.92
234,60,4.0,3.42
234,2002,3.0,2.77
380,551,5.0,3.73
240,225,4.0,3.61
274,1007,2.0,2.4
140,277,3.0,3.63
62,1645,5.0,3.42
448,1379,4.0,2.87
424,60756,4.0,3.54
599,3723,3.0,3.71
387,2067,4.0,4.34
599,429,1.5,0.0
132,5970,3.0,3.2
20,2033,4.0,3.37
177,546,1.0,2.05
596,1907,4.0,3.79
62,179819,3.5,3.57
426,59784,2.5,3.38
438,3968,2.5,3.08
291,122892,4.0,3.88
451,95,4.0,2.84
477,7701,0.5,0.0
100,605,4.5,3.38
489,2989,3.0,3.54
232,46530,3.0,3.15
21,2571,4.0,4.3
45,2501,4.0,4.06
37,1073,4.0,3.91
509,45720,3.0,3.95
373,539,3.0,3.61
160,1198,3.0,4.29
448,115617,4.0,4.3
68,3254,4.5,3.84
564,115617,1.0,4.03
387,1289,4.0,4.02
474,27815,3.5,3.95
298,4890,2.5,3.07
280,65585,3.5,0.0
82,6958,3.5,2.47
125,113741,4.0,0.0
474,2424,5.0,3.59
139,8874,1.0,4.03
534,53519,4.0,3.78
517,2085,4.0,3.39
219,3082,3.5,3.35
380,6664,5.0,3.36
607,1023,5.0,3.78
366,3949,4.0,3.91
489,468,2.0,3.45
294,2471,1.0,2.76
483,65642,5.0,3.96
560,6952,3.5,2.72
448,112138,4.0,4.37
567,924,1.0,3.88
608,4874,3.0,3.7
606,1672,3.0,3.37
604,344,2.0,3.0
178,4235,4.0,4.06
135,1639,4.0,3.71
602,208,3.0,2.99
62,30793,4.5,3.09
414,1003,2.0,3.56
274,4989,3.5,2.98
105,86882,3.0,3.91
294,1784,3.0,3.84
18,6539,4.5,4.06
414,417,5.0,3.52
599,1091,1.5,2.59
186,4366,3.0,3.44
50,6773,3.5,3.58
7,1240,5.0,3.92
509,98809,3.5,4.06
4,1947,5.0,3.57
219,5219,3.0,3.28
346,902,3.0,3.92
591,3176,3.0,3.34
33,593,5.0,4.18
332,2020,4.0,4.08
590,1372,4.0,3.33
221,6870,4.0,3.77
599,89085,2.5,0.0
68,2617,4.0,3.22
89,97836,2.5,2.91
586,1221,3.0,4.25
66,4128,4.0,3.62
109,490,3.0,3.12
139,96079,3.5,3.86
73,59784,2.5,3.45
505,2959,5.0,4.25
387,2728,3.5,3.67
217,198,2.0,3.44
226,1573,2.5,3.5
391,4848,5.0,3.91
474,345,3.5,3.9
360,1479,1.0,3.52
113,1955,4.0,4.29
232,2628,4.0,3.39
89,88069,4.0,0.0
49,70286,4.0,3.85
28,1214,3.5,4.0
483,3868,4.0,3.51
474,1088,3.5,3.66
575,2599,4.0,3.72
572,2145,2.0,3.17
198,2357,4.0,4.34
45,593,4.0,4.31
577,1017,3.0,3.95
97,3999,3.0,2.49
453,2058,3.0,3.41
39,1027,4.0,3.1
288,48780,3.5,4.46
387,71,1.5,1.73
288,1848,3.0,3.44
68,99114,2.5,4.36
422,1265,4.0,3.97
6,531,3.0,3.13
249,134853,4.5,4.12
500,11,1.0,3.69
475,8907,3.5,2.29
98,7451,3.5,3.65
414,5178,4.0,0.0
64,6957,4.0,3.6
452,4005,3.0,3.48
295,2058,1.5,3.29
185,1393,4.0,3.48
339,69122,3.5,3.84
307,6811,3.5,2.12
279,112552,3.5,4.15
193,5618,5.0,4.14
412,2108,5.0,3.56
169,5943,4.0,2.66
483,3481,3.5,3.81
125,6016,4.0,4.24
263,3996,4.5,3.94
368,3420,3.0,0.0
140,7018,5.0,0.0
357,6483,1.5,0.0
274,2036,2.5,2.1
448,67361,2.0,0.0
6,508,4.0,3.71
482,780,4.5,3.47
563,55250,3.5,0.0
105,26237,4.0,0.0
600,419,3.5,3.2
210,150596,4.5,0.0
277,1429,3.0,3.66
448,69784,3.0,3.45
265,1084,3.0,4.14
477,2335,3.0,2.89
486,464,3.0,2.93
226,2355,3.0,3.67
298,4255,3.0,1.85
600,2136,3.5,2.28
429,252,5.0,3.71
121,595,3.0,3.81
577,5060,4.0,4.06
305,104841,3.0,4.02
288,34162,4.0,3.76
309,971,4.5,4.2
400,1221,4.5,4.3
448,85774,4.5,3.74
610,71341,3.0,0.0
182,253,3.0,3.62
288,880,2.0,2.85
136,276,4.0,3.29
200,6863,5.0,3.56
64,2003,4.5,3.38
233,4027,3.5,3.72
610,1283,3.0,4.24
226,594,3.0,3.59
212,115149,4.0,3.93
474,7371,4.5,4.56
19,329,2.0,3.43
6,5,5.0,3.15
6,347,3.0,3.17
325,3421,3.0,3.93
160,3578,5.0,4.03
91,1036,4.0,3.97
254,344,3.5,2.98
448,91653,4.0,0.0
28,8970,3.0,3.64
483,53519,3.0,3.74
63,4105,3.0,3.66
610,4979,4.0,3.78
606,2289,4.0,4.21
414,94,5.0,4.4
199,5995,5.0,4.02
448,101283,2.5,0.0
482,3087,3.0,3.51
453,2617,4.0,3.1
28,8983,2.0,3.51
232,31433,3.0,2.7
136,348,1.0,3.64
254,3578,4.5,3.99
561,57528,3.0,3.41
438,7169,3.5,4.36
9,5378,3.0,3.31
160,4055,5.0,0.0
606,7916,3.5,0.0
18,30793,4.0,3.1
515,60069,5.0,4.08
217,3489,2.0,3.62
177,2353,3.0,3.44
249,55830,3.5,3.56
381,551,5.0,3.68
298,3317,3.0,3.98
480,788,2.5,3.04
183,1036,4.0,3.86
282,527,5.0,4.3
510,3253,3.0,3.38
474,9010,3.0,4.44
21,1527,2.5,3.8
64,3863,3.5,3.09
469,2115,3.0,3.69
290,407,3.0,3.8
517,899,4.5,4.18
28,48780,1.5,4.43
312,4553,3.0,3.87
162,371,3.0,2.9
318,2355,3.5,3.71
438,4886,4.0,4.12
308,292,1.0,3.38
312,1196,5.0,4.32
9,5988,2.0,2.77
266,1476,4.0,3.64
422,903,3.0,4.05
137,2716,3.0,3.79
391,1682,4.0,3.98
599,6541,2.0,2.96
462,143355,2.0,3.65
133,349,2.0,3.7
68,8873,4.0,4.0
74,2420,2.5,3.76
274,43921,4.0,0.0
80,90405,4.0,3.59
435,2959,5.0,4.26
132,5969,2.5,0.0
561,6377,3.5,4.16
325,1270,4.0,4.07
249,101142,3.5,4.48
453,3326,5.0,2.19
438,2762,4.0,4.0
274,4748,3.0,2.22
381,3623,3.5,2.78
135,1356,2.0,3.9
208,198,2.0,3.3
22,61323,0.5,3.53
182,899,5.0,4.42
352,152077,4.0,3.94
63,3751,4.0,3.67
483,4343,3.0,3.29
484,8528,4.0,3.86
380,1517,3.0,3.73
140,45668,3.0,3.15
274,2916,3.5,3.94
307,8373,3.0,2.22
357,3270,4.0,2.48
501,45,3.0,3.24
122,318,5.0,4.57
307,480,3.5,3.84
555,1089,5.0,4.35
438,2273,3.0,3.66
608,4621,0.5,2.95
232,31867,3.0,0.0
81,367,1.0,3.21
274,239,3.0,3.21
448,94777,2.5,3.83
600,46664,2.5,0.0
346,1258,3.5,4.17
560,87869,3.5,3.69
313,780,3.0,3.52
95,358,3.0,2.69
42,880,2.0,2.87
123,260,4.5,4.25
289,1258,4.0,4.13
239,53996,4.0,3.32
212,54995,4.0,3.87
474,7078,2.5,4.7
328,1947,3.0,3.55
219,1438,3.0,2.7
210,48780,4.0,4.36
169,1030,3.5,2.8
509,96610,3.0,3.73
475,7153,5.0,4.18
603,1904,5.0,0.0
525,902,4.0,4.0
165,5952,5.0,4.03
62,6373,4.0,3.38
537,98961,4.0,4.2
194,1396,3.5,3.34
195,778,4.0,4.07
57,141,4.0,3.5
517,1206,0.5,4.15
196,109487,3.5,3.87
506,53000,4.0,3.7
608,432,1.5,2.75
514,6746,2.0,0.0
448,67408,3.5,3.92
19,2883,3.0,3.29
414,2058,3.0,4.02
474,8783,3.5,3.31
328,7438,5.0,3.97
112,6,4.5,3.94
365,4226,0.5,4.17
68,2125,4.5,3.76
339,8950,4.0,4.25
249,4369,3.5,3.5
236,2858,5.0,4.04
448,134859,3.5,0.0
610,36931,3.5,0.0
414,96588,3.5,3.86
60,1562,3.0,2.05
160,3981,1.5,2.52
387,919,3.0,3.93
140,193,2.0,2.55
480,2908,4.0,3.51
305,788,2.0,2.98
232,8870,2.0,2.33
414,4888,4.0,3.99
325,2572,3.0,3.61
20,3483,3.5,3.26
432,85885,4.5,0.0
474,491,2.0,3.72
298,2012,3.0,3.64
337,41,3.0,3.6
399,7153,4.0,4.13
492,1004,3.0,3.4
274,2974,2.5,0.0
134,153,4.0,2.96
469,1466,3.0,3.8
351,81788,4.0,4.04
328,34162,2.0,3.63
73,71518,4.0,3.52
483,2396,3.5,3.92
580,5522,2.5,3.26
19,1722,3.0,3.0
177,42002,4.0,3.14
307,7701,0.5,0.0
239,54286,5.0,3.78
62,48043,3.0,3.61
95,4901,4.0,3.47
294,258,1.0,2.31
599,5502,2.0,3.22
599,1799,3.0,3.57
260,4973,3.5,4.31
445,2324,4.5,4.06
246,4896,4.0,3.79
469,1234,4.0,4.2
563,3791,3.0,3.33
219,2916,3.5,3.73
239,34048,3.5,3.38
484,2081,5.0,3.5
390,2858,2.5,4.07
606,2231,4.5,3.92
149,480,3.0,3.72
45,357,4.0,3.6
534,5621,3.5,1.76
599,90471,2.5,0.0
523,587,4.5,3.32
9,627,3.0,3.51
195,3948,4.0,3.49
352,71530,4.0,3.48
432,1258,3.0,4.2
307,4317,1.0,3.1
599,131578,2.5,0.0
372,1210,5.0,4.24
424,50,5.0,4.28
434,58559,5.0,4.27
11,10,3.0,3.47
599,2420,4.0,3.96
509,122892,4.0,3.98
39,2174,3.0,3.53
122,99007,3.5,3.22
76,260,4.0,4.26
559,434,2.0,3.15
534,7293,4.0,3.55
414,4721,3.0,0.0
608,2761,4.5,4.52
380,93838,5.0,4.64
414,5437,3.0,0.0
317,1639,3.0,3.68
308,1221,1.0,4.29
600,4467,5.0,3.82
580,1590,3.5,3.07
94,153,3.0,2.98
314,457,3.0,4.01
590,1393,3.0,3.57
419,1573,3.5,3.41
450,3624,4.0,3.22
429,294,3.0,0.0
448,65135,3.0,0.0
600,260,4.0,4.31
105,5010,4.0,3.99
80,8644,4.5,3.54
414,382,3.0,4.07
288,6873,3.5,3.19
462,3018,4.5,3.23
380,104243,3.5,3.34
357,6870,3.5,3.76
318,118784,3.5,0.0
298,2195,3.0,3.17
117,608,3.0,4.15
332,79702,2.0,3.9
30,7153,5.0,4.16
387,27773,5.0,4.27
282,5218,4.5,3.78
573,1073,4.5,3.99
272,119145,4.0,3.92
52,58559,5.0,4.31
600,55247,1.5,4.04
538,5618,5.0,4.13
52,81847,4.0,3.86
480,3624,1.5,3.43
307,5445,3.0,3.83
610,102802,2.5,0.0
105,175387,5.0,0.0
148,79091,3.5,3.71
597,2918,5.0,4.04
599,88744,3.0,3.66
57,3081,4.0,3.62
179,110,5.0,4.08
483,7132,4.5,4.23
594,6140,0.5,0.0
19,2002,3.0,2.78
318,102125,3.0,3.87
480,1271,3.0,3.45
298,67267,2.0,0.0
332,79553,3.5,3.72
15,2081,3.0,3.47
160,1387,2.0,4.1
414,44022,2.5,3.72
354,2424,4.0,3.28
474,7143,3.0,4.14
132,6251,2.0,0.0
572,1233,5.0,4.33
489,1200,4.0,4.09
294,653,1.0,3.19
414,144,4.0,4.43
86,3996,3.5,3.89
349,253,3.0,3.47
66,7015,4.0,0.0
198,3386,4.0,3.13
461,1259,4.0,3.92
552,4161,2.0,3.67
42,3753,4.0,3.65
314,17,4.0,3.86
151,885,3.0,0.0
606,5014,4.0,3.8
28,21,3.0,3.43
310,852,3.0,3.16
560,7460,4.0,0.0
356,7143,3.5,4.0
448,8665,3.5,4.09
215,8784,4.5,3.86
610,4144,3.5,4.1
90,17,5.0,3.84
232,64957,4.0,4.12
160,2166,3.0,2.07
224,3301,5.0,3.48
525,1288,4.0,4.09
290,342,4.0,3.15
215,2115,4.0,3.59
610,7387,5.0,4.26
409,3543,4.0,3.66
217,2366,3.0,3.73
448,46972,3.0,3.71
68,42738,3.0,3.12
348,4973,5.0,4.26
21,76251,2.5,3.81
233,924,3.5,3.89
62,176371,4.0,3.85
603,527,3.0,4.36
477,24,4.0,3.31
474,3508,3.0,4.3
313,1732,4.0,3.99
448,136816,2.5,0.0
599,5069,2.5,0.0
274,4876,3.0,2.6
600,339,2.5,3.74
414,1594,4.0,3.19
307,3253,3.0,3.49
561,2422,2.5,1.9
79,377,4.0,3.54
307,916,4.0,4.09
298,59615,4.5,2.77
570,1307,3.5,3.97
304,1616,4.0,3.2
42,4466,2.0,0.0
249,589,4.0,4.32
274,61250,2.0,2.99
487,4720,3.0,3.67
332,910,4.5,3.89
414,592,4.0,3.83
19,3308,2.0,4.06
113,3537,5.0,0.0
588,208,2.0,2.99
304,1214,4.0,3.93
583,588,3.5,3.84
529,648,3.0,3.53
266,1090,5.0,4.07
411,349,3.0,3.76
606,3822,4.0,4.36
448,91688,1.5,0.0
475,2,4.5,3.44
290,595,4.0,3.81
42,3146,3.0,2.61
474,2640,4.0,3.91
268,1673,5.0,4.06
67,1291,3.5,4.11
359,2530,3.0,2.44
600,6558,3.5,0.0
376,252,3.5,3.67
206,719,3.0,2.95
105,306,5.0,4.25
389,784,3.0,3.01
595,501,4.0,3.62
509,2059,2.5,3.15
573,4226,5.0,4.27
599,6890,3.0,0.0
590,3869,2.5,3.41
610,135536,2.5,2.74
348,1960,5.0,3.59
186,2617,5.0,3.12
414,1601,3.0,0.0
56,410,3.0,3.15
474,356,3.0,4.54
414,4344,4.0,3.4
140,7137,3.0,3.34
440,8690,4.0,0.0
42,135,3.0,3.08
610,103253,3.5,3.36
234,2354,4.0,2.14
70,36,5.0,3.88
274,5903,4.0,4.03
62,37729,4.0,3.54
305,71379,2.5,3.64
111,4896,4.0,3.95
414,839,1.0,2.94
20,551,5.0,3.58
600,3157,3.0,2.73
239,1265,2.5,4.08
354,3033,3.5,3.52
596,72998,3.0,3.85
80,51662,4.5,3.66
606,3089,4.5,3.96
448,109183,2.0,0.0
561,41569,3.0,3.31
584,185,5.0,3.24
448,420,2.0,3.16
367,923,5.0,4.03
414,5424,3.0,0.0
308,91529,3.0,4.07
469,3361,3.0,3.97
369,3863,3.5,3.01
64,3210,4.0,3.62
187,8228,4.0,3.44
91,628,3.0,3.64
301,10,4.0,3.46
562,30749,3.5,4.07
610,3174,4.0,3.43
274,72011,3.5,3.89
241,104841,4.5,3.73
425,2916,3.5,3.7
305,74868,2.5,2.94
232,7381,3.0,3.45
414,62434,3.5,3.45
599,3524,2.0,3.8
440,7361,4.0,4.29
476,500,3.0,3.47
232,8916,2.5,0.0
42,368,3.0,3.61
410,3978,2.0,3.03
260,1639,2.0,3.71
444,344,3.0,2.98
274,5909,3.0,3.42
111,162602,4.5,0.0
4,3365,5.0,0.0
509,3301,3.5,3.59
288,3672,3.0,3.95
608,4104,1.5,0.0
480,2001,2.5,3.37
20,5504,0.5,2.24
391,2702,1.0,3.69
400,122886,4.5,3.81
199,3868,3.5,3.46
414,105504,4.0,4.58
68,2791,4.0,4.19
495,40278,4.0,3.44
469,474,3.0,3.98
382,7379,3.5,3.67
610,46530,3.5,3.03
117,339,3.0,3.71
24,552,3.5,3.4
603,587,3.0,3.5
57,3066,5.0,3.6
120,648,3.0,3.52
298,47997,3.0,4.29
610,152077,4.0,4.11
144,27416,4.0,0.0
448,2381,2.0,3.53
234,552,3.0,3.46
89,73319,2.0,2.37
493,2985,4.0,3.53
47,5669,4.0,3.74
50,79132,2.5,4.11
287,4027,4.0,3.75
195,1036,5.0,3.87
372,1438,3.0,2.71
262,50,3.0,4.26
183,858,3.0,4.25
28,33558,3.0,0.0
351,43836,2.5,3.14
177,89904,5.0,3.91
275,535,5.0,3.37
495,112556,5.0,3.8
265,724,2.0,2.97
232,5313,3.0,2.47
339,593,5.0,4.3
298,6385,0.5,4.14
484,33679,2.5,3.35
115,736,1.0,3.49
47,96811,4.0,4.07
474,4912,3.0,4.1
287,2797,3.0,3.74
555,2402,3.0,3.35
272,148626,4.5,3.83
355,2915,3.0,3.55
381,2115,3.5,3.71
182,1279,5.0,4.17
227,912,3.5,4.37
331,3897,4.5,3.88
288,3928,3.5,0.0
140,7076,5.0,3.43
447,597,4.0,3.59
590,4545,3.0,3.44
117,60,3.0,3.44
599,1100,2.5,2.61
560,8376,4.0,3.07
29,3591,3.0,2.54
28,2683,2.5,3.17
140,527,5.0,4.37
522,2700,4.5,4.1
275,4967,5.0,4.5
522,1220,4.0,3.87
91,2993,3.0,3.44
75,5952,4.0,4.04
230,2959,3.0,4.25
448,107962,2.0,0.0
29,4327,4.0,3.93
239,8368,4.0,3.96
345,898,4.0,4.33
599,90603,2.5,0.0
348,541,5.0,4.15
142,440,4.0,3.61
261,5989,5.0,3.99
72,1586,3.0,2.72
448,377,4.0,3.89
474,2396,4.0,3.99
522,7036,2.5,2.81
434,2502,4.5,4.2
268,1377,3.0,3.01
387,2579,3.5,3.89
290,1228,5.0,4.27
133,32,4.0,3.95
182,2542,4.0,4.39
465,3448,5.0,3.6
599,81782,2.5,3.57
166,2396,3.5,3.82
357,2011,4.0,3.58
512,589,3.0,4.01
482,1968,4.0,3.84
38,432,3.0,2.63
462,7153,4.5,4.21
247,48774,3.0,4.17
369,2046,3.0,3.18
51,5956,5.0,3.61
66,5673,5.0,3.67
185,605,3.0,3.34
599,4167,2.0,3.74
249,114935,4.0,3.72
182,21,2.5,3.43
21,356,4.5,4.35
119,2167,4.0,3.5
68,50,3.0,4.48
153,105844,4.0,3.87
140,593,4.0,4.33
167,592,3.0,3.5
266,1200,5.0,3.97
483,104841,5.0,4.06
540,1409,3.5,2.37
610,55721,3.5,4.4
298,103980,3.0,0.0
161,1022,3.0,3.63
599,3361,3.0,4.04
58,616,4.0,3.42
420,3559,4.0,0.0
301,30793,0.5,2.97
249,2706,4.0,3.53
610,44974,3.5,3.18
414,62,4.0,4.05
610,101088,3.5,0.0
221,527,3.0,4.3
337,9,5.0,3.14
200,44665,4.5,3.78
21,109576,2.5,0.0
165,3624,3.0,3.22
112,2571,5.0,4.2
234,172,2.0,2.69
534,2085,4.0,3.39
560,74458,3.5,4.47
436,364,4.0,3.97
430,3408,3.0,3.54
132,594,3.0,3.57
325,5033,3.0,0.0
296,171765,3.5,0.0
610,95510,3.5,3.1
20,3972,3.0,4.26
6,1084,3.0,4.19
563,91628,2.5,0.0
242,432,4.0,2.62
594,2340,4.0,3.41
462,4863,4.5,0.0
66,273,3.5,2.84
368,2791,4.0,3.9
444,357,4.0,3.52
74,3273,2.5,2.52
275,4621,2.0,2.95
123,4776,4.0,3.78
357,1269,4.5,4.11
202,678,4.0,3.88
28,1198,2.5,4.34
597,2988,4.0,0.0
563,42732,3.5,0.0
445,1247,4.0,4.0
525,7451,4.5,3.8
489,89118,5.0,1.21
344,3793,5.0,3.69
477,1682,4.5,4.09
608,1831,3.5,2.51
249,106916,4.0,3.24
66,1246,4.5,4.2
301,2950,3.0,2.37
149,1356,4.0,3.84
274,6595,3.5,3.36
503,356,4.0,4.19
489,674,3.5,2.81
305,6818,5.0,0.0
584,585,3.0,2.89
382,56949,3.0,3.23
376,98961,5.0,4.22
66,4720,3.5,3.78
605,4366,3.0,3.32
357,1210,4.0,4.29
562,337,4.0,3.9
474,5816,4.5,3.63
521,86,4.0,3.58
560,6537,3.0,2.97
511,1970,3.0,2.88
68,68791,3.5,3.33
140,4958,3.0,3.27
387,8665,3.5,4.0
495,51540,2.5,3.93
255,1230,1.0,4.0
198,1732,3.0,3.95
599,4963,4.0,4.26
298,886,0.5,3.45
63,3785,2.0,2.99
45,788,2.0,2.98
462,904,4.0,4.41
8,186,4.0,3.15
368,552,2.0,3.49
74,3089,5.0,3.97
47,2942,2.5,2.88
573,3479,1.5,3.67
89,104211,2.5,3.97
68,31,3.5,3.44
307,51931,5.0,0.0
232,8622,4.0,3.91
324,3949,3.0,3.9
469,3358,5.0,3.88
593,1617,4.0,4.09
182,3624,3.0,3.44
6,262,5.0,4.05
57,208,1.0,2.99
398,2248,4.0,3.78
94,47,2.0,3.98
16,7099,3.5,4.15
94,253,1.0,3.47
221,7076,4.0,3.44
448,70984,3.5,0.0
18,33615,3.5,3.5
410,750,5.0,4.29
51,4262,5.0,4.01
328,97921,0.5,3.94
381,53460,4.0,3.61
154,119145,5.0,3.94
595,265,5.0,3.98
232,5379,4.0,0.0
509,70521,4.0,3.49
425,3481,3.0,3.72
248,91500,3.0,3.37
480,150,3.5,3.96
438,5954,3.0,3.93
105,5120,4.0,4.36
608,852,2.0,3.19
436,720,5.0,4.28
249,79008,4.5,0.0
438,849,3.0,2.86
226,2804,4.5,4.07
180,1197,4.0,4.26
290,3334,4.0,4.29
27,902,4.0,3.9
489,1994,3.5,3.45
111,112497,3.0,0.0
249,480,4.0,3.92
182,4280,4.0,3.53
352,88125,4.0,3.78
477,55442,4.5,4.11
604,117,3.0,0.0
288,2454,3.0,3.51
380,648,4.0,3.76
182,2058,4.5,3.58
464,4310,4.0,2.53
543,3825,5.0,2.65
483,786,2.0,3.35
263,1821,3.0,2.8
186,196,4.0,2.7
509,4299,3.5,3.65
307,1252,3.0,4.34
305,85510,3.5,3.14
216,3893,4.0,3.41
452,3107,4.0,3.3
132,2023,3.0,3.4
511,94677,4.0,3.96
380,3948,3.0,3.8
28,6807,2.5,4.07
425,1196,3.0,4.36
562,5620,3.0,2.96
43,34,5.0,3.62
169,1220,4.0,3.87
243,112,5.0,3.58
292,90890,1.5,2.55
298,74946,0.5,4.1
182,33794,3.5,4.1
474,6101,4.0,0.0
432,3916,4.0,3.63
135,551,4.0,3.61
443,7153,5.0,4.14
221,590,3.5,3.84
489,8957,0.5,3.45
105,106918,4.0,4.4
600,1288,4.5,4.12
380,410,3.0,3.45
414,88125,3.5,4.08
202,2956,3.0,3.24
438,4248,0.5,2.31
109,474,3.0,3.9
276,765,4.0,2.97
179,318,5.0,4.53
183,1304,4.0,3.93
274,3972,3.5,4.33
4,3996,4.0,3.91
514,2375,3.0,3.0
182,3174,4.0,3.45
387,6777,3.0,3.7
62,87232,4.0,4.0
302,58,5.0,3.87
112,104,4.0,3.55
286,185,4.0,3.15
307,4403,3.0,0.0
339,59126,3.5,3.82
119,59784,4.0,3.48
84,1217,4.0,4.72
501,707,4.0,2.99
414,3790,4.0,0.0
202,1909,4.0,3.32
448,528,2.0,0.0
509,3994,3.5,3.63
328,47,4.5,4.02
239,608,4.5,4.23
21,4963,4.5,4.15
600,318,3.5,4.59
150,6,4.0,3.92
474,235,4.0,3.76
182,4774,2.5,1.7
286,4993,4.5,4.19
474,3259,2.5,3.41
608,5989,4.0,4.21
608,4011,5.0,4.37
606,2474,3.0,3.34
484,50442,4.0,2.69
297,593,4.0,4.18
596,7260,3.5,0.0
274,3938,3.5,0.0
432,63082,4.0,3.96
136,122,3.0,2.67
560,4446,3.0,3.6
80,44974,4.5,3.02
105,37731,5.0,3.95
480,481,3.0,3.15
111,4865,3.0,3.62
290,3735,4.0,3.88
596,2687,4.0,3.6
522,91529,4.0,4.15
387,2759,3.5,3.94
496,94959,3.5,4.11
246,910,4.5,3.87
50,741,3.5,4.19
303,5349,3.5,3.54
571,1339,4.0,3.37
192,432,4.0,2.61
484,3697,2.0,2.92
19,472,2.0,0.0
606,1307,4.5,4.07
62,3949,4.5,4.0
298,149352,0.5,3.08
599,26676,2.5,0.0
390,59995,4.0,0.0
221,1104,5.0,4.57
233,4973,4.0,4.3
86,648,4.5,3.54
288,2033,3.0,3.5
600,58559,3.5,4.31
292,3175,4.0,3.7
573,480,5.0,3.8
452,3698,5.0,3.24
188,1035,5.0,4.19
474,5397,3.5,0.0
477,2114,3.5,3.36
298,6620,3.0,4.38
119,135887,4.0,2.64
424,288,4.0,3.4
356,45499,3.0,3.41
225,1641,4.0,3.73
587,1580,4.0,3.54
290,3730,5.0,4.08
521,43,4.0,2.79
28,31101,3.0,0.0
414,4865,5.0,4.1
424,1625,4.5,3.69
390,2025,4.0,4.01
284,485,3.0,3.18
387,5026,3.5,4.03
28,53322,1.5,3.89
151,1390,3.0,3.04
41,3285,4.0,3.18
489,783,3.5,3.51
387,8807,3.5,3.69
4,1500,4.0,3.68
603,3426,3.0,3.24
182,6330,3.5,0.0
111,40581,4.5,2.18
217,1784,4.0,3.89
23,2194,3.0,3.9
410,1084,4.0,4.15
226,216,5.0,3.51
414,8915,3.5,0.0
461,186,4.0,3.14
318,362,4.0,3.81
563,899,4.5,4.14
480,6708,3.5,3.87
597,2012,3.0,3.63
448,91273,1.5,0.0
104,2423,2.5,3.65
263,8535,4.0,0.0
37,671,5.0,3.59
66,7018,5.0,0.0
470,329,4.0,3.4
590,58559,4.5,4.44
318,44555,4.0,4.2
80,44665,5.0,3.77
380,1391,4.0,3.3
282,48322,1.0,0.0
606,1258,4.5,4.37
448,1276,5.0,4.43
76,1136,5.0,4.22
408,111759,5.0,4.16
606,5992,4.0,3.58
414,1876,3.0,3.48
177,70183,4.0,3.67
462,148982,4.0,0.0
62,91542,5.0,3.85
63,1580,2.0,3.61
188,830,4.0,3.51
580,1196,4.0,4.38
135,2968,4.0,4.01
51,33166,2.5,4.0
105,175431,5.0,0.0
125,122904,4.5,4.23
101,2502,3.0,4.15
596,83349,3.5,3.26
570,1282,3.0,3.68
239,1213,5.0,4.39
590,33493,3.5,3.65
305,69122,5.0,3.99
590,4015,1.5,3.03
352,56775,3.5,2.78
463,527,4.0,4.2
414,65,2.0,2.95
534,95875,4.0,3.58
239,1466,4.0,3.88
80,4963,4.5,4.07
610,1214,4.5,4.08
380,5323,3.0,0.85
524,172,3.0,2.71
28,26901,2.5,0.0
274,49530,4.0,3.95
160,4223,3.0,3.78
39,3481,5.0,3.66
586,95510,4.5,3.1
246,123,5.0,3.78
606,1612,3.0,0.0
603,2115,3.0,3.69
106,8368,5.0,3.95
327,2089,3.0,3.8
542,1580,3.5,3.56
477,1259,4.0,4.07
306,95543,3.0,2.75
453,2686,4.0,4.14
23,1711,4.0,3.15
72,589,4.5,4.01
328,4027,5.0,3.76
590,61352,3.0,3.73
326,55820,4.5,3.91
132,68157,3.5,4.2
103,920,4.5,3.63
489,2167,3.0,3.52
593,2571,2.5,4.19
356,3578,4.0,4.05
312,4874,3.0,3.63
287,5804,0.5,0.0
240,810,4.0,2.27
590,64620,4.0,4.1
462,3925,1.5,3.66
603,617,2.0,0.0
166,47644,4.0,3.09
380,2010,4.0,4.05
567,97913,2.5,4.01
132,2797,2.0,3.78
414,4221,3.0,2.32
156,2144,3.0,3.82
169,5222,4.0,0.0
474,1629,2.0,0.0
219,3623,1.0,2.78
594,6148,2.0,0.0
22,4979,3.5,3.71
419,6365,4.0,3.27
153,7293,0.5,3.63
111,144606,4.0,0.0
125,73488,2.0,0.0
597,2505,2.0,3.49
372,1222,3.0,4.14
453,4238,4.0,3.26
414,89,3.0,4.09
68,333,4.0,3.99
109,778,4.0,4.04
298,7926,4.0,0.0
479,3421,4.0,3.94
263,912,4.0,4.41
188,2302,5.0,3.21
484,3809,4.0,3.16
602,432,1.0,2.66
267,2571,5.0,4.17
226,260,4.5,4.33
525,35836,3.0,3.57
287,29,4.5,4.07
63,924,3.5,3.91
298,5110,3.5,3.73
474,3261,3.5,3.65
195,1233,3.0,4.31
129,597,4.0,3.6
476,350,3.0,3.33
462,52435,4.0,3.69
414,56757,4.0,4.23
480,733,3.5,3.88
15,1214,5.0,3.93
348,1221,5.0,4.3
71,852,4.0,3.16
283,785,3.0,3.53
599,2622,2.0,3.57
19,799,3.0,3.52
381,2125,4.5,3.69
263,2628,3.0,3.25
599,2396,4.0,3.94
381,6893,4.0,4.21
294,2038,3.0,0.0
410,3361,4.0,3.81
480,45447,3.5,3.44
270,780,4.0,3.44
600,104,3.0,3.64
608,8874,5.0,4.21
610,7367,3.5,2.54
317,30812,4.0,3.6
249,4343,4.0,3.55
275,4809,5.0,0.0
62,46976,4.0,3.5
108,2585,4.0,0.0
560,56587,2.5,3.43
457,2428,2.0,2.61
590,1136,3.5,4.42
294,2450,1.0,2.52
326,110,5.0,4.09
524,6,4.0,3.94
469,944,4.0,0.0
480,30707,4.0,3.91
182,2971,4.5,4.25
414,4874,3.0,3.86
332,1079,4.5,4.01
252,90866,4.5,3.76
4,1179,4.0,3.63
42,4002,5.0,3.9
58,224,3.0,3.67
517,2087,4.0,3.48
599,3791,2.0,3.39
387,48877,3.0,3.04
290,1394,4.0,4.23
105,136447,5.0,0.0
125,94677,4.5,4.09
49,139385,4.5,3.77
575,2605,3.0,2.9
274,6383,2.0,2.89
610,148424,3.0,0.0
408,76251,3.5,3.73
301,5816,4.5,3.59
325,4239,4.0,3.92
223,2628,3.0,3.22
413,2028,5.0,4.12
434,6863,3.5,3.53
599,1623,2.5,0.0
216,951,5.0,4.58
318,79134,4.0,3.47
370,260,2.0,4.27
412,913,5.0,4.21
313,457,2.0,4.07
200,39183,3.5,3.51
437,1302,3.0,3.64
424,48780,3.5,4.34
42,3264,4.0,2.6
288,5464,4.0,3.74
517,45720,0.5,3.87
414,835,3.0,0.0
354,1732,4.0,3.97
182,6062,3.5,2.88
240,172,5.0,2.7
174,315,2.0,3.13
187,1089,4.5,4.3
352,42723,1.0,3.02
425,784,2.5,3.05
312,1333,4.0,3.7
474,8622,4.0,4.0
563,68135,2.5,3.65
292,114180,3.0,3.04
495,67255,5.0,4.05
549,2028,5.0,4.11
391,1357,4.0,4.22
414,2114,5.0,3.32
453,2273,3.0,3.55
399,480,3.0,3.72
448,4124,1.0,0.0
438,2763,4.0,3.83
288,45440,4.0,3.19
419,41997,4.5,3.87
232,40826,4.0,3.25
597,2951,4.0,4.19
603,2976,3.0,3.48
187,6502,4.0,4.1
288,30825,3.5,3.12
474,539,4.5,3.96
381,44022,3.5,3.44
517,110,1.5,4.12
568,63853,4.5,2.7
431,552,2.5,3.37
290,1233,4.0,4.38
357,2352,3.0,3.91
482,316,5.0,3.36
111,68954,4.0,4.25
452,3751,5.0,3.63
182,799,3.5,3.54
298,44191,3.5,4.04
135,1225,3.0,4.34
332,1196,4.5,4.33
495,1645,5.0,3.4
597,232,5.0,3.7
70,1288,4.0,4.03
117,616,4.0,3.44
484,72,4.0,3.03
232,4649,2.5,3.75
57,1912,2.0,3.92
610,104241,3.0,3.68
229,153,3.0,2.98
573,96610,5.0,3.76
391,1129,3.0,3.68
182,3108,4.5,3.95
474,32,4.0,4.17
4,1199,2.0,4.19
425,4019,4.0,3.66
274,8917,2.5,4.09
599,7387,4.5,4.18
563,1033,3.5,3.63
506,64957,1.0,3.85
62,102123,4.0,2.89
274,35836,3.0,3.87
249,6503,3.0,2.65
560,51084,3.0,3.45
448,4993,4.0,4.41
339,6947,5.0,3.57
105,5445,3.5,3.9
328,69122,1.0,3.77
7,4896,4.0,3.78
534,1196,4.5,4.39
287,16,2.0,3.96
599,809,1.5,2.74
600,203,3.0,3.77
117,329,3.0,3.43
448,2153,1.0,2.67
270,786,3.0,3.19
414,4018,3.0,3.43
448,3173,3.0,3.21
298,1201,4.0,4.37
580,4878,4.0,4.13
284,21,3.0,3.46
316,5952,3.0,4.02
307,53129,4.5,4.31
149,1391,4.0,3.11
407,109374,3.5,3.77
95,1208,5.0,4.23
393,1214,3.0,3.91
594,5620,4.5,2.96
217,433,3.0,3.09
249,87869,4.0,4.07
313,380,5.0,3.65
396,3977,1.5,2.71
307,337,3.5,3.99
133,318,4.0,4.52
414,1396,4.0,3.37
561,329,3.5,3.42
453,3174,4.0,3.38
200,4571,4.0,3.7
497,2571,2.5,4.18
474,4903,3.5,3.37
608,5025,2.5,2.63
69,3863,3.0,3.05
260,3181,5.0,3.54
174,329,3.0,3.41
464,47,5.0,4.06
386,196,2.0,2.67
82,784,1.5,3.01
290,1136,4.0,4.27
153,266,0.5,3.29
232,6615,2.5,2.13
111,35836,3.5,3.61
504,5013,4.0,3.63
599,2683,3.5,3.26
274,318,4.5,4.59
365,79592,4.5,3.31
453,3986,4.0,2.27
226,5419,2.5,2.93
263,356,4.0,4.24
432,6870,3.0,3.77
342,1268,3.0,3.75
160,3858,5.0,0.0
561,2012,3.5,3.69
298,72998,3.0,3.91
160,366,1.0,3.21
524,707,3.0,3.02
555,2717,2.0,3.32
474,36517,4.0,3.98
368,2657,3.0,3.52
606,1220,4.5,3.98
42,4034,5.0,4.09
177,3489,5.0,3.67
434,5225,5.0,4.03
392,2858,4.0,4.04
380,122916,5.0,4.11
599,3298,2.0,3.82
298,106782,3.0,4.23
610,5481,3.5,3.16
307,4975,4.0,3.57
91,6620,3.5,4.34
68,8641,4.5,3.94
298,180,3.5,3.82
74,2594,4.5,3.63
520,1270,5.0,4.06
305,94018,4.0,0.0
523,47610,5.0,3.92
453,208,2.0,3.02
555,1033,4.0,3.58
249,95875,3.5,3.51
252,164179,5.0,4.04
303,3033,5.0,3.49
391,293,5.0,4.12
111,1566,3.5,3.45
284,333,4.0,3.8
414,37739,3.5,0.0
560,4270,3.5,3.04
304,1721,5.0,3.54
135,349,2.0,3.78
140,2763,4.0,3.79
182,2318,4.5,4.5
610,3362,5.0,3.9
448,111759,3.5,4.53
514,185,3.0,3.2
57,1047,4.0,3.26
105,134109,5.0,0.0
599,2334,2.5,2.79
427,5388,3.0,3.22
307,4373,3.0,0.0
89,128594,4.0,0.0
603,1296,4.0,4.51
606,55069,4.0,0.0
279,48774,4.5,4.19
1,2329,5.0,4.35
306,52973,2.0,3.8
68,1682,4.5,4.26
274,50872,3.5,4.33
151,648,3.0,3.53
318,31952,3.5,0.0
333,3623,2.0,2.73
483,1220,3.0,3.99
368,2001,3.0,3.29
19,153,2.0,3.07
253,1734,5.0,3.79
111,159093,4.5,3.81
266,1884,5.0,3.91
28,55080,2.5,0.0
103,6377,3.5,4.14
414,1591,3.0,2.48
520,880,3.0,2.81
606,916,4.5,4.15
610,8371,3.0,3.57
255,3157,1.0,2.75
115,2571,3.0,4.21
490,597,2.5,3.56
608,7377,3.5,0.0
274,6297,3.5,3.57
450,3972,5.0,4.25
68,4356,3.5,0.0
414,158,2.0,3.36
279,122920,3.0,3.84
352,97938,4.0,3.89
21,745,3.0,4.2
599,96079,3.5,4.05
19,2424,2.0,3.3
452,1210,4.0,4.28
275,2918,5.0,4.01
248,106487,3.0,3.42
414,34540,3.0,0.0
564,155509,2.0,0.0
42,485,3.0,3.25
474,36,5.0,3.77
606,44555,5.0,4.35
599,163,3.5,4.01
265,3831,4.0,3.81
28,3260,3.0,4.14
192,292,4.0,3.42
606,7046,3.5,3.01
139,68954,2.5,4.09
380,43936,4.0,3.2
432,72605,2.5,3.71
412,2770,5.0,2.87
198,4776,4.0,3.78
168,55820,4.5,3.91
380,5464,5.0,3.87
292,76093,4.0,4.0
474,7833,3.5,0.0
380,3986,3.0,2.28
527,34,5.0,3.65
46,10,3.0,3.45
477,69526,3.0,2.43
307,1474,1.5,2.58
221,3476,5.0,3.7
475,69526,4.0,2.44
45,5,3.0,3.11
387,1517,3.5,3.63
249,68237,4.0,4.35
541,303,3.0,3.01
58,317,3.0,3.23
231,593,4.0,4.16
21,586,2.5,2.99
56,733,4.0,3.76
434,4993,5.0,4.27
91,2651,1.0,0.0
298,105037,2.0,3.37
515,179819,4.0,3.33
462,7419,4.0,3.83
575,2581,4.0,2.94
570,48774,4.0,4.18
577,1262,5.0,4.31
453,3821,4.0,2.41
31,1265,2.0,3.96
606,8879,4.0,2.63
603,532,2.0,3.38
51,1373,5.0,2.47
368,288,3.0,3.41
381,4270,3.5,3.03
18,1196,4.0,4.4
380,98809,5.0,4.27
108,6022,1.0,0.0
216,671,2.0,3.59
269,74,5.0,3.67
122,1214,5.0,3.98
552,432,1.0,2.63
426,94959,2.0,4.14
318,60885,3.5,0.0
354,5956,4.0,3.66
393,68848,5.0,0.0
187,6934,2.0,3.26
137,955,3.0,4.14
111,45501,3.5,2.46
318,53574,4.0,0.0
266,2804,4.0,4.04
555,2985,4.0,3.6
372,920,3.0,3.61
372,1201,4.0,4.29
176,370,3.0,3.17
156,2202,4.0,4.66
46,110,5.0,4.07
122,6188,4.5,3.63
480,33672,2.0,3.33
249,858,4.5,4.48
84,272,5.0,3.6
410,3255,4.0,3.33
274,1208,4.0,4.37
232,5995,4.5,4.05
509,71745,2.5,2.66
414,53121,3.0,3.58
599,6484,2.5,3.37
561,1282,4.0,3.71
474,4321,3.0,3.58
316,2572,3.0,3.58
293,5313,2.0,2.18
45,3243,2.0,2.61
482,1527,5.0,3.79
413,6373,5.0,3.23
50,69122,1.0,3.71
177,3686,1.5,3.06
209,88125,4.5,3.68
85,1391,1.0,3.11
387,2762,2.5,4.11
563,107141,4.0,0.0
560,3147,4.0,4.33
474,9018,4.0,0.0
182,2232,4.5,3.47
84,586,3.0,2.96
202,2949,4.0,3.77
314,648,3.0,3.57
211,1835,3.5,3.59
326,86781,4.0,4.47
255,2907,4.0,3.98
601,80463,4.5,3.79
239,3275,5.0,4.26
177,1291,3.0,4.23
484,3556,1.5,3.94
597,2583,4.0,3.98
226,5582,2.5,2.87
104,6579,4.5,0.0
514,2571,4.0,4.27
394,480,3.0,3.71
57,3671,4.0,4.0
153,41285,0.5,3.63
590,1610,4.5,4.01
565,21,3.0,3.47
326,1193,4.5,4.21
221,2858,5.0,4.13
18,112852,4.5,4.44
288,4459,4.0,0.0
307,6705,2.5,0.0
62,4262,5.0,4.04
260,6370,4.5,3.48
201,1197,5.0,4.28
336,593,5.0,4.2
318,38061,3.5,4.35
274,4744,3.0,3.2
305,55765,5.0,4.11
532,707,4.0,3.0
447,434,4.0,3.12
391,3623,1.0,2.74
126,208,2.0,2.99
210,6934,4.5,3.24
483,4011,4.0,4.38
387,3489,2.5,3.69
368,1263,4.0,4.13
19,733,3.0,3.81
368,2366,4.0,3.71
264,329,4.5,3.39
218,345,4.0,3.67
93,1499,4.0,1.57
599,4161,2.0,3.58
469,2502,5.0,4.23
590,4027,4.0,3.87
608,1080,2.0,4.09
198,2640,3.0,3.76
143,500,3.0,3.45
58,153,3.0,3.01
580,8730,4.5,0.0
105,2843,5.0,3.49
438,7254,4.0,3.69
292,3984,5.0,3.42
572,838,4.0,3.64
160,3703,4.0,3.92
91,7387,5.0,4.08
349,231,2.0,3.04
50,96079,2.5,3.84
474,5608,3.0,4.07
89,142444,5.0,0.0
235,246,4.0,4.21
199,150,4.0,3.82
75,33493,0.5,3.41
603,2435,4.0,0.0
232,5218,3.5,3.92
111,48780,4.0,4.31
288,2429,3.0,4.0
566,10,3.0,3.46
104,4973,5.0,4.3
599,1484,3.0,0.0
201,1,5.0,3.94
369,4161,3.0,3.65
274,59369,4.0,3.81
219,53125,4.0,3.77
249,55577,2.5,3.57
446,288,4.0,3.4
79,1197,4.0,4.26
599,26590,2.0,0.0
226,33493,4.0,3.58
414,3861,4.0,3.31
553,5989,5.0,4.01
381,1196,3.5,4.41
182,3977,4.0,2.9
344,2712,4.0,3.4
311,1407,1.5,3.2
369,216,3.5,3.39
477,377,3.0,3.7
144,475,4.5,4.41
226,30825,3.5,3.15
599,8985,1.5,2.67
567,4993,3.0,4.21
288,52319,4.5,2.82
139,110102,2.5,3.93
573,58559,5.0,4.38
356,1089,5.0,4.33
232,3354,3.0,2.75
525,1259,4.0,4.06
111,8969,3.0,3.43
517,87483,2.0,3.22
232,7294,2.5,0.0
21,111362,3.5,3.99
432,1997,5.0,4.15
307,5556,2.0,0.0
600,5135,1.0,4.42
216,2946,4.0,3.32
266,260,4.0,4.29
448,43558,2.0,0.0
152,750,5.0,4.31
56,110,4.0,4.07
483,6893,3.5,4.1
4,3508,5.0,4.21
425,648,3.5,3.59
213,46723,4.0,3.46
385,1097,3.0,3.89
446,316,4.0,3.36
274,6242,3.0,3.68
170,266,4.0,3.3
103,785,3.5,3.6
123,89745,4.0,3.8
330,1573,0.5,3.47
272,6365,3.5,3.23
21,5378,4.0,3.43
99,296,5.0,4.22
599,59615,2.0,2.89
85,1683,3.0,4.89
41,1097,3.0,3.85
567,110102,3.5,4.05
303,1356,5.0,3.84
76,2918,3.0,3.91
334,5952,3.5,4.08
177,3362,2.0,3.9
247,79132,4.0,4.21
162,587,3.0,3.33
525,52975,4.0,3.74
599,6620,2.5,4.64
45,1213,5.0,4.39
596,4995,3.0,4.16
288,3702,2.0,4.0
387,3676,4.0,3.53
411,276,3.0,3.27
187,26776,4.5,3.72
313,750,5.0,4.36
330,3,3.0,3.39
610,34321,3.0,0.0
380,4975,3.0,3.84
480,2005,4.5,3.9
219,3979,1.5,2.82
391,1265,4.0,4.13
274,79057,3.5,3.9
195,2890,4.0,3.66
260,47,4.5,3.99
448,136800,1.5,0.0
140,5282,4.0,0.0
483,3753,3.5,3.7
264,1356,4.5,3.84
304,1372,5.0,3.33
39,3034,3.0,3.55
318,4369,2.5,3.27
387,44761,4.0,3.76
414,3037,4.0,4.24
393,7438,5.0,3.98
204,83601,0.5,0.0
216,3481,5.0,3.67
480,8641,4.5,3.82
387,1265,3.5,4.22
489,1201,4.0,4.34
409,2318,5.0,4.52
19,543,3.0,3.42
105,8917,1.5,3.91
20,2761,4.5,4.38
607,1036,5.0,3.89
380,2921,4.0,4.35
541,19,2.0,2.84
298,2924,3.0,4.35
274,5891,3.0,0.0
603,1237,4.0,4.39
489,8623,3.0,3.37
367,2695,2.0,0.0
560,1136,4.0,4.36
160,85,5.0,3.84
474,4487,2.0,2.76
387,1228,4.0,4.34
599,1371,3.0,3.19
202,1265,5.0,4.05
288,3769,3.0,0.0
462,3989,4.5,0.0
288,2405,3.0,2.93
356,34437,3.0,3.56
599,70,3.5,3.72
268,1271,3.0,3.43
594,1652,4.5,0.0
50,97938,2.0,3.78
423,1278,5.0,3.91
489,356,4.0,4.39
318,2495,4.5,4.24
561,8972,3.0,3.48
448,4203,2.0,3.58
353,367,3.0,3.23
104,2622,3.0,3.43
156,1207,4.0,4.26
382,3826,3.5,2.37
249,1240,4.0,4.15
6,6,4.0,3.99
606,5269,4.0,0.0
292,78893,3.5,1.75
80,1258,4.0,4.16
380,31804,2.0,0.0
122,2997,5.0,4.1
474,956,4.0,0.0
121,265,2.0,3.97
266,1097,2.0,3.89
249,91094,4.0,3.07
27,1276,4.0,4.29
292,97923,2.0,3.64
414,5843,2.0,3.06
111,47997,1.5,4.21
240,546,3.0,1.95
125,105213,4.5,2.97
560,5502,3.5,3.25
19,2263,2.0,2.51
606,1884,4.0,4.0
367,587,4.0,3.37
111,193,3.0,2.49
158,6383,3.0,2.73
597,2194,5.0,4.01
448,1573,3.0,3.63
19,3479,3.0,3.73
421,904,4.0,4.29
281,8361,3.0,3.14
82,4718,3.5,3.04
199,3578,4.0,4.02
288,2077,3.5,3.54
391,3994,1.0,3.6
226,1431,3.0,2.36
357,914,4.0,3.96
19,3409,2.0,2.88
181,317,3.0,3.23
234,1460,3.0,0.0
554,1282,1.0,3.71
484,1333,1.0,3.74
200,34321,3.0,0.0
461,480,0.5,3.7
603,1956,4.0,4.14
474,1717,4.0,3.19
448,160573,3.0,0.0
111,48385,2.5,3.34
108,509,5.0,3.63
448,761,3.0,3.18
288,30822,4.0,3.52
280,3753,4.5,3.52
19,2338,1.0,2.35
378,8961,4.0,3.8
315,902,4.0,3.89
414,3082,3.0,3.7
502,7236,4.5,0.0
68,3704,3.5,3.69
294,2041,2.0,0.0
50,923,4.0,4.04
256,8371,4.0,3.61
202,2116,3.0,3.35
590,3994,2.5,3.66
602,36,3.0,3.88
474,4704,3.0,0.0
448,2779,3.0,3.38
62,296,4.5,4.31
254,48394,4.5,3.84
414,30810,4.0,3.75
580,53996,5.0,3.32
267,1206,1.0,4.14
381,588,4.0,4.05
479,2243,5.0,3.47
125,91500,2.0,3.33
305,158238,3.5,4.11
599,98503,3.0,0.0
414,5322,4.0,0.0
448,4039,3.0,3.29
6,432,5.0,2.72
603,2949,4.0,3.81
382,68157,5.0,4.27
590,2694,1.5,3.29
229,475,4.0,4.42
104,3253,4.0,3.44
469,2526,3.0,0.0
600,4886,3.0,4.06
542,1246,5.0,4.1
199,7458,3.5,3.43
249,2392,2.0,2.52
373,21,1.0,3.45
509,118997,2.5,2.73
204,79008,3.5,0.0
182,8360,3.0,3.7
288,12,2.0,2.83
78,836,3.0,2.91
179,150,4.0,3.78
288,1220,3.5,4.0
221,4447,3.0,3.2
233,7153,4.0,4.19
380,6242,3.0,3.77
514,2114,4.0,3.39
301,539,3.5,3.6
318,72,4.5,3.09
219,3421,2.5,3.94
177,59315,3.5,3.94
282,2398,3.0,3.95
276,783,5.0,3.4
68,91630,3.0,4.07
103,3552,4.5,3.83
41,101525,3.0,0.0
62,4148,5.0,2.96
195,296,5.0,4.29
606,58,3.5,4.26
599,2418,2.0,3.03
380,355,2.0,2.43
105,26082,4.0,4.52
596,5445,3.5,3.81
474,5021,2.5,0.0
572,1356,4.0,3.87
18,180095,3.0,0.0
275,527,5.0,4.32
177,3087,1.0,3.47
590,1278,4.0,4.05
183,380,4.0,3.55
489,953,4.0,4.19
448,5945,3.5,3.44
246,757,4.0,0.0
352,1619,5.0,3.39
542,364,5.0,3.96
216,4036,3.0,3.22
464,3100,5.0,4.0
304,1686,5.0,0.0
113,3044,3.0,3.75
47,111921,3.5,3.26
232,78209,3.5,3.56
596,1527,3.5,3.82
275,1089,5.0,4.38
414,4378,4.0,3.98
606,8848,4.0,0.0
401,42734,1.5,0.0
422,4132,1.0,2.89
195,2028,3.0,4.14
490,78499,4.0,4.36
216,1256,3.0,4.08
274,5092,3.0,3.4
249,4989,3.5,2.99
382,2294,4.5,3.25
462,2871,4.0,3.83
573,52712,0.5,0.0
86,58559,4.5,4.23
453,830,2.0,3.5
476,165,3.0,3.66
354,344,2.5,2.97
474,7840,3.0,3.63
410,2145,4.0,3.16
580,7349,3.0,0.0
599,2306,1.5,3.08
275,593,5.0,4.29
156,5673,3.0,3.65
75,2529,1.5,3.8
232,33145,3.5,3.42
350,832,3.0,3.16
269,1047,3.0,3.23
381,53996,3.5,3.37
83,7254,3.5,3.48
587,32,5.0,3.98
606,6107,4.0,0.0
438,3510,4.0,3.64
393,51255,4.5,3.88
563,114601,3.5,0.0
561,1097,4.5,3.96
459,95510,3.0,3.07
370,2571,4.0,4.19
221,1265,4.0,4.09
599,360,2.5,2.5
438,1722,3.5,3.07
457,2959,5.0,4.25
430,3054,1.0,2.59
560,102407,3.0,3.5
419,1213,4.0,4.34
13,3513,3.0,3.1
101,3175,4.0,3.65
599,33725,3.5,0.0
448,113453,2.5,2.95
307,5265,2.5,3.34
307,26792,1.5,0.0
474,1682,4.5,4.21
298,3536,2.5,3.24
599,173291,3.0,3.36
226,2605,3.0,2.94
330,1527,4.0,3.82
304,1197,5.0,4.29
206,733,3.0,3.75
572,1610,5.0,3.84
474,7839,3.5,0.0
100,1197,3.5,4.27
19,637,2.0,3.5
232,3827,3.0,3.38
448,80126,2.5,2.81
230,45722,5.0,3.59
208,2840,2.0,3.09
354,3617,3.5,3.0
274,73321,3.5,3.75
82,5679,4.0,3.4
351,296,4.5,4.25
239,1961,4.5,3.89
328,1221,5.0,4.34
166,48394,3.0,3.86
520,5669,3.5,3.72
76,6016,3.0,4.15
322,1784,3.0,3.76
448,3511,3.0,0.0
474,4366,3.0,3.6
38,551,4.0,3.57
469,2331,3.0,0.0
555,2496,2.0,3.03
226,589,4.0,4.16
182,555,3.5,4.03
514,184931,4.0,0.0
365,104879,2.0,4.22
201,32,4.0,3.99
424,102903,1.5,3.43
103,2529,3.5,3.83
596,4025,3.5,3.21
339,1206,5.0,4.18
564,2011,4.0,3.53
561,90746,3.0,3.55
212,77561,3.0,3.72
460,2571,4.5,4.2
42,4007,5.0,3.95
414,1103,5.0,4.27
40,272,5.0,3.49
555,3257,3.0,3.23
143,60069,2.0,4.08
298,112852,4.0,4.49
448,2763,3.0,3.84
501,93,3.0,3.55
170,277,3.0,3.45
448,541,4.0,4.24
105,94959,4.0,4.4
307,2161,2.5,3.74
555,2134,4.0,3.22
122,1377,4.5,3.02
368,3726,3.0,3.7
301,5989,4.0,4.01
356,2395,3.5,3.51
231,1036,5.0,3.84
480,296,4.0,4.37
409,1278,4.0,3.97
42,3177,2.0,0.0
171,828,4.0,2.38
483,79242,4.0,0.0
480,34520,1.0,2.15
292,1580,4.0,3.67
1,673,3.0,3.02
419,46970,3.5,3.18
567,40491,5.0,0.0
287,1500,2.0,3.7
517,2054,1.5,2.92
610,4105,5.0,3.75
195,1961,4.0,3.85
464,784,1.5,3.02
610,54785,3.0,0.0
265,1527,4.0,3.79
370,1748,2.0,3.71
555,2722,2.0,2.56
298,81845,2.5,4.14
16,3108,4.0,3.98
77,1198,5.0,4.25
308,904,1.0,4.31
57,1416,3.0,3.58
590,1101,3.0,3.26
177,1527,2.5,3.82
380,2140,4.5,3.75
113,3504,4.0,3.8
483,4356,3.5,0.0
305,51935,4.0,4.05
534,53972,3.5,3.76
137,1204,5.0,4.32
600,1292,3.0,4.06
536,457,3.0,3.99
226,2628,2.5,3.31
580,1123,3.5,0.0
221,1997,4.0,4.15
7,5445,4.0,3.73
608,4343,4.0,3.24
15,3510,5.0,3.41
235,377,5.0,3.58
217,1100,2.0,2.54
452,608,5.0,4.17
603,307,4.0,3.84
528,2763,3.5,3.74
590,10,3.5,3.62
202,1960,3.0,3.66
380,33162,4.0,3.63
249,8361,3.5,3.64
572,904,5.0,4.35
253,2686,4.0,4.16
555,2748,1.0,0.0
156,7107,3.5,0.0
260,6385,3.0,4.14
309,2944,4.0,4.03
610,3114,5.0,4.06
414,2395,5.0,3.74
483,7124,3.5,0.0
318,8748,4.5,0.0
339,1233,4.5,4.36
563,1537,3.5,3.66
279,44191,4.0,3.96
135,1580,4.0,3.61
160,2769,5.0,3.03
318,71535,4.0,3.96
18,57669,4.0,4.24
64,4980,4.0,2.9
182,4350,4.0,0.0
312,2644,3.0,3.56
454,7361,3.5,4.3
288,2316,2.0,3.5
1,1282,5.0,3.74
352,1721,4.0,3.5
7,5816,4.5,3.62
608,2683,3.0,3.21
144,153,3.0,3.0
15,293,3.0,4.08
592,420,3.0,2.98
409,5060,4.0,4.07
417,79132,4.5,4.13
43,3,5.0,3.32
186,3114,4.0,3.97
62,40815,4.5,3.87
318,1274,5.0,3.58
590,4803,3.5,3.53
294,2699,1.0,2.9
318,4848,4.0,4.0
428,344,0.5,2.99
274,2124,2.0,3.77
226,1270,4.0,4.12
414,107,3.0,3.86
19,486,2.0,0.0
594,7017,5.0,2.83
555,1921,4.0,4.11
430,3793,4.0,3.68
497,112556,3.5,3.75
323,356,3.5,4.21
600,508,2.0,3.71
319,81845,4.0,4.13
453,1240,4.0,4.02
414,4012,3.0,2.88
474,2121,2.0,2.33
217,3020,2.0,3.82
357,588,4.5,3.98
599,91981,2.5,0.0
275,474,4.0,3.98
212,122916,4.5,3.85
469,89,4.0,3.36
357,1704,5.0,4.22
227,31410,4.0,4.24
414,5447,3.0,0.0
432,2431,4.5,3.44
560,7323,4.0,4.04
568,3148,4.5,3.6
370,1259,3.5,3.94
103,8641,4.0,3.78
167,5952,4.5,4.08
347,435,3.0,2.46
67,1036,4.0,3.84
545,2605,5.0,2.9
240,316,4.0,3.4
156,1251,5.0,3.94
18,1291,4.0,4.23
298,5445,3.0,3.88
365,152091,3.0,0.0
597,2414,4.0,3.21
483,8368,5.0,3.99
298,57951,0.5,0.0
307,3594,0.5,3.96
606,7327,3.5,3.69
600,3000,4.0,4.09
113,3824,2.0,2.56
288,8807,3.5,3.68
28,475,4.0,4.45
274,43917,2.0,0.0
580,8371,5.0,3.6
493,1240,4.0,3.94
317,79293,3.0,2.95
489,253,4.0,3.54
558,1798,3.0,0.0
413,51662,5.0,3.6
354,2115,3.5,3.65
111,135137,4.0,2.34
227,589,3.5,4.01
287,586,1.5,2.93
300,2324,5.0,4.05
77,33794,5.0,3.88
354,2006,3.5,3.15
381,3753,4.0,3.63
233,1721,3.5,3.48
534,8644,3.5,3.66
182,2959,5.0,4.32
370,7090,4.5,3.82
141,4993,4.0,4.23
498,185,3.0,3.16
104,1391,3.0,3.14
488,1080,4.5,4.08
587,3468,3.0,4.39
180,3552,4.0,3.73
130,434,3.0,3.05
599,357,2.5,3.8
599,8798,3.0,3.85
567,160980,2.0,3.21
169,1663,4.0,3.88
18,85414,3.5,3.69
596,45499,1.5,3.49
4,1086,5.0,4.01
318,80906,4.0,4.26
184,91529,4.0,4.07
509,1265,3.0,4.06
307,54272,4.5,3.69
226,1220,4.0,3.96
24,111759,3.5,4.13
462,1094,2.0,3.54
381,6754,3.0,3.65
560,589,3.0,4.14
64,1762,4.0,1.59
292,87222,3.0,3.68
462,4605,2.0,4.57
122,39183,5.0,3.59
579,34,3.0,3.65
232,36533,1.5,0.0
357,68954,3.5,4.14
288,3054,2.0,2.74
19,2140,4.0,3.61
600,59725,2.5,2.43
19,3692,3.0,0.0
357,53024,4.5,3.7
119,6378,4.5,3.85
273,345,5.0,3.7
428,9,2.0,3.14
64,5299,4.5,3.26
474,6368,3.5,4.13
607,1079,3.0,3.97
606,39715,1.0,2.25
484,3034,4.5,3.59
58,367,4.0,3.25
177,2085,5.0,3.48
603,1549,4.0,0.0
40,48,2.0,3.2
387,432,0.5,2.75
119,51077,3.5,2.52
136,293,1.0,4.06
596,80549,3.5,3.91
91,5479,4.0,3.05
503,68157,4.5,4.12
477,741,4.5,4.25
462,34542,3.5,3.61
525,8917,3.0,3.84
249,94959,5.0,4.46
57,1371,2.0,3.06
387,1125,4.0,3.84
274,2795,3.5,3.87
103,616,3.5,3.39
477,2502,4.5,4.24
182,1275,3.5,4.18
456,135,3.0,3.06
414,58103,3.5,3.73
477,5673,4.5,3.75
599,1426,1.0,0.0
599,6341,2.5,3.04
469,2078,5.0,3.89
318,4226,4.0,4.35
600,1299,1.0,4.08
114,1210,3.5,4.2
471,8636,2.5,3.79
596,2692,4.0,3.98
387,1653,3.5,4.17
140,34334,2.5,2.25
391,866,5.0,4.06
113,1339,4.0,3.38
63,81229,4.0,3.51
50,54272,2.5,3.57
298,58559,3.5,4.47
483,1196,4.5,4.46
599,464,2.0,2.94
167,750,2.0,4.31
541,535,1.0,3.33
6,596,3.0,3.43
210,50872,4.0,4.0
477,6874,3.5,3.91
448,109853,2.0,0.0
105,48385,4.5,3.41
312,5433,3.0,2.44
298,3421,3.0,3.96
307,1973,2.0,0.0
434,4878,5.0,4.11
484,1593,4.0,2.26
266,1500,3.0,3.71
226,2953,3.0,2.82
74,4034,3.5,4.01
256,7361,5.0,4.36
219,588,4.5,3.99
610,107069,3.5,0.0
427,5081,4.0,2.34
64,6377,5.0,4.16
452,2989,4.0,3.51
480,8807,0.5,3.8
229,225,4.0,3.56
21,119155,3.5,3.6
573,6281,4.5,3.02
552,708,3.5,3.36
597,417,4.0,3.52
294,852,3.0,3.13
414,3949,4.0,4.37
356,4642,5.0,3.76
89,955,3.0,4.13
607,3105,4.0,3.88
561,8528,3.0,3.86
169,1345,3.5,3.17
599,47793,2.5,0.0
558,5387,5.0,0.0
288,2300,3.5,3.97
109,76,3.0,3.25
352,71535,5.0,3.89
561,53322,3.0,3.9
474,8235,5.0,0.0
217,2622,3.0,3.51
387,6283,3.5,4.01
167,2413,4.0,3.39
4,2599,5.0,3.73
436,466,2.0,3.04
274,6264,3.0,2.31
288,5428,1.0,1.35
119,52722,3.5,3.12
307,3863,1.5,3.09
202,1209,5.0,4.04
484,4989,4.0,2.72
414,427,3.0,1.4
561,4571,4.0,3.77
50,97225,2.0,3.49
325,2117,4.0,3.96
233,6934,2.5,3.22
603,3374,4.0,0.0
212,86644,3.0,3.98
205,260,4.5,4.23
325,1219,5.0,4.08
571,2901,2.0,3.03
186,2683,3.0,3.14
448,2942,2.0,2.87
105,81564,3.0,4.07
387,8266,3.5,0.0
610,5577,4.0,4.11
21,8665,4.0,4.01
105,3081,4.0,3.64
274,30707,4.0,3.92
53,1982,5.0,3.63
68,44709,4.0,3.7
527,2918,4.0,3.94
599,5015,2.5,3.63
265,1246,3.0,4.1
563,50802,2.5,0.0
448,56251,3.0,4.22
570,356,4.0,4.28
599,3461,2.0,2.8
275,4223,4.0,3.83
603,1304,4.0,4.1
393,3623,3.0,2.74
495,134130,5.0,4.01
393,59369,0.5,3.72
448,457,4.0,4.2
606,53125,2.0,3.8
479,4519,4.0,3.17
501,6,3.0,3.91
414,177593,4.5,0.0
307,2109,3.0,3.36
380,98961,4.0,4.49
98,608,4.0,4.15
40,265,5.0,3.98
548,7458,4.5,3.4
292,1499,1.0,1.58
474,7052,3.0,0.0
381,6539,3.5,4.06
187,1206,4.0,4.18
275,903,5.0,4.13
414,344,2.0,2.99
580,3551,2.5,3.53
226,4161,3.0,3.65
310,7261,3.5,1.52
202,469,2.0,0.0
89,161131,2.5,3.85
199,5673,4.5,3.66
489,4700,2.0,3.34
599,4394,1.5,0.0
265,2094,3.0,3.34
328,91658,1.0,3.31
597,235,4.0,3.76
182,5618,4.5,4.26
297,47,4.0,3.97
586,1645,3.5,3.41
219,54995,4.5,3.96
122,6377,4.5,4.11
84,900,4.0,0.0
610,80846,3.0,0.0
462,2866,3.5,3.2
18,1207,4.5,4.26
389,5,4.0,3.02
221,2710,3.5,3.08
434,5618,5.0,4.23
315,1276,4.0,4.27
376,2797,4.0,3.75
298,5816,3.0,3.62
84,597,3.0,3.63
608,5956,4.0,3.76
63,500,3.0,3.48
477,45730,3.0,2.56
599,2600,2.5,3.88
177,7445,3.0,3.98
20,4993,5.0,4.21
105,527,3.5,4.39
24,1653,3.0,4.01
514,1130,3.5,0.0
610,113159,3.5,0.0
356,1148,5.0,4.12
606,8983,4.0,3.59
305,899,4.5,4.36
115,2394,3.0,3.47
560,102194,4.0,0.0
182,2505,3.5,3.53
483,1042,3.0,3.61
318,116823,2.5,4.02
64,3176,3.5,3.45
4,4881,3.0,3.96
111,53460,3.5,3.55
200,8910,3.5,3.62
308,1148,1.0,4.07
266,2064,5.0,3.85
66,2700,5.0,4.13
368,2410,2.0,2.81
452,4299,4.0,3.63
475,4366,4.5,3.38
438,7445,4.0,3.98
567,151315,0.5,2.78
434,1200,5.0,4.02
312,3703,5.0,3.92
91,1242,4.0,4.25
79,1189,5.0,3.97
42,4153,3.0,2.75
44,66,3.0,2.11
288,2529,5.0,3.87
339,319,5.0,3.32
318,64969,3.5,3.93
605,2759,4.0,3.81
68,2804,2.0,4.11
222,1201,3.5,4.29
216,1171,4.0,3.23
414,838,3.0,4.13
19,260,4.0,4.27
43,236,3.0,3.5
606,45517,3.5,3.39
489,1997,3.5,4.13
480,5313,2.5,2.42
472,4226,1.0,4.12
527,920,3.0,3.57
422,2581,3.0,2.96
259,4963,4.0,3.99
288,3525,1.0,0.0
490,44191,3.5,3.93
138,849,4.5,2.77
500,745,1.0,4.16
200,1,3.5,4.04
546,480,4.0,3.69
561,47,4.5,4.18
414,6170,3.0,3.97
331,2712,4.0,3.4
263,2683,1.0,3.14
68,3298,4.0,3.87
47,5108,4.0,2.88
517,953,4.5,4.15
610,4848,5.0,3.97
132,32,3.0,4.02
377,3648,4.0,0.0
92,1367,3.0,3.12
135,4022,4.0,3.73
460,89039,4.5,0.0
610,3328,5.0,4.14
464,7458,5.0,3.41
484,8641,4.0,3.75
232,67087,4.0,3.83
224,2028,5.0,4.12
367,4447,5.0,3.25
265,1784,4.0,3.76
302,480,5.0,3.71
226,4239,4.0,4.0
73,91500,4.0,3.4
555,3550,4.0,3.66
339,165549,4.0,2.63
215,2959,4.5,4.27
129,2890,4.5,3.63
62,3252,4.5,3.65
200,58559,5.0,4.33
460,7153,5.0,4.18
125,4022,3.5,3.79
177,8807,2.0,3.85
182,4299,3.5,3.7
177,6887,4.0,4.31
596,2791,3.5,3.91
198,2858,5.0,4.09
68,7,2.0,3.24
414,6807,4.0,4.23
177,60161,3.0,3.49
414,8908,3.0,3.38
5,318,3.0,4.52
564,103883,4.5,0.0
363,2396,3.0,3.8
48,1320,4.0,3.11
157,1961,4.0,3.8
254,1721,3.5,3.5
282,4027,4.0,3.79
232,5463,3.0,2.91
89,79684,4.0,0.0
318,92422,4.0,0.0
380,166946,4.0,0.0
414,1466,3.0,4.42
520,468,3.5,3.35
274,2716,3.5,3.89
217,1831,3.0,2.53
387,47610,3.5,4.0
372,1366,5.0,0.0
217,2302,4.0,3.34
182,2989,4.0,3.57
414,5081,3.0,2.85
89,90717,4.5,3.22
274,60756,3.0,3.76
606,7579,5.0,0.0
453,3968,4.0,3.15
219,65,1.0,2.75
41,8949,4.0,3.66
600,662,1.0,2.47
265,3733,4.0,0.0
610,5323,2.0,0.91
427,376,2.5,3.22
458,1006,4.0,0.0
268,1394,5.0,4.2
480,33164,0.5,0.0
61,6796,4.0,3.72
482,1784,3.0,3.76
66,7766,4.0,0.0
313,1885,5.0,3.28
249,2949,4.0,3.82
59,3448,5.0,3.61
405,2105,4.0,3.4
68,94959,3.5,4.47
76,608,4.0,4.15
599,437,1.5,2.37
372,541,4.0,4.16
434,1779,1.5,2.94
387,3911,3.0,3.88
477,2019,4.5,4.37
176,457,5.0,3.98
91,2598,3.0,2.85
381,34405,3.5,4.11
607,1918,4.0,2.83
605,837,3.0,3.54
21,3869,4.0,3.31
363,7153,3.0,4.12
264,1917,3.5,2.86
182,4865,2.5,3.94
215,6155,5.0,3.3
298,106916,3.5,3.33
380,176371,4.0,3.83
432,7160,4.0,3.3
20,2687,4.5,3.47
307,2915,2.5,3.64
200,53125,4.0,3.79
249,33615,3.5,3.57
411,275,1.0,0.0
82,1372,3.5,3.3
610,80094,4.0,0.0
27,2407,4.0,3.22
574,153,3.0,2.96
282,1265,4.5,4.07
160,480,2.0,3.79
380,2278,3.0,3.96
125,27788,4.0,3.4
375,2431,4.5,3.41
109,1015,3.0,3.04
50,2164,1.0,0.0
489,1339,5.0,3.38
71,1544,3.0,2.72
590,3438,3.0,2.88
297,1092,3.0,3.32
361,32019,4.0,2.52
249,109042,2.5,0.0
249,2722,2.5,2.65
387,2084,2.0,1.96
600,377,2.0,3.68
216,1028,4.0,3.76
534,114180,2.5,3.14
182,3993,3.5,3.19
136,296,1.0,4.23
489,30793,2.5,3.07
483,33794,4.0,4.13
318,81537,3.5,2.71
68,82167,2.0,3.71
335,3671,4.5,3.91
414,34319,3.5,4.19
377,2641,3.0,3.15
600,2273,1.0,3.58
425,32,4.0,4.05
303,589,5.0,4.03
420,6807,4.5,4.06
414,3747,3.0,0.0
56,19,5.0,2.84
474,2134,3.0,3.2
156,2946,3.0,3.29
20,1688,4.5,3.3
603,346,4.0,3.59
78,1831,1.0,2.37
7,5464,3.0,3.49
156,1711,3.0,3.22
217,1375,4.0,3.37
563,4246,3.0,3.76
5,36,4.0,3.86
606,3067,4.5,4.47
298,750,3.0,4.44
301,8961,4.0,3.82
419,2722,4.5,2.46
573,48385,5.0,3.35
380,2402,4.0,3.38
198,4808,2.0,2.77
105,36529,4.0,3.99
223,1198,3.5,4.26
448,608,4.0,4.39
525,148667,3.5,0.0
121,22,3.0,3.16
603,1100,1.0,2.48
580,6879,3.0,3.45
167,593,2.5,4.23
294,1707,1.0,2.69
484,1345,1.0,3.24
328,6936,5.0,3.7
414,87430,2.0,2.31
79,1218,5.0,3.5
249,71530,3.0,3.78
160,6,2.0,3.95
64,1387,5.0,4.17
599,2723,2.0,3.31
223,8961,4.5,3.81
28,52042,2.5,0.0
21,135887,4.5,2.8
160,748,4.0,2.87
610,59315,4.0,4.1
477,33794,4.0,4.11
84,165,3.0,3.7
424,78349,3.5,4.0
217,2944,4.0,4.2
462,4977,3.5,0.0
82,2028,3.5,4.16
600,47,4.0,4.14
86,1835,4.0,3.58
474,5073,3.0,0.0
362,5349,4.0,3.56
414,3654,4.0,4.56
523,57504,5.0,4.31
6,575,3.0,2.63
420,54272,3.5,3.59
339,3949,3.5,4.09
448,5010,4.0,4.02
440,1921,3.5,4.02
318,110102,3.5,4.07
236,2502,4.0,4.13
525,33794,3.0,4.09
579,2394,3.0,3.47
43,587,5.0,3.39
50,116797,2.5,4.09
608,6541,4.5,2.9
312,2003,5.0,3.34
68,48394,4.5,4.06
84,235,3.0,3.78
161,1,4.0,3.89
216,2973,4.0,3.94
36,1090,2.5,4.03
479,3552,4.0,3.78
414,4312,4.0,0.0
48,1580,5.0,3.55
66,1517,4.0,3.54
247,4306,3.5,3.96
297,225,3.0,3.55
137,1198,4.5,4.28
128,110,5.0,4.05
18,4239,4.0,4.03
599,5139,1.5,3.35
249,6482,3.0,1.98
298,3210,3.0,3.51
448,4866,3.5,2.98
387,3865,3.0,3.61
288,4535,2.0,3.91
573,88744,4.5,3.38
474,1371,2.0,3.02
480,1207,4.0,4.34
273,1,5.0,3.9
282,7438,3.5,4.02
187,31410,5.0,4.26
216,4005,2.0,3.47
480,1,3.0,4.19
610,148626,4.0,4.04
64,3421,4.5,3.96
330,1380,3.5,3.39
483,3471,2.5,4.04
232,4386,3.0,2.49
308,527,1.0,4.23
68,1784,4.0,3.96
187,27865,2.0,0.0
68,45499,2.0,3.68
480,592,4.5,3.66
265,1721,4.0,3.5
339,85342,4.0,4.53
419,8493,1.5,0.0
606,2355,3.0,3.67
599,4388,1.5,2.9
441,7438,5.0,3.94
438,6874,4.5,3.85
229,454,4.0,3.62
357,2421,3.5,2.56
438,33166,4.5,4.08
580,442,3.0,3.11
13,305,1.0,0.0
391,5339,4.0,4.19
166,8636,5.0,3.84
422,3968,2.0,3.12
263,2692,3.5,4.0
514,185585,3.0,0.0
187,380,2.0,3.57
205,99114,4.5,3.92
606,3723,3.5,3.61
50,1198,3.5,4.28
149,1882,1.0,2.16
111,3301,4.0,3.68
587,1193,5.0,4.22
82,1291,4.5,4.19
448,3536,4.0,3.21
561,2302,3.0,3.34
447,266,5.0,3.31
28,59387,2.0,0.0
480,4865,4.5,3.91
74,46976,4.0,3.48
45,2762,5.0,3.98
358,55052,5.0,3.66
113,1997,4.0,4.15
414,552,3.0,4.05
298,53993,0.5,2.75
318,1136,3.5,4.4
414,40278,4.0,3.77
495,69526,1.0,2.43
484,1717,3.5,3.03
294,2078,4.0,3.87
474,34437,4.0,3.73
321,253,3.0,3.46
352,53125,4.0,3.72
19,474,3.0,3.95
414,5449,1.5,3.01
590,3,3.0,3.45
483,85414,3.0,3.71
323,112290,3.5,3.98
351,88163,4.5,4.1
356,8949,4.0,3.69
288,2040,3.0,2.73
524,541,5.0,4.14
561,5673,3.5,3.76
573,2720,0.5,1.98
298,6959,0.5,2.83
97,5109,4.0,0.0
42,349,4.0,3.87
332,2130,4.0,3.36
119,66511,5.0,0.0
608,180,2.5,3.91
456,1060,4.0,3.68
368,3984,3.0,3.39
133,589,3.0,4.0
474,1323,2.0,0.0
232,45501,3.0,2.42
474,5450,4.0,3.8
21,88140,3.5,3.81
274,68954,3.5,4.38
261,1240,4.0,3.9
253,1192,4.0,0.0
202,3271,4.0,3.91
181,45,3.0,3.25
171,475,4.0,4.43
260,1258,3.5,4.17
479,247,3.0,4.04
232,3646,2.5,2.05
380,849,3.0,2.9
534,551,4.0,3.66
182,4378,3.5,3.82
356,3481,4.0,3.73
326,64614,3.5,4.14
525,2396,4.0,3.86
64,30707,3.5,3.98
226,4776,3.0,3.85
274,60979,2.5,0.0
474,27882,4.0,3.69
339,1748,4.5,3.72
305,134130,3.0,4.06
599,3972,3.0,4.08
610,3825,1.5,2.96
573,2761,5.0,4.38
21,122922,4.0,3.93
131,3363,3.5,3.9
487,4995,3.0,4.03
373,11,2.0,3.7
377,8610,1.5,0.0
274,7160,4.0,3.27
474,2615,3.0,2.89
6,710,3.0,2.54
599,4719,1.5,0.0
132,7773,4.0,0.0
603,900,4.0,0.0
477,2297,4.0,3.59
371,2395,5.0,3.43
414,2891,3.0,0.0
318,106489,3.5,3.62
490,308,4.0,3.6
452,1732,5.0,3.97
414,261,4.0,4.09
599,2088,1.5,2.63
68,4969,3.0,4.13
19,818,4.0,3.23
306,50872,3.5,3.98
541,288,1.0,3.41
125,86332,3.0,3.68
608,377,2.5,3.74
318,1273,4.0,3.97
122,112515,4.5,0.0
187,1209,5.0,4.01
239,1246,4.0,4.18
286,593,4.0,4.2
596,55844,3.5,0.0
414,111364,3.0,2.73
274,69275,4.0,0.0
590,72998,3.5,3.81
483,1029,2.0,3.58
68,1722,4.0,3.15
318,3262,3.0,3.42
181,157,2.0,3.43
606,4285,4.0,2.01
346,8638,4.0,4.22
57,1370,2.0,3.6
51,327,1.5,2.97
377,2792,4.5,2.78
555,2367,3.0,2.24
298,1291,4.0,4.25
169,5103,4.0,3.5
178,1198,4.0,4.28
587,1641,4.0,3.73
599,994,3.0,4.4
217,2463,3.0,3.5
603,4780,2.0,0.0
380,379,3.0,2.57
274,7701,3.0,0.0
477,441,4.0,3.94
318,58998,3.0,4.23
407,54286,3.5,3.63
200,57640,4.0,3.81
474,6412,3.5,0.0
103,74698,2.0,0.0
538,520,5.0,3.03
110,27773,4.0,4.04
332,2739,4.0,3.87
594,2628,4.0,3.27
202,589,5.0,4.12
521,733,4.0,3.76
275,1247,5.0,4.03
414,7149,2.0,3.44
414,142509,3.0,0.0
89,73160,2.5,0.0
62,6564,3.5,3.21
274,1921,3.5,4.19
244,647,1.0,3.48
428,5989,3.0,4.03
137,1207,3.0,4.21
7,8870,3.5,2.25
354,10,3.5,3.52
247,5445,4.0,3.74
448,671,5.0,3.79
474,7141,4.0,0.0
51,2797,5.0,3.8
233,187593,2.5,4.79
474,49957,3.0,0.0
217,2150,3.0,3.92
64,1320,3.0,3.2
217,38,2.0,2.22
222,784,2.5,3.02
592,10,3.0,3.48
608,1136,3.0,4.4
446,39,3.0,3.41
603,2271,3.0,0.0
140,1035,5.0,4.22
294,2643,1.0,1.75
17,6350,5.0,4.15
599,1845,2.5,4.28
446,586,3.0,2.91
471,6333,2.5,3.64
249,2231,3.5,3.82
140,1687,3.0,3.48
59,1222,5.0,4.1
356,5418,3.5,3.81
198,1393,5.0,3.55
304,1375,5.0,3.31
432,4992,3.5,2.78
111,96616,4.0,1.54
366,33794,4.0,3.89
551,135569,4.5,3.47
599,7782,1.5,0.0
21,5218,4.0,3.87
474,4191,4.0,2.85
168,923,5.0,4.05
483,1172,5.0,3.87
499,1220,5.0,3.85
555,489,2.0,0.0
528,55721,5.0,4.18
338,5952,3.0,4.02
470,597,4.0,3.58
186,953,5.0,4.14
136,328,2.0,3.14
495,3755,3.5,2.86
594,2762,4.0,3.93
597,610,4.0,3.65
140,2194,4.0,4.01
474,3466,3.0,3.61
153,88810,4.0,3.95
280,33166,4.5,4.08
343,52952,4.0,4.11
561,3526,3.0,3.95
199,497,3.0,3.84
312,2004,4.0,3.19
305,94478,1.5,2.76
356,3852,5.0,3.0
580,5481,3.5,2.92
610,7307,3.5,0.0
603,1957,4.0,4.15
448,103228,1.0,4.33
140,2019,4.0,4.39
90,1414,4.0,2.81
246,4886,4.5,3.99
122,86833,5.0,3.95
600,2798,2.5,1.44
239,59315,4.5,3.89
198,4019,4.0,3.6
274,330,4.0,0.0
89,121007,4.0,0.0
590,4643,2.5,2.8
74,52967,4.5,3.47
448,79428,1.5,3.72
356,61024,4.0,3.87
103,96728,4.0,3.73
51,5672,0.5,0.0
117,227,3.0,3.1
318,7153,3.5,4.35
222,2,2.5,3.45
328,589,1.0,4.07
380,5574,4.0,3.55
177,1394,2.0,4.34
414,2302,5.0,3.63
432,48696,3.0,4.35
249,67197,3.0,2.77
4,904,4.0,4.33
182,2694,2.5,3.31
359,4306,5.0,3.91
597,1197,5.0,4.29
122,1263,5.0,4.07
274,69844,3.5,4.02
73,86880,3.5,3.49
559,174,1.0,2.7
390,6890,3.5,0.0
307,1405,2.0,2.78
393,54286,5.0,3.69
279,107406,3.0,3.58
528,1704,5.0,4.06
520,3462,4.0,3.78
139,7153,4.0,4.17
332,480,3.5,3.76
258,2959,5.0,4.26
97,4386,4.0,2.32
486,266,5.0,3.31
6,775,3.0,0.0
466,8665,4.0,3.95
132,837,3.0,3.54
474,5291,4.0,3.98
414,104841,5.0,4.27
28,3578,4.0,4.08
199,2391,3.5,3.68
608,4719,3.5,0.0
82,3753,4.0,3.56
156,1639,3.5,3.71
51,5568,4.0,3.18
294,810,1.0,2.29
594,3948,4.5,3.54
528,63876,1.5,3.64
68,3476,2.0,3.7
103,72998,3.0,3.79
165,5418,4.0,3.76
599,3275,3.0,4.46
199,509,3.0,3.67
160,4343,2.0,3.14
387,4563,1.5,0.0
290,235,4.0,3.77
590,11,3.0,3.82
357,2863,4.0,3.56
256,3247,4.5,3.11
111,74275,2.5,0.0
399,2194,5.0,3.86
386,377,3.0,3.56
247,953,2.0,4.12
89,128366,4.0,0.0
606,948,3.5,0.0
19,2478,2.0,3.12
267,110,4.0,4.08
227,63082,4.5,3.88
20,3398,5.0,3.41
331,106489,4.0,3.51
239,1625,4.5,3.77
227,109374,5.0,3.79
555,1036,4.0,3.93
428,3671,3.0,3.95
408,6708,3.5,3.75
89,56587,2.5,3.5
556,118997,4.0,2.57
266,2353,3.0,3.37
313,2710,5.0,3.05
74,7889,4.0,0.0
599,6587,1.5,0.0
599,51255,3.0,4.32
503,608,4.0,4.16
23,1258,5.0,4.16
23,913,4.0,4.2
555,1197,5.0,4.27
387,27266,4.0,4.12
483,1882,1.5,2.31
554,907,4.0,0.0
352,3409,4.0,2.95
469,1299,4.0,4.12
524,553,4.0,3.9
603,3224,5.0,0.0
476,531,4.0,3.12
43,95,4.0,2.9
385,1303,5.0,4.04
24,91542,3.5,3.75
51,924,5.0,3.9
70,3730,4.5,4.03
201,2683,5.0,3.13
603,602,4.0,0.0
599,27156,4.5,4.88
601,50872,5.0,3.99
307,2169,1.5,2.76
80,8861,4.0,3.32
292,5418,4.5,3.85
305,3566,3.0,3.59
448,102033,3.0,3.61
608,1625,4.0,3.84
348,50,5.0,4.28
160,3751,5.0,3.63
57,316,3.0,3.46
474,3247,2.0,3.48
414,2193,5.0,3.62
394,588,2.0,3.81
599,4506,3.0,3.46
489,4299,0.5,3.67
414,163,4.0,4.14
119,44,3.0,2.4
608,3471,2.5,4.06
573,2617,5.0,3.11
282,111,4.0,4.25
288,765,2.0,2.96
42,2918,4.0,4.01
466,3409,4.0,2.91
286,2706,1.5,3.35
42,708,4.0,3.45
474,3038,4.0,4.64
85,1747,4.0,3.34
128,943,4.0,4.13
489,2003,3.5,3.39
182,3114,4.0,3.99
262,440,2.0,3.6
326,55276,1.5,4.08
387,7993,2.5,0.0
524,1246,3.0,4.09
413,4299,5.0,3.6
254,593,4.0,4.24
177,253,4.0,3.52
83,2858,3.5,4.06
122,51255,5.0,4.0
510,4262,3.5,3.96
357,74458,4.0,4.26
190,6708,4.0,3.77
126,161,3.0,3.74
599,333,2.5,3.91
287,7649,0.5,3.36
562,97921,4.5,3.96
599,59129,1.5,0.0
414,43556,3.0,0.0
495,106916,4.5,3.24
414,2371,4.0,3.45
139,3624,2.5,3.25
489,21,2.5,3.43
47,500,1.0,3.45
334,26776,4.0,3.65
103,87222,3.0,3.63
425,2023,3.5,3.39
380,36519,3.0,3.53
348,858,5.0,4.29
601,6016,4.0,4.16
312,5956,5.0,3.62
474,3609,3.5,0.0
294,2918,4.0,3.97
367,1996,3.0,0.0
380,87232,5.0,4.21
552,2428,1.5,2.6
599,23,1.0,2.61
256,6373,4.0,3.29
561,2413,4.0,3.5
89,7293,2.0,3.63
96,1,5.0,3.92
45,3565,4.0,3.49
140,3948,2.5,3.57
332,4973,4.0,4.33
226,30793,4.0,3.05
552,368,3.0,3.51
608,357,3.0,3.63
420,6104,4.0,4.22
84,932,4.0,3.43
414,6598,3.5,0.0
489,2529,4.0,3.81
153,143969,3.0,0.0
599,81845,3.0,4.16
10,60397,3.0,2.96
64,1644,2.5,2.21
187,5146,4.0,2.98
438,356,4.0,4.39
559,265,5.0,3.99
491,2671,4.0,3.34
332,7361,3.5,4.32
89,52973,2.0,3.83
560,143859,3.5,2.79
47,166643,3.0,3.88
552,2194,4.0,3.89
414,7,3.0,3.43
4,1203,5.0,4.11
89,4015,2.0,3.04
411,355,3.0,2.4
497,5952,2.0,4.04
465,1210,4.0,4.24
304,780,4.0,3.53
490,91658,3.5,3.3
338,318,5.0,4.52
307,141,2.5,3.59
200,7293,5.0,3.62
305,89470,3.0,3.65
298,3868,3.0,3.48
610,7202,3.0,0.0
351,3949,5.0,3.97
316,3409,3.0,2.82
177,1962,4.5,3.78
23,1274,4.0,3.59
572,1056,2.0,0.0
558,5152,4.0,3.46
249,2389,2.5,1.66
177,86880,3.5,3.73
219,455,2.5,2.52
489,1346,1.0,3.37
448,1856,4.0,0.0
368,1918,1.0,2.79
587,1747,1.0,3.37
368,459,3.0,2.26
448,105954,3.0,4.35
597,2947,4.0,3.99
217,2567,2.0,3.1
610,3616,2.0,3.36
534,63113,3.5,3.76
298,1232,3.5,3.61
590,1234,4.0,4.27
169,3594,5.0,4.04
186,3927,4.0,2.49
52,56801,3.0,2.5
339,5502,4.5,3.27
357,708,3.0,3.41
610,3896,4.5,3.38
487,112552,3.0,4.09
430,4447,3.0,3.19
91,2599,2.5,3.77
105,6383,3.0,2.74
318,1147,4.0,3.68
91,161,3.5,3.91
590,2959,3.5,4.27
144,1,3.5,3.96
363,1917,2.0,2.85
432,165,2.0,3.68
210,113378,4.5,2.14
448,129937,2.0,2.53
610,2959,5.0,4.37
356,1784,4.0,3.83
464,90384,2.0,0.0
100,2125,4.5,3.67
33,2396,4.0,3.83
105,60684,3.5,4.12
326,4993,4.0,4.21
83,7099,3.0,4.16
288,249,4.0,3.27
441,2959,4.5,4.27
119,116797,5.0,4.18
274,765,3.0,3.06
603,2318,4.0,4.51
132,5218,3.5,3.78
41,81845,3.0,4.18
307,1324,0.5,0.0
319,122904,3.5,4.07
282,2683,4.0,3.19
288,2496,4.0,2.98
222,97921,2.5,3.93
182,1649,3.5,2.05
480,32019,0.5,2.54
317,3160,4.0,3.72
479,5460,4.0,0.0
328,88125,4.0,3.75
298,4980,3.0,2.92
178,5952,4.0,4.05
246,5618,5.0,4.23
226,7347,3.0,3.52
182,5791,4.5,3.86
20,5364,4.0,3.51
66,5548,4.5,0.0
177,40819,5.0,3.94
249,59784,4.0,3.79
274,45722,3.0,3.77
448,6798,3.0,0.0
414,52712,3.5,0.0
232,8836,3.5,0.0
63,67997,4.0,4.33
603,3983,3.0,4.47
474,3365,3.5,0.0
425,5299,3.5,3.18
468,161,2.0,3.71
222,1997,2.5,4.15
221,1584,3.5,3.71
274,33158,2.0,1.71
364,648,3.0,3.52
352,3986,3.0,2.25
84,348,5.0,3.72
363,122918,5.0,3.8
275,162,5.0,4.09
603,1079,4.0,4.13
552,6947,3.5,3.54
560,4975,3.5,3.63
63,858,4.0,4.41
577,1909,4.0,3.32
312,3147,4.0,4.26
253,926,4.5,4.47
266,353,5.0,3.49
502,1214,4.5,3.89
414,899,5.0,4.83
462,171763,4.5,4.25
596,79242,3.0,0.0
121,110,4.0,4.06
524,733,4.0,3.79
274,2133,3.0,3.58
610,6707,3.5,3.3
517,586,5.0,2.99
182,2320,4.5,3.05
351,4023,4.0,3.0
469,2421,2.0,2.64
227,8638,4.0,4.23
571,968,5.0,3.45
317,1262,3.0,4.27
415,2539,4.0,3.14
325,5266,4.0,3.16
98,79139,3.0,3.56
240,380,3.0,3.61
111,5524,3.5,2.76
448,2420,2.0,3.89
124,3949,5.0,3.93
414,3444,3.0,2.97
561,2791,4.0,4.0
178,8874,4.0,4.02
242,300,5.0,3.47
489,1275,1.5,4.01
73,58998,3.5,4.12
313,1258,5.0,4.27
387,1770,3.0,0.0
414,2734,3.0,3.39
448,7091,4.5,0.0
282,1222,4.0,4.19
412,2712,5.0,3.39
603,2973,4.0,4.08
525,106696,3.5,3.84
169,899,5.0,4.17
474,5801,2.5,0.0
425,345,3.5,3.73
541,454,4.0,3.63
141,69844,4.0,3.87
296,527,4.5,4.21
599,45720,2.5,4.06
229,213,3.0,3.35
581,7147,3.5,3.79
104,46578,4.0,3.86
599,179053,3.5,0.0
561,780,4.0,3.61
280,1247,4.0,4.02
91,610,4.5,3.57
599,881,1.5,0.0
464,8977,3.0,2.81
453,520,4.0,3.13
57,3107,3.0,3.31
240,432,5.0,2.65
275,1304,5.0,4.11
596,70637,4.0,0.0
66,1198,3.0,4.34
260,1921,4.5,4.04
229,593,4.0,4.19
232,6219,3.0,0.0
377,7706,4.0,0.0
177,2321,3.0,3.66
249,76093,3.5,4.26
523,3949,4.5,3.93
582,59315,4.5,3.89
288,329,3.5,3.4
279,49272,3.5,4.09
217,1396,5.0,3.41
21,119964,2.0,0.0
517,91535,2.0,3.23
132,175,3.0,4.13
68,122882,5.0,3.94
50,174737,3.0,0.0
232,31700,3.0,3.24
573,7360,4.5,4.08
226,2278,3.0,3.78
318,1884,5.0,4.06
382,4719,3.5,0.0
32,1425,3.0,0.0
469,1086,4.0,4.16
184,103210,2.0,0.0
103,53125,4.5,3.73
41,96829,4.0,4.04
510,2797,3.5,3.74
527,588,5.0,3.88
160,1022,5.0,3.65
44,1391,2.0,3.11
304,86,5.0,3.56
527,1206,3.0,4.16
18,68159,4.0,0.0
307,10,2.5,3.59
339,5995,5.0,4.06
68,3555,3.5,3.43
462,2336,1.5,4.02
41,55765,2.0,3.93
405,25771,4.0,4.51
517,5308,1.0,2.84
462,100556,5.0,0.0
365,42011,1.0,2.34
318,33794,4.0,4.12
580,2640,3.0,3.79
414,6442,5.0,0.0
474,31,3.0,3.37
109,45,3.0,3.25
111,8533,2.5,3.9
381,4069,2.0,3.05
178,4734,4.0,3.09
112,1210,5.0,4.23
166,5349,4.5,3.61
282,50068,4.5,3.81
600,1127,3.5,3.5
414,315,2.0,3.85
211,1036,4.5,3.86
233,788,2.0,2.81
109,318,5.0,4.53
140,1193,3.0,4.33
260,29,4.0,4.08
588,434,3.0,3.07
510,494,1.0,3.37
288,6942,3.0,3.83
101,2395,5.0,3.44
136,688,3.0,2.68
219,1213,2.5,4.42
18,114060,3.5,2.39
288,1020,3.0,3.27
509,4975,3.0,3.55
477,2193,4.0,3.39
312,2657,2.0,3.51
380,33679,2.0,3.66
73,134368,4.0,3.91
158,2428,4.0,2.62
452,2949,4.0,3.73
448,736,3.0,3.67
380,34532,3.0,3.26
107,208,3.0,2.99
387,6666,4.5,4.88
584,34,3.0,3.64
599,415,1.5,2.44
525,122886,4.0,3.87
318,41569,3.5,3.29
571,3732,1.0,3.49
357,5991,4.5,3.66
509,44195,3.0,4.09
596,111759,4.0,4.28
489,4022,3.5,3.77
312,924,5.0,3.94
62,1961,5.0,3.97
305,143969,4.5,0.0
495,48304,4.5,3.69
288,231,3.0,3.18
274,2089,3.0,3.87
266,1298,5.0,3.94
428,145,2.5,3.42
419,2706,4.5,3.34
534,122902,2.0,2.34
483,1370,4.0,3.74
232,6281,3.5,3.15
195,4452,4.0,2.33
448,158022,1.5,0.0
385,344,3.0,2.99
409,3846,5.0,3.77
268,1291,2.0,4.12
489,2006,0.5,3.18
372,259,3.0,3.49
89,111617,3.5,4.32
263,1537,4.0,3.73
555,3421,4.0,3.94
580,3032,3.5,3.6
140,5060,4.0,4.01
536,434,5.0,3.05
414,2539,3.0,3.72
72,527,4.5,4.22
134,110,5.0,4.06
153,7458,0.5,3.43
322,1610,3.0,3.81
470,349,4.0,3.76
448,2378,4.5,3.5
274,8142,3.5,0.0
414,5094,2.0,2.02
179,434,4.0,3.09
66,1382,2.5,1.64
428,3624,1.0,3.27
313,3396,1.0,3.72
20,4865,3.0,3.69
599,160978,1.0,0.0
294,2794,3.0,2.57
246,1610,3.0,3.83
20,837,4.0,3.54
274,47200,4.5,3.93
600,5283,2.0,2.84
351,91974,3.5,4.22
425,2407,3.0,3.19
380,162598,3.5,0.0
313,2459,4.0,3.25
232,7150,3.0,2.79
477,500,3.5,3.5
605,4639,4.0,2.44
599,1997,3.5,4.11
166,1500,5.0,3.73
606,2735,2.5,2.8
237,1375,3.5,3.22
448,1432,2.0,1.92
156,2064,3.0,3.97
282,4886,4.5,4.0
387,2247,3.0,3.74
381,34,3.5,3.69
24,4489,4.0,3.13
80,5388,4.0,3.26
458,344,3.0,2.98
483,2174,4.0,3.6
514,3253,4.0,3.44
474,991,3.0,3.34
216,2915,5.0,3.58
483,4886,4.5,4.13
89,901,1.5,4.31
313,1480,4.0,3.42
437,1171,4.0,3.24
91,3254,2.5,3.62
469,2407,4.0,3.24
600,356,4.0,4.34
66,6333,4.0,3.75
475,109487,4.0,3.97
235,300,5.0,3.47
318,71899,4.0,4.5
512,527,5.0,4.21
610,97188,4.0,0.0
274,62849,3.0,3.63
182,522,4.5,2.16
414,1375,3.0,3.62
293,742,2.0,2.86
323,34,2.5,3.64
414,33004,3.5,3.58
20,3999,2.0,2.62
6,291,3.0,0.0
414,2396,5.0,4.08
474,261,4.0,4.04
72,1221,4.5,4.27
281,51662,4.5,3.58
377,3841,1.5,0.0
356,454,3.0,3.62
288,1231,3.0,4.15
306,86833,4.0,3.96
179,292,4.0,3.43
217,3104,3.0,3.74
232,3535,4.0,3.97
201,2262,3.0,3.01
57,1257,3.0,3.57
186,2048,3.0,3.54
140,1721,4.0,3.58
607,1370,5.0,3.6
105,4344,3.0,3.18
305,89840,4.0,2.49
160,2529,3.0,3.82
240,531,4.0,3.14
18,1080,4.5,4.12
176,588,3.0,3.81
385,1246,4.0,4.1
274,4974,3.5,2.9
371,7153,4.5,4.12
606,2012,2.5,3.7
195,2391,4.0,3.71
51,3969,5.0,3.26
432,56941,4.0,2.72
492,737,5.0,2.63
115,594,3.0,3.56
232,1029,2.0,3.58
305,79251,4.0,0.0
63,5481,2.5,2.9
606,4205,4.0,3.41
601,63082,4.0,3.9
18,48780,4.5,4.48
600,1037,3.0,2.69
288,2003,4.0,3.45
20,4720,3.5,3.7
177,5048,0.5,0.0
474,708,4.5,3.69
456,140,4.0,3.5
274,3997,1.5,2.19
448,112290,3.5,4.4
434,48738,4.0,3.83
555,2261,3.0,3.39
580,1394,4.0,4.26
525,1220,4.0,3.89
89,41828,4.5,0.0
361,45447,4.0,3.16
567,115617,2.0,4.06
608,7163,4.0,3.2
217,2100,2.0,3.09
553,1089,4.5,4.26
183,2529,4.0,3.8
302,21,4.0,3.45
480,43708,3.5,0.0
414,6314,2.0,0.0
269,25,5.0,3.8
489,92730,2.0,0.0
414,3841,2.0,0.0
195,260,4.0,4.27
608,2247,1.0,3.63
414,42738,3.0,3.24
598,113829,5.0,0.0
555,457,4.0,4.13
490,6934,2.0,3.21
307,8815,2.0,2.59
599,118290,2.0,0.0
144,377,3.5,3.6
513,1258,2.5,4.14
380,34143,3.0,0.0
495,858,4.5,4.37
610,134853,3.5,4.1
57,3064,3.0,0.0
275,5466,5.0,0.0
140,3408,3.0,3.67
104,59501,3.5,3.5
493,1573,4.0,3.41
80,60684,4.0,4.04
253,6773,4.5,3.58
104,2692,4.0,4.01
474,2717,0.5,3.31
483,8983,4.0,3.6
260,6331,4.5,4.07
414,2572,4.0,3.98
600,7022,4.5,3.82
567,8874,2.5,4.04
608,4980,2.5,2.99
221,27882,4.5,3.71
555,1855,2.0,2.76
326,4995,4.5,4.08
606,27846,3.0,4.21
28,31116,3.0,0.0
414,46559,3.5,0.0
219,2167,2.5,3.54
400,7153,4.0,4.13
73,3671,4.5,3.93
166,46578,4.0,3.9
409,1265,4.0,4.01
600,2527,3.0,3.67
45,1258,5.0,4.25
304,2321,2.0,3.5
119,73017,4.5,3.95
132,3261,2.0,3.68
474,153,3.0,3.17
280,88405,3.5,3.0
297,185,1.0,3.16
398,5291,2.5,3.75
126,110,4.0,4.07
330,223,4.5,3.99
292,68793,4.0,2.94
256,132046,4.0,2.66
381,919,4.0,3.93
233,134214,3.0,0.0
39,594,3.0,3.55
477,67087,3.5,3.78
182,4571,3.5,3.84
318,134796,5.0,0.0
68,4855,2.5,4.26
140,3105,4.0,4.02
64,588,4.0,4.05
599,4553,3.5,3.87
28,52328,2.5,3.91
425,1645,4.0,3.4
6,161,3.0,3.9
368,1047,3.0,3.28
191,283,4.0,0.0
414,2318,4.0,4.5
590,2398,5.0,4.0
307,7153,3.0,4.37
599,51709,3.0,4.52
73,75805,3.0,2.79
560,4993,4.0,4.31
307,1197,3.5,4.39
18,673,3.0,3.07
202,3834,3.0,0.0
414,4023,3.0,3.34
51,8533,5.0,3.62
263,5377,4.0,3.79
603,235,4.0,3.8
247,69844,5.0,3.88
166,3114,4.5,3.93
525,3948,2.0,3.65
408,4344,4.0,3.03
480,1693,4.5,3.55
480,6620,4.0,4.49
429,169,3.0,2.13
414,2433,2.0,2.87
381,6333,3.0,3.85
603,1258,3.0,4.34
422,3053,3.0,4.5
202,474,3.0,3.99
249,158238,4.5,4.28
525,81845,4.0,4.24
298,8529,0.5,3.36
166,47999,4.5,4.03
27,1022,4.0,3.63
318,3703,3.5,3.87
474,2010,3.5,4.06
414,6197,3.5,3.1
298,1193,4.0,4.3
534,98243,3.5,4.02
597,2186,5.0,4.06
453,2539,5.0,3.22
381,52287,3.0,3.68
339,48774,3.0,4.31
599,344,2.5,3.07
160,3704,4.0,3.61
305,134214,3.0,0.0
62,51662,4.5,3.77
27,1580,3.0,3.57
294,3130,2.0,2.99
495,7361,4.5,4.4
241,8973,4.5,3.64
249,5363,3.5,3.09
226,1236,4.0,4.57
570,3114,3.5,3.95
288,2526,2.0,0.0
314,673,3.0,2.97
177,7164,3.0,2.75
220,50,5.0,4.33
156,1282,3.5,3.73
62,159093,3.5,3.8
509,3615,3.0,2.94
366,6942,3.5,3.8
41,111,2.0,4.23
74,49772,4.0,0.0
298,4845,0.5,0.0
204,2959,5.0,4.28
274,79274,3.5,0.0
152,2959,5.0,4.28
448,2335,4.0,2.87
436,588,3.0,3.89
339,5810,3.0,3.34
557,165,5.0,3.6
610,260,5.0,4.42
597,434,2.0,3.22
62,72011,3.5,3.72
610,44195,3.5,4.03
140,434,3.0,3.21
380,63113,4.0,4.0
495,2762,4.5,3.95
448,64983,3.5,3.29
4,4260,2.0,0.0
62,48394,4.5,3.95
357,337,3.5,3.94
567,148881,5.0,0.0
346,253,3.0,3.49
223,1704,3.5,4.07
107,2,5.0,3.36
600,1617,3.0,4.23
217,2379,3.0,2.72
414,4147,4.0,0.0
288,2402,1.0,3.35
473,30810,4.5,3.65
68,1885,2.5,3.29
93,2396,4.0,3.81
599,5792,3.0,3.59
452,3578,4.0,4.04
332,1240,4.0,3.96
477,62155,4.0,3.09
594,8118,4.0,0.0
21,7701,2.5,0.0
341,435,3.0,2.45
387,3243,1.5,2.78
601,47,4.0,4.01
198,4979,1.0,3.73
380,53972,2.0,3.94
64,3752,3.0,3.32
70,1269,3.5,4.1
510,216,3.0,3.37
382,93139,1.5,0.0
424,48516,4.5,4.32
300,6711,5.0,4.14
373,110,4.0,4.08
567,3157,2.0,2.72
248,6539,4.0,3.87
182,3901,3.5,0.0
7,5991,4.5,3.62
448,99005,1.5,0.0
359,1580,2.0,3.54
517,55052,4.0,3.73
68,64839,4.0,3.81
187,44191,3.5,3.92
453,2028,4.0,4.21
541,453,2.0,3.02
58,435,3.0,2.46
603,2066,5.0,0.0
66,32,5.0,4.09
448,445,3.0,2.82
298,71518,1.0,3.6
232,4958,3.5,3.51
359,2,3.5,3.36
68,46972,3.0,3.8
571,2982,2.0,0.0
288,2081,3.0,3.53
307,589,2.5,4.17
63,91658,4.0,3.35
140,458,3.0,0.0
294,275,2.0,0.0
542,2858,4.5,4.07
560,68954,3.5,4.21
610,1245,5.0,4.39
201,1127,4.0,3.47
356,6333,3.0,3.76
63,4874,3.5,3.65
73,103249,4.0,2.88
479,346,4.0,3.61
177,2011,4.0,3.65
68,73023,3.5,4.69
10,7153,4.0,4.16
130,1,3.0,3.88
415,3148,4.0,3.62
514,1610,4.5,3.91
592,6,3.0,3.95
73,53996,4.0,3.37
140,4991,3.0,0.0
567,140174,3.0,3.55
232,6862,3.5,0.0
288,457,3.0,4.2
469,2948,3.0,3.66
422,780,4.0,3.44
318,2360,4.5,4.71
414,6315,2.5,0.0
567,106766,4.0,3.71
372,34,4.0,3.67
452,1259,5.0,3.97
599,3365,3.0,0.0
480,34405,4.0,4.08
352,2324,5.0,4.11
131,7361,3.5,4.31
368,1499,1.0,1.52
483,910,4.5,4.01
597,2521,4.0,0.0
390,63062,3.0,3.57
290,3250,3.0,3.28
239,5299,4.0,3.19
30,60069,5.0,4.09
599,209,2.5,0.0
555,3147,5.0,4.41
62,88140,4.0,3.8
420,8641,3.5,3.69
599,58425,3.5,0.0
606,778,4.0,4.2
494,1036,5.0,3.84
488,5380,4.5,3.86
599,3174,3.5,3.44
387,6713,4.0,3.89
133,539,3.0,3.57
560,48,2.5,3.16
288,32587,4.5,4.04
509,115617,4.5,4.09
523,120130,5.0,0.0
599,112852,3.5,4.64
328,457,2.5,4.03
414,37720,3.0,0.0
10,30749,3.5,4.02
551,1608,4.0,3.38
232,1291,3.5,4.25
543,2792,5.0,2.76
221,1269,4.5,4.18
514,1983,3.0,0.0
2,48516,4.0,4.27
141,2706,3.0,3.36
410,2797,3.0,3.75
454,1219,4.5,4.05
391,5475,4.0,3.8
125,1844,4.5,3.69
318,79091,3.5,4.11
91,515,1.0,3.61
274,2324,4.0,4.2
166,4011,4.5,4.23
105,2731,4.0,3.93
298,1387,3.0,4.12
19,2995,2.0,2.87
282,150,4.5,3.79
561,2115,4.5,3.75
583,2541,3.5,3.34
381,586,1.0,3.08
125,142222,4.0,3.61
387,6461,3.0,4.26
51,4267,4.5,0.0
69,4370,2.0,3.38
305,8917,1.5,3.94
52,7438,4.5,3.97
318,48774,4.0,4.43
47,1259,3.0,3.95
251,159817,5.0,4.77
448,79132,4.0,4.42
32,1086,4.0,3.99
19,256,1.0,2.92
483,34319,2.5,3.79
298,3471,2.5,3.97
438,423,3.0,2.78
610,8861,2.0,3.7
249,61132,4.0,3.88
534,43928,3.5,1.96
116,2617,2.0,3.07
599,471,2.5,3.87
495,6157,2.0,2.68
58,594,5.0,3.57
444,593,5.0,4.17
47,2144,3.0,3.75
182,110,3.5,4.25
5,150,3.0,3.77
292,127323,1.0,0.0
76,44195,4.5,4.09
474,1928,3.5,0.0
425,589,3.5,4.14
387,1597,1.0,3.19
57,3769,4.0,0.0
608,590,3.0,3.93
115,588,4.0,3.88
517,1597,1.5,3.11
606,98243,3.0,3.8
98,177765,5.0,3.34
226,34162,3.5,3.69
489,82242,3.5,0.0
177,4992,4.0,2.96
356,1500,5.0,3.76
462,1246,1.0,4.14
166,46976,4.5,3.47
132,5481,3.0,2.86
396,50,4.0,4.26
27,911,5.0,3.75
288,1234,3.5,4.34
354,593,4.0,4.27
483,2078,2.5,3.94
414,3978,3.0,3.6
555,2752,3.0,2.88
298,84152,3.0,4.06
390,27660,3.5,3.65
220,63540,2.0,0.0
298,2325,0.5,3.63
18,4995,4.5,4.28
89,128520,2.5,4.49
474,3849,4.0,0.0
328,48516,3.5,4.33
62,114662,4.0,3.9
217,3120,3.0,0.0
357,1381,2.5,2.11
381,72998,4.5,3.8
168,30749,4.0,4.04
551,91535,3.5,3.29
545,1909,4.0,3.3
272,2571,4.0,4.17
387,7362,3.0,3.01
129,6537,3.5,2.88
11,529,5.0,3.71
20,1333,3.5,3.71
249,1704,4.0,4.33
141,5618,4.5,4.2
582,97913,3.0,3.97
474,5380,3.0,4.2
352,3744,2.0,2.95
159,597,4.0,3.59
229,296,5.0,4.24
372,1601,2.0,0.0
310,6711,5.0,4.12
217,1876,3.0,3.17
526,39516,4.5,0.0
307,2985,2.5,3.6
89,78620,4.5,0.0
368,1320,3.0,3.19
217,2473,2.0,2.87
305,32587,5.0,4.03
380,39446,4.0,3.43
155,575,3.0,2.51
274,1968,4.0,3.9
68,207,4.0,3.73
381,53326,2.0,0.0
416,296,4.0,4.26
10,588,4.0,3.85
169,5995,4.5,3.93
603,2256,3.0,0.0
160,1288,4.0,4.06
164,2167,3.0,3.49
19,2088,3.0,2.55
83,3624,0.5,3.24
395,484,1.0,0.0
110,4973,5.0,4.26
599,121035,2.0,0.0
144,25,3.0,3.85
419,4093,1.5,0.0
18,924,4.0,3.93
564,1265,5.0,4.03
414,1088,3.0,3.71
538,8368,4.5,3.92
216,39,3.0,3.41
580,1036,4.0,3.92
260,7361,3.5,4.32
239,6942,3.5,3.85
68,1799,4.0,3.53
19,1920,3.0,3.26
586,1198,5.0,4.34
387,5617,4.0,4.1
584,440,5.0,3.64
464,5418,3.0,3.78
64,5254,3.0,3.32
256,4254,3.5,2.07
263,2424,4.0,3.21
599,529,3.0,3.84
438,7090,5.0,3.91
580,926,1.0,4.43
103,5444,4.0,3.95
600,1342,2.5,2.76
608,355,2.0,2.45
234,1920,2.0,3.2
514,457,4.0,4.08
505,3476,4.0,3.7
184,109848,1.5,0.0
131,1104,4.5,4.5
122,4343,4.0,3.2
77,6539,4.0,3.88
405,7254,4.0,3.48
380,1573,5.0,3.62
523,150548,5.0,3.47
226,255,2.0,3.74
4,2359,4.0,3.51
587,3402,4.0,0.0
274,546,2.0,2.15
484,4069,3.5,3.05
217,1373,4.0,2.54
599,143355,2.0,3.93
263,6539,4.0,3.94
590,3968,2.0,3.14
448,89343,3.0,0.0
84,1286,3.0,2.38
352,1894,3.0,2.86
414,44709,3.5,3.62
69,2628,4.0,3.22
448,1288,5.0,4.24
414,41285,3.0,3.82
352,91529,4.0,4.21
438,8866,3.5,2.97
113,4041,5.0,3.36
331,35836,3.0,3.55
448,108928,2.5,2.45
391,349,3.0,3.76
590,1974,2.0,3.21
610,5772,5.0,0.0
117,31,3.0,3.44
599,145724,0.5,0.0
537,6888,5.0,1.92
380,3551,4.0,3.61
68,2150,2.5,3.91
283,70,3.0,3.5
414,2003,4.0,3.56
200,2581,4.0,3.02
141,317,3.5,3.2
260,2692,4.5,4.0
274,59727,2.0,0.0
594,2906,5.0,2.03
561,5445,3.0,3.78
274,3146,3.5,2.82
380,70159,2.0,0.0
288,2085,3.0,3.47
42,2989,5.0,3.56
385,373,3.0,3.47
89,31685,1.5,3.2
448,81591,3.5,3.71
45,2082,3.0,2.77
426,318,3.5,4.52
414,608,5.0,4.66
480,2023,3.0,3.48
425,367,2.5,3.26
200,3911,3.5,3.79
153,8528,0.5,3.75
266,2395,3.0,3.49
117,828,3.0,2.24
323,109487,3.5,3.91
182,3735,4.0,4.02
387,1258,4.5,4.38
600,3256,2.5,3.82
554,1097,5.0,3.85
348,2959,5.0,4.26
480,1259,3.5,4.13
57,861,4.0,4.44
158,53000,4.0,3.71
244,1610,5.0,3.8
522,82459,4.5,4.02
356,7122,5.0,0.0
183,3755,4.0,2.86
474,4040,0.5,2.29
572,1641,4.0,3.73
464,590,5.0,3.85
414,673,2.0,3.38
288,2384,3.5,2.91
288,3948,3.5,3.64
249,57368,4.0,3.44
414,7367,4.5,2.72
590,8360,3.5,3.65
509,2761,4.0,4.39
480,802,3.0,3.38
390,6953,3.0,3.37
280,4039,4.0,3.18
355,3175,4.0,3.63
167,31685,3.5,3.12
271,32,4.0,3.96
122,2571,5.0,4.27
317,81788,3.0,4.06
534,64695,4.0,0.0
119,48516,4.0,4.36
453,1042,3.0,3.51
491,40815,5.0,3.81
286,6863,3.0,3.52
125,48385,4.5,3.34
453,1357,5.0,4.24
584,508,5.0,3.66
77,5989,2.0,3.97
425,45517,3.5,3.32
274,7387,4.5,4.2
599,1777,2.5,3.55
91,2160,4.5,4.24
368,2263,3.0,2.51
414,8948,3.0,0.0
318,235,3.5,3.72
274,7285,3.5,4.02
50,128360,2.5,3.89
603,523,3.0,0.0
480,1206,4.0,4.19
608,3825,3.5,2.85
318,8157,3.5,4.06
357,2716,4.0,3.81
288,2089,3.0,3.99
275,866,5.0,4.06
428,6754,4.0,3.56
522,778,4.0,4.1
198,58,5.0,3.95
307,594,2.5,3.6
198,316,5.0,3.38
226,569,3.0,0.0
356,6620,2.0,4.31
19,2502,2.0,4.23
288,3104,3.5,3.84
562,4442,4.5,1.67
130,317,3.0,3.15
83,1291,1.0,4.14
80,5418,5.0,3.84
414,2025,4.0,4.05
522,1302,3.5,3.69
608,2004,2.0,3.31
579,1569,5.0,3.51
550,102125,4.0,3.44
603,1454,4.0,3.68
393,5669,5.0,3.78
356,3897,5.0,3.94
217,208,3.0,3.02
380,4941,2.0,3.75
274,4161,3.0,3.7
356,58162,3.5,2.91
219,56156,2.5,3.37
599,2174,3.5,3.69
54,469,3.0,0.0
414,1863,2.0,2.11
45,4011,5.0,4.24
76,39446,4.5,3.23
514,104211,4.0,3.82
274,7293,4.0,3.6
317,64614,3.0,4.17
187,4034,3.0,4.05
129,5952,4.5,4.09
232,7155,0.5,3.79
428,7153,3.5,4.16
541,11,4.0,3.68
160,1372,2.0,3.28
603,4437,4.0,4.63
380,2375,3.0,3.22
438,3156,4.0,2.73
475,4701,4.0,3.33
19,921,3.0,3.49
489,1035,3.5,4.21
27,3555,4.0,3.34
431,1233,4.5,4.29
594,5527,4.5,3.16
279,2716,3.5,3.81
298,5952,4.0,4.19
597,2948,5.0,3.68
152,1234,4.0,4.14
604,742,4.0,2.89
603,2929,3.0,0.0
561,2,4.0,3.57
395,173,4.0,2.51
561,71264,2.5,3.82
184,70533,3.5,0.0
91,172,4.5,2.75
204,27075,3.0,0.0
18,55118,4.5,4.37
599,50005,2.0,2.8
477,2799,0.5,1.59
408,84601,4.0,3.56
160,1056,3.0,0.0
217,1867,2.0,0.0
266,440,2.0,3.62
19,3809,3.0,3.19
191,236,3.0,3.46
42,2028,5.0,4.2
585,4878,3.0,4.09
602,235,4.0,3.71
263,1704,5.0,4.12
164,2053,3.0,2.02
160,1909,1.0,3.35
269,783,4.0,3.39
474,6502,4.5,4.45
483,2000,3.5,3.88
246,59784,5.0,3.47
298,46976,2.0,3.56
42,1196,3.0,4.36
434,2791,3.5,3.92
42,3824,2.0,2.68
573,52458,3.5,3.03
42,4477,2.0,1.72
182,4959,3.5,0.0
601,68157,4.0,4.17
202,1199,4.0,4.2
489,8984,3.5,3.27
19,2710,2.0,3.06
387,2467,2.5,3.95
380,60818,4.0,0.0
605,6541,2.5,2.78
462,5617,3.5,3.96
307,30822,2.5,3.54
567,32031,2.5,3.3
303,1127,3.5,3.46
292,2011,4.0,3.62
391,2640,4.0,3.79
321,588,3.0,3.85
459,4022,4.0,3.7
137,7153,5.0,4.17
419,7458,4.5,3.42
404,224,3.0,3.66
504,5812,4.5,4.08
483,95720,3.0,2.85
28,48385,4.0,3.37
347,454,3.0,3.62
263,8368,4.0,3.94
414,436,2.0,3.68
232,41569,4.5,3.41
280,6539,3.5,3.93
5,531,4.0,3.07
387,1284,3.5,3.91
414,6810,2.5,0.0
391,2858,4.0,4.12
325,4291,3.0,2.53
606,6786,4.0,4.53
339,150,4.0,3.8
387,4587,2.0,2.49
603,3994,1.0,3.64
49,1200,4.5,3.92
522,66665,4.0,3.39
22,74789,0.5,2.95
136,329,2.0,3.42
300,109487,5.0,3.88
233,1580,3.0,3.57
194,163,3.0,3.5
292,4102,2.0,3.6
284,316,4.0,3.36
357,11,3.5,3.74
414,910,5.0,4.24
298,665,4.0,0.0
590,5679,3.0,3.45
414,7153,4.0,4.68
230,2115,3.0,3.61
226,5679,3.5,3.39
11,434,3.0,3.08
430,2987,4.0,3.64
365,90345,2.0,3.7
57,911,4.0,3.83
380,4270,4.0,3.2
131,1233,4.0,4.29
316,253,3.5,3.48
137,608,4.5,4.19
483,344,4.0,3.0
606,7487,4.0,0.0
552,2987,4.0,3.67
288,3,4.0,3.54
380,34162,3.0,3.89
220,364,4.5,4.01
113,1380,3.0,3.31
33,1056,4.0,0.0
177,3535,4.0,4.01
305,71535,5.0,3.91
292,1302,3.0,3.76
292,3977,2.0,2.81
111,157312,3.0,0.0
567,120799,1.5,2.74
365,159441,2.5,0.0
414,1617,5.0,4.47
163,1625,4.0,3.65
320,3534,4.0,3.23
68,3114,3.0,4.07
45,1753,4.0,3.37
590,3489,3.0,3.62
448,60487,3.0,0.0
480,36537,4.0,0.0
448,3257,1.0,3.2
288,1958,3.0,3.83
140,37733,3.5,3.82
579,2676,3.0,3.61
438,4084,4.0,2.96
288,2699,4.0,2.91
67,2959,4.5,4.26
590,1201,4.5,4.45
428,2770,3.5,2.87
156,1921,2.5,4.08
221,7162,3.5,3.0
288,8360,3.5,3.7
474,4025,2.0,3.26
603,3683,5.0,4.12
448,637,2.0,3.67
298,103228,3.5,4.09
553,43684,4.5,0.0
246,1243,5.0,4.07
182,4300,4.0,0.0
484,81847,5.0,3.89
300,81591,5.0,3.63
177,47,4.5,4.15
318,5882,2.5,3.64
412,1307,5.0,3.92
414,1250,5.0,4.18
199,2973,4.0,3.95
492,761,4.0,3.12
146,1882,0.5,2.14
414,166568,4.0,0.0
477,6373,4.0,3.36
355,2951,4.0,4.06
603,931,5.0,3.72
537,4954,5.0,3.64
567,53996,2.0,3.31
606,665,4.5,0.0
380,6365,4.0,3.63
274,7646,4.0,0.0
135,4085,4.0,3.38
129,4993,4.5,4.21
414,37382,3.0,3.18
182,7698,3.5,3.58
381,4896,4.0,3.86
534,91353,4.0,0.0
298,138036,2.0,3.97
249,1196,5.0,4.49
220,4499,4.0,4.2
111,8814,3.0,1.87
590,5952,5.0,4.22
474,7831,3.5,0.0
318,102445,3.5,4.07
169,6252,2.5,2.75
140,31685,3.0,3.16
367,357,2.0,3.55
232,59022,3.5,3.25
202,1218,5.0,3.51
441,260,5.0,4.26
249,83134,4.0,3.59
111,4700,3.0,3.58
288,2174,3.5,3.62
80,89470,4.0,3.56
45,1784,4.0,3.85
107,185,4.0,3.16
477,6350,4.5,4.28
326,2329,4.5,4.31
387,7022,3.0,3.91
600,410,3.5,3.28
603,952,4.0,3.46
198,2916,4.0,3.64
123,97923,4.0,3.6
489,2594,4.0,3.7
408,110669,3.5,0.0
603,2312,3.0,4.14
368,2112,4.0,3.08
599,42738,2.5,3.01
483,54259,5.0,3.85
103,19,3.5,2.96
100,1290,4.0,3.62
238,2361,4.0,2.51
555,2967,4.0,0.0
469,3504,4.0,3.93
91,1193,4.0,4.32
344,3160,3.0,3.71
405,27266,4.0,4.02
477,3105,4.0,3.99
307,919,5.0,3.94
353,225,3.0,3.6
590,457,4.0,4.15
342,785,3.0,3.52
391,111,5.0,4.27
305,160400,3.0,0.0
68,51884,3.0,0.0
186,2707,4.0,3.28
19,3219,2.0,3.31
561,95167,2.5,3.76
125,4973,0.5,4.35
567,91630,2.5,3.85
331,33615,2.5,3.48
580,2539,2.5,3.21
182,1500,2.0,3.79
207,1283,3.5,4.26
156,2000,3.0,3.76
62,88125,4.5,3.83
304,5060,4.0,4.03
182,94,4.0,4.14
42,2081,5.0,3.46
23,8012,4.0,0.0
373,593,5.0,4.18
414,1093,3.0,3.97
93,2,5.0,3.39
101,2858,4.0,4.04
21,90249,3.5,3.08
166,3468,4.5,4.37
528,296,4.0,4.26
274,2420,3.0,3.86
489,489,2.5,0.0
119,4148,3.5,2.93
380,1777,3.0,3.55
177,339,4.0,3.83
57,10,3.0,3.6
68,3948,4.0,3.82
57,2723,3.0,3.13
232,364,3.5,4.13
402,500,5.0,3.47
125,152091,4.0,0.0
96,2396,4.0,3.82
104,2080,3.5,3.5
89,3549,3.5,4.03
367,3755,4.0,2.88
414,5521,4.0,0.0
329,593,2.0,4.16
149,2012,2.0,3.46
465,2278,4.0,3.7
426,72641,5.0,3.55
141,2959,5.0,4.27
339,143385,4.0,3.22
217,1968,4.0,3.88
137,246,5.0,4.24
608,1777,2.5,3.51
561,37727,2.0,2.94
129,2916,4.0,3.62
448,7706,4.5,0.0
217,2056,3.0,0.0
448,2978,2.0,3.45
57,3835,2.0,2.53
263,3753,4.0,3.54
19,47,3.0,4.1
20,2018,4.0,3.25
561,1370,3.0,3.67
448,136778,2.0,0.0
551,45186,4.0,3.62
68,3556,3.0,4.12
342,2428,2.0,2.62
562,7294,3.5,0.0
589,231,4.0,3.02
370,5952,4.5,4.05
216,2858,5.0,4.1
509,71156,3.0,3.31
253,1225,5.0,4.26
91,3868,4.0,3.51
391,4011,4.0,4.26
246,8254,4.0,4.34
474,2064,4.0,4.12
483,180,4.0,3.87
288,1500,3.0,3.84
426,2,4.5,3.39
47,63082,4.0,3.88
555,3039,3.0,4.02
483,8632,0.5,0.0
333,3615,2.0,2.88
103,80572,4.0,0.0
495,4776,5.0,3.85
391,527,5.0,4.33
474,8880,4.0,3.35
599,491,3.0,3.69
469,47,4.0,4.15
249,6188,4.5,3.76
119,64614,4.5,4.18
599,2540,2.0,0.0
74,1263,5.0,4.11
415,3730,4.0,4.06
599,2398,3.5,3.94
380,5299,4.0,3.4
504,4022,4.0,3.73
474,2395,3.0,3.74
160,2699,3.0,2.96
23,6773,4.5,3.59
226,1887,2.5,0.0
140,2797,4.0,3.88
249,50798,1.0,1.39
177,527,4.5,4.49
19,1355,2.0,1.83
109,367,3.0,3.23
160,2471,1.0,2.77
318,64030,3.5,2.67
129,45186,4.0,3.62
562,1275,5.0,3.99
202,1784,4.0,3.88
360,1625,5.0,3.65
514,3052,3.0,3.68
274,585,2.0,2.98
605,943,3.0,4.1
139,37729,3.5,3.51
597,1617,5.0,4.17
562,2580,4.5,4.06
588,590,3.0,3.84
125,8368,3.0,3.94
562,87306,4.0,3.61
122,27773,4.0,4.18
370,36529,3.5,3.84
382,26764,0.5,0.0
249,3175,3.0,3.85
298,58047,2.5,3.53
480,4370,3.5,3.42
24,1265,4.5,3.99
50,7063,3.5,3.89
437,1120,4.0,3.64
144,7034,4.0,3.69
74,1084,5.0,4.16
599,132424,1.0,0.0
520,32,3.5,4.0
597,1188,4.0,3.87
265,509,3.0,3.56
341,111617,4.5,4.17
561,5989,3.0,4.16
337,95,5.0,2.88
358,2338,1.0,2.23
307,274,1.5,3.22
482,5401,2.0,1.75
438,51662,5.0,3.71
387,3507,4.0,4.26
43,300,3.0,3.46
410,3671,4.0,3.97
274,1222,4.0,4.4
167,1198,4.0,4.27
274,32017,3.0,2.77
600,1381,1.5,2.13
318,69644,4.0,2.58
602,434,3.0,3.14
599,56174,2.5,3.75
470,2,3.0,3.37
580,4239,4.0,3.96
528,1961,3.5,3.83
134,593,5.0,4.16
561,8783,3.0,3.17
57,537,3.0,3.34
84,1009,3.0,2.97
474,1650,4.0,0.0
134,47,4.0,3.97
260,4641,5.0,3.39
600,38886,4.5,3.22
91,410,3.0,3.26
448,2985,4.5,3.64
294,2161,3.0,3.69
489,3826,0.5,2.42
4,2351,4.0,4.33
137,2959,3.0,4.27
605,71160,3.0,0.0
466,79702,3.5,3.9
446,2,3.0,3.37
19,2918,5.0,4.01
602,170,3.0,3.23
62,32587,4.5,3.99
345,1244,4.0,4.03
317,5299,3.0,3.12
490,306,4.5,4.13
168,1086,5.0,4.0
489,1499,0.5,1.56
594,2002,5.0,2.79
249,96861,3.5,4.18
480,5025,3.0,2.65
495,3826,3.5,2.35
249,63131,4.0,3.93
170,364,3.0,3.93
437,590,5.0,3.83
567,8477,5.0,0.0
339,74685,5.0,0.0
414,8362,2.5,0.0
599,4995,2.5,4.44
372,1464,2.0,3.56
64,8783,3.5,3.16
304,1057,2.0,3.45
221,953,5.0,4.2
91,1387,5.0,4.14
13,3897,4.0,3.85
448,1833,2.0,3.51
600,2010,4.0,3.98
414,2456,2.0,3.02
594,552,5.0,3.49
102,457,4.0,3.99
606,461,4.0,2.17
287,441,4.5,3.91
91,3176,4.0,3.42
211,2949,3.5,3.68
567,111360,1.0,2.88
361,70,2.0,3.51
514,1975,2.0,2.62
566,224,4.0,3.7
422,1213,5.0,4.34
211,91500,4.0,3.36
538,80549,4.5,3.8
610,109374,4.5,4.15
332,3037,4.0,3.95
582,79091,5.0,3.73
436,432,3.0,2.64
195,233,3.0,3.73
267,3578,5.0,3.95
466,81845,4.0,4.14
222,34162,4.0,3.64
140,4369,3.0,3.18
200,60072,5.0,3.12
356,1220,5.0,3.91
543,60069,5.0,4.08
610,79695,3.0,3.3
167,733,3.5,3.77
563,81591,4.0,3.6
365,107997,1.5,0.0
249,1513,2.5,3.32
448,129428,2.5,0.0
199,50,4.0,4.31
29,1224,4.0,4.17
606,8622,4.0,3.88
599,953,3.5,4.34
484,2858,4.5,4.05
504,345,4.0,3.7
517,82169,4.5,4.33
448,6315,2.0,0.0
380,8947,3.0,2.33
590,361,2.5,3.04
533,1258,4.5,4.14
571,2327,2.0,0.0
356,158,3.0,2.87
221,4642,4.5,3.82
597,2457,4.0,3.8
217,1918,1.0,2.84
572,1173,1.0,3.3
438,7361,4.0,4.4
541,415,3.0,2.53
132,27731,3.0,4.48
442,2145,2.0,3.15
286,7361,5.0,4.3
232,49284,3.0,0.0
419,86668,5.0,0.0
278,3210,4.0,3.47
489,1619,3.0,3.42
313,610,5.0,3.61
328,150,3.0,3.79
307,55820,4.5,3.98
514,1449,4.0,3.76
232,6887,4.0,4.28
562,1061,3.5,3.59
86,33679,5.0,3.28
311,5992,4.5,3.49
182,1295,5.0,2.57
177,1059,3.0,4.02
489,5878,4.5,3.95
66,762,2.5,2.57
74,34437,3.5,3.54
169,34,4.0,3.65
1,2193,4.0,3.35
109,457,4.0,3.99
318,120761,3.5,0.0
603,1514,3.0,0.0
594,595,5.0,3.87
599,26854,2.5,0.0
448,136305,1.0,0.0
307,543,3.0,3.43
20,2116,2.5,3.36
493,4444,5.0,0.0
45,53993,4.5,2.78
184,165635,1.0,0.0
104,8866,3.5,2.74
414,8874,4.0,4.67
282,6287,3.5,3.11
292,3468,3.0,4.4
291,8368,5.0,3.97
57,1283,5.0,4.3
599,613,2.5,3.44
414,2262,3.0,3.23
603,2725,2.0,0.0
393,3793,5.0,3.7
56,292,4.0,3.44
368,168,2.0,3.05
448,1953,5.0,4.08
143,69757,5.0,3.52
19,3040,3.0,2.72
414,5075,5.0,0.0
182,6947,3.5,3.62
563,7375,3.0,2.81
135,1449,4.0,3.75
547,1211,5.0,3.99
288,608,4.0,4.32
76,2502,4.0,4.15
292,86833,3.0,3.93
268,1208,5.0,4.21
105,6373,4.0,3.42
6,170,3.0,3.27
312,2160,5.0,4.17
19,48,1.0,3.25
93,110,5.0,4.09
555,3918,3.0,3.05
298,778,3.5,4.18
483,8636,3.5,3.89
517,1552,1.5,3.17
282,45517,4.5,3.33
4,1057,3.0,3.47
6,258,3.0,2.34
472,1693,4.0,3.32
489,1219,3.5,4.09
599,160,2.5,2.94
42,527,4.0,4.28
21,96079,4.0,3.93
285,1945,4.0,3.99
586,4886,5.0,3.99
380,102684,4.0,0.0
202,1259,5.0,4.06
313,2643,2.0,1.75
190,30749,4.0,4.02
195,527,4.0,4.26
605,3991,3.0,2.51
606,1411,4.0,4.49
469,3147,5.0,4.35
82,420,3.5,2.99
608,5313,3.0,2.35
198,2360,3.0,4.82
588,318,5.0,4.53
177,99114,3.5,4.23
141,500,3.0,3.46
446,153,1.0,2.98
241,2997,3.5,4.01
495,79132,5.0,4.23
610,2517,4.0,2.79
610,1270,5.0,4.14
249,48304,3.5,3.77
566,468,3.0,3.31
275,3481,4.0,3.73
177,1393,3.0,3.64
448,86548,3.5,0.0
274,8507,3.0,3.13
217,2413,3.0,3.5
111,57951,3.5,0.0
458,380,3.0,3.56
414,1347,3.0,3.11
368,1092,3.0,3.41
68,95218,3.5,0.0
27,3168,2.0,3.88
50,6377,3.0,4.01
480,2318,1.5,4.42
103,2571,4.0,4.29
602,500,4.0,3.46
414,1233,5.0,4.86
211,73017,4.0,3.88
325,2991,3.0,3.82
66,3072,4.0,3.38
358,69844,3.5,3.83
305,112897,4.0,0.0
21,5952,2.0,4.13
219,4901,4.0,3.57
219,736,3.0,3.51
87,1584,4.0,3.6
66,2146,4.5,3.2
460,6385,4.5,4.14
290,3559,4.0,0.0
276,333,5.0,3.79
489,1073,3.5,4.08
275,1580,3.0,3.56
161,4270,4.0,2.91
606,5499,3.5,0.0
414,188,4.0,4.39
202,2985,3.0,3.54
411,372,3.0,2.45
135,3812,4.0,3.29
177,4359,3.0,3.31
380,52694,4.0,2.84
387,7939,4.5,0.0
62,3000,4.0,4.17
474,2539,3.0,3.54
599,419,0.5,3.26
382,165101,3.5,4.1
357,2762,5.0,4.0
274,79702,3.0,4.13
600,35836,1.5,3.61
167,1120,3.0,3.64
451,802,3.0,3.36
586,106489,5.0,3.58
238,4852,3.0,0.0
469,593,4.0,4.31
274,48877,3.0,2.83
288,1389,1.0,1.6
346,7748,4.0,3.8
432,1200,4.0,4.0
249,56156,3.5,3.47
610,3997,1.0,2.19
394,595,2.0,3.8
182,162,3.5,4.04
298,223,4.0,4.01
477,5103,3.5,3.52
312,253,4.0,3.49
469,2890,3.0,3.7
474,37736,3.5,0.0
331,91658,5.0,3.34
204,64969,3.5,3.82
495,111364,3.5,2.39
220,1517,3.5,3.53
38,282,3.0,3.49
57,3774,1.0,0.72
82,1608,3.5,3.46
599,2987,3.5,3.9
210,56171,3.5,3.12
608,8807,4.0,3.76
465,1272,5.0,4.25
318,3307,3.0,4.02
28,1641,2.5,3.77
514,1998,1.5,0.0
552,4007,3.0,3.91
249,4246,3.5,3.82
127,5060,5.0,4.03
132,47,4.0,4.04
68,3100,3.5,4.0
249,39446,3.0,3.3
509,551,4.0,3.65
489,1270,3.5,4.1
411,223,4.0,3.93
368,1968,3.0,3.88
414,1014,3.0,1.12
183,1970,3.0,2.9
45,4718,5.0,3.09
605,3004,4.0,2.64
448,5621,2.5,1.78
414,2501,4.0,4.23
288,2194,3.0,4.08
66,6238,3.0,2.1
375,1438,2.0,2.7
480,4639,1.5,2.58
84,1104,4.0,4.58
140,1616,3.0,3.3
169,4369,3.0,3.17
536,350,3.0,3.31
367,4306,5.0,3.95
155,1917,4.0,2.86
567,103141,2.5,3.96
610,7147,4.0,4.18
226,6006,3.0,2.59
89,96110,2.5,4.33
563,106100,3.5,4.13
600,2026,2.0,0.0
564,118924,3.0,0.0
453,2959,5.0,4.24
414,3004,1.0,2.84
606,1998,1.5,0.0
33,302,3.0,3.26
480,1080,4.5,4.12
606,46,4.0,3.71
380,5784,3.0,2.59
19,611,2.0,2.63
599,1210,5.0,4.47
199,1296,4.0,4.37
312,1973,3.0,0.0
332,87232,3.5,3.9
448,93363,2.0,3.9
414,7104,3.5,0.0
217,164,3.0,3.58
424,3911,3.5,3.77
10,113394,4.0,0.0
307,33171,0.5,0.0
249,160718,4.5,0.0
602,282,2.0,3.51
117,6,3.0,3.95
608,40278,4.5,3.59
80,96917,4.0,0.0
446,594,4.0,3.56
307,2348,3.5,3.79
568,1257,4.0,3.44
534,1036,4.5,3.91
607,296,3.0,4.24
416,318,3.0,4.52
19,2144,3.0,3.79
80,2571,4.5,4.21
105,106920,5.0,4.18
382,858,5.0,4.32
177,5066,4.5,3.24
489,5989,3.5,4.16
182,4951,2.5,3.51
462,3182,4.5,3.75
21,91500,3.5,3.39
444,431,4.0,3.77
177,77846,5.0,0.0
387,1350,4.0,3.89
45,2231,5.0,3.83
514,3362,4.0,3.91
365,5378,2.5,3.35
141,5218,3.0,3.76
288,5945,4.0,3.41
204,47,5.0,3.98
534,112580,4.0,0.0
204,6807,4.0,4.08
542,5679,4.0,3.37
317,4011,4.0,4.23
252,122922,4.0,3.71
143,97921,3.0,3.89
554,2078,4.0,3.85
599,65,2.0,2.89
377,680,5.0,4.26
332,1732,4.0,3.98
414,1687,2.0,4.04
426,1441,5.0,3.27
43,410,4.0,3.18
89,49274,5.0,2.41
306,104211,4.0,3.8
200,2683,4.0,3.2
606,427,3.5,1.26
288,2110,3.0,3.61
124,1784,4.0,3.75
415,1193,5.0,4.2
318,58295,3.0,3.57
274,5874,2.0,2.43
440,3363,4.5,3.89
525,116797,4.0,4.26
402,112,4.0,3.63
608,1517,3.0,3.65
544,1059,5.0,3.77
590,49278,3.0,3.63
608,7438,4.0,4.03
307,3264,2.5,2.65
339,527,5.0,4.32
206,14,4.0,3.67
294,2296,1.0,2.57
18,1391,3.0,3.18
103,2791,3.5,3.92
481,1605,2.0,0.0
482,1042,4.0,3.37
140,2058,3.5,3.44
140,3798,3.0,3.35
603,2570,3.0,3.4
64,4816,3.5,3.48
185,364,4.0,3.94
357,4878,5.0,4.09
169,852,4.5,3.18
191,215,4.0,3.85
517,593,3.0,4.24
448,3802,2.0,0.0
263,2108,3.0,3.56
56,370,3.0,3.18
579,597,5.0,3.58
446,593,5.0,4.18
414,3471,4.0,4.26
567,6669,3.5,3.01
249,50442,3.5,2.81
365,8874,4.0,4.06
298,1220,3.5,3.98
21,5349,3.0,3.68
232,596,2.5,3.34
599,2002,2.0,2.85
599,3317,3.0,4.09
50,44719,2.5,0.0
176,150,4.0,3.77
544,14,3.0,3.68
28,55274,2.5,0.0
525,46972,3.5,3.54
274,3617,3.5,3.19
305,26249,5.0,0.0
89,71264,4.0,3.74
47,30749,3.0,4.04
132,89,2.5,3.32
600,4621,2.0,2.87
478,337,2.5,3.84
232,4896,3.5,3.95
246,4144,5.0,4.14
474,1029,3.0,3.65
599,4544,3.0,2.84
610,26413,3.5,0.0
330,353,4.0,3.49
482,3130,1.0,3.03
105,112421,4.5,0.0
531,10,4.0,3.44
6,991,4.0,3.27
264,1320,2.5,3.11
4,1219,4.0,4.08
204,296,4.5,4.25
601,48780,4.5,4.36
142,50,5.0,4.27
292,106487,4.5,3.57
21,2724,3.0,2.76
205,8368,4.0,3.94
603,1104,5.0,4.63
313,1073,3.0,4.04
573,53000,4.5,3.74
448,4268,2.0,0.0
105,6433,5.0,2.52
288,2375,2.0,3.14
474,2329,4.0,4.56
144,648,3.5,3.57
560,57669,4.5,4.2
191,300,4.0,3.48
337,145,4.0,3.44
84,953,3.0,4.2
186,2094,4.0,3.37
610,136602,4.0,0.0
480,316,4.0,3.51
335,296,5.0,4.24
305,1276,3.5,4.35
599,7757,2.5,3.55
372,1356,4.0,3.87
559,533,3.0,3.06
103,8376,5.0,3.08
306,87869,4.0,3.51
610,72142,5.0,0.0
357,2020,4.0,4.05
144,527,3.5,4.26
199,3948,2.0,3.55
219,41569,3.5,3.37
600,8644,0.5,3.57
59,541,5.0,4.15
610,110286,3.5,0.0
18,1729,4.0,3.74
35,236,4.0,3.45
464,74580,2.0,0.0
474,4448,4.0,3.56
590,520,3.0,3.22
597,1284,4.0,3.77
202,1291,4.0,4.15
79,1916,3.0,3.27
9,6044,2.0,0.0
6,274,4.0,3.17
233,3751,3.0,3.62
560,94959,3.5,4.29
606,27821,2.5,3.73
104,586,3.0,2.97
51,3624,2.5,3.31
290,2549,2.0,3.16
68,46976,4.0,3.64
203,70286,4.0,3.86
219,2268,4.0,3.91
249,4239,4.0,4.18
313,1265,4.0,4.07
522,1732,4.5,3.93
199,266,2.0,3.31
228,2722,4.0,2.45
42,19,2.0,2.9
288,1125,4.0,3.86
271,1200,4.0,3.93
239,7254,3.5,3.57
554,1196,5.0,4.26
21,117851,3.0,0.0
320,4387,4.0,3.71
139,3825,1.0,2.66
448,151559,2.0,0.0
542,594,4.0,3.54
465,3723,5.0,3.73
309,1269,3.5,4.07
168,1213,5.0,4.36
51,965,5.0,4.06
525,3114,4.0,4.01
177,924,1.5,3.94
182,2153,1.5,2.8
376,48516,4.5,4.29
573,1721,1.5,3.52
610,4896,4.0,3.95
586,122904,4.0,4.17
603,3169,3.0,3.57
294,2799,1.0,1.59
369,30793,4.0,2.98
566,32,4.0,3.96
105,40815,3.0,3.86
282,1,4.5,3.98
509,95193,2.0,0.0
462,50068,3.5,3.83
271,43936,2.5,2.84
546,3957,3.0,0.0
274,7236,4.0,0.0
9,922,4.0,4.38
367,2716,5.0,3.79
448,34048,3.0,3.51
186,1580,4.0,3.62
361,7458,4.0,3.45
78,68791,2.0,3.48
184,175585,3.5,0.0
448,1405,4.0,2.77
560,27266,4.0,3.98
89,58047,2.5,3.5
298,6874,4.0,3.91
182,3578,3.5,4.16
318,127172,3.5,0.0
223,55820,3.0,3.9
73,68954,4.0,4.12
474,1951,4.0,3.83
61,5952,4.5,4.03
63,1968,4.0,3.89
203,2987,3.5,3.64
105,4023,3.0,3.05
376,292,4.5,3.42
357,2657,3.0,3.5
18,47200,3.0,3.77
260,296,4.5,4.27
606,2822,4.0,2.9
68,80463,3.5,3.8
523,1704,5.0,4.07
263,4992,4.0,2.72
610,51927,3.5,0.0
606,3668,3.5,3.97
520,2006,3.5,3.13
294,356,5.0,4.27
221,1089,4.5,4.34
580,4103,4.0,3.99
518,1275,4.0,3.88
567,159093,1.0,3.81
182,2117,4.0,3.97
256,5445,4.0,3.74
411,589,3.0,4.02
307,39446,1.5,3.34
111,136598,4.0,3.44
294,2961,3.0,2.04
383,2496,4.0,2.89
89,946,0.5,3.51
580,1617,4.0,4.2
448,4499,4.0,4.31
119,4306,4.0,3.98
232,68952,3.5,4.18
465,1343,4.0,3.67
562,2393,3.0,2.79
573,6586,4.0,3.3
393,66934,5.0,3.91
414,53468,2.5,3.87
599,180297,3.0,0.0
232,6040,2.0,2.32
298,51084,0.5,3.46
414,3104,5.0,4.19
268,2247,3.0,3.54
599,1185,3.0,0.0
294,2243,2.0,3.54
288,4027,5.0,3.94
603,4422,4.0,0.0
483,5218,3.5,3.91
604,104,3.0,3.53
19,2416,3.0,2.93
275,5464,2.0,3.62
436,145,3.0,3.43
474,3394,1.5,2.69
305,112788,3.5,2.73
373,288,3.0,3.41
113,1733,4.0,4.5
64,788,3.5,3.0
41,924,2.0,3.89
560,36519,3.5,3.3
604,253,5.0,3.47
135,380,3.0,3.63
387,5363,1.0,2.88
605,54686,3.0,0.0
590,4226,3.5,4.26
285,6787,4.0,3.99
414,3745,4.0,3.61
223,6711,3.5,4.14
520,1281,4.5,4.15
21,3633,4.5,3.37
82,1556,1.5,1.8
177,6957,0.5,3.61
51,3481,5.0,3.72
226,7448,2.5,0.0
381,208,1.5,3.03
314,203,3.0,3.68
414,5390,3.0,0.0
13,1619,3.0,3.35
215,2858,4.0,4.06
91,1396,4.0,3.36
542,45447,3.5,3.16
560,593,4.0,4.32
414,5785,4.0,3.92
79,3142,4.0,2.99
139,8360,2.0,3.54
414,216,3.0,3.72
599,26365,2.5,0.0
488,898,4.5,4.34
57,553,4.0,4.01
474,4738,3.5,0.0
235,150,5.0,3.78
495,104211,4.5,3.89
182,4034,3.5,4.24
68,59421,3.5,3.14
39,1270,4.0,4.03
474,3512,4.5,3.85
223,344,1.0,2.97
63,4014,2.5,3.69
21,52730,0.5,0.0
202,2819,4.0,3.54
94,586,3.0,2.9
373,160,1.0,2.91
219,37830,4.0,3.61
274,73929,3.5,2.78
143,31433,4.0,2.68
599,2353,2.5,3.53
280,1213,5.0,4.34
563,7142,3.0,3.01
288,318,5.0,4.64
387,999,3.0,2.82
290,1949,5.0,4.47
608,312,0.5,1.68
61,2012,2.0,3.46
567,177765,1.5,3.37
610,65514,4.0,4.52
282,6708,4.0,3.78
609,589,3.0,4.0
480,5323,0.5,0.8
608,2278,3.0,3.85
318,4878,3.0,4.23
466,41566,4.0,3.45
125,142456,4.5,0.0
159,81932,2.0,4.01
10,7151,3.0,3.54
121,356,4.0,4.18
101,2490,2.0,3.24
581,2959,4.5,4.28
177,55052,3.5,3.87
156,1,4.0,4.0
465,1179,4.0,3.68
438,2011,4.0,3.67
387,2951,3.5,4.25
105,912,4.0,4.51
448,84696,4.0,0.0
517,47,2.0,4.02
500,3751,4.0,3.58
412,1199,4.0,4.18
100,6873,4.0,3.16
169,1367,3.0,3.17
288,2105,3.0,3.51
606,5742,4.0,0.0
599,7346,2.0,3.43
373,733,3.0,3.76
182,4161,3.0,3.67
274,733,3.0,4.01
534,588,4.5,4.03
297,164,2.0,3.44
474,7414,2.5,0.0
365,1197,1.5,4.34
560,2115,4.0,3.65
263,262,4.0,3.93
381,1537,3.5,3.71
226,2279,2.0,2.51
509,106918,3.0,4.27
462,6380,5.0,3.68
414,2640,3.0,4.04
527,2872,5.0,3.85
91,3275,4.5,4.3
307,3247,1.0,3.28
414,5636,2.0,0.0
40,223,5.0,3.93
298,2060,3.0,3.33
600,1274,3.5,3.55
500,3175,4.0,3.66
274,1997,4.0,4.24
202,11,4.0,3.72
183,2949,3.0,3.68
292,64957,3.5,4.01
387,2632,4.0,0.0
438,737,2.0,2.7
452,4002,5.0,3.89
260,1449,3.5,3.79
436,454,3.0,3.65
448,4678,3.5,3.68
260,8011,4.0,0.0
265,3260,4.0,4.12
199,2028,4.0,4.17
68,1894,4.0,3.13
74,2997,4.0,4.05
132,2012,3.0,3.52
339,166946,4.5,0.0
438,3635,4.0,3.18
412,951,5.0,4.59
438,5445,2.0,3.84
68,3809,3.5,3.25
599,1228,3.5,4.35
477,904,3.5,4.39
63,1203,4.0,4.27
78,370,4.0,3.18
448,115170,2.5,0.0
434,8873,4.5,3.86
302,608,5.0,4.13
357,1994,3.5,3.46
219,60069,4.5,4.19
517,91658,0.5,3.32
580,5630,4.0,3.57
610,61132,4.5,3.98
489,2692,4.0,4.03
380,1347,5.0,3.12
482,8977,1.0,2.82
552,923,4.5,4.03
372,1584,4.0,3.68
302,293,3.0,4.05
307,8636,3.5,3.88
543,72998,5.0,3.68
274,54732,2.0,0.0
290,3424,4.0,4.18
89,1234,0.5,4.14
477,2416,3.5,2.97
477,1036,4.5,3.94
266,17,1.0,3.84
381,43376,4.5,4.67
474,515,5.0,3.64
298,3623,3.0,2.79
527,912,4.0,4.37
331,45517,2.5,3.34
474,6454,3.5,0.0
217,2874,3.0,0.0
414,524,5.0,3.92
600,613,1.0,3.69
414,33166,4.0,4.12
448,7036,2.5,2.87
534,3633,2.5,3.32
290,3217,4.0,3.19
21,480,4.0,3.82
331,56757,3.0,3.89
448,111362,3.0,4.22
555,1373,3.0,2.49
76,480,2.0,3.72
96,434,4.0,3.05
555,2846,5.0,4.29
559,317,3.0,3.24
465,1783,4.0,2.41
580,2745,4.0,3.62
203,4993,5.0,4.18
489,588,3.5,4.05
239,6807,4.0,4.09
480,6934,2.0,3.32
597,2359,4.0,3.53
1,2987,5.0,3.73
420,6870,4.0,3.73
490,4993,3.5,4.18
376,60069,4.5,4.08
387,2901,2.5,3.3
217,1445,1.0,2.06
305,96811,3.5,4.98
331,6157,1.0,2.67
414,96488,4.5,4.48
271,2140,3.5,3.44
448,103339,1.0,2.69
298,3037,3.5,3.91
590,7147,3.0,3.98
603,2716,3.0,3.85
64,5266,4.0,3.21
135,161,5.0,3.8
364,95,5.0,2.84
25,260,5.0,4.25
533,2455,3.0,3.52
100,2291,4.0,3.74
42,1027,4.0,3.12
393,4226,5.0,4.16
480,42013,1.5,3.17
89,76301,4.5,0.0
409,934,2.0,3.96
432,7438,2.5,3.99
140,2020,3.0,4.14
511,109487,4.5,3.91
489,2762,3.0,4.03
18,91500,4.0,3.32
345,1690,4.0,2.85
474,3334,3.0,4.05
307,724,1.5,2.98
22,6539,2.5,3.88
414,56379,3.5,0.0
28,4211,2.0,0.0
567,111781,2.5,3.9
483,1625,4.0,3.89
132,4741,3.0,3.99
335,2699,2.5,2.97
438,3996,5.0,4.02
249,107406,4.5,3.56
448,68793,3.0,3.13
309,1104,3.0,4.51
479,2542,4.0,4.15
19,2571,4.0,4.24
215,55814,5.0,3.81
89,3991,4.5,2.5
599,2171,2.5,3.37
365,3578,1.5,4.0
514,1320,1.5,3.13
483,223,3.5,3.98
290,2915,4.0,3.57
346,2396,3.0,3.82
428,1148,3.0,4.07
298,109673,0.5,0.0
572,1265,1.0,4.02
129,33166,5.0,4.02
509,4973,4.0,4.35
474,8191,4.0,0.0
560,5952,4.0,4.14
445,4022,2.0,3.72
140,5947,3.0,0.0
21,103883,3.5,0.0
380,442,5.0,3.36
42,4280,4.0,3.48
140,3185,3.0,3.53
554,2567,4.0,2.96
159,7361,0.5,4.32
202,1210,3.0,4.33
489,3697,3.5,2.89
160,93,1.0,3.43
477,2116,4.0,3.33
274,1015,3.5,3.36
579,595,5.0,3.82
21,109487,3.0,4.09
603,3006,4.0,3.81
610,31086,3.5,0.0
429,161,5.0,3.78
597,356,5.0,4.31
357,26471,5.0,4.68
42,1918,2.0,2.79
201,1213,4.0,4.33
474,45635,3.0,0.0
28,1480,3.0,3.45
448,78116,3.5,0.0
275,3793,2.0,3.66
129,8132,4.5,4.62
474,42418,4.0,2.6
606,2432,3.5,0.0
274,52458,2.5,3.2
307,3051,1.5,0.0
313,968,5.0,3.54
247,54997,3.0,3.93
555,1641,5.0,3.74
600,25923,3.5,0.0
62,135143,4.0,3.59
414,2259,2.0,4.18
64,5064,3.5,3.93
582,60069,4.0,4.1
42,1060,5.0,3.72
470,761,3.0,3.07
425,141,4.0,3.56
187,4011,1.5,4.22
480,5379,4.0,0.0
57,849,2.0,2.8
479,2306,3.0,2.79
307,829,2.0,2.4
215,527,4.5,4.24
410,111,3.0,4.19
477,60756,4.0,3.57
20,6365,4.0,3.3
453,104,4.0,3.63
232,4718,3.5,3.21
42,1042,2.0,3.55
66,2805,3.0,3.02
28,161,3.0,3.8
275,5603,5.0,0.0
387,30810,3.5,3.76
483,1136,4.5,4.42
395,160,4.0,2.91
139,34319,1.5,3.65
474,1641,3.5,3.8
474,2554,3.5,0.0
605,1339,3.0,3.36
268,165,2.0,3.63
288,1136,5.0,4.49
594,329,4.0,3.44
293,1097,2.0,3.83
413,4262,5.0,3.95
531,5349,5.0,3.52
434,3000,5.0,4.1
197,1213,3.0,4.32
249,56367,4.0,3.96
419,74750,4.5,0.0
140,6753,3.5,3.41
448,6659,2.5,3.8
323,497,4.0,3.74
475,1374,4.5,3.73
233,180031,3.5,3.63
19,216,2.0,3.47
476,261,5.0,3.82
462,1233,4.0,4.37
551,3948,3.0,3.54
91,1270,3.5,4.14
610,115122,4.5,0.0
415,99114,4.5,3.95
118,2329,3.0,4.26
381,27660,3.5,3.73
534,4369,4.5,3.33
290,593,4.0,4.25
182,4849,4.0,0.0
391,750,5.0,4.4
483,2791,4.0,4.02
408,46976,4.0,3.46
432,27708,4.0,0.0
274,36525,2.0,3.18
610,4881,3.5,4.2
387,546,3.0,2.11
379,296,2.0,4.24
411,161,4.0,3.79
346,5147,4.5,3.5
414,27879,4.0,4.56
33,322,2.0,3.96
509,5481,3.5,2.89
104,616,3.0,3.42
571,2120,2.0,0.0
522,58559,5.0,4.3
219,3328,3.5,4.17
94,380,3.0,3.56
64,231,4.5,3.18
21,2716,3.5,3.8
448,8874,4.0,4.35
474,8617,3.0,0.0
607,2907,3.0,4.02
305,1466,3.5,4.04
68,875,3.5,0.0
18,457,3.5,4.08
18,80219,3.5,3.37
599,8827,3.0,4.3
202,3246,4.0,4.26
438,32017,3.0,2.73
57,1288,5.0,4.04
505,1215,4.0,4.01
11,780,4.0,3.47
546,2531,2.0,3.02
549,2571,5.0,4.16
111,1032,3.5,3.22
6,174,3.0,2.73
541,15,3.0,3.09
288,60126,3.5,3.61
382,1196,5.0,4.32
469,2455,3.0,3.58
476,2,4.0,3.36
606,1784,4.0,3.93
585,1405,4.0,2.73
608,6003,4.5,3.59
111,106918,4.0,4.39
292,2990,4.0,3.36
489,903,3.5,4.09
448,2530,2.0,2.41
430,4027,5.0,3.73
369,7361,4.0,4.3
479,2908,4.0,3.46
438,6754,3.0,3.67
210,123553,1.0,0.0
80,3275,5.0,4.22
357,4354,2.5,0.0
105,1206,5.0,4.23
426,4995,4.5,4.07
221,2599,5.0,3.73
160,4148,2.0,2.91
480,8907,3.0,2.28
39,3911,5.0,3.75
484,6868,4.0,3.22
599,4936,2.0,3.79
153,72998,1.0,3.69
448,149354,2.0,2.82
166,50,5.0,4.34
196,104,3.5,3.53
380,4016,4.0,3.75
68,1912,3.0,4.03
177,1175,3.0,4.2
391,4128,3.0,3.66
414,780,4.0,3.8
254,1617,4.5,4.14
474,2087,3.0,3.55
339,1674,4.0,3.44
599,123310,2.0,0.0
367,3157,5.0,2.7
480,8949,2.5,3.78
4,417,2.0,3.54
288,8528,4.0,3.88
140,3062,4.0,4.15
427,151,3.0,3.45
438,7263,3.5,3.31
462,852,0.5,3.15
597,490,3.0,3.19
105,130970,5.0,0.0
230,1527,5.0,3.8
318,364,4.5,4.12
307,2315,0.5,3.0
95,1529,4.0,0.0
397,123,5.0,3.76
603,2877,3.0,0.0
254,1037,3.5,2.59
105,5785,3.5,3.72
459,8368,4.5,3.93
610,99007,3.0,3.53
357,7444,4.5,3.19
474,6810,3.5,0.0
462,162,4.0,4.07
414,3267,4.0,3.98
164,4023,3.0,3.02
269,784,3.0,3.0
160,1979,3.0,0.0
89,2599,3.0,3.82
562,1500,4.0,3.73
153,4973,5.0,4.3
448,113378,2.0,2.31
373,44,1.0,2.42
105,1221,4.5,4.37
45,3408,4.0,3.69
367,2797,5.0,3.79
601,70286,4.5,3.9
102,553,4.0,3.88
364,1356,4.0,3.82
313,2003,4.0,3.37
201,46,1.0,3.55
169,1197,4.0,4.3
489,5378,0.5,3.43
452,1374,5.0,3.8
89,47736,5.0,0.0
480,4638,2.0,3.07
122,61323,5.0,3.67
517,3948,2.0,3.55
522,5952,2.5,4.09
474,8336,3.5,0.0
462,750,4.5,4.41
387,27592,3.0,4.17
305,1200,3.5,4.13
367,4639,2.0,2.44
219,1500,2.5,3.73
71,648,4.0,3.53
28,2427,3.5,3.06
503,1207,4.0,4.18
563,117529,3.5,3.31
448,2231,4.0,3.9
263,2770,2.0,2.88
590,1252,3.0,4.38
212,183897,5.0,4.01
68,34048,2.0,3.54
294,2797,4.0,3.81
600,4963,1.0,4.11
39,260,5.0,4.28
318,117849,4.5,0.0
434,35836,3.5,3.58
232,45447,3.5,3.48
380,5128,3.0,2.29
603,2160,4.0,4.21
495,1438,3.5,2.69
448,7132,5.0,4.3
414,2407,4.0,3.26
148,4886,3.0,3.93
64,2054,3.5,3.0
148,81834,4.0,4.12
20,3300,3.0,3.69
475,88140,4.5,3.68
3,849,5.0,2.78
180,315,3.0,3.04
590,2174,2.5,3.59
603,45,4.0,3.28
19,1291,5.0,4.21
462,183317,4.5,0.0
606,40583,3.5,3.76
555,3442,1.0,0.0
122,3160,5.0,3.7
232,63062,4.0,3.87
62,60684,4.5,4.08
312,5446,4.0,3.28
24,5418,4.0,3.79
600,4713,2.0,4.29
555,1995,2.0,1.28
317,80489,4.0,3.88
105,72998,4.0,3.89
6,86,5.0,3.58
599,1438,1.5,2.73
294,2968,4.0,3.99
217,2746,3.0,3.24
45,924,4.0,3.95
414,55250,2.5,0.0
234,3479,3.0,3.61
52,48304,5.0,3.68
361,3082,4.0,3.27
63,2997,3.0,4.04
361,2858,2.5,4.04
194,1653,3.5,3.96
537,527,1.0,4.21
11,1385,3.0,3.11
606,551,3.0,3.72
339,174055,5.0,3.78
414,50,5.0,4.65
599,110,3.5,4.37
263,1,4.0,3.96
489,4025,3.0,3.24
45,344,4.0,2.99
232,35836,3.5,3.7
249,65802,2.5,3.3
474,7713,4.0,0.0
156,3473,5.0,0.0
469,2311,4.0,3.78
606,6415,4.0,0.0
111,1485,3.5,3.25
219,7022,5.0,3.84
599,2281,2.5,0.0
599,4214,2.5,3.24
487,4027,3.0,3.72
560,48774,4.0,4.28
408,116797,4.0,4.13
566,203,4.0,3.68
279,152077,3.0,3.89
104,76093,4.0,3.92
232,4446,2.5,3.65
446,368,3.0,3.5
274,818,2.0,3.44
247,2858,4.0,4.1
422,5063,3.0,0.0
599,56782,3.0,4.42
414,7325,2.5,3.36
226,1911,2.5,2.75
132,6291,3.5,0.0
294,2423,4.0,3.7
217,2478,2.0,3.16
380,31431,2.5,0.0
475,6365,4.5,3.35
64,1527,3.5,3.79
469,3551,2.0,3.57
307,2332,1.0,0.0
202,3508,5.0,4.3
339,924,5.0,3.9
265,2571,5.0,4.19
32,327,3.0,2.97
287,1411,3.5,4.43
133,253,2.0,3.47
414,832,3.0,3.43
356,266,4.0,3.31
305,2987,4.5,3.85
604,410,4.0,3.14
68,52722,3.0,3.39
424,2291,4.0,3.73
42,552,4.0,3.59
448,158,3.0,3.08
19,3070,5.0,3.36
249,3623,3.5,2.9
286,2294,3.5,3.25
202,3176,4.0,3.37
593,4973,3.5,4.25
414,4661,3.0,0.0
367,4321,4.0,3.42
280,92535,4.0,4.89
140,44399,1.0,0.0
232,62081,3.5,3.02
125,95088,3.5,3.86
90,1366,4.0,0.0
34,5952,1.0,4.05
68,79057,3.5,3.82
380,3784,3.0,2.18
274,4890,2.0,3.07
597,1225,5.0,4.4
330,1394,4.0,4.27
294,234,3.0,2.59
414,30848,3.5,0.0
148,81847,4.5,3.87
599,7108,3.0,0.0
369,45950,3.0,3.7
177,1704,5.0,4.32
376,110,3.5,4.11
14,231,3.0,3.02
211,56367,3.5,3.8
587,445,4.0,2.46
80,5445,4.5,3.76
606,1913,4.0,0.0
330,377,0.5,3.64
256,96610,4.0,3.68
561,102445,3.5,3.94
111,1777,3.5,3.52
573,33794,4.5,4.02
357,671,4.0,3.6
606,6376,4.5,0.0
217,1665,2.0,3.11
352,2288,5.0,4.06
18,1193,4.5,4.29
165,5991,4.0,3.6
44,663,4.0,3.37
140,524,3.5,3.75
590,3703,3.0,3.93
326,142448,4.0,3.0
474,350,3.0,3.52
490,86345,4.0,4.14
585,1228,5.0,4.23
599,3755,2.5,2.93
389,95,4.0,2.86
275,1923,2.0,3.79
448,109673,1.5,0.0
318,152065,3.5,0.0
19,332,2.0,2.34
182,2502,4.5,4.26
79,3576,4.0,3.31
555,3691,3.0,0.0
165,249,4.0,3.15
249,8874,4.5,4.3
66,2648,5.0,4.19
19,434,3.0,3.24
599,48780,3.0,4.6
326,3147,4.5,4.26
480,7161,0.5,2.53
275,1186,5.0,3.63
412,2390,3.0,3.88
381,3751,3.5,3.65
18,1206,4.5,4.22
425,1682,3.0,4.0
298,8949,3.5,3.7
22,4993,1.0,4.2
509,4018,2.5,3.28
369,2021,3.0,3.26
490,81834,3.0,4.11
280,1485,2.5,3.15
603,1171,3.0,3.27
600,3744,1.0,2.89
84,62,4.0,3.82
352,104211,4.0,3.91
486,86,5.0,3.56
286,5952,4.5,4.05
201,2716,5.0,3.78
477,575,3.5,2.67
129,3623,3.5,2.77
125,116897,4.5,4.34
525,59315,3.0,4.0
390,7208,4.0,0.0
318,122886,3.0,3.87
405,55820,4.5,3.9
414,742,1.0,3.56
274,71254,3.5,3.75
599,634,1.0,2.89
367,3797,4.0,0.0
357,7451,4.5,3.72
380,6537,4.0,3.11
309,2132,4.5,3.89
318,3007,4.0,0.0
474,7728,4.0,3.87
515,48516,5.0,4.27
7,1196,4.0,4.29
477,46530,4.5,2.97
588,6,5.0,3.94
318,6711,4.0,4.27
232,48412,3.0,0.0
111,127390,4.0,0.0
602,364,4.0,3.98
47,88810,3.5,3.96
366,58559,4.0,4.23
211,2542,4.5,4.14
73,3911,3.5,3.79
135,1876,2.0,3.11
1,3639,4.0,3.61
489,7438,5.0,3.99
159,1704,5.0,4.05
80,91658,5.0,3.33
282,4025,3.0,3.16
390,44943,5.0,0.0
232,69640,4.0,2.81
83,1223,0.5,4.1
6,219,3.0,0.0
182,2231,3.0,3.94
25,177593,5.0,0.0
292,1021,3.5,2.69
96,648,3.0,3.53
597,1235,5.0,4.3
610,38038,4.0,4.22
292,2291,2.5,3.79
380,1882,3.0,2.42
413,1198,1.0,4.25
99,292,5.0,3.44
233,48394,3.0,3.85
344,1270,5.0,4.01
226,8614,3.0,3.09
345,926,5.0,4.46
142,165,3.0,3.64
509,101864,2.5,3.71
45,2108,2.0,3.57
280,63992,4.0,2.43
232,51086,2.5,2.95
376,185,4.0,3.16
380,6287,3.0,3.3
594,5151,4.5,3.01
95,2706,4.0,3.36
414,4462,1.0,0.0
610,1923,5.0,3.9
74,3201,4.0,4.46
474,5446,4.5,3.4
482,2353,4.0,3.38
217,1833,3.0,3.24
380,30894,4.0,2.33
346,858,4.0,4.3
18,78499,4.0,4.39
411,2,4.0,3.38
217,459,2.0,2.29
599,195,1.5,2.91
414,719,1.0,3.41
600,5349,3.5,3.61
387,39,2.5,3.42
480,6541,1.0,2.95
268,587,1.0,3.32
187,31878,3.5,3.49
105,74789,4.0,3.41
483,1682,3.5,4.14
405,208,4.0,2.97
590,350,2.5,3.37
607,3476,5.0,3.72
139,74458,1.0,4.2
577,2145,3.0,3.16
251,1197,5.0,4.26
232,7163,3.5,3.28
331,3535,5.0,3.91
292,5445,4.0,3.77
608,1513,0.5,3.29
434,1073,4.5,4.0
274,3243,3.0,2.91
105,3593,2.0,1.89
332,377,3.5,3.63
362,48780,4.0,4.36
288,3039,3.0,4.1
190,5618,4.0,4.16
217,3396,3.0,3.72
111,2581,4.0,3.04
4,3044,5.0,3.76
489,2959,4.5,4.28
178,6502,4.5,4.04
509,7173,1.5,3.3
40,158,4.0,2.91
414,1584,3.0,4.32
136,195,5.0,2.78
381,56367,5.0,3.89
608,1591,3.0,2.44
263,2710,2.0,3.06
86,3793,4.0,3.68
332,4447,3.5,3.21
156,500,2.0,3.51
282,2478,4.0,3.12
414,386,3.0,0.0
414,6370,5.0,3.77
177,6987,3.0,3.98
590,48780,3.0,4.38
599,87522,1.5,0.0
6,454,4.0,3.7
517,8969,2.0,3.09
351,47,4.5,3.99
312,589,4.0,4.1
357,2324,4.0,4.14
33,1801,4.0,3.3
122,27660,5.0,3.75
561,2762,4.0,4.05
226,1580,3.5,3.68
256,6502,4.0,4.09
91,4254,2.0,2.09
601,5618,5.0,4.21
288,4343,2.0,3.17
607,457,5.0,4.05
221,154,4.0,3.94
36,908,3.5,4.06
326,4967,4.0,4.39
533,2959,5.0,4.26
38,592,4.0,3.48
606,1701,4.0,4.23
288,68358,3.5,4.1
68,8529,2.5,3.49
177,1552,2.0,3.33
382,5957,3.5,3.39
269,743,3.0,2.64
249,52458,4.0,3.29
381,150,3.5,3.83
606,48516,3.5,4.55
61,50,4.5,4.28
125,4979,4.5,3.73
167,150,4.0,3.79
469,3702,3.0,3.87
424,4226,4.5,4.17
68,2427,3.5,2.93
68,95624,3.0,0.0
91,2916,4.5,3.78
419,2694,3.5,3.25
274,51709,3.5,4.34
325,1370,2.0,3.58
204,44191,5.0,3.92
387,3082,3.0,3.4
274,541,2.5,4.21
581,68954,4.0,4.08
309,30812,4.0,3.52
474,2581,4.0,3.13
322,3578,4.0,3.96
19,2840,2.0,3.02
580,8983,4.0,3.51
297,170,1.0,3.21
251,50872,2.5,3.91
2,112552,4.0,4.09
177,4963,4.0,4.33
551,159093,4.0,3.85
489,4720,3.5,3.81
489,91658,4.0,3.35
232,42007,3.0,0.0
62,114935,5.0,3.71
41,1213,2.0,4.35
182,3984,4.0,3.52
70,1302,5.0,3.65
229,509,3.0,3.63
414,5051,3.0,0.0
301,8368,3.5,3.95
50,87222,2.0,3.54
405,111,4.5,4.2
157,2683,4.0,3.11
221,1267,4.0,4.49
413,4890,5.0,2.98
558,5127,4.0,0.0
606,6578,3.5,0.0
560,2716,3.5,3.82
82,1527,4.0,3.81
599,76077,2.0,3.35
103,5014,4.0,3.72
599,34143,2.0,0.0
483,3418,2.0,3.64
420,1206,4.0,4.15
318,4519,4.0,3.23
249,1562,2.5,2.19
594,6975,0.5,3.94
200,8961,4.0,3.93
520,5459,4.0,2.92
1,151,5.0,3.47
358,7361,4.0,4.29
519,6378,4.0,3.77
162,36,5.0,3.88
384,4280,2.0,3.5
38,648,4.0,3.55
119,5418,4.0,3.85
372,719,2.0,2.98
580,2360,4.5,4.76
599,852,2.0,3.22
590,913,4.5,4.17
351,92048,4.0,0.0
525,103228,4.0,4.0
45,1390,2.0,3.1
247,2028,4.0,4.18
298,136449,3.5,0.0
602,260,5.0,4.24
263,2763,4.0,3.75
47,318,4.0,4.53
273,111,4.0,4.17
414,5957,1.5,3.61
199,161,3.5,3.71
312,2699,3.0,2.96
448,101415,1.5,0.0
542,2572,3.5,3.6
442,3107,0.5,3.24
160,485,0.5,3.26
198,593,4.0,4.25
437,1093,4.0,3.49
32,849,2.0,2.78
357,88125,5.0,3.77
111,119153,4.5,0.0
484,3273,3.0,2.61
140,5791,3.0,3.8
359,2470,3.5,3.25
135,2706,4.0,3.4
469,3265,3.0,4.07
66,3740,4.0,3.82
200,1485,3.5,3.25
448,111743,3.5,3.31
438,2001,4.0,3.3
125,589,4.0,4.05
599,3764,2.5,2.29
448,1,5.0,4.26
425,2353,3.5,3.4
57,2641,2.0,3.18
477,56921,4.5,3.73
414,1344,3.5,3.99
610,1300,4.5,4.2
610,4308,2.5,3.61
594,7742,0.5,0.0
103,2080,3.5,3.54
149,196,3.0,2.69
514,1321,4.0,3.4
594,3269,4.5,2.81
586,102125,4.5,3.64
332,1590,2.5,3.08
177,1801,5.0,3.37
232,32031,3.5,3.33
90,1442,2.0,0.0
594,2491,4.5,2.53
66,3098,4.5,3.72
380,105731,3.0,0.0
334,1196,4.0,4.29
414,46974,3.0,2.79
343,6016,5.0,4.13
232,4789,3.0,0.0
414,2990,3.0,3.92
504,377,4.0,3.57
387,141,2.0,3.61
380,7444,3.0,3.29
474,8368,5.0,4.0
305,89904,4.5,3.97
231,1200,5.0,3.92
140,2561,3.0,0.0
47,30793,3.0,3.0
249,30812,4.0,3.71
330,2291,4.0,3.83
50,136020,2.0,2.99
105,5313,3.0,2.44
560,47997,4.0,4.29
249,69526,3.0,2.7
68,48385,1.0,3.44
339,2019,4.0,4.38
514,2002,3.0,2.78
552,4638,1.0,2.97
592,253,4.0,3.46
599,34405,3.5,4.02
593,3996,4.5,3.89
586,52287,4.5,3.49
514,2148,2.5,3.54
318,58162,3.5,2.95
195,4344,3.0,3.02
133,380,3.0,3.53
479,1198,4.0,4.23
226,6025,4.0,2.44
141,78499,4.0,4.4
478,2987,2.5,3.62
610,27773,5.0,4.27
298,80549,2.0,3.92
298,2985,3.0,3.6
144,480,3.0,3.75
600,1721,3.0,3.58
519,4025,5.0,3.12
414,3105,3.0,4.3
249,73106,3.0,0.0
525,70293,3.5,3.11
318,47200,3.0,3.81
318,7124,3.5,0.0
553,5418,4.0,3.76
520,2375,4.0,2.95
68,1552,3.5,3.4
551,115149,4.0,3.87
274,2355,3.5,3.83
91,4214,2.0,3.1
448,85510,2.0,3.26
385,1204,5.0,4.32
474,7079,2.5,0.0
57,1148,5.0,4.15
169,8783,4.5,3.1
50,2925,3.5,4.47
182,3698,4.0,3.38
380,2115,5.0,3.78
610,170875,3.0,0.0
169,2502,5.0,4.22
34,4720,4.0,3.68
517,5816,4.0,3.61
608,4247,1.0,2.44
41,7438,5.0,4.0
393,4848,3.0,3.91
221,27768,4.5,0.0
274,8908,3.5,3.48
312,1094,4.0,3.53
610,7173,3.0,3.47
307,1994,2.5,3.5
391,3470,5.0,4.26
391,1256,5.0,4.16
462,1090,4.0,4.08
357,4963,4.5,4.11
279,2918,2.5,3.95
483,5679,1.5,3.46
140,1047,3.0,3.27
18,84392,4.5,3.64
249,89,3.5,3.58
374,1339,3.0,3.37
27,158,2.0,2.86
594,6333,4.5,3.68
191,213,5.0,3.45
284,370,2.0,3.19
593,1296,5.0,4.21
46,231,3.0,3.04
140,4031,3.0,0.0
474,1235,4.0,4.23
68,2081,5.0,3.68
483,2986,2.5,3.0
436,165,3.0,3.67
210,34397,3.0,0.0
210,76093,5.0,3.92
177,70336,3.0,2.15
599,6436,2.5,0.0
561,79695,2.5,3.11
6,1073,3.0,4.0
42,1221,5.0,4.3
140,5377,3.5,3.82
274,45442,2.0,0.0
140,4326,3.5,3.64
66,541,5.0,4.21
566,587,3.0,3.34
274,8906,3.5,0.0
483,7147,5.0,3.99
23,1233,5.0,4.3
525,1265,4.0,4.12
520,32469,4.5,0.0
45,1457,4.0,2.97
17,293,3.5,4.08
156,8228,5.0,3.45
232,59784,3.0,3.54
438,37386,3.0,2.68
474,308,4.0,3.92
247,122886,3.5,3.81
221,1394,5.0,4.26
474,6744,2.5,2.31
310,1198,4.0,4.24
322,2353,4.0,3.34
339,104879,4.5,4.13
365,4886,4.0,3.98
609,1059,3.0,3.78
590,64614,4.0,4.21
356,1031,5.0,3.42
473,3264,2.0,2.51
448,2406,3.0,3.77
73,56367,3.5,3.79
74,1217,4.0,4.74
414,43871,2.5,2.93
332,6287,3.5,3.09
476,317,3.0,3.2
594,7116,0.5,4.03
600,6659,3.0,3.72
10,69844,3.0,3.89
247,923,4.0,4.04
479,858,4.0,4.26
294,1587,4.0,3.49
566,736,4.0,3.46
200,7163,2.5,3.17
249,908,4.0,4.14
305,48304,3.0,3.87
448,165343,1.5,0.0
89,134334,4.5,0.0
149,2011,2.0,3.5
298,110102,3.0,4.0
23,3681,3.5,4.03
294,1441,4.0,3.33
314,1374,3.0,3.71
543,1265,5.0,3.97
297,161,2.0,3.72
534,3751,4.0,3.66
599,69131,2.5,0.0
160,1676,1.0,3.55
399,5445,0.5,3.72
113,111,4.0,4.21
354,457,3.5,4.06
141,1,4.0,3.97
318,148626,4.5,3.93
354,1101,4.0,3.17
478,34048,2.0,3.31
339,8529,4.0,3.3
160,1717,1.0,3.03
105,8984,4.0,3.29
47,96567,4.0,0.0
152,50,4.5,4.28
387,7981,4.0,4.57
567,71530,0.5,3.42
596,1479,2.5,3.61
28,55908,3.5,3.93
489,45666,0.5,2.89
287,3358,3.5,3.88
476,590,5.0,3.85
323,110102,1.5,3.88
149,2094,3.0,3.34
563,72919,3.0,0.0
603,1617,5.0,4.22
201,2249,3.0,3.32
82,337,2.5,3.87
427,110,4.0,4.07
153,81456,3.0,0.0
600,2060,4.0,3.32
483,7438,4.0,4.06
130,292,5.0,3.4
520,72998,4.5,3.7
517,1088,1.0,3.52
487,61240,4.0,4.09
592,405,1.0,2.63
603,800,4.0,4.35
380,1097,4.0,3.98
610,102123,4.0,2.75
564,51084,3.5,3.36
202,2346,3.0,3.25
346,521,3.5,0.0
307,2325,2.5,3.65
140,2889,3.5,3.84
294,3877,2.0,2.74
559,314,4.0,3.68
590,73023,4.0,4.75
503,4450,3.0,3.0
19,2802,3.0,3.12
474,3359,3.5,4.5
372,1393,3.0,3.5
124,2858,5.0,4.05
603,331,3.0,0.0
7,6333,4.0,3.68
569,480,4.0,3.71
249,94777,4.0,3.9
105,3301,3.5,3.7
226,36708,2.5,3.81
10,88163,4.0,4.09
599,1,3.0,4.31
480,4848,3.5,3.91
485,434,4.0,3.06
273,471,5.0,3.73
57,1674,3.0,3.53
212,780,2.0,3.49
24,86882,4.0,3.71
599,27904,2.5,3.91
600,5669,3.5,3.79
28,647,2.5,3.52
305,70728,4.0,3.93
482,8268,4.0,0.0
610,1454,3.5,3.61
475,1240,4.5,3.97
239,5349,4.5,3.63
381,333,4.5,3.86
573,8361,4.0,3.27
232,1544,3.5,2.87
580,3052,3.5,3.69
608,2474,4.5,3.33
367,3358,3.0,3.86
492,260,4.0,4.23
462,2289,4.0,4.14
480,3189,3.5,3.79
590,51662,3.5,3.66
359,1172,4.5,3.79
365,8641,3.5,3.74
484,50872,5.0,4.03
232,1302,3.5,3.8
599,173,2.5,2.65
480,45668,2.5,3.24
290,1282,5.0,3.76
599,45969,2.5,0.0
414,1726,2.0,3.6
555,3758,4.0,0.0
580,30707,4.5,3.85
414,2264,3.0,0.0
284,231,4.0,3.06
95,2009,4.0,3.53
279,589,4.0,4.05
20,5679,3.5,3.37
610,2968,5.0,4.29
414,40614,4.0,3.82
489,5349,3.0,3.65
387,2403,3.0,4.02
380,5899,5.0,0.0
481,1588,1.0,3.2
312,2600,4.0,3.84
599,57,2.5,3.29
254,457,4.0,4.02
263,4959,3.0,0.0
47,2028,4.0,4.11
483,96417,4.0,3.19
426,2375,3.0,2.93
313,3267,3.0,3.39
10,88810,3.0,3.99
606,48783,3.5,3.74
495,80489,5.0,3.92
597,1635,5.0,4.05
400,356,4.5,4.19
212,88125,3.5,3.78
408,74789,3.0,3.02
190,8464,4.0,3.53
325,799,4.0,3.51
491,65230,4.0,3.09
17,44,3.5,2.41
139,5957,1.5,3.35
464,4993,5.0,4.22
585,2959,5.0,4.26
555,1459,3.0,3.24
600,539,2.0,3.74
334,4226,3.5,4.19
590,648,3.5,3.7
280,8368,4.0,3.95
292,95167,3.0,3.74
275,5034,2.0,0.0
165,1196,4.0,4.26
140,3255,5.0,3.4
292,2568,2.0,3.26
304,1370,4.0,3.6
541,367,2.0,3.23
200,4299,4.5,3.64
495,150,4.5,3.78
156,7137,4.0,3.28
135,3527,4.0,3.74
64,1221,5.0,4.4
430,3751,4.0,3.59
160,2422,1.0,1.89
64,432,2.5,2.7
380,5957,3.0,3.53
177,906,4.0,4.41
238,4945,4.0,0.0
547,3102,4.0,3.85
597,1201,4.0,4.39
398,26147,5.0,0.0
401,66097,4.0,3.76
606,1201,4.0,4.42
580,1240,3.5,4.01
86,4886,4.0,3.94
306,69644,3.0,2.34
105,104374,5.0,4.16
438,4823,4.5,3.11
517,2421,0.5,2.59
91,2302,1.0,3.36
307,1380,2.5,3.51
159,5299,4.0,3.12
577,316,2.0,3.38
594,7782,4.5,0.0
419,52245,3.5,3.29
294,2748,2.0,0.0
288,1372,3.5,3.23
232,8644,4.5,3.62
597,50,5.0,4.31
610,44761,4.5,3.73
257,2502,1.5,4.13
149,379,2.0,2.53
474,54881,4.0,4.04
474,7070,4.0,0.0
522,48738,3.5,3.8
448,141004,2.0,0.0
294,2641,2.0,3.15
600,2011,4.5,3.61
68,2628,3.0,3.47
517,84847,0.5,0.0
521,780,4.0,3.44
182,1148,4.5,4.15
21,117922,3.5,0.0
182,2947,4.0,4.01
129,40819,4.0,3.76
308,36,1.0,3.88
387,5984,4.0,0.0
323,208,2.5,2.97
377,25959,2.5,0.0
403,58998,4.0,3.98
169,356,4.5,4.28
489,3742,4.5,4.02
98,179819,3.0,3.38
414,109487,4.5,4.57
317,1617,4.0,4.14
182,5418,2.0,3.93
182,1566,1.0,3.55
113,1265,3.0,3.99
514,6979,5.0,3.24
10,49272,5.0,4.03
321,500,4.0,3.48
599,4862,2.5,0.94
261,2329,4.0,4.29
196,44665,4.0,3.74
524,253,3.0,3.46
323,1092,3.0,3.32
495,4993,0.5,4.23
68,441,4.5,4.04
68,3536,4.0,3.22
567,79091,0.5,3.79
600,2506,3.5,2.52
318,922,4.0,4.55
555,2445,4.0,2.56
606,3448,4.0,3.8
453,4027,5.0,3.8
387,48385,3.5,3.4
603,1227,4.0,4.12
249,62999,3.0,3.48
597,1961,5.0,3.88
188,914,5.0,3.96
610,8957,3.0,3.75
317,3499,3.0,3.85
339,54997,5.0,3.88
284,236,4.0,3.48
518,1380,2.0,3.28
414,4985,1.0,0.0
256,5881,2.5,3.19
414,5387,2.5,0.0
600,1060,1.0,3.8
6,126,3.0,1.92
44,6,3.0,3.9
4,2692,5.0,3.99
292,78499,4.0,4.41
199,539,2.0,3.7
580,33437,5.0,3.44
586,89745,4.5,3.92
66,2463,4.0,3.41
474,1586,2.0,2.88
274,1032,3.5,3.3
514,60487,4.0,0.0
177,6503,2.5,2.57
393,8798,4.0,3.59
7,6539,4.5,3.91
480,41569,4.0,3.34
10,71579,5.0,0.0
301,46578,4.0,3.84
239,2470,3.0,3.32
380,1136,5.0,4.55
453,196,3.0,2.77
177,5072,3.5,3.84
63,1148,5.0,4.14
514,5797,2.0,0.0
169,3534,4.5,3.25
288,2539,3.5,3.34
445,1136,5.0,4.22
414,2373,2.0,3.02
104,2690,4.0,3.8
272,112138,4.0,3.89
517,2002,1.5,2.8
325,2986,1.0,3.02
200,367,3.5,3.26
249,87192,4.5,3.72
510,101,4.0,3.61
484,923,4.5,4.04
610,57528,3.5,3.59
89,156025,5.0,0.0
414,8641,3.0,4.23
414,6301,4.0,4.04
414,27788,2.5,3.96
160,1620,0.5,3.45
596,4973,4.0,4.36
212,46578,4.0,3.91
271,6787,3.5,4.02
603,1394,5.0,4.31
610,4370,3.5,3.49
381,2005,4.5,3.85
202,1584,5.0,3.73
608,448,4.0,3.48
477,2918,4.0,4.03
610,2459,3.5,3.29
474,5603,4.0,0.0
226,6365,3.0,3.39
561,592,4.5,3.6
18,71156,3.0,3.4
466,73017,4.5,3.92
489,1080,3.5,4.05
226,5952,4.0,4.15
414,1304,5.0,4.3
477,4499,4.0,4.25
596,2642,2.5,2.31
599,7360,3.0,4.28
555,337,5.0,3.98
42,647,2.0,3.59
525,4022,3.5,3.82
331,54503,5.0,4.09
564,104,3.0,3.56
313,29,4.0,4.11
46,315,3.0,3.08
489,52885,3.0,4.26
438,6541,2.5,2.94
331,8361,2.5,3.25
241,44191,4.0,3.89
380,161354,3.0,0.0
474,6365,3.0,3.39
344,3000,4.5,4.06
414,2922,4.0,0.0
484,4816,4.5,3.49
414,6720,3.0,0.0
68,70183,5.0,3.64
527,1356,4.0,3.85
542,5266,3.0,3.13
424,1288,4.0,4.0
448,109487,3.0,4.41
567,99149,2.5,3.64
64,6975,4.0,4.08
217,2088,3.0,2.69
414,111921,3.5,3.33
318,116505,3.0,0.0
432,2572,3.5,3.62
86,1091,3.5,2.47
460,2359,4.0,3.51
20,34,4.0,3.67
124,256,3.0,2.79
62,44191,5.0,4.04
534,150993,4.0,0.0
219,63082,5.0,4.05
20,1919,3.5,2.26
605,1517,4.0,3.49
438,5803,3.0,2.71
357,4896,3.5,3.84
380,104913,5.0,3.8
202,1212,4.0,4.22
57,367,3.0,3.28
474,51540,4.0,4.18
606,2359,4.0,3.57
57,2174,3.0,3.56
84,331,3.0,0.0
235,329,3.0,3.4
183,2194,5.0,3.87
232,58839,3.0,2.71
166,1377,3.5,3.04
514,5103,3.5,3.47
555,3663,2.0,0.0
68,2560,2.5,3.17
414,66509,3.5,0.0
227,102445,4.0,3.85
42,2968,4.0,4.03
448,6663,3.0,4.08
19,1911,2.0,2.78
469,1374,4.0,3.77
298,134368,1.0,3.97
156,3175,4.5,3.73
577,1968,3.0,3.86
425,2291,3.5,3.77
567,166534,2.5,3.33
68,2140,2.5,3.68
108,1097,5.0,3.84
249,115149,4.0,4.18
292,3157,3.0,2.77
76,56174,2.0,3.51
414,3543,4.0,3.72
506,56782,4.0,4.39
18,50872,3.5,4.2
571,1717,3.0,2.98
561,48304,3.0,3.79
509,60040,3.0,3.34
309,3171,4.0,0.0
68,1393,4.5,3.64
132,56782,2.5,4.4
20,4846,2.5,3.78
448,4979,3.5,3.8
233,1230,3.5,4.03
603,2349,4.0,3.91
45,150,5.0,3.86
382,215,4.0,3.8
339,122904,2.0,4.24
298,60684,3.5,4.07
12,1265,3.5,3.96
412,1221,5.0,4.3
532,2288,4.0,4.01
606,1542,4.5,0.0
377,7834,4.0,0.0
221,3507,4.0,4.08
480,3814,5.0,3.79
21,109723,3.5,0.0
294,1089,3.0,4.29
434,2858,5.0,4.11
232,5572,2.5,2.7
483,6979,3.0,3.36
285,6978,3.5,3.18
381,3988,2.0,3.05
414,1079,5.0,4.56
217,1148,4.0,4.1
603,2891,4.0,0.0
307,21,2.5,3.44
329,1958,4.0,3.71
246,30793,4.0,3.02
599,414,2.0,0.0
21,6166,2.0,1.61
274,2424,1.5,3.52
216,4007,2.0,3.89
600,6377,4.0,4.13
25,2028,5.0,4.12
590,1717,2.0,3.08
117,440,4.0,3.64
608,4890,4.0,3.02
22,3996,4.5,3.92
57,2532,3.0,3.22
109,357,4.0,3.54
448,45447,2.0,3.56
171,661,5.0,3.44
437,300,5.0,3.49
265,2430,3.0,2.67
555,150,4.0,3.91
301,500,3.5,3.48
187,1263,2.0,4.11
246,5013,5.0,3.68
234,1391,4.0,3.14
516,4027,4.0,3.71
275,2245,3.0,3.29
448,80219,4.0,3.53
457,1356,3.0,3.84
105,55269,3.0,3.72
69,3671,5.0,3.91
100,1307,4.5,3.96
55,3275,5.0,4.19
317,1387,3.0,4.09
91,2692,4.0,4.05
572,1179,1.0,3.68
607,919,5.0,3.9
73,66097,1.5,3.85
477,68237,4.5,4.14
135,1468,5.0,2.88
211,4367,2.5,2.89
453,733,4.0,3.84
47,4474,3.5,2.47
577,1030,3.0,2.8
156,1224,4.0,4.21
238,2471,3.0,2.71
19,3705,2.0,2.39
483,370,4.0,3.34
69,356,4.0,4.19
599,2496,2.5,3.07
537,80906,5.0,4.05
599,27865,3.5,0.0
414,2133,4.0,3.78
599,6618,2.5,4.27
249,4776,4.0,4.08
103,595,3.0,3.83
448,68358,3.5,4.24
438,6156,3.0,3.17
478,3793,3.5,3.66
524,454,3.0,3.65
466,3793,4.0,3.7
244,2490,5.0,3.26
282,49822,4.0,3.03
289,7028,4.0,3.62
59,648,5.0,3.54
275,4816,5.0,3.5
249,184253,4.0,0.0
111,119145,5.0,4.09
596,1046,4.0,4.47
288,1073,4.0,4.24
438,4141,2.5,0.0
113,46,3.0,3.55
21,105213,2.0,2.97
426,31,5.0,3.37
76,1732,4.0,3.92
119,130578,4.0,0.0
474,5483,4.5,0.0
606,6947,4.5,3.62
198,1230,3.0,4.06
122,3089,5.0,3.91
50,81562,2.0,3.96
438,6765,2.0,4.05
430,1372,4.0,3.28
491,8529,5.0,3.26
606,3155,3.5,3.96
406,2100,0.5,3.02
553,2858,5.0,4.05
131,6947,3.5,3.51
43,185,4.0,3.25
232,7458,5.0,3.67
514,1617,4.0,4.15
187,541,4.5,4.18
452,3081,4.0,3.58
182,353,4.0,3.62
68,88744,4.0,3.62
522,1500,4.5,3.72
233,1732,4.0,3.94
342,2975,3.0,0.0
16,1201,3.0,4.26
249,4643,3.0,2.96
599,455,2.0,2.78
597,2367,5.0,2.2
437,371,4.0,2.89
64,4144,4.5,4.18
141,54286,3.5,3.71
597,2490,3.0,3.23
561,3444,4.0,2.77
599,45722,2.5,3.74
480,454,2.5,3.72
159,2858,4.0,4.06
610,74228,4.5,0.0
352,1923,3.0,3.72
592,112,3.0,3.57
63,1387,3.0,4.12
73,47122,4.0,2.86
84,31,3.0,3.45
534,33004,4.5,3.38
380,122904,5.0,4.58
119,166461,4.0,3.31
239,3717,3.5,3.44
170,48,4.0,3.16
380,117192,4.0,0.0
212,83134,3.5,3.5
599,637,2.0,3.79
474,425,3.5,0.0
608,608,3.0,4.32
231,589,5.0,4.0
243,380,3.0,3.55
219,1831,0.5,2.5
446,151,4.0,3.44
532,457,5.0,3.98
57,2094,3.0,3.35
307,48774,3.0,4.33
356,3088,4.5,3.95
71,86,5.0,3.56
380,27660,4.0,3.94
287,355,0.5,2.37
448,160646,2.5,0.0
597,2985,4.0,3.56
298,58162,1.5,2.93
352,134130,5.0,4.01
599,4392,2.5,0.0
599,5423,3.0,2.87
608,2716,3.0,3.85
74,3160,4.0,3.71
486,593,3.0,4.19
608,708,2.0,3.53
400,58559,4.5,4.21
64,2722,3.0,2.56
33,1,3.0,3.91
414,179817,4.0,0.0
461,593,4.0,4.17
571,3696,2.0,0.0
13,2541,2.0,3.34
216,2599,4.0,3.74
348,8798,4.5,3.6
480,34319,3.0,3.97
332,68157,3.5,4.21
137,541,5.0,4.17
63,3535,4.0,3.93
201,1517,4.0,3.52
135,1483,4.0,3.11
453,3869,5.0,3.35
246,260,5.0,4.3
412,2828,2.0,0.0
253,2599,5.0,3.73
352,68954,4.0,4.18
334,1101,3.5,3.12
389,788,4.0,2.79
600,4280,4.0,3.49
58,371,4.0,2.93
23,4973,3.5,4.28
448,92008,2.5,0.0
483,527,5.0,4.41
599,89904,2.5,4.03
410,707,3.0,2.99
298,8873,3.0,3.9
177,1367,2.5,3.2
365,102903,3.5,3.53
301,4963,4.0,4.03
490,68954,3.5,4.08
563,110771,3.0,3.18
414,4902,4.0,2.36
288,3359,4.5,4.35
46,367,4.0,3.22
587,2470,4.0,3.27
576,849,1.5,2.77
564,148626,3.5,3.84
177,2644,2.5,3.93
381,30810,2.0,3.68
18,2411,3.0,2.76
187,7438,4.0,3.99
63,150,3.0,3.8
414,88405,3.5,3.67
599,832,2.5,3.36
298,6350,3.0,4.27
232,8373,2.5,2.12
471,1,5.0,3.89
352,4993,5.0,4.25
221,30846,3.5,0.0
610,741,4.5,4.28
594,762,4.0,2.59
527,1373,4.0,2.49
167,2858,3.0,4.05
45,5220,2.0,2.63
274,44199,3.5,4.12
139,4886,3.0,3.95
82,6879,3.5,3.41
219,520,4.0,3.15
590,3683,3.5,4.09
491,88810,5.0,3.96
108,5051,3.0,0.0
560,5903,3.5,3.92
39,1862,2.0,2.14
104,5957,3.5,3.35
420,54995,4.0,3.81
356,1479,5.0,3.6
21,1200,2.0,4.01
477,32,4.5,4.08
57,3773,1.0,0.0
391,1619,2.0,3.42
438,3107,4.5,3.33
424,2804,3.5,3.99
210,90866,4.5,3.74
233,99114,3.5,4.01
599,2942,3.5,2.73
57,720,5.0,4.29
600,252,2.0,3.78
395,356,3.0,4.19
64,1732,5.0,4.05
474,2193,3.5,3.5
441,58998,4.0,4.01
419,2617,2.0,3.05
288,6874,4.0,3.9
608,780,3.0,3.62
274,1748,3.5,3.68
573,500,5.0,3.52
111,148626,5.0,3.89
610,53022,4.5,0.0
102,204,2.0,2.65
573,333,5.0,3.87
177,6936,3.0,3.83
607,1259,5.0,3.98
232,72731,3.5,0.0
226,520,4.0,3.2
596,4366,4.0,3.38
534,8874,4.5,4.17
520,4333,3.5,3.53
328,5989,3.5,4.02
284,186,4.0,3.18
216,3946,2.0,2.49
387,54116,3.5,0.0
28,1101,3.0,3.18
599,116799,3.0,3.97
474,2245,3.0,3.43
402,47,3.0,3.99
280,4973,4.0,4.29
380,3717,3.0,3.73
465,908,5.0,4.1
603,506,5.0,0.0
249,122886,4.5,3.99
424,1921,3.5,4.02
41,6874,5.0,3.92
448,1438,2.0,2.71
301,349,4.0,3.7
21,53996,3.5,3.39
24,6350,4.5,4.12
414,8873,3.5,4.13
448,3087,3.0,3.49
105,103235,4.5,4.09
610,80489,4.0,4.21
542,5991,4.5,3.62
337,76,5.0,3.3
599,43921,2.5,0.0
483,1676,3.0,3.51
7,8984,4.0,3.22
200,762,3.5,2.64
249,3301,4.0,3.77
19,1256,4.0,4.14
249,2143,3.5,3.08
232,2394,3.0,3.53
414,5308,3.0,2.41
599,7228,2.0,2.32
226,1073,5.0,4.06
469,1956,5.0,4.13
179,9,3.0,3.11
15,58559,2.0,4.25
257,1380,4.0,3.28
352,3481,3.0,3.68
3,2080,0.5,3.42
282,3977,3.0,2.76
401,1580,2.0,3.55
469,2643,1.0,1.76
573,3617,4.0,3.03
448,2041,4.0,0.0
68,1805,3.0,2.89
474,1639,3.5,3.74
199,6953,3.0,3.42
177,2132,4.0,3.83
323,316,2.5,3.34
372,21,3.0,3.48
601,4886,5.0,3.96
294,2042,2.0,2.67
256,3949,4.0,3.95
307,4642,2.0,3.82
51,2701,0.5,2.51
249,1178,4.0,4.31
105,138835,5.0,0.0
422,1358,3.0,4.18
232,1333,1.5,3.75
606,3076,4.0,0.0
606,32291,3.0,0.0
186,780,4.0,3.54
610,130634,4.5,2.51
102,590,4.0,3.82
288,2355,3.0,3.77
552,296,4.0,4.26
91,1885,2.0,3.35
610,27778,3.0,0.0
296,5618,4.5,4.15
68,2338,3.0,2.64
433,2959,4.0,4.26
375,2805,4.0,2.94
307,1201,4.0,4.36
222,33660,3.5,4.15
328,2012,3.0,3.54
414,198,3.0,3.56
68,4367,3.0,3.18
215,3210,4.5,3.48
452,1968,5.0,3.88
332,1206,4.0,4.16
484,6944,4.0,3.34
467,466,1.0,3.0
29,1209,4.5,3.94
275,4002,3.0,3.98
313,2002,2.0,2.82
420,7438,3.5,3.96
584,364,5.0,4.0
590,45186,3.0,3.79
337,832,4.0,3.2
244,1586,4.0,2.75
328,63859,2.0,3.46
140,969,4.0,4.13
477,3114,3.0,4.02
603,3993,2.0,3.16
438,637,3.0,3.6
279,57368,3.0,3.18
489,7101,2.5,3.39
541,508,5.0,3.63
474,6708,3.5,3.9
608,2392,2.0,2.28
606,6807,4.0,4.19
80,44191,4.0,3.96
451,852,4.0,3.16
477,8228,3.0,3.49
599,6860,2.0,0.0
333,3719,4.0,0.0
448,159690,2.0,0.0
423,589,5.0,4.0
603,1176,5.0,0.0
336,296,5.0,4.28
596,2641,3.0,3.18
249,71106,4.0,3.92
50,750,4.0,4.35
474,43,3.5,2.42
570,1101,3.0,3.16
198,1994,2.0,3.41
51,4041,3.5,3.33
597,2150,4.0,3.98
288,1035,3.0,4.2
474,2930,3.5,0.0
100,590,4.0,3.83
275,3429,5.0,4.29
305,173925,4.5,0.0
448,2011,3.0,3.85
414,7980,4.0,3.81
187,48043,3.5,3.58
236,2806,5.0,2.21
380,1617,5.0,4.42
590,590,3.0,3.92
73,6539,4.5,3.96
414,3535,4.0,4.21
597,3037,4.0,4.04
448,912,4.5,4.49
498,300,4.0,3.46
606,5319,4.0,4.15
283,1580,4.0,3.52
58,261,4.0,3.87
295,3198,5.0,3.66
288,3156,3.0,2.92
605,587,3.0,3.33
230,1387,1.0,4.1
140,5873,3.5,0.0
561,112623,3.5,3.39
514,2787,2.5,2.7
199,62,1.0,3.75
525,102445,2.5,3.98
387,608,4.0,4.35
469,1178,5.0,4.42
50,72998,2.0,3.71
440,307,4.0,3.81
217,2344,3.0,2.83
339,174053,4.0,0.0
66,318,4.5,4.58
204,1206,4.0,4.16
219,832,2.0,3.26
489,2671,3.5,3.48
111,1367,2.5,3.15
101,3159,4.0,3.82
438,8984,2.5,3.32
245,745,3.0,4.13
232,71838,4.0,2.84
57,3624,4.0,3.25
523,56174,5.0,3.52
68,70286,4.0,4.28
111,95720,4.0,2.79
488,913,3.5,4.22
305,2324,5.0,4.22
391,1028,5.0,3.83
352,56145,5.0,2.32
603,1339,4.0,3.49
286,4306,3.5,3.94
307,2139,3.5,3.56
522,3949,3.0,3.99
256,3979,3.5,2.78
132,2987,3.0,3.69
562,70336,3.5,2.07
603,3996,5.0,4.04
474,3877,2.0,2.63
577,1200,3.0,3.98
474,948,4.0,0.0
305,64499,5.0,0.0
91,6731,4.5,3.64
391,5075,2.0,0.0
129,2628,3.5,3.26
356,1208,5.0,4.23
610,4437,5.0,4.73
534,5459,3.5,3.1
610,103772,4.0,3.62
246,72998,4.0,3.78
599,7704,2.0,0.0
395,410,3.0,3.15
308,223,1.0,3.91
169,4890,4.0,2.99
517,4246,3.0,3.75
298,858,5.0,4.4
119,103141,4.5,4.03
332,7482,3.5,4.03
268,1252,5.0,4.29
226,788,3.5,2.99
590,41569,3.5,3.37
280,1580,3.5,3.56
400,593,5.0,4.19
183,2028,5.0,4.13
562,364,5.0,4.01
18,8360,3.5,3.61
477,2288,5.0,4.14
28,7123,3.0,3.43
19,575,2.0,2.66
4,4166,3.0,0.0
84,637,1.0,3.41
274,8360,4.0,3.69
105,95175,5.0,0.0
387,5065,3.0,2.74
423,5445,3.5,3.71
194,1090,4.5,4.03
484,2087,5.0,3.52
332,2395,3.5,3.5
195,2329,4.0,4.31
433,110,3.0,4.06
15,109374,2.0,3.81
68,33493,3.0,3.85
599,4441,4.0,0.0
428,165,1.0,3.69
465,3702,4.0,3.76
463,2028,4.5,4.11
469,2000,4.0,3.83
514,3244,2.5,4.02
173,480,4.0,3.7
224,1259,5.0,3.93
188,3341,5.0,4.32
275,3408,5.0,3.64
567,70286,3.0,3.97
196,2028,3.0,4.11
414,3507,5.0,4.4
594,145,4.0,3.46
580,2467,3.5,4.0
599,3412,3.0,4.02
599,355,1.0,2.31
177,8718,4.0,0.0
177,35957,4.0,3.27
606,1734,4.0,3.58
509,7153,5.0,4.26
357,1996,2.5,0.0
610,5049,4.5,3.82
26,225,3.0,3.56
527,4720,4.0,3.68
509,58293,3.0,2.43
232,5881,2.0,3.34
420,318,4.5,4.54
448,152091,2.5,0.0
454,2997,2.5,3.99
89,134847,5.0,0.0
177,1033,3.5,3.81
249,135133,4.0,4.21
570,186,0.5,3.22
590,3671,3.0,4.04
376,97304,5.0,4.01
448,4654,1.5,3.05
111,102123,4.5,2.85
82,1214,3.5,3.91
428,5377,3.5,3.77
475,4993,5.0,4.23
83,1090,1.5,4.05
212,8361,3.0,3.23
474,1588,3.0,3.39
249,106782,5.0,4.39
544,736,5.0,3.44
560,1641,3.5,3.77
169,539,4.5,3.7
318,1036,4.0,3.97
244,2797,4.0,3.73
504,1307,4.5,3.91
62,260,4.5,4.34
263,1247,3.0,4.02
31,1214,4.0,3.89
58,288,3.0,3.42
139,3793,3.0,3.69
232,7366,3.0,3.11
546,3984,4.0,3.31
352,52973,3.5,3.88
504,7139,4.5,4.02
210,122926,4.5,4.23
244,1079,5.0,3.93
156,936,5.0,4.05
538,69757,4.5,3.51
599,2012,1.5,3.84
599,101525,3.0,0.0
260,111,5.0,4.2
391,2145,5.0,3.2
378,54286,3.5,3.65
602,296,5.0,4.26
198,4226,4.0,4.18
488,527,5.0,4.25
232,36525,3.0,2.98
343,55820,4.5,3.89
496,4191,2.5,3.25
187,6708,3.0,3.77
133,300,3.0,3.48
226,2193,4.0,3.35
222,101531,2.0,0.0
192,10,5.0,3.45
338,1203,5.0,4.11
565,47,4.0,3.99
274,46972,3.0,3.73
596,33493,3.0,3.59
232,40414,4.0,3.94
49,4022,4.5,3.7
362,1206,5.0,4.18
555,2628,5.0,3.28
70,1235,4.0,4.25
68,74154,1.0,3.12
555,3101,4.0,3.33
292,79091,3.5,3.92
200,356,4.0,4.32
282,8360,4.0,3.57
477,5502,3.5,3.2
62,7254,4.0,3.67
381,4963,4.0,4.17
327,2616,3.5,2.89
156,1028,3.0,3.82
597,1030,2.0,2.8
590,165,3.0,3.85
226,595,2.5,3.87
274,93,3.5,3.35
68,1210,5.0,4.47
57,1953,4.0,3.99
509,50796,2.0,0.0
169,1265,4.0,4.02
274,5025,2.5,2.77
18,119145,4.0,4.08
169,4975,4.0,3.46
599,2681,2.5,0.0
361,1485,3.5,3.13
436,440,4.0,3.61
202,2922,3.0,0.0
170,282,4.0,3.48
275,1574,1.0,0.0
141,58559,5.0,4.28
356,2571,4.0,4.24
206,62,4.0,3.68
509,97938,3.5,3.9
186,1009,4.0,2.95
599,76030,0.5,0.0
221,1449,5.0,3.75
177,74795,3.5,3.51
341,1270,3.5,4.01
51,59306,0.5,0.0
600,3108,5.0,3.95
448,2567,4.0,3.21
419,34048,3.5,3.33
139,5679,2.5,3.38
459,50872,4.0,3.93
354,2167,3.5,3.5
266,2580,4.0,4.05
597,1648,4.0,0.0
227,48738,5.0,3.73
85,1358,1.0,4.15
524,1097,2.0,3.86
489,48774,4.0,4.26
66,3526,4.5,3.9
171,742,4.0,2.88
504,22,3.5,3.14
380,3682,2.0,3.5
6,34,4.0,3.62
294,434,1.0,3.13
428,1665,3.0,3.11
222,431,3.5,3.79
603,1537,5.0,3.66
111,117590,3.5,4.22
221,7072,4.0,3.34
608,1092,2.5,3.53
66,5952,5.0,4.15
608,410,2.5,3.3
573,1580,4.5,3.68
298,2843,2.0,3.51
57,908,5.0,4.18
182,1127,0.5,3.5
305,90866,3.0,3.71
570,923,2.5,4.01
202,3836,5.0,4.12
143,79702,1.0,3.84
219,965,4.5,3.96
57,3429,4.0,4.32
342,3597,3.0,0.0
480,1263,4.5,4.1
240,368,5.0,3.56
140,6934,3.0,3.31
610,87232,4.0,4.22
599,55267,2.5,3.18
111,1856,4.0,0.0
19,2145,2.0,3.23
597,2716,5.0,3.83
74,2360,4.5,4.69
169,333,4.5,3.85
68,53953,3.0,3.2
451,608,5.0,4.13
51,4340,2.5,1.86
45,5445,4.0,3.77
520,60516,4.5,0.0
596,6350,4.5,4.24
177,2706,2.5,3.47
111,74946,3.5,4.0
599,6238,2.5,2.1
217,1518,3.0,3.34
606,27744,4.5,0.0
256,48385,0.5,3.3
448,105351,1.5,0.0
428,3623,1.0,2.75
143,5620,3.5,2.94
599,6787,4.0,4.1
58,419,3.0,3.06
238,4916,3.0,3.5
263,2080,3.0,3.48
552,434,3.0,3.08
495,50872,4.5,4.1
381,6297,3.5,3.42
387,6773,3.5,3.6
241,118700,3.0,0.0
68,2424,3.5,3.58
50,1721,3.0,3.48
597,223,3.0,3.99
41,1088,1.5,3.47
570,185,2.5,3.23
288,7361,4.5,4.35
195,2916,4.0,3.64
588,217,1.0,2.8
169,7143,4.5,3.94
354,1092,3.5,3.36
325,5540,3.0,3.56
322,6787,4.0,4.0
226,6936,4.0,3.74
563,88810,4.0,4.02
546,893,3.0,4.02
182,4017,5.0,3.49
234,1259,4.0,3.96
522,62849,5.0,3.52
80,7438,4.5,3.99
66,5,4.0,3.06
448,5900,1.5,3.07
414,3255,4.0,3.69
298,47122,0.5,2.85
300,112552,4.5,4.09
385,358,3.0,2.69
111,179211,3.5,0.0
201,2699,3.0,2.98
356,33880,3.0,3.96
59,1696,5.0,0.0
425,260,3.0,4.32
103,555,5.0,3.91
490,60128,1.0,0.0
177,99112,3.5,3.97
395,440,3.0,3.61
232,4643,3.0,2.82
22,2968,3.0,3.96
105,96829,5.0,3.95
346,923,4.0,4.02
425,8644,3.5,3.56
477,1913,4.0,0.0
265,1276,4.0,4.27
415,904,4.5,4.32
410,3362,4.0,3.9
386,47,3.0,3.99
367,1517,1.0,3.51
387,4621,1.0,2.9
140,4975,2.0,3.52
160,4450,5.0,3.0
608,6296,2.5,3.85
448,1370,3.0,3.84
608,8644,4.5,3.64
448,3996,3.0,4.2
579,1544,3.0,2.72
352,5952,5.0,4.13
210,4299,4.5,3.6
298,64969,3.0,3.94
148,115617,3.5,4.04
307,1333,3.0,3.81
414,27904,4.0,3.94
202,1200,5.0,4.01
274,2291,3.0,3.86
27,1201,4.0,4.26
448,3754,1.0,2.19
580,6874,5.0,3.95
534,66785,4.5,3.49
582,2571,5.0,4.19
600,55830,4.0,3.65
265,2407,4.0,3.2
290,3608,4.0,2.85
167,5464,3.5,3.52
177,53322,3.0,4.01
70,1968,4.0,3.85
167,33493,2.0,3.45
603,2485,2.0,2.77
448,7137,4.0,3.5
443,96430,5.0,0.0
380,112623,5.0,3.61
602,204,4.0,2.66
306,161634,3.5,3.27
442,1644,0.5,2.21
606,1857,3.5,0.0
199,2671,4.0,3.41
559,356,4.0,4.23
590,5103,3.0,3.56
524,508,3.0,3.66
268,1261,4.0,3.98
448,140928,3.0,3.63
610,3943,2.5,2.78
277,32,5.0,3.95
470,357,4.0,3.54
21,4085,3.5,3.42
428,741,4.0,4.2
45,733,4.0,3.82
28,5267,3.0,3.35
521,95,3.0,2.85
580,5410,3.0,0.0
216,3300,4.0,3.66
527,1282,3.0,3.72
198,1676,4.0,3.54
156,2289,5.0,4.12
23,778,4.0,4.05
86,69951,4.5,3.85
305,50,5.0,4.48
474,1257,3.0,3.81
307,1027,2.0,3.16
387,2810,4.0,4.75
113,2166,3.0,1.98
298,1228,3.5,4.23
387,3101,3.0,3.29
382,61248,3.5,3.1
144,163,4.0,3.59
104,934,3.5,3.97
517,96471,3.0,0.0
328,73017,3.0,3.93
605,37729,3.0,3.51
414,3034,5.0,3.79
357,1197,4.5,4.35
19,1339,2.0,3.32
414,4688,4.0,3.6
234,4321,2.0,3.41
224,1285,1.0,3.9
330,1358,5.0,4.2
21,66934,0.5,3.93
387,533,2.0,3.01
307,1586,2.0,2.78
62,109487,5.0,4.2
455,480,3.0,3.72
600,1220,2.5,3.94
21,119145,4.0,4.06
409,2724,2.0,2.65
448,149590,2.5,0.0
448,151745,0.5,0.0
122,122900,4.0,3.74
28,23,1.5,2.69
307,2798,2.0,1.4
313,1089,5.0,4.31
274,5308,2.0,2.57
182,4826,4.5,0.0
132,1,2.0,3.97
432,45503,5.0,0.0
305,44199,5.0,4.03
520,4992,3.5,2.72
347,292,3.0,3.45
420,26693,4.0,0.0
375,2046,4.0,3.15
51,1792,0.5,3.09
103,2804,5.0,4.07
554,1674,5.0,3.47
33,1393,4.0,3.51
328,49272,4.0,4.09
330,327,2.5,2.94
596,141,3.5,3.53
17,5971,4.0,3.86
66,2257,4.0,0.0
41,7444,2.5,3.23
420,56367,4.5,3.79
89,4306,3.0,3.98
560,5878,4.0,4.01
249,5502,3.0,3.41
543,83134,5.0,3.4
220,1206,5.0,4.16
307,6218,1.0,3.41
514,3766,2.5,1.73
452,2707,5.0,3.27
111,673,2.5,3.05
559,539,4.0,3.64
305,56171,3.0,3.17
232,37739,3.5,0.0
94,34,4.0,3.63
45,1777,4.0,3.54
69,541,5.0,4.16
610,4873,4.0,4.17
256,96079,4.0,3.83
414,50923,2.5,0.0
428,780,3.0,3.49
249,97225,3.5,3.85
278,4321,3.0,3.37
504,6942,4.0,3.82
480,46976,4.0,3.59
599,99813,3.0,4.27
121,434,3.0,3.06
64,2761,5.0,4.44
520,6754,3.5,3.55
21,59369,3.0,3.88
62,104879,3.0,4.21
434,230,2.5,3.52
30,116823,4.0,3.89
559,836,3.0,2.98
456,104,3.0,3.53
391,3175,2.0,3.77
212,1704,2.5,4.1
81,457,4.0,3.98
560,1198,4.0,4.37
264,5816,4.0,3.6
274,2587,4.0,3.36
20,2135,5.0,4.04
20,899,4.0,4.18
610,66509,3.5,0.0
388,103335,5.0,3.79
438,2420,3.5,3.72
414,6568,2.0,0.0
183,2872,3.0,3.82
318,3438,3.5,2.9
265,608,4.0,4.15
160,3683,5.0,4.0
567,152071,1.5,0.0
288,2805,2.0,2.98
20,1012,4.0,3.32
174,595,3.0,3.84
313,172,1.0,2.7
179,339,3.0,3.63
547,1273,5.0,3.77
239,8798,4.0,3.65
352,102445,4.5,3.96
44,605,1.0,3.33
561,786,1.5,3.25
381,44195,4.0,4.09
399,5952,5.0,4.03
50,1377,3.0,3.01
318,68444,3.5,0.0
420,3081,4.5,3.55
111,93443,4.5,0.0
552,2338,1.0,2.31
304,2393,5.0,2.8
382,122902,2.0,2.21
62,108729,4.0,3.26
599,6517,1.5,0.0
132,52281,4.0,3.48
154,68954,5.0,4.07
167,541,3.5,4.15
570,282,3.0,3.5
70,527,5.0,4.24
511,356,4.5,4.18
62,136864,4.0,2.44
610,54001,4.0,3.93
47,72641,4.0,3.58
480,4900,1.5,0.0
91,5500,3.5,4.3
325,921,4.0,3.43
144,6953,4.0,3.36
600,5540,3.5,3.62
141,109487,5.0,3.91
525,4816,4.0,3.58
608,543,3.5,3.43
405,2021,3.5,3.26
318,7458,3.5,3.62
521,608,5.0,4.13
20,914,4.5,3.94
474,3087,1.5,3.49
305,1968,5.0,3.94
499,2337,4.0,0.0
477,832,3.0,3.24
307,1961,3.0,3.98
380,1228,3.0,4.27
347,588,4.0,3.85
368,1101,4.0,3.15
317,94959,3.0,4.2
483,551,4.0,3.74
328,1262,4.0,4.3
45,11,3.0,3.75
10,63992,4.5,2.38
540,5693,2.5,3.11
221,1206,4.5,4.21
551,134130,4.5,3.98
84,1343,4.0,3.7
305,1247,5.0,4.1
139,91500,2.0,3.39
580,5329,3.5,3.13
132,551,3.5,3.65
119,2324,5.0,4.06
608,1954,4.5,4.02
370,1080,4.0,4.08
608,4344,4.5,3.13
610,8781,3.0,2.99
495,102686,3.0,3.52
610,102066,4.0,0.0
225,1997,3.0,4.18
575,2542,5.0,4.11
564,69278,4.5,2.71
100,1380,4.0,3.33
287,3949,5.0,3.94
562,5989,4.0,4.1
586,33493,4.5,3.53
57,951,4.0,4.54
428,2334,2.0,2.76
599,2335,1.5,2.95
199,1101,2.0,3.14
492,694,3.0,2.38
606,2114,4.5,3.29
161,3751,5.0,3.59
19,196,2.0,2.8
328,33004,3.0,3.43
150,1356,5.0,3.82
298,353,2.5,3.56
500,3536,4.0,3.18
362,4995,3.5,4.08
474,2020,4.0,4.32
105,3793,3.5,3.72
530,597,4.0,3.56
187,6857,5.0,3.66
390,60040,3.5,3.18
414,52975,3.5,3.84
204,527,4.5,4.23
414,115210,4.0,4.02
163,1726,2.0,3.51
599,1215,4.5,4.46
368,3082,3.0,3.39
45,2771,5.0,3.66
607,1,4.0,3.93
601,112852,4.0,4.33
485,316,3.0,3.35
274,2529,4.0,3.87
610,103085,3.0,0.0
414,6,3.0,4.22
477,1253,4.0,4.02
254,150,4.0,3.79
525,7161,1.5,2.43
448,1911,3.0,2.99
474,1193,3.5,4.59
249,43871,3.0,2.9
357,26133,4.5,3.64
438,145,5.0,3.5
227,59369,4.5,3.65
122,296,5.0,4.3
524,1208,4.0,4.19
140,3257,3.0,3.15
499,1202,5.0,0.0
313,1371,4.0,3.05
357,3556,4.0,3.93
387,344,3.5,3.03
222,110,4.0,4.12
199,2252,3.0,2.35
483,46976,3.5,3.58
298,57504,4.0,4.5
483,2105,3.5,3.43
19,3594,2.0,3.97
195,3897,5.0,3.88
590,1374,4.5,3.76
297,1004,2.0,3.32
186,5181,4.0,0.0
414,5460,4.0,0.0
474,1366,4.0,0.0
534,93766,4.0,2.44
380,79132,5.0,4.48
387,26052,4.0,0.0
301,54001,4.0,3.83
238,1266,3.0,4.18
428,2381,0.5,3.04
534,59103,4.0,3.61
116,1036,3.5,3.86
34,4369,3.0,3.14
353,168,3.0,3.0
246,6377,5.0,4.04
223,2747,2.0,2.51
345,3247,4.5,3.08
414,5107,2.0,0.0
332,1931,4.0,0.0
62,69122,4.0,3.85
342,2840,3.0,3.1
202,3359,4.0,4.3
477,910,3.5,3.94
292,31685,3.0,3.25
387,4687,3.5,0.0
328,81834,4.0,4.14
232,43904,2.0,1.13
404,587,3.0,3.34
514,72171,2.0,0.0
522,2706,3.0,3.36
365,5952,3.0,4.08
239,1584,4.0,3.72
380,3984,3.0,3.63
139,106782,0.5,4.02
275,5225,5.0,4.1
220,64983,3.5,3.26
489,2294,1.5,3.34
21,5796,2.0,2.43
177,2006,3.0,3.24
21,5816,4.0,3.67
257,5952,3.0,4.01
387,4228,2.0,1.85
43,575,5.0,2.55
307,1021,1.0,2.76
452,3438,4.0,2.88
561,101864,2.0,3.76
28,44199,2.0,3.92
105,8970,4.0,3.68
190,6870,4.0,3.71
68,98809,4.5,4.28
318,103249,3.5,3.02
182,2329,4.5,4.48
199,3082,3.0,3.27
380,1729,2.0,3.78
605,592,3.0,3.49
125,1034,4.5,3.87
119,135532,4.5,0.0
600,2318,2.5,4.47
89,31851,3.0,0.0
599,3501,2.5,0.0
608,8622,3.0,3.87
586,1833,4.0,3.11
153,64034,1.0,4.21
410,1171,4.0,3.24
380,344,5.0,3.02
168,1201,5.0,4.27
312,2793,1.0,1.97
600,3608,4.0,2.91
240,338,5.0,2.82
292,56775,4.0,2.83
274,31225,3.0,3.57
555,6184,5.0,4.07
298,8372,0.5,0.0
332,3811,3.5,0.0
610,41569,3.5,3.32
448,83910,2.5,0.0
453,2692,4.0,4.03
510,556,4.0,3.0
288,3441,2.0,3.73
462,1464,0.5,3.55
91,19,2.0,2.96
414,2015,3.0,4.07
22,7361,3.5,4.3
24,593,4.5,4.2
177,337,2.5,4.01
314,10,3.0,3.48
139,6059,1.5,3.25
492,692,4.0,1.61
173,150,4.0,3.75
64,7360,4.5,4.2
79,1200,4.0,3.92
318,81191,4.0,0.0
414,904,5.0,4.82
517,2671,3.0,3.38
514,2878,2.0,0.0
288,2359,4.0,3.58
608,1748,5.0,3.68
414,4458,4.0,0.0
606,4718,1.0,3.14
499,4248,1.0,2.26
139,7445,2.0,3.95
597,480,5.0,3.79
605,52435,3.0,3.71
268,334,5.0,4.51
477,8376,4.5,3.08
446,434,2.0,3.11
534,72308,4.0,0.0
552,5377,3.5,3.77
241,1206,4.0,4.16
202,2349,4.0,3.74
428,5025,3.0,2.56
103,2761,3.0,4.42
583,76093,4.0,3.85
474,5991,4.0,3.81
480,4718,1.5,3.13
104,4896,4.5,3.84
307,5952,3.0,4.21
567,141668,0.5,0.0
313,2080,1.0,3.46
600,4975,3.5,3.45
434,4995,4.0,4.12
144,509,3.5,3.65
477,2393,3.5,2.75
187,6620,5.0,4.26
578,56389,4.0,0.0
221,1207,5.0,4.26
148,69757,3.5,3.52
579,2763,4.0,3.74
273,520,3.0,3.05
169,8529,4.0,3.28
381,56757,4.5,3.91
358,66203,4.0,3.01
610,4034,3.5,4.31
469,1527,5.0,3.79
202,2108,4.0,3.58
599,4148,2.5,2.95
414,5669,4.0,3.95
220,59615,4.0,2.65
490,86833,3.0,3.88
380,317,4.0,3.48
160,367,5.0,3.25
202,3072,3.0,3.41
606,168,2.5,3.12
380,1215,5.0,4.4
200,51662,5.0,3.68
465,1518,4.0,3.37
596,122926,4.0,4.34
303,1129,3.5,3.59
448,4066,2.0,0.0
370,1673,3.5,4.05
111,99117,3.0,3.12
274,58870,3.0,0.0
561,83134,3.5,3.4
226,6287,2.5,3.15
357,724,3.5,2.99
177,3785,3.0,3.06
200,8360,3.5,3.65
201,2302,5.0,3.25
552,3101,2.5,3.2
610,2391,4.0,3.64
4,1860,2.0,2.85
527,1125,4.0,3.78
474,2248,5.0,4.13
70,3147,2.5,4.23
187,4902,4.5,2.92
559,595,3.0,3.86
480,147,4.0,3.74
17,2717,3.5,3.19
414,2558,2.0,1.61
59,1631,5.0,0.0
103,4886,3.5,4.03
41,8981,4.0,3.58
6,240,3.0,2.4
84,1291,3.0,4.15
34,1391,1.0,3.14
57,3811,4.0,0.0
606,1186,4.0,3.59
599,1589,3.0,3.69
200,2291,3.5,3.77
599,497,3.0,4.04
414,661,4.0,3.58
468,434,3.0,3.06
560,3897,3.0,3.95
590,2918,4.0,4.1
66,1912,4.5,3.92
226,2054,4.0,2.99
414,408,2.0,0.0
80,80489,4.5,3.9
572,1193,5.0,4.26
555,2144,5.0,3.81
274,6,4.0,4.13
190,4734,3.0,3.08
525,48780,4.0,4.46
441,10,4.5,3.45
234,1495,2.0,0.0
558,662,5.0,2.5
589,161,3.0,3.71
582,91500,4.0,3.38
599,296,5.0,4.4
477,2700,3.5,4.2
111,6003,4.0,3.53
428,69,3.5,3.7
28,2706,3.0,3.4
474,3011,4.0,3.98
525,164540,3.5,0.0
68,6893,3.5,4.09
18,858,4.0,4.41
232,63992,2.0,2.42
226,466,3.5,3.13
288,5679,2.0,3.47
599,1271,2.5,3.41
352,53953,4.0,2.98
572,1952,5.0,3.67
385,1197,4.0,4.27
51,4215,3.5,0.0
44,733,5.0,3.76
91,150,3.5,3.87
303,2791,5.0,3.83
438,48774,3.0,4.28
610,96815,3.5,0.0
212,64614,4.0,4.18
217,1198,5.0,4.29
448,1188,3.0,3.91
387,32587,4.0,3.99
488,5135,4.0,4.43
75,44199,3.0,3.81
307,55729,3.0,0.0
140,5506,3.0,0.0
6,590,5.0,3.87
428,7143,3.0,3.96
156,3317,4.5,3.91
361,1200,3.0,3.93
521,1073,4.0,3.92
113,593,4.0,4.2
517,65685,4.0,3.34
386,592,1.0,3.47
205,179817,4.5,0.0
169,73,4.0,3.34
596,3114,3.5,3.98
597,543,3.0,3.4
370,8983,4.0,3.45
62,150548,5.0,3.71
608,2188,2.0,1.36
91,1210,4.0,4.34
103,5,4.0,3.1
133,780,3.0,3.44
328,3793,0.5,3.71
377,2455,4.0,3.52
590,2302,4.0,3.41
235,348,4.0,3.63
23,2726,4.0,4.05
86,2028,3.5,4.14
68,44665,4.0,3.88
224,1270,5.0,4.03
103,148626,5.0,3.91
190,5445,3.5,3.74
314,23,3.0,2.76
425,1206,3.0,4.16
21,122896,4.0,4.5
357,16,3.5,3.97
76,57669,4.0,4.15
381,5299,5.0,3.25
586,2571,5.0,4.23
253,955,4.5,4.09
105,926,4.0,4.41
414,2134,5.0,3.23
233,780,2.5,3.47
105,8511,4.5,0.0
448,112818,2.0,3.94
268,46,1.0,3.52
104,73017,3.5,3.92
10,70183,3.0,3.58
166,3681,4.0,4.05
599,2160,3.0,4.37
414,2012,3.0,4.04
290,1307,4.0,3.95
480,30825,2.5,3.13
534,102445,3.5,4.11
102,434,3.0,3.09
603,1414,4.0,2.56
160,527,5.0,4.3
517,527,3.5,4.31
600,26662,4.5,4.24
111,52973,3.5,3.99
30,68358,5.0,3.92
288,5459,2.5,3.02
561,3255,4.0,3.34
137,2020,4.5,4.08
58,318,5.0,4.54
103,81819,4.5,0.0
129,4963,4.0,4.04
305,733,4.0,3.87
265,2454,4.0,3.37
380,4492,3.0,0.0
7,5378,0.5,3.34
592,442,4.0,3.07
517,45668,2.0,3.11
391,2916,4.0,3.72
51,1201,4.0,4.32
331,5444,3.0,3.91
599,3145,3.0,3.5
325,1608,2.0,3.4
558,94,3.0,3.9
217,520,2.0,3.19
50,122904,1.5,4.11
384,2259,3.0,3.69
480,5283,4.0,2.94
405,3676,5.0,3.6
119,78499,3.5,4.33
269,1,5.0,3.88
155,3745,4.0,3.27
580,6333,4.5,3.79
450,1466,4.0,3.76
15,158,1.0,2.84
288,3751,3.0,3.73
141,6377,4.5,4.05
382,56775,3.0,2.78
10,51834,1.5,0.0
410,4014,3.0,3.64
80,74458,4.5,4.28
345,5707,3.5,0.0
600,3271,2.0,3.93
298,52281,2.0,3.75
586,7143,3.0,3.94
83,5010,4.0,3.9
174,165,3.0,3.67
226,3081,2.5,3.63
596,40955,3.5,0.0
274,51412,3.5,3.26
275,905,3.0,4.58
28,2985,3.0,3.55
86,2421,4.0,2.56
462,189713,2.5,0.0
429,595,5.0,3.83
100,2396,4.5,3.83
380,150596,4.0,0.0
57,2571,5.0,4.26
292,805,4.0,3.71
160,592,4.0,3.52
352,3535,4.0,3.91
343,4378,4.0,3.66
219,54259,4.5,3.77
105,6870,4.0,3.89
182,4370,3.0,3.43
42,2302,4.0,3.33
577,1396,4.0,3.38
47,5943,2.0,2.57
380,173291,2.0,3.48
469,2411,2.0,2.78
62,1270,4.5,4.08
453,434,4.0,3.18
463,8622,3.5,3.62
372,457,5.0,4.05
571,70,2.0,3.51
141,1918,3.0,2.82
222,41285,3.5,3.64
387,2502,4.0,4.28
328,2542,4.5,4.17
507,480,4.0,3.71
273,410,4.0,3.15
298,90888,0.5,0.0
330,1673,4.0,4.12
414,5529,2.5,0.0
608,1208,3.0,4.3
297,165,3.0,3.62
219,6333,3.0,3.84
387,3030,4.5,4.13
361,420,3.5,2.95
610,89281,3.5,0.0
140,1729,4.0,3.75
567,142488,2.5,4.52
580,2628,4.0,3.3
234,1378,4.0,3.02
517,8772,0.5,0.0
29,2028,5.0,4.13
98,122926,5.0,4.23
525,7022,3.5,3.81
8,208,3.0,2.98
51,35836,3.5,3.59
67,7153,2.0,4.13
610,5388,3.0,3.52
448,8493,3.0,0.0
140,2,3.5,3.55
307,52722,3.5,3.16
132,3052,2.5,3.65
66,2706,4.0,3.41
6,349,5.0,3.86
91,1687,3.5,3.46
182,3858,4.0,0.0
68,1438,3.0,2.66
256,117529,4.0,3.35
274,4366,3.0,3.53
566,236,4.0,3.46
57,2273,3.0,3.6
468,110,4.0,4.06
346,293,4.0,4.07
122,442,4.0,3.1
460,8636,3.5,3.8
303,168,3.0,2.95
282,1517,4.5,3.56
381,31804,4.5,0.0
137,1721,4.0,3.48
249,2572,3.5,3.78
381,6537,2.5,2.95
458,454,5.0,3.62
66,1784,5.0,3.84
42,1474,2.0,2.53
140,6297,3.0,3.39
480,4128,3.5,3.62
506,68269,4.0,0.0
298,47518,2.0,2.81
217,3404,5.0,3.73
517,97194,1.0,0.0
608,8961,4.0,4.02
61,30707,4.5,3.82
292,2993,4.0,3.43
240,454,3.0,3.67
599,55167,4.0,4.35
599,3387,2.0,3.25
88,527,4.0,4.22
305,1250,5.0,4.06
200,2991,4.0,3.81
477,8810,3.0,2.92
594,7114,0.5,0.0
230,1608,2.5,3.39
240,2,5.0,3.39
418,1247,4.5,4.01
275,3362,5.0,3.95
517,1953,1.5,3.89
239,6,5.0,4.0
307,65601,2.0,0.0
512,161,4.0,3.74
298,102993,3.0,3.34
605,2870,3.5,3.26
301,30707,4.5,3.83
202,1961,4.0,3.87
474,3254,3.0,3.86
105,69134,5.0,3.39
448,114074,3.0,4.03
122,48385,4.5,3.38
414,440,3.0,4.02
393,53996,0.5,3.32
427,5620,2.0,2.96
311,1258,4.0,4.13
380,49272,5.0,4.37
161,1234,4.0,4.12
248,4886,3.5,3.93
45,32,4.5,4.04
339,37741,4.5,3.85
480,586,4.0,3.15
177,1911,3.0,2.83
480,1982,3.0,3.89
325,1298,4.0,3.96
181,135,3.0,3.06
68,62155,3.0,3.49
474,5231,3.5,0.0
275,3552,5.0,3.85
304,802,4.0,3.42
28,55276,2.5,4.14
505,54999,3.0,4.11
67,2571,4.5,4.18
387,5110,3.0,3.84
50,3034,3.0,3.55
603,377,5.0,3.67
437,1097,3.0,3.84
562,1197,5.0,4.33
444,500,3.0,3.45
462,104211,4.0,3.8
489,3255,3.5,3.4
39,1258,5.0,4.17
108,5952,3.0,4.01
110,374,1.0,2.3
274,46335,1.5,2.0
599,562,2.0,4.2
336,2858,5.0,4.06
177,6365,2.5,3.47
169,7080,5.0,0.0
474,39183,4.0,3.64
159,62,3.0,3.7
109,144,3.0,3.65
406,2694,3.5,3.23
465,1573,3.0,3.46
74,6270,5.0,4.02
562,36529,3.5,3.93
448,3146,4.0,2.82
288,2124,3.0,3.66
328,2078,3.5,3.9
420,1927,3.5,4.23
284,44,3.0,2.42
249,115617,3.5,4.25
212,8641,3.5,3.74
448,72998,3.0,4.05
448,3639,4.5,3.6
232,6619,1.5,2.97
249,72605,3.5,3.62
232,8640,3.0,2.94
564,74946,4.0,3.87
414,3160,5.0,3.66
217,2985,4.0,3.58
414,2064,3.0,4.11
91,4109,3.0,2.57
352,40732,4.0,3.71
191,308,5.0,3.62
219,5151,3.5,3.13
66,4886,4.5,4.07
192,480,5.0,3.71
479,4372,2.0,3.82
282,91529,4.0,4.13
380,965,4.0,4.17
279,1210,4.5,4.25
556,74789,4.0,2.92
577,1203,4.0,4.17
448,103384,1.0,3.31
77,5349,5.0,3.54
414,6696,2.5,0.0
21,78499,4.0,4.4
489,1333,4.0,3.77
429,420,2.0,2.99
603,2640,2.0,3.8
489,2424,3.5,3.36
474,5379,4.5,0.0
477,455,3.0,2.61
380,66783,3.0,0.0
600,2916,2.0,3.76
480,44191,4.0,4.09
188,898,5.0,4.33
357,7254,4.0,3.54
91,253,4.5,3.52
287,1777,3.0,3.5
217,216,1.0,3.43
307,6252,1.5,2.72
599,120827,3.0,0.0
226,3826,2.0,2.43
80,52604,4.5,3.82
1,1214,4.0,4.0
79,3256,2.0,3.73
562,1259,5.0,4.0
288,3471,4.0,4.11
50,6711,3.0,4.15
540,1681,2.0,2.14
182,6373,2.0,3.4
68,2023,3.5,3.5
599,2058,3.0,3.78
199,2171,4.0,3.37
221,31610,4.0,0.0
282,2908,4.0,3.44
453,1,5.0,4.0
52,2324,4.0,4.08
474,41,3.5,4.01
68,69757,4.0,3.88
509,5171,2.5,3.1
122,292,4.0,3.38
603,649,3.0,0.0
249,5995,3.5,4.07
408,69278,4.0,2.71
448,1073,4.0,4.2
599,435,1.5,2.62
18,122924,4.0,3.23
101,2770,2.0,2.87
241,39869,4.0,0.0
414,51834,3.0,0.0
93,2054,4.0,2.91
160,2771,1.0,3.5
73,45499,5.0,3.4
394,410,2.0,3.14
249,3578,4.0,4.32
125,175303,3.0,3.34
254,3363,3.0,3.89
160,110,4.0,4.17
73,111921,3.5,3.31
68,59731,3.5,0.0
462,3006,4.0,3.79
141,6365,3.0,3.3
305,2058,4.0,3.49
514,2762,4.0,3.99
469,2736,3.0,0.0
499,1201,4.5,4.22
380,4254,3.0,2.39
377,3524,2.0,3.62
438,393,2.0,2.52
428,70,3.0,3.56
414,95441,3.0,3.47
462,2064,4.5,3.95
58,276,2.0,3.29
82,1387,2.0,4.13
369,7132,3.5,4.14
430,923,5.0,4.01
222,36517,2.5,3.52
57,778,4.0,4.1
563,86882,4.0,3.72
541,356,5.0,4.19
210,146662,5.0,0.0
122,111,5.0,4.28
448,4728,2.5,3.23
104,3751,4.0,3.6
305,59900,4.0,3.35
82,6953,2.5,3.38
229,442,3.0,3.03
32,529,4.0,3.72
80,80363,4.0,2.71
414,55052,3.5,4.06
560,3408,3.5,3.67
332,1961,4.0,3.88
235,62,5.0,3.71
593,1704,3.0,4.08
11,1100,3.0,2.5
353,420,1.0,2.98
19,1544,1.0,2.75
182,1302,4.0,3.9
459,99114,5.0,3.9
62,7143,4.0,3.97
587,628,5.0,3.56
301,597,4.0,3.58
62,182715,4.0,0.0
168,1244,4.5,4.06
125,158972,3.5,0.0
580,293,5.0,4.16
117,590,4.0,3.86
249,2628,3.5,3.51
474,2870,3.0,3.03
79,2000,4.0,3.66
380,6880,3.0,1.82
437,608,5.0,4.15
332,85056,3.0,3.26
19,2915,2.0,3.6
313,5540,5.0,3.57
270,733,3.0,3.76
603,3004,1.0,2.61
414,60128,3.5,0.0
580,1339,4.0,3.37
522,66934,4.5,3.9
119,7454,3.5,2.98
99,276,4.0,3.27
177,3988,3.5,3.02
33,1357,4.0,4.19
555,2259,4.0,4.03
479,4410,4.0,0.0
580,6502,4.5,4.16
125,163134,4.0,0.0
525,6711,4.0,4.25
477,6711,4.0,4.23
610,87306,3.5,3.85
256,109374,3.0,3.84
592,520,2.0,3.09
169,6377,5.0,4.08
232,4232,2.5,3.16
132,4308,4.0,3.58
156,11,3.0,3.73
603,1955,4.0,4.37
298,69069,1.5,3.52
462,27878,3.0,4.31
292,4816,2.0,3.5
334,69122,4.0,3.75
217,2991,3.0,3.88
522,2023,2.5,3.37
222,778,3.5,4.08
222,97304,4.5,4.04
534,2161,4.0,3.66
428,3175,2.0,3.67
580,2542,4.5,4.24
469,2028,4.0,4.16
186,2000,4.0,3.76
312,903,5.0,4.06
474,2130,3.5,3.6
600,2142,3.5,2.25
536,357,1.0,3.52
383,2977,4.0,0.0
247,1213,3.5,4.35
610,138036,3.5,4.05
509,63992,1.5,2.42
292,3861,3.0,2.76
68,60756,2.5,3.71
492,852,3.0,3.16
288,616,3.0,3.42
564,73266,4.0,0.0
483,91104,2.5,2.25
361,3753,4.0,3.5
74,2313,3.5,4.01
414,135,2.0,3.35
1,2700,5.0,4.2
448,6314,2.0,0.0
156,300,3.5,3.56
155,1580,4.0,3.52
480,1282,3.5,3.62
474,36537,3.5,0.0
303,3793,5.0,3.67
232,3999,3.5,2.8
104,25937,3.5,0.0
495,45672,4.5,3.01
509,8808,2.0,2.87
606,1086,4.5,4.11
541,444,2.0,0.0
469,1180,3.0,0.0
590,36,3.5,3.85
418,8368,5.0,3.93
258,76093,4.5,3.85
596,592,3.5,3.54
82,6249,3.5,0.0
505,3039,3.5,3.79
603,4802,1.0,0.0
387,2470,2.5,3.4
274,3717,3.5,3.65
466,45499,3.5,3.39
89,6188,3.0,3.64
19,104,2.0,3.62
62,7458,4.0,3.59
217,1676,2.0,3.55
376,1215,3.5,4.05
117,41,4.0,3.61
380,104241,4.0,3.66
522,127098,5.0,0.0
484,3825,3.5,2.74
590,1208,4.5,4.36
380,5009,4.0,2.77
100,104,3.5,3.6
117,50,4.0,4.27
291,106489,4.0,3.5
275,1354,2.0,4.36
255,223,2.0,3.92
448,94919,2.5,0.0
462,38198,4.0,0.0
606,5372,3.5,0.0
137,3504,4.5,3.82
227,79132,3.5,4.12
517,1029,4.0,3.51
305,65216,4.5,3.75
474,7085,3.5,0.0
448,4621,2.0,2.94
182,1779,3.5,3.19
597,2402,2.0,3.35
139,78499,2.0,4.37
238,1608,4.0,3.35
599,4929,2.5,2.34
520,1200,5.0,3.99
517,65230,2.5,3.14
328,5952,4.0,4.11
13,4148,4.0,2.88
27,2876,2.0,0.0
266,555,5.0,3.85
414,1012,4.0,3.52
211,7153,4.0,4.19
495,1172,5.0,3.79
141,46976,5.0,3.47
607,1094,3.0,3.51
274,3471,3.5,4.11
292,2167,3.0,3.5
268,2640,3.0,3.73
57,3901,3.0,0.0
46,593,5.0,4.18
547,2917,4.0,3.74
295,32587,3.5,3.88
298,1213,4.0,4.43
462,223,4.0,3.96
588,480,3.0,3.72
471,2959,4.0,4.25
122,2012,4.0,3.56
73,58559,4.5,4.31
339,1193,5.0,4.33
221,3681,4.5,4.12
474,2478,3.0,3.19
178,349,4.0,3.73
414,1885,4.0,3.45
28,1092,2.5,3.38
610,59784,3.5,3.72
21,4489,4.5,3.17
524,47,5.0,4.02
282,6104,4.5,4.2
414,3317,4.0,4.22
601,172591,4.5,0.0
380,27584,3.0,0.0
294,70,4.0,3.53
415,6016,4.5,4.17
387,3455,2.5,0.0
92,54190,4.0,4.1
510,1020,3.0,3.07
387,2700,3.0,4.29
240,104,5.0,3.59
307,180,4.0,3.83
382,47952,3.0,0.0
414,112,3.0,3.86
45,1396,4.0,3.36
474,2764,3.5,4.31
555,3688,1.0,2.38
426,54001,4.5,3.86
404,367,3.0,3.23
326,30707,3.5,3.86
84,1079,5.0,4.01
405,8254,4.0,4.37
590,4677,3.5,2.68
57,780,3.0,3.53
603,2916,4.0,3.77
334,364,4.0,3.97
517,918,4.0,3.82
409,1219,4.0,4.06
380,43871,3.0,2.87
131,4993,3.5,4.2
599,8500,2.5,0.0
307,4848,3.0,3.93
47,47,3.0,3.96
534,62113,4.5,2.76
105,4720,4.5,3.96
408,1291,5.0,4.16
217,438,3.0,3.58
359,2858,4.0,4.06
374,318,4.0,4.52
438,4239,3.0,4.04
232,54256,3.5,1.79
469,1950,4.0,4.39
610,5110,4.0,3.85
381,33679,3.5,3.43
229,150,5.0,3.78
71,24,2.0,3.17
334,6350,3.5,4.15
534,67923,4.0,3.2
601,78499,4.0,4.38
274,922,3.5,4.75
61,1304,5.0,3.9
374,110,5.0,4.07
68,5782,4.0,3.83
603,1289,4.0,3.93
354,858,4.0,4.34
409,2599,5.0,3.73
599,673,2.5,3.29
475,56174,4.5,3.56
591,2997,2.0,3.98
177,6765,3.0,4.18
528,58559,5.0,4.22
608,6187,4.0,3.45
287,6620,5.0,4.27
307,6558,2.0,0.0
213,5479,4.0,3.02
57,2405,2.0,2.98
525,3556,4.5,3.95
573,8961,4.5,3.92
489,3481,3.5,3.76
343,50,4.5,4.29
599,4063,2.0,2.8
312,2407,4.0,3.2
307,4534,2.0,0.0
169,3247,4.5,3.19
489,5502,3.5,3.2
208,1210,4.0,4.19
574,588,5.0,3.81
249,71254,3.5,3.79
21,4638,4.0,3.02
594,2617,3.5,3.11
325,58,4.0,3.91
509,84944,3.5,3.47
122,3863,4.5,3.07
532,2194,5.0,3.87
594,3793,4.5,3.72
154,164179,4.5,4.06
569,595,4.0,3.81
68,4011,3.0,4.52
317,3252,3.0,3.62
599,2399,2.0,2.25
509,101962,3.0,0.0
159,1961,3.0,3.83
376,38038,5.0,3.82
386,172,2.0,2.71
228,1214,4.5,3.89
414,51255,3.5,4.67
308,1136,4.0,4.21
438,1562,2.0,2.09
448,157296,4.0,3.78
590,1086,4.5,4.04
160,2748,3.0,0.0
305,70159,4.0,0.0
298,32031,0.5,3.32
599,168248,3.0,4.82
57,1059,3.0,3.87
522,7153,3.5,4.22
509,78499,4.0,4.38
537,2571,4.0,4.18
414,4322,4.0,3.84
62,171763,4.0,4.28
599,919,3.0,3.91
89,69720,4.5,0.0
263,5135,4.0,4.42
111,59022,3.0,3.34
91,6333,4.0,3.79
305,55118,3.5,4.56
603,1235,3.0,4.32
469,3363,4.0,3.97
599,547,2.5,0.0
21,103801,0.5,3.14
425,608,2.5,4.23
39,596,3.0,3.41
111,104925,5.0,2.88
249,1200,3.5,4.16
336,50,5.0,4.29
599,3173,2.5,3.22
341,90890,3.5,2.23
4,2997,4.0,3.99
438,3646,2.5,2.03
527,2822,5.0,2.87
385,434,1.0,3.11
171,596,5.0,3.42
520,316,4.0,3.39
193,1193,5.0,4.17
73,110102,5.0,4.01
215,180,3.0,3.75
590,3450,3.0,3.44
482,6320,1.0,0.0
200,50601,0.5,3.21
580,4034,4.0,4.07
599,1748,2.5,3.75
599,1081,2.5,3.8
28,8977,2.5,2.84
182,6870,3.5,3.9
376,8798,3.5,3.6
199,593,4.0,4.24
216,3061,4.0,3.51
199,1079,4.0,4.03
488,1197,5.0,4.29
506,45447,0.5,3.13
597,1172,5.0,3.84
274,3160,2.5,3.64
480,7438,4.0,4.09
129,33794,4.5,3.9
158,58293,3.5,2.38
351,2995,2.5,2.78
610,58964,4.0,0.0
480,4899,1.5,2.2
407,112556,5.0,3.73
298,54934,0.5,0.0
89,951,3.5,4.57
387,2118,3.5,4.0
474,45517,3.5,3.36
232,2081,2.5,3.57
509,95858,3.5,0.0
561,84954,2.0,3.53
59,2987,1.0,3.66
93,2103,4.0,1.76
160,1307,4.0,3.95
445,6016,2.0,4.15
387,2459,3.5,3.23
368,1291,2.0,4.14
610,6711,5.0,4.34
274,8578,3.5,0.0
474,7647,3.5,0.0
428,1120,3.5,3.63
182,70,4.5,3.65
215,1617,4.0,4.08
386,380,3.0,3.56
200,30793,3.5,3.06
122,8464,4.5,3.62
605,8008,3.5,4.28
466,40815,4.5,3.83
600,5956,2.5,3.7
449,370,3.5,3.17
265,3362,2.0,3.87
385,750,5.0,4.33
599,7438,4.0,4.15
414,3852,4.0,3.0
555,3016,4.0,2.97
477,1204,4.0,4.35
95,3033,4.0,3.49
362,260,4.5,4.29
358,5066,5.0,3.06
103,56782,4.5,4.43
610,3423,3.0,1.47
307,6350,4.0,4.33
219,6383,1.5,2.76
160,1920,1.0,3.21
432,1704,4.5,4.15
166,3481,4.0,3.7
34,6857,4.0,3.67
70,1962,4.0,3.81
448,51412,1.0,3.26
541,491,3.0,3.53
21,81591,1.0,3.69
23,2761,3.5,4.35
365,2005,3.0,3.76
112,109487,5.0,3.88
608,539,2.5,3.81
547,2076,5.0,4.06
182,5943,2.5,2.8
7,2858,4.0,4.07
57,1375,3.0,3.36
534,101864,4.0,3.83
280,1917,3.5,2.92
561,1230,4.0,4.04
318,3224,4.0,0.0
84,919,5.0,3.98
19,2321,3.0,3.5
182,2302,4.0,3.4
599,136449,4.0,0.0
332,3702,3.5,3.83
387,920,3.0,3.65
111,94777,1.0,3.66
202,2167,3.0,3.49
356,5225,4.5,4.06
420,541,3.5,4.16
305,88125,2.5,3.87
226,6870,4.5,3.83
599,441,3.5,4.03
286,653,3.0,3.17
469,1779,1.0,3.04
599,500,3.0,3.61
346,903,4.0,4.09
387,3917,3.5,3.36
249,1982,3.0,3.81
177,6156,3.0,3.33
434,44191,4.0,3.97
483,3301,4.5,3.67
414,48780,4.5,4.67
101,2706,4.0,3.32
113,2764,5.0,4.19
51,60487,5.0,0.0
132,29,2.0,4.13
312,1233,4.0,4.31
312,5952,5.0,4.08
385,1295,3.0,2.44
420,4816,4.0,3.49
275,441,4.0,3.98
597,1288,5.0,4.13
414,903,5.0,4.06
198,2117,3.0,3.99
215,4973,4.5,4.26
7,8949,4.0,3.64
169,5620,4.0,2.95
606,590,4.0,3.94
298,1591,1.5,2.47
414,55290,4.0,4.3
18,541,4.0,4.19
380,8501,3.5,3.73
375,4226,5.0,4.1
462,105835,4.0,0.0
599,3000,3.0,4.34
548,356,5.0,4.17
438,1617,5.0,4.18
610,7454,2.0,3.21
51,858,3.5,4.27
480,3421,3.0,3.97
62,172591,5.0,0.0
307,2122,3.5,1.88
608,2710,1.5,3.11
167,296,3.0,4.26
534,122886,3.5,3.95
200,5139,3.0,3.31
20,4366,1.5,3.46
117,799,4.0,3.42
590,2412,1.5,1.95
448,123947,3.0,0.0
103,90522,4.0,2.42
329,1884,5.0,3.9
561,593,4.0,4.39
21,2288,0.5,4.12
443,6016,4.0,4.13
274,4255,2.5,1.74
294,1837,1.0,2.68
80,42738,4.5,3.05
217,3269,2.0,2.95
182,2605,3.5,2.94
187,47,4.0,4.01
199,608,5.0,4.24
527,2355,5.0,3.54
28,3408,3.0,3.64
172,1982,3.0,3.63
380,1983,3.0,0.0
104,3671,3.5,3.94
414,95135,4.0,0.0
187,1175,4.0,3.94
264,7841,3.0,0.0
527,3071,5.0,3.43
7,46530,1.0,2.92
381,1580,4.0,3.69
246,7090,5.0,3.88
356,44889,5.0,0.0
1,3671,5.0,4.0
288,1213,4.0,4.54
105,3623,4.0,2.76
47,97938,3.5,3.72
387,3984,3.0,3.49
28,6870,3.0,3.82
599,3105,3.0,4.2
140,4034,4.0,4.11
489,5,2.0,3.13
186,592,4.0,3.52
610,2076,5.0,4.35
19,1566,4.0,3.45
44,1,3.0,3.88
227,55721,5.0,4.16
474,1207,4.0,4.47
387,1077,3.5,3.92
580,5349,3.5,3.65
217,174,2.0,2.68
305,93270,4.5,1.73
480,4343,3.0,3.25
169,1097,4.0,3.9
425,4993,4.5,4.28
380,4980,4.0,3.01
380,137863,4.0,0.0
414,7156,4.0,4.28
68,64997,2.5,0.0
176,110,5.0,4.06
480,7153,4.0,4.35
365,89864,4.0,3.67
480,6936,3.5,3.84
385,1288,5.0,4.05
318,5956,4.0,3.8
89,119714,3.5,0.0
414,4310,4.0,2.89
465,1252,5.0,4.3
27,126,2.0,1.78
603,4148,2.0,2.96
270,1073,5.0,3.92
171,1079,5.0,3.94
105,179133,5.0,0.0
84,248,2.0,2.82
346,2395,4.0,3.45
567,179815,1.5,0.0
122,2232,4.5,3.43
298,49396,3.0,3.82
372,353,2.0,3.5
10,95543,3.5,2.64
307,252,1.5,3.81
156,1408,4.0,3.76
414,112623,4.0,3.62
331,96610,3.5,3.71
202,110,4.0,4.19
368,3578,3.0,4.03
414,6502,4.0,4.75
1,1445,3.0,2.01
187,1921,5.0,4.05
19,1688,3.0,3.29
77,4973,2.5,4.24
577,592,2.0,3.51
6,89,4.0,3.4
424,44191,3.5,3.91
45,3254,4.0,3.59
28,56782,3.0,4.4
490,62434,2.0,3.5
517,2028,3.0,4.15
286,1732,3.0,3.93
137,26084,4.0,4.24
608,5901,4.5,0.0
18,117176,4.0,4.2
265,2916,3.0,3.61
68,8969,3.0,3.46
51,1243,5.0,4.08
304,924,4.0,3.92
499,27731,3.5,4.51
160,4370,4.0,3.37
597,1101,5.0,3.22
495,31410,4.5,4.27
128,940,5.0,3.92
156,492,3.0,4.14
280,216,3.5,3.4
307,4750,0.5,0.0
125,163645,4.0,4.32
483,208,3.0,3.05
200,708,4.0,3.43
606,1916,3.0,3.41
28,590,4.0,3.89
474,31410,3.5,4.34
526,296,4.0,4.25
610,3016,4.5,3.1
105,5463,3.0,2.87
509,112138,3.0,4.09
122,778,5.0,4.13
592,21,3.0,3.45
318,54256,4.0,1.76
509,42734,3.5,0.0
387,6123,4.0,0.0
466,87222,4.0,3.56
483,99087,3.0,0.0
553,3362,3.5,3.89
545,2427,4.0,3.1
232,3745,2.5,3.42
308,48,4.0,3.13
117,786,3.0,3.25
495,4979,5.0,3.7
458,597,4.0,3.59
292,33493,4.0,3.57
219,8865,2.0,2.77
359,2012,2.5,3.47
387,4289,3.5,0.0
249,8961,4.0,4.26
610,55067,3.5,0.0
232,44665,3.5,3.85
290,2066,4.0,0.0
282,5349,4.0,3.59
247,1197,5.0,4.31
182,3158,4.0,0.0
260,2076,2.0,4.1
135,2997,4.0,4.01
387,3897,3.5,3.97
368,2762,4.0,3.95
19,1347,2.0,3.04
260,6375,3.5,0.0
64,2871,4.0,3.82
497,4993,2.0,4.17
122,68954,5.0,4.21
489,3253,1.5,3.47
432,58559,4.0,4.31
177,76093,5.0,4.05
610,4448,3.5,3.59
606,6898,4.0,2.91
596,364,4.0,4.06
177,1088,3.5,3.51
414,3273,3.0,2.98
474,3708,3.5,3.2
195,16,4.0,3.97
483,337,2.5,3.98
42,4322,4.0,3.72
480,5459,3.0,3.01
599,168252,3.5,4.69
520,589,4.5,4.06
62,96861,3.5,4.28
288,42007,3.0,0.0
320,59315,4.0,3.84
491,50872,4.0,3.96
307,4238,3.0,3.36
489,5945,4.0,3.31
41,6870,3.0,3.77
381,8961,4.5,3.98
160,858,5.0,4.32
599,3962,1.5,0.0
84,1296,4.0,4.31
483,54503,4.0,4.25
165,2571,4.0,4.16
328,60756,2.5,3.53
372,300,5.0,3.52
599,5945,1.5,3.53
226,3360,4.5,3.71
94,420,3.0,2.95
605,7444,3.0,3.22
43,292,5.0,3.49
246,81847,5.0,3.9
462,105504,4.0,4.22
226,3489,3.0,3.56
195,1060,5.0,3.72
40,514,5.0,3.52
500,838,3.0,3.59
509,103042,3.5,3.41
387,1344,4.0,4.0
525,96079,4.0,4.03
308,21,1.0,3.44
369,3535,4.5,3.83
610,63082,5.0,4.36
212,140715,3.5,4.13
364,736,4.0,3.44
304,172,2.0,2.73
414,1587,5.0,3.62
103,2088,4.0,2.56
522,27006,3.5,0.0
369,1262,3.0,4.28
599,229,2.5,3.6
596,181719,3.5,0.0
84,361,3.0,3.07
380,5048,2.0,0.0
434,54272,3.5,3.62
226,5989,4.5,4.18
607,1320,3.0,3.11
567,750,3.0,4.33
509,7347,3.0,3.49
326,71462,4.0,4.41
57,2115,3.0,3.7
610,1127,4.0,3.36
462,2409,2.0,3.38
600,2084,3.5,1.86
89,121342,3.5,0.0
343,2329,4.0,4.28
414,36517,4.0,4.24
156,3072,4.0,3.38
305,1625,2.5,3.9
448,440,3.0,3.82
57,594,4.0,3.59
20,6157,2.0,2.61
313,541,5.0,4.17
600,5064,1.5,3.89
304,1210,5.0,4.25
469,1104,5.0,4.57
138,2707,0.5,3.26
217,2331,2.0,0.0
372,1015,2.0,3.08
603,3521,4.0,3.77
339,1625,4.0,3.79
438,3408,3.5,3.77
366,589,4.0,4.0
150,95,3.0,2.84
523,26776,4.5,3.63
380,1653,4.0,4.21
489,2379,1.5,2.65
111,71057,1.5,3.91
318,3412,4.0,3.86
333,3755,3.0,2.83
217,1014,3.0,1.61
514,2028,4.0,4.18
275,440,4.0,3.64
84,318,5.0,4.58
424,6870,4.5,3.72
408,8528,4.5,3.78
552,2598,2.5,2.81
109,110,5.0,4.09
380,68791,3.0,3.31
76,2858,4.0,4.07
19,798,2.0,3.22
305,1258,5.0,4.27
469,2391,5.0,3.84
590,2376,1.5,3.55
467,2125,2.0,3.67
68,3147,3.5,4.52
217,564,1.0,0.0
525,99149,4.0,3.96
199,380,3.0,3.56
475,2617,5.0,3.1
122,80463,5.0,3.83
564,3948,4.0,3.49
480,48783,4.0,3.81
66,7438,5.0,4.0
307,1093,3.0,3.6
425,5679,4.0,3.42
268,1968,2.0,3.87
608,6323,4.0,3.64
603,1639,5.0,3.7
469,3160,4.0,3.71
599,68319,2.5,2.92
474,3548,4.5,3.98
219,1240,4.0,4.01
222,6863,4.0,3.52
182,3503,4.0,3.26
212,81591,4.0,3.69
165,5481,3.0,2.82
509,4993,5.0,4.25
594,339,5.0,3.69
274,4544,3.5,2.81
230,3527,3.5,3.71
10,4995,4.0,4.07
125,160563,3.5,3.01
351,88405,3.5,2.96
586,5952,5.0,4.11
414,1007,2.0,2.61
68,1408,5.0,3.82
462,90430,3.5,0.0
489,4995,4.0,4.23
590,494,3.0,3.5
274,34534,3.5,0.0
414,187595,3.5,4.37
474,529,4.0,3.86
590,349,3.5,3.92
268,1196,5.0,4.25
514,1345,4.0,3.25
590,1945,5.0,4.1
448,4981,4.0,0.0
599,169958,1.0,0.0
31,736,4.0,3.45
111,165671,4.5,0.0
525,551,4.0,3.74
511,3307,4.5,3.8
298,114935,3.0,3.81
57,377,2.0,3.67
411,440,3.0,3.63
534,57640,4.0,3.95
54,500,3.0,3.45
68,1275,2.5,4.25
474,2116,2.0,3.41
182,5609,2.0,0.0
381,63808,2.5,0.0
420,7153,4.5,4.18
18,118900,3.5,2.28
477,34150,3.5,2.82
187,39869,4.5,0.0
100,3536,4.0,3.16
105,111759,3.5,4.4
590,940,5.0,4.03
370,40629,3.0,3.38
555,2329,5.0,4.36
514,4002,3.5,3.93
105,117176,4.0,4.16
19,3213,4.0,4.09
195,1921,2.0,4.02
27,2985,1.0,3.53
411,382,3.0,3.41
489,105,4.5,3.33
89,125974,3.5,0.0
425,8783,3.0,3.11
45,648,4.0,3.65
322,2997,0.5,4.03
534,31,3.5,3.42
305,903,3.5,4.09
263,4027,4.0,3.75
469,1719,5.0,4.22
591,3897,3.0,3.85
594,2001,4.5,3.26
469,3418,4.0,3.65
288,40959,4.5,0.0
187,235,4.5,3.71
317,223,4.0,3.94
249,68205,3.0,2.8
414,112183,4.0,3.79
263,2396,4.0,3.82
469,2058,3.0,3.47
105,4734,4.0,3.13
414,1816,3.0,1.66
517,2424,1.5,3.22
428,1527,4.0,3.81
334,733,3.5,3.76
469,3813,5.0,0.0
68,3409,3.0,3.32
603,1533,4.0,0.0
381,736,3.5,3.56
204,3266,5.0,0.0
380,84942,4.0,0.0
331,5952,4.5,4.08
137,1237,4.5,4.31
125,1221,4.5,4.3
471,6016,4.0,4.12
453,344,4.0,2.99
68,457,4.5,4.24
410,1085,4.0,0.0
563,2485,3.0,2.75
129,7438,4.0,3.96
367,3175,4.0,3.65
596,2774,3.0,0.0
175,531,3.5,3.02
318,96020,4.0,0.0
57,2804,4.0,4.1
208,10,2.0,3.44
494,1196,5.0,4.23
51,2752,2.5,2.8
414,1278,4.0,4.15
412,2710,2.0,3.02
369,47,3.5,4.0
137,780,3.0,3.45
307,1580,2.0,3.65
256,3593,4.5,1.86
603,1307,4.0,4.04
76,111,3.0,4.19
566,337,3.0,3.86
600,1265,4.0,4.12
419,6213,3.5,2.63
480,7618,3.5,0.0
105,1265,4.0,4.19
599,6534,3.0,2.79
234,2571,5.0,4.19
375,1196,5.0,4.24
18,62434,3.5,3.44
372,4006,1.0,4.02
563,1017,3.5,3.89
75,2640,1.5,3.74
304,296,5.0,4.26
564,5377,4.0,3.77
438,2167,4.0,3.53
330,466,3.0,3.05
460,4703,4.0,2.23
156,2239,5.0,4.5
534,86892,4.5,0.0
525,2628,3.0,3.32
571,3706,1.0,3.14
390,5220,1.5,2.67
19,1895,2.0,3.62
307,784,4.0,3.07
105,26471,3.5,5.12
448,60040,2.5,3.57
367,3253,3.0,3.4
318,41566,3.0,3.48
131,48780,3.5,4.34
232,50068,3.0,3.75
184,180985,3.0,3.69
51,39183,5.0,3.48
288,4976,4.0,0.0
84,50,4.0,4.31
156,26313,4.0,0.0
330,4306,4.5,4.0
249,84954,2.5,3.76
274,2761,3.5,4.6
567,119145,3.0,3.97
474,1610,4.0,4.14
419,89580,4.0,0.0
409,3298,3.0,3.81
28,27408,2.5,0.0
339,141749,4.0,0.0
221,4799,3.5,3.32
9,2877,3.0,0.0
298,4448,2.5,3.51
132,4700,3.0,3.29
32,788,1.0,2.81
82,1801,3.0,3.31
274,52973,3.5,4.0
397,1104,4.5,4.51
177,91535,3.0,3.54
246,4993,5.0,4.22
605,1917,3.0,2.91
21,1391,0.5,3.16
167,5816,4.5,3.62
101,3179,3.0,3.5
219,904,5.0,4.4
103,55820,4.5,3.94
474,5548,2.0,0.0
453,2324,5.0,4.16
328,106487,2.5,3.48
70,63082,5.0,3.83
545,49284,1.5,0.0
509,2028,3.5,4.17
610,100579,4.0,0.0
63,1084,4.0,4.14
24,2617,3.5,3.06
273,435,4.0,2.46
66,442,3.0,3.09
525,5618,4.5,4.34
606,897,3.5,0.0
474,1303,4.0,4.07
261,2717,3.0,3.18
18,90600,4.0,3.49
115,919,4.0,3.89
474,6863,3.5,3.67
599,115713,3.5,4.48
307,7265,3.0,3.83
567,166528,1.0,4.21
57,1079,3.0,4.06
294,3031,1.0,2.95
178,780,3.0,3.47
606,8961,4.0,3.99
414,45186,3.5,4.15
139,7090,3.0,3.83
220,56367,2.5,3.82
249,69951,4.0,3.99
469,1387,5.0,4.15
356,2692,5.0,4.02
132,63082,3.5,3.95
351,80590,3.5,0.0
177,911,4.0,3.88
288,3827,3.5,3.41
224,2100,5.0,3.03
267,1210,5.0,4.23
267,2396,5.0,3.82
526,30707,3.0,3.82
597,1291,5.0,4.15
476,153,3.0,2.99
509,85510,3.5,3.09
597,1244,5.0,4.06
34,27193,4.5,3.68
376,1234,4.5,4.18
307,6187,4.0,3.48
274,56775,3.0,2.9
599,8361,1.5,3.45
438,225,2.5,3.58
584,592,3.0,3.52
249,6550,3.5,3.28
318,182715,3.5,0.0
415,4308,3.0,3.53
351,778,4.5,4.04
414,3763,3.0,3.69
296,2959,5.0,4.26
326,648,3.0,3.53
298,101112,1.5,3.62
1,2090,5.0,2.95
414,51084,3.0,3.41
352,1682,3.0,3.99
207,2968,0.5,3.92
580,8494,0.5,0.0
64,27266,4.5,4.05
307,53996,4.0,3.34
414,5464,4.0,4.2
305,3267,5.0,3.44
602,553,2.0,3.93
68,3578,4.0,4.31
272,5903,4.0,3.71
91,6707,3.5,3.38
381,3052,4.0,3.71
119,81845,4.0,4.15
517,38038,2.5,3.86
272,589,3.5,3.99
380,71129,3.5,0.0
448,96737,2.0,4.55
32,1103,4.0,3.97
448,2053,2.0,2.31
332,2826,2.5,2.88
414,3052,3.0,4.01
135,2300,5.0,4.05
140,2617,2.0,3.1
552,780,3.0,3.48
414,2947,3.0,4.05
527,2161,5.0,3.66
265,1488,2.0,2.83
292,5989,2.0,4.13
17,4571,4.0,3.62
500,3301,4.0,3.48
274,4386,3.5,2.76
62,115149,5.0,3.97
166,34150,3.5,2.73
261,27611,4.5,3.73
221,27834,4.5,0.0
424,99114,4.5,3.94
425,316,3.5,3.44
525,2942,3.5,2.89
543,5481,0.5,2.82
469,1333,5.0,3.79
275,4963,4.0,4.08
599,4632,2.5,0.0
600,7318,0.5,3.78
110,778,3.5,4.05
90,1356,4.0,3.82
62,34150,3.0,2.86
200,2485,4.0,2.86
217,2990,3.0,3.4
122,3499,4.5,3.91
477,551,3.5,3.7
603,4810,2.0,0.0
123,7153,3.5,4.14
380,3638,4.0,3.22
599,61236,2.5,3.23
118,296,4.0,4.24
307,1453,0.5,0.0
294,1021,1.0,2.71
354,1219,4.0,4.08
234,4226,4.0,4.11
414,3147,4.0,4.77
599,7015,2.5,0.0
414,1605,3.0,0.0
600,2881,2.5,3.04
590,904,5.0,4.46
397,1244,5.0,4.02
580,6539,4.0,3.99
573,1148,5.0,4.11
540,4886,3.5,3.93
179,161,5.0,3.76
469,608,5.0,4.24
567,105468,2.0,0.0
239,5669,4.5,3.8
495,7318,0.5,3.78
373,305,5.0,0.0
247,59315,2.0,3.9
226,5481,4.0,2.98
604,367,3.0,3.23
11,349,5.0,3.72
588,185,1.0,3.15
288,367,2.0,3.31
266,1580,3.0,3.57
64,2699,3.5,2.94
551,166568,5.0,0.0
17,1093,4.0,3.48
305,6377,5.0,4.23
357,593,4.5,4.29
352,64969,3.0,3.89
117,317,3.0,3.26
199,5378,1.5,3.35
134,160,3.0,2.9
414,1836,4.5,4.68
221,1186,4.5,3.6
93,86,4.0,3.56
331,54001,3.0,3.86
227,87232,4.5,3.87
567,49274,2.5,2.36
377,2384,4.5,2.78
600,4275,3.0,0.0
480,6482,2.5,1.99
165,592,4.0,3.47
474,2181,3.5,3.91
84,1179,3.0,3.67
298,4975,2.5,3.66
448,95105,2.5,4.05
458,480,5.0,3.72
50,8928,4.0,0.0
19,653,2.0,3.23
285,858,5.0,4.27
606,1277,4.5,3.75
599,328,2.5,3.49
246,57669,4.5,4.17
599,216,2.5,3.6
474,7832,3.5,0.0
191,281,4.0,3.69
307,343,1.5,3.39
489,2713,2.0,3.13
402,719,3.0,2.97
45,1221,4.0,4.31
391,3266,5.0,0.0
448,2012,4.0,3.84
249,1732,4.5,3.98
103,1064,3.5,3.71
391,480,2.0,3.78
199,1197,4.0,4.33
190,8784,3.0,3.85
339,41566,3.0,3.46
149,1527,4.0,3.8
115,2858,1.0,4.09
380,98491,5.0,4.35
438,329,3.5,3.49
61,4878,4.0,4.07
25,68954,5.0,4.05
572,2917,5.0,3.79
313,2746,2.0,3.25
246,94777,4.0,3.53
590,2664,3.5,3.92
504,7149,4.5,3.5
232,60684,4.5,4.09
552,3020,4.0,3.79
517,1027,3.5,3.12
28,3543,2.5,3.62
153,2174,1.0,3.52
597,1206,5.0,4.15
608,3243,2.0,2.71
377,86290,3.0,0.0
606,933,5.0,4.47
274,44840,3.5,3.13
42,4654,3.0,2.91
570,52328,3.5,3.83
40,306,5.0,4.15
103,2712,4.5,3.44
68,76251,4.0,4.05
432,1702,3.0,3.21
522,82461,5.0,3.09
528,2470,2.0,3.24
577,3168,2.0,3.9
568,2359,4.0,3.52
62,4993,5.0,4.3
66,628,4.0,3.57
68,26778,3.0,0.0
369,3752,3.5,3.23
600,59131,3.5,0.0
111,4016,2.5,3.78
313,2867,5.0,3.33
219,1377,3.5,3.03
573,5010,5.0,3.93
166,26662,5.0,4.18
226,7325,4.0,3.3
489,5266,1.0,3.18
284,224,3.0,3.69
45,1584,5.0,3.77
458,377,5.0,3.58
133,529,3.0,3.7
367,1219,4.0,4.1
534,37386,4.0,2.69
474,5316,2.5,3.36
387,49932,3.5,2.89
509,94780,2.5,3.33
606,1446,4.5,4.24
370,7438,3.5,3.95
177,41573,2.0,2.41
89,73042,5.0,1.46
597,1573,3.0,3.52
274,1253,4.0,4.07
474,1996,1.0,0.0
309,8340,4.0,4.04
608,6893,4.5,4.19
45,1610,4.0,3.89
380,2735,3.0,2.87
387,37729,3.5,3.58
18,44665,4.5,3.86
249,3753,4.0,3.8
432,64614,4.0,4.15
217,1265,3.0,4.07
212,5218,3.5,3.81
307,51091,3.0,0.0
610,71910,2.5,0.0
42,3752,4.0,3.25
103,104,4.0,3.63
28,56607,2.5,3.73
317,53322,3.0,3.84
226,3160,4.0,3.68
414,4388,2.0,2.91
133,457,4.0,3.99
414,51540,3.5,4.54
39,2018,3.0,3.26
88,6464,0.5,0.0
209,177593,4.5,0.0
41,1258,5.0,4.18
448,157122,3.0,0.0
57,2324,5.0,4.1
458,590,2.0,3.82
353,355,2.0,2.4
448,88785,2.0,3.04
68,1835,3.0,3.95
274,1682,4.5,4.21
362,1209,5.0,3.95
294,919,2.0,3.94
482,8943,1.0,0.0
554,551,2.0,3.61
7,2683,2.0,3.13
249,2340,3.0,3.62
414,63992,2.5,2.46
454,79008,3.5,0.0
122,91658,4.0,3.42
233,58559,4.5,4.26
448,3421,4.0,3.97
304,1047,3.0,3.27
373,589,3.0,4.02
428,5378,3.5,3.36
384,924,3.0,3.88
587,691,4.0,0.0
469,441,5.0,3.93
318,7373,3.0,3.65
484,2338,3.0,2.33
68,3791,4.0,3.46
391,2490,3.0,3.17
136,231,2.0,3.04
562,1219,4.0,4.06
182,6281,2.5,3.16
140,1344,3.0,3.95
561,5049,3.5,3.74
470,288,3.0,3.41
474,1179,3.5,3.97
60,3386,4.0,3.14
274,2694,3.5,3.34
448,82461,2.0,3.19
199,417,4.0,3.57
332,1378,2.0,3.01
204,27368,4.5,3.75
141,8641,4.5,3.71
599,1701,3.0,4.32
210,98243,4.5,3.82
480,8371,3.5,3.58
468,111,3.0,4.16
339,63072,4.0,3.94
422,2628,4.0,3.2
414,4900,4.0,0.0
447,532,3.0,3.16
438,37830,5.0,3.68
448,2038,3.0,0.0
219,5267,2.0,3.26
392,2706,5.0,3.32
396,204,0.5,2.59
249,1894,3.0,3.08
599,56145,3.0,2.75
552,1784,3.5,3.78
305,64983,4.0,3.41
608,4367,3.5,3.09
89,916,3.5,3.95
599,2792,2.0,2.69
305,2804,5.0,4.11
268,1221,4.0,4.31
23,1036,3.0,3.86
200,19,3.5,2.89
42,1124,5.0,3.5
274,2059,3.0,3.21
301,1381,3.0,2.0
294,3873,3.0,3.13
232,40278,4.5,3.38
57,761,2.0,3.11
18,6440,4.5,4.14
590,852,3.0,3.19
274,31658,4.0,4.45
480,33615,2.5,3.51
378,116797,4.0,4.01
351,8970,3.5,3.58
80,7445,4.5,3.97
352,99114,4.5,4.11
601,2762,4.5,3.95
571,2163,1.0,2.51
610,8042,4.0,4.14
248,187593,4.5,4.71
573,91630,4.5,3.9
448,90374,3.0,0.0
298,36537,2.5,0.0
40,308,5.0,3.59
259,410,3.0,3.14
187,5608,4.5,3.83
288,1995,2.0,1.29
368,2763,3.0,3.78
603,1321,3.0,3.43
51,2321,5.0,3.5
337,14,3.0,3.67
295,296,5.0,4.26
447,454,4.0,3.64
332,47,4.0,4.06
483,2985,2.5,3.6
84,454,4.0,3.68
600,48394,4.5,3.89
40,383,3.0,3.12
232,33615,3.0,3.54
103,2087,5.0,3.47
221,1276,4.5,4.36
350,653,3.0,3.15
509,106642,4.0,4.63
477,4616,2.5,3.52
250,1597,4.5,3.08
534,2329,4.0,4.4
109,1021,3.0,2.64
182,3354,0.5,2.8
21,111617,4.0,4.24
328,5060,4.0,4.05
232,37741,3.5,4.05
73,101612,3.0,2.56
339,134130,4.5,4.01
182,1542,4.5,0.0
125,166528,3.0,4.14
220,1527,4.5,3.8
606,1041,4.0,5.09
274,8361,2.0,3.51
28,27793,2.0,0.0
91,1760,0.5,1.69
15,71264,2.5,3.72
438,31658,3.5,4.33
414,5955,3.5,4.61
210,130444,4.0,0.0
382,37386,3.5,2.67
610,54272,3.5,3.88
217,661,3.0,3.44
380,1036,5.0,4.05
541,22,4.0,3.18
275,1962,4.0,3.84
227,778,5.0,4.04
590,3361,4.0,3.93
179,420,3.0,2.96
246,293,4.0,4.11
509,106072,3.5,3.34
201,2396,5.0,3.83
414,3527,4.0,3.97
275,920,5.0,3.67
610,5329,3.5,3.12
140,858,5.0,4.33
198,1527,1.0,3.79
288,44195,4.0,4.04
358,69757,4.5,3.51
182,2598,3.0,2.87
518,1215,4.0,4.01
62,5995,4.5,4.0
199,8638,2.0,4.24
105,120138,5.0,0.0
274,70994,3.5,2.63
412,1244,4.0,4.06
66,1641,4.5,3.76
590,951,4.0,4.5
453,1884,4.0,3.94
484,4720,2.0,3.79
462,3811,4.0,0.0
117,849,3.0,2.77
552,25,3.0,3.8
483,741,4.0,4.25
580,8665,2.5,3.97
339,541,5.0,4.21
474,900,3.5,0.0
483,2490,4.0,3.15
288,1079,5.0,4.18
474,5899,3.0,0.0
298,6564,1.5,3.15
71,208,2.0,2.98
307,53435,0.5,2.71
22,2300,4.0,4.09
298,86320,0.5,3.52
105,5418,3.5,3.98
603,835,4.0,0.0
65,2329,4.5,4.26
414,7451,4.0,3.91
122,60684,4.5,4.06
560,1673,4.0,4.07
298,62250,2.0,0.0
517,30825,1.0,3.14
414,107406,4.0,3.83
474,944,4.0,0.0
608,2987,3.0,3.79
610,6709,3.5,3.78
288,34528,3.0,0.0
309,4327,4.0,3.93
448,113186,3.0,0.0
57,1722,2.0,3.02
466,33794,3.5,3.93
288,6373,3.0,3.39
372,164,3.0,3.5
600,500,4.0,3.54
448,26464,3.0,0.0
288,1013,3.0,3.74
318,3503,3.5,3.26
469,1952,5.0,3.73
590,2006,3.5,3.23
509,6536,3.5,3.77
484,3968,3.0,3.19
610,59915,3.5,0.0
288,2245,3.0,3.43
482,786,4.0,3.23
561,6800,3.5,0.0
263,8784,3.5,3.86
217,1387,4.0,4.15
217,786,4.0,3.27
514,6942,4.5,3.82
266,288,1.0,3.41
339,88163,4.0,4.23
107,329,3.0,3.38
318,2167,3.5,3.51
143,7316,3.0,2.22
279,97913,2.0,4.05
95,2115,4.5,3.6
365,91529,2.5,4.14
373,344,3.0,2.98
51,4344,3.0,3.05
182,6215,3.0,0.0
220,648,3.0,3.58
168,71033,4.5,4.3
379,253,3.0,3.46
1,2427,5.0,3.12
273,296,4.0,4.26
414,1380,3.0,3.72
45,5283,5.0,2.84
606,25833,4.0,0.0
304,1680,3.0,3.49
63,2571,3.5,4.25
600,2746,3.5,3.26
580,7361,4.0,4.39
73,113378,1.0,2.06
361,32587,2.0,3.92
448,2986,3.0,3.05
438,8361,4.0,3.35
105,5151,3.0,3.27
182,1358,4.0,4.29
414,4085,4.0,3.65
400,1210,5.0,4.2
479,186,3.0,3.18
19,2858,4.0,4.11
325,19,2.0,2.85
15,8961,2.5,3.83
608,1603,2.5,2.23
573,54503,5.0,4.16
111,597,4.0,3.71
577,1939,5.0,3.78
210,147382,4.5,0.0
75,2115,3.5,3.58
318,85342,4.5,4.85
37,590,4.0,3.8
448,5464,4.0,3.81
351,593,4.5,4.21
474,1997,4.0,4.05
421,1287,4.5,3.99
391,223,4.0,3.99
249,152970,4.5,0.0
1,1030,3.0,2.8
91,903,4.0,4.06
596,1035,4.0,4.13
249,83613,3.0,3.43
590,356,5.0,4.39
380,1266,5.0,4.32
448,4886,4.0,4.25
517,1610,0.5,3.84
221,7318,0.5,3.68
176,349,4.0,3.71
249,4571,3.5,3.96
307,1288,3.0,4.14
236,2490,5.0,3.27
596,111800,3.0,0.0
232,40629,3.5,3.68
11,36,4.0,3.84
420,2311,3.5,3.67
68,1644,4.0,2.29
328,13,3.0,3.32
169,3448,4.0,3.64
298,64614,3.0,4.27
182,8784,4.5,3.94
226,8266,3.5,0.0
599,2245,2.5,3.4
50,117176,2.0,3.84
288,2367,3.0,2.27
294,267,1.0,3.11
253,66371,4.5,4.01
606,1921,3.5,4.12
4,1733,5.0,4.51
230,1049,4.0,3.1
414,154358,4.0,0.0
339,7153,4.0,4.29
603,2956,4.0,3.34
143,5418,2.0,3.76
427,5418,4.0,3.76
234,2641,3.0,3.2
298,97304,3.0,4.16
352,1464,3.0,3.59
477,57243,4.0,0.0
51,2871,4.5,3.82
480,5401,1.0,1.73
51,3501,4.0,0.0
380,1997,3.0,4.23
448,8464,3.5,3.82
387,5072,4.5,3.94
328,1682,3.5,3.94
93,648,4.0,3.56
559,39,3.0,3.44
182,29,4.0,4.14
202,235,4.0,3.82
43,810,5.0,2.27
599,2377,2.5,2.68
419,1350,4.0,3.7
140,1845,4.0,4.21
596,3213,4.0,4.1
424,4262,3.5,3.98
198,2012,5.0,3.54
606,6183,3.0,0.0
202,62,3.0,3.82
51,4238,4.5,3.23
182,7147,4.0,3.99
603,2605,3.0,2.98
260,1357,4.5,4.17
438,2302,4.5,3.34
590,8491,4.0,3.67
232,1036,4.5,3.91
21,1230,2.5,4.03
412,2829,4.0,2.92
190,4306,3.5,3.93
187,44788,4.0,3.34
178,161,4.5,3.75
256,33004,4.0,3.42
462,1784,1.0,3.82
299,3623,3.0,2.73
160,3067,1.0,4.09
125,100083,5.0,2.79
489,2405,3.0,2.95
15,63859,3.0,3.47
603,592,2.0,3.61
111,6373,3.0,3.44
495,70286,5.0,3.97
73,109374,5.0,3.86
15,1210,5.0,4.23
448,20,3.0,2.48
567,122912,3.0,4.49
414,1213,5.0,4.81
298,55290,3.0,4.08
367,4340,3.0,1.86
290,341,4.0,0.0
304,2141,4.0,3.76
607,2571,5.0,4.2
590,8529,2.5,3.36
219,3114,2.5,3.93
209,4011,5.0,4.13
274,594,3.0,3.64
352,112138,2.0,4.03
561,2918,4.0,4.05
483,5618,5.0,4.4
298,34150,0.5,2.91
99,10,4.0,3.46
41,4246,4.0,3.77
68,3034,3.0,3.7
414,1620,3.0,3.63
599,485,3.0,3.54
462,6945,5.0,0.0
474,44864,4.0,3.3
76,1196,4.0,4.25
599,34323,2.5,4.14
270,17,4.0,3.85
578,78316,4.0,2.23
599,3,1.5,3.62
453,4973,5.0,4.33
494,367,2.0,3.21
21,2011,5.0,3.64
567,63062,3.5,3.65
559,415,3.0,2.58
111,60756,5.0,3.69
606,1221,4.0,4.43
266,1883,1.0,3.64
545,44,2.5,2.4
610,26585,4.5,0.0
387,1266,3.0,4.28
56,253,3.0,3.46
199,4238,2.0,3.23
367,2407,4.0,3.18
477,3793,4.0,3.75
57,2681,3.0,0.0
226,267,2.5,3.13
307,5810,1.0,3.35
373,25,5.0,3.82
560,102903,1.5,3.58
438,5267,4.0,3.28
437,159,3.0,3.0
222,1556,1.5,1.76
592,500,5.0,3.48
597,500,4.0,3.56
414,3896,3.0,3.39
571,2655,2.0,0.0
368,1208,5.0,4.24
222,4816,4.5,3.52
200,63433,4.0,0.0
478,1101,3.0,3.07
597,2795,5.0,3.68
249,93272,3.0,4.52
51,4496,3.5,0.0
62,106002,3.0,3.52
204,1090,4.0,4.04
78,3087,3.0,3.51
328,2791,5.0,3.86
282,4995,5.0,4.17
563,33815,3.0,0.0
304,589,5.0,4.09
603,3494,3.0,0.0
474,2146,3.0,3.34
567,1219,2.5,4.08
479,4128,3.0,3.59
426,68954,2.5,4.08
483,953,4.0,4.19
177,71535,5.0,3.92
126,300,2.0,3.47
298,924,4.0,3.91
352,91535,3.0,3.4
288,1193,5.0,4.44
428,1210,3.5,4.25
297,482,4.0,3.38
555,3534,5.0,3.27
297,79,1.0,2.94
232,1012,3.0,3.4
249,36519,3.5,3.44
373,231,1.0,3.03
608,1573,2.5,3.58
119,99114,4.0,4.13
4,2150,5.0,3.84
165,5577,3.0,3.91
490,5952,3.5,4.05
275,5723,5.0,0.0
313,2427,2.0,3.1
573,41569,4.5,3.34
89,5480,5.0,2.32
605,2501,3.5,3.94
357,1084,4.5,4.16
20,4029,4.0,3.98
217,3418,2.0,3.68
332,4022,3.5,3.76
111,96588,4.5,3.68
480,5952,4.5,4.24
457,1375,4.0,3.23
230,661,2.0,3.42
76,356,1.0,4.19
438,5989,3.5,4.21
217,2662,2.0,3.51
517,539,3.0,3.64
609,828,3.0,2.42
387,44864,3.0,3.21
318,78209,3.5,3.37
130,349,2.0,3.71
274,2826,3.5,2.98
535,2482,3.0,0.0
103,1252,4.5,4.34
391,5470,4.0,0.0
483,92643,4.0,0.0
265,1371,3.0,3.05
445,68157,4.5,4.14
122,99114,5.0,4.13
599,5152,2.0,3.51
600,5679,3.5,3.43
567,63859,2.5,3.52
391,5319,2.0,4.06
452,69,5.0,3.71
503,54286,0.5,3.64
232,7324,3.5,3.45
6,592,3.0,3.55
314,39,3.0,3.41
381,5507,3.5,2.7
387,1783,3.0,2.5
536,332,5.0,2.21
64,4975,3.0,3.58
19,330,3.0,0.0
380,6863,3.5,3.59
432,92391,4.0,2.79
84,722,4.0,0.0
525,152081,3.0,4.23
294,516,3.0,3.2
610,3949,3.5,4.14
483,2100,3.5,3.08
294,3261,2.0,3.66
227,91529,4.0,4.08
580,6365,5.0,3.35
368,1960,4.0,3.69
603,1735,4.0,3.16
608,2706,2.5,3.49
414,5427,2.0,0.0
477,3421,5.0,4.01
274,1499,3.5,1.61
307,57368,3.0,3.26
216,3814,3.0,3.76
369,2628,2.5,3.22
47,112556,2.0,3.75
57,1580,4.0,3.62
555,2862,1.0,0.0
606,73,4.0,3.43
351,4226,4.0,4.17
351,6016,4.0,4.16
452,70,4.0,3.54
453,2762,4.0,3.99
17,79132,4.5,4.15
448,5872,2.5,3.34
608,8983,4.0,3.58
91,745,3.5,4.26
599,95771,4.0,0.0
610,4388,2.5,2.94
307,3160,3.5,3.71
414,4583,4.0,0.0
313,3175,4.0,3.73
480,1580,3.5,3.75
182,16,5.0,4.07
448,49220,2.5,0.0
474,2795,2.0,3.82
599,5378,3.0,3.56
108,926,3.0,4.46
89,96935,5.0,0.0
75,7153,4.0,4.14
200,339,4.0,3.69
122,50,5.0,4.35
274,457,3.5,4.18
227,56782,4.5,4.39
234,1,5.0,3.96
82,6886,3.5,0.0
372,1307,4.0,3.95
552,3155,2.0,3.82
579,480,4.0,3.73
251,1704,5.0,4.04
267,1093,5.0,3.48
244,6,5.0,3.93
368,1608,3.0,3.47
580,7254,3.5,3.58
95,260,5.0,4.27
274,810,1.0,2.28
500,4873,1.0,3.95
599,88129,3.5,3.92
419,1704,3.0,4.11
64,2006,3.5,3.21
317,7445,5.0,3.95
1,1793,4.0,0.0
323,112556,3.0,3.74
177,45722,3.0,3.7
387,741,4.5,4.28
450,3977,4.0,2.7
68,8810,2.5,3.06
380,7439,4.0,3.45
610,4533,4.0,0.0
219,7153,3.5,4.29
89,4899,2.0,2.33
287,4306,1.5,3.92
597,2749,4.0,0.0
200,2245,3.5,3.18
474,4921,3.5,3.63
479,736,3.0,3.48
533,1348,3.0,3.5
111,176101,4.0,3.07
141,3785,3.0,2.99
51,5712,3.5,3.75
586,2028,2.5,4.15
43,355,5.0,2.42
350,95,3.0,2.85
525,899,4.5,4.33
318,27186,4.0,0.0
319,364,5.0,3.94
554,1276,5.0,4.28
318,1367,3.0,3.23
596,6377,4.0,4.13
212,2716,3.0,3.82
573,1210,5.0,4.31
514,1969,2.0,2.51
414,2194,4.0,4.46
380,130634,3.0,2.88
382,90647,3.5,3.78
492,95,3.0,2.9
284,275,3.0,0.0
422,4947,3.0,0.0
362,1258,5.0,4.17
249,98961,4.0,4.78
354,2987,4.0,3.73
73,93326,3.5,3.03
509,88744,3.0,3.43
249,72641,4.0,4.06
306,97913,4.0,3.97
288,2745,3.0,3.65
514,3361,4.0,3.84
474,5945,3.5,3.54
41,61240,4.0,4.14
122,34437,4.5,3.6
474,982,3.0,0.0
483,1377,3.5,3.05
393,70286,5.0,3.97
418,1220,5.0,3.85
349,364,4.0,3.96
414,53447,4.0,0.0
368,454,4.0,3.66
298,42011,1.0,2.28
177,64614,3.0,4.26
375,1805,4.0,2.84
313,223,5.0,3.94
116,1293,3.5,3.82
274,6541,3.0,3.03
534,101025,4.0,2.43
68,8677,2.0,0.0
107,141,5.0,3.52
587,2243,4.0,3.51
68,52435,3.5,3.78
586,135133,5.0,3.79
480,2948,3.0,3.63
93,1917,5.0,2.89
351,60950,4.0,2.86
57,2922,4.0,0.0
339,61024,2.5,3.92
493,2571,5.0,4.18
334,4027,4.0,3.76
590,2662,4.5,3.52
594,589,5.0,4.07
414,157,4.0,3.99
109,252,3.0,3.7
233,122904,3.0,4.12
610,6541,1.5,3.11
599,968,3.0,3.72
606,48883,3.0,0.0
606,33004,3.0,3.48
552,2959,4.5,4.27
432,72998,4.0,3.73
434,1270,3.5,4.06
177,594,4.0,3.65
391,4993,5.0,4.26
554,3168,1.0,3.9
412,1848,2.0,3.43
339,164909,5.0,2.9
525,2096,4.0,3.46
368,2058,3.0,3.44
288,2795,3.0,3.72
414,537,4.0,3.4
603,3255,3.0,3.4
606,4963,4.0,4.24
608,3977,3.5,2.87
51,5378,1.5,3.35
280,8641,4.0,3.7
111,76077,4.5,3.27
590,2654,3.5,0.0
223,7438,3.0,3.96
570,733,3.5,3.81
495,61132,4.5,3.61
297,1483,1.0,3.15
219,5400,2.0,3.17
265,541,4.0,4.15
599,46322,2.5,4.18
62,122892,4.0,4.04
307,54256,4.5,1.86
139,33004,2.0,3.38
68,63131,4.5,3.94
50,59615,2.0,2.66
224,1197,5.0,4.27
68,1320,1.0,3.32
391,5283,3.0,2.8
212,1732,3.0,3.95
362,592,4.5,3.49
543,1270,5.0,4.01
50,151759,2.5,0.0
414,1485,3.0,3.42
509,5971,4.0,3.96
71,1101,5.0,3.08
600,8949,3.5,3.72
328,81847,2.0,3.93
307,2424,1.0,3.38
288,5528,4.0,3.68
386,410,3.0,3.15
42,11,5.0,3.81
141,47,3.0,4.01
534,4103,4.5,4.05
380,2100,3.0,3.19
425,5015,3.0,3.42
380,6220,4.0,2.14
477,348,4.0,3.75
68,1457,3.5,3.23
255,3751,3.0,3.58
222,6290,2.0,2.86
28,2021,5.0,3.29
414,2881,2.0,3.15
603,1201,5.0,4.45
428,2194,4.0,3.9
561,91535,2.5,3.43
307,6872,1.0,1.36
599,4993,4.0,4.5
288,2851,2.0,3.73
526,1732,4.5,3.92
354,2692,4.5,3.99
599,277,1.5,3.74
186,2819,4.0,3.51
474,3210,2.0,3.75
328,5349,4.0,3.61
586,116823,4.5,3.96
457,1373,2.0,2.51
353,432,3.0,2.64
5,410,3.0,3.15
567,2324,3.5,4.07
288,1562,2.0,2.09
95,2423,4.0,3.66
111,1513,3.0,3.34
19,3393,1.0,0.0
443,2571,3.5,4.18
495,33166,3.0,4.07
437,587,3.0,3.36
140,1584,5.0,3.81
438,6294,2.5,2.74
217,19,1.0,2.89
474,1,4.0,4.25
91,208,2.5,2.98
580,1625,4.0,3.76
422,3447,4.0,0.0
232,33660,4.0,4.13
608,6166,1.0,1.68
322,1203,4.0,4.13
140,6709,2.5,3.6
290,1219,5.0,4.11
187,1274,4.0,3.56
246,5971,5.0,3.89
199,5500,4.5,4.27
414,3525,3.0,0.0
105,1266,4.0,4.35
91,4878,4.0,4.15
432,587,4.5,3.38
484,1407,3.5,3.24
317,97,3.0,4.3
57,1726,2.0,3.53
448,8983,4.0,3.73
529,711,3.0,3.07
580,6537,4.0,2.95
474,1226,2.0,3.87
409,3504,4.0,3.81
460,150,4.5,3.76
332,2340,3.5,3.42
606,924,5.0,3.96
313,1200,5.0,4.05
233,118198,2.5,0.0
318,56174,4.0,3.65
10,103339,4.0,2.68
234,2376,3.0,3.49
380,59615,4.0,2.99
486,6,5.0,3.93
343,541,4.5,4.15
524,150,5.0,3.79
514,6870,2.0,3.76
462,1517,2.5,3.54
448,55830,3.0,3.61
288,3873,3.0,3.22
232,6534,2.5,2.79
606,1954,3.5,4.04
452,4015,5.0,2.97
19,3745,4.0,3.38
387,4161,3.0,3.61
232,6873,3.0,3.21
177,953,4.5,4.2
28,337,3.5,3.92
522,44665,4.5,3.8
274,1726,3.5,3.54
6,361,4.0,3.11
599,78959,3.0,0.0
387,50804,2.5,0.0
48,3793,3.5,3.69
107,105,4.0,3.26
525,4018,2.5,3.3
91,2012,2.0,3.67
414,6565,4.0,4.43
495,208,3.0,3.02
232,1197,4.0,4.43
306,122904,3.0,4.1
117,380,4.0,3.6
156,367,3.0,3.25
560,80463,4.0,3.87
554,2096,4.0,3.44
602,173,3.0,2.51
355,2094,4.0,3.34
357,19,2.0,2.85
88,7312,0.5,0.0
414,4247,2.0,2.37
474,3868,3.0,3.63
599,6,4.5,4.16
234,2616,3.0,2.92
393,8636,5.0,3.83
105,4310,4.0,2.65
274,2273,2.5,3.81
387,1027,2.0,3.21
452,3301,5.0,3.53
509,80549,4.0,3.86
414,2044,2.0,0.0
596,4015,2.0,3.03
288,32011,2.0,2.27
167,3087,4.0,3.51
82,5218,4.0,3.8
603,2240,4.0,4.71
191,21,4.0,3.46
474,1099,3.5,0.0
304,1207,5.0,4.19
104,2794,3.0,2.54
143,6332,4.5,0.0
43,1073,5.0,3.97
41,92259,4.0,4.29
318,296,4.5,4.34
232,36509,2.0,0.0
182,3168,3.0,3.98
380,86911,2.0,3.94
76,673,0.5,2.94
288,39414,3.5,1.86
448,140237,2.0,0.0
610,87529,2.5,3.66
474,2944,3.5,4.26
274,5445,3.5,3.93
368,2126,2.0,2.85
606,4967,4.5,4.56
239,49530,4.0,3.87
66,1748,5.0,3.72
480,1242,4.0,4.31
95,6893,4.0,4.2
21,2115,4.0,3.66
593,1188,5.0,3.92
448,6564,1.5,3.25
599,4292,3.0,0.0
310,1148,5.0,4.06
599,1950,3.5,4.28
105,140265,5.0,0.0
191,272,5.0,3.4
221,27899,2.5,0.0
464,377,4.0,3.6
380,4226,5.0,4.4
495,140247,5.0,2.37
8,21,4.0,3.46
274,54259,3.0,4.0
437,223,5.0,3.93
509,3967,4.0,3.88
182,2628,1.5,3.32
600,27020,3.0,0.0
447,145,3.0,3.44
359,3067,2.5,4.1
606,3386,4.0,3.07
488,8360,5.0,3.56
84,1380,4.0,3.35
448,2369,3.0,2.45
167,1396,3.5,3.35
470,377,4.0,3.57
599,1603,2.5,2.39
45,2580,5.0,4.1
514,11,4.0,3.72
527,733,5.0,3.75
190,1704,4.0,4.07
89,5283,2.5,2.9
334,720,4.0,4.27
72,590,4.0,3.82
293,593,4.0,4.16
603,611,3.0,2.57
274,2840,2.5,3.12
57,2788,4.0,4.24
249,91630,4.0,4.16
87,327,3.5,2.95
350,736,3.0,3.44
509,7099,3.5,4.18
391,357,4.0,3.57
477,419,3.5,3.06
288,1196,4.5,4.47
21,102125,3.5,3.76
380,4821,5.0,3.52
416,6539,2.0,3.86
599,555,3.5,4.19
307,40278,3.0,3.6
610,1210,5.0,4.36
219,8361,2.0,3.32
610,135569,3.5,3.85
132,562,2.5,4.1
590,915,3.5,4.03
385,1183,4.0,3.85
377,1345,3.5,3.21
290,671,4.0,3.63
580,8873,4.0,3.79
274,6807,4.0,4.12
64,7982,4.5,2.66
534,102686,3.0,3.61
480,1485,2.5,3.26
567,68358,1.0,3.98
479,260,4.0,4.23
260,1084,4.5,4.12
453,4160,3.0,4.25
290,3035,5.0,3.78
133,590,2.0,3.8
429,207,5.0,3.39
596,30816,3.5,3.25
280,4447,3.5,3.25
307,5349,4.0,3.67
542,4973,3.5,4.28
475,152081,4.5,4.18
232,736,3.0,3.58
525,1566,3.5,3.51
332,85131,2.0,0.0
603,278,2.0,0.0
448,6936,3.5,3.85
561,87232,3.5,3.98
522,59315,4.0,3.9
242,185,3.0,3.16
474,1284,3.5,4.09
226,282,3.5,3.54
103,50872,4.0,4.12
47,1021,2.0,2.61
294,2321,2.0,3.47
223,1597,3.5,3.06
387,924,5.0,4.0
274,54785,3.5,0.0
74,949,4.0,0.0
249,99728,4.0,3.34
292,1370,4.0,3.64
159,106782,2.0,4.05
19,2100,3.0,3.09
249,170875,3.0,0.0
434,2115,4.5,3.66
7,3578,1.5,3.99
159,2724,1.5,2.66
474,1552,3.5,3.33
555,2408,3.0,2.22
307,5255,2.5,2.89
419,2986,3.5,3.01
353,588,3.0,3.86
57,2054,3.0,2.95
91,1127,4.0,3.52
137,3578,3.5,3.98
256,84152,4.0,4.16
482,2748,2.5,0.0
132,2470,3.0,3.26
117,410,3.0,3.17
83,110,4.0,4.08
184,33794,4.0,3.92
560,2605,4.0,2.91
216,1077,3.0,3.73
373,508,5.0,3.63
177,9008,2.5,0.0
160,1690,2.0,2.88
233,64614,3.5,4.13
3,26409,4.5,0.0
354,8622,3.0,3.72
119,4446,3.5,3.53
580,4963,4.0,4.09
202,714,4.0,4.03
80,91500,4.5,3.34
512,296,5.0,4.25
217,3401,2.0,2.56
498,585,4.0,2.87
6,168,5.0,3.15
263,1111,4.0,4.18
391,457,4.0,4.09
298,141688,3.0,0.0
534,68157,4.0,4.4
517,82852,1.0,1.56
597,2912,4.0,3.73
524,1183,3.0,3.83
171,608,5.0,4.18
275,5349,4.0,3.57
292,102445,4.0,4.0
599,533,2.5,3.05
298,122892,3.5,4.04
182,586,3.5,3.09
560,6947,3.0,3.65
458,208,3.0,2.99
89,44851,5.0,0.0
570,377,3.5,3.67
292,4830,4.0,0.0
68,5618,2.5,4.43
42,2871,5.0,3.86
292,122900,4.0,3.73
560,3967,3.5,3.89
377,3701,4.0,3.26
19,2394,3.0,3.49
167,4678,4.0,3.77
59,2352,5.0,3.86
491,140110,4.0,3.65
288,784,2.0,3.13
353,353,3.0,3.46
117,802,3.0,3.42
371,661,4.0,3.41
274,8947,2.0,2.35
527,1259,4.0,3.98
480,185,1.0,3.37
217,2798,1.0,1.47
168,1927,4.5,4.34
162,802,5.0,3.36
50,74458,2.5,4.23
474,3098,3.5,3.85
137,2064,5.0,3.88
500,2294,3.0,3.25
599,8528,2.0,4.02
555,344,4.0,3.02
448,4221,3.0,2.3
135,3441,4.0,3.64
19,2369,2.0,2.54
274,2231,3.5,3.93
262,300,3.0,3.46
292,3615,3.0,2.95
550,77561,4.0,3.58
382,762,3.0,2.53
275,1280,5.0,4.2
479,5448,2.0,0.0
483,59387,5.0,0.0
51,247,5.0,4.06
448,85131,1.0,0.0
72,593,4.5,4.19
459,6377,5.0,3.96
448,2822,2.0,2.87
590,34072,3.5,3.82
68,33679,2.5,3.64
6,595,5.0,3.9
438,3275,4.5,4.29
326,85342,4.5,4.68
117,356,4.0,4.22
52,51255,5.0,3.93
606,263,4.0,0.0
458,356,5.0,4.19
332,2732,4.0,4.72
313,1198,5.0,4.29
560,6378,3.0,3.89
407,1036,3.0,3.85
95,1912,4.5,3.83
489,79536,3.0,0.0
305,1136,2.5,4.47
226,48516,4.5,4.45
560,3948,3.0,3.61
199,20,2.0,2.32
226,2515,2.0,0.0
606,1190,4.0,2.89
28,56921,2.0,3.68
416,7323,4.5,3.97
312,3698,3.0,3.27
182,5445,3.0,3.84
222,95307,2.0,3.43
520,3186,2.5,3.57
483,94780,2.5,3.31
68,69069,5.0,3.51
603,933,4.0,4.48
177,74458,5.0,4.47
203,96610,4.5,3.64
135,1375,3.0,3.31
353,216,3.0,3.37
599,8755,3.0,0.0
202,3654,4.0,3.98
19,1219,4.0,4.09
203,31,3.5,3.38
414,3243,2.0,3.23
217,1598,3.0,2.37
78,1270,4.0,4.02
609,288,3.0,3.41
406,1586,3.0,2.72
305,48738,5.0,4.1
469,1252,5.0,4.38
177,25750,2.0,0.0
331,4993,4.5,4.23
82,1196,4.0,4.32
274,2232,4.0,3.48
66,805,4.0,3.71
309,296,3.5,4.25
427,6055,1.0,0.0
492,748,4.0,2.8
469,555,5.0,3.93
458,21,5.0,3.47
274,3489,3.0,3.73
514,1396,4.5,3.35
414,49274,2.5,2.42
238,4848,4.0,3.91
305,96737,5.0,4.39
599,166528,3.0,4.36
246,8970,4.0,3.59
599,170297,2.0,0.0
111,31696,3.0,3.64
305,83134,5.0,3.4
103,70,3.5,3.56
307,1358,2.0,4.28
599,1006,2.0,0.0
232,2720,2.0,2.06
528,55290,1.0,3.81
564,102903,4.0,3.53
305,1552,1.5,3.32
153,1258,3.0,4.15
452,1917,5.0,2.91
599,42943,2.5,0.0
18,112421,4.0,0.0
173,588,3.0,3.81
225,514,4.0,3.52
483,98203,2.0,1.6
119,4367,4.0,2.97
241,296,4.5,4.27
449,5952,2.0,4.01
294,2110,2.0,3.5
125,166635,4.0,0.0
541,345,3.0,3.68
107,316,3.0,3.35
151,880,3.0,2.8
502,2746,5.0,3.19
608,2797,2.5,3.89
188,918,4.0,3.82
57,3104,4.0,3.75
608,4733,0.5,0.0
268,1101,2.0,3.1
429,22,4.0,3.21
426,3969,2.5,3.24
599,1059,3.0,3.93
351,67255,4.0,4.01
119,59369,4.0,3.75
232,6287,3.5,3.22
68,3448,4.0,3.87
282,103335,3.5,3.78
477,6157,3.5,2.67
483,1729,3.5,3.74
586,4016,4.0,3.68
338,189111,3.0,0.0
599,1231,3.5,4.21
288,3930,1.0,2.58
590,541,4.5,4.19
307,6868,4.0,3.23
354,4246,3.5,3.74
104,6773,3.5,3.58
260,1199,3.5,4.2
599,1298,2.5,4.08
432,648,4.0,3.55
251,142115,5.0,0.0
287,432,0.5,2.62
239,4886,4.5,4.01
68,27539,2.5,0.0
463,6947,3.5,3.51
500,2102,2.0,0.0
606,6989,3.5,0.0
352,1206,3.5,4.16
357,1,5.0,4.03
79,2692,5.0,3.99
68,81847,4.0,4.04
217,1848,3.0,3.44
159,74946,4.0,3.76
415,2617,2.5,3.05
393,6365,5.0,3.28
551,98809,1.0,4.0
448,1206,4.0,4.22
520,48780,3.5,4.36
447,353,5.0,3.44
298,4248,0.5,2.18
599,52281,3.0,3.88
534,208,4.0,3.11
587,1711,5.0,3.17
223,2840,3.0,3.11
15,172,1.0,2.7
307,288,4.0,3.44
57,431,4.0,3.82
125,72998,4.5,3.8
119,33660,4.0,4.15
483,35836,3.0,3.65
448,4051,0.5,0.0
391,1960,4.0,3.7
580,6305,2.5,3.85
561,2423,4.5,3.69
600,719,2.5,3.1
318,117533,4.5,3.84
315,1947,4.0,3.54
607,2097,5.0,2.97
274,7247,3.5,3.76
369,2788,4.0,4.18
608,3949,5.0,4.06
42,2423,5.0,3.76
471,4973,4.0,4.24
226,4085,4.0,3.46
57,50,5.0,4.35
325,3461,4.0,2.71
337,74,5.0,3.75
553,27831,4.0,3.67
274,5378,2.5,3.54
91,377,3.0,3.75
420,31410,4.0,4.21
414,2072,3.0,3.62
397,2371,2.5,3.04
169,6765,4.0,3.94
45,2431,5.0,3.43
63,480,2.5,3.78
462,926,3.5,4.47
7,5989,4.0,4.02
305,102125,2.5,3.94
427,5665,2.5,2.27
28,1240,4.5,3.99
357,594,4.0,3.59
540,33493,5.0,3.45
10,8808,3.0,2.8
527,2367,3.0,2.23
607,608,2.0,4.17
603,2813,1.0,0.0
328,3489,1.5,3.51
425,43921,4.0,0.0
318,778,4.0,4.19
414,2405,3.0,3.01
139,122892,2.0,3.91
489,37729,4.0,3.5
111,79592,3.0,3.48
292,1721,4.0,3.54
414,4527,3.0,0.0
550,116797,4.5,4.03
166,904,3.5,4.35
385,368,4.0,3.5
484,4011,3.0,4.23
318,55276,3.5,4.13
600,3259,2.5,3.26
280,277,3.0,3.49
525,1029,1.5,3.57
483,94070,4.0,3.57
483,4963,4.0,4.29
381,33794,3.5,4.04
571,1348,3.0,3.5
411,7,3.0,3.15
104,2746,4.0,3.21
448,2404,1.0,2.39
234,2720,5.0,1.99
105,6333,4.0,3.88
318,1202,3.5,0.0
288,3317,4.5,3.96
448,7153,4.5,4.43
20,1282,4.5,3.74
169,2706,5.0,3.36
244,1356,5.0,3.83
307,3250,3.0,3.4
581,5995,5.0,3.96
177,916,5.0,4.07
248,6377,3.5,3.95
323,3257,2.5,3.08
51,4034,5.0,4.11
92,2085,3.5,3.37
357,110,4.0,4.13
182,3783,4.5,4.14
414,3098,4.0,4.01
288,40629,3.5,3.75
428,3717,2.0,3.41
249,56775,3.5,2.87
305,3623,2.5,2.79
453,2396,5.0,3.84
527,527,1.0,4.25
586,122922,5.0,3.8
1,2139,5.0,3.44
68,46322,3.5,3.94
480,1079,2.5,4.18
230,2502,2.5,4.16
599,27762,2.5,0.0
112,68157,4.5,4.13
229,36,4.0,3.88
288,3784,3.0,2.07
560,4025,2.5,3.24
302,260,5.0,4.24
587,3082,5.0,3.28
103,1732,5.0,3.98
307,5459,1.5,2.96
182,7265,4.5,3.85
591,2770,3.0,2.86
182,3869,2.5,3.29
424,32,3.5,3.98
219,5266,3.5,3.17
434,431,3.5,3.79
599,5283,2.5,2.93
330,300,4.0,3.5
408,48780,5.0,4.35
448,104076,1.5,2.45
64,1617,4.0,4.26
414,2046,3.0,3.77
301,55052,3.5,3.66
572,1291,4.0,4.12
482,8985,4.5,2.55
303,6333,5.0,3.65
19,1285,5.0,3.97
474,3034,3.0,3.78
608,2142,2.0,2.21
62,67734,4.0,3.49
213,1291,4.0,4.14
68,96110,3.0,4.74
19,2539,2.0,3.21
383,2881,4.0,3.0
361,5418,4.0,3.76
15,4018,4.0,3.21
62,79132,5.0,4.34
380,34048,3.0,3.59
304,491,4.0,3.54
233,5954,4.0,3.82
286,3578,3.5,3.97
167,5014,4.5,3.58
398,5618,5.0,4.17
414,5316,3.5,3.35
105,38061,3.0,4.35
514,3738,2.0,0.0
605,2153,2.0,2.84
66,7493,4.0,0.0
571,2740,1.0,0.0
143,2706,4.5,3.32
51,4878,4.0,4.11
573,1270,4.5,4.1
202,296,4.0,4.29
380,46965,3.0,2.62
272,1721,2.5,3.46
448,118326,2.0,0.0
222,99112,3.0,3.77
603,2001,1.0,3.37
368,296,5.0,4.27
587,3363,4.0,3.91
350,799,3.0,3.46
33,778,4.0,4.07
357,2054,3.5,2.95
480,6753,3.5,3.37
599,802,2.5,3.51
119,5995,4.5,3.97
266,2890,5.0,3.66
368,2153,2.0,2.79
448,3717,2.0,3.62
344,260,5.0,4.24
212,104879,4.5,4.12
474,1214,4.0,4.13
90,608,5.0,4.14
249,4975,3.5,3.86
243,595,3.0,3.81
489,3147,4.0,4.33
230,8644,4.5,3.5
263,17,5.0,3.88
391,991,4.0,3.31
236,2606,2.0,2.7
588,21,3.0,3.46
230,380,3.0,3.57
307,48520,3.0,2.64
212,6373,4.0,3.32
311,466,1.0,3.01
313,2533,4.0,3.0
438,2880,4.0,2.6
560,5378,4.0,3.42
353,185,4.0,3.2
288,1247,4.0,4.11
448,108188,2.5,0.0
177,56941,5.0,3.03
391,492,4.0,4.12
484,3489,4.0,3.52
66,1090,4.0,4.08
274,24,3.5,3.31
160,551,5.0,3.63
105,3198,4.0,3.64
46,225,3.0,3.58
356,3552,5.0,3.8
336,3948,5.0,3.48
599,8604,2.5,4.39
68,1866,3.5,3.63
505,48780,3.5,4.28
483,33677,3.5,0.0
135,1883,5.0,3.65
64,1947,4.0,3.66
384,3203,4.0,2.88
426,6378,2.5,3.79
448,2857,4.0,3.24
495,106782,5.0,4.16
249,81932,4.0,4.25
588,16,4.0,3.96
105,4299,3.0,3.72
387,1019,3.5,3.73
414,55094,4.0,0.0
201,2011,5.0,3.55
592,196,3.0,2.71
414,41571,3.5,3.36
372,1188,2.0,3.89
29,1204,4.5,4.29
352,48516,4.5,4.38
372,595,4.0,3.82
603,2600,5.0,3.8
95,1513,3.0,3.22
76,953,2.0,4.09
448,3255,4.0,3.54
64,1214,4.0,4.03
600,3007,4.5,0.0
596,1614,3.0,2.97
68,4262,5.0,4.17
608,393,1.5,2.52
414,5480,3.0,2.33
280,69757,4.0,3.56
153,788,0.5,2.81
568,46723,4.0,3.43
108,4976,5.0,0.0
91,2122,4.0,1.9
86,4306,4.0,3.94
414,82169,3.5,4.76
102,802,3.0,3.37
463,1690,4.0,2.84
215,68358,4.0,3.91
246,8327,3.5,0.0
111,39,4.0,3.49
305,1270,5.0,4.12
79,2028,5.0,4.11
575,2500,1.0,2.16
474,1356,5.0,3.98
590,2194,4.0,4.05
64,919,4.0,3.95
599,2808,2.5,1.87
440,60069,4.0,4.05
606,156,4.0,0.0
351,4876,2.5,2.19
600,53322,1.0,3.88
128,911,4.0,3.75
347,253,4.0,3.47
240,533,3.0,3.04
204,54272,3.5,3.58
288,4062,3.0,3.73
121,6,5.0,3.92
590,2542,3.5,4.25
432,84374,4.0,2.72
182,4133,3.5,2.45
308,6539,3.5,3.9
382,2496,3.5,2.89
534,519,4.0,2.3
179,153,3.0,2.98
182,1431,2.0,2.44
252,162578,5.0,3.75
485,356,5.0,4.17
199,44555,4.0,4.27
469,898,4.0,4.41
307,3063,1.0,0.0
254,8961,4.5,3.84
177,48,3.0,3.26
232,43917,3.5,0.0
4,2186,5.0,4.0
610,6548,3.0,3.64
171,551,4.0,3.62
64,4034,4.0,4.16
436,203,3.0,3.7
471,6377,4.0,3.95
474,25927,3.0,0.0
354,44191,3.5,3.95
277,736,4.0,3.45
159,88810,3.5,3.96
449,3868,2.5,3.4
378,527,4.5,4.22
606,3632,4.0,3.69
15,166635,3.5,0.0
55,3101,1.0,3.16
583,71520,0.5,2.71
288,4110,3.0,0.0
477,516,3.5,3.26
597,2628,3.0,3.27
425,1061,4.5,3.61
298,111113,2.0,3.65
162,266,4.0,3.31
182,6341,4.0,3.2
453,3897,4.0,3.91
365,1259,4.0,3.96
239,1552,3.0,3.23
182,6902,4.0,0.0
356,1641,4.5,3.77
590,1569,2.5,3.6
387,1552,2.5,3.25
474,25752,4.0,0.0
111,178323,3.5,0.0
428,163,3.0,3.6
318,90769,4.0,0.0
596,169984,3.5,2.69
160,2628,2.0,3.26
496,111362,3.5,3.77
279,1240,4.0,3.95
305,139644,3.5,3.77
305,58301,4.5,0.0
596,122898,3.5,3.13
103,750,3.5,4.39
610,1273,5.0,3.88
476,349,3.0,3.74
603,4020,3.0,3.22
66,4572,4.0,0.0
288,2951,3.5,4.25
111,167036,4.0,3.25
586,4993,5.0,4.23
514,72641,4.0,3.58
345,32,3.5,3.96
448,1641,4.0,3.91
466,8957,4.0,3.41
514,186587,3.0,0.0
321,141,4.0,3.49
19,1267,3.0,4.46
19,513,3.0,3.66
103,64114,1.0,0.0
42,1673,5.0,4.11
187,377,2.0,3.59
469,2105,4.0,3.48
334,47,2.0,4.0
249,7458,3.5,3.86
21,8368,4.0,4.01
610,4262,4.5,4.14
52,69481,4.0,4.14
414,4159,2.0,3.07
219,27773,5.0,4.12
477,53468,4.0,3.41
514,2458,2.0,2.56
339,34162,3.5,3.65
18,114066,4.0,0.0
19,3751,3.0,3.64
220,59258,4.5,2.99
177,52973,3.5,3.96
328,4896,4.0,3.79
607,2028,5.0,4.13
68,6365,4.0,3.59
212,6539,3.5,3.96
122,53953,4.0,3.04
555,1862,3.0,2.36
274,71057,3.5,3.71
108,1270,5.0,4.0
392,707,1.0,3.0
414,1252,5.0,4.62
460,3968,3.5,3.13
249,54272,4.0,3.89
601,112556,4.0,3.76
82,1089,3.5,4.27
405,3052,3.5,3.66
290,3095,5.0,3.94
19,1265,4.0,4.07
68,2067,3.0,4.23
522,529,3.0,3.73
469,2989,3.0,3.56
462,32022,4.0,3.65
64,1889,3.5,3.95
319,858,5.0,4.27
169,953,5.0,4.13
610,35836,4.5,3.81
282,589,4.5,4.08
288,1206,4.0,4.2
387,3444,2.5,2.8
318,65126,4.0,0.0
534,71535,4.0,3.92
318,32587,2.5,3.97
452,1219,4.0,4.04
477,3809,4.0,3.25
125,63276,4.5,0.0
16,1617,3.5,4.12
368,438,2.0,3.5
410,2671,3.0,3.32
141,4963,4.0,4.05
294,1760,1.0,1.65
414,2872,5.0,4.3
600,2968,5.0,4.06
153,56367,4.0,3.77
414,4475,4.0,0.0
448,2051,4.0,1.46
80,1200,4.5,3.97
274,70286,3.5,4.31
226,2378,3.5,3.38
187,2959,3.0,4.28
230,2291,3.5,3.74
477,61132,4.5,3.72
377,26564,3.5,0.0
125,106782,4.5,4.16
480,33162,5.0,3.43
598,101577,5.0,0.0
380,74750,3.0,0.0
88,2542,4.5,4.13
353,330,2.0,0.0
452,4887,4.0,2.81
19,1891,2.0,0.0
91,3408,2.5,3.64
414,4995,4.0,4.71
359,54286,2.5,3.63
369,2716,3.0,3.79
387,4359,3.5,3.36
232,3793,4.0,3.86
305,93838,5.0,4.39
478,350,4.5,3.29
561,2194,4.5,3.99
313,260,3.0,4.28
177,1892,4.0,3.16
522,2329,4.5,4.31
105,26347,4.0,0.0
372,144,2.0,3.67
509,31658,4.0,4.3
83,7387,2.0,4.05
265,2640,4.0,3.73
474,6162,2.5,0.0
224,1721,5.0,3.49
298,1732,5.0,4.03
600,4039,2.5,3.2
282,6711,3.5,4.16
323,509,3.5,3.63
122,53000,3.5,3.69
175,8362,3.5,0.0
93,733,4.0,3.76
422,5039,4.0,4.37
453,4033,3.0,3.99
28,2502,2.0,4.18
423,3753,1.0,3.45
606,7569,4.0,4.23
428,4638,2.0,2.98
332,48780,3.5,4.4
318,66511,3.5,0.0
564,87869,3.5,3.66
608,4638,3.0,3.11
382,44555,5.0,4.18
357,8011,4.0,0.0
292,1210,4.0,4.3
380,2687,5.0,3.81
232,8371,3.5,3.68
495,6936,5.0,3.7
599,2080,2.5,3.63
596,134853,4.5,4.06
599,3479,3.0,3.87
590,2993,3.5,3.48
57,2321,4.0,3.49
414,1218,4.0,3.63
232,7376,3.0,2.92
532,1954,3.0,3.87
298,5266,1.0,3.24
606,8981,4.0,3.69
354,1573,4.0,3.47
62,5618,5.0,4.34
232,2617,3.0,3.16
356,5103,5.0,3.43
64,4865,4.0,3.85
282,2795,4.0,3.68
217,647,3.0,3.53
135,2324,4.0,4.09
132,3617,1.5,2.96
89,8360,4.5,3.53
608,3176,0.5,3.44
342,223,5.0,3.92
292,106696,4.0,3.81
414,3272,3.0,3.56
599,6267,2.0,0.0
10,81845,5.0,4.16
91,3018,4.5,3.26
221,2336,4.0,4.08
66,1094,4.0,3.49
178,1193,5.0,4.18
326,5608,4.5,3.8
232,1499,2.0,1.66
470,367,4.0,3.23
274,1394,3.5,4.35
603,485,1.0,3.35
380,1276,4.0,4.38
313,1196,4.0,4.33
18,63131,3.5,3.75
274,7325,2.0,3.4
331,6377,4.0,4.09
292,3654,4.0,3.95
414,253,3.0,3.82
122,1276,5.0,4.33
446,520,1.0,3.05
580,778,5.0,4.13
260,3893,3.5,3.37
409,968,5.0,3.45
521,29,3.0,4.08
84,1293,4.0,3.87
414,7371,4.0,4.96
477,1833,4.0,3.12
7,4306,4.0,3.95
601,170705,5.0,3.86
328,152081,2.0,4.13
474,4127,2.0,0.0
290,2948,4.0,3.62
480,3174,3.5,3.47
601,174055,4.0,3.76
525,26662,4.0,4.24
186,750,4.0,4.36
184,106782,5.0,4.05
534,93326,2.0,3.12
368,2013,4.0,3.03
573,1753,5.0,3.42
89,1580,1.5,3.56
226,2088,2.0,2.56
339,648,4.0,3.56
57,1882,2.0,2.19
23,1050,3.5,0.0
480,4340,2.5,1.89
244,479,2.0,2.3
184,178111,2.0,0.0
318,92475,4.5,0.0
317,81932,2.0,4.05
414,2468,2.0,2.29
368,3871,4.0,3.96
567,101864,1.5,3.69
380,3253,3.0,3.53
202,2262,3.0,3.04
465,329,3.0,3.38
432,367,2.5,3.23
105,34048,3.5,3.45
414,3181,4.0,3.91
15,318,5.0,4.54
481,1597,3.0,3.06
365,99114,3.0,4.03
111,79702,3.5,4.02
599,8861,2.0,3.57
103,1258,4.0,4.26
45,765,4.0,2.96
448,118512,1.5,0.0
105,27803,4.0,4.06
414,356,5.0,4.79
503,6027,4.0,4.24
469,3462,4.0,3.8
573,110,5.0,4.18
51,260,5.0,4.24
357,1029,4.0,3.49
376,96079,4.5,3.9
221,8128,4.5,4.15
339,97921,3.5,4.03
217,2410,1.0,2.83
414,1275,4.0,4.57
548,260,3.5,4.24
383,2690,4.0,3.8
380,1556,1.0,1.76
597,996,2.0,2.56
600,2459,3.0,3.22
581,4995,4.5,4.05
16,527,4.0,4.26
368,3877,1.0,2.75
606,4886,4.0,4.11
28,53123,5.0,3.93
590,926,4.0,4.41
541,592,3.0,3.48
573,5110,5.0,3.65
274,2726,4.0,4.2
37,344,5.0,2.99
594,223,4.0,3.93
18,32587,3.5,4.0
373,256,2.0,2.83
462,52,3.0,3.52
265,589,4.0,4.03
298,5942,2.0,3.1
525,4306,3.5,4.06
365,132800,1.5,0.0
469,10,2.0,3.57
551,1370,4.0,3.58
474,3702,2.0,4.01
178,357,5.0,3.54
182,5873,4.0,0.0
212,122892,4.0,3.96
474,4678,4.0,3.63
292,2949,4.0,3.76
374,1215,5.0,4.02
230,1022,2.0,3.64
307,52245,3.0,3.29
599,2001,3.5,3.45
262,272,5.0,3.46
489,353,4.0,3.54
607,110,5.0,4.1
212,57504,3.0,4.44
600,3996,2.0,3.99
599,4361,3.5,3.65
448,3740,3.0,3.96
111,4886,3.0,4.06
596,74458,3.5,4.32
216,3072,4.0,3.36
563,7320,2.5,4.56
21,81845,3.5,4.14
603,3649,4.0,2.68
586,84944,4.5,3.38
360,1647,2.0,2.76
318,3283,4.5,0.0
82,2410,3.5,2.76
387,908,4.0,4.23
547,2194,3.0,3.86
29,1385,2.0,3.15
294,1580,4.0,3.57
200,4308,5.0,3.6
474,3929,3.0,0.0
610,4446,3.0,3.67
428,919,3.5,3.87
599,31114,2.5,0.0
364,260,4.0,4.23
111,1911,3.5,2.74
428,2567,3.0,3.01
156,5577,4.0,3.99
160,1446,4.0,4.11
367,4535,4.0,3.81
242,593,5.0,4.17
337,805,4.0,3.72
140,4719,2.0,0.0
42,21,4.0,3.47
307,2027,1.5,2.51
68,33166,3.5,4.1
561,5956,3.0,3.75
336,2502,5.0,4.14
597,1954,5.0,3.93
107,590,5.0,3.81
4,4239,5.0,3.9
249,208,3.5,3.15
33,1658,2.0,3.59
368,1466,3.0,3.82
219,37733,2.5,3.85
234,919,4.0,3.91
599,7004,3.5,2.99
136,588,3.0,3.87
274,1485,3.5,3.32
387,2160,4.5,4.27
104,7034,5.0,3.68
357,915,3.0,4.03
180,2723,3.0,3.05
274,56145,4.5,2.52
166,8798,5.0,3.63
280,2718,4.0,3.16
318,26713,4.5,0.0
599,2707,3.0,3.37
357,1219,4.5,4.11
563,43930,3.0,0.0
232,594,2.5,3.63
19,2026,2.0,0.0
161,1965,2.5,3.64
198,47,5.0,4.05
18,8665,4.0,4.05
282,69122,4.0,3.76
139,79293,1.5,2.96
606,2388,4.0,0.0
596,3967,4.0,3.87
232,3510,3.5,3.74
78,1240,5.0,3.91
249,86833,3.5,4.0
414,46972,2.0,3.9
176,168,5.0,2.95
19,1379,2.0,2.65
571,3840,1.0,2.74
590,6539,4.0,4.08
517,137857,5.0,3.65
391,4237,4.0,0.0
345,3801,4.0,0.0
220,62344,4.0,0.0
323,457,3.5,4.0
199,3977,2.0,2.78
66,919,3.5,3.9
298,101864,1.5,3.78
399,296,5.0,4.24
383,2539,2.0,3.11
232,5882,2.5,3.71
462,471,2.5,3.77
607,2115,3.0,3.63
249,48516,5.0,4.67
610,88272,3.5,0.0
325,1211,4.0,4.02
153,122892,0.5,3.86
484,2078,5.0,3.88
241,100714,5.0,2.93
593,33166,4.0,4.02
524,923,3.0,4.01
134,349,4.0,3.71
603,3201,5.0,4.57
328,1374,4.0,3.73
220,1429,3.5,3.65
474,3528,2.0,3.9
233,96020,3.0,0.0
313,1967,4.0,3.99
156,2858,4.5,4.13
83,2324,3.5,4.06
71,7,3.0,3.11
89,174681,3.5,0.0
382,114795,3.5,0.0
501,10,4.0,3.44
610,1261,5.0,4.29
159,587,4.0,3.32
284,216,4.0,3.38
549,4226,5.0,4.11
592,733,5.0,3.78
125,7022,5.0,3.81
294,198,2.0,3.36
298,33794,3.0,4.08
419,33794,5.0,3.94
143,31685,3.0,3.12
469,2908,3.0,3.5
24,5445,3.0,3.74
448,4564,3.0,3.29
367,2194,4.0,3.89
294,2375,1.0,3.0
318,71147,3.0,0.0
187,2701,0.5,2.44
523,4995,5.0,4.06
40,609,4.0,3.75
483,103235,4.5,4.14
43,435,5.0,2.51
477,3213,4.5,4.14
483,81834,4.5,4.3
68,1527,3.0,3.8
7,1584,5.0,3.63
483,4306,4.0,4.11
560,2677,4.0,0.0
387,2413,3.0,3.55
76,6539,2.0,3.88
50,94864,1.5,3.45
105,170597,5.0,0.0
288,8879,4.0,2.75
562,5669,4.0,3.79
182,4146,4.0,2.65
610,95167,3.5,3.97
21,38038,1.5,3.94
241,99114,4.0,3.98
561,3868,4.5,3.51
597,2580,4.0,4.13
448,2616,2.0,2.94
534,116724,4.0,0.0
428,2460,1.0,2.49
200,8807,5.0,3.7
288,2236,3.0,2.75
141,60069,5.0,4.13
607,1968,5.0,3.88
414,5878,4.0,3.73
525,142488,3.5,4.63
575,2629,3.0,0.0
182,4310,2.0,2.65
389,376,4.0,3.22
266,2710,1.0,3.05
453,912,3.0,4.4
248,147384,4.5,3.79
64,8641,4.0,3.81
571,1969,3.0,2.45
321,648,3.0,3.54
18,260,4.0,4.37
57,923,5.0,4.05
279,648,4.0,3.55
357,31433,3.5,2.66
135,1203,5.0,4.13
227,47610,3.5,3.89
274,7117,3.5,1.93
437,176,5.0,4.02
22,48516,2.5,4.3
229,353,3.0,3.44
483,5782,3.0,3.87
234,1028,4.0,3.76
470,292,5.0,3.45
95,2600,2.5,3.79
414,141,4.0,3.59
200,59725,3.0,2.49
384,1388,1.0,2.43
480,32294,3.5,0.0
304,2396,4.0,3.86
610,100159,4.5,0.0
281,1381,3.0,1.97
428,2294,2.0,3.26
226,2231,4.0,3.84
362,111,5.0,4.22
164,3996,4.0,3.87
372,1,3.0,3.95
608,260,3.5,4.32
474,647,3.0,3.61
555,1257,5.0,3.65
606,1280,4.0,4.12
21,142536,2.5,0.0
344,1265,5.0,3.97
14,19,1.0,2.82
342,3174,4.0,3.34
317,104272,2.0,0.0
352,3113,4.0,2.5
235,527,5.0,4.22
561,4980,3.0,2.94
480,6947,3.5,3.63
372,1401,4.0,3.06
408,56775,4.0,2.7
264,1997,2.5,4.15
253,29,4.5,4.08
288,2404,1.0,2.37
474,916,4.0,4.18
217,1754,3.0,3.77
424,3949,3.5,3.97
274,45499,3.5,3.62
438,3000,3.5,4.06
294,3254,2.0,3.56
380,45499,4.0,3.72
606,3258,2.0,3.37
474,5378,3.0,3.52
368,3769,3.0,0.0
210,77561,4.5,3.68
27,808,4.0,0.0
561,88129,4.5,3.71
318,535,4.0,3.38
572,2289,3.0,4.07
600,1136,4.5,4.35
105,54001,4.0,3.92
354,588,3.5,3.91
527,1931,4.0,0.0
166,2947,4.0,3.87
203,420,3.0,2.94
570,1199,3.5,4.19
282,49272,4.0,4.11
380,8526,3.0,0.0
266,1060,2.0,3.73
177,87869,3.0,3.84
509,77561,3.5,3.74
483,6283,4.5,3.89
304,110,5.0,4.14
562,58047,5.0,3.55
457,3593,1.0,1.84
68,56367,3.0,4.11
382,2498,2.5,1.53
234,762,3.0,2.55
368,376,3.0,3.28
42,486,3.0,0.0
387,6710,3.0,3.92
132,788,2.0,2.86
459,122922,5.0,3.7
342,1270,4.0,4.0
520,1527,3.5,3.8
115,2002,3.0,2.77
524,1231,4.0,3.98
182,5095,4.5,0.0
448,1028,5.0,4.0
474,3948,3.5,3.72
160,3785,5.0,3.04
182,4954,4.0,3.78
110,3629,4.0,0.0
288,3614,4.0,2.69
232,7090,4.0,3.95
241,60950,4.5,2.91
51,829,4.0,2.38
417,49530,4.0,3.82
256,318,5.0,4.52
68,7160,3.5,3.31
474,5632,4.0,3.96
288,58998,4.5,4.07
318,58376,4.5,0.0
517,78637,1.5,4.73
599,191,1.5,3.15
608,8132,4.5,4.85
230,4995,2.5,4.09
597,597,4.0,3.66
561,93840,3.0,4.26
132,50872,3.5,4.04
453,3114,5.0,3.98
274,2470,1.5,3.47
57,89,2.0,3.38
288,48,2.0,3.17
294,552,2.0,3.5
182,14,4.0,3.7
249,1213,4.0,4.47
343,858,3.0,4.28
11,44,2.0,2.41
477,5291,4.5,3.8
294,2088,1.0,2.62
610,89837,4.5,0.0
156,969,4.0,4.05
95,3690,2.0,1.95
279,101864,3.0,3.69
330,1517,4.0,3.56
586,4958,4.0,3.13
288,991,2.0,3.36
63,5445,4.0,3.79
113,4130,2.0,0.0
241,5970,4.0,3.16
312,1909,4.0,3.35
381,4019,4.0,3.7
91,457,4.0,4.11
419,5956,2.5,3.62
446,440,3.0,3.62
6,708,4.0,3.43
18,1275,3.5,4.06
185,361,2.0,3.06
572,1292,5.0,4.03
221,2132,5.0,3.95
232,8362,3.0,0.0
448,120635,1.0,0.0
590,1707,1.5,2.66
474,3163,3.5,3.38
202,1266,5.0,4.22
599,53022,3.0,0.0
290,3341,4.0,4.36
45,112,4.0,3.58
232,54004,3.0,3.44
160,1356,2.0,3.9
195,1089,5.0,4.27
115,3273,4.0,2.57
605,35347,1.0,0.0
366,8368,4.5,3.91
292,1608,4.0,3.44
122,56174,4.0,3.58
414,3635,3.0,3.26
42,3695,1.0,0.0
6,1064,4.0,3.69
356,216,3.0,3.42
553,1653,4.0,4.01
462,34338,3.5,3.75
495,39446,0.5,3.26
577,1250,5.0,4.11
469,3039,3.0,3.96
96,2115,5.0,3.6
111,44972,0.5,2.51
21,84152,3.5,4.14
217,813,2.0,3.66
462,3019,2.0,4.25
599,4378,3.5,3.95
64,5417,3.5,0.0
600,628,3.5,3.65
51,2872,4.0,3.93
599,3503,4.5,3.36
480,364,3.5,4.23
331,7445,2.0,3.96
313,5544,4.0,0.0
302,736,3.0,3.45
590,6785,3.0,3.79
210,179511,4.0,0.0
380,3273,1.0,2.8
474,34,4.5,3.82
480,6296,3.0,3.85
425,253,4.0,3.51
477,3785,0.5,3.05
288,235,5.0,3.77
274,6763,1.0,2.38
332,2019,4.5,4.31
111,134853,2.5,3.95
246,370,3.0,3.18
68,70293,4.0,3.11
525,91500,3.5,3.4
602,761,3.0,3.09
532,1343,5.0,3.66
414,6159,5.0,0.0
385,1517,3.0,3.48
532,4351,3.0,3.28
263,527,5.0,4.27
62,37733,4.0,3.89
333,3567,5.0,0.0
191,246,5.0,4.21
305,924,4.0,3.96
401,4993,3.0,4.18
91,5438,3.0,0.0
606,3545,3.0,2.74
414,6709,4.0,3.89
196,47099,4.0,3.73
42,3755,5.0,2.85
430,5445,5.0,3.72
144,778,4.0,4.07
222,762,1.5,2.53
146,1411,3.0,4.45
600,49530,1.0,3.86
144,1485,3.0,3.15
212,127202,3.0,4.02
62,55908,4.0,4.01
217,3417,3.0,0.0
380,8783,3.0,3.28
474,45720,3.5,4.0
323,410,2.5,3.16
391,2275,5.0,3.08
274,4306,3.5,4.16
32,1356,4.0,3.85
447,593,4.0,4.18
462,1219,4.5,4.1
561,30793,2.5,3.02
288,733,3.0,3.83
514,111759,3.5,4.16
149,2034,1.0,3.27
288,3213,3.0,4.17
587,153,3.0,2.99
603,3763,3.0,3.3
571,2367,3.0,2.22
560,81591,4.0,3.76
19,3550,3.0,3.62
409,2064,5.0,3.88
599,53125,2.5,3.8
531,1259,5.0,3.91
182,1037,4.0,2.7
486,296,5.0,4.24
597,2115,3.0,3.71
368,2110,3.0,3.46
28,26614,4.0,3.5
424,68157,4.5,4.16
608,2105,3.0,3.5
274,27618,3.5,0.0
372,861,2.0,4.41
221,2692,4.0,4.03
226,46335,2.5,2.06
50,41566,2.0,3.39
474,6286,4.0,4.02
55,2580,2.5,4.0
414,78499,5.0,4.48
304,58,4.0,3.92
215,49272,4.0,4.06
249,49530,3.5,4.08
483,2529,3.0,3.83
561,922,4.5,4.48
453,1912,5.0,3.89
135,3327,4.0,3.67
129,5502,4.0,3.16
45,3196,4.0,3.92
279,79702,4.0,3.9
20,4848,1.5,3.93
239,2028,5.0,4.22
414,4062,2.0,4.29
318,102123,3.0,2.78
215,1061,3.5,3.55
274,111,3.0,4.49
249,2959,5.0,4.34
362,6377,4.0,4.02
284,327,4.0,2.94
318,58425,4.0,0.0
405,48780,4.0,4.36
116,377,3.5,3.58
94,296,4.0,4.24
599,1770,2.0,0.0
51,2746,3.0,3.21
608,1274,4.0,3.54
475,40815,5.0,3.86
143,3793,4.5,3.69
68,1287,2.5,4.24
167,551,3.0,3.63
419,3535,4.5,3.84
326,3450,4.0,3.28
93,258,4.0,2.33
390,8327,5.0,0.0
314,527,5.0,4.23
599,851,3.5,3.34
162,356,5.0,4.17
289,2012,3.5,3.45
599,1920,2.0,3.33
603,2529,4.0,3.87
483,3275,4.0,4.35
510,514,2.0,3.51
390,5989,2.0,3.99
474,5690,4.5,4.5
425,1407,3.0,3.24
232,5349,4.5,3.76
7,3916,4.0,3.63
414,4889,4.0,3.45
215,318,5.0,4.54
561,5500,4.0,4.36
599,1917,3.0,3.07
238,455,1.0,2.34
517,5013,5.0,3.65
484,1033,4.5,3.66
179,95,3.0,2.86
600,2014,3.0,2.22
274,362,2.5,4.04
381,2671,4.0,3.51
610,27746,3.0,0.0
51,1033,4.0,3.6
222,1273,3.5,3.76
438,1479,3.5,3.69
177,52604,3.5,3.81
474,8493,3.0,0.0
280,58803,4.5,3.79
246,68954,5.0,4.13
534,132796,2.5,2.2
43,1,5.0,3.94
307,4010,3.5,2.96
177,68793,4.0,3.05
91,3740,5.0,3.9
219,589,4.5,4.16
285,296,4.0,4.25
75,3176,1.0,3.32
527,2866,4.0,3.23
599,1022,3.5,3.74
474,8410,3.5,0.0
177,84954,3.0,3.69
606,7060,4.0,4.27
298,76175,1.0,2.6
307,6374,1.5,0.0
351,480,4.0,3.72
185,5804,3.0,0.0
282,2019,3.5,4.3
380,63222,4.0,0.0
260,2174,3.5,3.52
275,1747,4.0,3.43
480,2140,3.5,3.64
485,110,3.0,4.06
414,553,4.0,4.59
19,3063,2.0,0.0
18,1682,3.0,4.05
261,50,4.0,4.29
131,58559,4.0,4.22
414,2137,4.0,4.56
201,2355,5.0,3.55
599,1904,3.0,0.0
434,3471,3.5,3.97
199,1213,4.0,4.4
82,6687,4.0,1.33
126,349,4.0,3.73
599,5333,3.0,0.0
590,1073,3.0,4.12
28,27611,4.5,3.86
606,69844,4.0,3.94
534,104218,4.5,2.72
45,2124,4.0,3.54
351,8533,4.0,3.64
312,5388,3.0,3.27
562,61240,5.0,4.15
480,553,4.0,4.14
288,2133,3.0,3.46
89,118270,5.0,0.0
64,2905,3.5,0.0
483,1287,4.0,4.16
600,4419,4.0,4.33
260,5690,5.0,4.14
599,2302,2.5,3.53
489,6537,2.5,2.91
365,78209,3.0,3.37
572,3552,4.0,3.76
534,77561,3.5,3.88
510,3897,3.0,3.87
429,261,5.0,3.83
105,159811,5.0,0.0
483,76077,4.0,3.28
22,8622,0.5,3.65
414,8528,4.0,4.2
376,1200,3.5,3.98
318,111364,3.0,2.47
370,44191,4.0,3.9
138,616,4.5,3.36
465,2067,5.0,4.09
288,48082,3.5,3.9
453,3744,4.0,2.92
124,2683,4.0,3.13
57,2985,3.0,3.55
4,3408,4.0,3.54
600,631,2.5,3.48
268,1278,4.0,3.94
420,3307,4.0,3.86
156,905,5.0,4.58
610,141799,3.5,0.0
605,4571,3.0,3.62
602,246,3.0,4.24
252,1682,4.5,3.88
21,94677,4.0,4.07
160,1208,5.0,4.24
219,1,3.5,4.05
66,1257,4.0,3.56
477,45722,3.0,3.64
198,2028,4.0,4.18
279,2288,5.0,4.07
465,933,5.0,4.35
224,593,4.0,4.19
202,1101,3.0,3.2
275,4211,4.0,0.0
226,2915,4.0,3.65
432,5891,3.5,0.0
308,39,3.0,3.41
22,33794,2.5,3.91
474,6770,3.5,0.0
480,33660,4.5,4.14
111,122904,5.0,4.39
414,4463,2.0,0.0
95,3793,4.0,3.68
610,97988,2.5,0.0
226,46948,3.5,3.64
83,2762,4.0,3.93
489,376,2.5,3.34
246,74508,4.5,2.74
125,149830,4.5,0.0
387,26303,4.0,0.0
551,106487,4.0,3.47
282,80463,3.5,3.78
66,608,4.0,4.23
21,70286,3.5,4.05
101,2959,5.0,4.24
555,1170,2.0,0.0
565,597,3.0,3.56
134,588,3.0,3.81
608,3785,2.5,3.12
387,50,4.5,4.39
318,6368,4.0,4.16
414,8865,3.0,2.74
532,2406,4.0,3.47
573,1485,5.0,3.21
393,4011,5.0,4.18
249,4370,3.5,3.54
474,4804,3.5,0.0
308,745,1.0,4.16
414,8798,4.0,3.99
610,27317,4.0,4.15
354,2947,4.0,3.9
155,153,3.0,2.95
64,3450,3.5,3.43
84,339,3.0,3.72
516,647,3.0,3.47
472,95510,5.0,3.05
184,162968,4.0,0.0
386,45,3.0,3.25
215,2248,4.5,3.8
68,3785,4.0,3.14
347,597,4.0,3.58
448,1022,4.0,3.69
464,4011,4.5,4.16
47,1580,1.5,3.54
486,173,4.0,2.5
74,1185,4.0,0.0
489,1136,3.5,4.36
438,8916,3.0,0.0
154,69844,5.0,3.85
593,141,4.0,3.5
566,377,4.0,3.57
86,3555,3.5,3.37
377,150,5.0,3.76
296,79132,5.0,4.07
401,551,3.5,3.61
599,5956,3.0,3.89
166,8360,4.0,3.58
156,1883,3.0,3.66
68,546,2.0,2.09
241,3252,3.5,3.58
354,70,4.5,3.58
71,788,4.0,2.8
456,1393,5.0,3.47
220,5796,2.0,2.45
288,1,4.5,4.13
580,30793,3.0,3.04
425,36,3.0,3.86
73,106072,5.0,3.27
414,96417,3.0,3.3
135,165,1.0,3.73
414,4248,4.0,2.41
19,1270,4.0,4.12
607,5060,3.0,4.01
412,1797,5.0,4.18
62,112804,4.5,0.0
339,85774,4.0,3.74
334,54259,3.5,3.67
607,4015,1.0,2.94
307,33495,2.0,2.94
346,1237,5.0,4.29
199,6807,3.5,4.12
266,367,3.0,3.24
503,6377,3.0,3.98
105,141844,4.5,0.0
375,1779,3.5,2.9
17,64839,3.5,3.75
170,339,4.0,3.64
474,7,3.0,3.33
316,3186,3.5,3.54
73,106782,4.5,4.09
610,74750,3.5,0.0
220,5502,1.0,3.16
64,1805,3.0,2.9
233,122882,2.5,3.82
21,4446,3.5,3.54
105,171011,5.0,4.84
607,1387,4.0,4.13
177,3977,3.0,2.97
438,5171,3.0,3.17
529,637,3.0,3.33
266,2249,2.0,3.29
68,6188,4.5,3.76
608,1101,3.0,3.26
318,37386,3.5,2.61
450,3173,4.0,3.15
599,1923,3.0,3.98
279,2858,3.5,4.09
492,1429,4.0,3.64
108,1959,5.0,3.47
294,180,2.0,3.74
317,63082,4.0,3.97
222,4993,4.0,4.24
232,27790,3.0,3.78
563,2918,3.5,3.93
559,145,3.0,3.44
51,653,4.0,3.24
274,63436,2.0,0.0
313,2716,2.0,3.82
139,81564,2.0,3.95
266,1196,5.0,4.31
508,2243,2.0,3.46
561,733,3.0,3.82
262,552,4.0,3.37
33,2391,2.0,3.7
380,7802,5.0,4.0
489,1253,3.0,3.98
605,58347,4.5,2.79
334,7153,3.5,4.18
132,4168,2.0,2.47
137,922,5.0,4.38
597,2396,5.0,3.94
217,1689,2.0,2.51
6,647,4.0,3.57
226,1639,3.0,3.76
474,6378,3.5,4.0
89,128852,4.5,0.0
489,3176,3.5,3.41
155,3114,3.0,3.88
89,54503,2.0,4.08
387,1248,4.5,4.48
170,736,3.0,3.47
580,1250,0.5,4.07
105,589,4.0,4.14
298,8132,3.0,4.78
307,3033,3.0,3.52
156,869,4.0,0.0
20,6297,4.0,3.33
441,527,0.5,4.21
98,60126,5.0,3.5
216,3868,2.0,3.43
606,44189,4.0,0.0
351,1193,3.5,4.19
428,2890,3.5,3.65
265,780,4.0,3.46
610,6537,3.5,3.13
169,1080,3.0,4.08
298,30810,3.0,3.72
274,1350,3.5,3.93
610,32,4.5,4.33
91,2140,3.5,3.6
80,8798,5.0,3.6
474,1921,4.0,4.19
428,1997,2.5,4.2
462,21,4.0,3.48
275,1041,5.0,5.05
599,2023,2.5,3.47
249,5803,3.0,2.82
352,51540,4.5,3.93
160,648,1.0,3.61
606,5099,3.0,0.0
604,23,4.0,2.76
309,2324,4.5,4.02
249,91500,4.0,3.38
122,1080,5.0,4.12
68,589,3.5,4.29
19,1590,1.0,3.02
236,2683,5.0,3.11
399,110,3.0,4.06
541,445,3.0,2.45
590,51935,3.0,4.02
448,101,3.5,3.8
28,4776,2.0,3.85
414,4387,4.0,4.2
298,4246,2.5,3.76
580,27674,4.0,3.68
89,93022,5.0,0.0
474,4129,1.0,0.0
80,5103,4.0,3.34
368,2094,3.0,3.4
515,527,5.0,4.21
276,1210,5.0,4.19
307,4584,2.0,0.0
292,4886,4.0,4.06
448,2134,3.0,3.27
495,102123,2.5,2.94
177,2144,2.5,3.84
254,3510,2.5,3.42
327,2857,2.0,3.14
491,1911,4.0,2.62
200,1777,5.0,3.55
380,36525,3.0,3.02
493,1215,3.0,4.03
64,4223,3.5,3.87
32,627,4.0,3.52
378,1,4.5,3.92
42,4132,3.0,2.9
474,2937,4.5,3.73
105,4270,4.0,3.08
434,50872,4.0,4.07
474,3105,3.5,4.25
305,105653,4.0,0.0
600,1707,3.0,2.79
266,2387,4.0,3.35
534,59315,4.0,3.98
351,88272,3.5,0.0
474,2378,2.0,3.61
448,4322,4.0,3.75
62,115680,4.0,0.0
448,4397,3.0,0.0
489,1042,2.0,3.54
561,2395,4.0,3.52
368,1193,5.0,4.23
33,261,4.0,3.81
414,60074,3.0,3.4
527,2054,3.0,2.93
462,3679,3.5,0.0
415,3468,4.5,4.39
246,616,4.0,3.32
610,1358,4.5,4.28
200,1302,3.0,3.77
305,56174,3.5,3.71
590,4878,3.0,4.18
79,2916,4.0,3.6
368,809,2.0,2.7
608,5065,4.0,3.01
488,1278,2.5,3.96
290,1204,5.0,4.34
177,106100,5.0,4.46
520,1136,5.0,4.27
368,762,2.0,2.61
384,480,4.0,3.72
182,4896,4.0,3.84
414,8981,4.0,3.97
122,46530,4.0,2.93
18,88140,4.0,3.78
332,76251,3.0,3.77
41,46723,4.0,3.54
525,33493,3.0,3.63
608,39,3.0,3.48
477,745,5.0,4.31
217,3307,2.0,3.82
132,8373,3.0,2.12
57,1274,3.0,3.56
387,4370,3.0,3.36
379,367,2.0,3.22
105,4973,4.0,4.44
357,4027,5.0,3.79
19,2657,3.0,3.56
182,2106,4.5,0.0
249,89864,3.5,3.85
483,588,4.0,4.13
401,1566,3.5,3.26
169,8641,5.0,3.69
202,1090,5.0,4.04
84,1013,3.0,3.32
509,45672,1.0,2.99
448,111663,1.5,0.0
603,184,4.0,0.0
182,3896,1.5,3.39
391,2003,4.0,3.38
16,1276,4.0,4.29
592,589,5.0,4.02
63,91500,0.5,3.36
232,49278,3.5,3.76
140,4903,4.0,3.17
21,5989,3.5,4.1
286,6365,1.5,3.26
393,4720,3.0,3.71
354,4027,3.5,3.79
387,47,4.5,4.21
551,117529,1.0,3.34
448,118997,2.5,3.0
480,2858,4.0,4.21
469,2987,2.0,3.79
448,3168,4.0,3.92
481,1479,3.0,3.5
274,3911,3.0,3.96
317,1258,5.0,4.17
212,364,3.0,4.0
585,4776,4.0,3.79
566,316,4.0,3.35
419,104,4.0,3.55
610,6947,4.0,3.79
436,250,3.0,2.44
288,141,3.0,3.6
177,6429,4.0,0.0
57,527,5.0,4.34
68,593,3.5,4.58
555,3174,3.0,3.43
220,8360,5.0,3.62
483,94777,3.0,3.66
542,6365,1.0,3.29
290,3104,4.0,3.73
332,1282,4.0,3.7
307,208,2.5,3.03
599,164179,3.0,4.12
246,26776,5.0,3.68
199,5747,4.5,4.83
509,2054,2.5,2.93
562,204,3.0,2.62
590,2099,3.0,3.65
230,2683,0.5,3.13
18,185135,4.5,0.0
274,5585,3.5,1.68
212,4979,4.0,3.71
560,109487,3.0,4.13
508,1296,1.0,4.13
593,4963,2.5,4.02
603,1185,4.0,0.0
292,5299,4.0,3.21
517,2941,3.0,3.75
453,3578,5.0,4.07
347,457,4.0,3.99
18,74458,4.5,4.41
123,69306,4.0,2.89
111,7438,3.0,4.02
59,858,5.0,4.3
274,8644,2.5,3.83
166,923,4.5,4.04
514,2454,3.0,3.41
149,1676,5.0,3.52
521,694,3.0,2.37
584,736,5.0,3.51
554,858,5.0,4.29
310,432,2.5,2.61
249,5323,1.0,0.86
377,4942,4.5,0.0
249,102445,4.5,4.29
474,6308,2.0,3.41
514,3688,2.0,2.35
380,3635,5.0,3.17
298,134130,3.5,4.04
378,91529,4.5,4.04
27,3489,5.0,3.52
446,253,3.0,3.45
387,153,3.0,3.07
177,6016,3.5,4.38
544,3,3.0,3.27
522,524,3.0,3.52
308,356,2.5,4.2
282,648,3.0,3.57
249,88125,4.0,3.96
177,2009,3.0,3.57
288,7619,3.5,3.64
372,1199,3.0,4.21
41,7445,2.0,3.94
552,2245,3.0,3.14
226,46578,5.0,3.96
140,33679,3.0,3.4
94,597,2.0,3.58
47,79242,3.0,0.0
103,2018,3.5,3.27
599,1682,4.0,4.2
187,7844,4.0,0.0
182,4898,3.0,0.0
226,1947,4.0,3.62
483,81,3.5,3.0
567,104875,3.5,0.0
104,1680,4.0,3.44
425,3948,3.5,3.58
495,63992,4.0,2.4
63,2115,4.0,3.65
522,1213,3.5,4.36
116,3578,4.5,3.96
307,7347,2.5,3.49
382,53974,1.0,0.0
274,6405,3.0,0.0
597,110,5.0,4.21
306,5957,4.0,3.38
603,1310,5.0,0.0
599,3617,2.5,3.2
561,2628,2.0,3.35
199,587,2.0,3.41
349,597,5.0,3.57
83,1726,2.0,3.51
448,151501,1.5,0.0
160,2088,1.0,2.63
592,457,5.0,4.01
533,2160,3.5,4.1
577,1233,3.0,4.3
328,1089,5.0,4.29
232,6333,3.5,3.97
474,3996,4.0,4.25
339,2716,2.5,3.85
448,6333,4.0,4.0
517,2135,3.0,4.06
318,54286,4.0,3.75
447,364,4.0,3.95
141,71535,3.5,3.91
474,27820,4.0,0.0
168,7156,4.5,4.27
351,39400,3.5,2.03
563,7316,2.0,2.27
448,34520,2.0,2.32
167,3210,2.5,3.52
286,4995,5.0,4.07
18,6300,4.5,0.0
177,1213,4.0,4.46
434,1246,4.0,4.17
480,6436,4.5,0.0
188,926,4.0,4.44
380,47044,2.0,2.67
424,141,3.0,3.55
534,2394,5.0,3.49
136,338,2.0,2.79
66,1918,3.5,2.8
569,296,5.0,4.24
135,1968,4.0,3.88
414,4963,4.0,4.54
399,4306,5.0,3.92
57,1372,4.0,3.29
256,56174,4.0,3.54
100,914,4.0,3.93
254,44929,4.5,0.0
555,2907,5.0,3.99
6,271,4.0,2.26
249,59022,3.5,3.3
217,3087,2.0,3.58
380,49278,4.0,3.9
128,1356,4.0,3.83
434,1089,4.0,4.33
479,3450,3.0,3.27
135,3052,5.0,3.66
601,115617,4.5,4.06
380,7099,5.0,4.15
391,5222,5.0,0.0
57,2716,5.0,3.83
123,76093,4.5,3.85
387,1953,4.0,4.05
448,168456,2.0,0.0
563,88163,3.5,4.09
385,1017,2.0,3.97
590,4558,3.0,2.43
480,163,3.0,3.79
554,1028,5.0,3.76
610,85022,3.0,3.67
517,88810,2.5,3.98
318,2925,3.5,4.33
62,135518,3.5,0.0
45,2064,4.0,3.91
249,420,3.5,3.05
512,317,3.0,3.18
318,5791,4.0,3.89
275,5650,3.0,3.65
599,26870,2.5,0.0
413,16,5.0,3.95
21,2529,4.0,3.83
599,106072,2.5,3.53
111,59333,3.5,2.65
8,317,3.0,3.16
307,34523,2.0,0.0
357,1035,4.5,4.22
341,6373,3.0,3.22
216,2109,2.0,3.39
125,138036,4.0,3.77
29,1939,4.0,3.74
370,1136,2.5,4.21
610,86835,2.5,0.0
475,1270,5.0,4.03
387,53972,3.5,3.7
377,2793,3.5,1.99
414,2642,3.0,2.62
167,3421,3.0,3.92
432,1921,3.5,4.05
369,1372,4.0,3.25
110,2762,3.0,3.93
599,2791,3.5,4.16
274,8977,2.5,3.07
202,6,5.0,4.0
480,708,3.5,3.56
380,59369,5.0,3.89
590,5944,2.0,3.25
45,778,4.0,4.14
608,158,0.5,2.99
414,3452,3.0,3.41
149,32,4.0,3.96
160,3745,2.5,3.37
414,605,3.0,3.46
514,58998,3.5,4.05
355,1848,3.0,3.41
387,44828,2.5,2.94
234,1688,3.0,3.27
573,3793,4.5,3.74
381,4299,4.0,3.67
91,225,3.0,3.53
39,3213,5.0,4.02
564,143257,3.5,0.0
610,90746,3.5,3.74
249,4641,3.0,3.4
604,317,3.0,3.21
297,1616,3.0,3.13
184,60040,2.5,3.24
105,924,4.0,3.89
505,2087,4.5,3.44
7,48783,4.5,3.67
555,2529,5.0,3.88
414,52967,3.0,3.32
194,2599,3.0,3.73
534,135532,2.0,0.0
221,3498,4.0,4.17
140,5093,3.0,2.83
555,2146,3.0,3.23
158,55391,4.5,0.0
551,90439,5.0,3.77
98,74458,5.0,4.23
474,1893,4.5,0.0
62,60126,3.0,3.6
177,3189,3.0,3.76
318,88810,4.0,4.22
91,1035,2.0,4.21
566,17,5.0,3.86
328,2115,4.0,3.62
509,99145,3.0,0.0
604,1,3.0,3.91
489,77881,3.5,0.0
202,2133,3.0,3.4
600,1020,2.0,3.24
66,8784,4.5,3.91
412,2861,4.0,3.17
525,96610,4.0,3.76
307,6625,2.5,0.0
608,420,2.5,3.09
219,3253,4.0,3.47
105,1214,4.0,4.02
127,1302,2.0,3.61
177,34336,2.5,2.1
282,2012,4.5,3.58
602,315,3.0,3.16
247,88125,5.0,3.75
484,2713,3.0,3.1
606,2571,5.0,4.3
195,235,5.0,3.72
354,1610,3.5,3.87
608,3087,2.5,3.5
608,595,2.5,3.92
380,1261,5.0,4.26
590,3742,4.0,4.03
606,4027,4.5,3.94
414,1199,5.0,4.64
318,1203,4.0,4.29
202,1295,4.0,2.51
232,317,3.5,3.27
319,595,4.0,3.8
28,2058,2.0,3.41
567,6333,2.5,3.7
287,8949,5.0,3.65
387,2290,4.5,0.0
18,157108,4.5,0.0
177,3477,2.5,3.31
452,2571,5.0,4.23
313,2949,4.0,3.74
600,5459,2.5,2.94
339,45672,5.0,3.02
606,2360,5.0,4.74
325,1947,3.0,3.56
200,2959,5.0,4.25
477,26662,4.5,4.28
414,1194,3.0,3.87
288,125,3.5,3.47
63,608,4.5,4.22
181,122,3.0,2.69
414,7361,4.5,4.62
202,3372,4.0,0.0
19,2581,3.0,3.03
200,441,5.0,3.96
590,6373,2.5,3.39
474,3421,2.0,4.05
599,528,2.0,0.0
45,1883,3.0,3.66
117,551,4.0,3.57
448,60072,2.0,3.07
608,4678,0.5,3.79
462,7156,4.0,4.3
539,419,2.0,2.96
474,31116,4.0,0.0
226,2005,5.0,3.86
182,1591,3.5,2.42
140,1441,4.0,3.34
352,2706,4.5,3.35
216,4002,3.0,3.91
596,168366,3.0,0.0
448,98230,3.5,0.0
64,7930,3.5,0.0
534,130520,4.0,2.88
597,1938,4.0,0.0
68,58295,3.5,3.55
182,180,3.0,3.9
352,114935,4.5,3.7
47,40819,3.5,3.75
490,8368,3.0,3.92
339,81562,4.0,4.0
307,5454,1.5,0.0
600,2167,1.5,3.5
64,2294,3.0,3.33
554,1093,4.0,3.47
178,4973,5.0,4.25
83,55442,4.5,4.09
509,69406,2.5,3.63
438,4736,3.5,2.22
239,3977,3.5,2.78
292,2403,4.0,3.82
318,3504,4.5,3.79
380,3977,3.0,2.98
295,1729,3.5,3.75
44,1120,4.0,3.6
351,80463,4.5,3.76
368,3452,3.0,3.07
232,2470,3.0,3.31
85,1624,1.0,0.0
156,356,3.0,4.29
20,4370,3.0,3.41
354,4018,3.5,3.22
240,543,3.0,3.34
474,3035,3.0,3.85
20,4022,3.5,3.76
91,1259,3.0,4.1
603,2289,5.0,4.22
234,3397,3.0,3.6
438,6936,3.5,3.79
5,58,5.0,3.89
334,4223,2.5,3.74
308,260,2.5,4.25
321,457,3.0,4.0
477,8366,4.0,3.89
466,4367,4.0,2.96
603,1391,5.0,3.25
68,135143,4.0,3.67
534,61248,3.5,3.1
489,2985,0.5,3.61
610,3623,3.0,2.88
594,593,5.0,4.23
199,5291,3.5,3.8
307,8340,3.0,4.1
603,1409,3.0,2.43
474,7618,3.5,0.0
561,63082,4.0,3.99
474,58,3.5,4.27
489,4226,4.5,4.21
604,184,3.0,0.0
599,76,2.5,3.41
19,671,2.0,3.78
181,355,2.0,2.4
605,36525,1.0,3.07
367,3618,3.0,2.98
474,1680,4.0,3.72
307,52241,4.0,3.56
249,780,4.0,3.71
191,175,5.0,4.17
385,1291,5.0,4.13
546,104,4.0,3.52
551,49272,4.5,4.06
590,3418,3.0,3.66
483,96448,1.5,0.0
572,150,4.0,3.82
201,1876,4.0,3.06
132,45,2.5,3.26
452,880,2.0,2.82
534,53140,3.5,0.0
166,48774,4.5,4.17
387,26242,3.0,0.0
452,44,4.0,2.44
298,134783,2.0,0.0
477,2324,4.5,4.14
19,2255,2.0,0.0
331,36529,3.0,3.89
581,1704,4.0,4.06
438,5443,2.0,0.0
462,8848,3.0,0.0
380,141544,4.0,0.0
140,2996,3.5,2.95
474,412,4.0,3.58
489,72731,3.0,0.0
111,7361,3.5,4.51
202,2403,3.0,3.87
153,1271,4.0,3.42
504,7153,4.0,4.15
93,2174,4.0,3.54
380,6503,3.0,2.57
86,5266,3.5,3.13
469,2410,2.0,2.86
608,111,3.0,4.35
110,111,4.0,4.17
274,173,3.5,2.61
279,73017,3.0,3.93
219,377,3.5,3.7
89,82167,2.0,3.05
149,1965,2.0,3.62
462,33639,3.5,0.0
298,318,3.5,4.56
604,2,5.0,3.38
387,1212,5.0,4.35
182,6934,0.5,3.32
21,6365,3.5,3.38
24,27773,4.5,4.04
200,1210,5.0,4.3
385,1219,4.0,4.07
563,4154,4.0,0.0
599,3068,3.0,4.88
368,707,2.0,3.04
448,87529,1.5,3.54
474,2379,2.0,2.7
315,909,5.0,4.1
567,122924,1.5,3.06
573,88140,4.0,3.71
525,8937,3.5,3.71
328,59369,3.0,3.65
474,7058,3.5,0.0
448,99846,3.0,0.0
309,3101,2.5,3.17
368,780,2.0,3.55
249,94677,4.0,4.35
590,1380,3.0,3.51
134,1,3.0,3.88
198,1307,4.0,3.94
322,51540,3.5,3.82
115,2617,4.0,3.08
105,3687,5.0,0.0
76,750,3.0,4.31
122,59387,4.5,0.0
606,1206,4.5,4.24
140,40583,4.0,3.82
464,4226,4.0,4.18
274,48385,4.0,3.35
288,2716,3.0,3.9
186,2346,4.0,3.25
509,90866,3.0,3.68
424,2959,4.5,4.27
391,1059,5.0,3.87
610,2332,1.5,0.0
34,5449,2.0,3.02
45,53322,5.0,3.88
330,1968,5.0,3.9
610,56367,4.0,4.05
474,951,4.5,4.4
603,2633,4.0,0.0
427,4993,4.0,4.18
325,2124,3.0,3.53
489,6942,4.5,3.87
200,1894,1.0,2.88
265,253,3.0,3.48
274,85414,4.5,3.74
167,1148,5.0,4.11
517,5464,3.0,3.53
303,16,2.5,3.95
177,73023,4.0,4.65
557,1721,3.5,3.47
51,48877,5.0,3.22
18,26444,3.5,0.0
125,152970,4.0,0.0
288,4473,3.0,0.0
599,8012,3.0,0.0
483,88140,3.0,3.88
474,1343,4.5,3.93
160,2818,1.0,0.0
414,3952,4.0,2.91
84,474,4.0,4.0
517,2571,2.5,4.22
318,118880,4.0,0.0
567,111362,3.0,3.85
318,128900,4.5,0.0
414,106916,4.0,3.31
153,4878,4.5,4.1
414,33421,3.0,0.0
199,2875,2.0,0.0
290,900,4.0,0.0
412,300,4.0,3.5
307,2926,4.0,3.23
65,88140,3.0,3.54
160,3160,4.5,3.69
599,3100,2.5,4.01
15,588,3.0,3.85
361,780,3.5,3.47
567,50872,4.0,4.03
100,1270,4.0,4.04
226,2291,3.0,3.82
288,4874,4.0,3.68
89,3948,4.0,3.5
160,904,4.0,4.35
200,2949,4.0,3.74
235,457,4.0,4.01
198,1591,2.0,2.37
117,231,2.0,3.06
50,1274,4.0,3.58
91,733,3.0,3.85
380,3508,5.0,4.15
57,2193,3.0,3.38
390,6218,2.0,3.31
593,49272,3.0,4.04
560,45081,3.5,2.96
590,5693,3.0,3.26
19,2446,2.0,0.0
246,1304,4.0,3.95
45,3534,4.0,3.26
57,913,5.0,4.18
352,128360,4.0,4.0
380,80363,2.5,2.94
305,71838,2.5,2.83
417,1089,3.5,4.26
368,1094,3.0,3.48
279,2329,3.5,4.31
474,446,3.0,3.15
249,53972,4.0,3.95
580,1291,4.0,4.2
305,64957,3.0,4.18
590,2643,2.0,1.82
588,778,5.0,4.03
599,3703,5.0,4.02
564,68135,4.0,3.7
62,56587,4.5,3.51
514,1198,5.0,4.35
234,2105,3.0,3.41
414,1589,5.0,3.7
610,47937,3.0,0.0
314,539,4.0,3.63
274,2857,4.5,3.08
599,122922,2.5,4.13
234,2355,5.0,3.58
318,30810,4.5,3.76
177,97306,4.0,3.6
342,2959,4.0,4.24
66,1261,5.0,4.08
597,1673,5.0,4.16
474,497,5.0,4.0
501,61,3.0,3.91
332,55820,4.0,3.95
606,5849,4.5,0.0
603,112,4.0,3.71
600,912,2.5,4.44
559,333,2.0,3.83
305,2542,3.5,4.37
312,1921,4.0,4.03
109,361,3.0,3.08
480,1061,3.5,3.69
221,3424,4.5,4.16
428,2700,3.0,4.09
509,65230,2.0,3.26
89,32031,5.0,3.28
599,31367,2.0,0.0
605,900,3.0,0.0
292,3959,4.0,3.17
304,1275,4.0,3.94
307,2154,1.5,0.0
590,1240,4.5,4.06
589,508,4.0,3.65
239,2872,3.5,3.86
387,3471,3.5,4.05
510,2000,3.0,3.68
610,5420,3.0,2.99
603,3476,1.0,3.72
380,40278,4.0,3.68
246,2046,4.0,3.24
403,1663,3.5,3.85
42,1197,5.0,4.3
288,5377,4.0,3.88
318,2076,4.0,4.23
212,166528,4.0,4.18
18,2409,4.0,3.43
300,1172,5.0,3.78
111,1562,3.0,2.08
288,33004,3.5,3.46
177,6753,3.5,3.42
232,62374,4.0,3.75
249,1432,3.5,2.08
365,4054,0.5,3.26
274,62,3.0,3.85
414,788,3.0,3.24
464,65088,4.0,3.4
318,68073,4.0,0.0
573,5502,3.0,3.21
509,57504,3.5,4.39
277,849,4.0,2.79
417,187541,3.0,2.54
288,1015,2.0,3.3
432,1527,2.5,3.8
517,26614,2.5,3.46
221,1292,4.5,4.07
105,3632,5.0,3.66
289,6125,3.5,0.0
249,112175,3.5,5.03
534,136864,1.5,2.53
19,1542,2.0,0.0
382,8368,4.5,3.95
380,8371,4.0,3.6
226,51255,4.5,4.01
263,2020,4.0,4.05
480,2946,3.0,3.27
274,68157,5.0,4.5
554,912,5.0,4.38
448,5636,3.0,0.0
274,1460,3.5,0.0
274,364,4.0,4.27
232,5400,4.0,3.16
372,1344,4.0,3.98
480,4973,4.5,4.49
129,653,3.5,3.19
89,84944,5.0,3.39
19,374,2.0,2.45
424,589,2.0,4.03
249,5903,4.5,4.06
64,4128,5.0,3.68
474,2457,2.0,3.89
173,110,3.0,4.06
438,7482,4.5,4.06
109,6,3.0,3.96
20,4446,3.5,3.49
380,4498,4.0,2.96
67,1270,4.5,4.01
288,3638,4.0,3.26
381,46976,4.0,3.56
599,54286,2.5,3.89
414,5420,2.0,2.95
57,1678,3.0,3.46
525,1688,3.5,3.26
226,1407,4.0,3.27
132,567,2.0,0.0
448,87306,3.0,3.8
307,1614,0.5,3.05
608,4993,4.5,4.32
599,1372,3.0,3.26
561,608,3.0,4.26
599,110102,3.0,4.17
282,2028,4.5,4.22
287,101,4.0,3.61
495,139642,4.0,2.51
421,1207,4.5,4.16
575,2548,1.0,0.0
214,66,3.0,2.09
17,480,4.5,3.73
534,1784,3.5,3.81
226,3688,3.5,2.35
28,48516,2.5,4.43
47,3844,4.0,3.4
414,2000,3.0,4.23
474,1124,4.0,3.7
448,1125,4.0,3.91
495,91658,5.0,3.4
520,4447,4.0,3.2
117,110,5.0,4.11
606,1959,3.5,3.64
314,314,4.0,3.68
596,8665,3.5,4.01
434,74452,4.0,0.0
373,586,3.0,2.9
559,34,5.0,3.64
452,1653,5.0,4.03
381,256,3.0,2.91
21,81564,2.5,3.91
543,92259,5.0,4.07
537,58559,3.5,4.2
290,2618,3.0,3.74
274,1552,4.0,3.4
590,2706,2.5,3.48
195,4369,3.0,3.12
111,48,3.5,3.21
10,47099,3.0,3.77
156,1228,3.0,4.3
560,49530,3.5,3.98
226,5388,3.0,3.31
140,257,3.0,3.66
380,68157,3.0,4.59
292,3147,4.5,4.34
243,248,4.0,2.76
21,44,1.0,2.48
448,148709,2.0,0.0
575,2436,3.0,4.45
73,61323,4.0,3.57
599,6810,2.0,0.0
483,2087,3.5,3.49
438,6365,3.5,3.47
428,784,2.0,2.99
55,2763,2.5,3.73
10,107141,2.0,0.0
67,4306,3.5,3.93
305,34,3.0,3.73
219,2987,5.0,3.78
27,2100,4.0,3.04
213,86142,4.5,0.0
391,1527,2.0,3.77
160,5992,5.0,3.49
500,2355,5.0,3.53
414,2092,2.0,3.18
263,7143,3.5,3.94
308,71033,1.0,4.31
414,3639,3.0,3.66
104,6711,3.0,4.2
414,55995,3.5,3.15
226,1805,3.0,2.9
610,72378,3.0,3.05
275,1610,4.0,3.91
317,74545,4.0,3.95
606,4482,2.5,0.0
563,74450,2.0,0.0
605,3000,3.0,4.06
20,1029,4.5,3.53
541,464,3.0,2.99
480,2470,4.5,3.4
29,3441,3.5,3.57
274,786,3.5,3.5
610,97938,4.0,4.11
599,318,4.0,4.55
78,356,3.0,4.19
307,296,4.5,4.33
232,7254,4.0,3.73
202,1231,4.0,4.09
104,1947,4.0,3.56
274,1200,4.0,4.17
50,93114,3.0,0.0
217,858,2.0,4.25
272,49272,2.5,4.02
448,95167,3.0,3.92
314,356,4.0,4.21
305,2,3.5,3.69
608,44665,4.0,3.75
484,160,4.5,2.94
482,4389,4.0,0.0
89,1394,2.0,4.23
313,4105,4.0,3.68
560,1721,3.5,3.52
222,42011,2.0,2.33
590,26152,2.5,0.0
279,4223,2.5,3.76
391,5055,3.0,2.56
325,3261,2.0,3.65
560,36529,4.0,4.0
603,4765,4.0,4.43
358,71579,4.0,0.0
307,5735,2.0,0.0
337,66,4.0,2.12
199,541,5.0,4.18
91,1617,2.5,4.22
369,19,4.0,2.86
182,5062,4.0,0.0
608,4386,2.0,2.52
278,2352,4.5,3.85
63,5010,4.0,3.96
125,78218,3.0,0.0
249,41569,3.5,3.41
345,56949,4.0,3.13
58,47,5.0,4.02
89,69757,2.5,3.61
33,580,1.0,0.0
328,2011,3.0,3.56
551,7438,1.0,3.97
402,442,4.0,3.04
597,1292,5.0,4.08
219,1210,4.0,4.34
552,3108,3.5,3.98
166,4865,4.0,3.73
610,99112,3.5,4.21
495,6870,4.5,3.79
18,122900,4.0,3.78
200,5445,3.5,3.78
18,235,4.5,3.74
514,1259,4.5,4.03
474,910,4.0,4.16
132,4896,3.0,3.79
474,2912,3.5,3.99
510,1259,3.5,3.93
464,356,5.0,4.23
117,508,3.0,3.66
313,3917,4.0,3.34
560,105246,3.5,0.0
45,1909,4.0,3.36
297,589,3.0,4.0
224,2108,5.0,3.54
598,63082,4.0,3.83
494,1221,5.0,4.28
327,1125,4.0,3.74
275,1197,5.0,4.33
600,8972,1.0,3.45
414,7381,2.0,3.67
274,40278,4.0,3.63
103,1012,4.0,3.3
105,118888,4.0,0.0
474,7139,4.0,4.33
561,5266,1.5,3.21
34,8622,2.0,3.64
370,2628,1.5,3.21
438,2490,3.5,3.23
572,1956,5.0,3.99
177,34162,3.0,3.77
63,4299,3.0,3.64
414,2997,5.0,4.34
47,145839,3.5,2.01
199,5481,3.0,2.91
410,1734,5.0,3.74
305,106072,3.5,3.44
217,1610,5.0,3.92
249,5952,4.5,4.32
267,1320,4.0,3.11
438,5363,3.0,2.91
348,1196,5.0,4.25
307,5361,1.5,0.0
234,2081,5.0,3.42
385,444,2.0,0.0
232,27837,3.0,2.81
606,55805,3.0,0.0
244,145,3.0,3.43
57,903,4.0,4.08
553,40148,5.0,3.11
83,1862,0.5,2.15
239,3578,4.5,4.09
287,1359,0.5,2.93
453,858,4.0,4.32
239,6365,5.0,3.37
370,2329,4.0,4.27
111,5449,3.0,3.0
555,2076,3.0,4.12
562,6242,3.5,3.63
263,3897,4.5,3.88
318,69640,3.5,2.82
608,1213,4.5,4.48
249,90430,4.5,0.0
599,3984,2.5,3.57
603,3584,3.0,0.0
28,31,2.5,3.35
603,838,4.0,3.81
610,5502,4.0,3.37
610,26401,5.0,0.0
480,7458,4.0,3.56
560,5840,4.0,0.0
474,1086,4.0,4.14
362,2273,3.5,3.45
493,3863,1.0,3.06
219,2176,3.5,4.02
111,136018,2.5,2.62
119,105844,4.0,3.9
474,1643,3.0,3.98
330,8961,4.5,3.86
6,351,4.0,3.36
34,2953,2.0,2.71
226,8368,4.0,3.97
282,54286,4.0,3.72
232,42738,3.5,3.18
590,595,4.5,3.9
219,6548,4.0,3.42
4,176,5.0,4.02
520,4677,4.0,2.64
104,2671,5.0,3.42
438,4700,3.5,3.42
91,6,5.0,4.01
524,586,3.0,2.93
314,208,2.0,3.0
201,593,5.0,4.2
448,2264,3.0,0.0
599,5678,2.5,0.0
57,1094,3.0,3.5
572,318,5.0,4.56
177,40629,4.0,3.68
36,3897,4.5,3.86
517,8665,2.5,3.91
125,88744,4.0,3.41
561,68791,2.0,3.39
298,47640,3.0,3.9
64,37733,3.0,3.87
561,122900,3.5,3.77
346,7084,4.0,3.68
518,3753,2.5,3.45
286,3994,4.5,3.59
204,81591,4.5,3.63
476,13,3.0,3.29
249,2000,4.0,3.94
448,71466,4.0,0.0
182,380,3.0,3.72
126,153,4.0,2.97
249,8957,4.0,3.66
68,67255,4.5,4.26
68,2722,3.0,2.67
122,3114,5.0,3.96
132,1748,3.0,3.74
388,8869,2.5,0.0
358,58998,1.0,4.0
538,4616,4.5,3.52
247,51662,5.0,3.64
130,231,4.0,3.03
283,1265,3.0,3.97
198,3033,3.0,3.49
288,1527,4.0,3.78
380,4344,3.0,3.24
580,45722,4.5,3.64
233,2858,3.0,4.1
103,90866,4.0,3.74
432,7265,3.5,3.75
177,2,3.5,3.68
274,43871,3.5,2.96
292,3985,3.0,3.26
226,419,2.5,3.1
140,2085,4.0,3.4
352,3751,3.0,3.61
212,1954,3.5,3.99
491,81845,4.5,4.15
590,42002,2.5,2.99
318,106920,3.0,4.15
249,1210,4.5,4.37
489,51255,4.5,4.04
369,52973,4.0,3.76
477,1517,3.5,3.59
220,5378,4.0,3.37
280,595,4.5,3.83
99,161,3.0,3.74
424,2858,2.5,4.06
200,1271,4.0,3.42
572,1299,4.0,4.05
438,34334,2.5,2.2
585,1089,4.5,4.26
603,1214,5.0,4.02
334,1,3.5,3.96
590,1356,4.5,3.93
339,148626,4.5,3.89
199,2300,5.0,4.04
280,2432,4.5,0.0
307,153,2.0,3.11
438,4846,5.0,3.79
249,5574,3.5,3.47
68,5015,4.0,3.56
51,1953,5.0,3.94
414,6280,2.0,0.0
232,46322,2.0,3.91
156,3468,5.0,4.44
182,5015,4.5,3.47
490,88125,3.5,3.68
42,22,5.0,3.26
606,928,4.5,4.11
167,185,1.5,3.15
68,33615,3.5,3.59
367,934,4.0,3.94
474,1104,4.0,4.79
368,466,3.0,3.05
274,333,3.5,4.04
469,2918,4.0,4.02
368,782,2.0,3.45
274,1702,3.5,3.32
7,4844,1.5,2.64
166,54001,4.5,3.84
177,2728,3.0,3.57
489,1086,3.0,3.95
18,180,4.0,3.83
412,858,5.0,4.29
297,540,1.0,2.78
583,96588,4.0,3.42
414,56174,3.5,3.8
452,1407,5.0,3.23
84,214,4.0,0.0
380,31221,2.0,2.27
357,8368,4.5,4.02
177,2355,3.0,3.82
50,139644,3.0,3.48
230,1097,0.5,3.87
318,6774,3.5,3.89
199,2467,4.5,3.91
489,3949,3.5,4.02
383,3006,5.0,3.72
136,44,2.0,2.43
542,4344,4.0,3.02
80,93840,4.0,4.12
249,171763,4.5,4.49
318,51255,4.0,4.19
21,112175,3.5,4.61
298,86882,3.0,3.98
232,5010,3.5,4.03
462,288,3.5,3.41
413,2959,5.0,4.26
597,2076,4.0,4.13
233,6365,3.0,3.28
273,150,3.0,3.76
330,1320,3.5,3.14
177,1968,3.5,3.91
84,415,3.0,2.56
68,3408,3.0,3.98
610,55765,3.5,4.15
414,36,3.0,3.78
91,1573,3.0,3.57
125,92694,4.5,0.0
420,1080,4.5,4.1
298,2772,3.5,2.77
534,784,3.5,3.06
448,53808,2.0,0.0
590,914,4.0,3.89
148,122886,3.5,3.83
298,6754,2.5,3.59
410,2318,4.0,4.53
20,4344,3.5,3.03
249,102686,3.5,3.73
428,2355,1.0,3.57
239,57368,2.5,3.18
301,8636,3.0,3.8
560,105954,3.5,4.23
437,260,5.0,4.25
605,76175,2.5,2.43
414,2403,4.0,4.35
599,1876,2.0,3.31
489,2431,3.5,3.46
425,858,3.5,4.34
560,80831,2.5,4.2
290,968,4.0,3.49
413,2502,5.0,4.14
156,1220,3.0,3.91
133,185,2.0,3.12
385,95,3.0,2.86
298,3994,1.0,3.71
318,71464,4.0,3.33
47,30812,3.0,3.54
318,4825,3.0,0.0
91,2713,3.0,3.13
304,2294,3.0,3.26
103,8972,3.5,3.48
571,3499,4.0,3.87
240,442,3.0,3.11
41,41285,4.0,3.68
247,8961,4.0,3.86
317,98961,4.0,4.37
199,2359,3.0,3.45
584,276,3.0,3.31
249,51255,3.5,4.35
482,30707,4.5,3.82
116,339,4.5,3.63
474,2202,4.5,4.78
198,3481,4.0,3.7
318,6541,3.0,3.02
84,342,4.0,3.18
599,43708,3.0,0.0
455,377,4.0,3.55
607,1084,4.0,4.17
563,8869,3.0,0.0
199,2278,4.0,3.73
372,1084,3.0,4.15
489,1580,3.0,3.66
111,61024,5.0,3.96
307,68952,4.5,4.09
307,7444,2.0,3.21
280,1197,3.5,4.32
489,6238,4.0,2.08
469,1265,5.0,4.1
380,4444,4.0,0.0
227,67255,4.0,4.0
603,3210,3.0,3.6
80,93297,4.5,0.0
249,72167,3.5,0.0
76,7254,3.0,3.47
554,914,4.0,3.98
28,62849,3.5,3.55
414,697,3.0,0.0
68,5459,3.5,3.2
603,2262,3.0,3.14
377,2971,3.0,4.25
391,1580,2.0,3.58
239,924,4.0,3.89
177,117881,3.5,0.0
185,2863,3.0,3.54
357,196,2.5,2.63
160,2405,2.0,2.95
204,5218,4.0,3.75
352,94959,4.0,4.16
414,909,4.0,4.39
571,1196,3.0,4.24
122,5989,4.5,4.11
247,122882,2.0,3.85
381,49272,3.5,4.17
319,318,4.5,4.51
111,1282,4.0,3.7
387,7394,2.5,0.0
183,3703,3.0,3.87
288,2078,3.0,3.99
199,25,5.0,3.92
263,1307,4.0,3.94
525,6934,2.5,3.25
464,1222,5.0,4.1
28,1208,3.0,4.27
115,34,2.0,3.67
19,3515,3.0,3.67
317,91077,5.0,4.0
298,1527,4.0,3.82
391,2502,5.0,4.22
351,597,3.5,3.55
555,414,3.0,0.0
288,2013,3.0,3.01
590,552,3.0,3.6
140,6484,2.5,3.16
415,750,5.0,4.31
600,1784,3.0,3.88
603,3408,4.0,3.57
89,68659,2.0,2.88
560,2571,4.5,4.34
428,2010,2.5,3.89
298,1748,4.0,3.74
365,112818,3.0,4.04
6,317,4.0,3.32
599,60074,2.0,3.21
606,587,4.0,3.5
341,2335,3.5,2.89
332,6539,4.5,3.96
438,4207,1.0,2.6
610,63113,3.5,3.94
73,1884,3.5,3.96
477,1219,4.0,4.13
265,3766,3.0,1.66
466,6539,4.0,3.93
181,25,1.0,3.79
415,2762,4.0,3.94
19,186,2.0,3.29
68,5693,3.5,3.35
373,235,4.0,3.69
577,2942,2.0,2.83
561,4679,4.0,2.81
380,122924,3.0,3.52
230,5952,3.5,4.06
63,51255,5.0,3.96
414,6012,2.0,3.01
432,72011,3.5,3.64
599,31553,1.0,0.0
382,95167,4.0,3.71
68,595,4.5,3.95
377,748,3.5,2.76
555,1222,4.0,4.28
455,62,4.0,3.71
152,44555,4.0,4.21
19,2617,3.0,3.14
298,5047,2.5,3.9
381,45447,3.0,3.33
599,74095,2.5,0.0
111,122896,3.5,4.07
254,8645,4.0,3.99
221,58,4.5,3.99
448,86833,4.0,3.84
83,79132,5.0,4.13
357,3274,3.0,3.27
339,56145,4.0,2.35
509,30825,2.0,3.18
179,18,4.0,3.64
159,480,3.0,3.72
171,235,4.0,3.7
437,1206,4.0,4.14
314,318,5.0,4.53
603,1966,4.0,3.55
211,44665,3.5,3.77
590,1036,4.0,4.0
599,2409,3.0,3.65
378,79132,5.0,4.09
368,1375,3.0,3.29
221,2375,2.5,3.01
600,2054,3.0,2.99
309,4886,4.0,3.93
439,1036,4.5,3.85
166,7153,5.0,4.23
414,4478,4.0,0.0
84,305,3.0,0.0
414,597,3.0,4.05
526,176415,3.5,0.0
58,248,3.0,2.77
509,52973,2.5,3.88
275,5803,2.0,2.63
219,3256,3.0,3.83
411,316,4.0,3.36
414,3254,3.0,4.24
184,86332,3.0,3.64
390,5296,4.0,2.89
177,8947,2.5,2.25
415,928,4.5,4.11
447,337,3.0,3.86
246,27731,3.5,4.49
140,3717,4.0,3.49
437,32,4.0,3.98
391,58,4.0,4.06
434,55118,4.0,4.23
39,2529,4.0,3.8
608,719,1.0,3.16
18,1247,4.5,4.05
477,72226,4.5,4.25
463,5952,5.0,4.03
216,48,2.0,3.13
317,2858,5.0,4.11
577,1961,4.0,3.82
560,110,4.0,4.17
290,246,5.0,4.27
357,2064,4.0,3.93
21,95441,3.5,3.32
585,175,3.5,4.16
414,54771,2.0,0.0
238,4803,4.0,3.51
428,7438,4.0,3.98
158,55282,3.0,3.13
380,2713,3.0,3.26
41,66097,4.0,3.85
18,72378,3.0,2.93
583,2706,3.0,3.33
71,1004,3.0,3.34
249,85131,3.0,0.0
452,1387,5.0,4.14
104,91500,4.0,3.36
414,6308,2.5,3.66
132,307,4.0,3.86
305,103228,5.0,4.09
287,4299,0.5,3.58
480,8783,4.5,3.21
514,1128,4.0,0.0
88,1732,5.0,3.92
368,370,3.0,3.22
448,619,1.0,3.36
477,922,4.5,4.52
103,2716,3.5,3.83
166,3160,4.0,3.72
608,2717,3.0,3.27
57,3638,2.0,3.06
105,6934,4.5,3.33
307,2060,3.5,3.36
432,2505,3.0,3.41
414,6249,2.0,0.0
462,88744,4.0,3.35
370,1196,2.5,4.26
184,177285,3.0,0.0
453,2027,3.0,2.53
274,68486,3.5,0.0
330,3176,3.5,3.4
83,4973,5.0,4.27
594,28,4.5,4.5
143,4306,5.0,3.91
330,608,4.0,4.21
561,7373,3.0,3.59
597,2303,3.0,3.67
57,434,2.0,3.17
256,4718,4.0,3.02
79,1192,5.0,0.0
599,2552,1.0,0.0
188,1028,5.0,3.74
91,88,3.0,3.35
354,1639,4.0,3.71
57,1200,4.0,4.03
222,3948,4.0,3.54
484,4975,5.0,3.52
504,6927,4.0,0.0
448,49688,4.0,0.0
298,107406,3.0,3.64
44,780,3.0,3.45
414,47200,3.0,4.0
368,592,3.0,3.54
470,95,3.0,2.85
580,5954,4.0,3.88
221,4361,4.0,3.48
414,2353,4.0,3.65
103,2797,4.0,3.83
91,3267,4.0,3.46
111,87485,3.5,3.39
489,1882,1.0,2.26
135,3708,4.0,3.11
178,6016,5.0,4.14
325,5646,4.0,3.94
594,1605,4.0,0.0
298,58806,2.5,0.0
298,86911,3.0,3.86
74,5812,4.0,4.07
414,2816,1.0,0.0
220,3034,5.0,3.55
292,3578,3.0,4.08
608,33725,4.0,0.0
28,6947,3.5,3.61
232,52722,3.0,3.29
194,552,3.5,3.37
62,114180,3.5,3.04
462,260,4.0,4.29
599,1459,1.5,3.38
411,265,3.0,4.02
483,2808,2.5,1.71
305,62250,5.0,0.0
82,2378,3.5,3.27
474,1974,3.0,3.21
153,51662,0.5,3.6
414,4718,5.0,3.53
307,5151,0.5,3.13
75,8865,1.0,2.8
20,5254,3.0,3.24
429,282,4.0,3.51
228,1373,4.0,2.49
476,185,3.0,3.17
438,32587,4.0,4.08
308,355,3.0,2.39
11,736,4.0,3.48
256,377,4.0,3.59
182,2387,4.0,3.5
73,119145,4.5,4.0
282,44195,4.0,4.06
61,173,3.0,2.49
298,140711,0.5,3.16
148,79702,4.0,3.85
169,1947,5.0,3.58
334,7361,4.0,4.34
129,3745,4.0,3.33
89,124273,4.5,0.0
573,68358,4.5,4.04
370,1291,4.0,4.13
608,33679,4.5,3.47
117,434,3.0,3.17
414,2014,3.0,2.19
555,3584,1.0,0.0
367,3624,4.0,3.24
474,673,1.5,3.24
153,4848,2.5,3.92
294,2133,1.0,3.41
357,1682,3.5,4.02
14,356,4.0,4.18
263,5524,3.0,2.23
567,6534,0.5,2.63
314,653,3.0,3.19
602,25,4.0,3.86
226,546,2.0,2.08
455,165,3.0,3.63
537,103341,0.5,3.78
290,903,5.0,4.09
202,750,5.0,4.4
68,2987,2.5,3.96
438,4299,3.5,3.7
57,3639,3.0,3.61
444,300,3.0,3.47
370,112,3.5,3.61
590,8644,3.0,3.59
610,99114,4.5,4.43
217,2105,3.0,3.49
330,541,2.0,4.18
105,3681,3.5,4.19
200,53464,1.0,2.39
142,281,4.0,3.64
564,37384,4.0,3.48
410,1252,4.0,4.32
250,1246,5.0,4.06
182,25,4.5,3.99
249,1721,2.0,3.56
331,6537,2.5,2.88
448,1372,3.0,3.31
448,97938,3.0,4.17
554,2282,5.0,0.0
239,480,4.0,3.81
318,2018,4.0,3.28
460,1584,5.0,3.63
462,4641,2.5,3.41
474,969,5.0,4.21
606,47610,4.0,4.04
41,2692,4.0,3.96
368,1377,2.0,3.01
225,1259,5.0,3.94
182,4007,4.0,4.08
43,253,4.0,3.47
62,5816,4.5,3.64
608,4896,3.0,3.86
480,1261,2.0,4.12
140,2803,3.0,3.03
308,72998,4.0,3.69
555,2518,3.0,3.42
599,3148,3.0,3.64
603,3812,3.0,3.37
610,1228,5.0,4.27
140,1693,3.0,3.5
184,180297,4.5,0.0
592,594,3.0,3.56
303,6264,3.5,1.92
603,1923,4.0,3.83
27,969,4.0,4.07
50,4886,3.0,3.96
600,2065,4.5,3.95
42,1726,2.0,3.62
489,78174,0.5,0.0
387,48780,4.5,4.47
307,49272,3.5,4.19
610,3968,2.5,3.21
566,318,5.0,4.54
474,32582,4.5,0.0
280,788,2.5,2.86
608,6534,2.0,2.69
45,1042,3.0,3.56
603,2908,5.0,3.54
274,2126,2.0,2.84
123,115617,3.5,4.04
532,589,4.0,4.0
567,1653,3.0,4.01
357,80463,4.5,3.78
590,3088,4.0,3.99
597,1476,4.0,3.7
352,1608,4.0,3.42
483,7164,4.0,2.72
200,5151,2.5,3.13
412,1288,4.0,4.03
481,1589,2.0,3.3
232,7257,3.0,1.4
434,4306,3.0,3.99
610,8949,4.0,3.77
252,164909,4.0,2.82
103,2720,3.5,1.96
307,5796,3.5,2.32
217,1606,2.0,2.65
200,5299,4.5,3.25
474,5954,4.0,4.12
414,55267,3.0,3.11
373,47,5.0,3.99
234,2080,5.0,3.46
385,296,4.0,4.26
603,3176,4.0,3.4
68,480,3.5,3.95
365,3753,3.0,3.51
523,31696,5.0,3.55
274,6377,4.0,4.27
381,48385,4.0,3.33
489,1230,2.5,4.11
561,2529,4.0,3.79
465,1610,4.0,3.82
514,68157,4.0,4.21
217,3516,3.0,0.0
28,2028,3.5,4.21
232,953,4.0,4.01
266,2097,2.0,2.98
387,1256,4.0,4.23
288,2091,2.0,0.0
599,312,1.5,1.98
220,780,4.0,3.52
408,85412,4.0,0.0
495,112290,4.5,4.11
339,318,4.0,4.59
359,1960,4.5,3.56
199,30707,4.0,3.87
368,225,3.0,3.57
294,2278,3.0,3.74
16,3174,3.5,3.32
182,760,4.0,0.0
573,6874,4.5,3.94
377,3726,4.0,3.66
494,1210,4.0,4.19
414,98961,4.0,4.83
105,8981,4.0,3.65
75,1200,2.5,3.94
368,3418,3.0,3.6
143,69069,5.0,3.35
288,4238,2.0,3.32
288,52722,3.5,3.17
385,1019,3.0,3.53
480,1889,3.5,4.05
414,54286,4.0,4.01
610,31696,3.5,3.74
318,6016,4.0,4.34
28,1303,3.0,4.06
91,7561,3.5,0.0
380,185,3.0,3.52
227,858,4.5,4.3
18,68073,4.5,0.0
298,2193,3.0,3.36
525,364,4.0,4.12
425,159,4.5,3.02
414,6884,2.5,0.0
599,1189,3.0,3.94
288,2719,2.0,2.38
288,5816,3.0,3.6
249,55232,3.0,3.07
605,1680,3.5,3.42
58,509,2.0,3.67
177,8533,3.5,3.86
352,2542,5.0,4.19
380,4158,2.5,1.98
438,7150,2.5,2.71
480,8873,3.5,3.95
483,1580,2.0,3.73
4,319,5.0,3.33
474,5989,4.0,4.41
33,2690,4.0,3.81
72,50,4.5,4.28
603,597,3.0,3.67
432,2628,4.0,3.26
566,708,3.0,3.32
330,454,3.5,3.67
307,6870,3.0,3.86
178,1883,4.5,3.6
376,590,3.5,3.85
610,3285,3.5,3.14
160,3701,1.0,3.28
599,719,3.0,3.27
552,3994,3.5,3.57
434,8961,4.5,3.9
469,908,5.0,4.22
555,2003,3.0,3.44
418,50,4.5,4.29
586,7153,5.0,4.21
144,2,3.0,3.4
380,2947,5.0,4.0
432,68954,4.0,4.16
380,6794,3.0,1.54
345,468,3.5,3.32
422,1283,4.0,4.27
307,1407,0.5,3.29
330,104,0.5,3.61
217,590,4.0,3.92
116,590,4.5,3.83
509,40629,4.0,3.53
139,4270,2.0,2.96
606,4995,4.0,4.31
160,596,4.0,3.45
4,1914,4.0,3.25
177,44195,4.0,4.12
387,1270,2.0,4.18
534,7254,4.5,3.7
125,164881,1.5,0.0
495,8641,5.0,3.72
227,111759,4.0,4.09
68,48774,3.5,4.56
290,2560,3.0,3.04
608,3499,3.0,4.04
23,3265,4.5,4.07
62,4270,3.5,3.06
599,4029,3.0,4.08
11,1358,4.0,4.16
458,457,5.0,4.0
238,4946,4.0,0.0
474,927,4.0,0.0
274,1196,4.5,4.53
483,8957,0.5,3.49
219,8784,3.5,3.91
317,16,5.0,3.99
372,800,2.0,4.17
274,1022,2.5,3.67
368,2735,1.0,2.75
608,1037,2.0,2.71
590,2028,4.0,4.26
91,1350,4.5,3.79
294,2879,2.0,3.19
599,2694,2.5,3.31
182,2948,4.0,3.69
380,5872,3.0,3.38
274,2791,4.0,4.21
380,37727,3.0,3.01
309,908,3.5,4.13
377,3153,4.5,3.79
274,4958,2.5,3.65
48,172,3.5,2.67
448,87430,1.5,2.45
606,39869,4.0,0.0
312,5378,4.0,3.36
279,2797,2.0,3.78
414,5391,4.0,0.0
448,2759,2.5,4.04
64,1405,4.0,2.8
304,258,4.0,2.32
414,3809,3.0,3.5
295,68157,5.0,4.13
91,1380,2.0,3.44
220,356,5.0,4.27
305,6365,3.0,3.46
480,3100,3.0,3.96
414,2951,4.0,4.44
396,1597,0.5,3.06
599,2381,1.0,3.47
111,54503,4.5,4.19
471,356,3.0,4.17
256,4995,5.0,4.1
4,2174,5.0,3.55
249,112070,3.5,0.0
390,64575,2.5,3.65
68,3527,3.5,3.9
480,30812,4.0,3.77
367,3435,4.0,4.29
387,6577,3.0,0.0
448,54997,4.0,3.96
475,91500,4.0,3.38
339,61323,3.5,3.63
414,558,3.0,3.46
387,6707,3.0,3.33
536,480,4.0,3.71
561,4641,4.0,3.37
66,5023,4.0,0.0
325,3733,4.0,0.0
8,32,3.0,3.97
166,1222,3.5,4.15
140,3117,3.0,0.0
438,1687,3.0,3.51
249,74795,3.5,3.67
365,5995,1.0,3.98
301,47,4.5,3.98
339,908,4.5,4.07
448,47,4.0,4.34
520,1265,5.0,4.03
368,2023,2.0,3.4
606,8713,3.0,0.0
57,1269,4.0,4.11
50,63082,2.5,3.88
512,367,3.0,3.22
346,7034,4.0,3.68
599,466,3.5,3.28
387,40966,3.5,0.0
331,7143,4.0,3.96
298,47610,2.0,3.95
168,1193,4.5,4.24
418,136020,0.5,2.95
57,1240,4.0,4.01
490,72998,3.0,3.68
288,3115,3.0,4.81
74,1221,5.0,4.31
89,133867,4.5,0.0
438,6617,4.5,3.86
91,420,1.5,3.05
226,5218,4.0,3.82
471,4886,4.0,3.92
525,97225,3.5,3.58
382,58025,3.5,3.08
345,1203,5.0,4.08
217,1037,3.0,2.73
68,6323,2.5,3.62
165,1198,5.0,4.24
322,110,3.5,4.09
125,67695,5.0,1.99
590,2340,3.5,3.51
587,1367,3.0,3.16
288,2117,2.0,3.89
474,3045,3.0,2.94
580,2916,4.5,3.7
266,2195,5.0,2.91
226,3477,3.5,3.33
177,104,2.5,3.64
255,3421,5.0,3.9
89,157775,5.0,0.0
484,4890,3.5,2.97
312,2641,3.0,3.17
90,613,5.0,3.66
610,5139,5.0,3.34
195,3253,4.0,3.44
278,527,5.0,4.19
249,116797,4.0,4.59
182,4738,4.5,0.0
523,7153,5.0,4.16
414,1372,3.0,3.23
125,94931,3.5,0.0
10,81847,3.5,3.88
599,778,3.5,4.32
605,59501,4.0,3.52
540,4239,4.0,3.88
610,109187,3.5,2.99
64,8376,5.0,3.08
534,1562,3.0,2.12
182,47,4.0,4.24
474,53921,3.5,0.0
332,3033,3.0,3.5
305,44195,5.0,4.02
474,3271,3.0,4.19
606,7067,4.0,0.0
466,111759,5.0,4.16
19,2371,4.0,3.16
135,673,2.0,3.01
288,3572,3.0,0.0
263,32587,3.0,3.91
326,47610,3.0,3.93
495,132796,1.0,2.07
357,4091,3.5,0.0
298,2232,3.0,3.49
414,88129,5.0,4.01
204,39292,4.5,3.65
330,5013,4.5,3.64
372,1031,3.0,3.44
4,52,3.0,3.55
328,527,5.0,4.33
524,1220,3.0,3.88
298,50,3.5,4.4
414,2241,3.0,4.02
105,69844,4.0,4.03
22,4306,3.0,3.92
563,50954,1.0,0.0
599,75985,2.0,3.86
603,2944,4.0,4.34
414,5071,4.0,0.0
68,56379,2.5,0.0
561,111759,1.5,4.22
148,112852,3.5,4.32
540,44191,5.0,3.9
525,2406,4.0,3.57
526,8961,4.0,3.78
564,31685,3.5,3.22
45,2959,5.0,4.26
603,4690,3.0,0.0
19,541,4.0,4.18
596,122892,3.0,4.03
353,315,3.0,3.13
288,1287,4.0,4.27
484,1258,3.5,4.2
104,3175,4.0,3.66
608,1673,3.5,4.17
606,3707,3.0,2.65
417,8529,3.0,3.25
526,92259,5.0,4.04
509,5446,3.0,3.28
170,376,3.0,3.22
20,3512,3.0,3.79
166,32587,5.0,3.96
335,802,3.0,3.36
602,21,4.0,3.46
4,910,5.0,3.89
448,79091,3.0,4.26
108,4975,4.0,3.43
186,1193,4.0,4.24
274,1407,3.0,3.28
288,3806,3.0,0.0
452,1394,5.0,4.23
317,91658,5.0,3.35
51,2808,2.5,1.79
64,40815,4.0,3.84
235,344,2.0,2.98
274,3189,2.5,3.83
607,2313,4.0,4.04
516,3052,3.0,3.64
42,1682,3.0,3.99
603,1192,4.0,0.0
462,1208,3.0,4.35
58,173,2.0,2.49
274,4052,3.0,2.63
151,1047,4.0,3.24
610,51077,2.0,2.82
414,47044,3.0,2.7
263,2501,4.0,3.98
382,137857,4.0,3.68
232,4366,2.5,3.47
239,1222,5.0,4.18
563,31433,3.5,2.7
153,112290,4.0,4.0
68,40732,3.5,3.87
387,7460,3.0,0.0
177,5218,3.0,3.92
307,780,2.0,3.57
160,1196,4.0,4.35
306,103372,5.0,3.38
288,158,2.0,2.99
567,91535,2.5,3.33
103,2410,4.0,2.8
366,32587,3.0,3.9
597,2427,5.0,3.06
561,3698,3.0,3.32
241,2762,3.5,3.93
166,2762,4.0,3.99
260,2766,3.5,0.0
177,63859,2.5,3.71
104,2106,3.0,0.0
221,3435,4.5,4.3
43,454,4.0,3.65
448,5110,4.0,3.81
221,2321,4.5,3.51
391,4034,2.0,4.07
590,2804,4.0,4.15
413,53993,0.5,2.75
475,81564,3.5,3.97
339,141890,3.0,0.0
251,47,5.0,3.96
104,6996,2.0,1.11
332,2997,3.5,4.03
414,36527,4.5,3.63
169,4880,4.0,3.77
20,5015,4.0,3.41
62,47099,5.0,3.9
608,1015,2.5,3.22
434,48394,5.0,3.83
73,68135,3.5,3.71
202,308,4.0,3.73
132,3160,3.0,3.76
249,48385,4.0,3.45
305,89492,4.0,4.23
304,2,4.0,3.42
288,1275,2.0,4.14
608,3996,4.0,4.07
481,986,3.0,3.67
292,72998,4.0,3.83
414,1804,2.0,4.6
414,438,2.0,3.68
114,593,3.0,4.18
288,6003,4.0,3.5
274,2555,2.0,1.74
118,1221,5.0,4.27
3,1093,0.5,3.47
10,58559,4.5,4.23
586,91529,4.5,4.13
217,2072,4.0,3.24
414,62155,4.5,3.79
57,3361,3.0,3.91
607,2616,3.0,2.9
68,2329,2.5,4.54
464,3527,2.0,3.72
483,48082,4.5,3.92
492,494,4.0,3.43
414,4866,3.0,3.08
603,1254,5.0,3.97
212,5618,4.0,4.3
610,464,4.0,2.96
605,6787,4.0,3.98
480,1210,3.5,4.38
140,3831,3.5,3.89
474,161,3.5,4.09
115,1614,3.0,3.0
509,13,3.0,3.32
596,2571,4.0,4.31
414,1373,3.0,2.44
305,58998,4.0,4.28
438,4367,1.5,3.11
610,3552,3.0,3.85
608,31221,4.0,2.15
219,36708,3.5,3.84
221,910,4.0,3.92
132,7320,3.0,4.35
380,1339,3.0,3.36
599,5630,2.5,3.65
105,147250,5.0,0.0
292,5504,4.0,2.26
525,71462,4.0,4.27
20,5218,5.0,3.76
221,2110,3.0,3.54
430,2997,4.0,3.99
600,3083,4.0,4.09
483,5418,4.5,3.92
534,103384,3.5,3.16
524,832,4.0,3.2
290,3105,4.0,3.95
223,593,2.5,4.2
330,1270,4.0,4.09
434,68237,5.0,4.01
599,799,2.5,3.73
380,595,4.0,3.96
368,1876,3.0,3.16
527,1979,2.0,0.0
512,356,5.0,4.19
15,85414,3.5,3.68
169,7173,3.0,3.22
15,1200,5.0,3.96
50,33781,2.5,0.0
385,266,2.0,3.33
477,1449,4.0,3.83
525,1032,2.5,3.26
477,1240,4.0,4.05
303,1394,4.0,4.2
216,3435,5.0,4.32
525,6296,4.0,3.89
603,1953,4.0,4.03
555,413,3.0,2.68
504,6596,3.5,0.0
555,2416,3.0,2.99
376,1270,4.5,4.05
453,780,3.0,3.53
328,3671,4.5,3.96
387,4262,4.5,4.06
39,1196,5.0,4.25
551,1036,4.5,3.86
1,2993,5.0,3.45
59,1361,4.0,4.65
383,903,4.0,4.05
105,56145,4.0,2.35
212,79091,4.0,3.84
573,1136,4.5,4.31
105,147328,5.0,0.0
606,444,4.0,0.0
577,1334,2.0,2.53
480,45730,3.5,2.67
606,3538,4.0,3.16
603,2073,4.0,3.7
339,65216,4.5,3.71
532,2028,5.0,4.12
266,589,4.0,4.07
52,39183,4.0,3.56
526,64957,3.0,3.87
474,7882,3.0,0.0
129,49649,2.5,2.19
610,60037,2.5,0.0
37,593,5.0,4.16
411,180,2.0,3.71
352,318,5.0,4.52
339,32,3.0,4.05
177,77561,3.5,3.88
1,3062,4.0,4.16
38,223,5.0,3.93
573,648,4.5,3.59
409,2795,5.0,3.61
517,2431,2.5,3.44
517,1234,2.0,4.17
362,1645,5.0,3.39
23,924,4.0,3.91
559,260,5.0,4.26
62,122886,4.0,3.88
18,4306,4.0,4.04
520,4011,4.5,4.19
438,6934,3.5,3.33
590,2421,3.5,2.59
572,2919,4.0,3.96
599,1704,4.5,4.35
563,7444,3.5,3.21
167,4306,4.5,3.97
480,410,3.5,3.31
219,52973,3.5,3.9
221,7216,4.5,4.13
387,1333,3.5,3.96
200,2302,4.0,3.3
399,1198,5.0,4.25
419,1407,4.0,3.22
573,1090,3.5,4.12
312,4744,3.0,2.85
448,2140,3.0,3.69
294,3210,4.0,3.54
356,58559,5.0,4.3
604,300,3.0,3.48
484,32587,4.5,3.91
599,159817,3.0,4.92
288,410,3.0,3.39
168,3362,4.5,3.9
239,597,4.0,3.63
408,91542,5.0,3.76
219,1722,3.5,3.04
292,3173,1.0,3.18
274,1391,4.0,3.31
599,2410,3.0,2.92
239,46530,3.5,2.94
479,135,1.0,3.06
234,2414,3.0,3.16
91,1968,3.0,3.94
306,69406,5.0,3.56
599,45221,2.5,2.66
606,2145,3.5,3.19
610,32029,3.0,3.12
180,785,2.0,3.5
178,7361,4.5,4.3
605,4993,5.0,4.2
398,902,5.0,3.91
522,2141,1.5,3.73
45,1282,5.0,3.71
448,127096,2.5,3.93
219,6377,3.5,4.12
41,2160,5.0,4.14
603,913,5.0,4.13
134,442,4.0,3.02
233,73017,3.5,3.9
256,5989,4.5,4.03
136,553,3.0,3.92
572,1304,5.0,4.04
182,5379,5.0,0.0
567,109578,2.0,3.72
438,1704,4.5,4.24
304,293,4.0,4.1
152,296,4.5,4.25
606,33493,4.0,3.58
318,1380,3.5,3.42
249,54001,4.0,3.95
339,128360,4.5,4.03
140,33166,4.5,4.06
577,1263,4.0,4.17
169,1416,4.0,3.57
600,3114,2.0,4.01
89,5110,3.0,3.62
307,1498,3.5,3.24
364,858,5.0,4.24
217,468,2.0,3.43
234,3699,4.0,3.29
304,1320,4.0,3.13
380,5903,5.0,4.13
91,2628,4.0,3.27
508,671,2.5,3.59
50,96606,2.5,4.61
592,586,4.0,2.92
610,79057,3.5,3.91
610,92309,4.0,0.0
177,1544,2.5,2.86
603,1367,4.0,3.28
580,4226,5.0,4.25
287,2997,4.0,4.01
86,3578,4.0,3.96
567,1704,3.0,4.06
30,97913,4.0,3.97
330,1028,4.0,3.81
23,1249,3.5,4.07
325,597,2.0,3.62
122,47997,5.0,4.33
580,33794,5.0,4.01
610,112290,5.0,4.41
182,4239,4.0,4.05
23,1284,5.0,3.67
110,1276,5.0,4.27
164,1573,3.0,3.41
490,81591,4.0,3.63
111,39446,0.5,3.19
282,1580,4.0,3.59
483,466,4.5,3.15
153,134853,2.0,3.91
248,316,3.5,3.33
64,8093,3.5,0.0
533,1387,4.0,4.09
332,2917,4.0,3.77
438,316,3.5,3.53
599,80219,3.0,3.5
568,3363,4.0,3.88
388,62999,5.0,3.44
226,7458,2.5,3.5
453,2325,4.0,3.59
275,4205,3.0,3.45
354,377,4.0,3.64
68,527,4.0,4.47
448,4161,3.0,3.7
517,59784,0.5,3.4
603,1663,3.0,4.07
41,1569,2.0,3.5
483,7153,4.0,4.38
288,3176,3.0,3.49
275,215,5.0,3.83
469,2402,2.0,3.27
97,4701,3.0,3.3
28,5152,4.5,3.48
182,4308,4.0,3.64
234,231,2.0,3.08
307,32011,1.5,2.26
249,68954,3.5,4.47
86,6377,4.5,4.0
438,5678,3.0,0.0
400,1196,5.0,4.25
232,7361,4.0,4.45
385,153,3.0,2.99
68,56757,2.0,4.15
538,2918,4.5,3.9
58,780,5.0,3.47
330,750,4.5,4.37
313,2115,2.0,3.64
19,1924,2.0,3.13
74,47423,4.0,4.31
387,31,2.5,3.39
182,1544,3.5,2.82
448,98961,4.0,4.52
313,3032,5.0,3.65
28,55290,3.0,3.94
414,5500,4.0,4.57
84,922,4.0,4.47
509,40815,3.5,3.89
346,7387,4.0,4.0
6,458,3.0,0.0
514,2297,3.0,3.59
225,1130,3.0,0.0
279,168252,4.0,4.56
182,5131,4.5,0.0
19,1717,3.0,3.05
219,8880,2.5,3.39
587,1374,4.0,3.7
462,64839,4.0,3.79
448,3033,4.0,3.57
599,175,2.5,4.25
474,1526,0.5,1.38
200,6503,3.5,2.52
610,88125,4.5,3.95
292,4638,4.0,3.04
19,2359,4.0,3.57
428,160,1.5,2.9
135,480,5.0,3.79
445,899,3.0,4.15
282,1258,4.0,4.21
610,6378,3.5,4.14
167,1307,3.0,3.93
288,586,3.0,3.17
414,517,2.0,3.67
608,6503,3.5,2.48
462,5952,4.0,4.11
330,1263,3.0,4.09
41,35836,4.0,3.55
318,42176,4.0,0.0
325,3623,3.0,2.76
288,8376,4.0,3.07
477,5378,4.0,3.5
160,2023,5.0,3.39
480,7361,4.5,4.45
474,5297,3.0,0.0
425,2701,3.0,2.46
282,2468,3.0,2.48
425,2335,4.0,2.89
380,161634,3.5,3.5
361,33794,4.0,3.89
199,5989,4.0,4.09
567,101142,2.5,4.14
486,353,5.0,3.46
586,166461,5.0,3.39
483,198,4.0,3.35
182,3186,1.5,3.62
284,434,4.0,3.12
461,1246,4.5,4.07
603,3577,1.0,0.0
381,6541,2.0,2.85
27,1876,4.0,3.01
10,8636,3.5,3.81
182,3654,3.0,4.13
253,44555,4.5,4.22
479,3927,3.0,2.4
217,1032,3.0,3.33
607,695,4.0,0.0
68,104841,3.0,4.1
599,172,2.0,2.9
367,4623,3.0,3.71
428,6377,2.0,4.03
414,4329,4.0,0.0
181,533,2.0,3.09
599,61240,3.5,4.33
606,8873,4.5,3.93
216,4034,5.0,4.01
356,1610,4.0,3.86
177,84374,3.5,3.0
480,3752,3.5,3.37
497,788,2.0,2.79
599,7443,3.5,0.0
24,4027,4.0,3.73
514,8894,1.5,0.0
596,142488,4.0,4.58
577,1129,4.0,3.63
606,8487,4.0,0.0
525,916,4.0,4.03
197,1513,3.0,3.21
307,1263,4.0,4.12
18,2291,4.0,3.82
57,2802,3.0,3.11
469,322,3.0,4.03
316,4025,3.0,3.12
438,8808,1.5,2.83
474,2736,3.0,0.0
332,3168,3.5,3.92
74,27721,3.5,3.71
84,1269,4.0,4.09
189,33794,3.5,3.88
525,8784,4.0,3.96
474,41997,4.0,4.09
221,509,3.5,3.63
229,410,3.0,3.16
474,5325,3.5,3.66
186,1334,5.0,2.61
95,6796,4.5,3.74
28,1608,2.0,3.42
295,18,3.5,3.63
610,48516,5.0,4.72
72,1196,4.5,4.25
125,91947,4.5,0.0
298,55241,0.5,3.87
66,529,4.5,3.75
91,2100,3.0,3.06
584,48,5.0,3.2
125,58301,5.0,0.0
337,25,4.0,3.84
414,1196,5.0,4.72
380,6870,4.0,3.91
385,247,3.0,4.08
339,5464,5.0,3.6
291,69844,5.0,3.88
37,292,4.0,3.38
352,103249,4.0,2.9
307,6250,0.5,3.1
312,2606,2.0,2.72
539,1197,5.0,4.27
600,3408,2.0,3.65
469,1136,5.0,4.36
232,42732,3.0,0.0
210,60069,5.0,4.13
603,3503,5.0,3.32
182,112,3.5,3.62
304,440,5.0,3.63
294,2796,3.0,3.12
186,1527,4.0,3.79
172,1272,3.0,4.21
288,1747,2.5,3.44
488,1185,2.5,0.0
6,171,3.0,4.41
603,1466,3.0,3.84
51,3814,5.0,3.85
534,2003,4.0,3.33
600,50658,4.0,0.0
517,1641,4.5,3.75
419,480,3.5,3.73
451,1,5.0,3.89
182,30749,4.0,4.16
477,6793,3.0,2.13
93,588,4.0,3.87
414,6378,4.0,4.31
594,2269,5.0,2.63
474,6963,4.5,0.0
599,27831,3.0,3.84
509,27731,3.5,4.47
101,3203,4.0,2.88
117,11,4.0,3.71
20,4979,4.0,3.69
89,127052,2.5,0.0
555,2877,1.0,0.0
111,2005,2.0,3.76
249,97921,4.5,4.25
232,3988,2.5,3.01
28,44665,3.0,3.8
100,8529,4.0,3.29
318,2699,2.5,2.95
298,49651,3.0,3.44
104,1148,5.0,4.09
140,3906,3.0,0.0
182,2294,4.0,3.34
448,85056,2.5,3.44
292,53464,3.0,2.44
469,3032,3.0,3.74
380,2717,3.0,3.34
414,45950,4.5,4.15
555,3107,4.0,3.35
372,1378,4.0,3.02
18,3793,4.0,3.75
274,34048,2.5,3.51
580,919,2.0,3.87
474,1711,2.0,3.43
412,2528,2.0,3.28
610,3972,5.0,4.22
599,5349,3.5,3.87
308,27706,2.0,3.14
57,2700,4.0,4.15
177,5620,4.0,2.98
599,4205,2.0,3.44
34,2671,3.0,3.33
183,3573,2.0,0.0
599,112623,3.0,3.69
2,68157,4.5,4.13
480,377,3.5,3.85
600,216,3.0,3.46
187,1120,4.0,3.64
248,2571,4.0,4.16
125,58998,2.0,4.18
125,122892,3.0,3.96
586,832,4.0,3.2
422,1252,4.0,4.28
462,9018,4.0,0.0
369,45728,3.5,3.7
57,305,3.0,0.0
6,273,3.0,2.9
249,6333,3.5,4.07
474,5952,5.0,4.36
606,55820,3.0,3.92
63,108932,5.0,3.95
57,3396,4.0,3.74
168,1208,5.0,4.24
6,704,3.0,2.94
1,2366,4.0,3.67
343,4993,5.0,4.18
308,362,4.0,3.71
129,4446,4.0,3.54
318,1732,4.0,4.0
211,79702,4.5,3.87
484,1387,3.5,4.14
372,471,3.0,3.73
521,786,3.0,3.21
19,3698,2.0,3.31
42,1806,2.0,2.72
205,7153,4.0,4.11
187,40732,3.0,3.73
462,1036,1.5,3.93
434,69481,5.0,4.13
332,1625,3.5,3.73
232,55280,3.5,4.25
367,3825,4.0,2.66
380,1994,4.0,3.53
448,2922,4.0,0.0
587,1958,5.0,3.73
174,587,5.0,3.36
432,68347,4.0,0.0
276,260,5.0,4.23
6,310,3.0,0.0
200,1721,2.5,3.58
467,2394,2.0,3.46
64,1391,3.5,3.26
610,45662,2.5,2.42
318,95720,3.0,2.89
247,1,5.0,3.99
57,471,3.0,3.73
221,1287,4.0,4.13
232,27816,2.5,0.0
448,97870,4.0,0.0
54,410,3.0,3.14
298,1244,3.0,4.07
381,27904,4.0,3.77
45,1732,5.0,3.99
414,4214,3.0,3.21
318,2378,3.5,3.37
610,40278,4.0,3.69
328,1265,3.0,4.04
367,3591,4.0,2.58
254,592,2.5,3.52
33,805,1.0,3.7
465,750,5.0,4.33
29,5464,4.5,3.5
305,85342,4.0,4.6
414,36401,3.0,3.57
76,2791,4.0,3.82
184,59315,4.0,3.87
318,120478,4.5,0.0
554,1358,3.0,4.17
52,46976,5.0,3.49
448,2791,5.0,4.15
68,26871,2.5,0.0
297,1617,4.0,4.07
232,45210,3.5,4.28
606,8391,3.0,0.0
388,1703,4.0,2.63
474,1278,4.0,4.16
57,1610,4.0,3.9
125,2571,5.0,4.26
73,8533,3.0,3.68
438,3744,3.5,2.97
603,3079,2.0,3.35
134,253,4.0,3.48
19,427,3.0,1.38
483,2328,0.5,2.54
68,7360,4.5,4.25
483,5810,1.0,3.4
274,2797,3.0,3.91
186,2605,3.0,2.92
68,6753,3.0,3.39
599,416,2.0,2.32
68,44004,3.0,3.47
19,830,2.0,3.5
99,288,3.0,3.4
414,3499,4.0,4.15
102,165,3.0,3.65
525,3967,3.5,3.92
221,1304,3.5,4.05
489,51662,4.0,3.68
346,4878,4.0,4.09
102,163,3.0,3.53
321,19,3.0,2.85
599,7445,2.5,3.82
520,750,5.0,4.34
474,45928,4.0,3.45
414,110,5.0,4.52
274,34150,2.0,2.95
561,122882,4.5,3.91
387,36519,3.0,3.35
474,3273,4.0,2.84
448,5027,3.0,3.67
199,1250,5.0,4.07
590,3052,2.5,3.72
298,2931,4.0,0.0
169,1042,4.5,3.47
448,4409,3.5,3.25
288,3189,3.5,3.8
105,163134,4.5,0.0
448,2706,3.5,3.6
597,1958,5.0,3.85
610,113565,4.0,0.0
580,47644,1.0,3.08
453,5502,4.0,3.16
522,79132,5.0,4.21
429,225,4.0,3.61
457,3826,2.0,2.33
212,86190,3.5,3.1
325,1199,5.0,4.22
68,8371,2.5,3.59
414,3717,3.0,3.91
489,5299,3.5,3.24
381,69844,5.0,3.95
249,86960,2.0,0.0
45,3147,5.0,4.32
482,3255,4.0,3.32
156,2617,3.5,3.04
560,5956,3.5,3.76
156,912,5.0,4.46
414,3301,4.0,4.06
479,5471,2.0,1.79
18,1214,4.0,3.99
352,1552,4.0,3.25
202,1176,3.0,0.0
483,57274,3.5,4.19
600,48385,4.5,3.33
534,68358,4.5,4.13
305,61323,3.0,3.71
608,1342,2.0,2.76
280,40629,5.0,3.45
555,1883,1.0,3.74
438,5669,3.5,3.71
182,4223,2.0,3.92
292,364,4.5,4.07
217,2986,3.0,3.05
357,4040,3.5,2.18
248,171011,3.5,4.78
169,5151,4.0,3.09
599,73854,3.0,4.07
202,593,5.0,4.28
64,6944,3.5,3.41
326,8873,5.0,3.8
561,1214,4.5,4.06
204,58559,4.0,4.22
380,1566,4.0,3.81
453,1619,3.0,3.44
240,688,3.0,2.68
599,5679,2.0,3.58
307,50794,3.0,3.07
28,54997,3.5,3.92
189,91529,3.5,4.02
20,3510,3.0,3.41
605,7247,4.0,3.6
313,377,2.0,3.62
480,1247,4.0,4.1
113,64,2.0,2.53
98,55267,5.0,3.3
408,106489,4.0,3.55
452,2406,4.0,3.56
232,5267,4.0,3.26
606,2788,4.0,4.35
160,364,5.0,4.03
584,10,5.0,3.5
18,2421,3.0,2.56
603,3571,4.0,0.0
151,562,3.0,3.99
580,2117,4.0,3.98
32,36,4.0,3.88
610,120799,2.5,3.03
385,540,3.0,2.85
326,105844,4.5,3.88
63,7387,2.0,4.09
221,2871,4.5,3.81
84,534,4.0,3.63
135,2002,3.0,2.78
117,653,3.0,3.18
51,3253,0.5,3.47
605,33794,3.5,3.91
213,53000,3.5,3.71
68,1206,3.0,4.18
562,1994,4.0,3.43
560,7361,4.0,4.42
38,342,3.0,3.12
525,96588,4.0,3.62
446,300,3.0,3.47
309,3081,0.5,3.56
226,30810,4.5,3.67
275,2935,5.0,3.97
356,5992,5.0,3.45
353,595,4.0,3.82
18,2490,3.5,3.16
426,4344,0.5,3.03
365,155820,3.5,0.0
64,1358,4.0,4.27
593,1267,4.0,4.43
424,45447,3.0,3.15
414,4016,4.0,3.81
425,45186,3.0,3.69
160,2094,2.0,3.37
580,1527,4.5,3.83
63,3717,2.5,3.42
191,303,1.0,3.01
453,4344,4.0,3.06
4,4002,3.0,3.89
45,4901,5.0,3.5
288,53953,3.5,3.06
332,593,4.5,4.29
247,111759,4.0,4.13
488,1269,3.0,4.08
217,1376,5.0,3.56
307,8967,0.5,2.18
305,142488,3.0,4.65
393,102125,4.0,3.56
219,7147,2.5,4.0
18,54286,4.0,3.78
461,104841,0.5,3.68
89,3097,2.0,4.5
480,6548,2.0,3.5
474,1256,2.5,4.38
597,1136,4.0,4.36
453,2890,5.0,3.67
200,62299,3.5,0.0
220,51662,4.5,3.64
182,2997,5.0,4.11
448,1010,4.0,3.06
464,3386,5.0,3.14
19,107,2.0,3.57
298,3253,3.0,3.47
62,51540,4.5,3.98
298,7293,2.5,3.63
520,59784,4.0,3.4
122,46970,4.0,3.26
105,260,4.0,4.38
314,610,3.0,3.59
414,8937,4.0,4.45
590,6870,4.0,3.82
28,63433,2.0,0.0
79,3006,4.0,3.74
167,5650,4.5,3.67
489,1573,3.0,3.51
288,5,2.0,3.14
354,1722,3.5,2.98
474,2804,4.0,4.29
42,4351,5.0,3.27
6,780,5.0,3.53
222,32,3.0,4.02
59,110,2.0,4.09
117,475,3.0,4.43
13,3578,5.0,3.94
357,1265,4.5,4.09
297,50,5.0,4.27
391,1219,5.0,4.08
480,4721,0.5,0.0
470,47,3.0,4.0
580,839,4.5,2.87
169,4025,4.0,3.2
599,5991,2.0,3.76
298,1202,3.0,0.0
169,2321,4.5,3.51
432,2858,3.5,4.08
606,7396,4.5,3.79
36,1278,2.5,3.92
217,3256,4.0,3.89
279,94864,3.0,3.54
135,2321,2.0,3.5
456,1405,4.0,2.73
313,1356,2.0,3.85
141,1196,3.0,4.32
1,3033,5.0,3.52
606,305,3.5,0.0
232,3911,3.0,3.85
42,3186,4.0,3.62
525,122904,3.5,4.34
60,48,3.0,3.12
177,79091,4.0,4.09
89,148775,4.0,0.0
414,2940,4.0,0.0
287,5378,1.0,3.31
45,3717,5.0,3.52
7,1517,3.5,3.5
307,5945,1.5,3.32
434,1196,5.0,4.35
45,54286,4.5,3.78
560,46723,3.5,3.6
313,2275,4.0,3.05
410,4175,4.0,0.0
313,2138,5.0,3.98
195,1259,4.0,3.96
160,2986,3.0,3.06
462,3683,5.0,4.03
18,85354,4.0,3.27
182,185,3.0,3.38
111,7317,3.0,3.46
474,8695,2.5,3.41
6,3,5.0,3.38
305,4011,5.0,4.41
249,167746,4.0,4.14
66,593,4.0,4.31
88,55820,4.5,3.91
59,3461,4.0,2.74
312,2140,4.0,3.51
105,8641,3.0,3.81
97,377,4.0,3.54
274,1717,3.5,3.2
554,923,2.0,4.03
542,2571,5.0,4.21
357,8961,4.0,3.91
476,215,4.0,3.84
448,4571,5.0,3.99
274,175,3.0,4.43
555,1917,3.0,2.94
195,908,5.0,4.06
452,1562,3.0,2.06
141,4022,3.5,3.74
562,2797,4.5,3.82
182,3730,3.5,4.25
292,3744,2.0,2.89
450,589,5.0,4.0
462,2872,2.5,3.88
177,8783,4.0,3.25
342,5099,1.0,0.0
580,1391,3.0,3.23
464,7007,4.0,3.23
68,616,3.0,3.4
232,6539,4.5,4.17
162,261,5.0,3.8
453,5378,4.0,3.41
448,4673,2.0,1.43
439,2028,4.0,4.12
263,7151,3.5,3.55
177,5679,2.5,3.49
137,7001,3.5,4.38
268,2182,2.0,0.0
105,138036,4.0,3.98
246,2380,3.0,2.41
274,8983,3.5,3.75
167,2371,3.0,3.08
111,92264,3.0,0.0
525,608,4.5,4.25
573,80463,5.0,3.8
509,2087,3.0,3.5
93,2720,3.0,2.0
484,4914,2.0,4.26
414,52375,3.5,0.0
28,61167,4.0,0.0
78,2571,4.5,4.17
265,3175,4.0,3.67
170,420,3.0,2.95
510,3827,1.0,3.14
177,1197,5.0,4.46
404,454,3.0,3.64
563,6593,3.5,3.1
156,1747,3.0,3.38
140,5479,4.0,3.03
573,153,1.5,3.06
141,72998,2.5,3.73
356,56788,4.0,3.95
414,4102,3.0,3.34
248,86880,4.0,3.34
217,2411,2.0,2.76
339,92259,4.5,4.37
599,46578,2.5,4.17
438,4167,3.5,3.57
606,1680,4.5,3.62
372,337,2.0,3.91
381,455,3.5,2.59
19,3316,2.0,2.62
140,1727,5.0,0.0
608,3799,1.0,2.2
477,6502,4.0,4.29
523,2,4.5,3.38
69,553,5.0,3.87
292,593,3.0,4.3
292,1101,4.0,3.21
20,3852,4.0,2.99
64,31878,4.0,3.58
208,110,4.0,4.06
444,111,5.0,4.17
221,1387,4.0,4.12
359,34,2.5,3.65
91,7492,4.0,0.0
411,4,2.0,2.06
401,1136,4.0,4.2
352,73321,3.5,3.72
427,16,4.0,3.96
608,3793,4.0,3.82
177,116797,4.0,4.4
312,1240,4.0,3.97
517,26761,3.0,0.0
7,4643,1.0,2.69
332,87192,2.5,3.56
18,2115,4.0,3.68
480,46322,3.0,3.88
27,2530,3.0,2.46
456,694,4.0,2.37
226,88,3.0,3.35
64,2080,4.0,3.58
159,357,2.5,3.52
448,95583,2.5,0.0
370,589,4.0,4.02
560,34162,3.5,3.68
91,4327,2.5,3.98
577,2657,1.0,3.5
274,924,2.5,3.89
509,63859,3.5,3.56
474,42018,3.5,0.0
75,1198,4.5,4.25
342,2188,3.0,1.5
555,2365,3.0,0.0
448,8526,1.5,0.0
564,58047,3.0,3.54
354,2959,4.5,4.27
177,596,3.0,3.46
414,6932,4.5,3.72
534,1894,3.5,2.89
232,27434,2.5,0.0
365,101112,2.0,3.75
448,5106,0.5,2.58
438,6157,4.0,2.68
219,8371,0.5,3.61
206,17,5.0,3.86
313,3889,2.0,2.14
274,1091,3.0,2.56
51,3959,4.5,3.18
290,2940,4.0,0.0
365,128975,3.5,2.87
329,50,2.0,4.26
204,51255,4.5,3.84
525,55269,3.5,3.7
28,3967,4.0,3.88
284,500,5.0,3.47
610,95207,2.5,3.17
610,89118,4.5,1.05
480,1200,4.0,4.15
73,112788,2.5,2.77
477,1639,3.5,3.75
317,356,5.0,4.26
70,1955,3.5,4.29
483,7757,4.0,3.46
318,54001,3.0,3.91
18,79695,3.5,3.21
68,2288,3.0,4.28
62,45722,4.5,3.71
428,4776,4.0,3.81
294,3525,5.0,0.0
410,908,4.0,4.09
474,2467,3.5,3.89
279,82459,3.0,4.02
80,56174,4.5,3.53
89,129011,3.5,0.0
489,3146,0.5,2.59
182,1394,4.0,4.33
480,2329,5.0,4.48
198,1270,5.0,4.05
167,1136,4.0,4.25
603,3618,3.0,2.98
599,106782,3.0,4.43
177,648,4.0,3.7
590,6936,2.5,3.77
573,836,3.0,2.88
258,66097,4.5,3.75
68,72489,4.5,0.0
448,105037,2.0,3.53
9,1095,4.0,3.62
202,2278,4.0,3.78
387,1263,5.0,4.32
169,6874,3.0,3.91
561,3994,4.0,3.66
414,2188,2.0,0.86
18,2028,4.0,4.22
567,1907,1.5,3.7
274,1080,3.5,4.16
600,788,2.0,2.95
16,3683,4.0,3.96
495,1265,4.0,4.05
57,1603,2.0,2.18
68,4141,3.0,0.0
140,4774,2.5,1.7
555,4002,5.0,3.94
62,59315,3.5,3.98
599,7225,3.0,0.0
438,1552,3.5,3.34
436,368,3.0,3.52
111,7373,3.5,3.57
610,8644,3.0,3.82
50,1079,2.5,3.95
318,70984,3.5,0.0
1,2949,5.0,3.74
318,6329,3.0,0.0
109,364,3.0,3.97
474,2791,4.0,4.2
280,94677,1.5,4.02
425,3275,4.5,4.26
501,647,4.0,3.49
356,802,2.0,3.37
200,4034,3.0,4.06
387,55118,3.5,4.26
509,93134,3.5,0.0
597,485,1.0,3.28
432,59784,3.5,3.44
298,67087,4.0,3.95
95,480,3.5,3.73
45,5418,5.0,3.83
64,3994,4.0,3.66
356,5445,3.5,3.77
23,8370,4.0,3.93
226,47,5.0,4.08
435,2302,4.0,3.2
527,4016,5.0,3.66
38,235,4.0,3.7
182,4153,2.0,2.94
401,5882,5.0,3.71
489,2875,2.5,0.0
266,2355,3.0,3.55
274,2946,3.5,3.35
610,88129,5.0,3.91
230,1307,1.5,3.91
123,60684,4.0,4.02
610,89745,5.0,4.15
597,2735,3.0,2.74
132,3785,1.5,3.0
477,368,4.0,3.6
448,8879,3.5,2.62
387,1449,3.0,3.83
438,5400,2.5,3.13
458,552,4.0,3.39
459,5618,5.0,4.15
498,216,5.0,3.37
68,377,5.0,3.91
590,150,4.5,3.91
315,2554,2.0,0.0
590,4022,3.5,3.84
312,2747,3.0,2.58
232,58156,3.0,3.2
122,116799,4.0,3.86
232,6958,2.0,2.34
303,1370,3.0,3.55
125,88140,3.0,3.72
425,293,5.0,4.12
108,6049,4.0,0.0
519,3717,3.5,3.35
418,2054,0.5,2.9
596,34,4.0,3.68
313,2097,2.0,2.96
517,2100,2.0,3.04
153,500,2.0,3.46
401,3114,3.0,3.91
93,2567,3.0,2.99
195,1653,3.0,4.0
387,6100,4.0,0.0
469,2300,4.0,4.04
600,1801,2.5,3.35
474,3076,3.0,0.0
594,2059,4.0,3.14
500,3355,5.0,3.01
187,290,4.0,3.9
63,2791,4.0,3.9
474,5398,4.0,0.0
483,1544,2.0,2.84
524,32,3.0,3.98
328,1213,4.5,4.36
348,1955,4.0,4.27
448,148482,3.0,0.0
480,784,4.5,3.09
301,648,2.5,3.55
474,3683,3.5,4.29
294,370,3.0,3.26
102,39,3.0,3.4
332,69122,4.0,3.75
267,58,5.0,3.87
21,2378,2.5,3.29
590,784,1.5,3.12
606,55247,4.0,4.08
420,3476,4.0,3.72
129,1968,3.5,3.84
182,89,3.0,3.54
527,1198,5.0,4.26
580,32587,5.0,3.99
450,2291,4.0,3.72
239,4963,4.0,4.12
596,4018,2.5,3.28
139,88744,1.0,3.32
599,51080,2.0,4.08
66,1197,4.0,4.35
425,6764,2.5,3.49
19,480,2.0,3.83
567,260,2.0,4.28
93,2617,4.0,3.08
438,7375,3.0,2.81
603,2580,4.0,4.16
265,2392,2.0,2.06
328,2329,3.0,4.32
368,1214,4.0,3.95
381,49286,4.0,3.05
428,3979,3.0,2.79
387,7700,4.0,3.16
567,179491,1.0,0.0
428,1333,3.5,3.7
601,4963,4.5,4.04
306,149334,3.0,0.0
533,83134,5.0,3.38
249,85414,3.5,3.76
599,2692,4.5,4.12
604,553,4.0,3.89
414,312,2.0,1.9
555,3269,3.0,2.96
377,4571,3.5,3.59
608,160,2.5,2.99
28,724,1.5,2.95
103,2997,5.0,4.05
100,1441,4.5,3.31
160,4034,5.0,4.04
438,2616,3.0,2.9
600,2427,1.0,3.05
233,1921,3.5,4.04
219,1307,2.5,3.98
79,858,5.0,4.25
573,8985,4.0,2.66
222,6503,1.5,2.44
473,293,4.0,4.04
294,1391,3.0,3.15
313,3210,3.0,3.54
177,2915,3.0,3.62
606,4901,3.5,3.56
28,2268,3.0,3.89
562,68135,3.5,3.73
373,596,5.0,3.41
599,26861,3.5,0.0
103,2078,4.0,3.88
583,239,4.5,3.03
66,1243,5.0,4.11
337,110,5.0,4.08
600,2421,3.5,2.62
106,31696,2.5,3.58
485,592,3.0,3.47
23,5013,3.0,3.56
133,593,3.0,4.16
483,2728,4.0,3.62
21,97938,3.5,3.94
600,3099,1.0,3.16
249,62374,4.0,3.74
20,2701,1.0,2.44
480,41997,3.5,4.03
195,1670,2.0,3.37
610,8840,1.0,0.0
462,1952,5.0,3.7
222,1092,1.5,3.33
380,5621,3.0,1.77
532,608,4.0,4.13
469,529,5.0,3.76
38,356,3.0,4.2
318,7034,3.5,3.75
75,47,2.0,3.96
249,99112,3.0,4.12
122,780,4.0,3.48
599,40583,2.5,3.92
260,5617,4.5,3.92
600,2412,3.0,1.94
254,4306,5.0,3.95
18,608,4.5,4.25
460,6539,4.0,3.91
122,4148,4.0,2.95
68,166635,3.0,0.0
610,118880,3.0,0.0
596,6333,4.0,3.83
274,6378,4.0,4.12
34,6567,3.5,3.51
382,4890,3.5,3.02
391,2580,4.0,4.07
414,1656,4.0,0.0
599,153236,3.0,0.0
187,8949,5.0,3.68
517,4327,1.0,3.94
46,266,5.0,3.31
212,122920,3.0,3.88
246,4226,5.0,4.2
418,81845,4.5,4.17
17,1263,4.0,4.09
203,88744,4.0,3.28
534,50872,4.0,4.21
567,70015,1.5,0.0
445,32,5.0,3.98
469,223,3.0,4.0
298,98809,3.0,4.13
480,1288,4.0,4.14
414,2916,4.0,4.04
274,5618,4.0,4.35
412,1,2.0,3.91
555,2294,4.0,3.34
514,4007,4.0,3.94
325,2183,3.0,3.69
466,45720,4.5,3.89
610,5574,4.0,3.49
199,2165,3.0,0.0
93,1359,4.0,2.96
28,33166,2.0,4.04
143,1136,1.0,4.19
387,4195,3.5,0.0
305,93510,4.5,4.23
354,5445,3.5,3.78
577,1036,3.0,3.88
380,53121,2.0,3.46
18,36529,4.0,3.93
391,3081,3.0,3.64
476,32,4.0,3.96
318,5110,4.0,3.77
304,349,4.0,3.79
28,2944,3.5,4.07
292,2278,4.0,3.76
600,266,3.5,3.3
1,2617,2.0,3.1
610,61024,4.0,4.11
561,185,2.0,3.29
606,5073,4.5,0.0
216,3863,2.0,3.05
420,2052,3.0,2.92
462,2734,2.5,3.4
356,41569,2.5,3.33
501,62,3.0,3.69
532,2366,4.0,3.63
515,168250,4.5,3.89
304,173,3.0,2.52
327,858,3.5,4.26
361,4148,3.0,2.89
534,85367,5.0,3.19
606,1393,3.5,3.57
15,1909,2.5,3.32
606,908,4.5,4.24
610,1527,4.5,3.86
587,3450,1.0,3.27
64,4025,2.5,3.19
33,21,4.0,3.45
132,5878,3.5,3.99
167,6863,2.0,3.53
321,802,5.0,3.38
400,79132,5.0,4.11
367,527,3.0,4.29
28,63082,4.0,3.99
474,2249,2.0,3.18
24,102407,3.5,3.38
232,5507,3.0,2.8
563,90343,3.0,0.0
217,3448,3.0,3.73
484,6870,4.0,3.79
483,8607,5.0,3.55
524,1201,4.0,4.24
122,520,4.0,3.09
590,968,3.0,3.55
177,109374,3.0,3.96
105,53121,4.0,3.44
288,2993,3.0,3.53
292,2027,1.0,2.57
369,1373,3.0,2.46
199,1089,4.0,4.35
141,69122,3.5,3.75
552,2826,1.0,2.84
64,265,3.5,3.97
432,48774,1.5,4.19
177,2396,5.0,3.91
318,18,3.0,3.79
441,296,5.0,4.25
107,150,5.0,3.77
111,42007,2.5,0.0
182,1432,4.0,2.0
294,303,3.0,3.06
368,849,2.0,2.82
105,91261,3.5,0.0
18,162350,3.5,3.91
139,4223,4.0,3.74
125,79553,3.5,3.71
483,783,2.0,3.52
590,1982,4.0,3.83
239,3793,4.5,3.74
555,1213,5.0,4.47
334,1527,4.0,3.81
525,1907,3.5,3.81
28,67534,3.0,0.0
357,150,3.5,3.85
89,171751,2.5,0.0
288,1513,3.0,3.32
1,593,4.0,4.26
263,4995,4.0,4.08
525,1,4.0,4.12
448,98585,3.0,4.03
528,5418,5.0,3.76
274,4718,2.0,3.32
380,147374,3.0,3.52
517,362,3.5,3.82
282,5669,4.0,3.77
448,185,2.5,3.53
246,2020,4.5,4.03
606,3909,3.0,1.72
359,58,4.5,3.88
177,45880,3.5,3.29
254,33166,4.0,4.01
265,3471,4.0,3.95
474,4130,1.5,0.0
12,261,4.5,3.76
117,237,3.0,3.41
600,2640,3.5,3.83
319,109487,5.0,3.87
425,339,3.0,3.69
474,55118,4.0,4.48
288,3753,2.0,3.74
206,140,4.0,3.5
132,1097,3.5,3.87
227,40819,4.5,3.73
559,592,3.0,3.51
602,377,4.0,3.62
567,179749,1.5,0.0
319,912,4.5,4.35
91,5673,3.0,3.67
503,93840,4.0,4.04
274,78499,4.5,4.49
177,99007,4.0,3.27
254,6870,4.0,3.74
573,60069,4.5,4.17
274,1005,3.5,1.96
249,8641,4.5,3.92
594,7115,0.5,3.35
153,177765,1.5,3.34
491,129354,4.0,3.4
372,272,3.0,3.5
68,1485,3.5,3.42
365,180,0.5,3.73
91,266,3.0,3.3
474,4293,1.0,3.42
174,10,3.0,3.47
390,1091,0.5,2.47
372,159,2.0,2.99
541,553,4.0,3.89
411,648,5.0,3.55
580,7649,3.5,3.41
483,3176,3.5,3.45
561,2699,3.0,2.93
212,112138,3.5,4.01
414,4033,4.0,3.96
313,2531,3.0,3.12
560,34405,2.0,4.08
344,60069,3.5,4.1
28,7153,3.5,4.28
381,648,3.0,3.63
356,912,5.0,4.41
327,4718,5.0,2.95
326,1299,4.5,4.01
608,153,2.5,3.16
555,333,5.0,3.93
387,8928,3.0,0.0
307,53550,4.0,0.0
307,4732,2.0,2.32
50,1225,3.5,4.31
307,433,1.5,3.08
294,2369,1.0,2.59
68,2078,3.0,4.03
318,32917,4.0,0.0
103,1688,4.0,3.26
605,61401,2.5,0.0
220,48385,4.0,3.31
288,2301,3.0,3.8
40,685,5.0,0.0
109,485,2.0,3.19
182,3879,1.0,0.0
599,4490,2.0,0.0
599,1644,2.0,2.3
469,3208,1.0,2.51
474,4211,4.0,0.0
517,1918,3.0,2.79
288,2991,4.0,3.85
484,51662,3.0,3.61
105,31685,4.0,3.28
561,34048,2.5,3.4
387,26578,4.0,4.09
346,1252,4.5,4.32
167,2083,4.5,3.85
141,3147,3.5,4.24
265,2429,3.0,3.58
263,36,4.0,3.89
273,248,4.0,2.77
573,64839,5.0,3.79
31,648,5.0,3.53
288,2122,1.0,1.9
213,4132,4.0,2.85
453,367,5.0,3.28
474,47,4.0,4.27
447,168,4.0,3.01
4,4308,1.0,3.58
600,26326,5.0,0.0
177,107,3.0,3.63
372,223,4.0,3.95
385,249,3.0,3.18
514,1265,4.0,4.08
428,1214,3.5,3.93
354,8361,3.0,3.24
221,4037,4.5,3.84
313,2006,3.0,3.15
561,99114,3.0,4.14
395,586,3.0,2.9
414,3693,3.0,2.16
600,7293,3.0,3.64
89,5048,5.0,0.0
320,71535,4.0,3.86
501,18,5.0,3.63
274,53894,3.5,4.19
354,2028,3.5,4.19
177,2078,3.0,3.96
414,4084,3.0,2.89
111,6564,3.5,3.14
587,236,5.0,3.46
216,2150,3.0,3.85
583,104,3.0,3.55
384,2699,2.0,2.97
606,3033,4.0,3.46
543,2858,5.0,4.07
343,2959,5.0,4.26
104,87,3.0,2.7
68,1635,3.0,4.15
200,508,3.5,3.68
562,2133,4.5,3.39
474,976,3.0,0.0
28,1610,4.5,3.88
410,3618,5.0,2.98
477,1222,5.0,4.26
298,2005,3.5,3.86
387,7205,3.0,0.0
561,76251,3.0,3.83
307,1088,3.0,3.54
474,2081,3.5,3.64
98,74789,2.0,2.96
561,1073,4.5,4.08
274,5833,4.0,0.0
376,1375,3.5,3.26
424,1213,3.5,4.36
544,1356,5.0,3.82
365,111743,4.0,2.97
286,1036,4.5,3.87
268,1625,3.0,3.67
216,3200,4.0,4.39
294,1845,3.0,4.23
288,50872,4.0,4.14
375,1411,5.0,4.45
240,204,4.0,2.72
480,648,3.0,3.67
458,236,4.0,3.47
75,2078,5.0,3.83
51,1674,5.0,3.49
6,205,3.0,3.15
305,104211,5.0,4.21
387,3668,3.5,3.97
454,53953,2.5,2.89
448,51255,4.5,4.28
89,6650,1.0,4.5
282,46976,4.5,3.48
105,3785,4.0,3.05
122,4816,4.5,3.53
141,8528,4.5,3.79
343,5971,4.0,3.85
292,8360,3.0,3.62
438,1100,4.0,2.58
377,2163,2.5,2.51
525,127164,3.5,0.0
606,1299,3.5,4.13
438,110,4.5,4.21
458,153,5.0,2.98
160,1969,1.0,2.52
72,1270,4.0,4.01
44,891,3.0,3.74
318,48997,3.5,3.45
234,1011,5.0,2.42
599,4974,2.5,2.8
194,1380,2.5,3.27
606,1343,3.5,3.8
512,253,5.0,3.45
525,1198,4.0,4.39
552,2161,1.5,3.65
483,5459,3.0,3.06
57,2687,4.0,3.61
111,6874,3.5,3.91
567,178827,3.5,0.0
480,4993,3.5,4.37
474,6232,4.0,0.0
380,1037,3.0,2.69
167,1220,4.5,3.89
606,2593,3.5,0.0
356,56921,5.0,3.7
367,1569,4.0,3.51
477,6645,4.5,3.76
140,8207,4.0,4.26
452,337,5.0,3.86
608,1479,3.0,3.69
325,2746,3.0,3.24
169,2084,4.5,1.77
428,3996,4.0,3.92
462,78574,4.5,3.6
68,2413,3.0,3.6
111,101142,3.5,4.13
414,38038,3.5,4.34
525,135536,3.0,2.77
555,2400,3.0,0.0
599,836,2.0,2.84
474,1704,3.5,4.49
136,256,4.0,2.84
448,2463,4.0,3.64
432,318,3.0,4.57
610,1840,4.0,2.7
600,26680,4.0,3.32
563,1088,4.0,3.5
378,5952,4.5,4.05
17,899,3.5,4.17
284,442,4.0,3.04
571,1331,2.0,0.0
68,2699,0.5,2.98
96,150,5.0,3.76
531,480,4.0,3.71
322,3052,2.0,3.65
50,541,4.0,4.17
430,6365,4.5,3.24
380,3624,3.0,3.59
24,1784,4.0,3.76
346,7820,3.5,0.0
420,51662,3.5,3.62
89,110130,5.0,0.0
307,27838,3.0,0.0
318,1527,4.0,3.82
474,1080,3.0,4.11
266,3039,4.0,3.85
182,7022,4.5,3.91
477,27660,4.5,3.78
414,7324,3.0,3.67
466,5952,4.0,4.09
506,54259,3.0,3.59
91,3147,2.5,4.35
279,260,5.0,4.3
19,2169,2.0,2.68
348,79132,5.0,4.09
567,91500,1.0,3.37
132,44191,3.0,3.98
477,8961,4.0,3.98
156,477,3.5,3.47
173,141,4.0,3.51
610,86320,3.5,3.67
555,3684,3.0,3.21
606,48032,4.0,0.0
268,2716,4.0,3.78
325,2389,2.0,1.54
187,4785,4.0,0.0
318,1194,4.0,3.64
479,1220,5.0,3.87
527,2797,5.0,3.76
474,2953,1.0,2.83
480,3623,2.5,2.8
462,89761,2.5,0.0
462,2159,4.0,3.68
470,653,3.0,3.15
509,66097,4.0,3.93
391,541,5.0,4.21
386,367,1.0,3.22
590,6942,3.5,3.87
57,912,5.0,4.44
474,5168,3.0,0.0
50,44022,1.5,3.35
62,58803,4.0,3.75
410,1060,4.0,3.74
18,103772,4.0,3.47
599,3409,1.5,3.27
111,72407,1.5,2.71
100,441,4.0,3.92
68,508,3.0,3.83
474,5213,1.5,0.0
326,105504,4.5,4.26
606,27722,4.0,4.45
459,5349,4.0,3.52
590,3654,4.0,4.05
52,364,5.0,3.96
76,68157,4.0,4.14
217,2058,3.0,3.56
606,51314,4.5,0.0
438,34319,3.5,3.82
480,33495,3.5,3.03
510,1673,3.0,4.08
416,4973,4.0,4.25
330,3826,2.5,2.36
437,78,3.0,0.0
593,2291,3.0,3.72
316,3977,3.0,2.71
571,1341,3.0,0.0
357,586,4.0,3.01
7,31878,3.5,3.4
503,4232,0.5,3.09
483,4085,4.0,3.47
542,33679,4.0,3.31
405,49932,5.0,3.13
480,48394,4.5,3.88
307,3858,1.5,0.0
534,111781,4.0,4.1
380,168252,5.0,4.76
222,71464,2.5,3.23
599,317,2.0,3.55
22,41997,3.0,3.89
590,4041,4.0,3.33
599,2709,2.5,3.11
391,1805,2.0,2.89
387,6063,3.5,3.4
4,2959,2.0,4.26
606,2657,4.0,3.58
205,3033,4.0,3.48
144,1265,3.0,4.0
182,482,4.0,3.44
474,6788,2.0,0.0
307,4886,3.0,4.13
207,2428,3.5,2.62
435,2023,5.0,3.35
480,8957,2.0,3.51
91,5418,4.0,3.86
456,662,5.0,2.5
74,308,5.0,3.64
104,81847,4.0,3.91
214,83,3.0,0.0
414,4091,3.0,0.0
27,2115,4.0,3.62
140,22,3.0,3.28
414,3702,4.0,4.27
184,193587,3.5,0.0
599,1254,3.0,3.95
167,924,1.0,3.89
62,86332,4.0,3.77
27,1,3.0,3.94
414,2052,2.0,3.29
103,4148,3.5,2.92
555,2247,3.0,3.63
438,440,3.5,3.73
292,4232,4.0,3.14
307,40723,1.5,3.8
610,34048,4.0,3.62
464,165,5.0,3.67
287,1784,2.5,3.75
477,4446,3.0,3.53
361,318,3.0,4.53
380,8967,2.0,2.29
534,72998,3.0,3.93
555,1882,3.0,2.18
599,996,2.0,2.79
216,1307,3.0,3.94
599,1204,4.0,4.41
480,5225,4.0,4.11
68,90576,4.5,0.0
606,202,3.0,0.0
564,159093,4.0,3.85
353,552,2.0,3.41
182,4052,3.5,2.81
34,1831,3.0,2.4
580,48385,3.0,3.33
337,266,5.0,3.31
474,6890,4.0,0.0
604,110,3.0,4.08
409,3037,5.0,3.96
249,47254,3.5,0.0
68,1895,3.0,3.8
387,1161,3.5,3.76
307,628,4.0,3.6
232,7371,3.5,4.44
606,3977,1.5,2.86
351,1073,4.0,3.93
286,597,3.5,3.58
422,3948,2.0,3.47
474,4131,2.0,1.32
135,1199,5.0,4.2
226,56805,3.5,3.83
249,8784,4.0,4.05
305,6711,3.0,4.33
365,5445,1.0,3.75
325,2294,3.0,3.22
249,1690,3.0,3.05
297,292,2.0,3.37
600,1961,3.5,3.91
267,1175,4.0,3.89
23,6857,3.5,3.66
212,2291,3.5,3.77
417,7254,5.0,3.47
469,3846,2.0,3.73
43,457,5.0,4.02
226,1732,5.0,3.99
274,1218,4.0,3.66
532,517,5.0,3.21
573,109487,5.0,4.09
608,480,3.0,3.86
357,1022,4.5,3.7
414,4771,4.0,2.16
68,54995,3.5,4.22
298,2692,3.0,4.03
599,9004,2.0,0.0
217,2195,3.0,3.01
18,329,4.0,3.43
331,68358,4.0,4.05
323,2268,3.5,3.82
164,2115,4.0,3.59
608,4369,4.0,3.28
462,2571,0.5,4.23
177,66934,4.0,3.96
125,60756,4.0,3.56
22,30749,0.5,4.04
307,54004,4.0,3.3
122,60069,5.0,4.19
517,1921,1.0,4.04
249,8368,4.0,4.07
446,208,2.0,3.0
252,106696,4.5,3.61
608,4052,4.5,2.65
80,1921,4.0,4.04
474,915,4.0,4.17
567,51255,3.0,3.85
380,1665,4.0,3.09
610,147657,4.0,0.0
38,208,1.0,2.99
103,89774,4.5,3.81
131,27611,3.5,3.74
380,42009,2.0,2.24
561,5464,3.0,3.63
525,45722,2.0,3.65
327,1288,4.0,4.02
40,350,5.0,3.35
483,552,3.5,3.59
428,2916,3.5,3.66
387,7569,3.5,4.23
448,4634,3.0,0.0
6,222,4.0,4.4
500,2683,3.0,3.13
373,509,4.0,3.58
339,1097,3.5,3.87
414,1870,3.0,0.0
219,54503,4.5,4.19
210,153,3.5,2.97
45,2541,4.0,3.34
141,46578,3.5,3.88
239,6333,4.0,3.77
532,1214,5.0,3.89
603,3395,3.0,0.0
594,4827,3.0,0.0
62,158966,4.5,0.0
488,2657,3.0,3.49
86,260,4.5,4.27
610,4299,3.0,3.81
169,1517,4.0,3.53
438,8961,5.0,3.99
577,349,3.0,3.73
403,3361,3.5,3.77
573,1801,4.0,3.33
479,5303,2.0,3.72
474,5437,3.0,0.0
3,1302,0.5,3.6
603,930,4.0,4.3
560,6539,3.5,4.01
263,3147,4.0,4.26
427,4896,2.0,3.75
606,4979,4.0,3.76
483,104906,3.0,3.38
42,2094,3.0,3.38
249,97172,3.0,0.0
294,637,3.0,3.44
7,3994,3.0,3.58
111,54004,4.5,3.5
438,1907,2.5,3.87
274,1721,3.5,3.57
57,924,5.0,3.95
109,543,3.0,3.33
82,788,3.5,2.91
520,3408,4.0,3.58
452,2706,5.0,3.39
462,2628,0.5,3.22
409,3048,1.0,2.5
417,2571,5.0,4.21
536,356,5.0,4.18
567,5971,2.0,3.88
401,4306,3.5,3.94
3,1272,0.5,4.19
57,955,5.0,4.09
509,4025,3.5,3.2
226,4344,3.0,3.1
560,84954,2.5,3.69
307,1517,3.5,3.64
516,708,3.0,3.31
105,105593,5.0,0.0
287,2291,4.0,3.74
42,1513,3.0,3.28
294,2683,1.0,3.14
263,33493,3.5,3.47
183,110,5.0,4.08
82,5419,2.5,2.94
460,1884,4.0,3.92
122,89470,4.5,3.61
246,70286,4.5,3.99
483,1036,3.5,3.97
534,63082,4.0,4.11
287,4642,5.0,3.79
237,44555,3.5,4.21
64,7162,4.0,3.09
175,58107,4.0,0.0
132,344,1.5,2.97
474,522,3.5,2.41
271,6658,2.0,0.0
51,522,3.5,2.34
221,1088,3.0,3.44
562,3147,4.0,4.3
177,1221,4.0,4.41
381,2355,4.0,3.71
50,45880,2.5,3.25
182,778,4.5,4.18
610,130050,3.0,0.0
453,4021,4.0,4.21
352,62374,4.5,3.55
301,1240,0.5,3.92
105,1227,4.0,4.23
492,62,4.0,3.73
298,56251,3.0,4.17
599,3256,3.5,3.97
18,3147,4.0,4.35
415,7156,4.5,4.26
490,58998,3.0,4.05
310,6548,0.5,3.16
477,5349,4.0,3.68
432,1917,3.0,2.94
583,2694,3.5,3.25
384,1258,4.0,4.14
562,2654,4.5,0.0
104,4039,3.5,3.17
318,56775,3.0,2.81
149,2091,1.0,0.0
232,1380,3.5,3.52
298,108945,2.5,2.77
294,2249,3.0,3.26
372,1270,5.0,4.06
298,7438,4.0,4.09
199,1676,2.0,3.52
387,5021,3.0,0.0
28,40583,2.5,3.83
599,6800,2.0,0.0
132,4641,4.0,3.4
202,1527,3.0,3.81
351,2571,4.0,4.19
381,1015,3.5,3.17
43,174,5.0,2.71
57,2291,4.0,3.81
525,3483,4.0,3.21
393,110,4.0,4.07
274,74685,3.5,0.0
292,1676,3.0,3.54
214,1363,3.0,3.63
362,6870,4.5,3.72
24,2424,4.0,3.2
84,36,5.0,3.87
63,2858,5.0,4.1
367,4019,5.0,3.62
597,2522,5.0,2.79
182,224,3.0,3.84
328,81845,3.0,4.17
298,4306,2.0,4.07
318,54354,4.0,0.0
432,45186,3.5,3.71
391,4278,5.0,0.0
586,440,4.0,3.63
380,3511,3.0,0.0
365,3752,2.0,3.19
425,1222,4.0,4.18
15,56174,3.5,3.52
217,2899,3.0,0.0
602,481,3.0,3.07
419,71131,5.0,0.0
559,165,3.0,3.72
552,2470,3.5,3.28
603,1150,4.0,4.7
479,562,3.0,3.98
73,6155,3.5,3.33
160,1059,5.0,3.85
306,152077,2.5,3.9
362,1196,4.5,4.28
20,5110,3.0,3.63
153,81845,2.5,4.18
606,5990,3.5,0.0
190,5481,3.0,2.81
259,4306,5.0,3.9
594,8727,2.0,0.0
313,4275,3.0,0.0
509,92259,3.5,4.25
45,1,4.0,4.08
391,3863,3.0,3.05
288,3699,3.0,3.53
68,86882,2.0,4.06
200,7153,4.0,4.24
7,48997,2.5,3.25
606,5710,3.0,0.0
89,102686,3.5,3.56
522,1,3.0,3.98
414,5025,3.0,2.91
425,7458,3.0,3.47
480,5995,5.0,4.08
216,1,3.0,3.91
346,8405,4.5,0.0
167,1210,4.0,4.25
141,50872,3.0,4.02
414,111759,4.0,4.76
599,6310,2.5,0.0
292,1663,3.0,3.92
432,8360,4.5,3.61
220,61024,3.0,3.85
347,357,3.0,3.5
39,3745,4.0,3.31
377,1251,4.5,3.98
298,55247,2.5,4.02
414,594,4.0,3.78
219,1197,3.5,4.38
18,122918,4.0,4.0
5,261,4.0,3.78
390,39183,2.5,3.54
608,3534,2.5,3.32
155,3287,3.0,3.26
465,930,5.0,4.2
432,4976,3.5,0.0
64,307,3.5,3.81
580,3578,4.0,4.06
233,162600,1.5,0.0
292,80363,4.0,2.76
384,1042,2.0,3.36
288,924,5.0,4.01
45,3617,4.0,3.08
39,2081,2.0,3.45
590,3253,3.5,3.48
302,296,5.0,4.24
566,539,4.0,3.62
287,2959,4.0,4.25
265,529,4.0,3.73
381,6157,2.5,2.66
466,63859,4.0,3.48
387,51709,4.0,4.38
317,6281,4.0,3.0
346,4973,3.0,4.3
482,1573,4.0,3.41
274,2798,2.5,1.27
483,6373,3.5,3.44
448,4233,2.5,1.09
401,37729,4.0,3.53
387,4426,3.0,0.0
307,3897,5.0,3.97
425,1876,3.5,3.12
404,527,4.0,4.21
90,780,3.0,3.42
377,1274,5.0,3.57
380,5218,4.0,4.03
318,79132,4.0,4.39
288,1821,2.0,2.93
165,5466,5.0,0.0
380,6550,4.0,3.43
453,231,5.0,3.13
177,80463,4.0,3.87
437,1095,5.0,3.65
105,3535,3.5,4.02
341,114662,4.5,3.69
338,593,4.0,4.17
610,113862,4.0,0.0
604,272,4.0,3.42
474,2871,4.0,3.94
73,62434,4.0,3.48
380,3916,5.0,3.86
123,68554,4.5,3.07
596,1374,4.0,3.8
229,290,4.0,3.85
169,8665,3.5,3.97
590,5308,2.5,2.75
483,2124,1.5,3.7
307,1257,3.0,3.62
551,318,4.0,4.54
167,2139,3.0,3.36
114,141718,5.0,0.0
555,24,5.0,3.31
330,3977,2.0,2.75
3,688,0.5,2.62
469,1073,5.0,4.09
373,16,4.0,3.96
480,34271,4.0,3.84
477,42422,4.5,0.0
68,1029,2.5,3.67
372,556,3.0,2.97
474,1243,4.0,4.2
197,356,3.0,4.18
266,1663,5.0,3.91
438,1370,4.5,3.74
357,52435,3.5,3.71
580,5816,3.0,3.58
18,5669,3.5,3.77
367,3969,4.0,3.26
113,4084,1.0,2.95
599,49278,2.0,3.76
1,2161,5.0,3.73
480,357,3.0,3.7
474,6932,4.5,3.35
596,8666,1.5,1.18
434,434,2.5,3.11
109,500,3.0,3.47
411,350,4.0,3.36
434,588,4.0,3.93
599,1690,3.0,3.02
198,1735,4.0,3.1
474,8458,3.5,0.0
308,457,3.0,3.98
474,1357,3.5,4.51
426,79091,5.0,3.74
235,551,3.0,3.58
166,2115,4.0,3.62
288,6620,4.5,4.56
603,1948,4.0,3.63
307,52458,2.5,3.04
474,30793,4.0,3.27
274,53519,1.5,3.94
447,329,4.0,3.41
57,2080,4.0,3.51
606,597,4.0,3.7
585,80463,4.5,3.74
538,4039,4.5,3.11
275,2395,5.0,3.54
414,59037,2.5,3.86
249,138204,4.0,0.0
232,1,3.5,4.12
82,5481,3.5,2.89
193,296,4.0,4.25
448,113416,1.5,0.0
41,87869,5.0,3.64
64,1028,4.0,3.85
232,6059,3.5,3.49
217,1556,3.0,1.73
561,3869,3.5,3.35
305,67788,5.0,3.07
19,3398,2.0,3.46
198,1259,4.0,3.98
74,6711,4.0,4.15
534,109487,3.5,4.17
496,7757,4.0,3.5
380,1587,4.0,3.53
420,4308,4.5,3.57
286,47,5.0,4.0
580,4262,4.0,4.01
368,3113,2.0,2.52
380,6942,4.0,3.91
274,48780,3.5,4.5
438,5523,2.5,0.0
226,551,3.5,3.66
170,5,3.0,3.02
555,1608,3.0,3.53
572,933,5.0,4.33
608,514,2.5,3.62
494,2028,5.0,4.12
105,1354,4.0,4.32
520,8961,4.0,3.83
474,3251,3.5,3.39
474,2469,3.0,3.25
182,2010,5.0,3.98
222,1278,4.0,3.99
487,8874,4.0,4.01
256,6537,3.0,2.9
262,10,2.0,3.44
392,2683,5.0,3.12
380,3452,4.0,3.29
474,6296,4.0,3.92
354,8464,4.0,3.57
566,590,4.0,3.83
406,5620,5.0,2.92
387,363,4.0,0.0
484,500,3.5,3.53
312,1090,4.0,4.04
68,4022,2.0,3.9
448,3751,3.0,3.72
220,858,5.0,4.32
590,47,3.0,4.17
382,4444,3.5,0.0
119,356,4.0,4.26
444,586,3.0,2.89
140,3999,2.0,2.63
608,1923,3.5,3.86
68,6873,2.5,3.31
51,8623,3.5,3.41
68,551,2.0,3.75
89,3175,2.5,3.66
241,1221,4.0,4.29
256,1320,3.5,3.14
5,527,5.0,4.21
354,4718,3.5,3.04
526,1307,3.5,3.89
555,1665,3.0,3.12
346,50,4.0,4.27
380,6157,3.0,2.8
332,3257,2.5,3.07
89,60289,4.0,0.0
580,1254,0.5,3.93
217,1036,4.0,3.92
341,6537,4.5,2.86
318,177593,4.5,0.0
477,51540,4.0,3.99
57,1584,3.0,3.74
483,32587,4.0,4.03
414,303,3.0,3.0
384,4396,1.0,3.01
245,1189,4.0,4.0
220,2300,4.0,4.08
249,2692,4.0,4.14
1,3729,5.0,0.0
140,5364,2.5,3.49
265,3308,3.0,4.0
89,106927,3.0,0.0
68,3000,3.5,4.18
414,5027,2.0,4.09
308,63082,1.0,3.85
476,539,4.0,3.62
307,1028,4.0,3.88
225,2423,4.0,3.66
534,100498,2.5,2.37
91,3996,4.5,4.01
469,930,4.0,4.27
239,5418,5.0,3.85
122,2761,4.5,4.4
91,8266,1.5,0.0
288,3767,1.0,0.0
354,466,3.0,3.03
336,589,5.0,4.02
193,908,5.0,4.05
64,596,4.0,3.48
105,104879,4.5,4.13
600,552,3.5,3.57
113,1680,3.0,3.4
244,3811,5.0,0.0
481,1608,4.0,3.36
50,49272,2.5,4.06
105,171749,5.0,0.0
274,33679,2.5,3.58
136,491,5.0,3.5
49,103335,4.0,3.77
122,1089,5.0,4.31
377,71999,4.5,0.0
217,2054,3.0,2.98
217,1713,3.0,3.5
453,380,4.0,3.65
68,74458,3.0,4.62
599,2726,4.0,4.34
608,93,2.5,3.35
231,58559,5.0,4.18
368,2505,3.0,3.45
610,6157,2.5,2.87
483,4052,5.0,2.83
151,1405,5.0,2.72
288,1025,2.0,4.0
385,1022,3.0,3.64
151,75,3.0,1.7
475,79091,3.5,3.83
339,48385,4.5,3.43
600,2918,4.0,4.04
606,3295,4.0,0.0
448,880,1.5,2.84
590,25825,4.0,0.0
105,8656,4.5,0.0
109,555,4.0,3.8
452,1663,5.0,3.9
274,1992,3.0,0.0
94,317,3.0,3.18
580,3623,3.5,2.77
586,42738,4.5,3.06
362,2959,4.5,4.27
606,6148,3.0,0.0
608,809,3.5,2.7
599,54185,3.5,0.0
548,69,5.0,3.64
318,107141,3.5,0.0
239,38061,4.0,4.26
135,3578,2.0,4.03
212,168250,2.5,3.96
212,3000,4.0,4.19
135,1717,3.0,3.01
318,63113,3.0,3.84
182,4396,2.0,2.99
213,69757,4.5,3.53
387,2642,1.5,2.42
610,59727,4.5,0.0
99,227,3.0,3.01
187,27397,5.0,0.0
182,5377,3.5,3.9
466,7293,4.0,3.61
91,5679,4.0,3.44
240,349,3.0,3.79
483,59615,3.5,2.83
509,102445,3.5,3.96
381,33166,4.0,4.03
599,492,2.5,4.43
288,1409,2.0,2.46
22,53519,0.5,3.43
74,1230,5.0,4.04
312,346,3.0,3.61
606,5712,3.5,3.71
20,2941,4.0,3.8
450,1206,5.0,4.15
357,2501,3.5,3.99
441,7387,4.0,4.0
239,2231,4.5,3.81
353,180,4.0,3.72
256,267,3.5,3.05
534,59022,3.5,3.28
385,485,3.0,3.22
461,74458,4.0,4.17
599,2676,1.5,3.41
599,2372,1.5,2.89
474,4798,3.5,0.0
139,34405,4.0,4.1
603,599,5.0,4.12
453,1753,5.0,3.38
64,3072,5.0,3.41
232,2005,2.5,3.8
482,8948,2.0,0.0
256,53972,4.5,3.59
218,903,4.0,4.05
339,1265,5.0,4.11
24,57368,3.5,3.13
285,3897,2.0,3.86
68,83803,4.0,4.88
188,1747,4.0,3.35
414,2124,2.0,4.0
139,63113,3.0,3.48
200,5617,3.5,3.95
103,1884,4.5,3.99
89,133712,3.0,0.0
341,119145,4.0,3.92
525,6365,2.5,3.38
391,1285,3.0,3.98
88,69,3.5,3.65
184,173235,4.5,0.0
177,79702,5.0,4.04
357,2918,4.0,4.02
594,858,4.0,4.27
365,56152,3.5,3.64
365,3793,3.5,3.7
232,7325,3.0,3.48
387,6184,3.5,4.24
315,1304,3.0,3.92
103,2501,4.5,4.04
599,5970,3.0,3.22
42,1266,3.0,4.26
599,230,2.0,3.59
298,1206,3.5,4.18
249,8640,3.5,3.0
141,8961,4.5,3.84
159,4022,3.0,3.73
45,2106,5.0,0.0
212,589,4.0,4.06
599,1090,3.5,4.11
385,32,4.0,3.99
381,3755,3.5,2.96
282,50,4.5,4.34
169,455,3.5,2.49
115,3354,3.0,2.89
603,4239,2.0,3.96
361,1210,2.0,4.21
351,72998,2.5,3.7
249,182823,3.5,3.3
7,4995,4.5,4.06
516,4306,5.0,3.9
603,4605,4.0,4.36
419,56174,3.5,3.5
159,106696,3.0,3.58
219,6373,3.0,3.38
292,2712,2.0,3.42
111,115149,4.5,3.98
288,3020,2.0,3.95
474,26965,3.0,0.0
454,1089,4.0,4.23
193,858,4.5,4.26
202,679,4.0,0.0
111,48516,4.5,4.49
57,1136,5.0,4.36
428,500,1.0,3.48
608,4161,3.5,3.68
68,292,2.5,3.62
1,2033,5.0,3.39
105,79333,4.0,0.0
411,246,5.0,4.24
376,4306,4.0,3.95
325,407,2.0,3.84
222,3617,3.5,2.99
254,32587,5.0,3.92
80,53953,3.5,2.99
137,1253,3.5,3.92
140,6279,4.0,0.0
448,5349,4.0,3.8
169,5459,3.0,2.92
74,55276,5.0,4.1
494,2571,5.0,4.16
424,6188,4.5,3.55
491,5816,5.0,3.62
567,118702,2.0,0.0
307,36401,0.5,3.07
67,1527,5.0,3.79
447,380,4.0,3.58
318,4349,4.0,3.86
6,209,3.0,0.0
608,4016,4.0,3.71
288,3018,3.0,3.25
600,4995,3.0,4.18
339,164179,3.5,4.05
229,356,4.0,4.2
153,8533,1.0,3.61
312,2640,4.0,3.78
91,1337,4.5,0.0
443,318,5.0,4.52
563,61071,2.5,0.0
200,7451,4.5,3.72
484,262,4.0,3.96
177,82167,3.0,3.49
352,90746,4.5,3.46
297,1556,1.0,1.74
288,2535,2.0,0.0
469,3244,5.0,4.07
571,1987,3.0,0.0
227,318,4.0,4.53
608,1219,3.0,4.11
534,95309,4.0,0.0
412,2109,3.0,3.35
561,3039,3.5,3.96
368,2468,2.0,2.47
475,53464,3.5,2.43
414,4591,3.0,0.0
249,5419,2.5,3.31
304,527,5.0,4.29
104,7297,4.0,0.0
227,110,3.5,4.06
274,2947,4.0,3.99
105,60904,4.0,0.0
610,41997,3.5,4.17
561,2804,4.5,4.09
144,5669,3.5,3.76
534,34,4.0,3.67
534,44,4.0,2.49
155,3793,4.0,3.67
414,41566,4.0,3.68
415,141,4.0,3.52
82,6014,4.0,2.32
139,5952,4.0,4.06
117,249,4.0,3.17
328,2161,3.0,3.67
354,6874,4.5,3.89
475,168252,3.5,4.55
212,318,4.5,4.53
567,167746,3.5,3.79
113,1014,5.0,1.7
474,8874,4.0,4.42
288,377,3.0,3.77
414,5294,3.0,4.46
139,53125,2.0,3.69
102,231,3.0,3.04
249,2505,3.0,3.5
244,1049,4.0,3.11
217,3529,3.0,4.17
18,2997,4.0,4.12
474,37741,4.5,4.2
387,2644,3.5,3.9
222,367,3.0,3.23
384,4034,4.0,3.97
382,100507,3.0,0.0
599,3896,3.0,3.5
18,97752,3.5,3.86
606,5614,4.5,0.0
132,4973,4.0,4.37
274,50794,3.0,3.02
312,1253,4.0,3.93
419,1221,4.0,4.31
15,97938,4.0,3.76
200,54001,4.0,3.91
7,7143,4.5,3.92
111,3979,1.5,2.77
305,6537,3.0,2.99
590,3146,1.0,2.64
125,67087,2.0,3.73
589,586,3.0,2.88
62,111360,4.0,2.9
590,6,3.5,4.04
6,342,3.0,3.19
66,3108,4.5,3.97
217,1615,2.0,3.25
462,6612,4.5,0.0
125,44191,3.5,3.96
387,1707,1.0,2.57
599,83803,2.5,5.05
414,8833,3.5,0.0
294,998,2.0,0.0
79,1221,5.0,4.28
474,3599,3.5,4.1
606,6218,4.0,3.4
51,3863,5.0,3.11
594,648,5.0,3.59
451,805,5.0,3.7
438,4701,4.0,3.46
246,62999,4.5,3.46
105,4226,3.5,4.41
509,2502,3.5,4.13
534,108945,1.5,2.84
126,296,1.0,4.24
432,81788,4.0,4.1
305,60684,4.0,4.06
580,2600,4.0,3.84
177,46948,3.0,3.82
477,2407,3.5,3.17
277,786,4.0,3.21
610,33493,4.0,3.76
387,6025,2.0,2.5
129,292,3.5,3.43
305,968,5.0,3.56
105,96020,4.0,0.0
552,2871,3.0,3.79
599,460,2.0,0.0
346,6552,4.0,3.84
305,4002,3.0,3.95
534,1387,4.5,4.12
247,134853,4.0,3.91
66,2858,5.0,4.11
356,3363,4.5,3.94
509,2762,4.0,3.99
265,1726,3.0,3.53
52,5010,4.0,3.9
346,6874,4.0,3.92
288,1721,3.0,3.61
94,593,3.0,4.18
249,7323,3.0,4.14
318,26073,5.0,0.0
414,4306,4.0,4.42
68,1370,2.5,3.85
307,3173,3.0,3.12
596,527,4.0,4.35
104,2724,4.0,2.76
58,186,3.0,3.2
21,2012,5.0,3.58
241,46578,4.5,3.83
274,50,4.0,4.45
362,81417,3.0,3.97
414,4223,4.0,4.28
466,59784,4.5,3.44
74,2858,5.0,4.08
21,117572,2.5,0.0
608,4223,4.5,3.92
480,5009,3.0,2.76
610,919,3.5,3.86
199,1211,4.0,4.07
223,48394,5.0,3.83
362,16,4.0,3.98
557,1196,3.0,4.24
3,5764,4.5,0.0
313,1603,4.0,2.23
274,1029,3.5,3.7
294,255,1.0,3.72
599,1396,2.5,3.35
474,3052,4.0,3.8
156,1212,5.0,4.23
561,54503,3.5,4.22
483,5902,5.0,4.01
365,135536,4.0,2.73
382,7569,3.5,4.08
509,66934,4.5,3.91
219,6156,3.0,3.14
51,4255,4.0,1.79
483,3114,3.0,4.03
73,3751,2.5,3.61
57,198,3.0,3.39
339,4718,3.5,3.04
483,66785,4.0,3.58
298,4299,1.0,3.68
599,762,2.5,2.75
19,1405,2.0,2.81
452,2871,5.0,3.81
380,2081,4.0,3.69
151,12,3.0,2.65
414,36529,3.5,4.06
380,1222,5.0,4.41
318,68358,3.5,4.23
249,6874,4.5,3.89
469,1127,5.0,3.54
120,631,3.0,3.37
432,26322,4.0,2.9
408,79592,4.0,3.25
337,168,4.0,2.98
89,33090,5.0,0.0
7,2019,5.0,4.26
368,1587,2.0,3.43
256,140725,4.0,0.0
288,3578,2.0,4.24
288,354,4.0,3.42
170,597,4.0,3.57
599,3502,3.0,0.0
509,2033,3.5,3.38
63,96610,4.5,3.73
249,6383,2.5,2.85
169,5502,4.0,3.15
325,4086,3.0,3.57
12,3668,5.0,3.77
603,2690,4.0,3.85
525,78499,3.5,4.4
599,2329,4.0,4.54
195,2006,4.0,3.1
182,2539,2.5,3.35
448,141422,2.5,0.0
414,6753,4.0,3.23
294,3301,2.0,3.55
89,141544,2.5,0.0
282,6059,4.5,3.28
288,2329,4.5,4.49
392,1193,4.0,4.15
606,2207,3.0,0.0
159,5957,3.0,3.33
1,223,3.0,4.0
68,252,3.0,3.95
606,3910,4.0,3.35
91,2076,4.0,4.14
288,39400,1.0,2.17
438,41569,2.0,3.4
380,106642,5.0,4.29
607,318,5.0,4.54
527,2057,4.0,3.23
4,914,5.0,3.97
29,356,4.5,4.2
570,1376,3.0,3.5
8,454,4.0,3.6
474,3071,2.5,3.72
395,231,3.0,3.04
135,2391,5.0,3.75
68,86833,3.5,4.06
261,4085,2.5,3.34
608,5146,3.5,3.07
474,7080,3.5,0.0
596,2167,3.5,3.52
168,3730,4.5,4.04
52,35836,4.5,3.58
480,45442,3.5,0.0
226,3386,4.0,3.07
4,3489,1.0,3.51
480,249,4.0,3.23
376,165,3.5,3.67
451,648,4.0,3.53
239,8950,4.5,4.16
135,47,5.0,4.12
514,69481,4.0,4.15
610,60303,4.0,0.0
74,55118,5.0,4.17
438,7153,4.0,4.29
570,3044,2.5,3.73
517,3988,3.0,3.01
111,48322,5.0,0.0
563,7169,3.0,4.38
288,68954,4.5,4.22
599,472,1.5,0.0
391,4499,4.0,4.28
216,648,2.0,3.53
155,1562,3.0,2.05
57,1284,5.0,3.87
47,112804,5.0,0.0
298,94677,2.0,4.27
307,2706,2.5,3.46
98,83134,4.0,3.44
600,5481,2.5,2.93
294,3710,2.0,0.0
534,364,4.0,4.09
610,118082,3.5,0.0
307,260,3.5,4.33
552,4701,2.0,3.34
438,48780,4.0,4.36
156,1042,3.0,3.46
299,3755,3.0,2.85
30,112852,5.0,4.28
298,7090,2.0,3.91
166,4973,5.0,4.33
8,500,2.0,3.46
587,432,4.0,2.64
483,799,4.0,3.54
57,65,1.0,2.71
307,5025,2.5,2.61
281,2858,3.5,4.04
469,2997,5.0,4.02
221,2000,3.0,3.76
605,1270,4.0,4.03
414,99114,4.5,4.55
312,5945,4.0,3.23
606,4883,4.0,0.0
68,4369,3.5,3.39
274,58025,2.5,3.23
600,2096,3.0,3.55
41,1485,3.0,3.13
111,6764,3.0,3.5
475,5952,5.0,4.1
610,62081,2.5,2.97
177,8376,2.0,3.11
352,3785,3.0,3.02
305,4270,4.5,3.1
482,1602,1.0,0.0
474,5581,2.0,0.0
517,2791,3.5,3.87
298,3285,2.0,3.16
533,4105,5.0,3.66
288,4239,3.0,4.01
298,2529,3.5,3.8
325,1217,5.0,4.75
66,849,3.5,2.79
307,4915,2.0,3.02
182,3915,4.0,0.0
387,45081,3.0,3.09
57,1573,2.0,3.5
409,3362,5.0,3.92
489,7004,1.0,3.01
555,1587,2.0,3.53
331,4367,1.5,2.93
19,537,1.0,3.34
415,6957,4.5,3.48
322,1035,2.5,4.18
346,32587,2.5,3.89
438,1675,3.5,0.0
570,1580,4.0,3.62
517,5218,2.5,3.79
50,137857,2.0,3.66
246,7022,4.0,3.78
610,71535,3.5,4.06
160,4866,2.0,3.2
317,57669,4.0,4.18
438,1020,3.0,3.23
177,61323,3.0,3.71
68,7373,3.5,3.69
275,5884,1.0,0.0
599,90430,3.0,0.0
610,98809,3.5,4.36
534,115122,5.0,0.0
292,3717,3.0,3.45
348,590,4.0,3.8
312,110,4.0,4.11
292,130490,3.5,2.43
590,6357,3.0,0.0
73,72641,4.5,3.69
590,40815,3.0,3.85
322,46578,4.5,3.87
41,6711,3.5,4.19
579,892,5.0,3.45
327,3617,5.0,2.94
42,1461,3.0,2.21
572,1129,1.0,3.61
480,2968,2.5,4.14
6,315,4.0,3.35
346,247,4.0,4.09
177,1387,3.0,4.16
514,1307,4.5,3.95
610,6595,3.5,3.46
414,4123,2.0,0.0
386,457,3.0,3.98
520,1779,4.0,2.95
105,64969,3.5,3.96
560,52281,4.0,3.63
274,2858,5.0,4.13
354,1527,4.0,3.8
95,5693,4.0,3.14
42,165,2.0,3.84
426,4816,2.0,3.5
169,6378,3.5,3.83
270,14,5.0,3.68
308,318,1.0,4.51
294,910,4.0,3.88
448,96861,1.0,4.18
610,2628,3.0,3.44
268,869,3.0,0.0
414,6539,4.5,4.48
261,356,5.0,4.2
438,7454,2.5,3.07
307,2072,3.5,3.23
57,3253,3.0,3.47
562,1347,5.0,3.05
587,356,4.0,4.21
346,1345,4.5,3.19
448,80463,4.0,3.81
282,6936,3.0,3.73
80,1625,4.5,3.72
317,121253,3.0,0.0
608,1608,3.0,3.61
420,2329,4.0,4.27
527,4571,5.0,3.61
448,95201,3.0,0.0
240,328,5.0,3.15
232,39446,4.0,3.23
571,1323,2.0,0.0
427,3578,4.0,3.94
474,6245,3.5,0.0
274,3949,4.5,4.18
558,1968,5.0,3.85
368,2916,3.0,3.65
288,60069,4.5,4.16
274,61026,3.5,4.09
307,431,3.5,3.83
276,1391,5.0,3.11
523,7143,5.0,3.92
325,4467,3.0,3.84
222,2959,3.5,4.29
474,3624,3.5,3.5
230,1968,2.5,3.85
130,588,2.0,3.81
128,1080,4.0,4.09
428,231,2.0,3.11
570,1193,3.0,4.24
599,27728,3.0,1.74
414,1747,4.0,3.63
332,56174,3.0,3.54
104,7375,3.0,2.84
111,4018,3.5,3.44
293,1617,3.0,4.07
437,507,3.0,3.58
139,68791,2.5,3.49
526,3448,5.0,3.58
356,1307,4.5,3.98
308,185,1.0,3.13
249,45517,3.5,3.45
68,61250,3.0,2.97
479,1029,4.0,3.49
474,2693,4.0,0.0
68,52458,4.5,3.2
414,1408,5.0,3.79
221,3095,4.5,3.88
462,3467,3.5,0.0
591,2571,5.0,4.17
167,4022,3.0,3.74
387,6003,3.5,3.58
479,2798,1.0,1.53
417,3535,3.0,3.85
254,38061,4.0,4.19
474,670,4.5,0.0
428,353,4.0,3.49
105,67923,4.0,3.26
119,1,3.5,3.96
606,7265,3.5,3.85
68,5308,3.5,2.67
177,2160,4.0,4.34
338,190213,1.0,0.0
414,4359,4.0,3.7
182,2701,2.5,2.62
555,3527,5.0,3.78
599,5053,1.5,0.0
105,2858,5.0,4.15
586,122900,4.5,3.72
603,1128,1.0,0.0
387,1690,3.0,2.86
322,6874,4.0,3.93
304,288,1.0,3.4
275,3114,4.0,3.96
514,1234,4.5,4.18
104,40815,4.5,3.86
380,2080,3.0,3.58
59,10,3.0,3.47
480,5378,3.0,3.48
414,836,2.0,3.03
188,2346,3.0,3.24
50,2712,3.5,3.42
596,109487,3.5,4.11
599,2628,3.0,3.43
610,135803,3.5,0.0
294,1030,2.0,2.81
198,2236,3.0,2.82
89,131610,5.0,0.0
429,553,3.0,3.9
178,6863,2.0,3.5
560,108932,4.0,4.04
104,4306,4.5,3.98
483,653,4.0,3.26
232,1270,3.0,4.09
408,44191,5.0,3.93
149,316,4.0,3.34
68,8970,4.0,3.64
84,1191,3.0,4.35
32,1061,4.0,3.57
30,95510,5.0,3.06
573,8957,4.5,3.51
478,1917,2.0,2.85
177,317,4.5,3.39
111,183959,4.5,0.0
305,106782,4.0,4.4
608,4725,2.5,0.0
448,111680,1.5,0.0
68,4351,3.0,3.29
194,784,3.0,2.98
296,7156,4.5,4.28
153,1721,2.0,3.49
480,8368,4.5,3.95
307,68954,5.0,4.25
419,1089,5.0,4.26
474,7493,4.0,0.0
372,387,3.0,1.54
448,1275,5.0,4.25
567,96079,3.0,3.83
365,5218,1.0,3.8
381,2013,3.5,2.98
606,2206,4.0,0.0
184,59022,3.0,3.2
167,5103,3.0,3.46
108,3512,3.0,3.76
464,648,3.5,3.55
212,45447,3.5,3.2
103,2687,2.5,3.52
20,6143,4.0,0.0
115,2688,4.0,2.97
4,2395,3.0,3.46
482,8969,3.0,3.04
73,45720,4.0,3.93
288,56145,4.0,2.43
274,6281,4.0,3.25
177,56152,4.0,3.74
386,480,2.0,3.71
204,2710,5.0,3.04
7,33162,3.5,3.31
21,36519,3.5,3.35
135,1230,4.0,4.05
28,7445,2.0,3.92
220,62155,3.5,2.99
160,990,1.0,2.97
287,4993,4.0,4.19
68,173,2.5,2.52
597,2114,5.0,3.37
332,5010,3.0,3.96
296,48394,4.5,3.82
4,1916,1.0,3.24
600,1963,3.5,3.53
474,1573,4.5,3.72
474,28,4.5,4.56
182,589,2.0,4.23
57,2124,3.0,3.57
112,161,1.5,3.74
280,52973,5.0,3.86
381,367,1.0,3.27
307,47099,4.0,3.95
305,73321,2.0,3.95
600,4571,4.0,3.72
603,1124,3.0,3.58
21,53972,3.0,3.66
594,3004,4.5,2.62
28,2686,3.0,4.12
86,74553,3.5,0.0
305,8641,3.0,3.82
599,748,2.5,3.16
73,47518,3.5,2.81
460,80489,4.0,3.83
550,109487,5.0,3.88
113,509,5.0,3.54
222,2403,3.5,3.75
119,117887,4.0,0.0
57,494,4.0,3.45
607,1265,3.0,3.99
590,1258,4.0,4.34
43,329,5.0,3.42
45,2012,3.0,3.65
294,1129,4.0,3.67
45,440,3.0,3.68
562,4720,4.0,3.76
474,5505,4.5,3.28
550,68954,4.5,4.06
318,71282,4.0,3.84
561,1265,4.5,4.16
19,3466,2.0,3.24
448,53453,0.5,0.0
567,49647,2.5,3.71
469,1267,5.0,4.47
298,72226,1.5,4.06
36,25,2.5,3.78
111,5501,3.5,1.03
436,150,4.0,3.8
54,356,4.0,4.18
380,27801,4.0,4.09
448,5490,5.0,0.0
249,49286,4.0,3.04
353,344,5.0,3.01
121,474,3.0,3.89
177,78637,2.5,4.92
610,33679,3.0,3.64
525,87232,3.5,3.99
85,1633,5.0,3.76
84,270,3.0,3.59
452,3623,5.0,2.76
249,108729,4.0,3.5
28,60753,3.0,0.0
160,736,1.0,3.52
561,95875,2.5,3.49
158,7541,2.5,0.0
57,2599,4.0,3.73
372,1242,5.0,4.21
301,34162,2.5,3.59
103,2291,4.5,3.8
434,318,4.0,4.58
448,152085,2.5,0.0
592,160,3.0,2.94
217,788,2.0,2.95
448,97921,4.0,4.24
561,8965,2.0,3.18
68,76751,3.0,0.0
503,2348,4.0,3.64
608,5444,3.5,3.94
474,1171,4.0,3.25
249,3039,4.0,4.02
414,650,3.0,3.19
455,380,3.0,3.54
448,160271,2.5,3.89
184,2579,4.0,3.89
104,5816,4.5,3.66
474,2970,3.0,0.0
372,296,4.0,4.3
68,590,4.0,4.01
483,6442,5.0,0.0
292,112852,4.5,4.42
298,55269,2.5,3.74
489,1036,3.0,3.95
610,4054,2.0,3.28
477,51709,5.0,4.24
304,2571,4.0,4.22
414,3946,3.0,2.98
313,5349,4.0,3.57
367,3948,3.0,3.52
552,2706,3.5,3.36
211,4011,4.5,4.17
414,27611,4.0,4.31
486,588,3.0,3.84
475,91529,4.0,4.14
294,438,3.0,3.64
182,5690,4.5,4.35
219,56775,2.5,2.78
222,355,2.0,2.36
230,2,2.5,3.4
429,281,4.0,3.66
160,4011,4.5,4.22
76,1288,4.0,4.03
215,55451,3.5,0.0
292,3527,3.5,3.77
273,252,3.0,3.67
610,4887,2.5,2.96
368,648,3.0,3.62
153,45720,0.5,3.83
610,94777,3.5,3.87
226,5110,5.0,3.68
266,474,3.0,3.92
601,5989,4.5,4.01
249,4878,4.0,4.17
65,111759,4.0,4.09
199,81,3.0,2.94
604,339,3.0,3.66
140,364,4.0,4.1
414,4228,3.0,2.27
274,59615,3.5,2.83
337,36,4.0,3.91
288,2641,3.0,3.18
356,3178,3.5,3.59
567,142507,2.5,0.0
489,1569,3.5,3.6
421,909,4.0,4.11
380,2455,5.0,3.69
414,5039,4.0,4.34
287,6565,2.5,3.74
590,593,3.5,4.39
610,128838,3.5,0.0
1,1258,3.0,4.23
318,62849,4.0,3.72
418,90374,4.5,0.0
414,3478,2.0,3.06
470,7,3.0,3.13
4,2282,1.0,0.0
187,7976,4.5,0.0
605,56949,4.0,3.21
68,7154,2.5,3.23
517,909,0.5,4.17
111,7346,3.5,3.36
599,4975,3.5,3.65
596,924,4.0,3.88
410,2186,5.0,4.03
372,1220,3.0,3.91
370,1089,2.5,4.25
382,130634,3.5,2.39
387,2746,3.5,3.34
425,2858,3.0,4.08
20,1367,3.0,3.16
177,63853,2.0,2.4
365,100507,4.0,0.0
369,8641,4.0,3.69
274,185,3.0,3.5
601,527,5.0,4.28
603,1263,5.0,4.26
215,4623,3.0,3.72
469,3037,5.0,4.05
489,7099,3.0,4.15
414,4516,2.0,0.0
477,1020,3.5,3.2
284,457,4.0,4.01
160,2387,5.0,3.35
330,736,2.0,3.5
495,3081,2.0,3.57
115,2027,2.0,2.51
562,26357,4.0,0.0
146,6383,1.5,2.73
468,318,3.0,4.51
298,36525,2.5,3.08
369,2174,3.5,3.52
533,8874,3.0,4.02
536,292,1.0,3.39
176,292,3.0,3.4
414,5419,4.0,3.15
249,61248,3.5,3.18
339,92243,4.5,0.0
448,84152,3.0,4.12
274,58559,4.5,4.54
354,6373,3.0,3.28
217,2802,2.0,3.11
101,2600,4.0,3.81
446,350,3.0,3.32
380,405,3.0,2.78
95,2028,5.0,4.15
610,138632,5.0,0.0
414,4349,3.0,3.89
307,1206,3.5,4.18
225,1196,4.0,4.26
453,300,5.0,3.49
111,184015,3.5,0.0
437,357,3.0,3.52
414,2794,3.0,3.04
312,2550,4.0,4.07
232,3996,3.0,4.08
605,31658,3.0,4.28
607,553,4.0,3.93
4,450,2.0,3.11
368,3710,1.0,0.0
599,4446,1.5,3.51
455,435,2.0,2.46
104,10,3.0,3.47
282,260,4.0,4.31
288,2400,3.0,0.0
166,3897,3.5,3.91
597,555,5.0,3.91
332,1729,4.0,3.73
291,58559,5.0,4.21
586,318,5.0,4.54
426,3247,4.5,3.12
606,3148,4.0,3.69
544,1047,5.0,3.22
393,4022,5.0,3.71
298,5377,2.0,3.84
177,2701,2.0,2.56
356,36535,4.0,3.85
448,2918,4.0,4.15
136,349,5.0,3.76
68,2108,3.0,3.66
561,164179,3.5,4.1
24,63113,3.0,3.47
305,55290,2.5,4.07
474,8125,4.0,0.0
339,4306,4.0,3.98
95,2692,4.0,4.01
42,4333,1.0,3.58
555,1562,3.0,2.09
167,356,3.0,4.24
84,1225,4.0,4.35
63,48780,3.5,4.43
410,597,4.0,3.57
177,3022,5.0,4.33
411,524,3.0,3.53
239,5952,5.0,4.16
480,6787,4.5,3.98
19,762,1.0,2.59
354,4878,4.5,4.11
603,1306,1.0,2.98
469,2110,4.0,3.63
534,27251,4.5,0.0
93,2916,5.0,3.62
177,81591,3.5,3.73
474,1873,3.5,4.29
140,1214,4.0,3.99
313,2302,1.0,3.3
274,2571,4.0,4.33
89,84246,4.5,0.0
20,4369,2.0,3.14
326,2858,3.5,4.09
243,181,3.0,2.36
294,3396,4.0,3.78
179,786,4.0,3.21
42,231,4.0,3.1
487,116797,4.5,4.04
217,374,3.0,2.4
304,640,4.0,3.45
387,4429,4.0,0.0
19,1588,2.0,3.2
590,2949,4.0,3.81
20,5299,4.0,3.13
156,915,3.0,4.03
427,296,4.5,4.25
484,34162,4.0,3.68
89,140481,4.5,0.0
380,1291,5.0,4.32
414,8622,4.0,4.34
606,47774,3.0,0.0
557,231,3.5,3.02
610,7439,3.0,3.43
591,2959,2.0,4.25
249,69481,4.5,4.46
575,2566,1.0,0.0
599,5363,1.5,3.09
586,63859,5.0,3.58
387,2949,4.0,3.89
514,2794,2.5,2.57
495,115149,4.5,3.93
365,122922,3.0,3.78
200,3717,4.0,3.48
380,64285,5.0,0.0
608,2542,4.0,4.35
82,10,3.5,3.5
571,1992,2.0,0.0
422,2490,3.0,3.25
517,4963,0.5,4.07
61,1653,4.5,3.98
222,50,3.0,4.32
222,4963,4.0,4.1
534,46530,2.5,3.07
387,1729,3.5,3.69
604,220,3.0,0.0
260,3735,2.0,3.84
274,52885,3.5,4.52
448,6427,4.0,0.0
222,1961,4.0,3.86
447,362,5.0,3.76
474,2336,4.0,4.36
139,6934,2.0,3.22
475,68791,3.5,3.49
307,1342,2.0,2.78
603,899,4.0,4.28
322,2571,4.0,4.19
380,96610,3.0,3.89
51,2151,3.5,3.58
602,533,3.0,3.08
407,2571,5.0,4.17
46,160,4.0,2.9
414,27808,3.5,3.76
570,231,2.5,3.12
68,4084,2.0,2.97
144,364,4.5,3.99
19,223,3.0,3.98
89,26184,2.5,0.0
351,4239,4.0,3.89
411,383,2.0,3.08
68,3510,3.0,3.82
177,102407,3.0,3.54
599,1339,2.5,3.38
391,5135,4.0,4.45
4,919,5.0,3.93
305,118696,3.0,4.1
474,1676,2.0,3.55
525,41566,3.5,3.49
380,109374,4.0,4.07
387,953,2.5,4.27
567,149406,2.0,3.89
307,48142,2.0,3.7
39,1214,5.0,3.92
342,3298,4.0,3.81
599,88697,2.5,0.0
293,4558,2.0,2.39
603,30,4.0,0.0
91,7118,3.5,0.0
414,58998,3.5,4.46
414,346,3.0,3.99
96,1387,4.0,4.11
202,2352,5.0,3.94
62,166635,3.5,0.0
577,3066,4.0,3.64
337,79,4.0,2.95
414,5611,3.5,0.0
380,8372,2.0,0.0
105,6586,3.5,3.34
608,8368,4.0,3.93
565,457,4.0,3.98
89,8238,5.0,0.0
464,7481,4.5,3.92
322,2918,3.0,3.91
248,8961,5.0,3.78
414,5630,3.0,3.79
600,2470,3.0,3.37
517,8965,5.0,3.08
346,5679,4.0,3.35
414,8636,4.5,4.05
462,3168,4.5,3.93
232,6373,3.0,3.47
449,2959,4.5,4.26
7,588,3.0,3.86
427,5420,1.5,2.83
42,1784,5.0,3.81
177,1307,3.5,4.05
274,2953,3.0,2.97
328,3034,2.5,3.55
610,72226,4.0,4.08
166,1265,4.0,4.02
274,5219,4.0,3.53
573,3752,4.0,3.24
66,47,5.0,4.09
480,5810,2.5,3.41
482,1101,4.5,3.11
408,82461,4.0,3.1
522,1375,3.5,3.25
414,2600,4.0,3.89
182,1726,3.5,3.52
587,2779,4.0,3.07
541,474,4.0,3.92
498,62,5.0,3.7
226,60,2.5,3.48
192,590,4.0,3.82
610,4963,4.0,4.37
590,3979,1.0,2.85
226,8641,4.0,3.76
563,44225,3.0,0.0
483,3155,2.5,3.91
380,2701,4.0,2.69
167,8604,3.0,4.26
239,55820,5.0,3.93
292,1291,4.5,4.19
27,1015,4.0,3.06
64,435,3.5,2.59
510,1242,3.5,4.18
534,500,4.5,3.47
603,4011,4.0,4.29
599,43904,1.0,0.94
97,3793,5.0,3.68
4,3175,1.0,3.68
448,89087,2.0,2.25
434,5502,2.5,3.17
280,1020,4.5,3.14
563,597,4.0,3.62
57,1552,1.0,3.22
517,3549,3.0,4.16
603,4725,4.0,0.0
610,52950,3.0,0.0
341,136020,4.5,2.94
6,62,4.0,3.75
368,3841,3.0,0.0
608,3252,4.0,3.66
560,59026,4.0,0.0
149,2038,1.0,0.0
411,111,4.0,4.18
215,3252,4.0,3.56
339,2502,4.5,4.14
232,4247,3.0,2.49
454,48774,4.0,4.11
226,3052,4.5,3.71
72,1210,4.5,4.21
292,45672,2.0,3.0
366,1089,5.0,4.23
8,597,3.0,3.56
380,2366,5.0,3.72
68,5219,4.0,3.5
483,101612,4.0,2.63
307,5092,1.5,3.36
4,2683,4.0,3.14
33,589,4.0,4.03
308,1089,1.0,4.23
368,3176,3.0,3.35
579,596,3.0,3.4
517,6539,2.5,3.94
503,1089,4.5,4.25
600,2013,3.5,2.99
503,4878,2.5,4.09
212,64034,3.0,4.24
521,852,3.0,3.16
600,1405,2.0,2.79
280,500,3.5,3.5
438,3555,4.0,3.44
68,1515,3.0,2.22
606,4289,4.0,0.0
249,64716,4.0,4.52
279,89745,3.0,3.85
18,142488,4.5,4.64
267,3986,4.0,2.27
474,25886,4.5,0.0
608,1882,1.5,2.32
282,4447,3.0,3.22
17,590,4.5,3.82
428,7451,3.0,3.63
14,47,5.0,3.97
477,2478,3.5,3.15
19,2133,3.0,3.44
177,1035,2.5,4.19
551,3147,4.0,4.24
414,1991,2.0,3.43
605,150,5.0,3.78
520,1625,4.0,3.7
495,1682,4.5,4.02
89,106594,4.5,0.0
425,2054,2.5,2.93
318,71867,3.0,0.0
596,1221,3.0,4.33
172,3578,4.0,3.93
282,1307,4.0,3.98
577,3072,3.0,3.33
104,52287,4.0,3.57
599,5291,4.0,3.9
57,745,4.0,4.25
64,8464,4.0,3.64
484,2718,4.0,3.13
448,4361,3.0,3.56
517,8972,1.0,3.47
464,597,4.5,3.58
448,45431,3.0,3.85
569,344,4.0,2.99
606,7255,2.5,3.01
292,69844,4.0,3.97
208,2058,4.0,3.29
60,6016,4.0,4.11
480,3317,4.0,4.03
200,590,3.5,3.89
566,7,4.0,3.12
385,1283,4.0,4.26
160,3623,2.0,2.77
466,30793,1.5,3.01
274,33004,2.5,3.52
603,2117,3.0,3.96
14,524,3.0,3.49
298,6377,2.5,4.18
91,1485,2.5,3.2
45,587,2.0,3.46
610,7150,3.0,2.77
484,69122,4.0,3.75
139,54286,2.5,3.64
140,6281,3.0,3.05
166,47,4.0,4.05
387,8957,3.5,3.53
562,7360,3.5,4.09
495,7458,4.0,3.54
79,3984,4.0,3.3
608,2805,3.5,3.03
444,231,1.0,3.03
438,7315,2.0,0.0
135,2124,4.0,3.54
156,3089,4.0,3.97
486,165,3.0,3.67
40,165,4.0,3.67
232,4367,3.5,3.1
17,68157,4.0,4.16
369,6934,3.5,3.2
325,2321,4.0,3.49
608,7773,4.0,0.0
452,3552,5.0,3.8
86,4993,4.0,4.19
555,1135,3.0,3.19
318,4308,3.5,3.64
599,1208,5.0,4.5
184,122918,4.5,3.92
474,4709,2.5,0.0
425,2105,3.0,3.43
474,26084,3.5,4.81
438,719,3.0,3.16
284,440,4.0,3.62
462,27563,4.5,4.11
466,68358,4.0,4.01
171,290,5.0,3.87
541,590,5.0,3.82
16,2762,3.5,3.96
301,45722,3.5,3.57
91,1394,2.0,4.31
608,1393,3.0,3.59
514,136958,2.0,0.0
104,31,4.0,3.37
480,1407,3.0,3.27
63,555,2.5,3.9
334,339,3.5,3.62
43,432,4.0,2.66
434,316,3.5,3.39
268,2762,4.0,3.92
469,1198,4.0,4.3
599,2296,1.0,2.57
282,1193,5.0,4.25
560,4383,4.0,3.41
465,1625,4.0,3.66
452,3147,5.0,4.29
495,1732,5.0,3.93
61,7438,4.0,3.96
387,6942,3.0,3.81
122,114662,3.5,3.89
19,3355,2.0,3.04
597,2504,3.0,3.61
441,3254,5.0,3.49
596,32799,3.5,0.0
608,2986,1.5,2.99
287,6951,0.5,2.3
22,55820,4.0,3.91
562,53519,3.0,3.53
474,48394,3.5,3.98
610,136864,3.5,2.62
448,73266,3.0,0.0
105,61323,3.0,3.72
414,1779,1.0,3.42
202,1500,5.0,3.76
98,4720,5.0,3.7
477,2028,4.0,4.22
84,195,4.0,2.84
357,474,4.0,3.95
103,99114,4.5,4.08
580,44974,3.0,3.09
414,1320,3.0,3.48
34,377,4.5,3.57
99,281,5.0,3.64
517,60069,2.5,4.1
326,80906,5.0,4.14
561,64614,3.0,4.18
288,48696,4.0,4.57
267,4033,4.0,3.99
561,160438,2.0,2.85
381,27808,3.5,3.48
307,833,1.0,2.97
593,2706,2.5,3.35
555,1974,3.0,3.23
275,1333,4.0,3.8
425,1608,3.0,3.45
599,141,3.0,3.61
91,1682,4.0,4.05
80,4848,4.0,3.92
298,122882,3.0,3.9
419,3354,2.0,2.87
138,898,5.0,4.32
220,1198,5.0,4.31
307,6593,2.0,3.13
182,6041,4.0,0.0
483,1688,2.5,3.28
401,112852,3.5,4.3
104,608,4.0,4.19
522,1580,4.0,3.58
160,1199,5.0,4.2
419,4326,3.5,3.66
489,57640,4.5,3.89
249,2105,3.0,3.34
186,2021,4.0,3.26
357,277,4.0,3.49
301,736,1.0,3.46
199,527,5.0,4.32
288,4898,2.5,0.0
135,2916,4.0,3.7
144,10,3.0,3.47
573,5064,4.0,3.95
78,296,4.0,4.24
140,3108,3.0,3.95
80,6952,5.0,2.81
177,96588,5.0,3.66
489,4963,3.5,4.15
560,2541,4.0,3.3
125,60950,5.0,2.76
610,135815,4.0,0.0
483,3527,2.5,3.82
307,4228,0.5,1.88
446,551,3.0,3.58
318,1210,4.0,4.32
422,1617,4.0,4.1
113,4085,3.0,3.35
512,110,5.0,4.07
119,5952,4.5,4.13
579,1680,5.0,3.42
202,1587,5.0,3.47
438,6686,3.0,2.58
33,1704,5.0,4.13
599,26492,3.0,0.0
446,380,2.0,3.57
351,60857,3.0,0.0
239,44199,4.5,3.89
344,5299,1.0,3.09
380,187595,4.0,4.58
570,1704,3.5,4.16
298,86345,4.0,4.68
474,3361,3.0,4.04
483,3033,4.0,3.53
606,1209,4.5,4.06
418,4226,3.5,4.13
597,1234,5.0,4.22
221,1914,4.0,3.22
367,3398,5.0,3.4
95,4973,5.0,4.28
523,26903,4.5,3.81
199,2762,4.0,3.99
599,6305,2.5,4.02
68,355,3.0,2.46
437,454,2.0,3.62
580,8798,4.0,3.65
283,1120,3.0,3.61
219,50794,2.0,3.11
573,71535,4.5,3.93
495,8984,4.5,3.25
182,6217,4.5,0.0
432,2018,3.5,3.27
380,179401,4.0,3.22
233,109374,3.0,3.82
177,87430,2.5,2.36
184,175475,0.5,0.0
361,1587,1.0,3.39
220,2683,3.5,3.15
594,786,5.0,3.25
575,2572,2.0,3.58
21,165,3.5,3.76
359,1381,1.0,1.99
590,4896,3.5,3.82
235,153,3.0,2.99
474,27834,4.0,0.0
256,45668,3.5,3.08
68,69644,3.0,2.7
182,2872,3.5,3.96
211,3578,5.0,3.97
363,168252,4.0,4.5
610,47,5.0,4.29
294,1884,5.0,3.89
294,2950,2.0,2.48
274,6188,3.0,3.77
525,2100,4.0,3.1
129,3421,4.0,3.92
414,6974,4.0,3.32
177,1302,3.0,3.9
68,66097,3.0,4.13
64,2762,4.5,4.07
453,2580,5.0,4.11
603,3556,5.0,3.97
369,1101,2.5,3.11
19,2414,3.0,3.19
484,1089,4.0,4.27
500,2706,4.0,3.34
456,74,4.0,3.67
135,4396,3.0,3.02
567,4437,1.5,4.64
414,5267,4.0,3.51
178,2571,4.5,4.19
610,1054,2.0,0.0
599,1347,2.5,3.16
605,66240,3.5,0.0
37,349,4.0,3.69
376,587,4.0,3.36
261,2002,3.0,2.76
548,4776,5.0,3.76
232,53519,3.5,3.84
603,1964,4.0,4.63
332,4963,3.5,4.07
610,5296,2.5,3.13
477,4085,3.5,3.43
474,6768,4.0,0.0
580,36529,3.5,3.96
382,34048,4.5,3.41
249,3536,3.5,3.25
307,2296,1.5,2.53
199,1693,4.0,3.39
606,31973,3.5,0.0
476,468,3.0,3.33
23,5333,4.0,0.0
231,1270,4.0,4.0
221,7698,4.0,3.72
68,55282,4.0,3.23
420,3534,3.0,3.24
156,4232,3.0,3.11
477,60037,3.5,0.0
294,1285,3.0,3.99
339,108928,3.0,2.22
391,3355,2.0,3.04
477,3897,4.0,3.95
517,2012,4.5,3.55
66,2918,4.0,3.99
448,33794,3.5,4.2
438,3889,3.0,2.05
182,1396,2.5,3.36
550,59315,5.0,3.85
4,1580,3.0,3.54
368,3438,2.0,2.88
232,2804,3.5,4.07
42,418,3.0,0.0
136,255,1.0,3.71
477,364,4.0,4.1
608,4452,3.0,2.33
111,158813,2.5,2.0
351,5989,4.0,4.03
527,3359,4.0,4.22
153,106916,0.5,3.24
225,1994,4.0,3.41
226,3843,2.5,2.94
104,3746,3.0,0.0
66,1284,5.0,3.78
586,2393,4.0,2.77
243,48,4.0,3.15
428,648,2.5,3.56
414,69526,2.5,2.57
448,61352,3.5,3.72
221,2300,4.5,4.01
599,91653,2.5,0.0
18,4643,3.0,2.81
599,329,4.0,3.42
30,110,5.0,4.07
354,1393,3.5,3.54
365,71535,3.5,3.9
179,225,5.0,3.56
111,151739,4.0,2.37
414,4175,4.0,0.0
414,4774,3.0,1.94
212,69122,3.0,3.81
179,19,3.0,2.86
105,111,4.5,4.39
527,1350,4.0,3.74
599,1226,3.0,3.83
567,112175,2.5,4.45
331,1136,4.5,4.28
198,1625,2.0,3.71
305,6874,5.0,3.97
382,116887,3.5,0.0
28,6365,3.5,3.35
352,96610,3.5,3.7
182,6551,4.0,0.0
606,7934,4.0,3.93
377,2683,4.0,3.11
448,90746,3.5,3.91
525,8264,3.5,0.0
561,6378,2.0,3.87
50,140928,2.5,3.53
19,2936,4.0,3.66
68,4388,2.0,2.87
414,6560,2.0,0.0
387,5497,3.5,3.81
380,32011,3.0,2.4
606,7720,4.0,2.18
156,7008,5.0,4.4
247,91500,4.0,3.36
148,72998,4.0,3.68
414,3868,3.0,3.62
181,360,3.0,2.5
350,637,3.0,3.35
262,233,3.0,3.77
18,374,2.5,2.39
274,37733,4.0,4.14
435,68954,4.0,4.05
254,33154,4.0,3.91
580,2346,3.0,3.3
274,4270,3.5,3.23
448,87232,4.0,4.2
177,6958,2.5,2.32
512,32,5.0,3.96
249,86835,3.5,0.0
448,96530,2.5,0.0
584,236,4.0,3.49
91,1198,5.0,4.36
448,3841,3.0,0.0
326,27866,3.5,0.0
103,1921,4.5,4.1
599,1827,3.5,0.0
329,750,3.0,4.29
509,43836,3.5,3.21
297,1597,2.0,3.08
168,7256,5.0,3.8
369,150,3.0,3.76
41,7173,5.0,3.22
119,74458,4.0,4.31
414,5618,5.0,4.53
7,3623,1.0,2.75
64,2710,3.5,3.16
534,110553,3.0,2.64
474,2697,3.5,0.0
30,1196,5.0,4.26
541,610,3.0,3.55
488,7720,3.0,2.02
220,2294,2.5,3.28
593,1711,3.0,3.16
590,954,5.0,4.27
588,165,4.0,3.64
451,376,3.0,3.21
187,608,4.5,4.21
288,1713,3.0,3.58
560,112556,4.0,3.84
84,647,4.0,3.53
599,63082,3.5,4.28
294,2406,2.0,3.57
249,34162,4.0,3.81
412,1278,5.0,3.97
414,43396,3.0,0.0
266,1866,2.0,3.27
525,2161,3.5,3.7
182,4919,3.5,0.0
111,122918,4.0,3.95
191,223,5.0,3.94
101,3285,4.0,3.13
534,48,4.0,3.16
174,62,1.0,3.73
474,7698,3.5,3.38
236,1997,5.0,4.17
186,2529,5.0,3.84
599,3785,2.5,3.23
590,4701,2.5,3.42
184,74754,5.0,3.1
474,3102,3.5,3.91
191,581,5.0,3.57
590,2951,4.0,4.23
11,1840,4.0,2.54
24,49272,3.5,4.06
304,1385,5.0,3.12
480,4901,3.0,3.62
331,91529,4.0,4.17
117,19,2.0,2.86
606,27408,4.0,0.0
590,5218,4.0,3.83
509,5478,2.0,3.33
318,61394,4.0,0.0
590,969,4.5,4.13
381,1721,3.5,3.58
235,21,4.0,3.46
610,3948,4.0,3.83
64,858,5.0,4.41
608,7439,5.0,3.38
561,2410,3.5,2.88
235,648,3.0,3.55
599,3354,1.5,2.79
319,58559,5.0,4.21
50,48780,2.5,4.36
600,1271,4.0,3.45
4,162,5.0,4.0
610,4226,5.0,4.51
480,48142,4.0,3.74
555,3251,4.0,3.51
599,2505,1.5,3.55
414,733,3.0,4.17
238,3508,4.0,4.18
448,2542,4.0,4.36
318,72226,4.5,4.14
290,3741,4.0,4.09
414,3424,4.0,4.46
21,106487,4.0,3.56
426,8361,3.0,3.17
509,2291,3.5,3.8
603,2866,4.0,3.23
163,1608,4.0,3.35
380,5804,3.0,0.0
387,2542,3.0,4.34
153,100843,3.5,0.0
294,19,2.0,2.88
514,3740,4.0,3.82
434,4226,5.0,4.2
132,8961,3.0,3.87
368,3927,2.0,2.45
438,5414,3.5,3.12
45,1246,5.0,4.25
610,4720,4.0,4.09
509,84847,4.5,0.0
292,380,4.0,3.65
29,3681,4.0,4.05
275,3418,5.0,3.64
19,2407,2.0,3.24
234,3877,2.0,2.76
514,4439,3.5,0.0
427,5010,4.0,3.91
20,1021,2.0,2.66
350,719,3.0,2.96
298,3702,2.0,3.89
42,3100,5.0,4.02
610,2161,4.0,3.78
458,588,4.0,3.84
414,1833,2.0,3.66
21,78469,3.5,3.03
448,105121,1.0,0.0
318,1246,3.5,4.2
221,2908,4.5,3.47
606,2283,3.0,0.0
387,4546,4.0,4.07
240,253,5.0,3.47
346,307,3.5,3.83
91,5582,2.5,2.8
393,8665,5.0,3.94
570,1225,3.0,4.34
474,1198,4.0,4.47
573,48516,5.0,4.43
454,1208,3.0,4.19
410,593,3.0,4.17
596,7361,3.5,4.37
62,8961,4.5,3.99
514,1407,3.0,3.21
596,57669,5.0,4.23
160,1962,1.0,3.8
543,2959,5.0,4.26
91,4624,3.0,0.0
579,2724,4.0,2.65
111,161580,4.5,0.0
270,112,3.0,3.58
19,2953,3.0,2.76
484,2572,4.0,3.69
179,780,5.0,3.48
42,3,4.0,3.39
480,4022,4.5,3.84
135,1358,5.0,4.2
448,2797,4.0,4.03
381,4816,2.0,3.57
402,474,3.0,3.9
328,4878,1.0,4.11
68,160,2.5,3.03
490,64969,3.0,3.82
123,51540,4.0,3.8
28,6537,4.0,2.91
599,98124,3.5,4.63
512,350,3.0,3.32
599,368,2.5,3.83
262,339,2.0,3.6
184,112290,4.5,3.95
390,6344,3.5,0.0
414,104,4.0,3.89
414,42602,3.5,0.0
525,108932,3.5,4.04
286,6,4.5,3.92
597,1959,4.0,3.57
599,2395,5.0,3.65
352,106002,4.5,3.48
438,4085,4.0,3.46
10,912,4.0,4.35
599,90057,3.0,0.0
580,3070,2.0,3.33
135,1732,4.0,3.96
462,161127,3.5,0.0
184,89745,4.5,3.83
428,2539,2.0,3.15
373,266,4.0,3.33
80,4878,5.0,4.11
307,4571,3.0,3.81
125,58559,4.0,4.33
474,306,3.5,4.37
555,4007,3.0,3.98
184,106920,4.5,3.78
480,7448,2.5,0.0
232,65802,2.5,2.75
495,54503,5.0,4.11
45,3114,5.0,4.03
414,4571,4.0,4.31
42,1644,2.0,2.26
388,6550,3.5,2.92
509,3821,1.5,2.43
599,5568,2.5,3.33
318,6365,3.5,3.47
322,1056,2.5,0.0
339,48516,4.5,4.45
514,1717,2.5,3.04
74,46578,5.0,3.89
119,35836,4.0,3.56
248,10,3.5,3.44
68,2002,3.0,2.84
63,3285,2.0,3.17
414,3508,5.0,4.23
279,103341,2.0,3.82
166,457,3.5,4.04
239,2167,4.0,3.52
52,1196,4.0,4.29
306,134853,4.0,3.96
414,3066,4.0,3.66
446,235,3.0,3.72
57,2100,3.0,3.07
414,85414,4.0,3.69
437,640,2.0,3.38
606,382,2.5,3.59
522,3911,2.5,3.77
137,1260,3.0,3.37
42,2722,3.0,2.53
414,2271,3.0,0.0
414,5222,4.0,0.0
80,40583,4.0,3.73
19,1179,2.0,3.71
448,53322,3.0,4.07
594,1457,4.5,2.91
603,593,5.0,4.31
45,4638,3.0,3.04
249,185029,4.5,1.94
610,152081,4.0,4.58
7,1208,4.0,4.2
287,6711,5.0,4.13
119,49272,5.0,4.07
108,5445,5.0,3.73
318,442,4.0,3.18
311,1208,2.5,4.18
212,1210,3.5,4.26
290,647,4.0,3.51
376,913,4.0,4.21
517,4368,2.0,2.38
164,3527,5.0,3.7
104,539,4.0,3.66
115,3753,4.0,3.5
517,745,2.5,4.2
380,103228,4.0,4.29
249,91529,4.0,4.59
555,2791,2.0,4.02
325,904,5.0,4.35
305,71530,2.5,3.54
283,1704,5.0,4.05
274,76293,3.0,3.3
419,4816,4.0,3.48
202,574,3.0,0.0
380,60514,3.0,2.79
603,1247,5.0,4.06
119,4886,4.5,4.01
462,55820,3.0,3.95
4,937,3.0,0.0
474,3039,4.0,4.18
50,82848,3.5,0.0
583,1380,3.0,3.29
480,43871,3.0,2.83
298,592,3.5,3.6
135,3869,3.0,3.32
232,1387,3.5,4.15
412,1079,3.0,3.95
474,8979,4.0,0.0
140,5989,4.0,4.18
572,2671,4.0,3.35
594,2028,4.0,4.14
86,2411,3.5,2.65
448,376,3.0,3.52
339,53953,5.0,3.05
298,93443,2.0,0.0
489,2054,1.5,2.97
115,2694,2.0,3.23
240,366,4.0,3.19
608,53996,5.0,3.37
307,1330,1.0,1.26
488,3052,3.0,3.65
593,1073,2.5,3.93
305,648,4.0,3.62
608,3798,3.0,3.36
414,176423,4.0,0.0
200,2797,4.0,3.81
282,5299,4.0,3.14
63,2542,4.5,4.2
563,69606,3.5,2.11
317,56782,2.0,4.42
381,45517,4.0,3.34
562,2231,4.5,3.79
91,3768,1.5,0.0
387,26776,3.5,4.04
275,2797,5.0,3.9
68,2599,1.5,3.99
68,520,4.0,3.36
391,1748,5.0,3.71
368,1370,3.0,3.62
105,45722,4.0,3.63
587,913,3.0,4.18
415,33679,3.5,3.29
282,2571,5.0,4.25
387,56782,4.0,4.44
414,574,4.0,0.0
510,1466,2.0,3.77
215,912,4.5,4.36
82,3623,2.5,2.77
76,745,1.0,4.16
82,589,4.5,4.1
479,4092,2.0,0.0
105,215,4.0,3.84
104,53121,3.5,3.41
418,4848,3.0,3.9
474,3809,3.0,3.37
274,671,3.5,3.8
438,4890,2.5,3.08
573,588,4.5,3.97
73,59315,4.0,3.9
122,122882,5.0,3.86
36,548,3.0,3.33
182,5283,3.0,2.91
380,2412,3.0,1.87
385,1297,4.0,3.83
280,35836,3.5,3.56
298,48385,3.0,3.43
592,593,5.0,4.18
520,5378,2.0,3.35
166,1214,4.0,3.95
479,5316,3.0,3.26
288,2294,3.5,3.38
73,69122,3.0,3.8
377,80748,4.0,0.0
404,21,3.0,3.46
410,2065,5.0,3.8
89,3481,3.5,3.66
606,2442,4.0,0.0
28,41566,2.5,3.45
24,316,3.5,3.34
560,68237,4.0,4.12
489,60074,3.0,3.05
414,2730,4.0,4.07
391,29,5.0,4.12
438,6565,3.5,3.89
536,253,1.0,3.45
417,4306,5.0,3.94
420,1580,3.5,3.56
448,109317,2.5,0.0
428,4446,3.5,3.5
301,44191,2.5,3.9
420,2683,4.5,3.16
45,292,4.0,3.48
414,79695,2.0,3.41
586,2058,4.0,3.38
480,1391,2.0,3.28
489,2336,4.0,4.12
593,7153,4.5,4.14
594,317,4.0,3.28
275,3751,3.0,3.67
162,292,4.0,3.38
477,5902,4.0,3.98
78,6537,1.0,2.84
199,345,3.0,3.76
331,50,5.0,4.31
144,4993,4.5,4.21
64,8622,4.0,3.82
382,50003,3.0,0.0
503,2959,3.5,4.27
358,70687,1.0,0.0
594,2807,5.0,1.87
580,4310,3.5,2.54
45,333,4.0,3.9
187,97,3.0,4.3
177,52281,2.5,3.66
416,4306,0.5,3.9
604,186,3.0,3.19
160,924,5.0,3.93
477,5956,4.0,3.73
570,2640,3.0,3.77
111,42725,3.0,2.49
240,216,5.0,3.4
488,6807,4.5,4.1
66,3911,4.0,3.84
220,1580,5.0,3.62
131,778,4.0,4.05
596,125974,4.0,0.0
50,44555,3.5,4.19
298,85401,2.5,3.27
328,1375,3.5,3.27
61,6502,4.0,4.01
237,44195,4.0,4.09
590,2406,3.5,3.63
249,58293,3.0,2.55
339,111759,3.5,4.24
606,39231,3.5,0.0
318,44761,3.5,3.79
332,1204,4.5,4.32
274,45517,3.5,3.33
608,333,4.0,3.93
599,2060,2.5,3.47
254,4886,4.0,3.98
64,1690,3.0,2.87
445,1244,3.5,4.04
577,541,3.0,4.14
462,7786,3.5,0.0
68,2355,3.0,3.87
281,783,2.5,3.39
171,1104,5.0,4.52
200,6541,2.5,2.85
368,2561,2.0,0.0
560,64969,2.5,3.92
457,2628,3.0,3.21
274,1298,3.5,4.02
212,72226,4.5,4.19
132,1206,3.5,4.16
232,6951,3.0,2.65
448,87869,3.0,3.95
526,3967,5.0,3.75
276,356,5.0,4.18
310,6503,0.5,2.43
24,3578,4.0,3.97
380,1333,4.0,3.99
474,3755,2.5,3.06
140,3093,3.5,0.0
212,8957,2.5,3.46
425,3994,3.0,3.63
590,3785,1.5,3.04
469,2081,4.0,3.48
110,1193,4.0,4.17
596,82459,3.0,4.06
153,6863,2.0,3.5
603,605,3.0,3.42
218,5952,4.0,4.01
132,5377,3.5,3.81
182,6969,4.5,0.0
599,4175,2.5,0.0
51,2033,4.5,3.38
610,7163,1.5,3.4
74,50068,3.5,3.82
326,86504,5.0,3.82
603,2991,3.0,3.89
58,555,3.0,3.81
534,1097,4.0,3.85
91,5308,1.5,2.78
368,548,2.0,3.43
567,5378,0.5,3.33
122,81537,4.5,2.63
66,7361,4.5,4.37
202,3062,4.0,4.2
599,1480,2.5,3.53
89,144222,3.0,0.0
605,661,1.0,3.47
45,589,5.0,4.15
387,902,2.5,4.07
592,318,4.0,4.52
420,1175,4.0,3.94
600,32291,3.5,0.0
169,4306,5.0,3.99
557,4896,4.5,3.75
525,56152,3.5,3.68
428,5128,2.5,2.27
219,858,4.5,4.4
19,2640,3.0,3.82
603,1320,4.0,3.26
469,3421,3.0,3.97
140,597,5.0,3.67
294,673,4.0,3.03
125,160080,3.5,3.09
253,4642,4.5,3.75
599,6003,3.0,3.64
332,3671,3.0,3.96
599,7701,2.0,0.0
284,256,3.0,2.83
74,3307,5.0,3.82
408,114795,4.0,0.0
202,1290,3.0,3.68
393,2571,5.0,4.21
599,64285,2.5,0.0
202,1227,3.0,4.16
438,3354,3.5,2.89
599,1722,2.5,3.24
483,109941,3.0,0.0
6,593,4.0,4.23
526,4973,4.5,4.25
608,4019,3.5,3.77
318,73266,4.5,0.0
103,5618,4.0,4.28
469,1370,2.0,3.6
22,31410,1.0,4.24
474,5418,3.5,4.03
393,778,0.5,4.06
28,714,3.5,3.93
380,3633,4.0,3.47
288,3361,3.5,4.03
19,1888,2.0,0.0
489,150,3.5,3.84
511,1653,4.0,3.99
28,1645,2.5,3.39
483,49272,3.0,4.24
331,6754,3.0,3.58
226,4015,1.0,3.06
590,2762,3.5,4.06
106,59501,3.5,3.52
21,119141,0.5,3.7
182,4275,2.0,0.0
503,481,4.0,3.06
219,1556,1.0,1.75
216,3067,3.0,4.14
4,492,5.0,4.05
21,3253,4.0,3.45
359,1704,4.5,4.07
116,780,2.5,3.47
274,6874,5.0,3.86
86,1680,4.5,3.42
592,177,1.0,3.05
608,4034,4.5,4.2
249,4007,4.5,3.97
474,1225,4.5,4.53
125,78349,3.5,4.05
453,4233,3.0,1.03
287,1639,2.0,3.7
448,94780,2.0,3.55
448,6348,2.0,0.0
331,7373,2.0,3.59
434,2028,5.0,4.2
41,128360,4.0,3.96
47,49530,3.0,3.82
6,1042,3.0,3.46
249,32029,3.5,3.19
560,1199,4.0,4.25
458,110,5.0,4.08
606,5530,3.5,1.6
309,902,4.0,3.91
541,364,3.0,3.95
68,54286,4.0,3.96
448,105755,1.5,0.0
38,329,3.0,3.39
409,3836,5.0,4.1
352,55820,3.0,3.95
279,69640,3.0,2.86
217,809,2.0,2.67
83,8873,2.5,3.78
89,83910,2.5,0.0
26,593,4.0,4.17
541,589,3.0,4.02
279,1370,3.0,3.59
41,380,0.5,3.56
149,1240,4.0,3.91
600,282,2.5,3.57
606,920,4.0,3.69
274,3511,4.0,0.0
448,2139,3.0,3.63
191,339,1.0,3.62
597,903,3.0,4.04
354,39414,3.0,1.98
115,1580,4.0,3.58
438,5401,3.5,1.76
607,150,5.0,3.83
219,5418,4.5,3.89
554,2746,4.0,3.2
100,1091,4.5,2.51
537,6539,5.0,3.87
139,66934,3.5,3.89
380,112911,2.0,2.69
448,2291,3.0,3.91
401,4886,3.5,3.94
91,2268,3.0,3.9
452,1527,4.0,3.84
51,781,4.0,3.52
274,858,3.5,4.42
328,72641,1.5,3.58
610,589,5.0,4.32
480,45440,3.0,3.13
280,585,2.5,2.91
80,51935,4.5,4.1
590,2202,4.0,4.76
352,1702,2.0,3.18
84,381,4.0,3.89
523,106782,5.0,4.02
483,2003,3.0,3.42
18,51662,3.5,3.76
93,2359,4.0,3.51
231,1704,2.0,4.04
115,3752,4.0,3.19
370,2116,1.5,3.36
599,233,3.0,3.9
546,2529,3.0,3.8
600,1614,3.0,3.03
387,6793,1.0,2.13
477,673,0.5,3.18
298,7373,4.0,3.68
141,81834,3.5,4.14
599,1080,4.5,4.17
325,4927,3.0,0.0
33,838,5.0,3.63
202,1378,3.0,3.08
365,96964,1.5,0.0
570,1527,4.0,3.79
334,7147,4.0,3.85
215,2478,2.5,3.12
182,3897,4.0,3.96
135,1379,4.0,2.69
24,119145,4.0,3.95
168,3543,4.5,3.65
140,852,4.0,3.16
182,1095,4.0,3.68
414,7348,3.5,0.0
104,1833,2.5,3.04
232,70286,3.5,4.15
274,2335,3.0,2.87
465,1240,4.0,3.94
553,5015,3.5,3.41
509,74789,2.5,3.21
68,3421,3.0,3.97
337,707,3.0,3.0
292,608,2.0,4.2
232,8798,4.5,3.71
202,3269,4.0,2.87
603,3365,5.0,0.0
325,1387,5.0,4.12
140,1396,3.0,3.42
274,51091,4.0,0.0
239,48516,4.5,4.38
240,374,3.0,2.45
605,5481,3.0,2.84
414,2139,4.0,3.78
495,6383,3.0,2.78
292,3893,2.0,3.37
199,47,3.0,4.06
19,1968,2.0,3.91
51,2137,3.0,4.04
356,3831,4.5,3.82
596,99149,3.5,3.87
448,94959,3.5,4.4
506,109487,5.0,3.86
381,53125,4.0,3.76
541,442,3.0,3.05
266,2791,1.0,3.87
89,4979,1.5,3.67
365,91323,3.5,2.88
62,41566,4.0,3.48
91,231,3.0,3.15
606,4381,3.5,3.22
23,272,4.0,3.48
274,60941,3.0,3.03
45,2396,4.0,3.9
135,1220,4.0,3.92
84,321,4.0,0.0
249,85056,3.5,3.31
357,357,4.0,3.58
555,2335,4.0,2.95
425,1968,3.5,3.89
451,733,3.0,3.76
573,30749,3.5,4.08
474,2671,3.5,3.71
474,5279,3.5,0.0
391,5349,3.0,3.57
387,7115,2.5,3.55
603,2572,3.0,3.68
436,597,3.0,3.61
455,590,4.0,3.83
89,104339,3.5,0.0
474,2611,3.0,0.0
460,3578,5.0,3.96
600,2804,3.0,4.15
177,922,5.0,4.5
387,1193,4.0,4.43
232,1073,4.0,4.0
567,74791,3.5,0.0
34,1580,2.5,3.58
603,2706,2.0,3.42
414,529,4.0,4.02
101,2599,5.0,3.74
177,66097,4.0,4.01
201,1562,2.0,2.04
172,1270,4.0,4.0
140,2764,4.0,4.34
567,1210,1.5,4.21
599,27397,3.0,0.0
138,2002,3.0,2.75
1,3703,5.0,3.92
339,69844,2.5,3.93
570,1206,3.5,4.16
365,116797,3.0,4.14
556,54001,4.0,3.87
288,2321,2.0,3.59
380,45186,5.0,3.95
28,1201,4.0,4.33
391,2628,1.0,3.25
608,6796,3.5,3.94
47,8533,3.5,3.61
457,2692,4.0,3.99
274,2459,3.5,3.3
365,108156,3.0,2.84
489,4027,2.5,3.86
217,1254,3.0,3.97
485,380,5.0,3.54
599,2501,2.5,4.15
474,8019,4.0,0.0
570,1917,3.0,2.91
453,2359,4.0,3.53
414,1459,3.0,3.69
113,2067,5.0,4.08
153,87194,3.5,0.0
183,377,5.0,3.57
474,1960,4.0,3.9
480,1275,3.0,4.15
517,491,1.0,3.51
474,4016,3.0,3.82
290,36,4.0,3.88
249,6863,3.0,3.65
186,1198,5.0,4.29
292,440,3.5,3.67
571,1977,3.0,2.69
601,122918,4.0,3.85
217,10,4.0,3.62
517,3606,3.0,0.0
307,4876,2.0,2.34
210,435,1.5,2.44
323,112852,4.0,4.26
149,1375,2.0,3.24
122,4027,5.0,3.83
610,39446,2.5,3.39
599,173873,2.0,0.0
552,3409,0.5,2.86
599,5266,2.5,3.3
200,3948,4.5,3.62
91,2871,4.0,3.86
125,7254,5.0,3.6
342,3203,3.0,2.87
483,92259,4.5,4.52
428,494,2.0,3.42
357,1073,3.5,4.01
167,34405,5.0,4.08
305,1210,5.0,4.39
103,80463,4.0,3.79
438,1513,1.5,3.35
582,96079,4.5,3.83
590,7569,3.0,4.03
600,2800,2.5,0.0
232,7379,3.5,3.63
299,1994,4.0,3.4
381,4720,4.5,3.83
448,33830,2.0,3.7
490,4896,3.0,3.75
68,6934,3.5,3.43
305,122904,5.0,4.47
290,905,5.0,4.59
351,1717,2.0,2.97
316,353,3.0,3.45
230,2321,4.0,3.48
581,48394,3.0,3.84
232,66097,3.0,4.0
368,161,4.0,3.85
561,111781,3.0,3.98
235,11,4.0,3.68
600,736,2.5,3.55
287,3034,1.0,3.55
495,52319,4.5,2.64
414,7376,3.5,3.14
131,5782,4.0,3.83
64,1250,5.0,4.14
216,2361,3.0,2.53
177,3114,3.5,4.02
148,122882,4.0,3.81
104,938,3.0,2.86
68,1500,2.5,3.85
474,5902,3.5,4.13
28,110,3.5,4.17
217,371,4.0,2.99
434,1090,5.0,4.12
489,54999,3.5,4.29
88,1884,5.0,3.92
600,231,3.5,3.12
33,2333,4.0,4.19
97,3555,4.0,3.36
422,1,4.0,3.9
307,34534,3.5,0.0
600,6584,2.5,0.0
274,10,4.0,3.69
325,1358,5.0,4.17
483,435,2.5,2.55
94,150,4.0,3.77
222,1089,4.0,4.29
410,1235,5.0,4.26
249,84374,3.5,3.31
298,1198,4.5,4.41
19,2118,2.0,3.9
477,31696,4.0,3.62
267,919,5.0,3.89
419,356,4.5,4.22
592,610,4.0,3.57
68,7151,3.0,3.72
19,587,3.0,3.45
365,4643,2.5,2.72
387,8270,3.5,0.0
465,1683,4.0,4.9
474,3770,3.0,3.07
240,248,5.0,2.78
62,344,3.0,3.0
332,912,4.5,4.41
420,1721,4.0,3.47
47,51931,5.0,0.0
288,3506,3.0,3.02
156,2406,4.0,3.55
332,50,4.0,4.35
288,2871,4.0,3.93
272,68358,4.0,3.89
380,1682,4.0,4.3
104,1777,3.5,3.51
387,46578,3.5,4.08
599,1407,2.5,3.26
474,4558,2.0,2.41
309,7303,4.0,4.12
222,103235,3.0,4.03
45,1517,5.0,3.61
607,1625,5.0,3.67
249,3702,3.0,4.0
20,6333,4.0,3.71
240,520,3.0,3.12
199,1339,4.0,3.37
140,5952,4.0,4.18
292,2694,2.0,3.28
484,1580,3.5,3.57
560,60684,4.5,4.08
307,595,3.0,3.89
438,7444,3.0,3.22
610,26159,4.0,0.0
562,49286,3.5,3.03
603,1387,4.0,4.12
536,165,2.0,3.61
391,70,1.0,3.55
18,466,2.5,3.08
19,3837,1.0,3.4
483,3052,4.0,3.73
217,2528,3.0,3.4
45,172,3.0,2.75
105,100553,4.5,0.0
525,588,3.5,4.04
122,1213,5.0,4.42
318,1208,4.0,4.33
599,3160,5.0,3.69
105,107410,4.0,0.0
338,190219,1.0,0.0
515,116797,5.0,4.04
294,432,1.0,2.66
444,527,5.0,4.2
177,123545,3.0,0.0
90,52,5.0,3.55
469,3082,2.0,3.36
334,5378,3.0,3.33
381,48982,3.5,3.38
599,325,1.5,2.82
586,120635,5.0,0.0
528,1036,5.0,3.85
103,86014,3.5,0.0
357,1923,4.0,3.79
288,2012,3.5,3.72
83,364,3.5,3.94
382,1214,5.0,3.91
493,2019,4.0,4.24
122,57528,4.0,3.32
483,7007,4.0,3.28
221,5382,3.0,2.97
381,783,4.0,3.45
606,4921,4.0,3.72
352,59315,3.0,3.91
290,2394,4.0,3.44
490,2959,3.5,4.27
20,2096,4.0,3.47
380,37731,3.0,4.21
68,2193,0.5,3.46
63,5378,2.5,3.37
232,4019,3.5,3.76
610,4701,3.0,3.61
309,1946,4.0,0.0
509,40339,1.5,2.45
144,1214,3.0,3.93
23,6874,3.0,3.93
448,3262,3.0,3.46
570,527,4.5,4.32
414,694,3.0,1.91
469,3529,3.0,4.42
549,48516,5.0,4.25
217,2194,4.0,3.97
219,2321,4.5,3.58
135,1573,4.0,3.51
263,4014,4.0,3.66
23,2730,2.0,4.01
129,1907,4.5,3.71
307,54785,3.5,0.0
292,318,5.0,4.55
510,3608,4.0,2.85
546,1971,4.0,2.18
387,471,3.0,3.77
298,7367,0.5,2.49
489,2541,2.0,3.33
448,69453,1.0,0.0
414,1339,4.0,3.37
119,318,4.5,4.53
298,6534,2.5,2.73
438,5879,2.0,1.39
86,33794,4.0,3.9
323,327,3.0,2.96
169,39,3.5,3.45
153,106100,4.0,4.08
380,33085,3.0,2.42
14,318,3.0,4.52
599,3328,3.0,4.24
249,161131,4.0,3.64
34,8957,2.0,3.4
517,59501,4.0,3.59
375,1476,3.0,3.58
474,1233,3.5,4.62
215,2028,3.0,4.12
474,4014,3.0,3.79
368,257,3.0,3.71
414,4054,3.0,3.43
352,1835,3.0,3.66
234,3398,3.0,3.43
274,3018,3.5,3.31
292,1848,3.0,3.42
517,594,3.5,3.59
266,2194,5.0,3.89
575,2587,2.0,3.5
385,1013,3.0,3.33
603,2278,1.0,3.84
551,168252,3.0,4.54
477,54004,4.0,3.25
232,45208,2.5,0.0
474,1945,4.0,4.1
28,1080,3.5,4.08
538,3552,4.0,3.73
594,5308,5.0,2.79
227,260,3.5,4.25
160,2700,1.5,4.15
307,2908,1.0,3.49
28,60647,2.5,0.0
575,2560,3.0,3.13
232,356,4.0,4.39
610,61692,3.0,0.0
105,5617,4.0,4.01
41,139385,4.0,3.87
492,1042,5.0,3.41
91,3113,3.5,2.55
597,2411,2.0,2.76
292,8665,4.5,3.96
122,134368,3.5,3.89
177,1298,2.0,3.96
500,720,4.0,4.26
323,115617,3.5,4.04
610,57504,4.5,4.63
599,170,3.0,3.53
41,4816,5.0,3.54
153,2572,1.0,3.59
610,82461,3.5,3.18
305,1240,3.5,4.04
605,6593,2.5,3.1
45,2311,4.0,3.71
448,103042,2.5,3.66
288,3937,3.0,2.92
421,2114,3.5,3.36
265,3035,4.0,3.69
318,95558,3.0,3.88
483,1080,5.0,4.1
144,3114,3.0,3.92
610,99030,4.0,0.0
217,3263,2.0,3.17
474,5481,2.0,3.13
449,527,4.0,4.21
571,1329,2.0,0.0
129,4886,4.0,3.97
438,4370,3.0,3.41
28,36529,4.0,3.92
364,832,5.0,3.16
18,73499,3.5,0.0
105,7438,4.0,4.08
116,1247,2.0,4.0
590,6874,4.0,3.91
182,161,3.0,3.91
140,23,3.0,2.69
555,2264,3.0,0.0
491,91077,4.0,4.01
483,2115,4.0,3.71
29,48774,4.5,4.12
177,112556,4.0,3.88
390,2291,5.0,3.73
453,5377,4.0,3.8
610,93838,5.0,4.56
274,46578,4.0,4.08
136,315,3.0,3.18
201,1909,5.0,3.33
377,8641,4.5,3.67
474,3408,4.0,3.83
367,3646,4.0,1.93
19,3264,3.0,2.66
274,1235,4.5,4.32
104,41566,4.5,3.45
255,3929,2.0,0.0
325,1653,4.0,4.0
226,6523,3.0,0.0
455,592,3.0,3.48
380,135569,4.0,3.8
603,206,4.0,0.0
600,2313,4.0,4.07
19,1394,3.0,4.27
91,186,2.0,3.31
414,308,4.0,4.1
414,3999,2.0,2.87
39,364,4.0,3.94
325,4848,4.0,3.91
91,47,4.5,4.18
216,2208,4.0,3.92
559,173,3.0,2.51
597,1701,5.0,4.27
125,1084,4.5,4.12
234,427,3.0,1.35
18,5956,4.0,3.76
425,6934,4.0,3.23
525,39,4.5,3.49
105,94677,4.0,4.17
298,117529,3.0,3.43
599,47423,3.0,4.17
599,53143,2.0,0.0
288,4042,3.0,3.34
230,6377,4.5,4.03
240,276,5.0,3.36
606,51037,3.0,0.0
564,85414,3.5,3.64
313,1270,2.0,4.07
19,2672,3.0,2.82
52,54286,5.0,3.69
186,1035,5.0,4.19
182,5956,4.0,3.8
105,77561,3.5,3.88
543,135,5.0,3.04
184,136864,2.0,2.35
307,5443,1.0,0.0
491,54272,4.0,3.55
3,5048,0.5,0.0
35,342,4.0,3.11
42,912,5.0,4.36
232,1961,4.0,3.95
220,3793,5.0,3.74
380,332,3.0,2.5
226,5247,4.0,1.93
514,3868,4.0,3.48
195,3053,3.0,4.5
320,6857,3.5,3.67
217,516,2.0,3.29
606,34405,2.5,4.06
274,1474,2.5,2.7
477,69122,4.5,3.82
599,7587,3.0,4.38
232,58627,3.5,0.0
200,2805,4.0,3.01
504,5945,3.0,3.19
608,3717,3.5,3.58
480,2763,3.0,3.83
111,45722,3.0,3.68
477,1726,0.5,3.61
480,260,4.5,4.36
480,37739,2.5,0.0
47,97921,3.5,3.91
195,318,5.0,4.55
603,2620,3.0,0.0
140,6893,5.0,4.25
594,253,0.5,3.47
600,4676,3.5,1.53
414,6223,2.5,0.0
4,2921,4.0,4.29
387,8507,3.0,3.09
368,3219,3.0,3.32
219,5679,2.5,3.47
409,2762,2.0,3.92
227,56367,4.5,3.76
414,6620,4.5,4.72
580,3147,3.0,4.3
564,96079,3.0,3.82
354,4447,3.5,3.22
403,7361,4.5,4.3
357,318,4.0,4.58
599,96432,3.0,0.0
603,4708,4.0,0.0
22,1953,4.5,3.88
100,356,4.0,4.23
432,59315,4.5,3.89
351,1735,4.0,3.07
57,2150,4.0,3.88
307,6707,1.0,3.36
600,3243,3.0,2.65
221,8464,4.5,3.53
83,924,5.0,3.88
140,7263,4.0,3.3
586,130520,4.5,2.85
167,3793,5.0,3.71
166,293,4.5,4.11
249,110102,4.5,4.24
373,353,3.0,3.46
358,36525,4.0,3.0
57,2311,4.0,3.82
226,441,4.5,3.91
599,3835,1.5,2.51
21,40815,4.0,3.9
474,2872,4.0,3.99
10,74450,3.0,0.0
593,6776,4.0,0.0
380,5502,3.0,3.33
489,509,3.5,3.68
488,1288,3.0,4.04
288,1032,4.0,3.44
414,1220,5.0,4.17
573,68319,2.0,2.81
334,1625,3.0,3.69
511,56757,3.5,3.81
6,762,1.0,2.57
282,4306,4.5,3.97
414,159,2.0,3.33
186,1204,4.0,4.29
91,592,5.0,3.6
368,1198,4.0,4.28
66,637,3.0,3.48
187,741,4.0,4.19
525,8983,4.5,3.57
298,122900,3.0,3.81
132,8360,3.0,3.62
105,47099,4.5,3.97
590,673,3.0,3.19
321,161,3.0,3.76
590,4011,4.0,4.34
101,2433,3.0,3.29
602,252,3.0,3.72
474,1950,3.5,4.37
232,50872,4.0,4.27
600,4677,2.5,2.63
288,8784,2.5,3.95
68,6618,3.0,4.29
387,37733,4.0,3.87
40,590,4.0,3.83
610,6333,4.0,4.11
591,2995,1.0,2.75
272,1527,4.0,3.79
103,79134,3.5,3.47
522,329,4.5,3.41
351,6223,4.0,0.0
411,158,3.0,2.89
182,3510,2.5,3.64
132,4874,4.5,3.65
156,1222,4.5,4.22
399,2959,3.0,4.25
326,44555,4.5,4.21
610,2879,4.0,3.52
263,296,3.0,4.26
448,3264,1.5,2.75
551,106782,4.0,4.05
64,1193,5.0,4.37
105,1208,5.0,4.37
84,1214,3.0,3.95
103,1089,4.5,4.36
480,5254,2.0,3.34
165,5959,3.0,3.42
487,6539,2.5,3.87
436,500,4.0,3.48
599,4006,2.5,3.76
309,8228,4.0,3.45
31,1270,4.0,4.02
68,2111,3.5,3.21
352,2231,4.0,3.78
100,1101,5.0,3.11
483,2683,3.5,3.2
115,780,2.0,3.49
542,5299,5.0,3.11
141,2571,3.5,4.23
73,71535,5.0,3.88
105,33615,4.0,3.58
510,50,4.0,4.26
213,2115,3.5,3.59
1,2018,5.0,3.25
232,40962,2.5,0.0
191,235,5.0,3.7
68,1291,5.0,4.32
405,1625,4.0,3.69
2,8798,3.5,3.58
608,6764,3.5,3.59
45,2694,5.0,3.31
414,178061,4.0,0.0
445,5971,2.0,3.86
132,520,1.5,3.09
149,1253,5.0,3.89
608,2,2.0,3.62
232,39292,3.0,3.72
599,53161,3.0,0.0
480,44840,3.0,2.89
305,4239,3.5,4.05
368,3758,3.0,0.0
221,1201,4.0,4.34
551,60069,4.5,4.12
342,2724,3.0,2.65
599,4027,3.5,3.94
503,2877,4.0,0.0
201,1968,5.0,3.87
63,73017,4.0,4.0
414,5377,5.0,4.13
438,3512,3.0,3.76
404,593,4.0,4.18
339,82378,5.0,0.0
474,1079,4.5,4.35
62,103341,4.0,3.85
452,1206,5.0,4.18
326,6953,4.0,3.36
274,1272,3.5,4.4
307,8169,3.0,3.43
51,317,3.5,3.26
63,3552,2.0,3.81
177,53464,3.0,2.45
177,1094,3.0,3.59
555,2900,3.0,0.0
495,97921,5.0,3.98
323,203,3.0,3.71
288,2152,2.0,0.0
489,1097,4.0,3.93
177,91542,4.0,3.86
373,338,3.0,2.76
496,720,1.0,4.26
307,6316,2.0,0.0
125,71530,2.0,3.48
139,61240,3.0,4.07
555,2804,5.0,4.14
600,953,2.0,4.21
78,68358,4.0,3.86
4,1597,1.0,3.12
606,4902,2.5,2.6
221,1258,5.0,4.23
301,1784,4.5,3.75
19,1676,2.0,3.55
414,1095,4.0,3.74
414,170705,5.0,4.34
381,1777,4.5,3.55
560,2628,4.0,3.35
414,39231,3.5,0.0
313,1127,3.0,3.5
346,714,3.5,3.93
590,72011,4.0,3.68
305,47099,5.0,3.97
249,6155,3.0,3.45
292,3033,2.0,3.51
317,133115,4.0,0.0
350,785,4.0,3.51
219,2273,3.5,3.6
183,2947,4.0,3.87
337,653,4.0,3.17
273,783,4.0,3.4
217,533,2.0,3.05
334,4896,3.5,3.78
608,5254,4.5,3.29
380,99813,5.0,4.26
593,912,5.0,4.37
467,41,4.0,3.58
41,1259,5.0,3.97
487,5952,4.0,4.05
414,1257,5.0,4.07
274,2683,4.0,3.26
603,149,2.0,0.0
182,1210,2.5,4.37
3,3703,5.0,3.85
307,466,1.0,3.12
606,2156,4.0,0.0
610,4030,2.0,1.62
387,2142,3.0,2.26
156,2080,1.0,3.52
105,5903,4.0,4.0
346,454,2.0,3.58
226,2134,4.0,3.22
414,167570,4.0,0.0
528,42009,1.0,2.28
373,337,5.0,3.87
395,296,3.0,4.23
98,67408,2.0,3.8
232,5458,2.5,0.0
346,1225,4.0,4.32
587,2731,4.0,3.71
330,5378,4.0,3.37
608,594,2.5,3.62
369,2863,2.5,3.54
599,3396,3.5,3.72
42,2369,2.0,2.6
587,3388,3.0,2.52
182,5010,2.0,3.98
292,2571,4.0,4.27
606,2269,3.5,2.72
606,3168,4.0,3.91
448,4267,3.0,0.0
68,2671,3.0,3.77
568,1103,5.0,3.95
68,70492,3.5,0.0
598,124851,5.0,0.0
19,1456,2.0,0.0
292,3988,3.0,3.01
330,904,3.5,4.34
414,2412,2.0,1.75
99,266,4.0,3.32
111,155509,4.5,0.0
298,5220,0.5,2.66
52,51662,5.0,3.65
608,833,0.5,2.99
599,1544,2.5,2.88
68,1562,3.5,2.13
75,6870,1.0,3.69
232,79428,3.0,3.67
135,1036,5.0,3.9
312,1573,3.0,3.46
184,109487,5.0,3.95
589,193,3.0,2.41
256,5459,3.5,2.95
483,106918,4.5,4.33
274,3409,3.5,3.35
414,4777,2.5,0.0
167,8636,4.0,3.83
249,1884,4.0,4.17
103,6874,4.5,3.96
477,1527,4.0,3.82
610,90866,3.5,3.78
19,2491,4.0,2.52
466,47099,5.0,3.79
525,3969,2.5,3.37
58,520,3.0,3.07
222,94777,3.0,3.54
41,115713,0.5,4.15
477,2064,4.0,3.92
146,35836,3.0,3.52
610,142488,3.5,4.86
368,2322,3.0,3.24
489,48877,0.5,3.13
332,2858,4.5,4.11
160,2532,1.0,3.15
8,527,5.0,4.21
105,59369,3.5,3.77
125,149902,2.0,0.0
68,5679,2.5,3.61
108,5011,4.0,0.0
58,225,3.0,3.59
555,804,4.0,3.45
593,1197,1.5,4.28
300,2858,5.0,4.06
18,1517,2.5,3.58
232,5872,3.0,3.26
221,1212,5.0,4.23
298,54281,3.0,3.76
292,434,3.0,3.17
177,2096,4.0,3.57
561,32587,3.0,3.97
610,89028,3.5,0.0
367,4270,4.0,2.94
586,3081,4.0,3.56
462,4211,4.5,0.0
474,8711,3.0,0.0
608,4025,2.5,3.27
199,1597,3.0,3.1
573,1407,4.5,3.23
318,1917,3.5,2.97
274,4148,3.0,3.03
387,3258,1.5,3.37
125,1285,3.5,3.99
129,588,3.5,3.88
207,2384,0.5,2.78
475,1527,5.0,3.8
103,59784,3.0,3.47
599,5136,1.5,0.0
414,3198,4.0,3.67
140,5015,4.0,3.39
219,60072,3.0,3.11
447,420,3.0,2.99
177,8609,3.0,0.0
428,4571,3.0,3.63
8,11,4.0,3.67
600,1307,2.5,4.01
194,1252,3.5,4.26
477,1367,3.0,3.25
45,380,4.0,3.68
438,5418,4.5,3.92
600,4232,3.5,3.11
217,1967,2.0,3.97
509,6662,3.5,3.56
584,589,5.0,4.03
76,1884,3.5,3.92
222,60950,2.5,2.88
284,480,5.0,3.72
76,318,3.0,4.53
298,140174,2.0,3.61
59,1610,4.0,3.82
182,2765,3.5,0.0
453,2700,5.0,4.19
403,2427,4.5,3.11
22,4226,3.0,4.14
170,480,3.0,3.73
448,105504,4.5,4.55
51,2470,4.0,3.34
448,112788,1.5,2.79
608,2094,3.0,3.38
462,31878,4.0,3.48
253,2155,4.0,3.49
608,8798,4.0,3.76
398,2455,3.0,3.53
274,5459,3.0,3.17
18,38061,4.0,4.31
600,2005,4.5,3.87
610,296,5.0,4.34
5,357,2.0,3.51
305,86644,4.0,3.9
182,370,0.5,3.35
380,135536,3.0,2.86
597,2289,5.0,4.19
474,2139,4.0,3.65
288,1064,2.0,3.72
91,593,4.5,4.35
516,480,4.0,3.71
263,380,4.0,3.58
232,49793,3.5,0.0
372,358,2.0,2.7
608,317,3.0,3.37
80,648,4.5,3.57
199,2770,3.0,2.89
369,8665,4.0,3.89
68,69784,4.0,3.4
345,1093,3.0,3.49
274,8225,4.0,0.0
474,1077,3.5,4.09
74,3863,3.0,3.03
290,2936,4.0,3.82
209,57669,4.5,4.13
18,293,4.5,4.2
505,4226,5.0,4.1
51,3107,5.0,3.33
474,6305,4.5,4.18
212,3949,3.5,3.96
527,480,5.0,3.73
380,1499,2.0,1.61
39,3362,5.0,3.9
414,1831,1.0,2.77
608,5507,3.5,2.75
577,2410,3.0,2.79
87,3504,4.5,3.76
608,2606,2.0,2.74
599,4639,2.0,2.55
282,1194,2.0,3.62
436,593,3.0,4.19
428,5219,3.0,3.21
97,1961,2.0,3.81
177,68157,3.5,4.44
221,2301,4.5,3.79
590,1955,4.0,4.36
572,1234,5.0,4.16
391,6,4.0,3.96
307,1784,3.0,3.9
282,2194,4.5,3.95
139,8865,1.5,2.79
156,1211,3.0,4.04
65,4993,3.5,4.17
199,1610,5.0,3.85
274,55577,2.5,3.64
226,3039,4.0,3.9
119,8622,3.5,3.72
603,2571,5.0,4.26
104,54001,4.0,3.89
603,924,5.0,3.98
437,17,4.0,3.86
265,1203,4.0,4.09
91,384,3.5,0.0
606,3101,3.5,3.29
599,4903,2.5,3.34
469,3445,4.0,3.2
254,4011,4.5,4.19
123,55765,4.0,3.82
232,48,2.5,3.1
182,2321,4.5,3.64
555,2054,3.0,2.99
67,4886,4.5,3.94
68,1690,2.5,2.99
5,534,3.0,3.65
520,1425,3.5,0.0
414,1267,4.0,4.49
376,349,4.0,3.76
274,68358,4.0,4.25
426,6377,5.0,4.01
249,5254,3.5,3.48
15,296,4.0,4.27
288,2786,1.0,0.0
140,4310,4.0,2.65
171,163,5.0,3.56
448,2701,3.0,2.73
580,3275,4.5,4.25
380,33004,4.0,3.49
346,2076,3.5,4.1
274,79008,4.0,0.0
608,663,3.0,3.46
282,59315,3.5,3.85
596,3438,3.0,2.91
249,3968,3.5,3.17
219,2,2.5,3.55
144,1407,4.0,3.24
64,553,4.0,4.06
27,3791,3.0,3.25
68,5313,4.0,2.6
225,2915,4.0,3.57
419,60756,4.5,3.54
274,1370,3.5,3.88
139,33615,2.5,3.47
76,1201,1.5,4.25
372,1394,3.0,4.24
448,8961,4.5,4.17
308,3578,1.0,3.95
75,4369,2.5,3.1
41,67255,4.0,4.04
177,2059,3.5,3.12
437,493,4.0,3.43
426,4886,5.0,3.95
24,253,3.5,3.48
560,4011,4.0,4.33
156,3503,5.0,3.29
551,1210,3.5,4.22
328,37729,2.0,3.53
64,2085,3.0,3.45
64,2470,3.0,3.36
387,4278,3.5,0.0
584,293,3.0,4.06
610,51662,4.0,3.96
447,225,4.0,3.61
377,1032,4.0,3.26
152,64839,4.5,3.75
474,2083,3.0,4.21
110,296,4.5,4.26
414,2893,3.0,0.0
301,2291,4.0,3.72
58,208,4.0,3.0
603,2840,1.0,3.12
232,55245,2.5,3.69
226,5816,2.5,3.62
534,158,4.0,2.94
136,239,1.0,3.08
216,1641,5.0,3.7
323,1408,2.5,3.77
199,4223,4.0,3.8
590,5989,3.5,4.24
164,480,5.0,3.73
484,2296,4.0,2.48
45,2606,3.0,2.75
244,3566,1.0,3.5
493,4441,5.0,0.0
354,2858,4.0,4.1
493,2924,4.0,4.18
221,7361,4.0,4.31
268,1641,3.0,3.73
50,1289,3.0,4.0
474,8958,4.0,3.86
160,2396,1.0,3.85
448,102720,2.5,0.0
606,1247,4.5,4.02
52,63113,4.0,3.52
28,33660,4.0,4.13
193,1270,3.0,4.01
294,1230,2.0,4.06
84,1228,4.0,4.28
600,1235,5.0,4.25
245,1148,3.0,4.05
136,277,3.0,3.49
280,344,3.0,3.0
391,1172,5.0,3.82
414,58559,4.0,4.87
387,910,3.5,4.03
91,6283,4.5,3.93
475,588,5.0,3.9
380,172875,5.0,0.0
446,480,4.0,3.73
509,4848,3.5,3.92
20,2300,5.0,4.05
182,4638,2.0,3.08
288,8970,3.5,3.68
480,1396,2.5,3.37
396,1092,1.5,3.3
588,50,5.0,4.28
534,4270,4.0,3.12
59,1944,4.0,4.11
567,93272,1.5,3.89
587,344,3.0,2.97
414,2430,2.0,2.45
64,26504,3.5,0.0
519,34162,4.0,3.58
606,72603,3.0,0.0
420,41569,3.0,3.31
230,55553,1.0,0.0
288,2378,1.0,3.42
1,3386,5.0,3.11
414,1288,3.0,4.27
558,2987,4.0,3.63
226,1923,2.5,3.81
474,25996,3.5,0.0
381,539,4.0,3.72
226,2432,2.0,0.0
414,5425,4.0,0.0
200,8641,3.0,3.73
174,253,5.0,3.47
475,165,4.5,3.67
534,46578,2.5,3.95
68,1967,2.5,4.07
198,3527,2.0,3.7
603,4705,3.0,0.0
474,4477,1.0,1.57
294,325,2.0,2.49
130,165,4.0,3.61
62,128512,3.5,0.0
474,2558,2.0,1.64
140,292,3.0,3.52
590,4270,2.5,3.02
168,913,4.5,4.22
453,1616,3.0,3.24
304,1064,3.0,3.68
330,780,2.5,3.53
381,6365,4.0,3.37
462,107702,3.5,0.0
414,1673,4.0,4.34
239,454,4.0,3.7
318,2529,4.0,3.83
573,45499,3.5,3.45
302,383,3.0,3.09
526,96079,3.5,3.83
307,52975,2.0,3.72
230,2174,3.0,3.52
322,500,3.0,3.47
610,70,4.0,3.67
186,3471,4.0,4.05
368,1304,3.0,3.97
288,2054,3.5,3.01
414,5285,4.0,0.0
219,52281,4.5,3.63
117,39,3.0,3.42
552,5013,4.0,3.58
599,72226,3.0,4.1
606,6140,4.0,0.0
590,1214,4.5,4.01
68,34542,4.0,3.68
91,3508,4.0,4.27
425,1089,3.5,4.33
483,97304,4.5,4.15
385,1356,4.0,3.86
411,419,2.0,3.03
606,2100,3.5,3.01
599,3952,2.0,2.59
599,19,3.0,3.08
232,8957,4.5,3.5
169,457,4.0,4.04
307,7636,0.5,0.0
380,51086,3.0,3.11
590,4153,1.0,2.81
144,3996,4.5,3.92
232,8665,4.5,4.13
95,1247,4.5,3.99
45,1101,4.0,3.27
502,3623,0.5,2.72
74,5304,4.0,0.0
483,112316,2.5,0.0
105,51255,3.5,4.14
33,475,4.0,4.45
288,3498,4.0,4.27
307,44972,0.5,2.46
53,1049,5.0,3.1
425,1047,3.5,3.27
186,1653,4.0,4.01
448,7573,2.5,3.29
167,8874,4.5,4.03
290,2731,5.0,3.73
179,494,4.0,3.39
199,37741,3.5,3.89
555,1186,3.0,3.57
600,292,2.5,3.5
555,611,2.0,2.66
288,2401,3.0,4.45
479,2080,4.0,3.47
100,1265,3.5,4.02
292,79293,3.5,2.96
231,858,4.0,4.26
7,8970,2.5,3.59
137,6365,3.5,3.25
298,115149,3.0,4.02
448,3489,3.0,3.74
561,122904,2.0,4.24
474,1307,5.0,4.23
597,1627,4.0,2.88
474,912,5.0,4.65
199,1500,3.0,3.75
94,435,1.0,2.47
174,161,3.0,3.78
332,79132,4.0,4.21
91,1225,3.0,4.41
182,1916,4.0,3.4
325,1948,4.0,3.51
265,1921,4.0,4.03
82,2000,4.5,3.73
438,3624,3.0,3.42
477,6375,4.5,0.0
488,7147,4.5,3.79
414,277,2.0,3.84
514,44,2.5,2.44
414,1701,2.0,4.24
14,105,3.0,3.26
307,34143,1.0,0.0
219,2722,2.5,2.52
34,5459,2.0,2.89
437,175,5.0,4.18
217,3108,2.0,3.94
68,114762,3.5,2.62
275,3480,2.0,0.0
600,195,2.0,2.79
91,1297,2.5,3.89
331,59369,3.0,3.72
321,186,4.0,3.18
288,7362,3.5,3.08
517,33615,2.0,3.47
89,58291,4.5,0.0
326,48738,4.5,3.74
474,2080,4.0,3.71
63,6934,3.0,3.25
562,2000,5.0,3.76
19,378,3.0,2.9
314,44,3.0,2.42
306,177765,4.0,3.23
140,6950,3.5,0.0
536,590,3.0,3.82
19,1690,1.0,2.85
338,30793,2.5,2.95
600,1517,3.0,3.57
448,8447,1.0,0.0
246,89753,5.0,4.23
175,8643,4.5,2.73
419,64197,5.0,0.0
45,65,3.0,2.77
307,2596,3.5,4.38
212,114180,2.0,2.97
200,30812,4.0,3.57
603,1278,5.0,4.09
420,3917,4.0,3.27
387,4518,2.5,3.88
438,648,4.0,3.66
197,318,4.0,4.51
268,1303,5.0,3.99
68,66203,2.0,3.07
51,4886,4.0,4.03
606,1960,4.0,3.83
42,3301,4.0,3.6
596,2081,4.0,3.55
86,72356,4.5,4.32
339,6550,4.5,3.03
428,4993,3.5,4.21
599,6162,3.5,0.0
599,1488,2.5,3.08
153,1196,0.5,4.25
356,3994,4.0,3.64
520,2657,2.5,3.49
380,172887,3.0,0.0
328,2081,3.0,3.5
116,1569,3.5,3.51
49,110,4.0,4.06
414,2802,3.0,3.53
381,2273,4.0,3.58
357,592,3.0,3.56
438,2540,2.5,0.0
6,500,5.0,3.53
232,8918,3.0,0.0
477,52722,3.5,3.24
372,1515,2.0,2.05
186,2324,4.0,4.07
88,4963,4.5,4.02
121,11,4.0,3.68
367,2915,4.0,3.61
115,3578,5.0,3.99
390,1097,1.5,3.83
182,3254,3.0,3.72
597,2290,5.0,0.0
212,179401,4.0,3.34
122,69122,4.5,3.86
27,986,4.0,3.72
95,4878,4.0,4.08
132,58559,3.5,4.28
514,4833,3.5,3.36
605,1025,3.0,3.75
140,2529,3.0,3.83
414,31685,3.5,3.55
387,41617,3.0,0.0
79,307,4.0,3.78
525,3996,4.5,4.08
177,45720,3.5,4.09
45,2011,3.0,3.64
326,8958,4.5,3.6
608,3745,4.0,3.46
6,4,3.0,2.15
17,589,4.5,4.03
380,89745,5.0,4.14
220,5989,4.0,4.05
448,6658,3.5,0.0
318,71838,4.0,2.81
123,59315,4.0,3.85
414,34534,3.5,0.0
219,1876,2.0,3.17
599,2890,3.5,3.82
285,441,5.0,3.9
29,1945,4.5,3.97
258,115617,5.0,4.04
117,587,4.0,3.39
387,6620,2.5,4.42
599,519,2.0,2.3
307,6298,2.0,0.0
149,1037,3.0,2.59
465,1653,4.0,3.99
177,971,5.0,4.14
599,4874,2.5,3.78
462,5747,4.5,4.72
368,1201,4.0,4.31
567,5349,2.5,3.59
252,2321,5.0,3.46
219,2296,1.0,2.44
249,80219,3.5,3.61
318,4027,4.5,3.85
64,6365,3.0,3.4
6,163,3.0,3.59
534,6659,4.0,3.68
580,6953,3.0,3.39
606,2422,1.5,1.93
237,63082,3.5,3.84
448,6807,3.0,4.3
474,7162,4.0,3.16
475,2353,4.5,3.42
325,4498,2.0,2.75
240,466,4.0,3.08
432,6539,0.5,3.95
525,3549,3.5,4.22
4,1517,4.0,3.48
219,153,2.5,3.07
318,5238,3.5,0.0
463,3977,2.0,2.71
586,1265,4.5,4.01
599,589,4.5,4.39
561,293,4.0,4.21
480,8972,3.0,3.56
448,4816,3.0,3.63
202,1376,4.0,3.52
365,89745,2.5,3.86
514,159093,4.0,3.77
606,8724,4.0,0.0
380,59315,5.0,3.99
220,60072,2.0,3.13
64,2193,3.5,3.38
437,329,3.0,3.38
462,953,4.0,4.2
573,5903,5.0,3.91
292,349,4.0,3.8
288,879,2.0,3.53
385,16,3.0,3.95
596,102125,4.0,3.72
187,7153,4.5,4.2
140,376,3.0,3.36
263,6377,4.5,4.04
482,2124,4.0,3.49
15,589,5.0,4.05
304,1552,4.0,3.22
140,457,4.0,4.11
219,48385,3.0,3.37
197,1909,4.0,3.3
326,33166,4.0,4.04
243,153,4.0,2.97
28,1587,2.5,3.4
294,518,2.0,2.29
573,60684,5.0,4.05
489,802,1.0,3.43
121,318,5.0,4.52
599,5999,2.0,0.0
328,5218,2.0,3.76
98,5299,3.5,3.11
600,1263,5.0,4.17
195,1784,4.0,3.79
606,55442,4.5,4.24
117,1035,4.0,4.19
514,3671,4.0,3.97
486,163,4.0,3.53
74,8207,4.0,4.25
18,5608,4.0,3.98
68,44191,3.0,4.2
195,1923,3.0,3.72
509,2174,3.5,3.54
600,1678,3.5,3.44
592,380,5.0,3.6
103,2918,5.0,3.99
368,482,4.0,3.37
489,1587,4.5,3.44
480,3949,3.5,4.14
475,5349,5.0,3.63
219,46335,2.0,2.11
376,6365,3.5,3.29
199,736,3.0,3.46
163,1588,4.0,3.2
509,7458,2.5,3.55
305,74624,4.0,0.0
232,60040,3.5,3.43
331,6016,5.0,4.21
28,6378,2.0,3.88
561,7445,3.0,3.9
529,141,3.0,3.51
587,830,2.0,3.51
572,1198,4.0,4.29
596,1876,2.5,3.09
68,164179,3.5,4.27
426,7361,3.5,4.32
445,7143,3.5,3.91
380,88744,5.0,3.72
292,1968,3.0,3.9
610,132046,3.0,2.79
599,2718,1.5,3.38
596,5459,2.5,3.0
318,86293,3.5,2.81
468,590,5.0,3.82
234,588,5.0,3.9
352,1597,3.0,3.09
491,586,5.0,2.91
588,36,2.0,3.87
307,6881,2.0,3.23
139,122886,4.0,3.83
474,252,2.0,3.97
490,215,4.0,3.87
212,3253,4.0,3.42
534,83134,4.5,3.56
600,2087,3.0,3.48
332,2329,3.5,4.32
164,780,5.0,3.46
312,750,5.0,4.38
33,1280,5.0,4.27
380,95858,4.0,0.0
68,3863,3.0,3.28
426,471,5.0,3.74
448,140525,1.5,0.0
376,858,4.0,4.3
307,61024,4.0,3.94
1,441,4.0,3.9
282,49530,4.5,3.85
380,69844,4.0,4.05
232,58025,3.0,3.21
334,1610,4.0,3.82
212,3868,4.5,3.44
16,6350,3.5,4.12
433,318,4.5,4.52
128,1196,4.0,4.24
453,3717,2.0,3.48
524,520,3.0,3.08
522,76093,3.5,3.94
603,3431,1.0,0.0
553,1923,3.5,3.71
282,4017,4.5,3.35
304,1073,4.0,3.98
306,105731,2.0,0.0
33,2268,4.0,3.83
506,58998,5.0,4.0
39,3178,3.0,3.52
561,1263,4.0,4.05
586,81847,4.5,3.99
362,2288,5.0,4.04
170,586,3.0,2.9
202,741,4.0,4.22
305,8810,4.5,3.03
28,3250,4.0,3.31
600,55052,1.5,3.76
217,2863,2.0,3.56
561,1704,4.0,4.25
227,54259,2.5,3.62
497,112183,5.0,3.47
474,5013,3.5,3.9
441,1089,4.5,4.22
203,3671,2.5,3.91
610,4027,4.5,3.92
288,1393,3.0,3.61
125,122918,3.5,3.98
572,1894,3.0,2.84
57,110,4.0,4.17
244,3361,5.0,3.8
314,593,3.0,4.2
332,2657,4.0,3.5
607,36,4.0,3.84
328,46578,2.0,3.86
339,86882,4.0,3.82
249,2028,4.5,4.3
460,8970,4.0,3.6
169,6936,5.0,3.73
552,3868,3.5,3.45
39,1127,4.0,3.47
414,2643,2.0,2.05
405,1464,4.0,3.6
420,1,4.0,3.93
474,1210,4.0,4.46
115,3555,5.0,3.35
599,5128,2.5,2.4
62,83369,4.0,0.0
606,552,3.0,3.57
279,68237,4.5,4.0
99,252,5.0,3.68
182,1036,4.0,3.97
328,2947,3.5,3.89
216,2761,2.0,4.38
600,5569,3.0,0.0
216,3578,4.0,3.97
28,53550,2.5,0.0
332,33166,4.5,4.01
491,7293,4.0,3.62
307,527,4.5,4.38
476,195,2.0,2.76
21,39715,2.5,2.18
274,2085,3.5,3.35
265,593,5.0,4.2
610,3699,3.5,3.28
255,3552,5.0,3.73
424,4845,3.0,0.0
453,3536,4.0,3.21
114,122882,3.0,3.79
23,8228,4.0,3.43
605,26528,4.5,4.66
610,77893,4.0,0.0
244,3683,3.0,3.96
19,3033,2.0,3.51
500,3114,5.0,3.91
222,61132,2.5,3.6
195,36,4.0,3.85
380,6754,4.0,3.79
387,5502,2.0,3.14
562,74324,4.5,0.0
606,25805,4.5,0.0
28,6934,3.5,3.28
288,904,4.0,4.48
517,4018,1.0,3.22
599,4022,2.5,3.95
573,54272,4.0,3.71
177,65261,4.0,3.98
93,1265,5.0,3.96
195,1266,5.0,4.25
20,1722,3.0,2.98
1,2716,5.0,3.83
274,3177,3.5,0.0
474,339,3.5,3.85
317,1207,3.0,4.2
39,858,4.0,4.29
221,5945,4.5,3.22
599,928,4.0,4.12
1,2268,4.0,3.89
414,91630,2.0,4.24
298,80463,1.5,3.81
555,2241,4.0,3.87
202,2401,3.0,4.41
471,79132,4.0,4.06
414,3408,3.0,4.07
448,3254,4.0,3.81
288,3363,5.0,3.96
219,41716,4.0,3.24
182,7153,1.0,4.33
131,64614,3.5,4.11
599,71579,3.0,0.0
399,3578,5.0,3.94
202,3070,3.0,3.38
457,3793,3.0,3.69
414,51077,2.5,2.9
610,2762,4.5,4.18
603,509,5.0,3.77
525,71535,3.5,3.95
67,152081,4.0,4.01
342,1013,2.0,3.33
517,1250,0.5,4.12
526,68954,3.5,4.05
262,334,3.0,4.51
237,91658,3.0,3.31
249,93363,3.5,4.14
298,785,3.0,3.63
160,1653,5.0,4.02
135,1917,1.0,2.93
111,86293,3.5,2.59
298,3717,2.5,3.55
288,8372,3.0,0.0
177,1258,4.0,4.29
555,3703,4.0,3.93
15,50872,3.0,3.99
28,1729,2.5,3.71
264,316,3.5,3.34
263,745,5.0,4.19
10,59421,2.0,2.69
63,31658,4.0,4.29
33,232,4.0,3.78
599,7099,3.0,4.25
129,35836,4.0,3.56
372,1196,4.0,4.29
43,1064,5.0,3.67
43,648,5.0,3.58
305,158783,0.5,3.89
587,3421,1.0,3.95
605,2,3.5,3.41
312,1674,4.0,3.49
368,2542,3.0,4.18
95,1274,5.0,3.57
502,3052,4.0,3.65
434,2291,4.0,3.8
165,5066,3.0,3.1
420,57640,3.5,3.81
186,3988,4.0,2.97
416,4886,0.5,3.92
249,110553,3.5,2.62
94,344,3.0,2.99
19,3671,3.0,3.98
286,7153,5.0,4.15
4,58,3.0,3.92
323,116797,4.5,4.04
230,2915,1.0,3.56
42,364,4.0,4.06
62,3994,4.5,3.67
386,44,2.0,2.4
480,2231,3.5,3.96
193,7153,4.0,4.12
552,1729,3.5,3.74
312,4370,4.0,3.41
266,2700,5.0,4.13
489,1917,3.5,2.94
19,2048,3.0,3.53
332,7458,3.0,3.43
383,2324,5.0,4.04
51,6371,0.5,0.0
239,1089,5.0,4.33
141,3175,4.0,3.67
287,1208,3.5,4.2
597,2599,5.0,3.73
210,122904,3.5,4.12
43,500,5.0,3.49
414,2793,2.0,1.7
434,3052,4.5,3.67
42,1597,4.0,3.23
514,1587,3.0,3.4
222,1954,3.0,3.94
462,1327,1.5,2.79
323,1377,2.0,3.02
462,39183,4.5,3.55
199,2527,3.0,3.56
599,26593,2.0,0.0
385,671,3.0,3.62
586,539,3.5,3.61
39,2762,5.0,3.93
160,7153,5.0,4.17
221,4467,4.5,3.84
480,5152,2.0,3.47
597,562,4.0,4.0
182,3836,4.0,4.16
392,1125,2.0,3.74
74,6235,5.0,0.0
344,586,5.0,2.89
25,231,4.0,3.01
434,8874,4.5,4.11
601,106782,4.5,4.09
167,8984,0.5,3.21
312,968,5.0,3.52
90,1417,3.0,0.0
12,256,5.0,2.79
153,68954,2.5,4.07
63,112852,4.0,4.41
68,1228,2.0,4.28
239,3527,3.0,3.73
28,34150,3.0,2.74
567,1196,2.0,4.27
387,7323,3.5,4.13
414,5013,4.0,4.06
292,733,4.0,3.8
82,1690,3.5,2.85
94,39,1.0,3.41
538,69844,4.0,3.82
318,741,3.5,4.25
330,32,5.0,4.03
381,2133,3.5,3.43
401,1,3.5,3.91
509,1015,3.0,3.1
318,97306,4.5,3.64
402,477,3.0,3.42
288,3114,4.0,4.08
313,5010,5.0,3.92
6,204,3.0,2.68
495,46970,3.5,3.23
14,553,4.0,3.87
221,431,4.5,3.8
234,158,5.0,2.89
510,1882,0.5,2.16
325,1527,3.0,3.8
249,4015,3.0,3.31
95,25,5.0,3.79
567,109897,0.5,0.0
474,7981,4.0,4.54
608,1464,2.0,3.54
9,2023,3.0,3.34
159,539,3.0,3.61
254,47,4.5,4.02
328,33794,1.0,3.97
594,5957,5.0,3.34
28,3198,3.0,3.62
20,588,5.0,3.93
98,50872,5.0,3.99
524,589,5.0,4.04
368,3519,2.0,3.24
469,924,5.0,3.98
125,593,4.0,4.25
469,736,3.0,3.53
390,3408,4.0,3.56
129,110,4.0,4.09
354,5669,4.0,3.76
73,79091,3.5,3.87
51,39414,4.0,1.85
434,1206,4.5,4.19
527,2987,2.0,3.68
210,7812,4.0,0.0
391,3897,4.0,3.92
307,1326,0.5,0.0
587,1256,1.0,4.05
275,5258,2.0,0.0
567,151687,0.5,0.0
64,3301,3.0,3.63
264,33493,4.0,3.42
477,5171,3.0,3.18
471,527,4.5,4.2
318,4310,3.0,2.59
580,6287,2.5,3.13
402,376,4.0,3.23
226,34048,2.0,3.34
567,108689,0.5,0.0
475,60040,4.5,3.27
279,88129,3.5,3.61
288,4412,1.0,0.0
380,2968,4.0,4.22
120,1073,2.0,3.91
477,356,5.0,4.39
418,117176,4.5,3.82
414,1050,4.0,0.0
558,3285,4.0,3.14
29,1213,4.0,4.35
387,53129,3.5,4.47
510,4148,1.5,2.89
529,761,1.0,3.05
605,596,2.5,3.39
103,72641,4.0,3.68
332,1635,3.0,3.96
608,1732,4.0,4.0
91,1101,3.0,3.23
96,260,5.0,4.27
380,163056,4.0,0.0
610,102716,4.5,3.43
140,5420,3.0,2.83
249,148626,4.5,4.02
387,3244,3.0,4.12
239,2890,4.0,3.67
525,457,3.5,4.1
492,7,3.0,3.14
222,1225,3.0,4.31
384,4326,4.0,3.66
73,7438,4.0,4.0
552,1909,3.0,3.31
16,4878,3.5,4.1
380,86644,4.0,3.94
187,25,3.0,3.85
606,27627,4.5,0.0
437,1265,5.0,3.97
579,2396,5.0,3.82
125,88163,4.0,4.23
474,6965,3.5,0.0
562,58559,4.0,4.3
448,4333,3.0,3.79
489,31685,3.5,3.19
421,6777,4.5,3.77
190,5956,3.0,3.6
483,110297,3.5,3.44
28,211,3.0,0.0
140,733,3.0,3.85
606,32728,4.0,0.0
275,2937,5.0,3.6
474,26712,4.0,0.0
525,42002,4.0,3.06
458,316,4.0,3.36
177,37727,2.5,2.96
328,110,1.0,4.11
130,300,3.0,3.46
561,122920,3.5,3.95
332,62250,4.0,0.0
435,6539,4.5,3.87
599,94959,4.0,4.42
21,4700,3.0,3.33
511,4973,4.0,4.25
44,3,3.0,3.28
177,235,3.0,3.76
593,914,4.0,3.97
381,33615,3.5,3.49
183,457,5.0,4.01
480,4011,3.5,4.39
177,59369,3.5,3.83
599,116963,1.5,0.0
291,134853,1.0,3.92
347,266,3.0,3.31
188,2967,4.0,0.0
232,6377,4.0,4.24
153,95167,0.5,3.57
414,4262,4.0,4.31
449,2502,4.5,4.13
313,3578,5.0,4.02
195,4306,3.0,3.93
19,3421,4.0,3.94
9,5890,4.0,0.0
91,3698,4.0,3.33
543,637,5.0,3.33
198,3448,5.0,3.62
514,2087,4.0,3.49
112,2028,5.0,4.14
480,6539,3.0,4.12
143,40962,3.0,0.0
325,5544,4.0,0.0
131,89745,4.0,3.77
483,3999,3.5,2.68
608,3864,2.0,2.45
477,5445,4.0,3.84
288,4815,4.0,3.33
245,3114,4.0,3.88
259,442,0.5,3.01
266,16,5.0,3.99
302,377,3.0,3.54
381,48780,4.0,4.39
68,60040,3.0,3.57
600,2089,3.0,3.86
381,5378,3.5,3.44
474,45499,4.5,3.59
39,1136,4.0,4.23
590,2010,4.0,3.93
6,837,3.0,3.52
89,92643,5.0,0.0
603,17,3.0,3.94
166,7373,4.0,3.56
414,3707,3.0,2.84
166,51935,4.5,4.04
560,33794,3.5,4.03
606,3578,3.5,4.11
435,80463,4.5,3.76
448,34150,2.0,3.03
368,95,2.0,2.96
68,34162,5.0,3.89
140,3178,5.0,3.65
64,3785,2.5,3.09
68,2294,3.0,3.47
68,1917,3.0,3.1
177,2338,2.0,2.4
528,75805,2.5,2.75
220,4011,4.0,4.21
309,7143,4.0,3.91
68,54999,3.5,4.44
555,2121,3.0,2.32
217,34,4.0,3.65
398,81845,5.0,4.16
608,374,0.5,2.44
41,122882,2.5,3.82
274,2710,2.0,3.18
458,296,4.0,4.23
391,5575,2.0,0.0
501,662,3.0,2.51
448,58559,3.5,4.59
24,1639,3.0,3.69
42,1704,5.0,4.23
182,4235,5.0,4.11
599,4132,1.5,2.75
169,4142,3.5,0.0
249,80463,4.0,3.87
474,49666,3.0,0.0
610,106920,5.0,4.38
366,48516,4.5,4.27
552,3175,4.0,3.67
608,1754,4.0,3.77
414,5531,2.5,0.0
290,951,5.0,4.57
501,15,1.0,3.07
325,1260,4.0,3.33
334,5902,3.5,3.92
265,491,3.0,3.53
219,150,4.0,3.85
474,51884,4.0,0.0
318,143896,4.5,0.0
474,2369,3.0,2.46
57,3030,5.0,4.13
28,5955,3.0,4.21
610,110746,4.0,0.0
160,2918,2.0,3.96
260,1175,4.0,3.92
508,2872,1.5,3.8
226,542,3.0,3.08
466,6281,4.0,2.95
387,8154,4.0,3.88
219,4270,2.5,3.04
307,4893,3.0,0.0
260,5219,3.0,3.19
226,2003,3.5,3.38
594,4991,4.0,0.0
420,6333,3.5,3.7
369,27904,5.0,3.69
380,3615,3.0,3.24
222,2710,1.0,3.05
38,237,3.0,3.35
123,80463,4.5,3.76
266,1197,4.0,4.3
17,110,4.5,4.11
232,72129,3.0,0.0
387,3608,3.0,2.9
177,25856,3.5,0.0
448,4638,4.0,3.16
424,1221,2.5,4.3
409,2713,2.0,3.06
275,6218,5.0,3.36
474,628,3.0,3.73
339,47,4.5,4.07
279,1291,4.5,4.17
610,3994,4.5,3.87
482,2408,3.0,2.18
213,1721,4.0,3.47
438,6879,4.0,3.51
186,500,4.0,3.49
483,778,4.5,4.2
425,1690,3.5,2.87
91,1219,5.0,4.1
381,260,3.5,4.35
103,1358,4.0,4.24
280,45722,3.5,3.56
524,405,2.0,2.62
89,72701,4.0,0.0
562,2908,4.0,3.45
524,318,1.0,4.53
68,39183,2.0,3.58
448,91094,3.5,2.97
217,1954,2.0,3.94
219,1968,3.0,3.87
136,168,4.0,3.02
121,592,3.0,3.48
606,1923,3.0,3.84
414,3791,4.0,3.52
19,3584,2.0,0.0
424,2797,3.5,3.74
298,8784,2.5,3.94
59,1247,5.0,4.01
599,78499,2.5,4.57
21,91535,3.5,3.41
422,2959,4.0,4.25
500,1148,4.0,4.07
288,1222,3.0,4.4
307,2542,3.0,4.34
448,78499,5.0,4.43
4,2791,5.0,3.85
590,7573,2.5,3.17
525,44555,4.5,4.19
305,50442,4.0,2.72
288,2371,1.0,3.24
552,3798,3.0,3.22
605,1032,1.0,3.26
452,2115,5.0,3.67
60,2724,3.0,2.63
310,1304,5.0,3.93
318,441,4.5,4.01
380,2797,3.0,3.92
268,47,3.0,3.99
126,480,3.0,3.72
560,367,4.0,3.25
438,5580,3.5,0.0
424,106782,4.0,4.05
520,256,3.0,2.83
160,3869,3.0,3.36
413,35836,5.0,3.52
352,93363,2.0,3.59
139,7147,1.5,3.81
68,4995,3.5,4.48
206,736,3.0,3.45
572,1,4.0,3.96
381,673,3.0,3.07
76,30707,4.0,3.85
275,357,4.0,3.59
571,3021,2.0,0.0
489,3994,1.0,3.64
586,110,5.0,4.1
106,59315,3.5,3.85
155,592,3.0,3.47
448,3705,2.0,2.39
63,4226,3.5,4.24
227,356,5.0,4.2
313,1222,5.0,4.2
608,2231,5.0,3.91
103,596,4.5,3.5
103,6936,5.0,3.75
286,3499,4.5,3.88
599,4846,2.5,3.94
167,8360,4.0,3.57
62,103042,3.5,3.47
480,6873,2.0,3.26
332,1835,2.5,3.63
232,5810,4.0,3.41
104,2078,4.0,3.89
332,97757,4.0,0.0
156,2110,2.0,3.54
409,858,5.0,4.29
414,5400,4.0,2.92
348,1208,5.0,4.2
217,2174,4.0,3.59
387,46572,4.5,2.93
125,59784,4.0,3.45
605,7373,3.0,3.54
606,3855,4.5,0.0
597,2541,3.0,3.36
405,1805,4.0,2.86
448,2382,2.0,3.05
361,8972,4.0,3.45
280,7,4.5,3.12
202,3060,5.0,3.78
393,96079,5.0,3.88
480,48516,4.5,4.56
322,1237,3.0,4.29
249,2700,4.5,4.14
380,1920,4.0,3.2
32,1084,4.0,4.13
534,69526,2.0,2.56
380,6338,2.0,2.74
307,44191,4.0,4.07
42,350,4.0,3.46
487,86347,1.0,4.34
199,8984,3.0,3.25
357,1416,4.5,3.53
507,593,3.0,4.17
495,87869,4.0,3.65
80,96079,4.5,3.86
414,27555,3.0,0.0
577,2815,2.0,2.15
230,35836,4.0,3.53
169,318,5.0,4.55
382,5952,5.0,4.12
456,783,4.0,3.39
484,58559,3.5,4.26
610,27480,4.5,0.0
307,428,4.0,4.05
156,5902,4.5,3.95
582,91529,4.5,4.08
448,5247,4.0,1.95
606,45722,2.0,3.66
52,68358,5.0,4.02
90,141,3.0,3.51
325,1721,4.0,3.51
529,786,5.0,3.19
534,122892,3.5,4.07
314,32,3.0,3.98
606,207,3.5,3.6
342,2881,4.0,3.03
177,53125,4.5,3.9
599,1562,1.5,2.21
219,2762,2.0,4.03
474,1933,3.0,0.0
325,1207,4.0,4.21
387,2329,4.0,4.44
249,122882,5.0,3.94
235,25,5.0,3.84
352,52328,5.0,3.88
606,31923,4.0,0.0
414,2471,2.0,2.78
292,63082,4.0,3.99
339,79091,4.5,3.91
599,1883,4.0,3.72
51,7147,4.0,3.83
1,3440,4.0,1.79
477,2699,2.5,2.96
356,7419,4.0,3.82
590,2082,3.0,2.82
307,2335,3.5,2.89
239,2502,5.0,4.21
317,1485,2.0,3.12
45,1391,3.0,3.2
79,1222,4.0,4.07
122,27706,4.0,3.2
220,2716,5.0,3.8
273,588,5.0,3.83
484,7325,4.0,3.31
560,141866,4.0,0.0
217,1081,5.0,3.71
599,4973,5.0,4.58
305,72011,3.0,3.82
601,912,4.0,4.41
563,5524,3.0,2.31
606,1955,4.0,4.32
602,153,4.0,3.01
529,95,4.0,2.84
247,109487,4.0,3.99
230,34162,4.5,3.57
575,296,5.0,4.23
448,7569,3.0,4.1
8,110,3.0,4.07
318,188675,3.5,0.0
586,3986,4.0,2.26
223,5782,4.0,3.86
212,59784,4.0,3.51
177,115617,5.0,4.16
83,4720,0.5,3.7
63,969,3.0,4.04
448,1027,3.0,3.26
222,2411,4.0,2.71
48,168,3.5,2.95
344,318,5.0,4.52
474,551,3.0,3.78
249,90866,4.0,3.86
313,1968,2.0,3.9
484,2485,3.0,2.8
448,116849,2.5,0.0
339,62511,4.0,2.65
483,1391,3.0,3.23
307,55245,3.0,3.68
187,3627,5.0,3.49
385,924,4.0,3.94
356,33794,5.0,3.99
197,1080,5.0,4.06
376,2628,4.5,3.24
561,2145,3.0,3.24
391,353,4.0,3.51
230,6539,5.0,3.91
166,4993,3.5,4.26
125,164909,4.0,2.82
66,8636,5.0,3.85
308,110,1.0,4.05
600,1057,4.5,3.57
82,3977,3.0,2.78
455,344,3.0,2.99
50,1263,3.5,4.12
414,114662,3.5,4.32
408,103341,1.0,3.79
274,34,4.0,3.75
465,1344,5.0,4.01
559,524,4.0,3.55
23,2019,3.0,4.27
213,76251,4.5,3.71
171,1051,5.0,3.49
280,67087,4.0,3.65
7,7153,4.0,4.15
414,3951,5.0,0.0
298,64285,3.0,0.0
43,339,4.0,3.71
274,1967,4.0,4.01
274,47518,3.5,2.96
493,1200,4.0,3.94
80,2291,4.0,3.76
116,539,4.0,3.6
522,2908,4.5,3.43
397,6993,4.5,3.86
599,5450,2.0,3.6
21,31685,3.5,3.27
573,8528,4.5,3.86
45,1615,3.0,3.23
474,1962,4.0,3.96
165,5956,3.0,3.61
325,2289,4.0,4.07
454,904,5.0,4.29
462,5669,4.5,3.76
294,1500,4.0,3.74
91,1961,3.5,3.88
136,93,4.0,3.56
469,2253,4.0,2.14
574,339,4.0,3.6
410,3363,3.0,3.93
414,4167,4.5,4.14
600,46723,2.5,3.58
68,1620,3.0,3.55
42,2706,5.0,3.39
434,480,5.0,3.79
599,176371,3.5,3.99
553,49530,4.0,3.81
294,2798,1.0,1.53
525,4366,2.5,3.48
177,1064,4.0,3.72
318,52885,3.0,4.43
599,4591,2.5,0.0
217,444,2.0,0.0
580,6863,3.0,3.54
606,4572,2.0,0.0
332,1676,2.0,3.55
414,2018,4.0,3.37
111,159441,4.5,0.0
474,5266,4.0,3.25
409,919,5.0,3.91
372,357,4.0,3.56
567,110730,0.5,2.39
156,1284,5.0,3.73
321,350,4.0,3.33
489,3751,3.5,3.68
474,2118,4.0,4.05
352,102194,4.0,0.0
387,2989,3.5,3.59
284,303,4.0,3.04
68,2692,2.0,4.16
425,2959,4.5,4.29
14,367,1.0,3.21
307,597,3.0,3.71
606,2405,3.0,2.99
160,3910,5.0,3.41
414,59141,4.5,0.0
325,1717,3.0,3.01
57,2376,3.0,3.52
51,2100,4.0,3.06
290,1997,4.0,4.16
249,93443,4.0,0.0
290,1094,4.0,3.55
112,292,4.0,3.4
318,1370,3.5,3.72
139,8528,1.0,3.77
446,317,3.0,3.21
368,3529,3.0,4.24
534,107406,3.5,3.57
489,308,3.5,3.83
257,112,3.5,3.58
522,541,2.5,4.16
103,61323,4.0,3.63
42,144,4.0,3.73
380,6721,3.0,3.77
140,3737,4.0,0.0
387,1204,4.0,4.38
577,1320,3.0,3.13
109,540,3.0,2.82
212,152970,4.5,0.0
249,489,3.0,0.0
462,3448,2.5,3.65
555,2817,3.0,1.66
64,186,2.5,3.32
610,31804,3.0,0.0
358,605,3.0,3.34
249,4470,4.0,0.0
608,3953,2.0,2.47
414,2,3.0,4.09
27,356,5.0,4.21
474,1642,1.5,0.0
387,3730,5.0,4.29
369,778,4.0,4.07
57,2709,3.0,3.05
375,2687,3.5,3.38
572,1393,4.0,3.51
226,277,3.0,3.59
222,5507,2.5,2.74
133,47,4.0,3.95
187,31364,5.0,4.2
82,1485,3.5,3.22
350,786,4.0,3.21
534,88744,4.0,3.55
28,3175,1.5,3.75
19,913,5.0,4.16
21,33493,4.5,3.59
28,253,3.0,3.54
606,44301,3.5,0.0
182,166,1.5,3.46
10,91104,3.0,2.15
274,59022,4.0,3.27
136,234,3.0,2.54
525,292,3.5,3.43
306,45668,5.0,3.06
318,71156,4.5,3.44
457,3408,2.0,3.54
495,5110,5.0,3.6
509,111743,3.5,3.0
603,1332,4.0,3.46
42,3361,4.0,3.89
593,1265,2.5,3.98
222,96448,3.5,0.0
274,6323,4.0,3.67
95,5378,4.0,3.34
382,160980,4.0,3.25
181,296,2.0,4.22
318,86548,3.5,0.0
562,80831,4.0,4.17
514,1961,4.0,3.89
599,911,3.0,3.92
414,5478,4.0,3.51
390,1784,4.5,3.75
391,1610,4.0,3.89
599,2052,1.0,3.22
599,58404,2.5,0.0
383,2445,3.0,2.42
567,3742,0.5,4.04
292,4306,4.0,4.01
594,3578,4.5,4.0
11,153,3.0,2.97
283,1541,3.0,2.77
452,2916,4.0,3.66
73,107348,1.5,3.58
393,457,5.0,3.99
233,2296,2.0,2.5
223,4306,4.0,3.93
480,5669,3.5,3.84
50,2553,3.0,3.01
249,93840,5.0,4.53
474,904,4.0,4.66
474,8057,3.0,0.0
385,1371,3.0,3.07
308,2028,0.5,4.12
414,3138,3.0,0.0
424,6212,1.0,1.98
477,7051,4.0,0.0
267,593,5.0,4.18
105,1809,4.0,3.77
606,1273,4.0,3.82
405,32587,5.0,3.88
573,6,4.5,3.98
425,105,3.0,3.26
222,5710,2.5,0.0
408,54648,4.5,2.86
160,1370,2.0,3.61
160,420,1.0,2.99
64,5954,4.5,3.95
367,4149,3.0,2.8
220,45499,4.0,3.39
275,2890,5.0,3.72
237,356,2.0,4.18
181,31,3.0,3.41
198,480,3.0,3.76
464,1221,5.0,4.31
63,344,5.0,2.99
254,8360,4.5,3.57
4,599,2.0,4.03
260,471,4.5,3.75
294,663,1.0,3.38
91,1994,4.0,3.5
89,93510,3.0,4.09
564,6863,3.5,3.53
324,3948,4.0,3.47
602,551,4.0,3.57
28,3033,3.0,3.52
608,30810,3.0,3.68
514,34,4.0,3.69
288,3016,3.0,2.97
555,541,4.0,4.18
249,48780,3.5,4.59
410,164,3.0,3.48
572,2243,5.0,3.5
381,69436,2.5,2.85
414,39292,4.0,3.81
274,5507,2.5,2.82
249,1257,4.0,3.62
274,31909,4.0,0.0
169,6156,3.5,3.12
414,112940,4.5,0.0
140,588,3.0,4.01
96,3819,3.0,0.0
288,40583,4.0,3.85
514,62,4.0,3.78
2,80906,5.0,4.07
524,168,2.0,3.0
590,1597,3.0,3.17
606,6885,3.0,2.57
567,99917,3.5,0.0
353,222,1.0,4.32
554,2087,4.0,3.48
411,105,3.0,3.28
475,122904,5.0,4.14
414,3308,4.0,4.4
474,1389,1.5,1.56
233,81845,3.5,4.16
125,81,3.0,2.92
414,585,2.5,3.04
365,81229,2.0,3.53
239,47,5.0,4.09
62,113741,4.0,0.0
474,1304,3.5,4.28
68,2717,2.0,3.36
555,19,3.0,2.91
330,7361,3.5,4.35
310,6410,4.5,0.0
140,62,4.5,3.88
68,68319,3.5,2.94
50,170875,1.0,0.0
317,27773,5.0,4.1
84,1185,4.0,0.0
33,608,4.0,4.17
448,115713,3.0,4.58
484,7173,4.0,3.25
298,134808,2.0,0.0
307,101,4.5,3.72
564,6936,3.5,3.75
475,40629,4.5,3.38
199,597,3.0,3.62
217,1614,3.0,3.11
560,107348,3.0,3.6
177,53993,3.0,2.83
93,1562,4.0,2.06
307,6999,2.0,0.0
600,7451,3.5,3.68
564,58998,4.0,4.18
600,8665,0.5,3.93
105,89864,4.0,3.84
418,111781,0.5,3.86
249,93512,4.0,0.0
577,2054,3.0,2.94
116,2797,3.0,3.75
490,5816,2.5,3.59
51,1499,0.5,1.51
483,103341,4.5,3.85
599,3784,2.0,2.3
15,4995,5.0,4.08
359,54259,1.0,3.58
4,4741,3.0,3.97
45,3087,3.0,3.56
482,1220,3.0,3.88
94,282,3.0,3.48
217,1022,3.0,3.66
503,94130,3.5,0.0
448,356,3.0,4.55
21,1265,3.5,4.11
428,6059,3.5,3.25
599,1088,2.5,3.57
603,4424,4.0,3.37
280,5103,5.0,3.44
42,3481,4.0,3.71
539,2094,3.5,3.33
82,1645,2.0,3.4
591,2706,3.0,3.32
432,3980,4.0,3.17
603,2248,3.0,3.91
312,3264,2.0,2.57
282,68157,3.5,4.21
104,47997,4.0,4.26
111,84772,3.0,3.57
206,1073,3.0,3.91
483,1320,2.5,3.23
129,3698,4.0,3.23
179,65,3.0,2.71
15,3555,4.0,3.38
182,1833,3.5,3.42
368,2402,3.0,3.33
387,3949,4.0,4.1
610,1089,5.0,4.44
600,36401,3.5,2.92
414,1719,4.0,4.2
432,1911,2.0,2.68
66,110,5.0,4.17
226,54503,4.5,4.18
414,4067,4.0,2.5
599,2115,3.5,3.82
590,6281,2.5,3.07
600,7566,4.0,0.0
477,53464,3.5,2.45
102,474,4.0,3.89
414,3898,1.5,0.0
331,4816,3.0,3.54
36,1485,0.5,3.08
99,282,4.0,3.48
52,63082,5.0,3.97
518,2353,4.0,3.36
63,8361,3.0,3.25
551,51080,4.5,3.71
66,356,5.0,4.34
464,78105,2.5,3.27
600,4306,3.5,4.04
509,53322,3.0,3.87
480,2617,3.0,3.12
474,48698,4.0,0.0
567,160438,1.5,2.83
483,6934,1.5,3.35
91,3013,4.0,0.0
448,73321,3.5,3.9
82,2987,3.5,3.67
444,367,4.0,3.21
597,2105,3.0,3.48
125,76251,4.0,3.8
414,4624,3.0,0.0
153,1732,3.5,3.93
453,4056,1.0,3.61
606,8128,4.0,4.19
68,72641,4.5,3.97
68,357,1.0,3.75
368,1388,2.0,2.42
116,736,4.0,3.47
414,4168,4.0,2.31
7,32031,1.5,3.26
19,1324,2.0,0.0
68,26712,4.0,0.0
298,4878,3.5,4.18
448,118924,3.0,0.0
38,292,3.0,3.43
564,318,3.0,4.51
380,588,5.0,4.19
292,356,4.5,4.33
292,3623,4.0,2.81
292,2122,1.5,1.87
483,902,4.0,4.04
448,2376,2.5,3.65
390,3967,3.5,3.78
422,3943,3.0,2.53
399,4993,4.5,4.17
477,2470,4.0,3.38
409,1307,4.0,3.92
387,3504,4.5,3.93
290,3219,3.0,3.26
560,4878,3.5,4.14
570,1197,4.0,4.3
57,1248,5.0,4.37
232,27821,3.0,3.72
317,88163,3.0,4.12
294,1171,3.0,3.27
217,2529,2.0,3.84
414,3793,4.0,3.88
425,8360,4.0,3.63
428,110,2.5,4.12
527,1387,5.0,4.13
420,5784,3.5,2.31
517,2141,1.5,3.73
414,373,4.0,3.97
387,5570,3.0,3.74
489,952,4.5,3.43
208,2571,5.0,4.15
232,56949,3.0,3.41
119,4015,4.0,3.01
182,3861,2.5,2.87
304,1573,4.0,3.45
376,1291,4.0,4.15
414,4776,4.0,4.21
372,188,2.0,3.72
385,999,3.0,2.81
397,232,4.5,3.77
381,5502,4.0,3.24
18,7318,2.5,3.82
587,1028,4.0,3.78
606,2870,4.0,3.07
103,79091,4.0,3.86
480,44195,4.0,4.05
352,1729,4.0,3.75
590,49530,3.0,3.92
373,296,5.0,4.24
210,7811,4.0,0.0
480,27821,3.5,3.69
122,1748,5.0,3.74
6,552,3.0,3.55
607,25,3.0,3.79
72,2427,4.5,3.1
480,4223,3.0,3.91
288,1544,3.0,2.78
592,204,3.0,2.65
38,252,2.0,3.68
380,95473,4.0,0.0
587,539,4.0,3.64
448,5700,0.5,0.0
597,1124,5.0,3.51
347,208,3.0,3.01
448,3698,2.0,3.4
95,5956,4.0,3.61
525,95167,4.0,3.81
590,2628,2.5,3.31
414,1028,4.0,4.24
306,111113,2.5,3.51
90,1137,4.0,0.0
177,27773,4.0,4.17
480,5349,4.0,3.74
502,1320,4.0,3.11
489,6890,3.5,0.0
39,2571,5.0,4.18
346,912,4.5,4.36
184,183911,1.5,0.0
610,66310,3.5,0.0
318,155774,3.5,0.0
553,5059,5.0,0.0
312,3175,3.0,3.69
137,3507,4.0,4.03
28,7143,3.5,4.0
414,151,5.0,3.6
223,296,3.0,4.26
330,2871,4.0,3.79
509,5389,4.0,0.0
525,31658,4.0,4.31
380,6564,2.0,3.24
159,4823,3.0,2.98
600,3949,3.5,4.02
380,16,3.0,4.09
391,1183,3.0,3.9
578,73017,5.0,3.82
230,34,2.0,3.65
570,1262,3.0,4.27
305,81845,4.0,4.25
606,1097,3.5,3.94
64,2324,4.0,4.2
91,1356,3.5,3.91
105,3821,3.0,2.47
321,237,3.0,3.37
234,4241,3.0,1.87
220,6,3.5,3.96
599,181315,3.5,0.0
111,4388,0.5,2.82
298,111659,1.0,3.04
27,2628,5.0,3.23
95,5246,4.0,1.49
177,76293,2.5,3.27
483,1221,3.5,4.39
448,164375,1.5,0.0
294,2060,2.0,3.3
151,3,3.0,3.28
453,2880,4.0,2.54
79,1261,5.0,3.97
288,500,3.0,3.61
305,74510,5.0,4.17
272,51662,3.5,3.59
207,2329,3.5,4.24
596,32587,3.5,3.99
430,4014,4.0,3.64
599,34437,2.5,3.89
249,45499,3.5,3.76
605,3052,2.0,3.67
153,184471,0.5,3.21
305,37727,4.0,3.0
111,34520,2.5,2.11
564,119145,4.0,3.95
68,4306,5.0,4.27
474,8044,3.5,4.25
555,2376,4.0,3.61
534,45186,4.0,3.68
425,1566,3.0,3.36
555,2473,2.0,2.86
217,2431,2.0,3.47
606,1117,3.5,0.0
426,5816,5.0,3.62
182,1237,5.0,4.36
318,1377,3.5,3.0
434,924,4.5,3.93
204,6874,4.5,3.91
305,2700,4.5,4.19
103,1954,5.0,4.0
203,56174,4.0,3.47
80,77561,4.5,3.64
199,3536,4.0,3.18
182,3448,4.5,3.77
217,3,1.0,3.42
104,5380,4.0,3.9
488,552,2.5,3.4
186,2716,3.0,3.82
282,912,3.5,4.39
110,7160,3.5,3.3
11,380,4.0,3.56
128,608,5.0,4.14
610,97643,3.0,0.0
307,1997,3.0,4.15
266,2947,5.0,3.92
91,5640,3.0,0.0
590,1580,3.5,3.7
259,7149,4.0,3.5
240,539,3.0,3.65
104,468,3.5,3.35
28,3911,3.0,3.79
193,86347,0.5,4.31
448,93326,2.0,3.17
131,68237,3.0,3.95
275,1187,5.0,3.18
306,117590,4.0,4.0
232,51084,3.5,3.42
474,5248,0.5,1.84
352,356,5.0,4.28
331,8529,3.5,3.27
64,1953,3.0,3.97
313,1037,4.0,2.65
42,383,4.0,3.12
555,2683,5.0,3.15
89,61024,3.5,3.84
23,293,4.0,4.07
62,94777,3.5,3.63
256,4447,4.0,3.2
135,427,3.0,1.34
66,2139,4.0,3.46
511,119145,4.0,3.92
266,1093,4.0,3.49
325,1264,4.0,3.73
555,1377,3.0,3.03
288,31923,4.0,0.0
240,252,3.0,3.72
298,109487,3.0,4.22
219,4025,0.5,3.2
103,60069,4.0,4.17
599,293,5.0,4.38
438,1784,4.0,3.81
489,364,4.0,4.1
129,7153,4.5,4.18
100,1580,4.0,3.55
331,49272,4.5,4.12
234,1214,5.0,3.93
572,908,5.0,4.12
226,10,4.0,3.56
432,6942,2.5,3.85
330,1291,3.5,4.18
28,3272,4.0,3.52
339,78499,4.0,4.38
332,3703,4.0,3.89
372,1136,3.0,4.25
68,3257,3.5,3.21
105,62849,4.5,3.63
414,4126,3.0,3.73
166,33493,4.0,3.51
483,3160,3.5,3.68
64,1263,4.5,4.12
210,2011,4.5,3.52
528,1718,4.5,0.0
195,4027,3.0,3.78
307,1544,2.0,2.76
374,165,3.0,3.63
177,38038,3.0,4.05
274,1219,4.0,4.22
534,85261,3.5,0.0
260,4437,2.5,4.64
322,913,3.5,4.22
66,1100,3.5,2.56
299,1387,4.0,4.09
132,1635,3.0,3.97
469,1037,1.0,2.71
448,3911,3.0,3.95
599,3906,2.0,0.0
474,6289,3.5,0.0
560,40414,3.5,4.02
249,95543,3.0,2.89
538,66934,5.0,3.87
298,3793,2.5,3.75
379,19,2.0,2.84
105,8033,4.0,3.66
169,914,5.0,3.94
308,5669,3.0,3.77
307,223,4.0,3.98
240,1073,5.0,3.97
474,7102,3.0,0.0
392,2694,4.0,3.24
292,59315,4.5,3.93
62,2012,4.5,3.56
304,1569,3.0,3.55
474,950,4.0,3.57
566,39,4.0,3.41
232,56174,3.0,3.59
525,2078,4.0,3.91
351,8950,4.0,4.1
610,7143,3.5,4.11
489,3863,3.5,3.13
313,5463,4.0,2.78
199,5377,4.0,3.79
105,116411,4.5,0.0
610,86332,3.5,4.01
274,2641,3.0,3.08
199,1513,2.5,3.23
509,93510,3.0,4.1
279,1036,5.0,3.89
139,3300,2.0,3.67
387,6920,4.5,0.0
483,69122,4.5,3.9
606,41285,4.0,3.71
483,94266,3.5,3.19
556,4993,4.5,4.16
474,7033,3.5,0.0
254,44195,4.0,4.06
385,535,2.0,3.32
437,1183,5.0,3.86
462,1258,2.5,4.23
418,112556,4.0,3.74
45,2492,4.0,2.3
414,1240,5.0,4.31
249,166643,4.5,4.48
448,4225,4.0,4.23
603,1449,2.0,3.73
6,113,3.0,0.0
465,474,4.0,3.91
483,27815,5.0,3.89
596,50,3.5,4.42
590,1964,3.5,4.29
132,48780,3.5,4.36
8,185,5.0,3.14
425,5349,3.0,3.63
160,288,5.0,3.41
365,1527,2.0,3.81
414,1609,2.0,0.0
91,2502,4.5,4.26
68,72167,1.0,0.0
21,3462,3.0,3.78
292,54286,4.5,3.78
232,52712,3.0,0.0
140,1343,3.0,3.77
387,1250,4.0,4.18
326,55721,4.5,4.25
111,113453,4.0,2.99
4,3255,4.0,3.34
160,1587,1.0,3.42
453,1784,4.0,3.82
268,1201,5.0,4.24
232,61024,3.5,4.06
599,3196,3.0,4.07
247,2081,2.0,3.47
260,3006,4.0,3.75
583,88405,3.0,2.89
490,50954,1.0,0.0
450,1969,3.0,2.43
373,500,2.0,3.48
156,260,1.0,4.3
91,2716,4.5,3.86
213,7153,4.5,4.14
599,100,2.0,3.05
448,3256,4.0,3.93
509,72737,3.5,3.9
217,3519,3.0,3.15
416,2762,2.5,3.9
380,110102,5.0,4.2
202,2948,5.0,3.69
226,6625,4.0,0.0
279,140174,3.5,3.54
6,265,3.0,4.0
288,2291,3.0,3.89
200,1291,3.5,4.21
334,38038,4.0,3.85
148,134853,4.0,3.92
318,5903,4.0,4.02
111,2959,5.0,4.23
590,3624,3.0,3.34
490,8638,4.0,4.23
590,3386,3.5,3.09
275,194,2.0,3.68
381,2716,4.0,3.85
18,122926,3.5,4.35
405,76251,4.0,3.71
47,3969,3.5,3.24
436,158,3.0,2.91
211,1556,2.0,1.75
378,48516,4.5,4.27
480,4643,2.5,2.84
356,2291,4.0,3.8
391,3698,3.0,3.28
249,1772,3.0,2.78
414,32,5.0,4.45
178,2085,1.5,3.38
305,1036,4.0,3.98
483,1894,3.0,2.98
190,6016,5.0,4.13
64,7318,3.5,3.76
590,2160,4.0,4.32
414,54881,4.0,4.01
443,2959,4.0,4.27
221,25841,4.5,0.0
380,1385,3.0,3.43
474,33794,3.5,4.16
600,8507,3.5,3.17
314,367,3.0,3.24
380,88515,3.0,0.0
610,5254,4.0,3.52
377,900,2.5,0.0
274,780,3.5,3.68
306,136016,4.5,3.28
182,6323,3.5,3.59
608,3698,2.0,3.35
190,527,5.0,4.22
506,53125,0.5,3.63
474,5604,3.5,0.0
608,3986,2.5,2.28
73,4979,5.0,3.68
387,1104,4.0,4.69
474,5341,3.5,0.0
414,924,5.0,3.97
525,40826,3.0,3.13
608,575,0.5,2.73
610,26603,4.5,0.0
292,4776,2.0,3.86
268,1285,5.0,3.9
450,3893,4.0,3.34
305,1610,5.0,3.97
288,4321,4.0,3.48
597,2146,4.0,3.26
438,3489,3.5,3.58
307,700,1.5,3.73
300,63082,4.0,3.84
6,469,4.0,0.0
330,589,3.5,4.12
608,3948,4.0,3.67
230,7438,1.0,3.96
51,3219,4.0,3.33
275,2355,4.0,3.62
68,5952,4.0,4.31
129,1690,3.5,2.85
307,104,3.0,3.68
249,6537,3.5,3.16
308,8961,4.0,3.83
483,379,1.0,2.48
509,1136,4.0,4.31
603,1982,4.0,3.85
414,4030,2.0,1.69
130,185,3.0,3.13
32,1036,5.0,3.86
19,44,3.0,2.48
273,593,5.0,4.17
459,79132,4.5,4.05
340,150,5.0,3.78
432,5989,4.0,4.08
322,7361,4.0,4.32
490,2571,4.0,4.19
274,2985,3.5,3.68
610,54372,3.5,0.0
125,3342,5.0,3.34
57,2288,3.0,4.17
304,357,5.0,3.56
525,1968,4.5,3.9
559,500,3.0,3.49
356,3362,4.0,3.9
28,5446,3.0,3.33
91,4448,4.0,3.51
215,1257,4.0,3.48
387,492,3.5,4.15
88,6870,4.5,3.7
387,32770,4.0,0.0
167,3175,3.5,3.69
287,5992,5.0,3.5
233,63082,3.5,3.93
414,786,3.0,3.7
288,3263,4.0,3.19
332,53125,4.0,3.69
286,2000,3.0,3.69
98,168250,4.5,3.91
22,4995,3.5,4.04
370,1721,3.5,3.48
606,4446,2.5,3.5
132,353,3.0,3.48
33,151,4.0,3.46
606,1571,4.0,0.0
608,51255,4.5,4.07
334,2843,4.0,3.61
600,2321,4.0,3.53
186,1259,4.0,3.98
68,93510,5.0,4.37
534,798,4.0,3.26
414,1569,4.0,3.79
608,429,2.5,0.0
483,5965,4.5,0.0
543,2421,5.0,2.57
352,60069,5.0,4.17
221,1222,4.5,4.19
232,6764,3.0,3.56
24,46976,4.0,3.46
298,102481,0.5,3.94
10,58047,3.5,3.53
159,112556,2.0,3.72
28,3174,2.5,3.4
307,8360,3.0,3.65
182,6893,3.0,4.16
189,48516,4.0,4.26
377,5979,3.0,0.0
187,3578,2.0,3.99
307,1366,4.0,0.0
177,97913,4.0,4.07
57,2393,2.0,2.78
477,8983,3.5,3.51
368,1518,3.0,3.41
495,4995,5.0,4.17
570,1210,4.0,4.28
474,2719,1.5,2.33
407,2028,4.0,4.11
129,33679,5.0,3.32
453,1665,5.0,3.11
573,102125,5.0,3.72
599,3045,3.0,3.13
219,4247,1.0,2.42
416,5951,5.0,2.66
479,3100,4.0,4.01
606,2329,4.0,4.43
339,89904,4.5,3.98
265,361,4.0,3.07
424,500,2.5,3.45
381,3608,1.0,2.9
274,724,3.0,3.04
326,60885,3.5,0.0
232,72378,3.5,2.97
599,5665,2.5,2.46
157,1193,3.0,4.15
331,1676,4.0,3.55
603,4766,4.0,0.0
198,1274,4.0,3.58
424,223,3.5,3.93
597,2419,4.0,0.0
328,51255,5.0,3.86
599,39801,2.0,0.0
292,8383,1.0,0.0
381,2968,2.0,4.06
599,1374,3.0,3.85
220,2359,3.5,3.52
601,76093,5.0,3.87
432,1210,3.5,4.25
263,7361,4.5,4.3
387,466,1.5,3.17
559,520,3.0,3.1
103,35836,3.5,3.6
226,3421,4.5,3.95
4,1617,2.0,4.12
489,6367,1.5,2.66
420,1208,3.5,4.21
448,80241,2.5,3.65
289,708,3.0,3.31
370,47,3.5,3.97
230,41566,4.5,3.43
479,3070,5.0,3.38
177,106002,3.0,3.54
461,2571,0.5,4.17
313,47,5.0,4.11
268,1965,4.0,3.66
220,5872,1.0,3.01
368,1259,4.0,4.0
578,5092,3.5,3.5
108,5945,5.0,3.17
227,1961,4.5,3.83
125,1240,4.0,3.94
313,3256,4.0,3.82
274,81834,3.5,4.44
256,4246,4.0,3.74
414,6367,4.0,3.37
414,49278,2.0,3.83
339,8644,4.5,3.6
607,3438,3.0,2.88
332,1527,2.5,3.8
484,35836,4.0,3.57
125,4246,2.5,3.74
18,163,4.0,3.74
103,1961,5.0,3.92
58,185,3.0,3.2
425,95,2.5,2.92
522,112852,5.0,4.36
298,6287,2.5,3.16
337,1,4.0,3.91
562,1393,3.5,3.51
6,842,3.0,2.38
45,435,3.0,2.59
105,308,4.5,3.83
51,1391,4.5,3.17
513,923,4.0,4.01
235,235,4.0,3.7
123,2858,3.5,4.06
590,903,4.5,4.07
21,46972,3.5,3.5
88,8950,5.0,4.04
425,8528,3.5,3.8
551,103772,3.5,3.43
599,4226,4.5,4.42
289,26704,4.0,0.0
448,4167,2.0,3.76
288,2057,3.0,3.38
608,353,4.0,3.57
304,3155,5.0,3.99
590,1947,4.0,3.66
270,135,1.0,3.03
328,39,2.0,3.4
177,89470,4.0,3.66
590,2763,3.0,3.8
591,3916,4.0,3.6
385,1304,4.0,3.95
590,6378,3.0,3.9
465,912,5.0,4.38
599,86644,2.5,4.12
68,737,2.0,2.74
474,6367,4.0,2.93
289,1080,3.5,4.07
372,590,3.0,3.86
501,25,2.0,3.79
169,5445,4.0,3.73
57,520,3.0,3.2
288,534,4.0,3.55
290,2321,4.0,3.47
590,47099,3.5,3.9
510,7028,2.5,3.6
246,7099,4.5,4.16
229,367,3.0,3.22
534,104241,4.0,3.58
318,108729,4.0,3.35
318,4973,4.0,4.45
10,56367,3.5,3.76
361,31685,4.0,3.12
564,88163,5.0,4.17
274,596,3.5,3.5
208,2762,4.0,3.89
304,1566,3.0,3.32
452,3702,4.0,3.85
560,54503,4.0,4.17
532,6,5.0,3.92
139,4036,1.5,3.23
305,5418,3.5,3.88
560,46972,3.0,3.46
111,71668,4.5,2.76
490,74946,1.0,3.73
489,22,3.5,3.31
317,81158,3.0,3.34
325,2023,3.0,3.38
599,5618,2.5,4.47
156,2290,1.0,0.0
398,79132,3.0,4.07
489,3105,4.0,4.07
524,445,3.0,2.44
517,587,4.0,3.39
474,4969,3.5,4.4
603,3566,1.0,3.56
34,6333,5.0,3.68
578,52668,4.0,0.0
91,368,3.0,3.61
222,45447,3.0,3.19
590,61323,3.0,3.66
380,1831,3.0,2.63
387,948,3.0,0.0
280,50912,4.0,2.84
21,135536,3.5,2.86
448,2915,4.0,3.67
586,587,4.0,3.33
177,8907,3.0,2.33
318,59900,3.0,3.37
18,7843,4.5,0.0
315,2015,3.0,3.5
182,2181,3.5,3.82
377,89745,5.0,3.75
182,1754,4.0,3.81
380,6323,5.0,3.59
182,2336,4.5,4.25
474,3668,3.5,4.03
219,5952,3.5,4.18
262,322,3.0,3.94
474,8607,4.0,3.69
432,260,3.5,4.29
571,1993,2.0,1.76
262,708,3.0,3.32
357,1097,3.5,3.92
344,68954,5.0,4.07
360,1407,4.0,3.21
288,1027,2.0,3.22
580,4027,4.5,3.79
321,480,4.0,3.73
590,4267,3.0,0.0
28,4446,3.5,3.54
599,913,3.5,4.06
115,1379,5.0,2.55
256,4388,3.0,2.72
50,1370,3.0,3.55
483,8644,4.0,3.64
414,2808,3.0,1.7
28,2951,3.0,4.13
387,44665,3.0,3.73
576,1373,1.0,2.46
226,56171,3.5,3.11
448,106883,1.5,0.0
428,551,4.0,3.6
474,3104,2.5,3.94
232,6212,2.5,2.06
543,595,5.0,3.81
380,80219,3.0,3.54
256,6957,4.0,3.47
249,53121,3.0,3.5
68,3755,3.0,3.0
90,818,5.0,3.12
292,34,3.5,3.66
610,3988,2.5,3.12
177,36529,2.5,4.01
186,2082,4.0,2.69
210,111759,4.5,4.15
603,1273,4.0,3.76
596,3440,2.5,1.67
586,106002,4.5,3.47
305,778,5.0,4.18
448,2247,3.0,3.78
232,3483,3.0,3.27
328,3751,3.0,3.64
199,5299,3.5,3.17
103,260,4.0,4.33
239,3996,2.5,3.99
16,4002,3.5,3.9
472,2428,3.0,2.62
345,969,4.5,4.04
10,2671,3.5,3.36
561,56174,2.5,3.66
485,185,5.0,3.15
169,2012,4.5,3.58
19,173,1.0,2.52
62,1291,4.5,4.22
352,2959,5.0,4.32
445,31410,2.5,4.2
79,3266,5.0,0.0
141,4816,3.5,3.51
573,78499,5.0,4.4
249,112623,4.5,3.7
483,2467,4.5,4.0
50,175781,3.0,0.0
559,234,3.0,2.52
590,81591,4.0,3.68
274,78469,3.5,2.95
594,48,4.5,3.2
279,112171,4.0,3.22
119,81229,4.5,3.52
370,32587,4.0,3.89
288,32009,2.0,3.03
239,4571,4.0,3.69
66,2571,5.0,4.27
160,780,1.0,3.53
380,3996,3.0,4.24
423,2268,4.0,3.81
177,1203,4.5,4.3
111,55261,2.5,2.7
501,32,3.0,3.96
323,111364,2.0,2.34
68,1345,3.0,3.26
262,132,3.0,2.37
534,5574,5.0,3.46
509,64716,3.5,4.44
555,1500,4.0,3.77
603,1260,5.0,3.32
378,63082,3.5,3.86
600,2581,1.5,3.07
160,798,1.0,3.26
610,27808,3.5,3.64
592,592,5.0,3.5
387,2006,3.5,3.21
58,457,5.0,4.02
318,2427,4.0,3.02
597,2791,5.0,3.98
414,4389,2.5,0.0
232,37853,3.0,0.0
131,50,4.0,4.31
553,48516,5.0,4.31
105,141810,4.0,0.0
380,44665,4.0,3.83
552,527,4.0,4.23
42,2915,4.0,3.58
277,1043,3.0,2.37
298,68319,2.5,2.83
41,30825,3.0,3.14
471,168252,4.5,4.5
62,60040,3.5,3.39
181,274,3.0,3.05
365,93831,3.5,0.0
294,1064,2.0,3.78
474,8684,3.5,0.0
466,88125,4.5,3.76
414,3197,3.0,3.38
225,2648,2.0,4.08
217,2948,3.0,3.66
561,4545,3.5,3.4
578,75446,2.5,0.0
610,47200,3.0,3.91
594,204,4.5,2.69
425,750,3.0,4.37
184,77561,3.0,3.65
566,256,3.0,2.81
182,2474,4.0,3.39
187,32587,4.0,3.89
263,5991,5.0,3.62
93,2028,5.0,4.12
42,468,4.0,3.44
599,158388,2.5,0.0
476,314,4.0,3.67
534,7153,4.5,4.29
232,30707,4.5,3.94
414,43936,3.5,3.44
160,3893,3.0,3.42
453,1569,5.0,3.58
76,2019,4.0,4.25
474,25962,3.0,0.0
43,594,5.0,3.59
328,54503,3.0,4.1
602,52,3.0,3.56
402,349,3.0,3.73
247,76093,3.0,3.89
580,1682,4.5,4.02
577,1374,3.0,3.75
399,2762,4.5,3.89
141,4002,4.5,3.9
477,7099,4.5,4.13
474,8730,3.5,0.0
89,6156,4.0,3.14
1,2654,5.0,0.0
230,539,2.5,3.61
344,2028,4.0,4.12
54,457,3.0,3.99
95,2528,4.0,3.27
219,57368,2.0,3.23
275,3039,5.0,3.94
274,2042,3.5,2.84
307,49396,2.5,3.73
298,2826,3.0,2.88
68,55620,3.0,0.0
177,2013,2.0,2.93
216,441,3.0,3.91
291,102007,3.0,0.0
239,4306,4.0,4.04
1,1777,4.0,3.51
286,4963,4.0,4.02
346,47,3.5,3.98
5,475,5.0,4.44
4,912,5.0,4.39
599,54281,3.0,3.66
6,318,5.0,4.53
18,5816,3.5,3.6
420,356,4.0,4.23
561,1387,5.0,4.17
534,70305,3.5,0.0
69,4848,4.0,3.91
484,63,4.0,2.74
596,102445,3.0,4.04
353,253,3.0,3.47
318,69757,4.0,3.81
517,5060,4.0,4.04
274,2301,3.5,3.95
318,70286,3.0,4.15
605,56152,3.5,3.64
292,2683,3.0,3.17
148,112175,2.5,4.4
74,51540,4.0,3.88
602,316,3.0,3.36
6,248,5.0,2.88
91,595,3.0,3.89
170,203,3.0,3.67
473,60,2.0,3.33
599,6934,3.0,3.32
68,1258,3.5,4.38
495,117881,4.5,0.0
249,3409,4.0,3.36
68,920,5.0,3.66
483,1101,2.0,3.3
599,5689,2.0,0.0
187,912,4.0,4.39
64,27020,3.5,0.0
414,31225,3.0,3.82
414,3524,2.0,3.87
335,589,5.0,4.0
387,380,2.0,3.71
573,4102,5.0,3.61
84,1299,5.0,4.06
414,50442,3.5,3.28
292,7570,4.0,2.62
8,47,4.0,3.97
99,316,2.0,3.35
193,2858,2.5,4.06
280,96821,5.0,3.75
525,5066,3.5,3.18
414,4524,3.0,0.0
432,5445,4.0,3.8
395,339,4.0,3.62
422,1997,4.0,4.17
249,108928,3.5,2.63
80,70286,4.5,3.94
66,6874,5.0,3.91
387,3461,3.0,2.76
386,10,3.0,3.44
408,65514,4.0,4.03
265,3269,3.0,2.8
525,2048,3.5,3.49
195,2797,4.0,3.77
42,1552,3.0,3.25
298,55261,1.5,2.78
438,8869,2.0,0.0
68,4681,3.0,3.75
414,7193,4.0,0.0
105,49272,4.0,4.19
248,115617,3.5,4.04
305,40583,3.0,3.9
82,3578,4.5,4.03
477,2138,4.0,4.02
555,2115,4.0,3.75
610,58332,2.0,3.45
226,2797,4.0,3.89
599,95441,2.0,3.48
284,153,3.0,2.99
160,2701,1.0,2.45
414,5971,5.0,4.16
21,3984,4.5,3.44
381,48,3.0,3.22
280,60069,4.0,4.09
249,119145,4.5,4.33
18,69757,4.0,3.69
474,33781,3.5,0.0
274,7228,3.0,2.51
448,7245,1.0,0.0
346,4020,3.0,3.14
448,4153,2.0,3.14
219,788,1.0,2.92
602,367,5.0,3.25
62,166534,4.5,3.38
377,25771,5.0,4.52
18,2959,4.5,4.34
125,555,4.0,3.88
475,3793,5.0,3.75
156,3200,4.0,4.48
599,1960,3.5,3.89
294,2792,4.0,2.74
480,4963,3.5,4.26
177,1028,4.0,3.86
232,67197,3.0,2.71
357,44195,3.0,4.11
249,95510,4.5,3.16
434,2571,5.0,4.25
414,933,4.0,4.71
68,1688,3.0,3.35
555,2369,3.0,2.57
308,6936,2.0,3.69
91,3841,2.5,0.0
328,8636,3.5,3.82
474,6867,4.0,3.74
288,4571,3.0,3.82
19,2614,1.0,0.0
480,2012,3.0,3.73
437,125,5.0,3.37
369,1298,4.0,3.95
275,2100,5.0,3.06
292,79695,3.5,3.12
18,71108,4.5,0.0
383,2961,3.0,2.01
520,2628,1.5,3.26
354,1997,4.0,4.2
9,4993,5.0,4.16
498,34,3.0,3.62
474,25940,3.5,0.0
534,1688,4.0,3.31
466,4306,3.0,3.95
182,2310,3.0,0.0
509,1127,3.5,3.44
377,1214,5.0,3.91
539,3740,4.5,3.71
489,49824,4.0,0.0
414,3285,3.0,3.14
555,2959,4.0,4.26
249,55820,4.0,3.96
448,98154,3.5,0.0
599,8934,1.0,0.0
68,1035,2.0,4.19
201,2100,4.0,3.05
104,41573,3.5,2.48
353,364,4.0,3.96
605,69844,4.5,3.88
422,2710,1.0,3.03
419,4022,4.5,3.73
121,186,3.0,3.16
4,3788,3.0,3.89
596,96588,3.5,3.57
414,762,2.0,2.93
62,53121,1.0,3.43
234,1021,3.0,2.65
380,53000,4.0,3.73
91,315,3.0,3.29
4,2763,1.0,3.75
447,293,5.0,4.05
403,3210,3.5,3.48
191,50,5.0,4.27
590,59615,3.0,2.75
35,11,4.0,3.68
448,2409,3.0,3.62
599,424,1.5,2.23
599,2804,2.5,4.13
332,610,2.5,3.53
1,2948,5.0,3.62
125,115680,4.0,0.0
489,3953,1.5,2.45
524,1049,4.0,3.13
38,150,4.0,3.79
606,1268,4.0,3.94
599,1721,3.0,3.56
600,839,3.0,2.93
603,108,4.0,0.0
274,2772,3.5,2.96
219,741,4.0,4.19
66,2291,3.5,3.78
62,1097,4.5,3.88
608,1953,4.5,4.0
382,35836,4.0,3.59
610,3696,3.5,0.0
63,79132,3.5,4.26
479,3081,2.0,3.58
534,60684,2.0,4.07
448,91935,2.5,0.0
264,1722,3.5,2.91
255,4467,2.0,3.82
306,7293,3.5,3.62
274,64231,3.0,3.52
131,318,4.0,4.53
252,108932,4.0,3.89
465,3732,4.0,3.5
448,27685,1.5,0.0
483,94864,2.5,3.63
380,88235,4.0,3.91
380,5541,4.0,3.21
477,1199,4.5,4.25
432,92348,4.0,0.0
317,55820,5.0,3.89
1,1517,5.0,3.57
68,1672,3.5,3.52
113,902,5.0,3.95
595,2396,5.0,3.79
596,533,3.0,3.18
84,1018,3.0,2.08
202,1188,4.0,3.91
606,307,4.5,3.88
387,6625,1.0,0.0
571,2654,3.0,0.0
96,3176,4.0,3.31
221,2502,4.0,4.16
105,8529,4.0,3.36
528,55820,1.0,3.89
334,64957,3.5,3.93
347,34,4.0,3.63
307,733,3.0,3.87
523,55167,5.0,4.76
606,4993,4.5,4.31
525,5014,3.5,3.84
372,924,2.0,3.93
44,36,4.0,3.9
111,3535,3.5,3.89
219,1270,3.5,4.08
462,111360,3.5,2.86
122,4963,4.0,4.14
345,3707,3.0,2.52
349,500,3.0,3.45
489,1924,4.0,3.11
34,1721,0.5,3.49
135,1261,3.0,4.02
483,1732,5.0,4.01
288,6765,3.5,3.89
1,1620,4.0,3.48
599,34148,3.0,0.0
448,733,3.0,3.88
509,82169,3.0,4.27
322,56367,5.0,3.76
156,21,5.0,3.54
267,2455,5.0,3.52
222,7438,4.0,4.0
298,5881,1.0,3.33
599,1858,2.5,3.05
380,104419,4.0,0.0
193,1211,3.5,4.0
216,3543,5.0,3.66
11,1917,4.0,2.87
357,65188,5.0,3.51
520,1356,5.0,3.89
215,1225,5.0,4.3
216,1965,3.0,3.68
362,1732,5.0,3.94
140,1387,4.0,4.18
19,291,2.0,0.0
382,55768,3.0,3.3
587,21,4.0,3.5
256,81229,4.0,3.53
599,7419,3.5,3.94
572,1953,5.0,3.91
461,1784,4.5,3.73
18,8958,4.0,3.75
292,3316,2.0,2.67
112,356,3.5,4.2
455,161,4.0,3.74
288,2005,3.0,3.97
247,48394,4.0,3.86
434,1721,3.0,3.51
563,70932,2.0,0.0
115,2325,4.0,3.52
103,3668,4.0,3.81
460,5903,3.5,3.75
312,471,4.0,3.73
68,17,3.5,3.97
448,134130,4.0,4.06
294,1676,3.0,3.51
610,140174,4.0,3.68
488,272,4.5,3.51
474,257,3.0,3.6
418,96821,4.5,3.74
304,1387,4.0,4.12
62,187593,4.0,4.9
367,2700,1.0,4.11
563,58154,3.5,3.77
483,919,1.0,3.93
598,4226,1.0,4.1
555,1584,5.0,3.85
561,2571,4.0,4.33
162,296,3.0,4.25
57,1304,5.0,4.11
585,1466,4.5,3.8
448,1196,5.0,4.54
573,68157,5.0,4.27
546,2858,5.0,4.02
112,99114,4.0,3.96
139,5502,2.5,3.15
577,2248,4.0,3.79
298,120466,3.0,3.56
368,3686,3.0,3.0
1,2478,4.0,3.1
307,56805,3.0,3.8
63,6874,3.5,3.95
522,1136,4.5,4.27
91,1241,4.5,4.35
108,4995,5.0,4.05
84,368,3.0,3.54
480,46578,5.0,4.11
249,4069,3.0,3.04
44,94,4.0,3.9
213,2797,4.0,3.72
274,5843,3.5,2.71
221,6306,5.0,0.0
101,3752,2.0,3.2
51,482,3.5,3.4
136,327,3.0,2.97
599,50003,1.0,0.0
606,6182,3.0,0.0
317,70286,2.0,3.94
308,91500,3.0,3.39
322,2302,3.5,3.21
132,46976,4.0,3.49
484,1032,5.0,3.25
474,25898,4.0,0.0
232,68954,4.5,4.29
18,1148,4.5,4.15
599,86286,2.0,0.0
100,592,4.0,3.49
132,6333,3.0,3.71
5,595,5.0,3.81
610,106766,4.0,3.96
249,97836,3.5,3.41
109,283,2.0,0.0
50,96610,2.0,3.68
292,2828,1.0,0.0
69,3175,5.0,3.64
104,3844,3.5,3.4
257,2599,1.5,3.74
20,1018,3.5,2.02
74,6858,3.5,0.0
125,3052,5.0,3.7
380,5093,4.0,2.81
91,3633,3.5,3.46
414,210,3.0,0.0
130,253,4.0,3.47
484,65802,4.0,2.56
510,5952,3.0,4.03
504,4639,3.5,2.42
580,457,3.0,4.07
104,37729,3.5,3.49
50,142961,2.5,0.0
282,1884,5.0,3.94
137,1230,5.0,4.05
95,1584,4.0,3.64
202,2916,3.0,3.68
18,784,2.0,3.01
249,89753,3.5,4.47
381,53121,3.5,3.46
367,2747,3.0,2.58
268,1912,5.0,3.83
356,1291,4.5,4.2
583,1907,4.0,3.67
31,612,3.0,2.25
288,2407,3.5,3.24
606,3967,4.5,3.94
514,109487,4.0,4.01
217,1858,2.0,2.91
294,1591,1.0,2.35
189,356,4.0,4.17
522,1265,4.5,4.02
525,8368,4.5,4.04
166,318,4.5,4.58
474,1983,2.0,0.0
292,65088,3.5,3.41
404,110,4.0,4.08
217,473,2.0,1.98
326,50,2.0,4.33
477,2124,3.0,3.6
325,3809,2.0,3.17
469,44,1.0,2.43
361,589,3.5,4.03
487,109487,4.0,3.88
318,69844,3.5,4.04
166,51662,4.0,3.64
560,1653,4.0,4.11
117,253,4.0,3.46
554,595,3.0,3.83
608,597,2.5,3.71
260,1500,4.5,3.72
330,1917,3.0,2.93
19,34,4.0,3.64
365,7438,3.5,3.99
427,5449,3.0,3.0
62,5630,5.0,3.56
321,371,3.0,2.9
19,2354,2.0,2.02
525,44195,4.0,4.13
381,5816,4.0,3.65
307,1036,3.0,3.97
186,594,4.0,3.57
182,5941,2.0,0.0
449,293,4.0,4.04
603,562,4.0,4.03
42,1653,5.0,4.02
509,56757,3.0,3.97
328,1025,3.5,3.76
462,2369,1.0,2.54
298,5225,3.5,4.11
480,208,3.0,3.06
573,3897,3.5,3.92
438,7346,1.0,3.32
142,225,4.0,3.56
217,351,2.0,3.31
599,2605,2.0,3.1
313,442,4.0,3.1
562,56949,4.5,3.21
385,21,5.0,3.47
579,838,5.0,3.59
292,2174,3.0,3.57
19,606,2.0,3.29
305,26776,3.5,3.85
288,2376,2.0,3.56
522,367,4.0,3.23
489,2321,1.0,3.56
470,494,4.0,3.38
290,928,5.0,4.15
55,2427,0.5,3.11
474,5455,1.5,0.0
313,880,5.0,2.84
222,4084,3.0,2.97
202,2463,4.0,3.45
585,4262,3.0,3.97
201,1028,4.0,3.76
256,4022,4.0,3.76
434,6874,4.0,3.96
6,485,3.0,3.24
495,588,4.0,3.93
599,478,2.5,0.0
608,5903,5.0,3.91
556,162600,4.0,0.0
33,265,5.0,3.96
490,1569,2.5,3.49
31,10,4.0,3.45
448,46530,2.5,2.99
313,1608,4.0,3.44
606,72998,3.0,3.79
435,74458,4.5,4.18
526,215,5.0,3.86
587,1302,5.0,3.65
140,146,3.0,3.44
266,1208,5.0,4.23
219,2763,3.5,3.82
6,480,5.0,3.74
217,160,3.0,2.96
288,34437,3.0,3.63
226,585,3.0,2.86
217,1690,1.0,2.85
346,6993,4.5,3.9
135,1407,4.0,3.19
365,48385,1.0,3.33
104,6238,4.0,2.12
587,2918,4.0,3.93
274,6539,4.0,4.31
376,344,2.0,2.98
186,588,5.0,3.92
480,2406,4.5,3.62
479,838,5.0,3.63
401,53125,3.5,3.65
143,6765,2.5,3.88
317,89864,3.0,3.66
438,62,4.0,3.86
219,1370,2.5,3.69
372,52,4.0,3.58
318,91658,3.5,3.4
105,101088,4.0,0.0
606,1732,4.5,3.96
580,3697,3.0,2.92
610,86295,3.0,2.49
480,7293,2.0,3.68
430,3174,4.0,3.33
580,1193,4.0,4.28
195,2571,3.0,4.2
44,1544,1.0,2.71
606,2176,4.0,4.16
523,81591,3.5,3.64
288,3037,5.0,4.04
132,2076,3.0,4.12
610,480,5.0,3.88
117,762,3.0,2.52
325,230,4.0,3.47
610,34319,2.0,3.85
275,587,3.0,3.47
313,1249,4.0,4.08
525,120807,4.0,0.0
340,1356,5.0,3.84
275,778,5.0,4.15
63,5618,4.0,4.28
606,613,3.0,3.68
137,111,5.0,4.22
234,1408,3.0,3.78
109,34,3.0,3.65
517,955,1.0,4.12
68,1997,1.5,4.13
517,1269,0.5,4.08
474,25850,4.0,0.0
606,5741,4.0,0.0
332,2872,3.5,3.85
58,161,4.0,3.81
412,1172,4.0,3.78
57,2961,2.0,2.06
452,1101,4.0,3.18
152,593,4.5,4.19
426,597,4.5,3.59
156,1387,3.5,4.17
468,300,4.0,3.47
359,2424,3.5,3.18
261,2194,5.0,3.87
292,84954,4.0,3.56
32,1198,5.0,4.26
68,2011,1.0,3.84
537,121129,2.5,0.0
552,4085,3.5,3.36
610,7293,3.5,3.6
474,1353,4.5,3.09
350,708,3.0,3.33
219,3033,4.5,3.55
480,3753,3.5,3.73
21,139717,0.5,0.0
462,235,2.5,3.72
91,3703,5.0,3.96
318,260,3.0,4.37
596,2918,3.0,3.98
525,6863,3.0,3.58
448,4133,3.0,2.45
448,4027,2.0,3.88
504,1288,4.0,4.03
535,2570,3.0,3.34
561,1777,3.0,3.54
380,96079,2.0,4.11
354,1608,3.5,3.45
299,3624,4.0,3.21
103,77427,0.5,0.0
64,34437,3.5,3.68
217,2786,2.0,0.0
202,3448,3.0,3.72
523,91529,5.0,4.06
448,45728,5.0,4.05
438,1267,5.0,4.45
62,111659,3.5,3.18
357,527,5.0,4.35
414,92,2.0,3.5
191,347,5.0,3.32
606,5995,4.5,4.03
204,55820,4.0,3.9
62,3969,4.5,3.37
377,1208,5.0,4.2
419,3755,4.0,2.88
308,434,1.0,3.05
318,4713,2.5,4.31
438,8665,3.5,4.03
177,788,0.5,2.97
232,44972,2.5,2.48
590,440,4.0,3.7
476,364,4.0,3.96
536,589,3.0,4.0
21,103228,3.5,4.0
480,1370,3.5,3.72
292,2353,4.0,3.42
382,122920,4.0,3.86
132,1380,3.0,3.39
451,17,5.0,3.85
606,645,4.0,0.0
110,7173,3.0,3.13
438,5882,3.5,3.65
596,367,3.0,3.23
226,344,4.5,3.03
599,3591,2.5,2.63
234,2050,5.0,2.17
177,50,4.0,4.44
483,90863,4.0,0.0
414,64957,3.5,4.34
387,3996,4.5,4.11
453,3238,3.0,1.38
84,500,4.0,3.52
339,111781,4.0,3.91
430,60684,4.5,4.0
288,4992,3.0,2.87
483,27731,3.5,4.48
341,5218,3.5,3.74
182,32587,4.5,4.03
484,74458,2.5,4.32
57,3543,3.0,3.66
66,3105,4.0,3.97
603,3167,4.0,0.0
501,780,5.0,3.45
574,225,4.0,3.56
511,91500,3.5,3.38
448,4901,2.5,3.66
380,106489,2.0,3.6
489,3717,1.5,3.47
292,595,4.5,3.89
358,49130,4.0,3.5
390,527,4.5,4.21
414,1235,4.0,4.41
387,1249,4.5,4.14
448,2146,3.0,3.29
462,5932,4.0,0.0
274,75985,3.5,3.93
212,150548,3.0,3.64
155,671,3.0,3.59
73,109487,4.5,4.01
483,431,4.0,3.82
414,4353,3.0,0.0
153,95510,0.5,3.07
391,1185,5.0,0.0
270,25,4.0,3.81
571,1322,2.0,1.24
305,106002,4.0,3.55
606,927,4.0,0.0
243,589,4.0,4.0
378,64716,4.5,4.39
156,3629,4.0,0.0
599,6873,2.5,3.3
509,1198,4.0,4.33
497,1916,4.0,3.22
596,73017,3.5,4.02
561,6754,2.5,3.57
382,2273,3.5,3.49
448,120783,2.5,0.0
509,3793,3.0,3.75
307,1261,4.0,4.12
322,805,3.5,3.7
567,103249,1.5,2.85
570,32,4.0,4.0
483,89586,3.5,0.0
599,98491,3.0,4.47
375,1586,3.5,2.72
181,437,2.0,2.41
477,38038,4.0,3.98
159,2959,3.0,4.25
381,1968,5.0,3.87
610,26510,3.0,0.0
600,2144,4.5,3.83
594,393,4.5,2.5
599,5585,1.0,1.73
103,72226,4.0,4.21
600,2109,3.5,3.39
167,44191,4.5,3.91
603,322,4.0,4.06
480,4148,3.0,2.96
590,1242,4.0,4.26
603,193,4.0,2.55
453,1729,4.0,3.77
469,1674,4.0,3.57
462,164179,4.0,4.03
443,593,3.5,4.18
274,54648,2.0,3.0
525,480,4.0,3.84
274,3744,2.0,3.13
217,2375,3.0,3.02
358,8533,4.5,3.56
307,5669,2.5,3.83
89,3114,3.0,3.92
52,134368,4.5,3.95
608,6331,2.0,4.12
260,1274,4.0,3.55
110,227,1.0,2.94
18,6534,3.0,2.74
414,1021,1.0,3.25
448,48322,4.0,0.0
108,4993,3.0,4.16
125,72226,5.0,4.25
191,380,3.0,3.54
482,2393,4.0,2.79
111,165947,4.0,0.0
466,5872,3.5,3.05
610,77561,3.5,4.02
318,7064,3.5,2.89
572,1288,5.0,4.07
125,79592,4.0,3.37
597,1449,5.0,3.73
234,553,5.0,3.93
603,77,4.0,0.0
160,1974,1.0,3.13
387,2948,3.5,3.68
167,353,5.0,3.47
152,60950,3.5,2.88
525,6890,3.5,0.0
195,4995,4.0,4.07
47,5679,2.0,3.37
125,3147,4.0,4.29
195,3081,4.0,3.58
414,2088,3.0,2.61
47,5293,3.0,3.29
112,300,0.5,3.48
487,34405,3.5,4.08
16,1208,4.0,4.25
448,5582,2.0,2.98
600,1485,3.5,3.19
47,3949,1.0,3.94
155,1516,3.0,0.0
555,1396,3.0,3.41
599,4670,2.5,0.0
514,26492,2.0,0.0
339,71464,4.5,3.27
129,541,3.5,4.17
249,1573,4.0,3.53
20,1025,5.0,3.8
447,357,3.0,3.54
414,53953,3.0,3.41
317,81591,4.0,3.66
414,33677,3.5,0.0
50,139385,2.5,3.82
427,5445,3.5,3.72
466,112852,3.5,4.35
298,156609,0.5,2.67
312,4643,3.0,2.71
474,3859,4.0,0.0
570,457,4.0,4.07
469,2966,4.0,4.11
599,1882,2.5,2.5
587,1080,4.0,4.05
474,8611,3.5,0.0
460,79132,4.5,4.1
68,1270,3.0,4.22
61,32,4.5,3.96
484,5159,4.0,3.26
354,1093,4.5,3.51
182,1172,5.0,3.8
182,5107,4.0,0.0
555,357,4.0,3.61
202,3329,4.0,0.0
448,6944,3.5,3.52
606,3302,4.5,0.0
474,562,4.0,4.21
294,3564,1.0,1.81
318,1361,4.0,4.36
354,41569,2.0,3.33
500,3566,4.0,3.51
387,1035,2.0,4.2
290,2439,3.0,3.34
357,31658,5.0,4.29
318,780,4.0,3.55
446,527,5.0,4.22
68,49651,3.0,3.5
475,54272,3.5,3.64
121,440,4.0,3.61
167,7153,4.5,4.18
19,3175,4.0,3.75
263,2406,3.0,3.52
307,4247,2.5,2.43
524,25,3.0,3.78
555,116,3.0,4.25
448,5481,4.0,3.13
541,259,3.0,3.51
414,4351,4.0,3.27
510,1304,3.0,3.94
286,1573,3.5,3.41
91,3081,5.0,3.66
347,377,4.0,3.56
64,2541,3.5,3.31
135,1259,5.0,4.03
246,5816,3.0,3.58
26,592,4.0,3.47
103,4677,4.0,2.65
59,1151,5.0,0.0
597,913,4.0,4.12
328,296,5.0,4.27
474,1876,3.5,3.25
111,33679,3.5,3.42
122,71535,4.5,3.9
343,1221,3.0,4.29
368,1422,3.0,0.0
220,5218,5.0,3.78
284,110,5.0,4.09
306,140110,3.0,3.63
493,1721,3.0,3.46
414,44195,4.5,4.14
590,1035,4.5,4.21
203,590,5.0,3.81
462,2987,2.5,3.73
484,1917,4.0,2.9
359,1682,3.0,3.9
103,99764,3.5,0.0
221,951,4.0,4.55
119,6539,4.0,3.95
228,836,3.5,2.89
325,4963,3.0,4.02
139,4306,2.5,3.93
474,8771,3.0,0.0
282,5989,5.0,4.11
58,589,4.0,4.04
357,8950,4.0,4.13
418,6863,3.5,3.51
229,597,3.0,3.57
455,440,3.0,3.61
249,102033,3.5,3.7
474,4796,3.5,0.0
180,260,4.5,4.24
610,96861,2.0,4.09
534,106696,3.0,3.9
139,59315,3.0,3.89
428,27846,4.0,4.01
177,3159,2.5,3.89
111,6586,1.5,3.33
596,2501,3.5,3.97
68,56174,3.5,3.74
288,2739,4.0,4.0
64,924,1.0,3.96
526,63876,5.0,3.61
200,54190,5.0,4.08
489,5881,4.0,3.23
319,111759,3.5,4.09
232,33148,2.5,0.0
89,7346,2.5,3.23
365,93443,2.5,0.0
105,5810,3.5,3.4
474,1674,4.0,3.64
96,1188,5.0,3.91
200,1556,2.0,1.77
305,106766,2.0,3.79
57,2617,3.0,3.1
590,8167,4.0,0.0
567,106491,0.5,3.42
232,1994,4.5,3.49
524,21,3.0,3.45
200,7438,5.0,3.97
274,2338,3.0,2.62
290,337,4.0,3.92
292,77561,4.5,3.77
187,1673,4.0,4.11
414,5345,3.0,0.0
586,82169,4.5,4.39
286,3408,3.5,3.55
393,1240,0.5,3.93
548,1393,5.0,3.47
51,7040,2.5,0.0
509,364,4.0,4.04
105,45447,4.0,3.38
274,2712,3.5,3.48
606,1092,3.5,3.42
599,31660,3.0,0.0
326,67255,5.0,4.03
354,3717,3.5,3.46
356,356,4.0,4.3
480,3911,3.0,3.86
240,529,4.0,3.7
195,866,4.0,4.0
604,285,4.0,0.0
339,136562,3.0,3.8
280,86833,5.0,3.98
111,102407,3.5,3.37
136,110,5.0,4.07
104,436,1.5,3.16
599,7373,3.5,3.73
460,76093,4.5,3.87
187,33138,5.0,0.0
247,8950,5.0,4.08
50,32657,3.5,0.0
567,5690,4.0,4.14
608,3489,3.0,3.63
318,3052,4.0,3.73
275,2624,5.0,0.0
462,87232,3.0,3.91
414,1216,3.0,3.99
290,1641,4.0,3.77
15,858,4.0,4.31
600,4178,2.5,3.91
246,31878,5.0,3.43
279,55363,5.0,4.27
45,3274,3.0,3.3
288,1288,4.0,4.16
249,6934,3.5,3.5
571,366,2.0,3.16
608,1097,2.5,3.97
381,1584,3.5,3.77
140,3147,3.5,4.42
177,830,2.5,3.5
387,750,5.0,4.48
480,3798,3.0,3.32
310,2671,4.0,3.31
99,253,4.0,3.47
382,6535,2.0,2.56
502,1077,4.5,3.67
517,1219,1.0,4.07
368,415,2.0,2.55
451,457,4.0,3.98
181,502,2.0,2.52
381,4995,4.0,4.22
438,2170,3.0,2.85
18,141688,4.0,0.0
18,116797,4.5,4.3
562,5064,4.0,3.91
561,1321,4.0,3.53
602,171,3.0,4.31
566,500,4.0,3.45
232,6057,2.0,0.0
313,1391,4.0,3.18
304,1527,4.0,3.8
153,7361,5.0,4.33
480,4733,4.0,0.0
105,98809,4.0,4.14
312,457,4.0,4.06
607,377,5.0,3.6
484,63131,4.0,3.58
273,472,3.0,0.0
195,4246,5.0,3.74
558,2297,5.0,3.62
184,116797,4.0,4.14
465,3257,3.0,3.09
307,3948,3.0,3.67
182,2840,2.0,3.08
18,98124,4.0,4.3
294,3412,2.0,3.91
359,4995,5.0,4.03
179,589,5.0,4.02
434,858,5.0,4.37
580,7579,2.5,0.0
436,575,3.0,2.54
210,1270,4.5,4.02
296,1704,5.0,4.06
88,4878,4.5,4.08
200,4816,5.0,3.56
541,472,3.0,0.0
216,471,3.0,3.73
140,31420,3.5,3.27
606,7234,4.5,0.0
305,114246,3.0,0.0
41,111921,4.0,3.25
387,4226,4.5,4.29
219,1517,4.0,3.59
136,413,3.0,2.64
194,315,3.5,3.03
405,370,4.0,3.22
483,1246,3.5,4.29
186,4321,5.0,3.4
422,3016,2.0,2.83
365,3948,3.0,3.54
380,27831,4.0,3.85
493,163,4.0,3.54
59,3489,2.0,3.5
480,36535,4.0,4.02
477,48774,4.5,4.27
517,4621,0.5,2.92
202,1304,4.0,4.12
603,2747,4.0,2.51
298,52245,0.5,3.34
239,3052,4.0,3.66
139,86332,2.0,3.61
372,1603,3.0,2.2
199,34338,3.0,3.74
141,54503,3.0,4.07
412,2763,4.0,3.73
132,1259,3.0,3.99
448,91535,2.0,3.69
45,316,4.0,3.47
201,24,4.0,3.2
590,1276,5.0,4.37
290,1089,4.0,4.32
201,2054,4.0,2.92
411,256,3.0,2.86
249,2571,5.0,4.51
169,1083,4.0,3.28
391,3386,4.0,3.12
96,2628,2.0,3.23
603,1173,4.0,3.3
490,5673,2.5,3.63
561,2617,3.5,3.15
307,27434,0.5,0.0
387,1704,4.0,4.29
410,1079,4.0,3.96
292,2028,4.0,4.18
280,3489,4.0,3.5
360,1422,3.0,0.0
220,4545,4.5,3.25
411,553,5.0,3.9
474,7789,4.0,0.0
603,3516,3.0,0.0
64,2064,4.0,3.92
326,49530,5.0,3.83
477,4993,4.5,4.3
448,4660,4.0,0.0
42,4686,2.0,1.22
19,2467,3.0,3.98
217,3247,3.0,3.27
543,1917,5.0,2.87
140,32029,3.0,3.2
448,48385,4.0,3.45
134,595,5.0,3.81
89,26265,4.5,0.0
414,5621,1.0,1.74
21,49286,3.5,3.08
561,8360,3.0,3.61
217,1480,3.0,3.48
599,6850,2.0,2.49
186,2,4.0,3.42
74,111,5.0,4.21
274,26870,3.5,0.0
555,1779,3.0,3.1
356,7137,4.0,3.29
237,7371,3.5,4.14
156,3996,3.5,3.97
552,356,4.0,4.22
32,786,3.0,3.25
608,3388,1.5,2.54
34,3997,2.0,1.83
17,2028,4.5,4.16
5,39,3.0,3.4
367,3072,4.0,3.36
288,3347,4.0,4.21
432,8981,4.0,3.59
221,994,3.5,4.42
64,2502,4.5,4.23
226,16,4.5,3.97
124,1196,4.5,4.26
14,153,2.0,2.96
45,413,3.0,2.64
489,4487,3.0,2.91
599,345,2.5,3.91
474,3111,4.0,4.25
57,2109,4.0,3.43
495,7438,5.0,3.99
91,5459,2.5,2.96
552,4878,5.0,4.08
226,40815,4.0,3.85
438,798,2.5,3.29
244,1597,4.0,3.1
452,2840,4.0,3.04
438,2712,3.0,3.42
534,4533,4.5,0.0
414,3480,4.0,0.0
520,1584,3.5,3.67
234,1582,3.0,0.0
315,2896,3.0,0.0
571,1979,3.0,0.0
216,2791,5.0,3.85
10,8869,5.0,0.0
68,2012,1.0,3.84
356,61132,3.5,3.65
63,53972,4.0,3.64
68,296,2.0,4.32
333,3717,3.0,3.33
177,40815,3.5,3.96
564,110771,2.0,3.29
307,1220,2.5,3.99
160,3572,1.0,0.0
599,3882,2.0,3.14
419,673,2.5,2.95
175,39427,0.5,3.83
493,3702,2.0,3.74
365,3081,1.5,3.56
435,1676,3.0,3.53
51,4992,4.5,2.79
552,2700,4.0,4.12
294,2640,4.0,3.81
402,234,3.0,2.53
508,3317,2.0,3.9
18,176101,3.5,3.16
239,4896,4.0,3.82
387,56367,4.0,3.91
202,3527,4.0,3.72
32,538,5.0,3.54
50,2018,2.5,3.24
355,916,4.0,3.94
52,74458,4.5,4.24
534,27706,4.5,3.22
179,608,4.0,4.14
414,34150,2.5,3.11
479,2463,2.0,3.41
605,30812,3.0,3.48
110,4011,3.5,4.14
484,52973,4.0,3.81
580,37731,3.5,3.84
380,6709,3.0,3.88
39,1394,4.0,4.21
105,3306,4.5,4.0
446,25,3.0,3.82
62,135569,2.5,3.62
387,7102,3.0,0.0
462,51255,3.5,3.92
474,32584,4.0,0.0
283,39,1.0,3.41
477,1223,5.0,4.26
68,3981,2.5,2.95
21,51662,3.5,3.74
105,38159,4.5,0.0
61,593,4.0,4.17
263,2840,2.0,3.08
599,175569,3.0,3.83
172,590,3.5,3.8
265,2352,3.0,3.88
219,2064,2.5,3.84
220,1917,4.0,2.92
274,2722,3.5,2.78
160,2467,3.0,3.95
140,95,2.5,2.96
460,7022,3.5,3.74
318,83976,4.0,0.0
270,79,2.0,2.91
119,108932,4.5,3.99
305,3503,5.0,3.28
290,1050,4.0,0.0
219,34162,3.0,3.7
141,367,2.5,3.22
221,1219,4.5,4.09
6,435,3.0,2.54
453,1391,4.0,3.2
19,3835,2.0,2.5
561,5630,2.5,3.6
563,135887,3.5,2.54
89,88746,5.0,0.0
462,69526,3.0,2.35
564,81537,4.0,2.67
198,5570,5.0,3.85
489,38798,4.0,0.0
249,44195,4.0,4.11
135,3264,2.0,2.61
279,160438,2.0,2.82
603,2463,3.0,3.54
64,2268,4.0,3.96
599,2795,2.5,3.78
219,3911,4.0,3.81
42,4321,5.0,3.44
64,1569,2.5,3.59
50,97304,3.5,4.06
79,2076,4.0,4.06
290,2770,4.0,2.85
380,8985,3.0,2.8
456,79,2.0,2.91
288,5103,3.0,3.51
443,79132,1.0,4.07
314,434,1.0,3.13
353,280,5.0,4.3
448,7104,2.0,0.0
414,1690,3.0,3.05
168,1089,5.0,4.25
452,1792,5.0,3.02
95,5464,4.0,3.51
340,592,5.0,3.48
17,593,4.5,4.22
177,44972,1.5,2.45
249,81537,3.5,2.86
471,2571,3.5,4.16
352,6870,4.5,3.77
132,5349,3.0,3.6
143,5066,5.0,3.08
181,248,2.0,2.78
318,90245,4.0,0.0
590,589,4.5,4.21
418,6711,5.0,4.14
385,339,3.0,3.65
210,88125,4.5,3.72
68,60684,3.5,4.15
414,51086,3.0,3.2
171,541,5.0,4.16
68,5553,3.0,3.48
599,161,3.5,4.02
368,2668,3.0,2.71
307,7046,2.0,3.05
18,1203,5.0,4.27
199,1210,2.0,4.27
14,784,1.0,2.98
559,355,3.0,2.41
182,3742,4.0,4.17
111,96110,3.0,4.44
89,4246,1.5,3.77
276,784,5.0,2.99
156,1162,3.0,0.0
480,5872,2.5,3.19
137,953,4.0,4.15
177,2746,4.0,3.28
165,6188,4.0,3.55
140,4368,2.0,2.39
566,57,3.0,3.25
428,317,1.0,3.2
428,5502,3.0,3.13
132,4235,2.0,4.09
356,4641,3.0,3.4
197,1201,3.0,4.22
101,3005,2.0,2.86
232,8968,3.0,3.29
368,1459,3.0,3.17
422,3882,1.0,2.97
380,4370,3.0,3.49
240,165,5.0,3.71
28,1047,3.5,3.26
362,356,4.5,4.22
608,2021,3.5,3.33
606,5693,3.5,3.25
380,1387,4.0,4.22
318,69436,3.5,2.99
200,52973,4.0,3.86
428,1597,2.5,3.08
275,3526,3.0,3.94
470,480,5.0,3.73
307,46948,3.0,3.75
324,432,2.0,2.61
169,1923,4.0,3.75
368,1729,3.0,3.75
496,99149,4.0,3.57
304,1688,4.0,3.29
474,1016,3.0,2.96
82,442,3.5,3.14
4,3851,5.0,0.0
27,3479,4.0,3.64
599,912,4.0,4.53
288,3198,5.0,3.67
537,367,4.0,3.21
606,8933,4.0,0.0
140,3317,2.0,3.97
357,4018,2.0,3.21
215,1200,2.5,3.93
232,595,3.0,3.92
318,1968,3.5,3.95
42,3882,2.0,3.01
599,8959,2.0,0.0
79,2659,2.0,0.0
608,1485,3.0,3.26
312,5881,4.0,3.19
166,45499,4.5,3.39
599,849,1.5,2.84
195,1909,3.0,3.3
307,64116,3.5,0.0
288,3771,3.0,4.58
377,3363,5.0,3.9
495,4239,4.5,3.94
346,7013,4.0,3.94
119,60072,3.0,3.11
352,3717,3.0,3.44
432,5630,4.5,3.54
217,1438,3.0,2.77
599,2478,2.5,3.15
132,2671,3.5,3.43
514,2081,4.0,3.5
168,1203,5.0,4.17
89,159069,4.5,0.0
422,1250,4.0,4.09
305,59315,4.5,3.94
610,55282,3.0,3.19
20,4025,3.5,3.15
525,8360,3.0,3.63
399,33794,2.5,3.89
376,1249,4.0,4.08
597,2475,4.0,3.87
177,2018,3.0,3.31
469,2788,5.0,4.25
346,4741,4.0,4.05
339,4310,3.0,2.59
596,1192,4.5,0.0
474,6985,4.5,3.76
414,5573,2.0,2.68
221,27776,4.5,0.0
313,912,3.0,4.37
98,56152,4.0,3.64
200,4239,3.5,3.99
115,32,5.0,4.0
480,2671,2.5,3.59
167,4489,3.5,3.15
260,2348,2.0,3.65
567,102880,0.5,0.0
22,70286,0.5,3.88
46,588,5.0,3.84
85,1719,5.0,4.2
17,5952,5.0,4.1
57,1277,3.0,3.82
488,4857,4.0,3.79
288,239,2.0,3.44
115,1208,5.0,4.21
425,736,2.5,3.53
103,1025,4.0,3.86
563,34,2.0,3.63
489,70293,3.0,2.98
610,69481,4.5,4.55
239,53125,4.0,3.73
489,432,1.0,2.69
436,376,3.0,3.25
46,288,3.0,3.41
326,58554,5.0,0.0
28,27788,1.0,3.42
66,1049,3.5,3.22
414,207,3.0,4.08
414,70286,4.5,4.49
274,595,3.0,3.95
414,84954,4.0,3.83
31,783,4.0,3.41
31,1057,5.0,3.41
509,37830,2.5,3.54
36,2581,2.5,2.95
382,4993,5.0,4.22
603,3324,1.0,1.2
50,3022,3.0,4.36
107,62,5.0,3.7
562,4018,3.5,3.23
560,112552,3.5,4.24
558,1259,4.0,3.92
597,3040,5.0,2.77
514,162,4.0,3.94
177,98961,3.5,4.46
577,2420,3.0,3.73
227,105844,4.0,3.85
425,1676,3.5,3.54
187,70,4.0,3.56
166,1247,4.0,4.03
275,4489,4.0,3.19
590,1212,4.5,4.32
465,2916,4.0,3.64
412,2719,2.0,2.31
417,106489,4.5,3.49
382,2424,3.5,3.26
599,8451,3.0,0.0
20,801,2.5,2.83
288,205,3.5,3.1
577,480,5.0,3.75
381,31658,5.0,4.36
514,1674,4.0,3.45
234,1707,1.0,2.61
68,6218,2.0,3.55
307,708,2.5,3.51
357,1257,4.5,3.56
606,3920,4.0,0.0
174,150,5.0,3.8
246,224,3.5,3.73
253,714,4.5,3.9
562,2881,4.5,3.01
578,76251,4.5,3.66
401,5952,3.0,4.05
387,5853,3.0,0.0
477,6584,4.0,0.0
24,47610,3.0,3.92
299,3753,4.0,3.44
495,333,3.5,3.83
240,161,4.0,3.82
336,2324,5.0,4.07
274,1732,3.5,4.02
367,593,5.0,4.21
512,500,3.0,3.45
503,5418,1.5,3.76
111,4306,3.0,4.04
596,1562,2.0,2.1
131,2871,4.0,3.78
597,34,4.0,3.71
567,83349,1.0,3.21
234,1356,3.0,3.88
50,134170,2.5,3.81
105,1446,4.5,4.2
182,3618,3.5,2.97
111,2916,3.0,3.68
155,3615,5.0,2.9
307,2395,4.0,3.57
186,2640,5.0,3.78
436,1,4.0,3.92
448,84615,2.5,0.0
140,39307,2.5,0.0
599,2423,3.0,3.71
603,2859,3.0,4.1
68,1918,3.5,2.82
576,1231,2.0,3.96
590,1307,3.0,4.02
313,1923,5.0,3.74
450,1580,3.0,3.53
436,371,3.0,2.91
182,413,3.5,2.69
98,4016,4.5,3.67
419,4958,4.0,3.11
600,6242,3.5,3.64
465,1218,5.0,3.52
253,1212,4.5,4.14
105,65514,4.5,4.34
226,5151,2.5,3.1
195,3994,5.0,3.58
52,76093,5.0,3.93
597,1186,5.0,3.61
474,246,4.0,4.45
121,163,4.0,3.54
217,1029,3.0,3.54
474,4769,3.0,0.0
600,724,3.0,2.98
486,736,5.0,3.47
45,1573,5.0,3.51
57,2009,4.0,3.56
68,4975,3.5,3.74
111,91104,1.5,2.27
31,1,5.0,3.9
376,1721,3.5,3.49
368,2406,3.0,3.56
405,1084,4.0,4.12
288,2455,3.0,3.64
177,6595,3.5,3.31
542,2694,4.0,3.27
438,2541,3.0,3.31
354,527,4.0,4.3
388,7247,3.0,3.59
258,2571,5.0,4.17
368,1944,3.0,4.13
599,68945,4.5,0.0
171,1291,5.0,4.12
534,1517,4.0,3.63
225,2081,3.0,3.44
336,1246,4.5,4.09
561,4886,4.0,4.11
73,7451,3.0,3.71
484,2335,4.0,2.87
57,2949,3.0,3.77
240,227,4.0,3.1
280,3565,3.5,3.49
39,1287,4.0,4.01
254,7153,4.0,4.19
479,3360,4.0,3.67
563,104863,3.5,0.0
284,595,4.0,3.83
414,535,3.0,3.59
45,783,3.0,3.54
41,55247,4.0,4.03
182,3536,3.0,3.22
608,5388,4.0,3.38
308,2953,3.0,2.68
610,160571,3.0,0.0
385,50,3.0,4.3
599,2455,3.0,3.79
198,3471,3.0,3.99
68,67087,3.5,4.07
603,1343,4.0,3.79
288,32598,3.5,2.8
6,95,4.0,2.95
290,3201,5.0,4.48
532,1200,5.0,3.92
220,6934,4.0,3.22
111,33794,2.0,4.02
274,64957,3.5,4.25
384,4361,3.0,3.36
318,6934,3.5,3.36
546,589,5.0,3.99
28,4034,3.0,4.09
179,377,5.0,3.57
597,615,3.0,0.0
438,27831,3.5,3.7
288,1094,4.0,3.57
216,21,3.0,3.5
42,380,3.0,3.66
136,163,1.0,3.56
346,7396,4.0,3.9
488,2109,4.0,3.34
27,455,3.0,2.45
453,5349,4.0,3.59
42,2407,4.0,3.24
60,1242,4.0,4.17
330,62,3.0,3.73
156,866,5.0,4.03
219,40815,2.5,3.84
381,62,4.5,3.78
387,51540,3.0,4.05
477,2109,3.5,3.37
169,2081,4.0,3.51
161,52287,4.0,3.52
181,474,4.0,3.91
438,594,4.0,3.6
414,3247,2.0,3.55
56,316,3.0,3.36
373,357,3.0,3.52
483,52722,1.5,3.22
21,73321,3.5,3.83
209,1704,4.5,4.05
304,185,4.0,3.23
9,2012,4.0,3.46
57,1030,3.0,2.78
103,1682,4.5,4.0
509,39435,3.0,3.06
112,79132,4.5,4.12
177,5444,4.0,4.0
411,454,4.0,3.66
425,3578,4.5,4.06
606,2997,5.0,4.06
525,1206,3.5,4.12
232,5941,4.0,0.0
377,272,4.0,3.43
568,2313,5.0,4.0
491,54001,5.0,3.85
15,91500,3.0,3.37
237,1625,4.5,3.66
42,303,2.0,3.06
606,32600,3.5,0.0
199,1204,5.0,4.38
307,1923,3.0,3.83
33,2291,2.0,3.73
610,1343,3.5,3.79
477,3798,4.0,3.3
64,590,5.0,3.9
453,1183,4.0,3.84
288,5462,3.0,0.0
503,1213,5.0,4.32
105,95311,5.0,0.0
219,51255,5.0,4.07
254,3988,3.0,3.0
525,180,3.5,3.8
220,1430,3.5,2.79
603,3535,5.0,3.95
156,1262,3.0,4.33
473,2581,3.0,2.94
380,457,4.0,4.25
608,6016,3.0,4.36
380,4643,3.0,2.93
288,45447,3.0,3.34
610,95558,3.5,4.0
448,89388,1.5,0.0
380,3999,3.0,2.91
63,367,4.0,3.25
169,4018,4.5,3.24
462,53894,4.0,3.92
509,6535,3.0,2.64
453,1527,5.0,3.75
500,176,5.0,4.01
95,2085,4.0,3.35
68,3033,3.5,3.58
353,457,5.0,3.99
436,516,3.0,3.2
182,6193,3.5,4.22
597,1344,4.0,3.94
2,77455,3.0,4.11
28,3147,2.5,4.33
7,42002,4.5,3.02
414,736,3.0,3.78
319,112552,5.0,4.1
578,58154,4.5,3.65
274,50800,3.0,0.0
130,316,3.0,3.34
603,2165,4.0,0.0
474,48783,3.0,4.02
567,130576,2.5,0.0
19,1907,3.0,3.82
393,2959,5.0,4.28
280,65230,3.5,3.01
306,71535,2.5,3.86
318,84273,5.0,0.0
4,222,1.0,4.26
307,217,2.0,2.95
357,800,3.5,4.19
226,1394,4.0,4.32
220,2795,4.0,3.65
180,1136,4.0,4.19
18,166015,3.5,0.0
221,6659,3.5,3.74
380,5072,5.0,3.99
382,110553,3.5,2.67
532,480,4.0,3.71
213,53996,3.5,3.29
594,1307,5.0,3.93
216,930,5.0,4.2
275,2144,4.0,3.86
380,34534,4.0,0.0
68,55232,3.0,3.02
77,7361,2.0,4.3
125,33201,4.5,0.0
298,6294,0.5,2.65
307,5610,2.0,0.0
307,7154,2.0,3.11
286,1183,3.0,3.84
226,1367,3.0,3.18
480,5483,3.5,0.0
448,8947,2.0,2.3
29,81845,4.0,4.16
140,4534,3.0,0.0
45,4979,3.0,3.72
232,62434,4.0,3.43
552,4896,3.5,3.76
414,96737,4.0,4.89
474,7810,3.0,3.83
182,339,3.0,3.77
474,53123,3.5,3.88
367,34,3.0,3.66
313,999,4.0,2.81
333,3564,1.0,1.7
131,1196,2.5,4.25
546,3940,5.0,0.0
462,164917,4.5,0.0
469,2528,3.0,3.41
141,1653,4.0,4.02
357,1350,4.5,3.78
98,81845,5.0,4.15
103,2006,3.5,3.12
448,1017,3.0,3.99
391,2336,3.0,4.04
68,3593,0.5,1.92
195,2762,5.0,3.94
305,158027,5.0,0.0
380,95147,3.0,0.0
212,111759,3.0,4.21
462,76077,4.0,3.2
599,3235,2.5,0.0
89,118862,4.0,0.0
279,858,4.0,4.33
202,1177,4.0,0.0
510,2819,3.5,3.44
74,41997,5.0,3.92
590,2081,4.0,3.54
610,115617,4.0,4.36
232,51933,2.5,0.0
448,87485,1.5,3.48
380,111759,5.0,4.48
155,2028,4.0,4.11
103,3735,5.0,3.9
232,68358,5.0,4.31
580,4975,3.0,3.52
566,553,1.0,3.87
21,8961,3.5,3.96
343,5952,5.0,4.04
414,357,4.0,3.9
91,367,3.5,3.29
344,5459,4.5,2.88
28,474,2.5,3.91
438,2322,2.0,3.26
89,100507,3.0,0.0
454,2692,3.5,3.96
357,5266,3.0,3.16
280,48516,5.0,4.34
249,87520,3.0,2.82
298,3477,3.0,3.33
497,1193,5.0,4.17
469,454,3.0,3.65
489,3996,4.0,4.05
305,56145,3.0,2.42
298,60161,4.0,3.59
292,41566,3.5,3.5
438,140,3.5,3.57
19,333,2.0,3.86
84,987,3.0,0.0
514,88810,4.0,3.94
274,4995,4.0,4.45
534,73804,4.0,0.0
340,648,4.0,3.54
110,110,3.5,4.07
63,1223,5.0,4.2
452,2668,4.0,2.74
438,7192,3.0,0.0
590,1350,3.0,3.81
380,42738,2.0,3.15
414,2106,3.0,0.0
414,1321,3.0,3.75
490,86320,4.0,3.38
64,3362,5.0,3.93
610,76091,5.0,0.0
555,2948,5.0,3.69
177,72733,4.0,3.88
187,7802,4.0,3.76
567,161634,3.0,3.3
563,134853,4.0,3.88
448,2502,3.0,4.28
408,58156,3.0,3.27
555,1405,3.0,2.76
22,54286,2.5,3.67
419,2762,4.0,3.95
318,103341,4.5,3.9
73,50685,3.5,3.78
603,1856,4.0,0.0
414,3784,4.0,2.53
199,555,2.0,3.9
280,7346,5.0,3.22
448,80864,3.5,0.0
397,5650,2.5,3.63
45,5481,4.0,2.93
72,2571,5.0,4.17
607,1407,5.0,3.22
428,5816,2.0,3.61
47,108729,3.0,3.18
177,2987,4.5,3.91
328,1193,5.0,4.22
105,55721,4.0,4.38
475,33794,4.5,3.96
28,4370,3.0,3.42
22,4878,1.5,4.1
307,185,2.5,3.31
219,8810,1.0,3.0
392,1127,3.0,3.46
480,1957,4.5,4.23
105,3578,4.0,4.14
448,3024,3.0,2.66
495,2028,4.5,4.2
504,4033,4.0,4.0
111,33615,3.5,3.5
181,477,3.0,3.44
294,2148,5.0,3.59
599,303,3.5,3.04
228,2013,4.0,2.98
186,2288,4.0,4.13
45,317,3.0,3.31
104,527,4.5,4.25
176,231,4.0,3.03
608,519,1.0,2.34
380,996,3.0,2.66
414,161922,3.0,0.0
169,150,4.5,3.83
354,3798,3.5,3.24
220,7438,4.0,3.98
232,8372,1.0,0.0
111,65,3.5,2.77
217,429,1.0,0.0
603,3477,2.0,3.25
610,6966,4.0,4.1
187,47997,0.5,4.3
249,1029,4.0,3.61
206,141,4.0,3.52
232,7156,3.5,4.19
62,41569,4.0,3.32
330,3147,4.0,4.3
417,1704,5.0,4.08
590,186,2.5,3.37
162,592,4.0,3.46
608,7347,4.0,3.61
577,3143,3.0,0.0
606,58783,2.5,0.0
294,1953,4.0,3.91
219,370,3.5,3.27
608,7004,0.5,3.06
474,3341,4.0,4.26
580,1408,3.5,3.8
249,31696,4.0,3.75
274,27311,3.5,3.98
438,6711,4.0,4.24
419,5669,4.5,3.75
462,34072,2.5,3.67
420,1281,4.0,4.19
220,1197,4.5,4.32
151,135,3.0,3.07
402,315,4.0,3.12
603,766,4.0,3.39
582,68157,4.0,4.14
282,2502,4.5,4.18
156,1304,3.0,4.07
89,26645,4.0,0.0
248,33794,3.0,3.89
288,53519,3.5,3.61
577,908,5.0,4.11
534,106002,3.5,3.53
182,1785,4.0,4.29
603,3203,4.0,2.99
140,34048,3.0,3.37
448,90249,2.5,3.39
305,48394,5.0,4.02
477,4979,4.5,3.77
233,2692,3.5,3.97
183,2288,2.0,4.04
219,5110,4.5,3.67
232,185,3.0,3.29
542,7438,1.5,3.96
166,41569,3.5,3.34
480,1278,2.5,4.05
121,161,3.0,3.73
480,44022,3.0,3.53
474,8773,3.0,0.0
462,91077,4.5,4.04
352,3052,4.0,3.68
182,1377,4.0,2.99
474,7934,4.0,4.03
474,4802,3.0,0.0
555,500,4.0,3.62
590,367,3.0,3.32
370,1198,4.0,4.27
186,2916,4.0,3.7
41,48394,3.0,3.87
432,2396,3.5,3.83
525,3825,3.0,2.77
596,3535,4.0,3.96
198,1210,5.0,4.25
249,42723,3.0,3.12
381,4016,4.0,3.78
139,55118,3.0,4.24
580,952,3.0,3.4
603,3792,5.0,0.0
438,4270,4.0,3.12
506,112552,3.5,4.07
169,4951,4.5,3.45
313,316,4.0,3.48
18,6548,2.0,3.42
436,355,3.0,2.4
606,1269,4.5,4.12
290,2289,4.0,4.11
27,1207,5.0,4.2
307,111,3.5,4.35
298,39183,2.0,3.6
414,276,3.0,3.71
249,182715,4.0,0.0
480,7162,4.5,3.13
556,6539,4.0,3.88
489,2273,1.5,3.6
184,127212,4.5,0.0
68,55830,4.0,3.58
477,2300,4.0,4.01
474,852,2.0,3.16
367,4628,2.0,3.48
33,527,5.0,4.25
446,265,4.0,3.98
18,64957,3.5,4.05
606,7,2.5,3.25
335,762,1.0,2.47
610,8810,2.5,3.08
80,5903,4.5,3.79
84,736,3.0,3.52
353,267,3.0,3.04
587,1380,3.0,3.35
311,6365,3.5,3.22
41,112556,3.0,3.79
489,86000,4.0,0.0
217,2458,2.0,2.59
249,3268,3.0,1.91
597,1247,5.0,4.05
147,1396,4.0,3.35
474,48142,3.0,3.84
387,3176,4.0,3.46
561,8961,3.0,3.95
226,4027,4.0,3.82
474,33493,4.5,3.67
64,8949,3.0,3.78
390,61323,3.0,3.52
288,6755,3.5,3.35
599,67193,2.5,0.0
603,2726,4.0,4.24
51,2159,4.0,3.55
425,1792,4.0,3.03
148,30816,5.0,3.24
279,96737,3.5,4.21
448,4226,4.0,4.42
605,53140,4.0,0.0
116,1276,3.5,4.28
344,380,5.0,3.54
522,1617,3.5,4.14
305,5903,4.0,4.0
606,4465,3.5,3.67
212,91658,4.0,3.33
114,127198,3.5,3.61
599,605,2.5,3.42
448,4351,1.0,3.22
448,122490,1.5,0.0
48,2791,2.5,3.82
606,1089,5.0,4.43
432,3156,3.0,2.7
527,3072,4.0,3.35
105,26587,5.0,0.0
4,759,3.0,0.0
483,420,3.0,3.04
610,122886,4.5,3.98
480,5481,4.0,3.04
219,62394,2.5,0.0
414,171763,5.0,4.92
177,51939,2.5,3.21
420,44974,4.5,3.04
219,223,4.0,3.95
489,370,0.5,3.28
224,3496,5.0,0.0
63,77800,5.0,3.84
212,60069,4.0,4.17
334,59615,3.0,2.67
141,4027,4.5,3.74
461,68157,0.5,4.12
600,4642,5.0,3.88
368,3930,2.0,2.71
111,1721,4.0,3.52
555,3664,2.0,0.0
334,48780,3.5,4.36
488,6377,5.0,4.01
249,5171,3.0,3.24
605,2572,5.0,3.61
392,3534,2.0,3.23
199,1517,5.0,3.53
294,1372,4.0,3.25
378,97304,3.5,4.0
599,2841,1.5,4.07
177,2571,3.0,4.4
91,6375,3.0,0.0
467,58,5.0,3.85
365,45672,3.5,2.98
184,112552,5.0,4.15
4,2203,4.0,4.08
64,4964,3.5,0.0
580,1127,4.0,3.5
418,140174,4.5,3.53
217,1385,3.0,3.19
418,7254,4.5,3.46
606,26810,4.5,0.0
313,2918,3.0,3.96
223,318,4.5,4.53
341,1370,4.0,3.55
380,3704,4.0,3.65
477,60069,5.0,4.2
606,3259,3.5,3.26
332,3755,3.0,2.88
104,2424,4.5,3.26
307,7624,2.5,2.87
177,58347,4.0,2.64
599,31658,2.5,4.43
318,3826,3.5,2.39
534,101142,4.0,4.24
606,898,5.0,4.56
286,1333,4.0,3.68
249,100163,3.5,3.54
483,4023,3.5,3.15
318,3168,4.0,3.93
557,2700,0.5,4.05
387,5013,4.0,3.85
483,2723,5.0,3.18
599,49220,1.5,0.0
249,1619,3.5,3.5
322,2858,4.5,4.08
578,7323,4.0,3.95
368,3441,3.0,3.66
357,628,4.5,3.51
266,2968,5.0,3.95
29,1208,4.0,4.22
210,4625,2.0,0.0
280,902,4.0,3.93
464,20,4.0,2.31
610,111743,3.0,3.35
448,2997,4.0,4.16
354,4239,4.5,3.95
606,2404,2.0,2.31
594,1497,5.0,3.48
182,2025,3.5,4.0
89,4447,2.5,3.2
7,1270,5.0,4.02
234,577,3.0,0.0
479,2990,3.0,3.29
448,96448,1.5,0.0
351,90888,2.5,0.0
78,589,4.5,4.01
215,1513,2.0,3.22
294,1371,4.0,3.08
193,1197,3.0,4.26
475,8368,4.5,3.99
354,509,4.0,3.59
381,1265,3.5,4.1
305,74324,4.5,0.0
606,3108,4.0,4.0
226,5139,3.5,3.38
212,61024,2.5,3.86
462,183199,4.0,0.0
474,500,2.5,3.69
466,3717,3.5,3.4
330,2716,4.0,3.85
294,69,4.0,3.7
484,595,5.0,3.86
148,7153,3.0,4.14
425,1183,3.5,3.85
148,157296,3.0,3.71
339,5952,4.0,4.17
317,80463,4.0,3.81
479,3477,5.0,3.33
552,2141,2.0,3.75
564,40581,4.0,2.18
63,68358,3.5,4.04
480,4262,3.5,4.08
438,1616,3.5,3.37
414,34162,3.0,4.11
111,2167,3.5,3.51
357,107,3.0,3.46
560,39183,3.0,3.61
367,4025,5.0,3.15
380,4105,5.0,3.83
166,1580,4.0,3.6
105,3629,4.5,0.0
546,2456,2.0,2.48
445,306,4.0,4.15
178,736,3.0,3.44
362,37729,4.5,3.52
599,4247,1.5,2.54
503,26974,4.0,0.0
31,1353,4.0,2.52
34,3948,3.0,3.49
91,2298,4.0,0.0
593,2628,2.5,3.23
397,1701,4.0,4.33
610,106072,3.5,3.58
597,125,4.0,3.42
509,8360,4.0,3.63
599,33166,2.0,4.03
153,2395,1.0,3.47
139,49272,3.5,4.05
599,784,2.0,3.15
469,316,3.0,3.46
607,1544,4.0,2.74
414,6268,4.0,0.0
367,4247,2.0,2.43
561,88744,4.0,3.52
353,555,4.0,3.8
199,318,4.0,4.6
425,161,3.5,3.8
202,953,5.0,4.2
438,8972,4.0,3.57
111,171867,4.5,0.0
307,2997,3.0,4.1
380,78469,4.0,3.0
135,1429,4.0,3.69
263,224,4.0,3.72
389,780,5.0,3.46
177,78574,3.0,3.71
321,252,4.0,3.68
28,39381,3.5,3.59
314,485,3.0,3.19
599,8983,2.5,3.6
352,44972,3.0,2.49
187,4262,4.0,3.98
495,8917,5.0,3.75
68,3452,2.5,3.25
525,54503,3.5,4.21
51,1224,5.0,4.27
304,1408,3.0,3.77
567,112852,3.5,4.38
414,4367,2.0,3.29
62,80693,4.0,3.12
71,17,1.0,3.84
294,3363,4.0,3.9
596,7373,3.5,3.64
590,1359,2.0,3.04
274,53127,4.0,0.0
387,4679,1.5,2.86
73,68319,4.0,2.75
62,107406,4.0,3.61
134,231,3.0,3.02
410,2300,5.0,4.04
116,5995,3.5,3.96
111,5445,2.0,3.78
477,709,4.0,3.12
274,59387,3.5,0.0
328,2788,5.0,4.18
408,7153,5.0,4.18
288,1007,3.5,2.52
34,6711,5.0,4.14
596,114028,4.0,0.0
596,8361,1.5,3.32
182,3946,2.5,2.63
462,77455,4.0,4.18
190,6874,4.0,3.9
64,1197,4.5,4.38
603,3508,4.0,4.27
240,95,5.0,2.89
275,1094,3.0,3.57
282,2791,3.0,3.92
380,27802,3.0,0.0
111,47610,3.5,3.9
135,1240,5.0,4.02
177,4366,4.0,3.59
251,527,5.0,4.21
438,1591,2.5,2.45
344,4011,4.0,4.14
318,162578,4.0,3.81
567,7361,5.0,4.32
352,97306,3.5,3.49
393,5630,2.0,3.51
318,357,4.0,3.63
608,1023,2.5,3.91
562,73211,3.5,0.0
17,3508,4.0,4.2
51,6873,5.0,3.13
573,1278,4.5,3.94
294,2081,1.0,3.46
227,134853,4.5,3.9
597,2014,4.0,2.15
479,2028,3.0,4.13
590,5313,1.5,2.33
596,1513,3.5,3.28
274,27604,3.5,0.0
217,2153,3.0,2.71
474,3033,3.0,3.5
305,55908,5.0,3.86
606,4014,4.5,3.82
249,54995,3.5,4.23
219,2605,2.0,2.88
474,6974,3.0,3.05
249,54999,3.5,4.43
159,1721,3.5,3.49
452,2353,5.0,3.41
448,133195,1.5,0.0
552,2405,3.0,2.92
6,76,4.0,3.25
414,2944,5.0,4.38
425,468,3.5,3.37
555,2012,3.0,3.63
249,47997,3.5,4.26
317,608,5.0,4.22
216,913,4.0,4.19
560,3083,4.0,4.1
292,3827,3.0,3.26
602,592,4.0,3.48
226,4676,2.0,1.53
146,3868,3.0,3.39
30,260,5.0,4.26
599,3917,3.0,3.36
362,48516,4.0,4.33
414,2140,5.0,3.9
274,6014,2.0,2.53
36,2302,1.5,3.2
560,139644,4.0,3.64
537,45722,5.0,3.55
483,108932,4.0,3.99
579,2387,1.0,3.33
448,46970,2.0,3.48
543,4886,5.0,3.94
517,8368,4.5,3.95
30,108932,4.0,3.9
1,110,4.0,4.21
586,173145,4.0,2.59
13,1639,4.0,3.69
51,2605,4.0,3.0
238,2023,5.0,3.35
57,1184,3.0,4.39
414,6873,4.0,3.41
580,8949,5.0,3.69
610,1128,3.5,0.0
132,2321,3.0,3.54
490,79242,3.5,0.0
119,157699,4.5,3.65
274,36401,1.0,3.31
1,500,3.0,3.49
247,858,4.0,4.38
274,104,3.5,3.77
42,1645,4.0,3.49
307,5218,2.5,3.86
59,2671,3.0,3.32
222,1485,2.0,3.16
220,2078,3.0,3.87
387,7091,3.5,0.0
399,33166,4.5,4.01
68,6707,2.0,3.33
202,1722,3.0,3.02
18,68157,3.5,4.31
572,2302,4.0,3.27
307,502,1.0,2.6
554,908,5.0,4.06
606,45732,3.5,1.53
387,4109,2.5,2.68
357,5957,2.5,3.37
288,2108,3.0,3.67
393,2997,5.0,4.03
119,114795,4.0,0.0
103,80586,3.5,3.94
217,2916,3.0,3.74
534,2640,4.0,3.8
159,64969,4.0,3.8
292,86880,4.0,3.52
434,1704,4.5,4.17
142,36,4.0,3.87
601,3578,4.5,3.97
132,3863,3.0,3.09
105,6301,4.5,3.92
469,2366,3.0,3.79
93,2167,4.0,3.5
182,5016,4.0,2.66
597,2640,4.0,3.81
599,2413,3.0,3.63
83,7323,5.0,3.99
368,3148,4.0,3.57
603,526,4.0,0.0
385,903,4.0,4.07
554,1760,2.0,1.6
176,590,4.0,3.81
136,47,5.0,4.0
553,4011,5.0,4.17
599,45440,2.5,3.27
219,54999,1.5,4.26
370,6365,3.5,3.24
276,1196,5.0,4.24
513,780,2.5,3.43
381,4023,3.0,3.13
414,162350,2.5,3.84
365,84601,2.0,3.57
167,1197,4.5,4.31
410,1500,2.0,3.71
353,25,4.0,3.84
561,539,3.0,3.68
448,69604,3.0,0.0
489,900,3.5,0.0
318,89470,4.0,3.7
42,4629,2.0,0.0
391,3178,4.0,3.62
555,405,3.0,2.68
489,344,1.5,2.99
411,194,3.0,3.66
480,47,4.5,4.23
411,539,3.0,3.64
156,5637,4.0,0.0
586,160438,5.0,2.87
597,1500,5.0,3.81
600,2496,4.0,2.99
55,2278,3.0,3.67
567,153070,3.5,0.0
103,2294,4.0,3.27
141,780,3.0,3.49
488,318,5.0,4.53
139,66097,2.5,3.76
414,2082,2.0,3.25
235,440,4.0,3.61
514,6296,4.0,3.88
545,2300,2.5,4.08
561,67408,2.5,3.85
603,1612,3.0,0.0
68,53129,4.5,4.38
580,25825,0.5,0.0
606,541,5.0,4.22
469,1270,3.0,4.13
462,109161,4.5,0.0
414,81834,3.5,4.71
347,11,4.0,3.68
593,2797,4.0,3.74
42,1835,4.0,3.72
564,107348,3.5,3.41
559,185,3.0,3.2
474,2567,3.0,3.22
594,1527,3.0,3.79
135,2762,3.0,3.99
380,7347,3.0,3.52
599,147,2.5,3.8
600,1064,1.0,3.8
33,1500,4.0,3.71
148,356,4.0,4.18
435,163,3.5,3.52
213,1234,4.0,4.14
380,95510,4.0,3.02
197,2028,3.0,4.11
221,908,5.0,4.19
317,778,5.0,4.11
596,184997,4.0,0.0
601,81834,4.5,4.1
23,2542,3.0,4.14
237,1203,4.0,4.09
279,71535,4.0,3.87
606,30812,3.5,3.65
526,1202,4.0,0.0
64,1777,4.0,3.53
304,586,4.0,2.96
414,2622,3.0,3.62
263,587,4.0,3.38
169,1967,3.5,3.98
256,2002,4.5,2.74
606,6539,3.0,4.06
298,34437,3.0,3.66
177,33669,3.0,3.33
19,2302,3.0,3.31
202,1271,4.0,3.44
19,370,3.0,3.29
424,112515,4.5,0.0
438,2681,3.5,0.0
226,6863,3.5,3.53
600,3814,5.0,3.91
288,6711,3.5,4.23
186,4795,4.0,0.0
479,2034,1.0,3.29
109,349,3.0,3.75
111,2717,2.5,3.25
352,135143,4.0,3.57
434,2716,5.0,3.83
249,3977,3.5,3.07
489,6373,1.5,3.37
312,1183,5.0,3.85
590,7373,2.5,3.6
42,1270,4.0,4.09
225,380,3.0,3.56
474,4008,3.5,3.81
377,1371,4.5,3.05
21,116797,2.5,4.23
122,66097,4.5,3.9
140,353,3.0,3.53
562,455,4.0,2.44
4,3317,4.0,3.9
68,3969,3.0,3.45
217,2752,3.0,2.82
381,1876,2.5,3.1
356,54745,3.5,0.0
68,61024,3.0,4.1
414,5829,4.0,0.0
265,3591,3.0,2.59
207,2991,4.0,3.82
19,3534,2.0,3.25
221,1610,3.0,3.88
462,2447,3.0,3.54
608,33437,3.5,3.54
380,2105,3.0,3.48
414,55276,4.0,4.31
495,91500,4.5,3.35
239,364,4.0,4.04
472,7153,4.0,4.13
18,3949,4.5,4.09
430,529,5.0,3.7
73,72378,2.0,2.8
448,2580,3.0,4.25
325,2968,4.0,4.02
320,1013,3.5,3.33
68,1544,2.0,2.92
52,134853,5.0,3.96
308,2324,1.0,4.04
596,112852,3.5,4.58
215,1777,4.5,3.49
64,5291,4.5,3.82
555,1129,2.0,3.71
318,99114,5.0,4.26
469,955,3.0,4.07
236,2542,5.0,4.11
474,3044,5.0,3.82
607,2717,3.0,3.21
19,3035,4.0,3.68
117,656,3.0,3.46
98,122918,4.0,3.89
393,4993,5.0,4.21
200,46578,5.0,3.93
64,6016,3.5,4.32
608,1681,0.5,2.21
410,2174,3.0,3.55
188,2436,5.0,4.43
63,5349,0.5,3.65
509,62439,3.0,0.0
352,2858,5.0,4.1
263,1641,4.0,3.75
122,27831,4.5,3.73
231,2571,5.0,4.17
604,273,3.0,2.8
141,91529,4.0,4.11
200,1088,4.0,3.53
339,48322,5.0,0.0
218,8636,4.0,3.78
365,4447,3.5,3.22
57,1617,5.0,4.2
93,2302,4.0,3.23
380,96007,2.0,0.0
328,72998,3.5,3.75
318,49530,3.5,4.03
462,98809,3.5,4.01
187,1784,3.0,3.79
305,3681,5.0,4.17
599,3629,3.0,0.0
453,3273,1.0,2.64
460,47610,5.0,3.9
45,2890,5.0,3.7
414,1193,4.0,4.6
551,5618,3.0,4.22
602,589,5.0,4.03
480,4727,2.5,3.35
239,23,3.5,2.72
419,43679,3.0,3.13
40,592,4.0,3.51
490,307,4.5,3.79
477,802,3.5,3.39
305,78469,3.0,3.05
480,2710,1.0,3.16
555,3109,3.0,3.79
313,2054,1.0,2.94
606,7101,2.5,3.47
249,45447,3.5,3.65
363,1732,4.0,3.9
111,3186,4.0,3.5
474,4024,2.5,1.91
328,953,5.0,4.17
348,2858,5.0,4.05
567,87222,2.5,3.55
381,185,3.0,3.27
135,2001,3.0,3.27
330,79132,5.0,4.2
403,2761,3.0,4.34
368,3844,3.0,3.42
603,1717,3.0,3.08
597,1674,5.0,3.53
453,3513,3.0,3.07
455,434,3.0,3.07
182,1199,5.0,4.34
111,50872,3.0,4.25
286,1088,3.5,3.46
382,4226,5.0,4.2
597,288,3.0,3.41
45,2081,5.0,3.52
555,2456,3.0,2.73
414,1883,3.0,3.8
413,5574,5.0,3.37
425,1320,4.0,3.18
314,172,1.0,2.72
5,290,5.0,3.85
105,8950,3.5,4.39
122,33004,4.5,3.47
91,533,4.0,3.02
76,8641,3.0,3.68
366,6539,4.0,3.87
337,5,4.0,3.05
140,1246,3.0,4.23
428,1136,3.5,4.24
292,115231,2.5,0.0
603,232,5.0,3.71
288,8959,2.0,0.0
79,2947,5.0,3.87
509,296,3.5,4.27
370,2396,3.5,3.8
603,2130,4.0,3.31
474,6807,3.5,4.15
448,49822,3.0,3.17
380,56775,4.0,2.87
300,99114,3.5,3.95
139,81229,2.0,3.54
19,2496,3.0,2.99
464,1370,2.0,3.58
474,4980,4.0,2.96
554,1032,4.0,3.25
356,51662,3.0,3.66
111,48520,4.0,2.61
477,2081,3.0,3.51
226,1207,4.0,4.28
375,595,3.0,3.79
474,5060,3.0,4.1
88,3275,4.5,4.2
551,47,4.5,4.02
504,4823,2.5,2.98
274,5419,3.0,3.13
387,954,3.0,4.28
28,48738,3.0,3.87
330,480,2.0,3.78
339,4226,4.5,4.26
111,6187,3.5,3.52
610,111,5.0,4.51
534,2,4.5,3.63
111,112556,4.0,3.81
432,84392,3.5,3.49
232,46578,4.0,4.04
215,1203,4.0,4.15
380,3991,3.0,2.64
606,579,3.0,0.0
603,4697,3.0,1.77
474,2058,4.0,3.66
275,1208,5.0,4.33
298,94953,1.5,3.12
527,2450,5.0,2.52
462,49272,1.5,4.11
414,88140,3.5,4.3
288,2990,3.0,3.45
196,4963,3.5,4.0
414,6554,2.0,0.0
125,93840,4.5,4.21
306,134368,5.0,3.97
382,4308,5.0,3.59
89,117109,4.5,0.0
305,56775,3.0,2.83
381,45431,4.0,3.64
234,65,3.0,2.73
483,5299,1.5,3.29
307,5572,2.0,2.66
493,2353,3.0,3.35
428,2628,3.5,3.26
608,2000,3.5,3.87
414,782,2.0,3.98
477,30749,4.0,4.19
517,2717,1.5,3.22
483,8970,4.0,3.67
31,1278,5.0,3.92
50,109487,2.5,3.96
483,8972,3.0,3.58
445,2762,4.0,3.94
250,8880,4.0,3.38
527,4801,4.0,0.0
113,1232,2.0,3.66
418,87869,0.5,3.5
589,788,4.0,2.79
414,35836,4.0,4.0
608,8970,4.5,3.58
87,1077,4.0,3.67
173,153,3.0,2.94
525,7318,2.5,3.89
29,750,4.5,4.3
306,31685,2.0,3.13
51,527,3.0,4.26
168,7934,4.5,3.83
462,62250,4.5,0.0
167,671,4.0,3.63
103,5952,3.5,4.18
580,588,2.0,3.97
599,168250,3.0,4.05
201,1527,4.0,3.79
356,5618,4.0,4.19
259,1784,5.0,3.73
553,44199,5.0,3.84
600,4558,3.0,2.4
489,2324,4.0,4.17
182,2115,4.0,3.7
563,105844,4.0,3.89
20,4027,4.0,3.74
95,924,5.0,3.9
448,339,3.0,3.79
75,2628,1.0,3.21
514,46970,3.0,3.21
452,4085,4.0,3.39
438,2502,3.5,4.23
64,5991,3.5,3.72
18,33794,4.5,4.07
474,1301,3.5,4.02
260,162,4.5,3.99
357,79132,4.0,4.19
282,37741,4.5,3.85
159,7143,4.0,3.91
486,316,3.0,3.37
68,4246,4.0,3.8
234,594,5.0,3.56
378,3949,3.5,3.93
605,30793,2.5,2.97
232,53127,0.5,0.0
596,132454,3.5,0.0
414,161,3.0,4.15
462,122926,3.0,4.28
331,8961,4.0,3.88
573,86332,4.5,3.68
104,3719,2.0,0.0
495,63131,3.5,3.67
237,4254,3.5,2.02
343,1203,4.5,4.09
144,6539,5.0,3.91
282,47610,4.5,3.97
592,588,5.0,3.87
555,1346,3.0,3.46
414,1379,3.0,3.05
313,1345,4.0,3.28
305,1587,2.5,3.45
52,31685,3.0,3.15
309,1234,4.0,4.16
19,351,2.0,3.29
45,3549,4.0,4.16
113,3359,4.0,4.19
93,2968,4.0,3.95
577,3153,5.0,3.77
608,4246,3.0,3.71
448,54503,3.5,4.44
603,1954,4.0,3.93
177,28,2.5,4.66
414,3783,4.0,4.54
477,59315,4.5,3.9
448,1665,3.0,2.99
387,8512,3.5,0.0
474,293,3.5,4.26
198,1682,4.0,3.97
232,32298,3.0,0.0
514,1721,4.0,3.54
201,1580,4.0,3.56
219,27904,3.0,3.73
597,1517,5.0,3.56
234,2162,3.0,2.09
438,5881,3.0,3.26
116,1101,5.0,3.12
522,954,3.5,4.19
57,892,3.0,3.52
474,3310,4.0,0.0
453,2006,4.0,3.17
215,2324,5.0,4.04
414,11,5.0,4.1
80,85397,4.0,0.0
395,589,3.0,4.01
599,2448,1.5,0.0
560,96610,3.5,3.81
468,595,5.0,3.81
610,541,5.0,4.3
381,3270,4.0,2.42
28,37386,3.5,2.65
590,6787,4.0,4.08
220,49272,4.0,4.08
313,188,4.0,3.72
19,2279,2.0,2.49
95,1291,3.5,4.14
318,84944,4.5,3.62
474,2126,2.0,2.77
539,2329,3.5,4.25
509,129229,2.0,0.0
118,25,2.0,3.77
122,5669,4.5,3.82
249,69844,4.0,4.15
580,10,3.5,3.56
186,2078,4.0,3.87
181,350,4.0,3.39
273,329,5.0,3.37
117,861,3.0,4.37
356,3253,4.5,3.45
232,32296,2.5,2.3
298,135567,2.5,2.56
232,68793,3.5,3.1
76,553,3.5,3.87
387,743,1.5,2.79
57,104,2.0,3.63
603,446,4.0,3.32
599,2541,2.5,3.31
89,74683,4.0,0.0
599,148626,3.0,3.99
414,58154,4.0,3.45
20,1013,4.0,3.4
517,1702,2.5,3.26
307,37857,4.5,3.84
368,3450,3.0,3.34
318,7238,4.0,0.0
234,1210,5.0,4.28
380,2987,5.0,3.95
256,5944,4.0,3.16
452,2531,4.0,3.01
489,34162,2.5,3.7
599,5013,3.0,3.86
474,1515,1.5,2.2
591,2882,2.0,0.0
453,480,4.0,3.78
298,1746,2.0,0.0
59,1086,4.0,4.03
313,405,3.0,2.64
483,5477,4.5,3.61
555,380,4.0,3.73
45,2712,3.0,3.44
140,2700,1.0,4.22
198,5016,2.0,2.69
588,431,3.0,3.75
344,1210,5.0,4.2
41,112552,4.0,4.17
282,8961,5.0,3.86
560,8865,3.5,2.78
471,79702,5.0,3.84
599,1487,2.0,3.31
385,1092,3.0,3.36
391,2019,5.0,4.34
76,42723,3.0,2.95
232,30812,4.0,3.62
307,2421,3.0,2.6
510,1396,3.5,3.33
140,3755,4.0,2.93
63,33779,5.0,0.0
232,2167,3.5,3.52
495,47997,4.5,4.27
4,708,4.0,3.34
266,1079,5.0,3.97
391,3271,4.0,3.91
41,135887,3.0,2.51
202,3985,4.0,3.36
64,3489,3.0,3.6
18,1089,4.0,4.37
95,293,4.5,4.09
538,3396,5.0,3.8
274,3386,3.0,3.04
274,12,3.5,3.03
199,57243,3.5,0.0
288,3175,4.0,3.88
600,2580,3.0,4.1
190,6539,3.0,3.89
105,858,5.0,4.49
141,80463,5.0,3.78
104,4641,2.5,3.36
425,1961,4.0,3.88
414,48982,2.5,3.63
474,7772,3.5,0.0
514,112552,4.5,4.21
527,3448,5.0,3.65
352,97304,4.0,4.08
230,45447,3.5,3.15
448,2474,4.0,3.38
346,3448,3.0,3.6
212,8807,3.0,3.66
297,494,2.0,3.37
592,368,3.0,3.52
298,1584,2.5,3.75
208,2699,2.0,2.97
239,475,5.0,4.42
274,553,4.5,4.24
600,17,3.5,3.9
452,2167,5.0,3.53
104,5349,3.5,3.6
382,117529,4.0,3.38
272,1240,4.0,3.9
299,3793,4.0,3.66
488,2001,2.0,3.22
409,3099,4.0,3.06
387,7983,4.0,4.54
41,56941,3.5,2.76
29,7156,4.5,4.26
135,2683,4.0,3.17
452,260,5.0,4.29
42,520,2.0,3.19
268,2344,4.0,3.02
56,593,5.0,4.17
217,1747,3.0,3.38
182,1653,3.5,4.22
288,47950,3.5,3.02
307,3882,0.5,3.05
105,4306,4.0,4.07
599,3793,3.5,3.77
395,60,3.0,3.37
536,272,5.0,3.43
418,1259,3.5,3.93
380,102125,5.0,4.11
177,2797,5.0,3.88
104,110,1.0,4.14
307,8799,2.0,2.43
246,26662,4.5,4.17
351,4069,2.5,3.02
593,3793,3.0,3.7
590,52435,4.5,3.72
38,50,5.0,4.27
480,1090,4.0,4.13
465,2505,2.0,3.39
305,63082,5.0,4.25
105,4890,3.5,3.04
600,4340,2.5,1.84
263,1196,4.0,4.28
599,1617,3.5,4.35
51,4054,2.0,3.32
414,2761,4.0,4.84
274,57640,3.5,4.01
96,1094,4.0,3.52
528,5254,4.0,3.23
380,3798,3.0,3.44
357,69122,3.5,3.8
546,3959,5.0,3.12
368,2871,3.0,3.83
321,317,5.0,3.2
133,356,4.0,4.17
561,2072,4.5,3.19
313,3702,4.0,3.86
561,3317,4.0,3.97
474,3108,2.5,3.97
527,5250,5.0,3.5
414,2355,4.0,4.13
89,149566,5.0,0.0
606,47,3.0,4.14
221,6807,3.5,4.15
318,97938,4.0,4.02
325,3608,3.0,2.85
64,2542,3.5,4.35
356,58998,3.5,4.1
599,596,3.5,3.63
448,59369,2.5,3.85
68,2803,3.0,3.06
610,6058,3.0,3.22
590,8961,4.0,3.96
599,24,2.5,3.36
156,1354,5.0,4.32
288,2524,2.0,3.38
559,708,4.0,3.36
97,4643,4.0,2.68
20,3034,5.0,3.58
318,64839,3.5,3.77
452,1801,5.0,3.32
415,4027,4.0,3.72
137,1136,5.0,4.25
232,4701,3.0,3.42
292,102903,4.0,3.57
590,1562,2.0,2.07
199,4148,1.5,2.93
307,2140,2.5,3.57
339,1259,5.0,4.02
368,1219,3.0,4.08
434,111,5.0,4.23
214,788,2.0,2.78
420,56757,4.0,3.82
156,3028,3.0,0.0
555,3868,1.0,3.52
597,440,4.0,3.68
561,50872,3.0,4.14
280,8376,3.5,3.1
438,1597,3.5,3.19
434,3753,2.5,3.54
226,53129,4.0,4.28
280,72641,5.0,3.61
610,1658,2.5,3.76
285,1276,4.5,4.27
352,53000,4.0,3.71
83,1270,3.5,4.01
484,586,4.0,3.01
495,97923,5.0,3.66
288,7149,4.0,3.52
350,748,4.0,2.77
597,1885,4.0,3.32
414,2542,5.0,4.68
357,40629,5.0,3.59
606,26152,3.5,0.0
451,7,3.0,3.11
31,1231,3.0,3.96
573,2628,3.5,3.29
328,1259,3.0,3.98
167,4980,3.0,2.94
603,948,4.0,0.0
477,6166,3.5,1.67
113,4083,4.0,0.0
600,3471,4.0,4.04
111,111743,2.5,3.04
425,47,4.5,4.08
308,5952,4.0,4.06
432,66090,4.0,0.0
122,91529,4.0,4.24
62,2023,5.0,3.38
594,3353,4.5,0.0
606,8368,4.0,3.97
594,6996,4.0,1.1
524,349,5.0,3.75
565,356,4.0,4.18
414,325,2.0,2.89
448,101577,1.0,0.0
122,4262,5.0,4.01
566,454,5.0,3.62
254,1210,4.0,4.24
103,1073,4.0,4.05
357,1096,3.5,4.06
288,6337,3.5,3.15
19,2227,3.0,3.75
525,68237,4.5,4.11
160,2000,4.0,3.75
153,174055,1.5,3.75
199,296,4.0,4.3
229,305,3.0,0.0
414,8870,2.5,2.11
17,2959,4.5,4.29
246,59387,5.0,0.0
599,53519,3.5,3.95
484,2059,2.5,3.14
312,1348,5.0,3.54
605,1,4.0,3.93
608,3753,4.0,3.75
525,53123,4.0,3.92
73,89492,4.0,4.03
95,5619,4.0,0.0
177,5952,2.0,4.2
475,8665,4.0,3.96
37,165,5.0,3.61
202,567,3.0,0.0
382,2571,5.0,4.24
599,4113,2.0,0.0
217,12,3.0,2.77
187,260,4.0,4.29
24,1246,4.0,4.1
196,1214,4.5,3.89
7,648,4.0,3.56
580,4874,4.5,3.67
474,949,3.5,0.0
217,1602,2.0,0.0
439,78499,4.0,4.36
555,2724,3.0,2.72
135,4896,4.0,3.78
328,1278,5.0,3.95
253,48394,5.0,3.81
466,81834,4.5,4.16
105,2542,5.0,4.34
57,2791,5.0,3.94
381,377,4.0,3.7
45,2528,4.0,3.29
610,80162,2.5,0.0
103,5816,2.5,3.59
605,153,4.0,2.99
606,3083,5.0,4.2
555,29,4.0,4.18
599,86864,3.0,0.0
292,72641,4.0,3.67
141,8529,4.0,3.26
590,3704,2.5,3.58
438,5665,3.0,2.28
438,4052,3.5,2.72
221,898,3.5,4.45
177,58998,2.0,4.27
68,434,3.0,3.42
380,175485,3.0,0.0
421,5008,4.5,4.37
448,2887,1.0,0.0
68,786,2.5,3.49
62,54503,4.0,4.17
414,3950,4.0,3.96
274,4030,1.5,1.63
360,1747,5.0,3.34
11,377,3.0,3.56
129,648,4.0,3.57
603,3083,4.0,4.21
125,26681,3.0,0.0
567,168250,2.0,3.94
2,91529,3.5,4.03
274,53953,4.0,3.2
50,1968,2.5,3.87
51,2265,2.5,2.31
57,3033,3.0,3.51
377,56176,0.5,0.0
398,1028,5.0,3.74
414,2672,3.0,3.27
236,1998,2.0,0.0
42,360,3.0,2.56
359,3499,3.5,3.87
262,535,3.0,3.32
140,3155,5.0,3.89
43,377,3.0,3.62
482,494,4.0,3.38
86,590,4.0,3.83
598,8360,1.0,3.53
432,68319,2.5,2.76
31,377,5.0,3.54
371,2641,3.5,3.16
275,4979,5.0,3.8
51,2374,4.0,3.22
352,90405,3.5,3.58
23,3949,5.0,3.93
414,2692,5.0,4.25
8,34,5.0,3.63
83,3462,3.0,3.74
318,7932,4.0,0.0
160,1265,2.0,4.06
412,2571,3.0,4.15
479,2599,4.0,3.72
42,1021,2.0,2.75
552,4776,3.0,3.78
606,27815,5.0,3.9
599,64030,2.0,2.36
462,45499,2.5,3.38
452,380,5.0,3.65
117,745,4.0,4.17
599,4039,2.5,3.19
235,593,5.0,4.18
19,1333,3.0,3.75
251,78499,5.0,4.35
474,2712,4.0,3.52
603,1419,4.0,0.0
318,127180,4.0,0.0
120,783,3.0,3.39
219,3755,2.5,2.9
18,1527,3.5,3.84
146,2124,3.5,3.47
480,16,4.0,4.05
563,912,4.0,4.38
125,84952,4.0,0.0
380,5377,4.0,3.92
490,186,2.0,3.15
28,6552,2.5,3.81
385,1198,5.0,4.27
567,170945,3.5,0.0
23,3424,3.0,4.09
561,84772,3.0,3.53
294,733,4.0,3.76
477,1968,4.0,3.91
66,1259,3.5,4.04
219,8961,4.0,3.97
104,1220,4.0,3.88
368,47,4.0,4.1
380,4018,3.0,3.33
480,5110,3.0,3.82
477,54771,4.0,0.0
198,592,3.0,3.49
317,77561,3.0,3.61
135,1385,3.0,3.18
199,2699,4.0,2.94
599,5319,2.5,4.22
603,674,5.0,2.78
382,1230,5.0,4.03
448,2421,2.0,2.63
169,7614,5.0,0.0
221,5669,5.0,3.74
365,114494,1.5,0.0
603,2919,3.0,4.09
578,7046,1.5,2.84
312,2968,4.0,3.99
103,8961,3.5,3.94
435,63082,5.0,3.85
292,103339,3.0,2.85
606,2376,2.5,3.61
233,356,5.0,4.23
377,4792,4.5,2.66
233,2054,2.0,2.89
562,7079,4.5,0.0
356,4011,4.5,4.24
448,149612,2.0,0.0
20,4299,3.5,3.62
182,5680,3.0,3.37
521,140,3.0,3.52
280,69122,4.0,3.75
456,628,4.0,3.53
608,1801,3.0,3.39
122,784,5.0,3.02
257,594,3.5,3.53
288,10,3.0,3.7
514,5247,2.5,1.91
414,27,2.0,3.4
17,2194,4.0,3.91
222,64622,2.5,2.87
599,3270,3.5,2.43
414,52973,4.0,4.08
381,78637,3.5,4.86
474,3873,3.0,3.04
448,133545,1.0,0.0
50,1732,3.5,3.95
583,117590,2.5,3.94
222,4979,1.5,3.72
357,2959,4.5,4.25
380,140247,3.5,2.57
247,44191,4.0,3.96
520,3948,4.0,3.51
414,61240,3.5,4.53
230,2987,2.5,3.66
160,594,5.0,3.57
381,6773,4.0,3.55
414,6890,4.0,0.0
534,60072,3.5,3.13
606,4689,3.5,0.0
68,78499,3.5,4.47
153,296,3.0,4.26
91,2706,2.0,3.44
21,2403,2.5,3.79
91,678,3.0,3.96
359,46723,3.5,3.44
307,44761,3.5,3.71
227,38304,4.0,0.0
222,6377,3.0,4.06
428,1101,2.0,3.13
448,2402,2.0,3.46
409,223,4.0,3.94
599,97752,3.0,3.86
509,1197,4.0,4.34
73,60126,3.5,3.52
524,485,4.0,3.19
182,81,3.5,3.03
266,1968,2.0,3.87
304,81,4.0,2.97
332,81782,3.5,3.53
199,7028,4.0,3.48
465,164,4.0,3.45
608,27706,4.0,3.15
308,253,0.5,3.48
408,47610,5.0,3.91
348,5291,4.5,3.73
199,1080,4.5,4.07
280,5816,4.0,3.64
140,1233,3.0,4.42
204,4226,4.5,4.14
479,1030,2.0,2.76
353,442,2.0,3.06
177,4008,3.0,3.63
339,64716,4.5,4.49
226,1721,1.5,3.57
298,55280,0.5,4.21
448,142536,2.0,0.0
462,1757,2.0,0.0
260,3362,2.0,3.89
181,539,4.0,3.62
480,2706,3.5,3.48
68,8361,3.5,3.53
384,3072,4.0,3.3
68,2959,2.5,4.31
176,733,5.0,3.75
465,2890,3.0,3.63
202,456,5.0,2.93
522,44191,4.5,3.98
321,344,3.0,2.99
19,3484,2.0,2.79
18,111,4.0,4.33
600,2012,4.5,3.63
368,1994,3.0,3.44
610,122892,4.0,4.26
425,74545,3.0,3.94
517,147380,1.0,0.0
301,357,2.5,3.52
68,838,3.5,3.92
292,45517,4.0,3.38
356,2580,4.0,4.08
368,2006,2.0,3.15
313,1301,4.0,3.9
460,56367,4.5,3.78
83,1250,3.0,4.09
524,1197,5.0,4.27
182,3210,4.0,3.58
590,596,4.0,3.51
140,3173,4.0,3.14
594,289,4.5,4.1
221,32632,3.5,0.0
232,5449,2.5,3.08
274,5165,4.0,0.0
304,380,4.0,3.62
363,1517,4.0,3.47
477,5348,4.0,0.0
338,187593,1.0,4.7
290,373,4.0,3.5
599,4474,1.5,2.25
448,485,4.0,3.5
456,832,5.0,3.17
474,4218,3.5,0.0
509,104374,3.5,4.2
274,3275,4.5,4.36
129,2105,4.0,3.38
599,41617,2.5,0.0
445,45722,3.0,3.58
217,3543,3.0,3.65
560,69481,4.0,4.24
307,5298,3.5,3.53
43,413,3.0,2.62
268,2000,3.0,3.68
45,2791,4.0,4.01
590,1371,2.5,2.97
561,485,2.5,3.34
220,2692,4.5,4.01
239,2046,4.0,3.29
256,5618,0.5,4.21
534,2115,4.0,3.68
144,1917,2.5,2.89
368,3527,3.0,3.72
16,913,4.0,4.2
602,151,4.0,3.47
18,1260,4.0,3.34
469,858,5.0,4.35
438,8636,4.5,3.95
42,1100,4.0,2.57
34,4306,3.5,3.94
608,3686,3.5,3.07
219,253,3.0,3.53
483,1307,3.5,4.1
585,3275,4.0,4.21
562,1982,5.0,3.71
103,65088,3.5,3.43
475,59315,4.0,3.92
380,1198,5.0,4.52
409,2699,4.0,2.95
339,4007,4.5,3.94
514,4306,4.0,3.99
557,10,4.5,3.44
309,898,4.5,4.36
365,81591,0.5,3.63
593,1476,4.0,3.6
154,71264,5.0,3.73
600,1213,2.0,4.44
594,1188,4.5,3.91
288,2118,4.5,3.94
409,910,5.0,3.87
230,2617,3.5,3.08
122,148652,3.5,0.0
177,153,3.0,3.16
610,6502,5.0,4.47
139,7163,2.0,3.12
429,421,4.0,3.25
438,4025,3.5,3.34
517,6550,0.5,2.99
27,595,4.0,3.84
462,5205,3.5,0.0
71,1073,3.0,3.91
186,185,4.0,3.22
308,50872,4.0,3.96
140,5266,3.0,3.18
226,1194,3.5,3.65
380,49649,3.0,2.24
50,99114,3.0,3.98
599,7191,2.0,0.0
555,1336,1.0,0.0
288,2083,3.0,4.07
247,1380,1.0,3.34
212,2028,2.5,4.17
579,2324,4.0,4.07
534,119655,3.5,0.0
249,64983,3.5,3.31
599,93,1.5,3.15
457,3578,5.0,3.95
436,239,3.0,3.09
474,8609,3.5,0.0
434,112,2.5,3.58
221,33154,4.5,4.0
298,127098,3.0,0.0
318,500,3.5,3.48
376,7153,4.0,4.17
20,4449,2.0,0.0
448,539,3.0,3.91
489,2690,2.0,3.77
599,90945,3.0,0.0
608,4623,2.5,3.76
600,1073,5.0,4.09
68,3977,3.0,3.07
425,3996,3.0,3.99
492,74,4.0,3.71
572,2394,3.0,3.45
590,1485,2.5,3.25
177,86882,4.0,4.01
330,1954,3.0,3.96
352,1580,2.5,3.61
91,6365,3.0,3.34
140,1013,4.0,3.5
414,39449,2.0,2.87
64,1682,4.0,4.08
610,6016,5.0,4.49
68,58293,4.0,2.62
104,49286,4.0,3.08
305,8528,4.0,3.92
51,2634,3.0,0.0
450,1259,4.0,3.92
18,2762,4.5,4.03
307,1967,4.0,4.05
274,34162,2.5,3.9
165,3996,4.0,3.89
313,1208,4.0,4.23
90,68,3.0,3.53
160,589,5.0,4.14
596,1801,3.0,3.34
484,2133,4.0,3.39
561,5378,2.5,3.45
306,76293,3.5,3.1
347,2,3.0,3.36
18,527,4.5,4.37
249,69757,4.0,3.9
307,585,0.5,2.93
448,86911,3.0,3.94
105,126426,4.0,0.0
314,1375,3.0,3.24
599,1605,2.0,0.0
462,118696,1.5,3.9
484,4388,3.5,2.73
46,39,3.0,3.4
462,2926,3.5,3.28
462,1240,4.0,3.96
414,1356,3.0,4.17
566,144,3.0,3.61
228,2986,3.5,3.0
381,1385,2.5,3.18
474,44694,3.5,3.98
68,2662,2.0,3.63
425,1246,4.0,4.15
489,1380,3.0,3.45
42,1093,5.0,3.59
414,1920,3.0,3.33
280,91500,5.0,3.34
357,1198,4.0,4.34
36,2012,2.0,3.47
607,1291,4.0,4.12
606,899,4.0,4.3
602,288,3.0,3.42
590,597,3.0,3.7
367,2671,5.0,3.37
509,56152,3.0,3.63
381,609,3.0,3.71
169,2617,3.0,3.09
357,2080,3.5,3.55
560,6059,3.5,3.38
500,1188,1.0,3.92
367,3615,4.0,2.86
116,2985,2.0,3.52
414,653,3.0,3.58
334,8961,3.5,3.84
580,1213,4.0,4.42
525,3793,3.0,3.78
305,32,5.0,4.17
480,2501,3.5,4.08
19,640,1.0,3.55
326,88125,2.0,3.67
105,59387,3.5,0.0
42,1672,4.0,3.36
156,2692,5.0,4.05
361,1263,1.5,4.09
17,356,5.0,4.22
330,8874,5.0,4.08
599,155,2.5,1.8
160,2530,1.0,2.47
406,724,3.0,2.98
448,87298,3.0,3.18
274,4224,2.5,0.0
560,4308,4.0,3.59
219,48394,3.0,3.92
91,590,3.5,3.89
305,69275,5.0,0.0
483,5039,3.5,4.44
444,265,4.0,3.99
567,6377,3.0,4.04
57,150,3.0,3.85
95,1396,4.0,3.31
106,7153,5.0,4.14
247,110,4.0,4.1
182,319,4.5,3.5
380,6615,4.0,2.31
600,41285,4.0,3.67
313,1580,4.0,3.59
217,87,3.0,2.86
438,5449,3.0,3.01
330,316,4.5,3.39
103,107,3.5,3.48
274,2901,3.0,3.37
414,4275,4.0,0.0
520,2501,4.0,3.98
551,4369,4.0,3.15
599,1411,4.0,4.32
292,81845,4.0,4.18
260,4878,4.0,4.1
62,8371,2.5,3.63
370,50,4.5,4.29
555,1031,5.0,3.6
509,6958,1.5,2.46
295,2329,5.0,4.27
606,3535,3.0,3.97
8,153,2.0,2.96
534,5444,4.0,3.99
168,3681,5.0,4.04
539,54259,5.0,3.61
474,8364,3.5,3.49
109,11,4.0,3.7
146,6953,3.0,3.34
57,673,1.0,3.06
603,2593,4.0,0.0
232,47099,4.0,3.95
104,4740,3.5,0.0
445,1080,5.0,4.07
102,288,4.0,3.4
19,1909,3.0,3.35
26,150,3.0,3.76
234,3990,4.0,1.22
275,1883,5.0,3.72
266,3020,3.0,3.79
387,70,3.5,3.58
610,6764,3.0,3.75
401,170939,3.5,0.0
325,4889,3.0,3.37
599,4625,2.0,0.0
409,1228,5.0,4.27
599,6857,4.0,3.71
111,159161,4.5,0.0
367,1777,4.0,3.52
543,2378,5.0,3.23
380,480,5.0,3.97
334,2746,3.5,3.19
387,5531,3.0,0.0
290,1939,5.0,3.74
580,908,1.5,4.09
292,6297,4.5,3.36
227,97304,4.5,4.02
68,802,3.0,3.5
599,32584,3.0,0.0
385,1394,4.0,4.23
111,4239,3.0,4.02
580,8800,4.5,0.0
414,319,4.0,3.86
144,2028,3.5,4.15
438,6537,4.0,3.03
256,4973,4.0,4.25
474,6515,4.5,0.0
21,106918,3.5,4.25
92,2501,4.0,3.95
605,44225,1.0,0.0
83,6874,0.5,3.91
469,208,3.0,2.96
607,3361,4.0,3.82
537,79132,5.0,4.08
607,1717,5.0,3.0
559,204,2.0,2.68
610,51935,3.0,4.14
105,85736,4.5,4.68
51,661,3.0,3.47
600,3968,4.0,3.2
391,2797,5.0,3.88
414,2819,4.0,3.88
112,115617,3.5,4.04
111,162344,5.0,0.0
395,181,1.0,2.39
140,4795,4.0,0.0
11,733,4.0,3.76
608,3147,4.0,4.42
290,1950,5.0,4.41
337,27,5.0,3.23
383,2558,3.0,1.75
549,589,3.0,3.99
474,1250,4.0,4.17
480,3812,4.0,3.3
474,5771,0.5,0.0
597,459,2.0,2.31
217,3341,4.0,4.23
414,616,4.0,3.53
369,8910,3.5,3.63
571,2793,2.0,1.97
599,3200,4.0,4.37
103,109374,4.0,3.87
391,1704,3.0,4.24
504,4993,4.0,4.17
514,2194,4.0,3.94
356,5110,3.5,3.64
56,10,4.0,3.46
111,76251,3.5,3.9
92,107,5.0,3.35
522,2858,5.0,4.09
100,3911,3.5,3.78
141,59784,3.0,3.43
305,1237,3.5,4.39
580,47,5.0,4.11
226,37720,4.0,0.0
310,7184,4.5,0.0
286,4718,0.5,2.98
331,608,5.0,4.18
57,2916,4.0,3.69
378,1682,4.0,3.88
105,147300,5.0,0.0
104,2300,3.0,4.02
93,1049,4.0,3.14
474,2160,4.0,4.49
232,3755,3.5,3.02
216,1230,5.0,4.04
495,158,3.5,2.88
555,3098,3.0,3.82
229,342,4.0,3.12
177,60950,3.0,2.71
161,2018,3.5,3.25
32,694,3.0,2.34
361,56775,4.0,2.72
484,3253,4.0,3.43
64,4571,4.0,3.76
361,356,3.5,4.2
607,2737,4.0,0.0
111,48394,3.0,3.92
307,2787,2.0,2.68
153,5992,4.0,3.5
82,303,3.0,3.02
489,33615,4.0,3.49
480,4321,3.0,3.44
145,316,2.0,3.34
319,7293,4.0,3.6
356,1257,5.0,3.52
104,4308,5.0,3.59
226,2012,2.5,3.69
290,938,5.0,2.86
339,2712,5.0,3.46
606,1271,4.5,3.51
134,208,4.0,2.99
102,329,2.0,3.4
489,7154,0.5,3.16
28,1884,2.5,3.98
413,69122,5.0,3.69
480,3386,3.5,3.12
322,1617,3.5,4.12
606,1357,4.0,4.36
182,6564,0.5,3.06
553,431,4.0,3.77
19,2717,1.0,3.25
298,95441,2.0,3.41
232,38798,3.0,0.0
564,102123,2.5,2.91
274,40826,2.0,3.41
489,172,0.5,2.78
354,1214,4.0,3.95
605,27036,3.0,0.0
600,1259,3.0,4.09
414,55080,4.0,0.0
274,1591,2.0,2.51
380,4366,5.0,3.64
428,6957,4.0,3.48
597,145,2.0,3.51
265,1682,4.0,3.9
474,1093,3.0,3.71
165,5445,4.0,3.71
73,86332,5.0,3.63
159,1569,3.0,3.5
280,3988,3.0,3.02
211,356,4.5,4.22
217,434,3.0,3.21
282,318,4.5,4.58
236,1350,4.0,3.7
294,440,3.0,3.65
483,4018,4.0,3.27
328,165101,0.5,3.69
200,913,4.0,4.19
199,2312,3.0,4.03
298,6807,2.5,4.15
438,8835,3.0,2.16
332,1214,4.5,3.99
474,6620,4.5,4.63
597,2371,5.0,3.21
29,316,4.0,3.34
116,62383,4.0,0.0
274,65,3.0,2.83
483,2134,3.5,3.08
348,6016,5.0,4.15
592,489,3.0,0.0
183,4085,4.0,3.33
20,3897,4.5,3.87
345,6787,4.0,4.03
123,112552,3.5,4.1
469,2353,4.0,3.4
574,318,5.0,4.51
425,3052,3.5,3.69
222,56367,3.0,3.82
28,40278,3.0,3.59
308,1291,0.5,4.11
573,36529,4.5,3.93
169,597,4.0,3.65
304,105,3.0,3.28
200,7541,3.5,0.0
88,48774,4.5,4.11
448,84950,2.5,0.0
85,1185,5.0,0.0
409,2702,3.0,3.71
217,1405,2.0,2.78
313,4518,4.0,4.11
600,5437,3.0,0.0
437,153,1.0,2.97
596,3094,4.0,0.0
204,6104,4.0,4.21
606,4144,4.5,4.29
325,5075,4.0,0.0
21,105653,4.0,0.0
606,4593,2.5,0.0
306,115617,4.0,4.03
234,1690,4.0,2.83
469,3152,5.0,4.55
353,186,5.0,3.2
410,3855,5.0,0.0
414,106920,4.0,4.59
249,2335,3.5,2.83
378,1193,4.5,4.15
470,539,4.0,3.61
273,590,2.0,3.81
111,102481,4.5,3.96
414,1944,4.0,4.31
605,3114,3.5,3.93
38,368,4.0,3.49
410,912,4.0,4.38
571,1333,4.0,3.65
274,7222,4.0,0.0
7,32029,2.0,3.25
370,541,3.5,4.17
487,750,3.5,4.3
221,3334,4.5,4.3
274,3484,3.0,2.83
453,4448,3.0,3.48
232,62792,3.5,0.0
226,1136,5.0,4.35
177,88405,4.0,3.28
159,78499,5.0,4.39
135,3624,4.0,3.27
50,97923,2.5,3.61
17,1234,4.0,4.16
599,37857,2.5,4.02
495,46578,4.0,3.95
91,3471,4.0,4.03
91,163,5.0,3.7
162,225,3.0,3.56
176,316,4.0,3.35
414,453,3.0,3.84
414,5292,5.0,3.87
477,2804,4.0,4.12
586,168252,5.0,4.58
474,5589,2.0,3.55
469,6460,5.0,0.0
480,46970,5.0,3.39
218,1090,3.0,4.03
493,2948,3.0,3.59
541,318,4.0,4.52
498,480,4.0,3.73
274,2005,4.0,3.92
45,2918,5.0,4.05
219,6,3.5,4.0
465,1299,5.0,4.01
534,253,4.0,3.54
80,3863,3.5,3.11
282,8622,4.5,3.72
64,3175,3.5,3.81
20,1088,4.5,3.51
66,2987,4.0,3.73
469,3685,4.0,3.99
535,2882,1.0,0.0
599,5010,2.5,4.08
333,3616,4.0,3.22
455,350,4.0,3.32
432,84152,3.0,4.24
169,4373,4.5,0.0
342,2355,4.0,3.49
83,161,3.5,3.72
382,3991,2.0,2.52
339,59315,3.5,3.89
256,8360,4.0,3.56
425,5444,3.5,3.94
480,1377,3.5,3.02
153,30810,1.0,3.67
51,2454,4.0,3.44
577,2046,3.0,3.22
91,802,3.5,3.45
604,277,4.0,3.48
424,115713,4.5,4.03
226,3593,0.5,1.87
427,5040,3.0,2.77
294,107,3.0,3.48
580,5903,5.0,3.83
191,159,1.0,3.01
455,457,4.0,3.99
410,942,5.0,0.0
313,3638,4.0,3.1
274,2114,3.5,3.34
221,2686,4.0,4.24
608,4886,4.0,4.12
606,3528,4.0,3.89
380,6541,4.0,3.0
28,7361,2.5,4.37
135,153,1.0,3.05
168,342,4.0,3.11
57,3386,3.0,3.1
414,41573,3.0,2.24
199,1889,4.0,3.86
310,2355,3.5,3.51
307,953,3.0,4.19
104,1380,4.5,3.37
111,169912,2.5,0.0
186,2311,4.0,3.77
468,344,3.0,2.99
563,5618,4.0,4.16
381,78105,3.0,3.37
306,4886,3.0,3.94
555,3573,1.0,0.0
380,1265,5.0,4.26
232,31420,2.5,3.24
387,1303,3.5,3.93
402,296,5.0,4.23
506,51834,3.0,0.0
599,3421,2.5,4.05
8,50,5.0,4.26
305,89745,4.0,3.99
105,96821,4.0,4.04
586,1356,4.0,3.92
266,64,1.0,2.51
136,253,4.0,3.48
3,31,0.5,3.38
533,4973,5.0,4.25
590,736,2.5,3.59
135,2455,3.0,3.54
419,31410,4.5,4.27
305,84954,3.0,3.69
474,2941,4.0,4.03
385,235,2.0,3.73
368,1385,2.0,3.18
557,150,4.5,3.75
474,40629,3.5,3.93
19,2788,2.0,4.26
79,480,5.0,3.7
226,2694,3.5,3.28
20,2770,2.5,2.87
387,8656,3.0,0.0
117,362,4.0,3.85
108,5391,5.0,0.0
600,3248,1.0,2.03
254,207,2.0,3.37
140,5747,3.0,4.84
597,493,5.0,3.46
599,98697,2.5,0.0
73,1193,5.0,4.18
408,165,3.5,3.65
393,5418,5.0,3.81
358,47610,4.5,3.88
384,3527,2.0,3.68
447,587,5.0,3.35
279,63082,3.0,3.92
132,40819,3.0,3.81
599,112556,3.5,3.96
202,2959,5.0,4.29
556,72998,4.0,3.68
600,7160,3.5,3.31
562,5810,5.0,3.28
483,76251,4.0,3.89
266,1375,3.0,3.24
227,58559,4.5,4.22
217,2537,2.0,0.0
603,3626,3.0,3.47
249,88785,3.5,3.19
474,27878,4.0,4.23
292,65230,3.0,3.15
525,1197,4.5,4.44
309,5008,4.5,4.4
313,3033,2.0,3.54
325,3981,2.0,2.5
203,4022,4.0,3.7
603,1695,4.0,0.0
561,48394,1.5,3.94
511,92259,5.0,4.14
199,1277,4.0,3.79
177,2366,3.0,3.69
7,49286,0.5,3.03
187,1215,4.0,4.09
113,3244,3.0,4.07
66,2421,4.0,2.57
432,47610,4.0,3.97
29,2761,3.5,4.36
483,4299,3.0,3.72
20,2746,4.5,3.21
111,86911,3.5,3.73
606,3267,3.5,3.54
288,4329,3.0,0.0
382,63540,3.5,0.0
580,7318,2.5,3.74
50,30793,1.5,2.99
380,95004,4.0,0.0
600,3785,2.0,3.05
466,79091,4.5,3.8
294,2458,4.0,2.55
89,132422,4.5,0.0
208,733,3.0,3.74
199,7361,4.0,4.34
599,51545,2.5,0.0
140,6246,4.0,0.0
501,610,4.0,3.51
483,3996,4.5,4.1
226,6548,3.0,3.33
385,1370,3.0,3.55
599,165529,2.0,0.0
509,5613,3.5,0.0
219,3977,1.0,2.82
307,5553,2.0,3.42
596,2985,3.0,3.55
425,1544,2.5,2.75
590,53953,2.5,3.07
561,2144,3.5,3.83
23,1199,4.0,4.2
112,39,0.5,3.4
380,64030,2.0,2.53
47,159817,3.0,4.88
594,5409,4.0,0.0
224,1394,5.0,4.21
606,7292,2.5,0.0
610,7361,5.0,4.54
480,33437,2.5,3.55
330,1199,3.5,4.2
339,454,4.5,3.63
6,266,3.0,3.34
447,165,4.0,3.66
84,1246,4.0,4.17
19,1097,5.0,3.94
137,527,3.5,4.3
305,3671,4.0,4.03
483,6807,4.5,4.13
410,1517,2.0,3.47
590,2470,3.0,3.38
7,50,4.5,4.3
309,3435,4.0,4.32
414,6332,2.0,0.0
593,2683,1.5,3.13
217,3548,4.0,3.71
542,7254,5.0,3.49
57,2947,4.0,3.98
200,4973,5.0,4.32
559,1391,3.0,3.12
307,58162,4.0,2.93
222,3301,3.0,3.55
41,46578,4.0,3.9
213,55232,3.5,2.87
586,50872,5.0,4.03
290,1090,4.0,4.05
171,1080,5.0,4.1
171,801,5.0,2.85
6,838,4.0,3.68
580,1222,5.0,4.19
578,5309,4.5,2.25
474,1396,4.0,3.48
234,2090,4.0,3.04
45,5502,5.0,3.18
247,480,4.5,3.74
82,3452,3.5,3.09
599,1266,3.0,4.4
414,122900,3.5,4.27
20,5463,2.0,2.77
20,3996,3.5,3.93
89,104,4.0,3.56
292,3555,3.0,3.4
512,434,3.0,3.08
125,68237,3.5,4.07
77,58559,5.0,4.21
495,107406,4.0,3.51
555,2111,3.0,3.28
448,1265,4.0,4.3
271,2791,3.0,3.8
599,1468,1.0,2.72
18,128620,3.5,3.72
249,44665,3.0,3.94
393,60684,4.0,4.05
448,2968,5.0,4.23
534,34150,3.0,2.98
553,377,3.5,3.56
449,1222,3.0,4.06
232,5108,4.0,2.93
564,76293,3.5,3.08
412,1089,2.0,4.26
19,235,4.0,3.78
249,522,4.0,2.1
275,4321,3.0,3.45
177,114662,4.5,4.02
610,6755,4.0,3.4
441,2628,4.5,3.21
352,3285,3.5,3.15
377,2123,3.5,2.56
572,3167,4.0,0.0
100,222,4.0,4.29
603,3181,4.0,3.55
323,29,3.5,4.07
68,7346,4.0,3.46
219,33493,3.5,3.61
474,597,4.0,3.81
606,6669,4.0,2.97
571,3024,1.0,2.43
57,851,1.0,3.45
483,58998,4.5,4.18
380,2321,4.0,3.68
434,6711,4.0,4.19
28,72378,2.0,2.82
567,2384,2.0,2.77
200,377,4.0,3.69
425,1240,3.0,4.0
103,1729,4.5,3.72
272,318,4.0,4.5
428,1682,3.5,3.95
339,55276,4.5,4.08
326,1242,3.0,4.17
599,1283,5.0,4.33
391,3082,3.0,3.32
202,580,4.0,0.0
594,6417,4.0,0.0
600,2915,3.0,3.6
573,7143,4.0,4.0
477,1228,4.0,4.26
305,2706,4.0,3.48
193,778,4.0,4.03
24,1580,4.0,3.55
448,4686,2.0,1.07
554,1673,5.0,4.07
182,5378,3.0,3.43
68,57640,3.5,3.99
489,93326,3.5,3.07
42,1453,2.0,0.0
414,46578,4.5,4.39
264,1580,4.5,3.53
561,81564,2.0,3.94
380,70,5.0,3.82
336,36529,4.0,3.87
474,8798,3.5,3.83
525,2291,4.0,3.81
546,2532,2.0,3.09
514,1335,1.0,0.0
599,3799,1.5,2.11
605,380,3.0,3.58
89,1148,2.0,4.09
126,593,3.0,4.18
42,2571,5.0,4.22
224,2716,4.0,3.76
182,3409,4.0,3.1
322,2,3.0,3.39
37,457,4.0,3.98
377,35836,4.5,3.54
275,4291,5.0,2.55
384,1222,4.0,4.07
28,8951,3.0,3.02
334,2997,4.0,4.02
274,1304,4.0,4.04
508,1270,4.5,4.0
414,5941,2.5,0.0
177,4994,3.5,4.0
405,1215,3.5,4.04
448,117176,3.5,4.4
185,3114,3.0,3.9
105,5378,4.0,3.45
279,70286,4.0,3.98
97,4638,4.0,2.94
232,31225,3.5,3.43
357,508,4.5,3.71
156,1968,3.5,3.91
249,48783,3.5,3.62
307,4141,1.5,0.0
328,2420,4.5,3.76
438,8977,1.0,2.97
15,1653,4.5,4.02
304,648,4.0,3.61
45,2470,1.0,3.37
599,1689,1.5,2.68
202,608,4.0,4.2
140,500,4.0,3.56
387,4408,3.5,0.0
68,49272,5.0,4.38
428,6888,2.0,1.95
593,7090,4.5,3.81
580,435,2.5,2.48
185,3753,3.0,3.46
610,36850,4.5,0.0
308,56367,5.0,3.76
182,1089,5.0,4.46
66,3063,4.0,0.0
440,48774,3.5,4.1
374,1356,5.0,3.84
339,55765,5.0,3.95
377,7104,2.5,0.0
465,1269,5.0,4.13
586,6373,4.0,3.28
414,539,2.0,4.23
483,5500,5.0,4.45
393,1732,0.5,3.92
84,265,5.0,4.09
219,27660,4.0,3.74
226,4896,3.5,3.82
462,32582,5.0,0.0
21,82202,4.0,2.08
582,73321,3.5,3.71
541,110,5.0,4.08
95,39,4.0,3.38
98,5618,4.0,4.21
580,3535,3.0,3.94
484,61024,4.5,3.87
603,1234,4.0,4.23
479,919,5.0,3.93
256,41566,4.0,3.43
42,2770,2.0,2.84
200,3255,5.0,3.37
19,2968,5.0,4.08
201,34,5.0,3.65
307,5110,3.0,3.79
348,58559,4.5,4.2
603,2575,4.0,3.74
238,3682,5.0,3.5
96,1210,5.0,4.23
216,1265,4.0,3.99
135,223,5.0,3.97
474,7714,4.0,0.0
58,1073,5.0,3.96
390,5072,4.5,3.73
386,208,2.0,2.99
354,2376,3.5,3.5
9,5218,4.0,3.71
561,6537,3.0,2.98
221,4002,4.0,3.98
83,70286,3.5,3.91
434,71535,4.0,3.88
601,49272,4.0,4.06
318,102823,3.5,0.0
479,1371,2.0,3.05
318,8807,3.5,3.89
419,53894,3.5,3.87
581,5952,4.5,4.05
298,134393,0.5,3.58
599,86898,3.0,0.0
599,3996,4.0,4.22
125,106918,4.0,4.3
89,146986,4.0,0.0
237,2378,3.0,3.23
600,1028,3.0,3.86
466,2571,4.0,4.23
3,2288,4.0,4.01
534,3489,4.5,3.56
481,1676,3.0,3.53
288,1276,4.0,4.44
182,597,3.5,3.69
263,539,3.0,3.62
483,3510,4.0,3.61
453,3798,4.0,3.27
357,48516,4.0,4.41
414,3300,4.0,4.23
169,4310,4.5,2.57
288,2055,3.0,0.0
254,296,5.0,4.27
566,551,1.0,3.58
480,1073,3.5,4.16
249,778,4.5,4.21
167,4886,4.5,3.98
464,63853,4.0,2.75
322,2706,3.5,3.33
168,5291,5.0,3.79
313,5539,1.0,0.0
274,45728,4.5,4.07
261,6874,3.5,3.91
156,1281,3.0,4.27
455,551,3.0,3.58
141,19,2.0,2.88
329,4262,0.5,3.93
274,145,2.0,3.62
160,1036,2.0,3.9
199,2670,4.0,4.06
41,47,3.5,4.03
610,3484,2.5,2.75
479,3146,1.0,2.5
113,1286,4.0,2.37
221,30818,2.0,0.0
527,1214,5.0,3.91
608,694,3.0,2.24
267,1356,5.0,3.84
567,5502,2.0,3.13
365,333,3.0,3.78
20,5103,4.0,3.45
560,34319,3.5,3.7
168,1172,5.0,3.79
594,4054,4.5,3.31
414,1242,4.0,4.51
484,4718,4.0,3.03
298,54001,3.0,3.89
495,50,4.0,4.35
111,78209,5.0,3.38
448,173751,2.0,0.0
200,60040,4.0,3.28
290,1250,5.0,4.14
152,79702,3.5,3.86
338,190209,4.0,0.0
294,2561,3.0,0.0
308,1200,1.0,3.92
387,509,3.5,3.66
488,4703,5.0,2.28
425,8371,4.0,3.57
108,4878,5.0,4.08
199,4378,4.0,3.75
182,17,4.0,3.95
402,667,3.0,2.78
387,41566,3.0,3.43
50,924,4.5,3.9
448,1291,4.0,4.34
361,3916,5.0,3.6
473,7147,4.0,3.78
561,109487,3.0,4.07
560,4720,4.0,3.83
249,184015,3.5,0.0
31,25,2.0,3.81
357,46578,4.0,3.98
380,93840,5.0,4.56
190,30810,5.0,3.66
484,5266,3.0,3.14
610,59022,4.0,3.22
380,6764,4.0,3.64
448,1515,2.0,2.24
103,593,5.0,4.31
501,616,3.0,3.38
222,2396,3.0,3.83
448,858,5.0,4.41
119,115713,4.0,4.17
305,33660,4.0,4.14
249,5630,4.0,3.73
260,8949,3.0,3.66
159,84374,3.0,2.68
483,26776,4.5,3.93
156,17,4.0,3.89
550,2571,4.5,4.17
605,8977,1.0,2.76
288,2997,4.0,4.07
307,2422,1.0,1.88
40,351,4.0,3.24
410,3948,5.0,3.5
427,4887,2.0,2.74
534,96110,3.5,4.33
360,1488,4.0,2.82
253,6985,4.0,3.52
504,186,3.0,3.16
160,22,1.0,3.24
153,64957,2.5,3.88
325,4034,4.0,4.01
398,6408,5.0,0.0
263,4973,4.0,4.29
448,5438,2.0,0.0
160,3355,4.0,2.99
414,1918,2.0,2.87
113,3546,5.0,0.0
596,33794,4.0,4.04
489,73501,3.5,0.0
592,587,4.0,3.36
42,163,3.0,3.62
564,2671,3.0,3.42
221,1299,5.0,4.12
603,194,5.0,3.82
363,2706,3.0,3.32
273,21,5.0,3.47
600,4476,1.0,3.03
85,1730,4.0,3.01
220,6377,5.0,4.09
387,965,4.0,4.16
368,377,3.0,3.65
448,6550,2.0,3.3
298,5668,0.5,3.3
169,6702,3.0,2.73
441,589,5.0,4.0
109,300,3.0,3.46
610,3535,4.5,4.16
563,72737,4.0,3.87
313,3153,5.0,3.78
119,442,4.0,3.05
140,47044,3.0,2.66
152,92259,3.0,4.15
23,3030,3.0,4.21
501,805,4.0,3.71
91,5349,5.0,3.65
474,1211,3.0,4.04
464,33493,5.0,3.48
312,151,3.0,3.42
94,160,3.0,2.91
610,5377,3.5,3.98
14,4,3.0,1.89
144,1527,2.5,3.8
219,4327,3.0,3.96
514,261,2.5,3.84
368,3431,2.0,0.0
593,858,5.0,4.3
177,7234,3.5,0.0
335,435,0.5,2.44
562,4210,4.5,3.85
610,5136,3.5,0.0
413,8665,5.0,3.89
288,588,4.0,4.13
274,799,4.0,3.62
596,162600,3.5,0.0
599,26726,2.5,0.0
474,21,4.0,3.44
318,7445,3.0,3.93
307,1204,3.5,4.36
151,673,4.0,2.95
603,3115,4.0,4.62
305,81932,4.0,4.12
498,590,3.0,3.83
596,1882,2.0,2.26
474,3949,4.0,4.21
437,786,3.0,3.22
599,26547,3.5,0.0
156,1307,3.5,4.01
415,5308,3.5,2.81
140,1095,2.0,3.68
380,1073,4.0,4.23
448,4085,5.0,3.6
248,106002,3.5,3.31
187,2542,1.0,4.2
393,91529,5.0,4.12
63,296,5.0,4.29
314,224,3.0,3.69
596,96737,4.0,4.31
239,367,3.5,3.26
517,3039,2.0,3.83
603,2336,4.0,4.22
66,111,4.5,4.28
567,139644,3.5,3.49
608,2355,4.0,3.68
98,6863,4.0,3.51
275,6254,5.0,0.0
318,87304,3.5,0.0
21,1722,5.0,3.01
474,48385,3.5,3.38
217,2391,4.0,3.7
365,102123,4.0,2.94
428,5690,3.5,4.14
380,110553,2.0,2.51
560,107406,2.0,3.54
132,920,3.0,3.59
199,349,3.5,3.75
432,6187,3.5,3.47
587,11,4.0,3.67
145,329,3.0,3.38
291,40815,5.0,3.82
414,1442,4.0,0.0
139,69844,3.0,3.88
607,2334,4.0,2.76
72,858,4.5,4.28
560,58559,4.5,4.39
187,7981,4.0,4.51
305,69951,2.5,3.94
448,5915,5.0,0.0
534,56171,3.5,3.19
492,829,4.0,2.4
448,231,3.0,3.27
326,1293,3.0,3.84
182,923,3.5,4.09
232,4306,4.0,4.1
122,3275,4.5,4.27
58,648,5.0,3.55
464,72998,5.0,3.7
318,54185,4.0,0.0
590,54286,3.0,3.89
166,4022,4.0,3.76
181,39,3.0,3.39
140,208,4.0,3.02
385,741,4.0,4.2
160,2450,3.0,2.52
489,4816,1.5,3.54
603,914,5.0,3.97
74,6440,3.5,4.08
369,3677,3.0,4.5
347,592,3.0,3.48
555,2710,1.0,3.05
21,139915,2.5,0.0
365,102716,2.0,3.45
182,372,4.0,2.54
27,3451,5.0,4.36
606,1466,4.0,3.97
594,7149,4.5,3.48
20,596,4.5,3.44
385,417,5.0,3.55
434,3578,3.5,4.05
232,1690,3.0,2.96
52,57368,5.0,3.17
560,59369,4.0,3.78
160,2402,1.0,3.32
474,4896,4.5,3.88
453,1704,3.0,4.16
50,1208,4.5,4.23
448,1784,4.0,3.99
603,4304,3.0,3.85
232,51937,3.0,0.0
51,849,4.5,2.79
217,368,3.0,3.67
600,3274,3.5,3.24
156,590,3.5,3.87
200,1653,4.0,4.06
233,2028,4.0,4.15
288,3957,2.0,0.0
560,6155,2.5,3.34
177,6483,0.5,0.0
260,3000,3.5,4.07
240,44,4.0,2.45
517,41566,5.0,3.42
140,1608,3.0,3.49
57,3259,3.0,3.24
232,51698,2.5,0.0
599,223,3.5,4.1
365,107406,1.0,3.49
474,1732,3.5,4.07
489,2002,3.0,2.79
161,3429,5.0,4.19
599,588,3.0,4.18
509,5066,3.5,3.14
129,6863,4.0,3.52
348,4865,5.0,3.67
473,46578,4.5,3.8
373,273,5.0,2.8
448,2403,2.0,4.03
482,8636,5.0,3.81
79,1610,5.0,3.77
299,3578,5.0,3.93
352,2393,4.5,2.77
119,109374,3.5,3.9
376,49272,5.0,4.06
380,6156,3.0,3.28
448,300,4.0,3.57
68,57669,4.0,4.27
326,3578,5.0,3.97
380,90746,4.0,3.87
560,71156,4.0,3.32
94,480,4.0,3.72
63,1393,3.5,3.5
125,52328,2.5,3.93
305,134368,3.5,3.93
382,186,3.0,3.24
282,8874,3.5,4.12
434,2329,5.0,4.35
73,99114,5.0,4.09
434,3527,4.0,3.73
337,724,5.0,2.99
288,2792,3.5,2.72
89,108078,5.0,0.0
217,2414,4.0,3.19
1,3253,5.0,3.43
515,50,4.5,4.29
111,149352,4.0,3.04
587,2289,4.0,4.06
298,67255,2.0,4.12
160,2012,4.0,3.57
1,2648,4.0,4.17
306,167018,2.5,3.8
600,2015,3.5,3.73
345,1327,3.0,2.76
425,33679,4.0,3.37
409,3200,4.0,4.43
608,8366,4.0,3.9
540,145,3.5,3.41
186,5434,4.0,3.73
586,2490,5.0,3.26
391,356,5.0,4.31
203,7153,5.0,4.13
599,1958,3.0,3.92
68,2794,3.0,2.74
111,121374,4.5,0.0
606,7215,3.5,2.9
140,5812,2.5,4.01
474,49772,4.5,0.0
198,4011,3.0,4.18
4,4381,3.0,3.39
597,368,4.0,3.56
298,5872,2.5,3.2
522,106100,0.5,4.12
294,493,3.0,3.44
562,33166,4.5,4.05
82,7154,3.5,3.2
79,1196,5.0,4.24
483,2006,2.5,3.23
483,2443,4.0,3.26
45,1442,4.0,0.0
294,3534,3.0,3.22
474,6216,3.5,0.0
249,89745,5.0,4.21
580,7373,3.5,3.57
474,4225,3.5,4.01
599,2116,2.0,3.51
327,745,3.5,4.14
346,3075,4.5,4.0
57,3208,2.0,2.48
217,3462,3.0,3.77
499,3508,4.0,4.2
480,46335,1.0,2.05
123,5952,3.5,4.03
24,64957,4.0,3.93
119,117533,4.0,3.69
372,593,4.0,4.23
308,589,1.0,4.0
219,2082,4.0,2.77
18,2001,3.5,3.32
473,48082,4.0,3.86
80,6281,3.5,2.97
408,1704,4.0,4.07
42,379,2.0,2.6
375,318,5.0,4.51
391,2571,5.0,4.23
57,3507,4.0,4.21
200,4639,3.0,2.53
416,46976,5.0,3.44
62,1704,5.0,4.15
597,2639,4.0,3.01
425,3897,4.5,3.93
68,3300,2.5,4.0
76,1367,1.0,3.13
448,4492,3.0,0.0
610,111362,4.0,4.28
219,1005,1.5,1.75
90,562,4.0,4.01
414,96821,4.0,4.41
292,8984,3.5,3.28
8,292,3.0,3.39
64,2395,5.0,3.55
596,122916,5.0,3.92
352,4014,4.5,3.71
413,2002,5.0,2.76
387,2973,4.0,4.03
603,3918,3.0,2.98
608,16,4.5,4.04
414,6595,2.5,3.34
305,68791,4.0,3.35
555,2530,5.0,2.51
405,79132,4.5,4.11
187,2288,4.0,4.06
597,2872,4.0,3.93
425,2722,4.0,2.51
280,40815,4.0,3.82
104,8865,3.5,2.79
249,87529,3.5,3.49
380,4368,1.0,2.24
263,8961,3.5,3.83
474,22,3.0,3.33
226,37384,2.5,3.5
453,1036,5.0,3.91
68,1221,3.0,4.38
247,58559,4.0,4.32
177,45186,3.5,3.79
380,4890,2.0,3.03
307,55290,4.0,4.18
565,377,4.0,3.54
294,2054,3.0,2.95
274,3052,4.5,3.89
318,173197,4.0,0.0
74,8804,5.0,0.0
19,2037,4.0,0.0
27,3104,4.0,3.66
495,7360,4.5,4.04
68,6155,5.0,3.51
381,1544,3.0,2.8
603,1284,4.0,3.87
474,778,4.0,4.28
412,950,5.0,3.5
596,7293,1.5,3.59
191,282,3.0,3.49
140,150,5.0,3.91
274,2539,3.0,3.41
610,96079,4.0,4.0
438,6218,3.5,3.43
288,2533,2.0,3.1
352,2600,4.0,3.81
594,110,5.0,4.14
140,6764,3.0,3.54
605,33836,3.0,2.15
68,1831,4.0,2.61
305,143385,4.0,3.26
239,260,5.0,4.33
599,2779,2.5,3.39
537,4993,4.5,4.17
610,2022,3.5,3.62
288,2989,3.0,3.59
182,4167,2.0,3.54
210,6365,4.5,3.29
376,5445,5.0,3.74
465,1036,4.0,3.86
220,68358,5.0,4.02
327,231,5.0,3.04
227,47099,4.0,3.76
359,224,3.5,3.66
298,7323,1.5,4.05
376,745,5.0,4.18
176,329,5.0,3.39
509,81845,3.5,4.16
200,6539,4.0,4.03
480,4873,3.0,4.08
82,832,3.0,3.26
495,3578,5.0,4.05
599,6365,3.0,3.48
129,1573,3.5,3.4
89,139640,5.0,0.0
265,2433,4.0,3.29
21,780,3.5,3.58
582,109374,4.0,3.79
198,2997,3.0,4.0
305,109374,5.0,4.09
212,159415,2.5,0.0
24,5943,2.0,2.54
599,91077,2.5,4.03
286,110,5.0,4.09
62,6333,3.0,3.86
546,1986,1.0,0.0
500,1,4.0,3.91
610,89864,4.0,3.87
136,380,3.0,3.59
249,143367,3.0,0.0
603,2779,4.0,3.25
559,516,3.0,3.24
124,50872,4.5,3.92
51,8874,5.0,4.12
23,1218,3.5,3.51
601,2324,5.0,4.08
31,17,3.0,3.84
64,4321,3.5,3.45
313,1060,4.0,3.76
217,3268,1.0,1.67
477,45672,3.5,2.99
355,317,3.0,3.16
606,6961,4.0,0.0
226,2712,2.0,3.41
109,253,3.0,3.48
493,2640,4.0,3.73
203,54286,5.0,3.63
217,3082,3.0,3.4
33,1177,3.0,0.0
468,288,2.0,3.4
389,1,5.0,3.89
561,4963,3.5,4.12
119,4643,4.0,2.73
249,8972,4.0,3.71
514,4397,2.0,0.0
274,3671,4.0,4.2
261,1431,3.5,2.2
341,3751,3.5,3.58
226,532,3.0,3.27
477,5618,4.0,4.26
332,8874,4.0,4.09
474,7090,4.0,4.13
483,106696,4.0,3.89
260,7564,4.5,0.0
122,2710,4.5,3.11
577,2916,3.0,3.63
181,110,3.0,4.08
424,4848,3.5,3.92
284,255,3.0,3.99
316,1748,3.5,3.71
610,7022,5.0,4.0
610,139655,3.0,0.0
27,1035,5.0,4.19
557,1198,3.5,4.25
58,540,3.0,2.8
68,2268,4.0,4.1
401,30793,3.0,2.96
23,454,2.5,3.58
381,41566,4.0,3.5
280,4308,2.5,3.58
489,34072,4.5,3.79
525,106487,3.5,3.5
584,47,5.0,4.01
379,377,2.0,3.56
84,762,1.0,2.49
76,1148,0.5,4.08
596,179819,3.5,3.52
419,780,4.5,3.48
182,1690,4.0,2.98
599,707,2.5,2.87
404,62,4.0,3.71
156,2130,5.0,3.39
177,69757,3.5,3.74
314,410,3.0,3.16
357,3255,3.5,3.4
414,3802,2.0,0.0
28,49278,2.5,3.68
292,60074,3.5,3.09
469,1227,5.0,4.16
21,2,3.5,3.55
383,1299,4.0,3.98
307,1285,2.5,4.02
380,53519,3.0,4.02
414,1265,4.0,4.52
159,140110,4.5,3.65
267,1198,5.0,4.25
276,150,5.0,3.76
520,4799,3.0,3.26
217,2918,3.0,3.99
387,51939,3.0,3.14
244,368,5.0,3.51
11,1586,4.0,2.77
20,48,5.0,3.19
233,1884,3.0,3.94
341,4816,4.0,3.47
166,593,4.0,4.26
452,2617,5.0,3.11
324,3912,1.0,0.0
599,168326,3.0,4.52
217,901,1.0,4.29
346,1132,3.5,4.22
318,93721,3.5,4.54
294,368,4.0,3.57
582,48780,3.5,4.32
212,87192,4.0,3.57
414,2959,5.0,4.34
249,3827,2.5,3.47
372,25,4.0,3.92
261,47,4.0,3.99
282,50872,5.0,4.03
318,91784,4.5,0.0
232,6058,3.0,3.26
314,707,3.0,3.02
249,8340,4.0,4.18
469,1129,4.0,3.73
69,1196,5.0,4.28
364,1210,3.0,4.19
414,2115,4.0,3.95
368,2403,3.0,3.82
232,7438,3.0,3.98
150,628,3.0,3.55
523,27731,4.0,4.5
361,44022,4.0,3.32
19,3104,2.0,3.77
239,41997,3.5,3.9
525,1947,3.0,3.64
105,127098,4.5,0.0
125,318,4.0,4.54
356,48516,4.0,4.4
291,77561,4.0,3.6
560,5618,4.0,4.27
605,2857,2.5,3.13
182,5464,4.0,3.74
341,45672,4.0,2.92
221,8873,4.5,3.93
288,3688,1.0,2.42
41,47099,3.5,3.79
474,6156,3.5,3.29
387,3839,2.0,1.83
599,7366,2.5,3.05
489,4447,2.5,3.27
219,7143,4.0,4.0
288,593,5.0,4.46
42,153,2.0,3.13
384,2908,2.0,3.41
331,3969,5.0,3.29
122,4016,4.5,3.66
587,1544,5.0,2.73
263,1020,4.0,3.13
560,8641,4.0,3.78
91,3550,4.0,3.72
274,4720,3.5,4.14
84,593,5.0,4.26
21,2424,4.0,3.29
381,594,2.0,3.59
480,6552,3.5,3.85
474,1208,3.5,4.53
599,50872,3.0,4.4
354,6188,2.5,3.6
380,140956,3.0,0.0
249,167370,3.5,0.0
514,5925,2.0,0.0
201,1270,5.0,4.05
51,2,4.5,3.48
182,2311,4.0,3.86
156,2779,4.0,3.18
182,4037,4.0,3.96
254,50,4.5,4.33
64,3755,3.5,2.94
219,6287,2.5,3.18
292,2748,0.5,0.0
254,5952,4.0,4.1
342,3617,3.0,2.94
389,6,5.0,3.9
305,64501,5.0,0.0
474,6591,4.0,4.49
274,181,3.5,2.47
274,881,2.0,0.0
491,5218,4.5,3.75
156,3099,5.0,3.08
111,1088,3.0,3.5
555,1021,2.0,2.85
177,95558,2.5,3.85
141,8784,3.0,3.87
202,908,5.0,4.18
190,5810,3.5,3.24
229,500,4.0,3.47
66,248,3.0,2.87
368,3204,3.0,3.96
559,648,3.0,3.58
86,2959,3.5,4.28
305,8640,4.0,2.85
74,7234,5.0,0.0
584,288,1.0,3.4
380,4531,3.0,2.93
601,72998,4.0,3.72
391,4298,5.0,0.0
607,2114,4.0,3.37
529,743,3.0,2.62
599,1050,4.0,0.0
89,74698,2.5,0.0
525,4639,2.5,2.56
414,1266,5.0,4.63
105,108540,4.5,0.0
357,1721,4.0,3.58
525,102903,4.0,3.61
121,590,4.0,3.8
21,8636,3.0,3.89
414,37731,3.5,4.61
385,1011,2.0,2.37
103,296,5.0,4.28
254,8950,4.0,4.07
387,6405,3.5,0.0
262,224,3.0,3.66
522,46578,2.5,3.9
64,1266,3.5,4.3
474,926,4.5,4.33
268,2641,3.0,3.14
4,4014,1.0,3.66
339,52319,4.0,2.71
309,1250,5.0,4.1
41,34162,4.0,3.61
199,2683,4.5,3.21
476,412,3.0,3.5
67,4993,2.0,4.17
69,1645,4.0,3.37
103,86298,3.5,2.99
587,2151,5.0,3.68
448,129657,1.0,0.0
62,5445,4.0,3.82
573,42723,4.0,2.98
599,5080,2.0,3.13
217,1474,1.0,2.51
187,1201,5.0,4.28
600,141,3.5,3.63
307,592,4.0,3.57
356,8665,4.0,3.95
600,3476,0.5,3.72
599,2297,2.5,3.49
483,2640,3.5,3.87
448,2411,3.0,2.88
474,1209,3.5,4.2
474,34528,4.0,0.0
160,2427,5.0,3.1
18,231,2.5,3.14
474,3811,4.0,0.0
418,91500,4.0,3.37
187,597,1.5,3.57
84,933,4.0,4.36
534,79428,3.5,3.73
305,1676,3.5,3.59
573,8798,4.0,3.64
305,140627,5.0,0.0
489,2346,2.5,3.2
317,4776,4.0,3.82
73,69757,4.0,3.6
387,1347,3.5,3.1
256,146024,4.0,0.0
380,3254,3.0,3.81
462,8582,4.0,0.0
438,34162,4.0,3.74
599,2880,2.5,3.01
460,68237,3.5,3.98
111,59143,4.0,0.0
88,6502,4.5,4.03
608,2011,2.5,3.7
438,3898,3.5,0.0
474,45028,4.0,3.72
249,44191,4.0,4.23
167,42738,2.5,3.01
232,1682,4.5,4.15
103,91671,1.0,0.0
528,457,4.0,4.0
302,1221,5.0,4.27
593,2355,2.5,3.54
606,1999,1.5,2.42
232,62511,3.5,2.72
387,1136,4.5,4.45
288,1924,2.0,3.23
372,1258,4.0,4.2
274,6196,3.5,3.79
222,70565,4.5,3.71
108,82,5.0,3.03
221,1260,4.5,3.38
177,62293,5.0,3.48
469,2273,4.0,3.63
606,2409,2.5,3.46
274,4816,3.5,3.54
509,60069,3.5,4.22
314,150,4.0,3.8
307,2580,3.0,4.16
303,1200,5.0,3.95
103,5218,3.5,3.82
448,1876,3.0,3.37
34,3000,4.0,4.05
202,58,4.0,4.0
540,2841,4.0,3.71
308,2571,3.0,4.18
312,16,4.0,3.97
41,608,4.0,4.2
174,527,3.0,4.19
216,2174,2.0,3.54
290,909,5.0,4.12
448,3422,3.0,3.2
484,2329,5.0,4.31
410,3910,5.0,3.39
274,1321,3.5,3.58
156,6377,4.0,4.05
438,590,3.0,3.93
595,2761,5.0,4.34
564,69122,3.5,3.79
10,137595,4.0,0.0
149,329,1.0,3.38
94,110,5.0,4.07
600,1091,3.0,2.57
528,94266,0.5,3.01
169,1911,4.0,2.68
420,6287,3.5,3.09
243,44,4.0,2.4
599,1225,4.0,4.53
19,1359,3.0,3.04
475,367,5.0,3.24
312,1178,5.0,4.4
232,38061,3.5,4.36
233,2997,4.0,4.03
603,4345,4.0,0.0
428,8917,4.0,3.72
282,5995,4.0,3.97
222,93287,3.5,3.88
294,1234,3.0,4.18
82,2490,3.5,3.26
599,54908,2.0,0.0
599,6791,3.5,4.36
537,69122,4.0,3.71
562,3510,4.0,3.47
456,648,4.0,3.52
414,1040,3.0,0.0
25,79132,5.0,4.08
440,3471,4.5,3.93
365,8368,3.0,3.99
474,4973,5.0,4.66
233,48516,4.0,4.33
114,79702,3.5,3.84
140,49272,4.0,4.13
603,3175,4.0,3.78
232,71823,3.5,3.66
298,6297,2.0,3.45
414,7161,2.0,2.75
517,3704,2.0,3.56
19,3535,2.0,3.9
4,357,3.0,3.54
426,1614,0.5,2.96
448,8910,3.5,3.69
102,356,5.0,4.19
214,1059,4.0,3.78
610,164179,5.0,4.26
606,1281,4.0,4.31
510,480,3.0,3.71
450,1673,5.0,4.06
448,1129,3.0,3.74
448,21,2.0,3.44
288,6297,4.0,3.47
156,2321,4.0,3.52
28,1517,2.5,3.54
66,2011,3.0,3.6
562,3499,4.5,3.87
581,5349,4.5,3.54
527,1393,4.0,3.5
312,5421,3.0,3.66
474,2443,2.5,3.28
509,95167,4.0,3.69
580,260,4.0,4.33
254,3996,4.0,3.94
448,87483,2.0,3.34
288,420,2.0,3.07
474,8451,3.5,0.0
549,79132,5.0,4.07
23,608,3.5,4.17
432,3753,3.5,3.55
412,1147,5.0,3.87
516,3471,5.0,3.92
483,66297,3.5,3.22
305,85414,3.5,3.71
22,8464,0.5,3.51
274,2327,4.0,0.0
410,3450,4.0,3.26
311,40,3.5,0.0
64,3101,3.5,3.28
119,8464,3.5,3.62
356,51255,4.5,3.96
608,1221,4.5,4.33
318,184245,5.0,0.0
221,6538,4.5,0.0
438,7173,2.5,3.35
428,5254,2.5,3.27
151,879,4.0,3.08
274,44972,2.0,2.3
393,6534,3.0,2.63
105,6503,3.5,2.46
249,442,3.5,3.29
276,1270,5.0,4.0
414,1191,3.0,4.36
500,539,1.0,3.6
286,1961,3.5,3.85
610,106100,4.0,4.65
534,71264,4.5,3.9
68,74946,5.0,4.22
599,39,3.0,3.54
448,111617,2.0,4.1
537,3147,4.0,4.22
84,954,4.0,4.17
420,6210,3.0,0.0
488,4178,3.0,3.78
222,68554,3.0,3.16
503,296,5.0,4.27
475,3753,4.5,3.54
135,1967,4.0,3.98
474,4484,3.5,0.0
380,1889,4.0,4.09
500,1910,2.0,0.0
298,5564,0.5,0.0
543,2791,5.0,3.83
474,818,3.0,3.49
298,129354,0.5,3.4
387,1278,3.0,4.08
464,1610,5.0,3.79
266,924,5.0,3.91
326,89864,3.5,3.66
320,3703,3.0,3.85
202,2268,4.0,3.9
219,3052,5.0,3.71
212,99114,4.5,4.13
509,2090,3.0,3.17
7,1917,4.0,2.87
474,7093,3.5,0.0
600,1674,3.0,3.5
249,3793,4.0,3.9
217,2412,1.0,1.96
368,903,3.0,4.03
534,4446,4.0,3.57
596,69844,3.5,4.02
514,1388,3.0,2.43
213,2162,3.5,2.02
19,1648,2.0,0.0
210,135143,4.5,3.54
177,44193,5.0,3.75
53,249,5.0,3.15
305,541,4.0,4.25
600,4816,4.5,3.51
89,3751,4.0,3.6
160,849,4.0,2.82
610,44597,4.0,0.0
364,805,4.0,3.7
220,260,5.0,4.31
570,4022,4.5,3.76
600,1206,5.0,4.19
392,1221,5.0,4.27
414,6503,3.5,2.66
18,442,3.0,3.15
339,6539,3.0,3.98
219,2918,3.0,3.98
306,152081,4.0,4.05
318,4995,3.5,4.27
425,196,3.5,2.72
21,96004,2.0,0.0
525,8981,3.5,3.64
50,32659,2.5,0.0
608,3,2.0,3.47
414,4343,2.0,3.48
249,102481,3.5,4.17
42,4623,4.0,3.77
298,2424,0.5,3.32
274,2137,3.5,4.25
448,1021,2.0,2.89
68,316,3.5,3.59
484,76293,4.0,3.17
169,4992,4.0,2.76
274,1206,4.5,4.2
401,38038,3.5,3.84
474,7834,4.0,0.0
600,5339,3.5,4.16
5,380,2.0,3.54
489,5015,0.5,3.49
522,1356,4.5,3.89
560,31696,3.5,3.63
610,68157,5.0,4.53
19,1918,3.0,2.81
20,4886,4.0,3.99
288,1023,5.0,3.89
121,62,5.0,3.7
265,1956,4.0,3.94
330,2797,4.0,3.83
226,3471,3.0,4.05
560,5072,3.5,3.79
391,2291,3.0,3.82
232,56757,4.5,4.0
204,90746,3.5,3.37
211,1198,4.5,4.28
32,78,4.0,0.0
140,5107,4.0,0.0
294,2805,2.0,2.96
599,1278,3.5,4.15
280,6863,3.5,3.52
561,54286,4.5,3.78
313,3996,1.0,3.94
182,33493,2.0,3.58
41,86882,3.5,3.75
599,48385,3.0,3.45
474,1023,3.0,3.95
51,1304,5.0,3.96
373,590,4.0,3.83
357,6323,3.5,3.49
318,7460,3.5,0.0
494,1291,5.0,4.11
343,52328,5.0,3.81
509,93840,4.0,4.19
84,1258,4.0,4.22
357,589,3.5,4.1
298,3617,2.5,3.1
480,6156,3.0,3.17
480,30822,3.0,3.57
357,3549,4.5,4.19
212,103341,3.5,3.84
414,2605,1.0,3.12
527,1961,5.0,3.82
432,6534,3.5,2.66
226,7263,4.0,3.21
387,2970,4.5,0.0
274,8810,2.0,3.09
495,136562,4.5,3.81
579,1032,3.0,3.27
111,69844,4.0,4.1
50,175693,2.5,0.0
314,196,3.0,2.72
387,5445,3.0,3.84
505,47,5.0,3.95
514,46578,4.0,3.92
308,1196,2.5,4.25
41,288,3.0,3.42
334,3793,3.5,3.7
217,2161,2.0,3.75
68,364,4.5,4.31
448,132333,5.0,0.0
73,4886,4.0,4.01
119,60069,4.0,4.21
42,3259,4.0,3.21
306,88785,3.0,2.59
608,2502,5.0,4.25
6,289,3.0,3.8
542,3949,4.0,3.96
328,6378,3.0,3.8
35,222,4.0,4.31
330,1584,2.5,3.69
423,1080,2.0,4.07
70,1959,4.5,3.48
534,53138,3.5,0.0
132,593,3.5,4.27
372,589,4.0,4.08
509,5,1.5,3.05
561,80463,4.0,3.83
7,165,4.0,3.65
177,1096,4.5,4.03
497,96829,5.0,4.14
446,50,4.0,4.28
462,300,2.5,3.52
532,4863,2.0,0.0
313,2140,5.0,3.51
70,4995,4.5,4.03
414,6536,3.5,3.91
220,62999,3.0,3.47
414,81564,4.0,3.94
603,16,4.0,4.05
599,595,3.5,3.89
111,122900,3.0,3.73
111,158872,0.5,4.16
610,34534,3.0,0.0
182,3761,4.0,0.0
387,1380,1.5,3.47
527,1909,5.0,3.31
294,293,3.0,4.1
479,4488,3.0,0.0
104,3034,4.0,3.54
332,58559,4.0,4.31
98,66934,4.0,3.88
367,1198,5.0,4.28
135,832,4.0,3.22
562,2485,5.0,2.74
214,648,3.0,3.53
369,1077,3.5,3.68
608,1566,4.0,3.52
298,68600,2.0,0.0
91,4386,4.0,2.44
532,593,4.0,4.17
599,26344,3.0,0.0
606,1217,4.0,4.79
232,8636,4.0,3.95
224,2791,5.0,3.83
599,7117,2.0,1.73
474,4035,3.0,2.9
332,1291,4.0,4.2
100,11,4.0,3.73
90,14,5.0,3.69
380,2004,4.0,3.4
309,2764,4.0,4.17
361,8644,3.0,3.47
387,899,3.0,4.38
534,69275,4.0,0.0
444,6,4.0,3.92
169,3536,5.0,3.13
597,942,4.0,0.0
232,1713,3.0,3.9
251,296,5.0,4.25
318,87222,4.0,3.85
64,2248,4.0,3.93
380,1485,4.0,3.41
526,6807,5.0,4.08
599,1263,3.0,4.2
284,173,4.0,2.49
200,3148,3.5,3.57
489,10,2.5,3.58
606,2672,3.0,2.98
381,4973,5.0,4.38
140,4226,3.0,4.24
489,56367,3.0,3.92
132,7444,3.5,3.21
64,3030,4.0,4.13
17,3702,3.5,3.77
28,64614,4.0,4.22
249,59421,3.5,3.23
580,2826,4.0,2.87
68,2694,3.5,3.39
608,1676,3.5,3.59
73,128520,3.5,4.39
200,1213,4.0,4.39
187,5618,5.0,4.21
232,34405,3.5,4.11
68,2572,4.5,3.81
330,2858,4.5,4.1
522,6283,4.0,3.89
177,87232,4.0,4.01
152,64620,4.0,4.11
111,104218,4.5,2.68
139,7438,3.0,3.95
111,6548,3.5,3.5
433,593,4.0,4.17
216,1220,3.0,3.86
520,8644,4.0,3.52
153,3623,0.5,2.73
156,3310,3.0,0.0
209,1198,5.0,4.26
91,1580,3.5,3.67
139,115617,3.0,4.06
75,3681,5.0,4.0
74,1247,4.0,4.01
492,765,5.0,3.01
19,54,2.0,0.0
474,1221,5.0,4.59
514,4291,2.0,2.54
182,3363,3.0,3.91
387,1884,4.0,3.95
307,3409,2.0,3.06
304,1200,4.0,4.0
381,3489,4.0,3.59
426,1197,5.0,4.29
39,1968,5.0,3.86
520,2542,4.0,4.18
347,153,3.0,2.97
448,157312,1.5,0.0
510,1258,4.0,4.16
143,7293,5.0,3.6
538,56152,4.5,3.63
18,1208,3.5,4.34
105,99145,4.5,0.0
580,2311,3.0,3.7
140,920,5.0,3.64
263,39,4.0,3.41
274,1266,3.5,4.35
606,3507,4.0,4.22
274,4553,4.5,3.78
437,852,5.0,3.18
132,8873,2.0,3.8
521,661,4.0,3.4
249,104,3.5,3.71
177,2804,5.0,4.09
294,2355,3.0,3.59
603,1283,5.0,4.34
539,59784,4.5,3.36
289,1917,3.0,2.85
599,1390,1.0,3.41
590,69844,4.0,3.88
513,457,4.5,3.99
488,1956,2.5,3.95
413,2329,5.0,4.28
571,253,5.0,3.48
415,3362,4.0,3.93
586,527,2.5,4.27
72,1193,4.0,4.17
284,588,5.0,3.86
318,8368,3.0,3.97
498,296,4.0,4.23
464,4022,5.0,3.73
600,2541,1.0,3.33
40,26,4.0,3.45
177,30707,5.0,3.92
73,70293,3.5,2.91
52,5418,5.0,3.78
489,2245,3.5,3.17
169,1282,4.0,3.72
288,4492,3.0,0.0
68,51540,3.0,4.26
182,2843,5.0,3.5
64,2908,4.5,3.5
298,89190,0.5,0.0
432,1246,4.5,4.12
385,94,4.0,3.93
455,315,3.0,3.1
480,6537,3.0,2.97
15,122904,2.0,4.1
19,252,3.0,3.77
325,2231,4.0,3.77
252,168418,4.0,3.89
125,127202,4.0,4.18
593,2144,1.5,3.74
425,2571,3.5,4.27
561,34405,4.0,4.08
314,830,3.0,3.51
462,1721,2.5,3.49
452,2648,4.0,4.15
572,1252,5.0,4.34
225,2455,4.0,3.51
280,4963,4.5,4.1
173,527,5.0,4.2
599,7845,3.0,3.0
66,2716,3.5,3.82
387,26151,3.5,0.0
280,441,4.5,3.93
530,500,3.0,3.45
414,1476,4.0,3.93
177,1225,3.0,4.37
382,2028,4.5,4.19
177,25797,3.5,0.0
182,1673,4.5,4.23
599,26812,2.5,0.0
167,7247,2.5,3.61
326,30812,1.5,3.55
325,104,2.0,3.57
590,55765,3.5,4.03
448,107141,4.0,0.0
217,2917,3.0,3.86
96,1079,5.0,3.95
599,27008,1.0,0.0
200,50802,3.0,0.0
297,1422,1.0,0.0
339,3578,5.0,4.1
474,4326,2.5,3.6
11,1573,3.0,3.41
156,1425,3.0,0.0
395,256,3.0,2.82
600,223,2.5,3.99
362,51540,4.5,3.84
135,1676,3.0,3.53
523,364,5.0,3.94
185,1721,3.0,3.47
541,551,3.0,3.58
57,3269,3.0,2.86
387,111,4.5,4.44
563,45720,4.0,3.88
18,177593,4.5,0.0
19,1238,3.0,4.22
326,527,4.5,4.27
19,231,2.0,3.12
599,1222,3.5,4.53
195,431,4.0,3.79
346,1997,4.0,4.16
81,329,4.0,3.37
483,362,2.5,3.92
514,1193,4.0,4.29
28,2916,3.0,3.69
380,172,4.0,2.83
404,318,4.0,4.53
229,590,3.0,3.82
608,6281,4.0,3.09
298,30825,2.0,3.12
435,2712,3.5,3.41
378,69481,4.0,4.08
182,2273,3.5,3.8
483,4016,4.0,3.79
234,48,5.0,3.19
133,288,2.0,3.39
387,7336,3.5,0.0
47,69122,0.5,3.7
116,2080,3.5,3.47
474,8614,3.0,3.16
489,5943,0.5,2.71
292,1022,3.0,3.69
238,4265,3.0,3.01
57,1129,3.0,3.67
304,1777,4.0,3.48
489,920,4.0,3.61
541,540,3.0,2.81
474,3992,3.5,3.57
198,1960,3.0,3.65
219,2716,4.0,3.84
63,86290,5.0,0.0
242,39,3.0,3.4
68,86332,3.5,3.92
40,236,4.0,3.48
571,1924,5.0,3.13
424,51540,3.0,3.86
330,5294,4.0,4.03
400,52722,2.5,3.02
274,4638,2.5,3.21
610,79091,4.0,4.32
28,68319,3.5,2.79
555,2148,2.0,3.59
82,5507,3.5,2.76
477,5971,4.0,3.9
11,1391,1.0,3.12
356,2599,3.0,3.77
335,592,5.0,3.46
408,122900,5.0,3.67
414,48043,4.0,3.94
199,1285,4.0,3.96
414,90405,3.5,4.26
249,5449,3.0,3.02
451,481,3.0,3.06
57,2289,3.0,4.1
610,46578,5.0,4.13
132,2144,3.0,3.78
182,1704,4.0,4.35
186,952,4.0,3.38
266,1923,3.0,3.74
274,33085,2.5,2.46
256,98809,3.5,4.03
22,69757,0.5,3.53
24,1663,3.5,3.87
89,1269,2.5,4.11
570,1358,3.0,4.2
573,185,3.5,3.22
328,2294,3.5,3.25
259,786,0.5,3.17
78,1370,4.0,3.55
169,1487,4.0,3.22
57,1907,4.0,3.82
160,3114,2.0,3.97
325,2159,5.0,3.6
141,45517,3.5,3.35
596,177763,3.5,0.0
63,6539,4.0,4.0
469,3178,3.0,3.59
59,969,5.0,4.07
6,267,3.0,3.12
42,2580,4.0,4.09
177,1955,5.0,4.38
227,91658,4.0,3.3
458,195,4.0,2.78
307,357,3.0,3.64
448,3882,3.0,3.09
124,3252,4.5,3.56
597,1479,2.0,3.64
24,70286,4.0,3.91
567,180031,4.0,3.67
156,1094,4.0,3.57
490,46976,3.5,3.47
367,2396,4.0,3.84
484,4025,3.0,3.17
584,316,3.0,3.4
294,671,1.0,3.64
357,6593,4.0,3.14
249,6958,2.0,2.28
219,54272,3.5,3.7
448,1680,3.0,3.82
41,2858,4.0,4.1
474,6581,3.0,0.0
474,3502,2.5,0.0
352,91658,4.0,3.33
33,2355,5.0,3.54
470,786,3.0,3.22
274,3918,3.5,3.03
226,6874,3.5,3.89
211,50,4.0,4.31
111,150548,4.5,3.64
274,253,4.5,3.65
448,1479,3.0,3.82
119,5010,4.0,3.92
274,87,3.0,2.83
177,3990,2.5,1.05
47,106782,3.5,4.05
325,5400,2.0,3.18
45,8636,3.5,3.86
169,5991,5.0,3.63
474,1617,5.0,4.42
445,109374,5.0,3.8
161,596,3.5,3.39
322,2959,4.0,4.28
599,741,5.0,4.42
358,48412,3.5,0.0
78,3809,3.0,3.12
163,1747,3.0,3.34
249,96610,5.0,3.85
105,145994,5.0,0.0
284,344,5.0,3.0
529,784,1.0,2.99
599,6882,2.5,0.0
330,153,3.0,3.02
313,2797,1.0,3.81
553,60753,4.0,0.0
131,608,4.0,4.15
414,6755,3.5,3.59
256,73321,4.0,3.74
172,1994,3.5,3.4
307,1895,2.0,3.67
607,3755,5.0,2.86
606,3978,3.5,3.11
381,2692,4.0,4.1
80,71135,4.0,3.27
181,453,3.0,3.04
16,904,3.5,4.32
325,1234,4.0,4.18
598,4963,4.0,3.99
232,81512,4.0,0.0
177,71970,4.0,0.0
448,1223,4.0,4.3
91,5693,4.5,3.22
33,50,5.0,4.31
292,58559,4.0,4.34
245,2599,3.0,3.73
448,92439,2.0,0.0
425,1036,3.5,3.91
288,3994,4.5,3.69
68,47970,4.5,3.56
274,7347,3.0,3.57
238,421,2.0,3.25
603,326,5.0,3.68
32,1104,5.0,4.53
292,166528,4.0,4.19
512,364,4.0,3.94
479,4621,3.0,2.94
534,70183,3.5,3.61
606,48997,4.0,3.67
384,3752,3.0,3.18
424,5388,5.0,3.24
234,1215,2.0,4.06
199,1060,5.0,3.79
517,105504,3.0,4.31
249,107348,4.5,3.52
474,8338,4.0,0.0
566,497,4.0,3.73
220,2762,5.0,3.96
135,4776,5.0,3.81
19,2455,2.0,3.54
302,1198,5.0,4.24
533,2288,5.0,4.02
60,527,5.0,4.19
603,1641,4.0,3.68
380,2028,5.0,4.32
414,236,3.0,3.84
109,344,2.0,2.99
524,494,5.0,3.4
603,1217,4.0,4.75
20,3624,2.0,3.26
51,2249,5.0,3.3
600,4380,3.0,4.32
11,1693,5.0,3.34
14,586,3.0,2.88
352,3793,3.0,3.73
234,1030,4.0,2.81
17,1291,4.0,4.14
418,1222,4.0,4.1
222,6888,3.0,1.96
195,4223,3.0,3.76
421,527,5.0,4.21
199,7323,3.0,4.0
462,2683,3.5,3.17
105,108981,4.5,0.0
462,8781,3.0,3.06
608,3146,2.0,2.66
448,4848,3.0,4.03
448,1377,3.0,3.03
562,5377,4.5,3.8
368,2412,2.0,1.97
286,5445,2.0,3.73
495,1485,4.5,3.21
577,368,4.0,3.51
448,3618,4.0,2.96
434,608,5.0,4.22
82,5449,4.0,3.04
520,59315,5.0,3.84
308,1036,1.0,3.84
274,51255,5.0,4.32
66,3198,4.0,3.68
205,1222,3.5,4.04
438,1876,3.0,3.27
212,51540,4.0,3.93
432,168,4.5,2.99
274,8604,2.0,4.28
50,45517,2.0,3.32
318,4958,3.5,3.49
512,2,3.0,3.36
533,46578,3.5,3.82
356,720,5.0,4.28
610,8526,3.0,0.0
263,377,3.0,3.61
474,3420,2.5,0.0
332,1258,3.5,4.2
606,47099,3.5,3.95
339,1,4.0,4.05
599,81229,3.0,3.47
21,8644,4.0,3.59
599,577,1.5,0.0
19,1556,1.0,1.74
68,2006,4.0,3.34
19,3440,2.0,1.76
93,1377,4.0,3.03
464,62374,4.5,3.54
111,73017,3.5,4.08
532,858,5.0,4.28
603,1028,4.0,3.89
610,54736,3.5,4.26
525,89745,4.5,3.99
21,2990,4.5,3.39
603,2544,3.0,0.0
554,1207,5.0,4.18
608,7143,4.0,4.04
160,3477,3.0,3.3
587,2797,5.0,3.76
570,442,2.5,3.07
606,5929,3.0,0.0
19,1573,4.0,3.54
361,500,3.0,3.47
414,540,2.0,3.41
475,784,4.0,2.98
352,67923,1.5,3.21
599,2542,3.5,4.4
186,914,4.0,3.95
62,106072,3.5,3.38
599,47610,2.5,4.09
554,2028,5.0,4.12
466,8368,4.5,3.97
135,377,4.0,3.64
603,1947,5.0,3.6
105,6874,4.0,3.99
111,56757,3.5,3.9
438,5106,2.0,2.61
307,64622,4.0,2.98
19,3247,3.0,3.26
109,104,2.0,3.55
425,762,2.5,2.58
497,7153,2.0,4.13
596,7615,4.5,0.0
268,2796,2.0,3.02
74,8340,3.5,4.08
122,117529,4.0,3.34
441,8874,5.0,4.03
139,72998,1.5,3.69
213,1214,4.5,3.9
514,26375,4.0,0.0
357,81562,4.0,3.91
171,780,4.0,3.44
380,2005,3.5,3.99
555,2694,4.0,3.26
292,2001,4.0,3.28
200,3176,4.0,3.37
428,5630,3.0,3.5
64,3617,3.0,3.08
317,3578,3.0,4.02
140,1270,3.0,4.09
121,252,3.0,3.68
599,77201,2.5,0.0
474,7753,3.5,0.0
232,4368,2.5,2.25
599,110882,3.0,3.93
610,5833,5.0,0.0
307,2501,2.5,4.05
380,1270,5.0,4.15
32,527,4.0,4.23
298,5254,2.5,3.39
103,524,3.5,3.59
152,1221,4.0,4.3
414,36519,2.5,3.63
599,3752,1.5,3.4
599,102590,3.0,0.0
122,55820,5.0,3.97
166,1193,4.0,4.24
590,3827,3.0,3.36
125,45440,4.5,3.07
414,53322,3.0,4.44
603,2290,4.0,0.0
177,2716,4.0,3.89
590,2716,4.0,3.87
82,4255,2.0,1.76
256,135887,4.5,2.61
414,5112,3.0,0.0
599,788,2.5,3.09
599,4568,2.5,0.0
132,337,3.0,3.9
599,2100,2.5,3.16
446,497,4.0,3.74
587,1356,4.0,3.86
448,5507,1.0,2.82
608,2723,1.0,3.15
567,157200,2.0,0.0
14,480,3.0,3.71
509,7151,3.0,3.6
474,3479,2.0,3.91
91,3182,4.0,3.84
514,112852,3.0,4.35
503,2389,3.5,1.53
597,2956,3.0,3.41
474,3396,3.0,3.76
603,3415,4.0,4.32
111,79091,3.5,4.06
521,7,3.0,3.11
323,110,2.0,4.08
477,62336,5.0,4.44
368,2890,3.0,3.65
474,733,4.0,4.0
19,3798,2.0,3.29
51,912,3.0,4.37
298,55830,2.0,3.62
239,539,4.0,3.69
104,936,3.5,4.03
391,300,4.0,3.52
438,1047,3.0,3.35
18,30812,4.0,3.65
603,4713,4.0,4.19
610,73017,3.5,4.33
179,288,4.0,3.39
91,1265,4.0,4.14
434,49272,4.0,4.1
365,156609,4.5,2.61
542,4886,3.5,3.96
212,72998,3.0,3.81
477,480,4.0,3.86
561,74458,3.0,4.35
177,30825,3.0,3.25
607,380,4.0,3.59
427,2076,4.0,4.05
68,4085,2.0,3.58
90,728,3.0,3.8
256,260,4.0,4.29
68,79091,3.0,4.28
234,592,4.0,3.51
369,2571,4.5,4.18
330,4896,4.5,3.76
105,4325,4.0,0.0
514,1288,4.0,4.03
309,1204,4.0,4.32
115,1566,5.0,3.31
68,5991,3.5,3.8
520,586,4.0,2.97
278,3148,4.0,3.61
603,1292,4.0,4.2
31,1240,4.0,3.9
414,6510,3.0,0.0
595,1199,5.0,4.15
222,106782,5.0,4.08
380,79702,4.0,4.19
138,59784,5.0,3.35
606,33237,4.0,0.0
330,141,4.0,3.56
51,5505,4.0,3.09
600,429,3.0,0.0
415,858,5.0,4.31
599,8477,4.0,0.0
382,7149,3.5,3.44
414,51931,3.5,0.0
357,56339,4.5,3.63
580,720,3.0,4.31
555,2671,4.0,3.41
274,2392,1.5,2.59
251,5971,5.0,3.82
313,2087,2.0,3.43
472,1221,5.0,4.29
68,1267,2.0,4.39
135,3481,3.0,3.73
590,3471,4.5,4.06
298,1274,4.0,3.59
240,427,2.0,1.42
307,2373,1.0,2.66
596,31221,2.5,2.05
610,54999,3.0,4.47
39,2366,5.0,3.65
599,3265,4.0,4.13
599,59947,2.0,0.0
158,2605,2.5,2.9
401,48982,3.5,3.43
489,48,4.0,3.16
425,5254,4.0,3.29
474,1263,3.0,4.43
91,586,2.0,3.08
410,11,3.0,3.7
313,170,3.0,3.32
307,2018,3.0,3.31
313,733,2.0,3.79
432,5418,4.5,3.82
268,1238,5.0,4.04
514,2901,2.0,3.1
217,2816,3.0,0.0
474,6031,4.0,0.0
82,6593,3.0,3.09
514,1673,4.5,4.1
33,2272,3.0,0.0
525,62,3.5,3.76
298,101025,0.5,2.44
480,3858,4.0,0.0
304,708,4.0,3.38
166,10,4.5,3.49
93,2161,5.0,3.63
343,7256,4.0,3.85
220,1393,4.5,3.52
487,260,4.0,4.25
448,85022,3.0,3.7
271,1093,3.0,3.47
599,95165,4.0,0.0
561,1378,4.0,3.11
414,1234,5.0,4.5
339,3409,4.0,3.04
563,1387,4.0,4.1
274,2762,4.0,4.18
89,6271,2.0,0.0
500,1885,3.0,3.23
603,305,1.0,0.0
551,111362,3.5,3.82
474,5873,3.5,0.0
181,132,3.0,2.43
610,135534,3.5,0.0
161,45732,0.5,1.38
457,3897,4.0,3.85
298,1779,2.0,3.01
509,60760,3.0,2.86
105,3617,3.5,3.0
79,1240,4.0,3.92
380,46948,4.0,3.64
46,592,3.0,3.49
307,3177,2.0,0.0
477,3811,4.0,0.0
105,3996,4.0,4.08
542,1200,4.0,3.94
483,48516,4.5,4.54
599,3036,3.5,3.62
562,6874,4.5,3.9
19,1906,2.0,0.0
325,2894,4.0,0.0
47,2407,2.0,3.18
564,97921,3.5,3.96
546,608,2.0,4.13
453,3481,3.0,3.71
184,35836,2.5,3.52
466,5816,5.0,3.61
483,1704,4.5,4.32
560,4310,3.5,2.62
596,329,3.0,3.42
480,1258,5.0,4.34
603,2630,4.0,0.0
393,73017,5.0,3.9
382,131934,1.0,0.0
509,1243,4.0,4.05
202,1283,4.0,4.32
606,2367,3.5,2.18
514,1784,4.0,3.83
380,8798,5.0,3.85
274,3552,4.0,3.89
414,2694,3.0,3.41
382,7570,3.5,2.64
563,100527,4.0,0.0
477,51255,4.5,4.05
246,32587,4.5,3.95
318,53996,3.5,3.48
325,1228,5.0,4.25
217,5060,3.0,4.07
249,109483,3.0,2.55
305,6586,4.0,3.23
594,8869,5.0,0.0
469,1610,3.0,3.92
489,4356,4.0,0.0
590,1254,4.0,3.94
132,27815,3.0,3.87
610,114795,2.5,0.0
285,2804,4.0,3.98
226,4220,4.0,3.71
414,70336,2.5,2.57
414,5016,4.0,2.51
365,2716,3.0,3.78
275,5241,5.0,0.0
221,1358,3.5,4.22
26,34,3.0,3.62
217,656,2.0,3.43
511,55814,4.0,3.84
474,48598,4.0,0.0
292,69278,2.5,2.69
33,318,4.0,4.55
572,1276,5.0,4.3
204,858,4.0,4.28
103,8368,2.0,3.94
105,108932,3.5,4.06
166,2918,3.5,3.97
564,117590,5.0,3.96
249,68319,3.5,3.05
232,1265,4.0,4.11
182,7449,2.5,0.0
105,44665,5.0,3.89
205,6874,4.5,3.89
202,2115,3.0,3.69
586,3114,4.5,3.94
195,2710,1.0,3.05
28,54286,4.0,3.78
212,2078,4.0,3.88
387,4911,3.5,0.0
607,2422,2.0,1.85
144,2683,2.0,3.14
129,40815,4.0,3.84
10,79091,5.0,3.75
160,1917,1.0,2.93
28,1275,2.0,4.02
28,2105,4.0,3.41
523,65261,5.0,3.67
95,2571,5.0,4.2
599,4470,2.0,0.0
339,5618,5.0,4.29
483,7373,1.5,3.65
605,36401,2.0,2.88
575,2606,2.0,2.69
171,714,5.0,3.92
169,5941,4.0,0.0
429,279,3.0,0.0
249,5989,3.5,4.37
122,1200,5.0,4.0
64,112,3.0,3.65
288,3809,3.0,3.28
6,45,3.0,3.31
415,588,4.0,3.83
357,246,4.5,4.21
567,135288,3.0,0.0
16,1704,3.5,4.07
26,208,2.0,2.98
1,101,5.0,3.62
368,2533,3.0,3.02
318,2761,3.5,4.47
200,30825,4.0,3.17
68,4019,4.0,3.87
483,3618,4.0,3.0
560,551,4.0,3.67
448,103141,4.0,4.18
491,6373,4.5,3.23
448,4339,4.0,3.84
298,7454,1.5,3.12
599,72479,3.5,0.0
351,90376,3.5,0.0
537,5989,5.0,3.98
414,6266,3.0,3.31
227,27846,4.0,4.0
365,5110,2.5,3.6
131,62336,3.5,4.26
380,2700,5.0,4.31
380,32029,3.0,3.18
224,2144,5.0,3.74
594,2571,5.0,4.2
249,5810,4.5,3.51
474,5944,3.5,3.35
396,903,4.5,4.05
520,2791,4.0,3.88
380,4735,3.0,2.41
89,1682,0.5,3.96
221,778,4.5,4.1
305,5956,4.5,3.86
219,673,3.5,3.04
314,1266,3.0,4.2
580,555,2.5,3.93
600,2021,3.0,3.31
288,3833,2.0,0.0
95,6942,4.0,3.83
332,4308,5.0,3.58
414,78,3.0,0.0
249,60072,4.5,3.09
240,1356,5.0,3.87
561,4027,4.0,3.86
301,589,0.5,4.03
336,163,5.0,3.54
371,2297,5.0,3.62
434,69122,4.5,3.74
274,4954,4.0,3.85
561,30749,3.5,4.1
365,4963,2.5,4.1
230,786,2.0,3.22
36,544,3.0,2.37
380,182639,4.0,0.0
474,648,3.5,3.75
428,1240,2.5,3.96
111,585,2.5,2.92
603,3257,2.0,3.15
202,912,5.0,4.42
599,3973,0.5,1.65
318,27328,4.5,0.0
448,7454,2.0,3.13
77,54286,3.0,3.63
233,586,3.0,2.92
359,587,4.0,3.33
474,3115,4.0,4.84
380,6294,2.5,2.68
432,80219,3.0,3.25
603,1676,5.0,3.54
573,33162,4.5,3.46
414,2340,2.0,3.67
606,1674,4.0,3.55
372,1061,3.0,3.6
287,3398,3.5,3.39
469,2288,5.0,4.17
608,4270,3.5,3.06
480,8910,4.5,3.62
560,38061,4.5,4.29
221,8228,4.5,3.49
415,260,4.0,4.27
606,6466,4.0,3.15
599,4563,2.0,0.0
249,109578,3.5,3.6
525,6564,2.0,3.12
606,1306,3.5,3.02
387,1339,4.0,3.46
6,502,3.0,2.75
377,410,4.0,3.15
78,608,2.0,4.13
298,780,2.5,3.56
169,3114,4.5,3.95
541,132,4.0,2.37
610,121231,5.0,5.29
318,60408,4.0,0.0
567,33794,2.5,3.94
580,7153,4.0,4.24
140,1101,4.5,3.22
369,2427,4.0,3.1
108,5349,5.0,3.52
428,173,3.0,2.51
64,595,3.5,3.89
602,6,3.0,3.97
33,1888,4.0,0.0
307,377,1.0,3.74
41,4034,3.5,4.02
408,54286,4.0,3.67
139,53121,1.0,3.38
126,316,1.0,3.35
51,1011,1.5,2.32
82,5296,3.5,3.02
76,1221,4.5,4.32
91,539,2.5,3.71
479,24,3.0,3.2
7,8908,4.5,3.65
28,1682,1.5,4.01
156,6297,4.0,3.35
200,33679,5.0,3.41
469,3362,4.0,3.97
4,3204,4.0,3.85
428,2953,1.0,2.75
448,3198,4.0,3.64
274,6157,2.5,2.68
474,3966,3.5,0.0
325,4591,3.0,0.0
599,6523,2.0,0.0
562,78499,4.5,4.38
391,2078,5.0,3.87
480,32,4.0,4.16
28,55094,3.5,0.0
452,2529,4.0,3.83
483,2273,3.0,3.67
373,318,5.0,4.53
209,96079,4.0,3.83
274,7001,3.5,4.64
30,1291,5.0,4.12
307,2962,3.0,0.0
382,95796,0.5,0.0
185,919,3.0,3.91
324,3910,4.0,3.4
307,4127,1.5,0.0
453,1653,4.0,4.05
140,1307,3.5,3.98
490,356,3.5,4.2
606,7033,3.0,0.0
20,2092,3.0,2.42
380,165,5.0,4.07
63,64285,4.5,0.0
161,1223,5.0,4.08
57,2701,1.0,2.5
475,122918,3.0,3.92
222,1610,3.5,3.84
438,3090,4.0,4.23
414,2141,4.0,4.21
16,78499,4.5,4.37
111,174045,4.0,0.0
367,2018,5.0,3.25
104,1688,3.0,3.27
535,2574,1.0,2.2
109,440,3.0,3.62
292,19,1.5,2.91
294,296,4.0,4.26
610,142598,4.0,0.0
408,5418,4.5,3.8
356,30810,4.0,3.69
41,49530,4.0,3.84
432,60040,4.0,3.26
608,430,2.5,0.0
230,1883,0.5,3.59
453,4011,5.0,4.22
317,76251,3.0,3.74
465,3706,4.0,3.19
380,6502,3.0,4.45
369,1442,3.5,0.0
600,2455,2.0,3.61
388,1203,1.0,4.08
464,58559,3.5,4.25
321,367,4.0,3.23
221,2762,3.5,3.97
274,3752,4.0,3.36
387,2076,4.5,4.32
561,356,4.0,4.38
599,8807,2.5,3.95
232,2080,2.5,3.55
249,47099,4.0,4.11
560,88125,3.0,3.78
187,1729,4.0,3.75
202,2011,3.0,3.6
82,2,3.0,3.46
534,37729,4.0,3.52
494,3578,5.0,3.93
346,2442,3.5,0.0
68,30816,3.0,3.27
316,2723,3.0,3.06
541,47,1.0,3.98
263,736,4.0,3.47
284,377,5.0,3.58
249,7153,5.0,4.48
425,2600,4.5,3.84
590,2058,3.5,3.54
305,904,4.5,4.43
509,19,4.0,2.93
274,2205,2.5,3.4
129,2021,3.5,3.24
425,70,4.0,3.59
140,3681,4.0,4.16
62,4973,4.5,4.35
474,736,2.0,3.73
387,4235,4.5,4.12
111,32598,3.0,2.91
166,4963,4.5,4.07
77,3948,3.0,3.47
177,79132,5.0,4.38
140,1240,3.0,4.0
98,1270,3.0,4.02
411,280,4.0,4.3
520,4025,3.5,3.14
171,176,5.0,4.03
182,6541,2.0,2.91
111,1060,1.0,3.72
105,115617,3.5,4.17
484,71268,5.0,0.0
156,1665,2.0,3.09
590,6188,2.5,3.64
425,527,4.0,4.31
414,784,3.0,3.2
469,1269,4.0,4.16
387,5891,3.0,0.0
607,2846,3.0,4.26
560,2672,4.0,2.95
275,2054,2.0,2.92
222,66744,4.0,0.0
156,344,3.0,2.99
323,475,4.0,4.42
118,590,4.0,3.8
606,2005,2.5,3.9
91,474,3.5,3.98
3,3024,4.5,2.35
57,552,2.0,3.52
520,1080,4.0,4.09
167,2447,1.5,3.48
603,1645,3.0,3.45
610,73876,4.0,0.0
401,72737,3.5,3.78
119,89087,4.5,2.17
137,5385,4.5,0.0
586,380,4.5,3.59
580,1183,4.0,3.84
563,55451,3.5,0.0
274,3697,2.5,2.94
288,1292,3.0,4.21
534,81229,4.0,3.55
567,110553,1.0,2.67
221,2804,3.5,4.08
288,6645,3.5,3.7
555,471,3.0,3.74
103,78469,2.5,2.98
610,139511,3.0,0.0
469,2916,4.0,3.72
274,3481,4.0,3.82
198,3897,2.0,3.88
232,318,5.0,4.59
518,2657,4.5,3.46
19,1474,2.0,2.48
454,1341,4.5,0.0
586,97225,4.0,3.6
399,2858,0.5,4.06
468,47,5.0,3.97
504,2353,4.0,3.35
232,661,3.0,3.48
414,5872,3.0,3.39
596,122904,4.0,4.24
274,8464,3.5,3.78
362,47,4.5,4.03
534,90746,3.5,3.57
47,30707,4.0,3.84
95,6016,5.0,4.16
328,112852,1.0,4.36
563,52975,3.5,3.69
522,68157,4.5,4.23
153,158966,4.5,0.0
414,3617,4.0,3.33
33,2875,4.0,0.0
474,3952,3.5,2.59
489,7361,4.5,4.34
225,2628,3.0,3.21
84,289,3.0,3.98
45,541,3.0,4.14
596,1722,2.0,2.99
354,1625,3.5,3.74
20,4896,4.5,3.79
610,5108,2.5,3.04
232,648,3.0,3.66
524,1027,2.0,3.09
117,474,3.0,3.97
41,4848,5.0,3.94
470,282,3.0,3.49
448,33615,4.0,3.52
463,552,3.5,3.38
610,52831,3.5,0.0
177,2694,2.5,3.37
41,7293,5.0,3.65
488,36,4.5,3.88
232,6537,4.0,3.06
117,318,5.0,4.54
376,2011,5.0,3.53
603,942,5.0,0.0
570,1396,4.0,3.33
109,528,3.0,0.0
414,280,4.0,4.48
414,122922,3.5,4.27
238,163,4.0,3.51
425,45442,3.0,0.0
247,356,5.0,4.26
599,3438,3.5,2.92
488,3751,4.5,3.61
6,312,1.0,1.72
490,2078,3.0,3.83
18,72011,3.5,3.74
395,502,3.0,2.51
202,265,3.0,4.12
599,6188,3.0,3.67
220,586,4.5,2.97
249,4638,3.0,3.11
16,1214,4.0,3.94
89,131439,3.0,0.0
604,551,3.0,3.6
141,110,3.5,4.09
590,7059,3.5,0.0
380,179819,0.5,3.71
156,2065,3.0,3.85
240,158,4.0,2.95
577,1240,4.0,3.97
567,166705,3.0,0.0
328,112175,3.0,4.45
197,293,5.0,4.04
52,34437,3.0,3.51
74,3271,3.5,3.87
463,296,4.0,4.23
129,5679,2.0,3.41
297,1459,1.0,3.08
474,8645,4.0,4.22
432,527,4.5,4.31
111,1020,4.0,3.21
531,1466,4.0,3.74
62,104863,4.0,0.0
480,3484,3.0,2.88
599,208,2.5,3.09
187,2692,3.0,3.99
599,2273,3.0,3.92
74,39183,4.0,3.57
474,3000,4.0,4.17
182,2968,4.0,4.19
591,2683,5.0,3.11
509,56171,3.0,3.17
159,3949,0.5,3.92
574,329,4.0,3.38
610,6440,4.5,4.19
414,3606,5.0,0.0
50,122898,0.5,2.82
318,300,4.5,3.59
552,1203,3.5,4.11
411,235,3.0,3.69
318,3174,4.5,3.44
339,55820,5.0,3.95
68,56152,3.0,3.74
18,7153,4.5,4.33
448,8972,2.0,3.61
380,120635,2.0,0.0
492,708,3.0,3.37
177,1573,3.5,3.55
474,2088,2.5,2.65
606,6974,2.5,2.95
387,36529,2.5,3.96
487,7361,4.0,4.3
437,348,3.0,3.66
424,5679,4.0,3.38
474,8809,4.0,0.0
18,1732,4.5,4.0
200,58293,4.0,2.45
414,55118,4.0,4.88
596,1302,3.5,3.74
603,62,1.0,3.83
249,160954,3.0,0.0
610,3246,5.0,4.33
448,2858,4.0,4.24
318,103810,3.5,3.2
590,51077,2.0,2.52
492,849,4.0,2.79
62,2959,5.0,4.31
28,34437,3.5,3.58
438,3593,1.0,1.88
177,89753,1.5,4.33
395,420,3.0,2.96
603,2329,3.0,4.41
247,47,4.0,4.04
263,300,3.0,3.5
480,4447,3.0,3.31
104,108190,3.5,3.13
328,3471,3.5,4.0
490,74458,3.5,4.21
307,3826,0.5,2.46
63,61323,3.5,3.59
391,1178,5.0,4.41
438,2297,2.5,3.63
520,7153,4.0,4.18
608,5669,3.5,3.77
111,3254,3.5,3.63
297,349,4.0,3.7
432,3578,4.5,4.02
448,157270,2.5,0.0
91,6755,4.0,3.27
381,5418,5.0,3.86
73,2858,5.0,4.1
63,3996,4.0,3.98
474,7299,3.5,3.77
346,2321,3.5,3.48
68,54734,3.5,0.0
351,89774,4.0,3.66
292,586,4.0,3.01
274,3235,3.5,0.0
40,46,4.0,3.59
307,30848,2.5,0.0
307,830,2.5,3.5
529,135,4.0,3.04
141,3948,3.0,3.53
438,1573,4.0,3.51
301,480,3.0,3.72
228,3113,4.0,2.46
111,62439,4.5,0.0
298,653,0.5,3.25
100,4014,3.0,3.65
313,5040,4.0,2.84
307,2340,4.0,3.54
398,8738,5.0,0.0
177,344,4.0,2.93
220,2997,5.0,4.04
166,33794,5.0,3.98
599,26686,1.0,0.0
489,5014,3.5,3.69
480,2947,3.0,3.94
265,2657,1.0,3.47
368,1801,2.0,3.35
414,40339,3.0,2.56
599,43928,0.5,1.85
546,3535,2.0,3.8
603,4034,4.0,4.15
6,355,4.0,2.44
536,261,5.0,3.79
265,318,4.0,4.51
247,5418,4.0,3.79
111,123200,4.5,0.0
111,4900,4.0,0.0
448,95744,2.5,0.0
603,2551,5.0,3.32
298,4069,0.5,2.99
610,160836,3.0,0.0
599,4587,1.5,2.52
298,87232,3.5,4.04
173,329,4.0,3.37
132,596,2.0,3.41
125,4082,5.0,0.0
584,173,4.0,2.51
104,2294,3.0,3.28
164,1527,3.0,3.79
182,904,4.0,4.51
290,1927,5.0,4.37
480,6367,2.5,2.89
169,5464,4.5,3.53
453,4193,4.0,0.0
274,26629,2.5,0.0
512,457,5.0,3.99
429,588,5.0,3.84
420,5349,3.5,3.55
438,1431,3.0,2.39
380,8641,3.5,3.93
182,1215,4.5,4.32
599,48774,4.0,4.54
418,45672,0.5,2.92
307,4641,3.5,3.39
286,3481,3.0,3.67
483,1920,2.5,3.14
210,108932,3.0,3.93
208,2427,3.0,3.11
564,88785,4.0,2.81
482,8984,4.0,3.23
274,4128,4.5,3.58
606,2436,3.5,4.52
124,79592,2.0,3.2
448,4980,3.0,3.0
600,1025,3.5,3.86
380,2411,5.0,2.85
169,6331,5.0,4.08
351,3252,4.0,3.58
239,648,4.0,3.6
330,1097,4.0,3.92
212,56367,3.5,3.84
607,2858,3.0,4.06
68,40959,3.0,0.0
555,2640,3.0,3.85
592,240,2.0,2.27
603,3473,5.0,0.0
178,608,4.5,4.15
483,45447,3.0,3.39
448,128592,1.0,0.0
279,90405,3.5,3.53
221,5902,4.0,3.96
273,357,5.0,3.51
514,2100,2.5,3.07
28,4995,3.0,4.19
500,104,4.0,3.56
116,1059,1.0,3.81
249,924,4.5,3.85
221,1278,5.0,3.99
201,1291,5.0,4.14
542,4306,5.0,3.95
332,7147,4.0,3.86
105,74324,4.5,0.0
489,31658,3.0,4.34
328,480,2.0,3.76
380,783,3.0,3.67
187,253,3.5,3.55
570,1372,3.0,3.3
490,76251,3.0,3.69
509,117176,4.5,4.07
275,2912,5.0,3.81
20,1489,4.0,0.0
389,719,4.0,2.98
73,2321,4.0,3.54
354,1954,4.0,3.94
568,65088,2.0,3.43
21,103384,4.0,3.14
562,2571,5.0,4.26
7,8368,2.5,3.92
586,122926,5.0,4.26
140,41566,4.0,3.48
437,155,4.0,2.03
200,588,4.0,3.98
600,332,3.5,2.31
505,74685,3.5,0.0
288,355,3.0,2.33
177,25746,3.0,0.0
426,3996,4.0,3.89
606,475,4.0,4.51
406,1644,2.0,2.21
317,91630,4.0,3.86
274,6373,2.5,3.52
474,4356,3.0,0.0
219,173,2.5,2.5
18,165,4.0,3.79
367,902,3.0,3.98
412,908,5.0,4.07
590,33166,4.0,4.13
567,33493,1.5,3.47
610,91077,4.0,3.91
420,588,4.0,3.87
307,5955,3.0,4.23
103,4388,3.0,2.74
290,1357,4.0,4.22
488,745,4.5,4.18
66,5574,4.0,3.38
202,2534,3.0,2.19
39,1291,5.0,4.12
606,3000,5.0,4.07
597,2723,2.0,3.16
410,4160,5.0,4.2
600,101,4.5,3.72
137,2968,3.5,3.98
413,97304,5.0,4.0
350,1356,5.0,3.83
453,2858,5.0,4.1
608,3915,4.0,0.0
182,5347,3.0,0.0
182,4644,3.5,0.0
377,5027,3.5,3.27
414,6790,2.5,0.0
599,2810,2.5,4.59
51,2901,5.0,3.14
520,2072,4.0,3.14
145,161,4.0,3.7
294,1965,2.0,3.68
600,2042,2.5,2.72
446,282,2.0,3.49
448,37386,1.0,2.54
250,3101,5.0,3.18
288,986,3.0,3.87
376,539,4.0,3.61
448,2349,2.0,3.95
306,156726,3.0,0.0
586,2006,3.5,3.13
520,5265,4.0,3.29
373,648,4.0,3.54
62,106487,4.0,3.59
153,8784,4.5,3.85
49,2028,4.5,4.11
19,2150,3.0,3.89
1,2997,4.0,3.99
390,3053,4.0,4.49
356,4370,3.5,3.37
438,3978,2.5,3.21
328,2005,3.5,3.8
21,34162,3.0,3.71
583,46578,3.0,3.8
380,1208,4.0,4.43
500,2018,3.0,3.26
122,4979,5.0,3.74
132,364,4.5,4.01
370,38061,4.0,4.18
298,57640,4.0,3.95
160,258,1.0,2.33
560,55442,4.0,4.07
182,5574,4.0,3.46
45,2571,5.0,4.29
421,2324,5.0,4.04
213,2232,3.5,3.33
380,48982,5.0,3.7
356,44191,3.5,3.96
368,474,3.0,3.94
551,114662,4.0,3.72
327,1148,4.0,4.05
98,134130,4.5,3.97
144,440,3.0,3.62
310,3254,2.5,3.48
489,1307,5.0,4.02
105,3592,4.5,0.0
18,653,3.0,3.24
606,2194,4.0,4.09
381,26662,4.0,4.27
80,858,4.0,4.3
434,1193,4.5,4.25
313,2700,3.0,4.17
11,292,4.0,3.41
327,953,5.0,4.09
274,2719,2.0,2.39
346,8949,4.0,3.65
610,134130,3.5,4.13
200,648,3.5,3.66
20,4014,4.0,3.64
599,87,0.5,2.9
414,4226,5.0,4.65
27,1196,4.0,4.3
226,333,4.0,3.85
354,5418,4.0,3.83
326,81562,4.5,3.95
19,1702,3.0,3.35
212,103372,2.5,3.44
608,7147,4.0,4.01
191,265,5.0,4.0
235,34,4.0,3.64
182,3150,4.0,0.0
571,2119,1.0,1.51
534,4963,4.0,4.23
474,2997,3.5,4.24
606,49649,2.5,2.22
275,5329,3.0,3.07
599,61073,2.0,0.0
200,5816,4.0,3.68
325,4085,3.0,3.38
89,109596,4.0,0.0
151,837,4.0,3.5
21,6373,3.0,3.39
380,2529,5.0,3.86
514,128360,3.0,3.99
474,338,3.0,2.86
348,2357,5.0,4.35
346,5481,2.0,2.82
294,3524,2.0,3.71
324,2764,3.0,4.24
19,3,3.0,3.42
599,2846,3.5,4.47
223,4995,2.5,4.05
541,595,3.0,3.84
135,21,3.0,3.46
376,1580,4.0,3.58
573,2028,5.0,4.26
343,8961,4.5,3.8
517,66203,0.5,2.99
414,39381,3.5,4.13
382,150,4.0,3.79
140,33493,4.0,3.56
606,67255,4.0,4.14
608,2470,1.5,3.38
280,2581,3.0,3.01
28,2272,2.5,0.0
169,2058,4.5,3.37
111,112852,4.5,4.46
219,2278,3.5,3.76
448,507,3.0,3.51
232,52604,3.5,3.86
50,858,4.0,4.31
222,55247,3.5,4.02
607,3175,2.0,3.67
177,8665,4.0,4.12
298,63992,0.5,2.3
42,3861,3.0,2.72
323,2,4.0,3.38
109,256,3.0,2.84
211,6934,1.0,3.21
182,235,4.5,3.79
14,266,5.0,3.31
414,4967,4.0,4.61
70,2918,3.5,3.9
400,4993,4.0,4.18
608,4447,2.0,3.25
474,7121,5.0,4.27
28,2278,4.0,3.75
217,910,4.0,3.91
590,1777,2.5,3.55
356,3174,3.5,3.38
414,4027,5.0,4.12
606,4306,4.0,4.09
106,41566,3.5,3.42
610,8665,4.5,4.17
307,6750,2.0,3.08
256,117851,3.5,0.0
219,44,1.5,2.45
262,608,5.0,4.13
177,31433,2.5,2.68
325,1303,4.0,4.02
64,1345,4.5,3.22
256,5481,3.0,2.88
103,4232,2.5,3.11
6,281,4.0,3.76
368,494,3.0,3.45
583,356,4.0,4.18
380,239,3.0,3.38
45,3510,4.0,3.47
521,58,4.0,3.87
489,587,4.0,3.46
246,45447,3.0,3.22
474,49524,3.5,0.0
599,3578,3.5,4.29
246,84954,4.0,3.6
169,3988,5.0,3.04
100,2100,3.5,3.04
534,7090,4.5,3.87
560,34437,4.0,3.58
414,40959,3.5,0.0
53,413,5.0,2.62
599,87197,3.0,0.0
50,1206,4.0,4.16
570,3793,4.0,3.72
575,2558,3.0,1.75
586,3175,5.0,3.67
438,8643,3.5,2.85
342,2599,2.0,3.72
594,2722,4.0,2.5
112,593,4.0,4.18
89,99117,3.0,3.07
91,2054,2.5,3.0
318,117545,4.0,0.0
448,6539,3.5,4.24
480,4246,3.0,3.76
12,277,3.0,3.43
224,3361,4.0,3.77
33,337,5.0,3.87
425,597,3.5,3.63
200,2395,3.5,3.49
280,8961,3.5,3.86
294,2987,3.0,3.72
105,63515,4.0,0.0
223,3863,1.0,3.05
305,1954,5.0,4.14
274,69,4.0,4.06
275,4728,5.0,3.0
287,6936,3.0,3.69
496,112852,3.0,4.24
249,54004,4.0,3.64
411,593,5.0,4.19
64,367,3.5,3.29
28,4223,4.0,3.84
166,48780,2.5,4.36
517,30816,1.0,3.25
559,380,3.0,3.6
217,737,1.0,2.63
504,2671,4.0,3.34
230,2716,2.0,3.78
572,1693,3.0,3.37
483,339,2.0,3.79
597,45,5.0,3.29
105,106782,4.0,4.25
339,68954,3.0,4.21
313,1882,1.0,2.17
177,58025,3.0,3.17
288,3964,3.0,3.18
572,1250,5.0,4.1
275,3046,5.0,0.0
104,532,3.0,3.25
219,4369,2.5,3.22
341,130087,4.5,0.0
239,2683,3.5,3.19
106,88125,5.0,3.71
101,2762,4.0,3.9
382,5218,4.5,3.81
177,246,3.0,4.32
495,231,4.0,3.12
205,81845,4.5,4.15
580,5418,4.5,3.88
317,73321,2.0,3.7
380,143355,3.0,3.89
113,2080,5.0,3.45
342,1198,4.0,4.22
57,3256,4.0,3.83
447,531,5.0,3.1
414,38886,4.0,3.6
56,493,4.0,3.42
411,371,4.0,2.94
603,2369,4.0,2.53
608,762,2.0,2.76
489,53125,2.0,3.78
57,2951,4.0,4.17
586,2,4.0,3.43
484,8807,4.0,3.67
414,849,2.0,2.79
64,160,2.5,2.9
249,8360,3.5,3.71
74,55820,4.5,3.93
396,1,5.0,3.9
586,100611,3.5,0.0
445,79132,4.5,4.12
217,780,3.0,3.57
349,34,5.0,3.62
428,4018,2.0,3.21
434,6796,3.0,3.79
307,2724,1.5,2.78
343,318,4.5,4.53
50,1199,4.0,4.2
414,1635,4.0,4.52
252,79132,3.5,4.05
135,4613,2.0,0.0
51,51662,5.0,3.63
357,2700,4.5,4.13
18,4816,3.0,3.56
231,1196,3.5,4.24
578,7395,4.0,0.0
590,3396,4.0,3.79
527,2193,5.0,3.31
294,3308,1.0,4.07
274,8368,3.0,4.05
599,3478,2.5,2.99
287,4848,4.0,3.9
105,74727,4.5,0.0
28,60674,2.5,0.0
66,1224,4.5,4.26
298,5620,0.5,2.97
248,1198,4.0,4.23
525,34072,3.5,3.74
541,248,3.0,2.76
177,91500,4.5,3.34
305,1232,5.0,3.53
557,1210,3.0,4.2
125,26680,5.0,3.28
81,110,3.0,4.05
474,7107,2.0,0.0
1,1226,5.0,3.54
387,54785,3.0,0.0
111,142422,4.5,3.91
590,45447,2.5,3.3
132,158,2.0,2.88
81,153,3.0,2.95
57,1268,3.0,3.84
51,2363,2.5,0.0
570,161,3.0,3.81
331,187593,4.0,4.81
275,5669,5.0,3.79
19,3483,2.0,3.25
445,4878,4.0,4.1
487,92535,1.0,4.75
6,416,3.0,2.55
380,1282,3.0,3.66
599,5582,2.5,2.89
384,2411,1.0,2.67
514,1641,3.5,3.78
117,1079,4.0,3.94
474,207,1.5,3.8
606,6370,3.5,3.7
356,380,3.0,3.61
233,364,3.5,3.96
28,68358,3.5,4.03
448,41566,3.5,3.59
597,2405,4.0,2.95
380,103449,1.0,0.0
4,538,5.0,3.57
448,58156,3.0,2.81
132,4886,3.0,3.99
521,762,3.0,2.47
301,587,3.5,3.33
57,3685,3.0,3.96
390,2959,5.0,4.28
23,1884,3.0,3.92
62,2617,3.0,3.1
36,3308,2.0,4.02
440,532,3.0,3.17
474,2016,2.5,0.0
580,5876,3.0,4.27
217,1580,5.0,3.65
82,6586,3.5,3.28
526,2324,5.0,4.05
455,300,4.0,3.46
306,164200,3.5,0.0
599,5577,3.0,4.2
483,6870,4.0,3.92
275,1079,5.0,4.1
266,1266,5.0,4.22
318,590,3.5,3.94
444,296,5.0,4.27
246,2023,3.0,3.37
567,7153,3.0,4.18
477,48394,4.0,3.95
177,1212,3.0,4.3
50,4658,3.5,0.0
425,1136,3.5,4.29
75,1275,3.5,3.89
29,4980,2.0,2.96
18,5445,4.0,3.83
274,4963,4.0,4.33
432,1590,3.5,3.1
202,3763,4.0,3.26
367,1270,4.0,4.06
68,58047,3.5,3.51
567,146656,3.5,3.88
51,3257,2.5,3.13
187,8622,3.0,3.72
582,97752,3.0,3.71
411,122,2.0,2.68
93,1372,5.0,3.26
232,6186,3.0,0.0
438,380,5.0,3.75
75,589,4.5,4.03
448,142448,3.0,3.45
169,4193,4.0,0.0
113,3108,2.0,3.98
104,1566,4.0,3.34
438,32031,3.0,3.31
4,2336,2.0,4.0
46,457,5.0,3.99
90,791,4.0,0.0
414,3270,2.5,2.36
66,6636,4.0,3.72
603,1682,2.0,4.0
330,68157,5.0,4.2
177,3257,2.0,3.14
318,115569,4.0,4.53
317,115149,4.0,3.89
438,318,5.0,4.56
182,1221,4.5,4.44
585,81932,4.0,4.04
606,2797,3.0,3.92
356,48744,4.5,3.78
39,1729,5.0,3.74
354,589,4.5,4.11
34,3996,5.0,3.89
599,1356,3.5,4.11
123,293,3.5,4.06
448,3967,4.0,4.04
89,6666,3.5,4.68
21,143245,1.5,0.0
45,2706,4.0,3.46
325,3147,3.0,4.28
600,40629,2.0,3.57
606,28,3.5,4.48
610,79293,3.0,2.97
222,3039,3.5,3.84
561,2161,3.0,3.78
168,26078,5.0,0.0
274,33166,4.0,4.17
414,1200,5.0,4.41
606,111,3.5,4.37
28,7842,5.0,3.92
25,187541,4.0,2.75
42,1883,2.0,3.65
364,780,5.0,3.43
487,7153,4.0,4.14
327,1193,4.0,4.18
226,35836,4.0,3.59
288,1883,3.0,3.74
448,65133,3.0,0.0
182,6754,2.5,3.68
177,64983,4.0,3.31
592,150,5.0,3.79
610,1221,5.0,4.43
19,3101,1.0,3.29
7,8972,2.5,3.45
239,50872,4.0,4.09
318,2396,3.0,3.89
448,3614,4.0,2.77
351,86882,3.0,3.72
78,743,2.0,2.63
22,4036,4.5,3.22
328,260,5.0,4.31
298,3968,2.0,3.17
474,2943,3.5,4.8
103,3681,5.0,4.12
414,6541,1.5,3.12
224,2795,5.0,3.61
483,105325,1.0,0.0
217,1617,3.0,4.15
414,40629,4.0,4.07
36,3766,2.0,1.68
474,4361,4.0,3.77
177,783,2.5,3.58
222,5225,3.0,4.03
376,2427,4.0,3.1
182,1611,4.0,4.09
425,8361,3.0,3.23
160,2329,3.0,4.34
599,2465,1.5,1.95
234,34,3.0,3.64
555,2926,2.0,3.3
610,87520,2.5,2.68
414,4487,3.0,2.8
606,48780,4.0,4.41
177,1288,3.5,4.15
414,4488,4.0,0.0
105,109487,4.0,4.19
610,93598,2.5,0.0
177,62956,3.0,3.51
18,122920,3.0,3.95
590,1200,4.5,4.1
571,1324,1.0,0.0
561,33162,3.0,3.41
288,317,3.0,3.45
137,1210,3.0,4.24
282,858,5.0,4.35
596,7153,3.5,4.29
232,51662,5.0,3.78
318,3992,4.0,3.63
352,166528,4.5,4.2
64,1967,4.5,4.04
220,1291,5.0,4.18
28,3173,2.0,3.08
448,1020,4.0,3.34
385,1385,2.0,3.11
217,836,3.0,2.97
608,5219,4.5,3.34
380,4438,3.0,0.0
593,4034,3.5,3.99
550,1,4.0,3.91
542,141,4.0,3.52
68,4700,2.5,3.65
249,3552,3.0,3.84
95,4396,4.0,2.99
288,4005,3.0,3.61
405,55253,4.0,0.0
452,1258,4.0,4.21
24,1198,4.5,4.29
199,780,3.0,3.46
452,1909,5.0,3.34
528,44191,3.5,3.91
600,33679,2.0,3.4
537,55946,5.0,0.0
288,2011,4.5,3.72
18,2918,3.5,4.04
265,3793,5.0,3.7
561,34319,2.0,3.83
264,1023,1.5,3.76
509,8641,4.0,3.74
249,109673,3.5,0.0
64,7438,4.0,4.07
580,4901,4.0,3.52
318,65037,3.5,0.0
387,3791,2.5,3.34
606,60069,4.0,4.15
266,1517,4.0,3.53
489,950,4.0,3.49
590,7980,4.0,3.74
474,37729,4.0,3.72
448,90719,2.5,0.0
525,4734,4.0,3.12
18,140289,4.0,0.0
509,1225,3.5,4.28
288,912,4.0,4.52
580,153,2.0,3.02
610,53519,3.5,4.1
182,1732,4.5,4.03
45,69,3.0,3.76
100,8636,4.5,3.79
292,80489,3.5,3.92
520,1131,3.0,4.09
153,2011,1.0,3.52
226,1021,3.0,2.69
294,2628,4.0,3.23
603,3752,1.0,3.35
376,95,3.5,2.88
202,2802,4.0,3.16
438,1396,4.0,3.34
551,1721,3.5,3.49
252,81845,4.5,4.13
135,1196,4.0,4.34
414,8638,4.0,4.32
495,5810,5.0,3.3
177,3364,3.5,3.72
534,27660,4.5,3.71
600,2369,2.5,2.55
250,3408,5.0,3.51
19,258,3.0,2.29
448,102125,3.0,3.99
561,3623,2.5,2.81
219,40819,2.0,3.85
603,3422,4.0,3.45
380,57640,4.0,4.05
45,252,4.0,3.75
282,919,5.0,3.9
414,5422,4.0,0.0
599,1599,1.0,0.0
182,912,5.0,4.48
379,292,4.0,3.44
51,3148,5.0,3.57
326,70159,3.5,0.0
313,296,5.0,4.29
599,764,3.0,0.0
62,54997,4.5,3.95
606,26242,3.5,0.0
19,2005,4.0,3.87
274,3408,3.0,3.84
490,64614,3.5,4.09
217,837,2.0,3.53
474,4878,4.5,4.24
27,2944,4.0,4.09
28,541,4.0,4.19
318,2692,3.5,4.03
269,1367,4.0,3.13
178,39183,3.0,3.53
590,7076,3.5,3.31
254,3949,5.0,3.97
474,3751,3.5,3.78
274,26974,2.5,0.0
109,249,4.0,3.14
447,588,5.0,3.87
480,4085,3.0,3.45
51,2641,1.5,3.15
15,3578,5.0,3.98
68,4876,2.5,2.5
160,1562,1.0,2.09
312,247,4.0,4.03
382,7444,3.5,3.22
474,5792,2.5,3.64
555,1445,3.0,2.12
105,105844,4.0,4.01
105,91658,4.0,3.5
285,111,5.0,4.17
606,47629,4.0,4.06
469,1485,3.0,3.11
462,4027,2.5,3.78
307,32017,2.5,2.71
325,1031,3.0,3.45
599,68650,2.0,0.0
534,45672,4.0,3.11
68,3264,3.0,2.76
555,1977,3.0,2.78
606,1198,3.5,4.37
279,50,3.5,4.34
560,296,4.0,4.31
608,3361,2.5,3.91
288,1021,3.0,2.82
305,51255,4.0,4.18
367,4022,3.0,3.74
213,58559,4.5,4.21
95,1036,5.0,3.87
330,1219,3.5,4.08
601,908,4.5,4.05
307,2321,2.5,3.59
154,115617,5.0,4.05
334,37729,4.0,3.51
217,1020,3.0,3.15
474,1177,5.0,0.0
55,1275,4.0,3.88
356,52435,1.5,3.72
438,32596,4.0,3.01
94,329,4.0,3.39
212,1387,3.0,4.08
573,2094,2.5,3.39
483,1573,2.5,3.54
33,1542,4.0,0.0
182,3147,4.0,4.43
188,3061,4.0,3.5
599,63113,2.5,3.89
178,25,4.5,3.82
288,2947,4.0,4.05
216,1032,4.0,3.26
274,71156,3.5,3.36
39,2700,5.0,4.08
514,91529,3.0,4.16
332,208,2.0,2.98
44,65,3.0,2.72
198,1196,5.0,4.3
580,5828,2.5,0.0
108,4159,2.0,3.25
43,325,5.0,2.42
307,292,2.0,3.48
534,260,4.5,4.38
323,1196,4.5,4.26
436,318,4.0,4.52
368,3869,3.0,3.33
610,44199,4.0,4.19
407,59315,5.0,3.85
414,7176,3.5,0.0
334,55247,3.5,4.04
578,830,4.0,3.5
553,858,5.0,4.3
28,1200,4.0,4.04
352,27821,3.0,3.74
599,2096,2.5,3.58
18,4963,4.0,4.21
534,46335,3.0,2.03
219,8636,3.5,3.91
152,88129,4.0,3.53
307,43679,1.0,3.14
232,7293,4.0,3.58
368,798,2.0,3.27
219,5463,1.5,2.81
448,2717,3.0,3.37
608,743,1.5,2.77
509,47099,2.5,3.92
292,6979,3.5,3.29
132,31696,2.0,3.59
82,5349,1.5,3.6
288,3269,2.0,3.01
555,3070,3.0,3.4
462,4697,4.0,1.76
152,1193,4.5,4.18
25,122916,4.5,3.75
561,4105,3.5,3.69
274,5102,3.0,2.33
139,34048,1.5,3.36
414,4370,4.0,3.37
610,8838,4.0,0.0
139,48304,2.5,3.68
288,2396,4.0,3.93
39,2137,1.0,3.92
321,158,3.0,2.87
489,4014,3.5,3.75
600,34,2.0,3.71
128,908,5.0,4.06
432,48780,4.5,4.4
288,750,3.5,4.49
198,4963,4.0,4.05
597,144,2.0,3.76
307,4255,1.5,1.78
50,32,3.0,3.98
469,3552,5.0,3.84
571,2867,5.0,3.27
586,168,3.5,3.0
418,106489,3.0,3.51
387,6985,4.0,3.74
45,639,2.0,3.28
534,1801,4.5,3.34
19,1665,1.0,3.09
18,68319,4.0,2.85
219,56174,3.0,3.6
606,5812,3.5,4.03
306,68954,4.0,4.08
22,56171,0.5,3.11
600,4744,0.5,2.91
477,4306,4.0,4.09
215,63082,4.5,3.87
42,555,5.0,3.86
156,3030,5.0,4.19
18,8361,3.0,3.34
64,153,2.5,3.08
480,50,3.5,4.4
169,7375,4.0,2.84
12,39,4.0,3.4
562,2641,3.0,3.17
91,6820,5.0,3.9
85,1357,5.0,4.16
51,2379,2.0,2.69
227,7323,4.5,3.98
357,141,3.0,3.51
305,81834,3.0,4.3
384,3543,5.0,3.62
603,4021,5.0,4.21
98,116797,5.0,4.07
202,3068,4.0,5.1
356,3809,5.0,3.15
41,65230,3.5,3.07
514,1393,4.0,3.54
247,82169,3.0,4.41
551,89745,4.0,3.85
27,2059,3.0,3.14
339,8376,4.5,3.03
489,1923,3.5,3.81
28,30707,4.0,3.93
52,79132,5.0,4.17
112,780,5.0,3.47
219,4344,2.5,3.1
438,170,4.0,3.35
318,4306,3.5,4.09
83,3147,3.5,4.25
520,7458,2.0,3.43
16,356,3.5,4.21
517,357,5.0,3.56
177,67267,4.0,0.0
534,169,3.5,2.28
339,6502,4.0,4.18
596,129397,3.5,0.0
525,7346,4.0,3.33
363,176579,1.0,0.0
117,160,3.0,2.94
191,16,4.0,3.97
414,916,5.0,4.48
610,69784,3.5,3.45
63,912,4.0,4.44
316,3863,2.5,3.05
462,1220,3.0,3.91
367,3061,5.0,3.5
232,55290,3.0,4.14
483,62849,4.5,3.65
368,866,3.0,4.01
393,750,5.0,4.32
251,593,5.0,4.17
249,81591,4.0,3.78
232,42728,2.5,4.13
186,4713,4.0,4.33
474,2942,3.0,2.95
96,3060,5.0,3.67
322,272,3.5,3.51
89,59784,3.5,3.4
387,3081,3.5,3.74
33,1678,5.0,3.43
80,82041,4.0,0.0
344,2012,5.0,3.45
202,246,5.0,4.25
21,45186,3.5,3.67
182,5427,1.5,0.0
480,1103,4.0,4.07
488,4993,5.0,4.2
371,112512,5.0,0.0
232,57526,3.0,0.0
495,4015,1.5,3.03
163,1835,2.0,3.56
209,318,5.0,4.52
555,3673,5.0,0.0
68,6939,4.0,0.0
58,440,4.0,3.63
47,4018,2.5,3.21
580,532,2.5,3.22
580,8636,3.0,3.88
425,2529,3.0,3.82
139,58025,1.5,3.05
501,50,3.0,4.25
82,3744,3.5,2.89
603,145,4.0,3.5
599,3257,2.0,3.17
480,3256,3.0,3.85
448,133798,1.5,0.0
254,2431,4.5,3.4
304,2761,4.0,4.38
103,69122,4.0,3.8
450,1035,4.0,4.18
600,562,4.0,4.08
156,2361,3.0,2.53
200,2396,5.0,3.9
160,5349,0.5,3.58
117,880,3.0,2.81
555,3577,3.0,0.0
318,64034,4.0,4.39
534,90522,3.5,2.59
73,93840,2.0,4.14
408,6776,4.0,0.0
63,122892,4.0,3.95
381,2353,4.5,3.41
182,2991,4.0,3.83
249,457,4.5,4.16
542,46530,3.0,2.91
274,1681,2.5,2.4
63,5872,3.0,3.05
274,6950,3.5,0.0
483,88785,3.5,2.84
377,2015,3.5,3.54
606,500,3.0,3.58
159,69757,5.0,3.53
441,593,4.5,4.18
610,73268,3.5,3.55
475,111759,4.0,4.18
274,95,2.5,3.18
606,2028,4.0,4.19
249,750,4.0,4.49
495,139385,5.0,3.91
404,509,4.0,3.62
24,34437,3.5,3.53
337,762,5.0,2.5
219,33679,3.5,3.42
243,485,3.0,3.17
68,80906,4.0,4.63
480,6773,3.0,3.58
105,4369,4.0,3.27
404,457,4.0,4.0
124,3147,4.5,4.22
387,4039,2.0,3.21
488,4886,5.0,3.96
330,4993,3.5,4.26
474,40583,3.5,3.86
599,7986,1.0,0.0
217,2796,2.0,3.18
427,6348,0.5,0.0
51,2123,3.0,2.62
294,6,3.0,3.99
543,356,3.0,4.2
610,47044,3.5,2.79
425,5418,4.0,3.84
606,3808,4.0,0.0
190,6711,5.0,4.14
560,3301,3.0,3.6
555,519,2.0,2.37
17,541,3.5,4.17
599,169904,2.0,0.0
18,47491,4.0,4.3
274,27831,4.0,3.76
603,612,3.0,2.41
447,296,5.0,4.23
474,2657,1.0,3.77
89,899,1.5,4.15
144,356,4.0,4.24
447,303,5.0,3.02
64,3257,3.5,3.07
217,2949,3.0,3.8
608,88,2.5,3.44
217,3406,2.0,3.32
422,1968,2.0,3.85
74,37733,3.0,3.69
219,1752,3.0,2.43
387,745,4.0,4.36
563,33499,2.5,2.64
312,1224,4.0,4.17
365,134368,3.0,3.99
596,38061,4.5,4.27
582,134130,4.0,3.98
352,1801,3.0,3.33
20,2657,5.0,3.51
526,90430,5.0,0.0
332,6947,4.5,3.56
20,3986,2.5,2.29
337,780,5.0,3.47
449,4027,3.5,3.72
534,112175,3.0,4.75
414,3827,2.0,3.63
414,1921,4.0,4.35
590,3638,2.5,3.11
480,6565,4.0,3.94
190,6936,3.5,3.68
143,6942,2.0,3.83
462,7620,4.0,0.0
587,2870,3.0,3.18
45,1028,4.0,3.82
517,79091,2.0,3.76
64,3949,4.0,4.1
483,26903,4.5,3.95
88,3476,4.5,3.72
599,102125,3.0,3.98
557,2628,2.0,3.21
123,115569,4.5,4.15
438,47610,1.5,3.94
380,367,5.0,3.36
1,50,5.0,4.35
356,52975,3.0,3.69
84,180,2.0,3.73
177,45499,4.0,3.56
62,8529,4.5,3.34
280,4880,5.0,3.75
351,501,3.5,3.61
389,786,3.0,3.23
590,2321,3.0,3.55
249,90439,3.5,3.97
464,653,2.5,3.17
610,115210,4.0,4.11
305,68135,3.5,3.74
330,2739,4.0,3.94
290,911,4.0,3.8
51,1967,5.0,3.94
600,1282,2.5,3.72
290,1961,5.0,3.85
210,147376,4.5,0.0
293,420,2.0,2.94
321,589,3.0,4.02
480,6857,3.0,3.7
599,6807,3.5,4.24
580,41569,4.0,3.32
448,32291,2.5,0.0
294,1968,3.0,3.87
464,589,5.0,4.05
217,2371,2.0,3.2
19,3400,3.0,0.0
580,111,4.0,4.26
586,111659,3.0,3.03
263,1393,4.0,3.52
274,1556,2.0,1.76
52,1198,3.5,4.28
182,497,4.5,3.88
599,48394,3.0,4.12
470,592,3.0,3.49
111,327,2.5,2.99
483,3108,4.5,3.94
525,3034,4.0,3.6
59,5060,4.0,4.05
428,2471,1.0,2.74
542,8644,4.0,3.5
405,193,3.5,2.41
68,88125,4.5,4.03
480,2081,3.0,3.59
339,8874,3.0,4.16
58,249,5.0,3.16
387,1241,3.0,4.39
79,1291,5.0,4.1
592,161,4.0,3.78
600,2502,4.5,4.21
217,1729,3.0,3.74
599,4489,3.0,3.44
160,837,2.0,3.53
387,1021,0.5,2.84
140,7158,3.0,3.92
597,1370,4.0,3.64
599,26630,3.0,0.0
274,51037,2.0,0.0
186,2699,3.0,2.97
534,98809,3.0,4.16
357,208,3.5,2.99
132,2078,3.0,3.86
502,2001,2.5,3.2
187,110,3.0,4.1
298,128512,0.5,0.0
599,103772,3.0,3.42
90,735,4.0,3.91
19,3016,3.0,2.95
555,3505,4.0,3.51
221,8529,3.0,3.31
249,32587,5.0,4.19
555,172,2.0,2.71
249,103042,4.0,3.77
249,122920,4.5,4.23
435,4571,3.5,3.58
331,593,5.0,4.26
63,1193,4.0,4.27
65,4226,4.0,4.12
414,2130,3.0,3.43
380,27793,1.0,0.0
215,1500,3.0,3.71
553,55820,4.0,3.91
219,3868,3.5,3.45
414,466,2.0,3.31
305,2959,4.5,4.4
140,2006,3.0,3.16
115,2867,4.0,3.27
474,1262,4.0,4.53
111,4068,4.0,2.46
434,1265,5.0,4.07
226,37731,4.0,3.82
68,5943,3.5,2.98
421,3615,3.0,2.88
298,67799,0.5,0.0
89,101283,3.0,0.0
552,2539,3.0,3.15
610,3147,2.5,4.51
129,31658,4.0,4.29
372,1041,4.0,4.97
221,3362,5.0,3.93
18,79702,4.0,4.01
129,2028,4.5,4.14
18,96610,3.0,3.79
160,1845,3.5,4.19
606,2387,3.0,3.48
562,529,4.5,3.72
111,8950,3.0,4.38
222,8529,3.0,3.28
205,68157,4.0,4.13
414,4873,5.0,4.44
249,1199,3.5,4.37
387,940,2.5,4.14
135,1376,3.0,3.53
337,736,5.0,3.48
483,101076,2.5,3.19
62,103772,4.0,3.5
74,903,4.5,4.11
600,2716,4.5,3.84
109,272,3.0,3.48
453,1610,3.0,3.87
16,745,4.0,4.17
427,5266,3.5,3.14
66,8158,4.0,0.0
140,350,3.0,3.41
151,1409,4.0,2.38
475,8360,4.5,3.61
58,500,3.0,3.49
534,85414,4.5,3.71
600,66097,4.0,3.89
177,898,5.0,4.51
305,105844,3.0,4.01
599,26778,2.0,0.0
414,6934,4.0,3.51
381,1527,2.0,3.8
247,68358,4.0,3.96
182,3753,2.0,3.76
377,1225,4.0,4.28
551,5349,2.0,3.58
387,5515,3.5,0.0
42,2194,4.0,3.97
599,2028,3.5,4.33
96,3418,5.0,3.55
230,34330,3.0,0.0
166,1466,4.0,3.84
18,2,3.0,3.6
385,288,1.0,3.39
561,89745,4.5,3.91
599,140852,1.0,0.0
222,4718,3.5,3.02
474,1977,1.5,2.86
414,1010,2.0,2.86
474,3527,2.0,3.77
15,64614,4.0,4.13
200,60074,3.5,3.06
274,1645,3.5,3.49
382,89745,4.5,3.88
294,3042,2.0,0.0
202,2010,4.0,3.91
181,168,3.0,3.02
599,183301,3.0,0.0
474,199,4.5,3.93
275,373,5.0,3.57
550,5989,4.0,3.97
19,2134,2.0,3.11
469,2395,4.0,3.53
42,4018,4.0,3.2
532,293,3.0,4.04
249,36708,4.0,3.72
483,33679,3.0,3.51
599,47200,2.5,3.92
414,2240,3.0,4.75
406,2005,2.0,3.73
608,4487,4.0,2.88
62,6874,5.0,3.96
25,7153,5.0,4.14
608,6709,3.5,3.62
274,1025,3.5,3.95
249,26686,2.5,0.0
491,1784,4.5,3.72
28,172,3.0,2.76
559,489,3.0,0.0
10,33145,3.0,2.99
599,5528,2.5,3.91
250,1876,3.0,2.97
89,169912,3.5,0.0
610,71135,3.5,3.72
328,105844,3.0,3.88
564,93270,3.5,1.48
370,296,5.0,4.26
563,6958,3.5,2.47
51,505,4.0,2.17
424,2710,4.5,3.04
140,7379,3.0,3.63
474,3330,4.0,0.0
567,122888,0.5,0.0
219,4734,2.5,3.18
156,2136,2.0,2.27
153,140174,4.5,3.54
497,2858,4.0,4.07
64,1240,3.5,4.05
28,60735,2.5,0.0
136,177,3.0,3.11
117,420,3.0,3.01
554,1286,5.0,2.38
100,555,4.0,3.83
380,36401,3.0,3.29
222,48516,4.5,4.34
444,273,4.0,2.81
599,31,2.0,3.33
89,108156,3.5,2.91
492,880,4.0,2.84
288,1388,2.0,2.43
477,2692,4.5,4.08
236,2496,3.0,2.89
226,765,3.5,2.93
436,315,3.0,3.16
28,599,3.0,4.06
566,292,3.0,3.41
610,780,3.5,3.65
298,99114,3.0,4.24
508,2300,1.5,4.07
297,1645,3.0,3.38
216,4025,2.0,3.12
200,1393,4.0,3.59
199,2280,3.0,0.0
16,1230,4.0,4.03
599,26159,3.5,0.0
448,45499,3.5,3.65
294,542,3.0,3.2
335,163,4.0,3.52
298,57669,2.5,4.24
309,3095,3.5,3.95
483,86882,5.0,4.01
608,2505,3.5,3.56
449,1917,1.5,2.85
470,380,5.0,3.56
514,52435,5.0,3.67
234,2193,3.0,3.32
64,2078,4.0,3.91
166,5378,3.0,3.36
465,5060,5.0,4.03
610,110591,4.5,0.0
610,31364,5.0,4.24
409,1911,2.0,2.64
438,10,4.0,3.6
274,2596,3.0,4.44
577,590,5.0,3.86
318,2087,3.5,3.43
514,148626,4.0,3.88
448,3108,3.0,3.95
522,86377,5.0,3.98
555,1690,5.0,2.84
66,6773,4.0,3.61
68,45726,2.5,2.58
177,3624,3.0,3.47
116,1291,4.0,4.13
599,3397,3.0,3.8
160,733,1.0,3.81
182,1584,0.5,3.88
610,4553,4.0,3.89
156,2194,3.0,3.95
555,2858,5.0,4.05
455,261,4.0,3.81
217,1686,3.0,0.0
563,139747,3.5,0.0
608,3034,3.0,3.67
313,1036,4.0,3.9
28,8378,4.0,0.0
198,1653,5.0,4.02
234,2115,3.0,3.65
307,7117,2.0,1.98
165,5620,3.0,2.93
45,3247,3.0,3.24
202,2406,4.0,3.62
220,71264,2.0,3.73
374,590,3.0,3.83
382,2078,4.5,3.85
111,1644,0.5,2.23
292,541,3.5,4.17
28,41863,4.5,3.87
52,36529,5.0,3.88
95,18,3.5,3.65
506,55052,3.0,3.66
237,1792,3.0,3.01
288,8984,3.0,3.29
89,146684,5.0,0.0
94,590,4.0,3.82
534,128542,3.5,0.0
252,107141,4.0,0.0
318,5379,4.0,0.0
582,4226,4.0,4.11
570,318,4.0,4.57
446,337,5.0,3.85
317,5989,5.0,4.06
198,1885,1.0,3.24
469,913,3.0,4.16
547,2020,5.0,4.0
234,3751,1.0,3.61
4,1183,1.0,3.86
295,2986,0.5,3.02
119,86882,3.5,3.79
217,2019,2.0,4.26
352,71057,4.5,3.87
305,44972,4.0,2.39
95,5902,5.0,3.9
418,3147,4.5,4.23
387,52604,2.5,3.83
561,1135,2.5,3.1
609,590,4.0,3.82
292,1207,4.5,4.23
274,59306,1.0,0.0
264,1407,3.5,3.2
177,4719,1.5,0.0
480,587,3.5,3.54
339,116797,4.0,4.33
480,8533,3.5,3.78
305,3994,3.0,3.7
434,2683,3.5,3.17
603,608,5.0,4.28
421,39183,4.5,3.52
42,2724,3.0,2.71
354,1204,4.0,4.31
219,4262,2.5,4.04
420,3175,3.5,3.66
414,1223,5.0,4.35
352,1466,4.0,3.86
28,3535,4.0,3.95
477,5444,4.0,3.97
73,112138,4.0,4.07
197,1240,4.0,3.91
22,6377,3.5,4.01
254,110,4.0,4.1
191,151,4.0,3.48
387,3238,1.5,1.46
249,92420,4.5,3.46
448,4262,4.5,4.14
610,163937,3.5,0.0
429,195,4.0,2.78
522,69481,2.5,4.18
152,72011,4.0,3.58
315,1028,3.0,3.72
599,1646,1.5,2.2
239,6796,4.5,3.82
221,3504,4.5,3.88
378,1213,4.0,4.32
524,442,3.0,3.08
222,2716,4.0,3.8
18,4226,4.5,4.28
55,186,0.5,3.13
169,4958,3.5,3.2
610,113252,4.5,0.0
314,618,3.0,0.0
68,2431,3.5,3.5
42,434,4.0,3.24
312,2746,4.0,3.24
125,88129,4.5,3.6
519,33679,3.5,3.27
246,3108,4.0,3.96
390,66097,4.0,3.77
399,6333,5.0,3.65
52,122900,5.0,3.67
217,157,2.0,3.62
606,1958,4.0,3.88
6,360,3.0,2.51
469,1676,1.0,3.53
29,904,4.5,4.32
453,316,3.0,3.43
552,902,3.5,3.91
608,2798,1.0,1.39
480,4776,4.0,3.92
298,68073,0.5,0.0
425,6593,3.0,3.09
223,367,1.5,3.21
414,2877,4.0,0.0
274,293,4.5,4.25
552,1208,4.0,4.22
534,113532,3.5,0.0
480,2167,3.0,3.51
294,1552,2.0,3.2
219,541,3.5,4.17
381,5218,4.0,3.82
7,1,4.5,3.94
49,79132,4.5,4.05
53,481,5.0,3.05
330,3275,2.5,4.26
424,3499,3.5,3.88
18,110102,3.5,3.99
217,2143,2.0,3.04
448,52722,3.0,3.4
365,119141,5.0,3.7
305,65130,3.0,4.01
265,953,5.0,4.11
483,2338,1.0,2.43
203,59315,3.0,3.83
555,516,4.0,3.33
268,1197,5.0,4.28
493,1197,4.0,4.27
286,337,3.0,3.86
39,1036,4.0,3.86
177,3717,3.0,3.6
451,474,3.0,3.87
42,253,5.0,3.54
217,3557,4.0,2.4
369,185,3.5,3.15
526,81845,4.0,4.16
105,118896,4.0,0.0
332,8983,2.5,3.48
408,59369,4.5,3.7
419,288,1.5,3.41
540,6365,3.5,3.24
105,120625,4.5,0.0
313,2043,2.0,0.0
387,4066,2.5,0.0
448,116419,1.5,0.0
380,160,3.0,3.02
140,2890,4.0,3.72
187,7361,4.0,4.35
255,1234,1.0,4.13
597,2779,4.0,3.09
386,593,4.0,4.17
368,527,5.0,4.26
15,33493,5.0,3.48
182,5313,0.5,2.39
84,287,3.0,0.0
68,6383,3.0,2.85
438,5675,1.0,0.0
1,736,3.0,3.52
599,454,3.0,3.7
105,163645,4.5,4.24
132,30749,4.0,4.07
470,231,3.0,3.06
603,541,3.0,4.18
221,6987,5.0,4.04
95,1214,4.0,3.94
234,181,2.0,2.47
517,17,0.5,3.87
294,10,3.0,3.53
19,1356,3.0,3.93
606,367,3.0,3.33
326,116897,4.0,4.29
246,40629,2.0,3.5
532,318,4.0,4.52
84,1231,4.0,4.04
304,541,4.0,4.16
220,1387,5.0,4.12
547,2858,5.0,4.04
156,1248,5.0,4.35
113,804,3.0,3.21
452,1343,5.0,3.68
380,83613,4.0,3.22
304,151,4.0,3.44
599,2004,3.5,3.43
68,2491,4.5,2.57
607,1385,4.0,3.14
380,3213,5.0,4.32
304,653,4.0,3.21
362,68157,4.0,4.19
195,2599,2.0,3.72
600,2572,3.0,3.67
247,3034,3.0,3.55
474,1302,3.5,4.07
68,5620,3.5,3.06
474,5955,3.5,4.37
227,46976,5.0,3.45
606,25946,3.5,0.0
425,590,4.0,3.9
182,5501,1.5,0.92
222,6874,4.0,3.91
474,237,3.5,3.75
226,4816,3.0,3.51
608,1784,3.5,3.89
448,67695,2.0,2.43
372,71,2.0,1.68
346,5618,4.0,4.16
142,364,4.0,3.95
520,541,5.0,4.16
594,8132,4.5,4.55
135,2763,4.0,3.81
55,2490,3.5,3.26
273,497,5.0,3.73
603,2986,2.0,3.01
249,7004,3.5,3.07
254,48883,3.5,0.0
305,92507,4.0,0.0
420,44555,4.5,4.2
343,34338,4.0,3.69
332,1653,2.0,4.06
91,92,2.0,3.37
577,1196,3.0,4.31
528,6874,3.5,3.91
597,2369,3.0,2.53
482,30810,2.0,3.64
542,8874,5.0,4.02
382,122900,3.5,3.68
249,68554,3.5,3.73
486,356,5.0,4.19
610,44555,3.0,4.19
294,3735,4.0,3.86
135,1584,3.0,3.71
221,593,4.0,4.26
132,4844,4.0,2.6
368,3764,2.0,2.38
373,186,1.0,3.18
560,3977,3.5,2.82
57,810,1.0,2.26
305,74458,3.5,4.59
195,1041,4.0,4.92
226,1265,4.0,4.11
414,2408,2.0,2.32
469,2640,3.0,3.81
36,1500,2.0,3.69
574,296,3.0,4.24
426,4993,1.5,4.18
599,7361,3.0,4.49
318,109374,4.0,4.04
448,31000,2.5,0.0
173,10,3.0,3.44
357,5903,4.0,3.76
140,480,4.0,3.81
415,318,5.0,4.54
599,26,2.5,3.68
129,4090,4.5,3.39
223,51662,3.0,3.6
592,19,4.0,2.85
219,5481,3.0,2.98
543,70286,5.0,3.88
18,106072,3.5,3.37
226,5991,3.5,3.67
608,172,4.0,2.79
64,509,4.0,3.76
387,7387,3.5,4.07
504,2289,4.5,4.06
118,608,4.0,4.13
298,61250,0.5,2.96
4,351,3.0,3.24
367,318,5.0,4.55
275,372,5.0,2.52
305,65261,5.0,4.01
540,2747,4.0,2.51
264,48,3.0,3.14
414,2090,4.0,3.21
169,2628,4.0,3.26
352,56757,3.5,3.86
73,50601,4.0,3.19
274,5127,2.5,0.0
217,1479,2.0,3.63
232,64622,4.0,3.07
42,4359,4.0,3.24
608,3275,4.5,4.26
525,5903,4.0,3.84
474,6609,3.5,0.0
198,2023,4.0,3.4
217,3168,3.0,3.9
495,88125,5.0,3.72
339,6711,4.0,4.23
351,344,3.5,2.99
182,934,2.5,4.01
122,555,4.5,3.95
432,5464,3.5,3.58
247,2396,2.0,3.82
307,65882,3.5,0.0
356,441,4.5,3.96
219,8983,3.5,3.56
305,34162,4.0,3.72
448,107702,1.5,0.0
50,8368,3.0,3.91
432,153,3.5,3.01
608,799,4.0,3.51
232,33164,2.5,0.0
185,4228,2.0,1.74
489,5313,3.0,2.3
111,71205,0.5,0.0
83,27397,4.0,0.0
414,5256,2.5,0.0
608,170,4.5,3.39
345,4195,3.0,0.0
438,6188,3.5,3.68
111,3174,4.0,3.36
408,318,4.5,4.51
42,3120,4.0,0.0
536,371,5.0,2.9
84,719,3.0,3.02
428,1020,2.0,3.11
265,788,3.0,2.8
597,246,5.0,4.33
95,3053,3.0,4.49
89,118572,4.0,0.0
368,3102,3.0,3.86
140,34534,4.5,0.0
489,2717,3.5,3.28
219,2542,4.0,4.28
186,4310,3.0,2.52
535,2881,1.0,3.0
599,29,3.5,4.2
377,30812,4.0,3.52
298,5784,0.5,2.42
610,5445,4.0,4.02
448,2405,3.0,2.99
452,1356,5.0,3.91
387,441,3.5,3.97
42,490,3.0,3.17
602,141,4.0,3.49
605,2926,3.0,3.23
83,923,3.5,4.02
535,2580,3.0,4.01
136,160,3.0,2.94
336,318,5.0,4.53
495,140715,5.0,4.18
221,2186,4.0,4.06
290,2761,4.0,4.38
469,2470,3.0,3.38
601,88810,4.5,3.92
113,1276,4.0,4.29
89,105540,4.5,0.0
249,91690,2.5,0.0
198,3160,3.0,3.69
91,4571,3.0,3.75
182,5219,2.0,3.36
39,1387,5.0,4.09
98,1193,4.5,4.19
182,31410,3.5,4.34
381,1207,3.0,4.24
356,62434,5.0,3.46
213,1203,4.0,4.09
37,356,4.0,4.17
63,3435,4.0,4.26
438,31685,4.5,3.3
414,4975,5.0,3.93
226,54272,4.0,3.68
414,5625,4.0,3.41
408,152077,4.0,3.9
18,53129,3.0,4.35
266,441,3.0,3.91
453,2916,5.0,3.72
314,813,3.0,3.52
274,36509,3.5,0.0
177,63062,4.0,3.81
136,420,3.0,2.99
244,589,4.0,4.02
133,296,3.0,4.23
274,3156,3.0,2.87
608,5378,4.5,3.52
212,109487,4.0,4.07
68,2724,3.5,2.96
188,2565,5.0,4.07
580,33493,5.0,3.54
339,2028,5.0,4.21
42,3793,2.0,3.71
416,1296,3.5,4.16
590,48516,4.0,4.48
104,47,0.5,3.99
247,1035,2.0,4.2
220,380,4.5,3.6
294,2011,3.0,3.59
458,95,5.0,2.86
68,562,2.5,4.41
249,95309,4.5,0.0
599,1042,2.0,3.68
305,80590,4.0,0.0
448,5523,2.0,0.0
391,4273,5.0,0.0
91,21,4.0,3.47
514,26729,4.0,3.84
589,376,5.0,3.23
138,1411,1.5,4.45
556,78105,4.0,3.27
504,6879,4.0,3.39
599,2064,4.0,3.93
395,48,2.0,3.17
414,46347,3.5,0.0
230,1580,3.5,3.58
288,2471,3.0,2.76
467,780,2.0,3.44
53,3100,5.0,4.01
462,50,3.5,4.32
334,1136,4.0,4.25
462,1135,3.0,3.12
298,132046,0.5,2.68
478,3114,3.0,3.88
384,2856,3.0,0.0
354,1748,4.5,3.68
495,66097,3.0,3.94
533,68954,5.0,4.06
182,3825,3.0,2.87
244,1090,5.0,4.03
21,3635,4.5,3.21
318,54272,4.0,3.79
123,47,4.5,3.98
135,1923,5.0,3.77
608,3751,2.0,3.65
596,1291,3.5,4.21
274,2028,4.0,4.3
105,73881,4.5,0.0
19,2375,2.0,3.05
465,3551,5.0,3.57
608,6618,4.5,4.17
480,5478,0.5,3.36
308,68358,4.0,3.92
594,1917,4.5,2.91
606,54001,3.5,3.84
571,2716,3.0,3.76
144,48,4.5,3.19
19,2687,2.0,3.56
380,4005,4.0,3.72
480,8529,3.5,3.37
103,84944,4.0,3.46
448,39444,3.0,4.5
526,106100,4.5,4.03
371,4090,4.0,3.34
405,296,4.5,4.29
239,1259,4.5,4.01
109,480,3.0,3.72
328,1033,4.0,3.64
560,71057,2.5,3.89
448,32019,2.0,2.52
469,923,5.0,4.11
186,1676,4.0,3.52
608,316,3.0,3.54
90,581,4.0,3.49
241,5791,4.0,3.91
590,4247,1.5,2.43
597,2248,5.0,3.92
551,118696,1.0,3.88
204,58803,5.0,3.75
234,1405,1.0,2.75
15,122886,5.0,3.83
448,68554,2.0,3.55
68,1022,3.5,3.75
48,48,4.0,3.12
573,68659,4.5,2.88
562,4128,4.5,3.59
64,317,3.5,3.33
438,6280,2.5,0.0
491,69844,5.0,3.88
608,2060,2.0,3.33
477,53996,4.0,3.34
89,4388,2.5,2.73
591,3510,3.0,3.38
474,1147,3.0,3.95
452,1097,5.0,3.9
467,2334,3.0,2.75
425,480,3.5,3.79
100,6183,4.5,0.0
608,293,4.0,4.17
28,8914,2.0,4.03
573,3039,4.5,3.89
204,1080,4.0,4.08
565,19,3.0,2.83
311,4936,2.0,3.83
597,1968,5.0,3.92
448,8957,2.5,3.58
606,5304,4.0,0.0
