userId,movieId,rating,predicted_rating_k10
432,77866,4.5,2.65
288,474,3.0,3.5
599,4351,3.0,3.6
42,2987,4.0,4.15
75,1610,4.0,3.4
51,177,4.0,3.45
354,51662,3.5,3.5
416,750,4.5,3.8
438,6503,0.5,3.35
73,8641,3.5,4.2
567,1203,4.5,3.62
391,1179,4.0,4.0
380,111362,5.0,3.25
305,55276,5.0,3.3
409,3868,4.0,3.45
307,6957,3.5,2.45
274,26736,4.5,3.65
125,6952,3.0,3.3
561,1278,3.5,3.9
68,6953,2.5,3.75
525,50872,3.5,4.1
414,3847,2.0,3.6
6,587,5.0,3.8
601,48394,4.0,3.7
325,32,4.0,3.4
82,5065,3.0,4.05
16,204,2.0,2.9
542,4816,1.5,3.7
32,39,3.0,3.55
140,2682,4.0,2.85
182,5643,3.0,3.4
89,42761,4.5,3.65
359,541,1.5,3.55
183,1408,4.0,3.45
111,119155,3.5,4.35
80,2513,4.0,3.45
448,117590,2.0,3.35
514,1258,4.0,3.55
68,1101,3.5,3.82
325,80,4.0,3.85
509,1588,3.5,3.5
131,31,3.0,3.25
45,2355,5.0,3.2
156,3167,3.0,3.65
440,1199,4.5,4.59
312,5065,3.0,3.5
57,2102,4.0,2.95
603,2020,4.0,3.95
337,778,4.0,3.95
116,356,4.0,3.5
122,63113,4.5,3.75
201,185,3.0,3.1
167,318,5.0,3.5
139,60072,1.5,3.45
68,628,3.5,3.2
16,293,4.0,3.6
448,99992,3.0,3.3
450,1073,4.0,4.2
178,380,4.0,3.65
599,59369,2.5,3.6
581,4226,4.5,4.05
215,1347,0.5,2.7
610,4228,3.0,3.68
81,288,3.0,3.75
414,2120,2.0,3.35
340,185,3.0,3.75
323,111443,2.5,2.6
232,586,3.0,3.1
186,3740,3.0,3.8
28,1245,3.5,3.73
195,4067,4.0,3.9
414,86190,4.0,3.05
596,141131,2.5,2.85
561,1394,4.0,3.5
602,448,3.0,3.2
202,2983,4.0,3.05
195,553,4.0,3.4
200,44761,5.0,3.2
387,5296,1.5,3.6
514,104841,3.0,2.95
510,2710,1.0,2.8
290,2385,3.0,2.25
221,446,4.5,3.1
598,7361,5.0,3.64
596,4014,3.5,2.5
414,157699,4.0,2.95
34,31685,2.0,3.6
62,2115,4.5,3.59
448,105211,3.5,2.8
137,1242,4.0,3.7
438,2642,3.0,2.9
606,47538,2.5,3.4
352,51662,4.0,3.4
572,3093,5.0,3.75
129,4878,2.5,3.85
279,164179,4.0,4.0
428,6365,3.0,3.35
152,858,5.0,3.4
328,1198,5.0,3.77
427,435,3.0,3.4
367,3751,5.0,3.15
599,97306,3.0,3.35
525,98243,3.0,3.1
111,78174,1.5,3.5
42,2735,4.0,3.05
606,2677,4.0,3.85
560,6863,3.0,3.7
19,422,3.0,2.75
51,3363,4.5,3.6
474,381,2.5,3.58
68,2096,3.0,3.2
189,7153,4.0,3.4
599,93723,1.5,3.85
556,41566,3.5,3.7
596,3623,2.5,2.85
387,778,4.5,2.82
3,2090,0.5,3.55
1,3740,4.0,3.3
73,99106,1.5,3.86
217,357,3.0,3.05
438,43928,0.5,2.65
282,55765,4.0,4.05
310,1247,4.5,4.0
448,122924,2.0,3.2
91,2990,2.0,3.45
103,4848,5.0,3.9
380,3156,4.0,4.1
566,552,4.0,2.82
298,77561,3.5,3.6
599,31921,2.5,3.15
381,4226,4.5,3.8
292,2376,4.0,2.1
43,596,5.0,4.4
50,127146,3.0,4.05
46,185,4.0,3.35
564,119141,4.5,3.95
89,117590,4.0,3.5
217,1963,1.0,3.0
140,3107,3.0,3.75
125,4738,4.0,3.05
274,74532,2.5,3.7
382,1702,3.5,3.2
560,122890,3.5,3.45
48,1527,4.0,3.8
338,183897,1.5,3.6
567,162606,1.0,3.5
475,122882,4.5,3.4
290,2772,3.0,3.45
7,8665,3.5,3.25
282,1704,4.5,3.5
6,26,4.0,2.95
599,66171,2.5,3.35
610,46970,4.0,3.15
469,733,3.0,3.45
256,39183,2.0,3.15
312,3863,3.0,3.1
132,7034,3.0,4.3
480,8861,2.0,3.8
414,82202,3.0,3.05
274,5804,2.5,2.6
217,3363,3.0,4.05
387,356,4.0,3.9
227,81845,3.5,4.25
226,2011,4.0,3.85
368,1957,4.0,3.7
587,380,4.0,3.85
488,7139,2.5,3.85
135,231,2.0,3.2
535,2539,3.0,3.25
529,653,4.0,3.45
62,6058,3.5,4.15
448,80590,2.0,3.7
14,592,2.0,4.05
368,1210,4.0,4.18
534,3483,4.5,3.9
221,4128,3.5,3.3
29,56174,4.0,2.75
474,4034,4.5,3.14
448,7319,3.0,3.1
21,7569,4.5,3.8
43,231,3.0,3.6
112,25,2.5,3.15
414,3127,2.0,3.73
352,38038,3.0,4.25
502,3147,5.0,3.15
339,4848,5.0,3.65
19,2723,5.0,2.6
45,784,4.0,3.55
368,3272,3.0,3.5
27,1148,5.0,3.75
608,5452,1.0,3.05
125,70286,4.0,3.45
187,2700,4.5,2.8
606,8454,3.5,2.9
551,112183,0.5,3.4
111,3988,3.5,3.3
285,474,3.5,3.8
370,4014,3.0,3.35
414,4103,5.0,3.05
474,1223,4.5,4.2
481,1653,3.0,3.68
606,1093,4.0,3.1
379,349,4.0,3.36
212,96079,4.0,3.9
160,4979,4.5,4.05
121,597,3.0,3.85
274,3285,2.0,3.6
437,527,5.0,3.85
577,494,3.0,4.25
414,97304,4.0,3.85
608,110,4.0,3.65
562,4135,5.0,3.75
477,2450,0.5,3.1
213,1240,4.0,4.09
590,8807,2.5,3.2
259,4886,4.0,4.25
222,59014,2.0,3.45
606,6874,4.5,3.45
140,1252,3.5,4.0
606,3426,4.0,4.05
298,48780,2.0,3.55
599,47,4.0,4.25
305,107314,2.5,3.25
28,44204,3.0,3.55
105,750,4.0,3.8
309,1263,3.0,4.15
567,104944,3.5,3.4
217,2733,2.0,2.75
246,7361,5.0,4.18
307,60487,4.0,3.15
27,5060,2.0,3.7
248,1291,4.0,4.35
19,842,2.0,2.85
332,7090,4.5,3.75
156,922,4.0,4.0
140,26865,1.0,3.5
303,1080,1.0,3.9
600,2174,4.5,3.35
489,923,3.5,3.85
560,134853,3.5,3.6
306,159858,4.0,3.65
4,3160,4.0,2.95
58,292,4.0,4.0
292,3682,4.5,1.9
91,1220,5.0,3.86
288,1591,3.0,2.9
76,541,3.5,3.35
380,171763,4.0,3.95
68,3105,3.0,3.8
105,107159,4.0,2.9
418,4571,4.0,3.1
64,1673,4.5,3.4
457,2858,3.0,4.0
287,8622,4.5,3.75
39,2580,5.0,4.15
560,1210,4.0,3.95
18,86190,3.5,3.15
140,4047,4.0,3.2
256,90405,3.5,3.5
103,912,5.0,3.95
307,48394,3.0,4.35
146,502,2.5,3.15
24,50,4.0,3.4
599,1220,3.5,3.7
50,103228,2.0,3.65
232,4720,4.0,3.5
477,1392,4.5,3.59
457,2490,4.0,3.6
135,4881,3.0,3.45
608,5072,4.5,3.1
16,50,4.0,3.95
410,3823,4.0,2.9
428,377,2.5,3.25
182,1769,3.5,3.5
169,1022,4.0,3.8
480,3355,4.0,3.75
68,2,2.5,3.35
307,39234,2.5,3.55
522,58295,4.5,3.55
64,4011,4.5,3.95
305,4016,3.5,3.3
219,5064,3.5,3.6
141,3489,4.0,3.7
230,2605,3.5,3.25
448,7373,3.0,3.6
462,102445,2.0,3.5
199,53550,3.5,2.9
125,95167,3.5,3.35
125,156371,4.0,3.1
445,527,3.0,3.4
317,7438,3.0,3.85
355,1198,5.0,4.1
169,4886,5.0,3.75
453,608,4.0,4.3
472,2431,4.0,3.0
606,4226,4.0,3.7
131,2393,3.0,3.45
354,7147,4.5,3.8
298,65982,3.0,4.05
382,61132,5.0,3.1
594,494,5.0,3.32
369,3033,4.0,3.25
75,435,1.0,3.15
381,2571,5.0,3.9
357,1101,4.0,3.85
357,918,5.0,4.25
480,2628,2.0,2.6
51,2762,5.0,4.05
474,586,2.0,3.67
298,149354,0.5,2.55
310,733,4.0,2.95
274,72378,2.0,3.4
156,2947,2.0,3.35
414,191,2.0,3.15
474,2261,2.0,2.82
280,73266,3.0,2.9
494,260,5.0,3.7
239,2302,3.0,3.3
610,7324,3.0,3.1
57,1,5.0,4.0
452,3273,4.0,2.2
217,2094,3.0,3.25
66,481,2.0,3.4
19,1848,2.0,2.65
580,1584,3.5,3.95
288,541,4.0,3.25
586,122918,5.0,4.45
517,2380,0.5,2.82
220,63113,3.5,4.15
560,56563,2.5,3.2
479,5568,2.0,2.7
28,2023,3.5,3.9
41,118900,4.0,4.05
305,142448,3.0,3.85
288,5378,3.5,2.9
116,1380,4.5,3.7
313,1449,5.0,2.7
522,2393,4.0,3.85
182,1197,3.5,4.25
420,8464,4.5,3.15
597,1196,5.0,3.91
313,2553,4.0,3.55
405,390,4.0,3.5
560,1196,4.0,4.1
438,186,3.0,3.25
495,4734,3.5,3.0
380,6281,3.5,3.3
129,32587,4.5,3.8
42,1663,4.0,3.85
309,2028,4.5,3.35
169,2028,5.0,3.75
6,881,3.0,3.25
509,1732,3.5,3.85
73,111320,1.5,3.45
441,1517,5.0,3.65
100,2108,3.5,3.9
593,44191,4.0,3.25
610,60471,3.5,3.1
68,2335,3.0,3.55
479,3361,4.0,3.6
564,106918,3.5,3.65
580,3556,5.0,3.15
274,4874,1.0,4.15
30,122904,5.0,3.75
156,1077,4.0,3.91
489,2124,2.5,3.6
186,916,5.0,4.4
64,2804,5.0,3.35
351,59369,4.5,3.25
469,3699,4.0,3.23
182,4056,3.0,4.1
6,719,2.0,3.91
346,527,3.5,4.2
528,3101,2.5,3.6
551,112175,3.5,3.35
226,2,3.0,3.4
226,2100,3.0,3.1
579,1580,4.0,4.05
83,318,5.0,4.5
368,1196,3.0,4.0
351,54787,3.5,3.2
227,32,4.5,3.77
182,1546,3.5,3.35
298,27808,2.5,3.1
38,161,4.0,3.45
452,924,3.0,3.85
351,6214,4.0,3.8
111,4228,2.5,3.85
599,104841,3.0,3.15
232,8360,3.0,3.35
105,1199,4.0,4.1
469,1747,3.0,3.5
509,48780,3.5,3.65
213,51662,3.5,4.0
217,2722,3.0,3.41
503,6711,3.5,4.05
115,1645,4.0,2.8
608,3752,4.0,3.35
288,2009,3.0,3.15
226,2329,4.5,3.85
68,2334,3.5,3.65
195,1573,3.0,3.85
275,1084,5.0,4.15
380,52950,2.0,3.65
371,4993,4.5,3.95
290,1674,4.0,3.36
246,7669,5.0,3.35
91,260,4.5,4.2
480,3168,3.5,3.65
12,838,5.0,3.2
606,2324,5.0,3.73
330,1288,4.5,3.7
63,1080,5.0,3.85
246,82202,4.0,3.1
34,2762,3.0,3.7
582,74458,4.0,3.75
104,94150,4.0,3.9
414,72605,4.0,3.9
448,2019,5.0,3.23
325,3175,4.0,3.7
131,3178,3.0,3.85
288,2762,3.0,3.9
344,110,4.5,4.0
195,4389,3.0,2.85
356,3477,5.0,3.5
357,4447,4.0,3.6
514,3385,3.0,3.85
271,1994,3.5,2.95
607,480,4.0,3.45
448,97858,2.0,3.85
79,3029,3.0,3.65
599,4848,4.5,3.0
130,592,3.0,3.27
517,2018,4.0,3.5
45,1769,3.0,3.75
387,7328,3.5,3.6
600,3093,3.5,3.25
414,5452,1.0,3.0
64,3052,4.0,3.75
81,377,3.0,3.55
288,2121,2.0,2.5
159,4306,4.0,4.15
189,593,4.0,3.75
247,69122,4.0,3.65
474,1293,4.0,3.95
211,36529,3.5,3.1
290,1385,3.0,2.45
301,364,3.5,3.5
599,85881,3.5,3.75
610,27904,3.5,3.25
456,3,3.0,3.9
52,293,4.0,3.9
232,72489,4.0,2.8
288,31427,2.5,3.15
68,56587,3.0,3.55
346,1348,4.0,4.05
238,858,3.0,4.0
594,2196,5.0,3.8
610,120635,1.0,2.75
497,410,2.0,2.6
432,7306,3.0,3.4
285,1333,4.0,2.8
123,91500,3.5,3.75
6,640,1.0,2.86
217,432,3.0,2.85
528,356,5.0,4.14
101,2716,4.0,3.8
219,54001,2.5,3.55
452,1610,4.0,3.9
43,79,5.0,3.65
240,653,5.0,3.15
534,33493,4.0,3.4
610,4975,3.5,3.75
298,109895,0.5,3.1
552,541,5.0,3.9
414,63113,4.0,3.8
165,441,3.0,2.65
610,106002,3.5,3.0
265,79,2.0,3.1
372,1221,5.0,3.5
19,377,4.0,2.6
525,4718,1.0,3.3
84,551,3.0,3.3
480,589,4.5,4.0
298,48322,3.0,3.55
70,8949,5.0,3.9
225,3253,4.0,3.4
387,33164,2.0,3.95
484,104,4.0,3.6
298,6283,4.5,2.8
195,4019,4.0,3.7
182,3910,5.0,3.6
414,73017,4.0,3.8
279,780,4.0,3.95
590,588,4.0,4.04
573,5093,2.0,2.75
68,4270,3.5,3.55
313,1344,4.0,3.7
464,8984,4.5,3.3
122,69784,4.5,3.65
65,109487,4.5,3.95
137,3471,3.0,3.65
249,95167,4.0,3.75
150,5,3.0,3.15
380,3421,5.0,3.65
495,89492,5.0,3.9
576,327,2.5,3.75
414,5009,4.0,3.85
477,3751,4.0,3.4
125,288,5.0,3.4
68,122904,4.0,4.05
21,102993,2.0,4.2
361,2167,2.0,3.75
50,164280,3.5,4.2
167,1385,2.0,3.05
520,1801,4.0,3.9
119,54286,4.5,3.35
372,1215,5.0,4.04
480,37741,4.5,3.7
103,37729,4.0,3.6
334,54881,3.5,3.5
310,2518,4.0,2.6
117,26,4.0,3.15
98,53464,2.5,3.1
448,3681,5.0,3.9
491,4018,4.0,3.2
50,318,3.5,3.9
517,2565,4.5,4.1
45,569,2.0,3.95
140,1580,3.0,3.5
96,733,4.0,3.7
274,1961,3.5,4.0
20,5171,2.0,3.95
357,2160,5.0,4.0
185,4016,4.0,3.45
372,249,4.0,3.35
347,47,3.0,4.25
292,3755,2.0,2.6
120,5,4.0,3.5
599,474,2.5,2.7
600,1393,3.5,3.36
195,4033,4.0,4.0
576,2826,4.5,3.15
294,2,3.0,2.7
103,1945,4.0,4.35
437,800,5.0,2.75
197,1209,5.0,4.0
199,3129,4.0,3.27
246,41569,3.0,3.9
525,45517,3.0,3.0
352,139385,5.0,4.15
365,103772,3.0,3.15
390,5618,4.5,4.0
17,2329,4.5,3.1
28,145,1.5,3.15
234,2568,3.0,4.45
65,116797,4.5,4.1
177,508,3.5,3.45
153,63082,1.5,3.7
105,146028,4.0,2.9
58,454,3.0,3.4
346,306,4.5,3.64
112,339,1.5,3.32
132,356,4.0,3.6
140,3168,4.0,3.75
187,431,4.5,3.5
330,1965,3.5,3.5
567,1260,4.0,4.18
111,8961,1.0,3.32
474,1197,4.5,4.1
368,2307,3.0,3.05
460,34405,5.0,4.0
307,34326,2.0,3.05
572,17,5.0,3.95
606,37731,3.5,3.6
298,102123,1.5,3.3
178,6539,2.5,2.9
475,60074,4.5,3.6
606,5628,2.5,3.75
469,1082,4.0,3.65
411,368,4.0,3.7
603,288,4.0,3.29
414,4068,2.0,2.7
217,3552,2.0,3.9
489,7318,3.0,3.2
469,2324,3.0,4.2
260,3911,3.0,3.4
19,3712,3.0,2.55
489,1246,4.0,3.6
177,8965,3.0,4.1
42,858,5.0,3.85
131,48516,3.5,3.85
469,552,2.0,3.55
477,2762,4.0,3.5
562,83134,4.0,3.55
140,609,3.0,3.85
288,2136,3.0,2.95
214,25,2.0,3.35
420,923,3.5,4.4
600,2162,3.5,3.1
74,1094,4.5,3.5
599,3070,3.0,3.45
540,8874,4.5,4.0
495,344,4.5,3.25
464,48516,4.0,4.55
220,377,3.5,3.3
42,2110,4.0,3.65
212,55247,3.5,3.4
307,3705,2.5,4.1
414,1080,5.0,4.1
292,130576,2.0,3.35
599,720,4.5,2.65
555,2642,3.0,3.4
287,3033,4.0,3.2
480,736,2.5,3.68
212,4027,3.5,3.55
305,8014,4.0,4.05
50,94677,2.0,3.55
483,33493,3.0,3.8
452,2533,5.0,3.41
11,1918,4.0,2.91
305,4232,3.0,3.05
201,1259,4.0,3.9
525,34150,1.0,3.45
448,45186,2.5,3.3
317,593,5.0,3.4
586,54001,4.5,3.59
265,1945,4.0,3.8
426,50872,3.0,3.75
156,1213,4.0,3.75
125,159415,4.0,3.55
49,79091,4.0,3.65
396,1276,5.0,4.25
497,858,4.0,4.1
570,49272,4.0,3.7
233,68157,3.5,4.5
272,3147,4.5,3.1
580,589,4.0,3.45
116,480,4.0,3.65
555,3591,3.0,2.9
370,5989,3.5,3.7
380,2334,2.0,3.85
608,5502,4.0,3.2
13,4011,5.0,3.65
599,3007,3.5,3.45
429,381,4.0,3.45
509,72701,3.5,3.3
414,1059,4.0,3.36
568,480,3.0,3.95
546,2455,3.0,3.1
533,103688,5.0,2.75
274,30883,1.5,2.7
103,7367,3.5,3.65
381,1704,4.5,3.3
564,44193,3.0,3.6
64,198,3.0,2.95
97,1193,4.0,4.55
325,30,4.0,3.64
414,53972,3.5,2.85
600,778,3.5,3.27
599,1663,2.5,3.35
132,1345,3.0,3.5
587,590,5.0,4.0
160,3877,2.0,3.35
51,6786,3.0,3.95
217,2152,2.0,3.3
274,4344,3.5,3.65
249,106100,5.0,3.6
265,2968,3.0,4.25
391,4334,5.0,3.0
368,3768,1.0,2.9
51,3,4.0,3.55
219,34405,4.0,3.8
572,1272,5.0,3.95
577,593,4.0,3.9
307,4002,2.5,3.75
7,480,5.0,4.2
367,3623,4.0,3.05
15,527,5.0,3.85
58,223,3.0,3.59
570,778,4.0,3.9
275,6122,5.0,3.45
109,593,4.0,3.4
309,1198,4.0,3.38
198,1639,2.0,3.27
249,103980,4.5,3.45
91,344,3.0,3.59
132,5225,3.0,3.6
334,2959,3.5,4.09
225,2248,4.0,3.5
414,5346,1.0,3.05
226,8917,2.0,3.4
249,20,3.5,4.2
290,2565,4.0,3.45
111,2571,0.5,4.3
410,3088,4.0,3.85
331,6541,2.0,3.2
232,53322,3.5,3.25
6,43,4.0,3.2
169,3755,4.0,3.95
432,81417,4.0,3.2
599,8910,2.5,3.35
469,1356,3.0,4.3
414,6574,1.0,3.1
474,3264,3.5,2.86
610,115727,5.0,3.6
359,2396,3.0,3.65
187,145,1.0,3.5
514,260,5.0,3.91
548,1621,4.5,3.7
517,80969,4.0,3.9
19,3622,3.0,2.55
209,140956,3.5,3.5
298,60293,3.0,3.55
386,165,2.0,3.36
359,1544,3.0,3.15
28,481,3.0,3.14
596,115617,4.0,3.15
1,2353,5.0,3.25
27,367,4.0,3.7
219,2078,3.5,3.1
125,108727,4.0,4.0
220,69526,3.0,4.0
123,2329,4.5,4.05
522,79008,4.5,3.3
599,4200,2.0,2.7
318,56145,3.0,3.4
268,2324,2.0,3.8
385,282,3.0,2.85
478,33794,4.5,3.6
300,7361,5.0,2.95
140,1213,3.0,4.1
298,106489,3.5,3.35
282,2375,5.0,2.12
414,87304,4.0,3.75
217,410,3.0,2.85
603,345,3.0,3.18
125,168252,3.5,4.1
299,1198,4.0,4.05
221,1321,4.0,3.3
21,79592,3.5,3.45
294,2477,2.0,2.7
279,4886,3.0,3.95
514,592,2.5,3.77
599,2803,2.0,2.5
122,7022,4.0,4.3
600,1348,2.5,3.5
80,6874,4.5,3.45
288,2456,1.0,2.6
218,1250,4.0,3.95
414,5992,3.5,3.75
564,71535,3.5,3.3
246,65261,5.0,3.75
460,3114,4.0,3.7
99,293,5.0,4.2
603,3623,3.0,3.14
3,1263,0.5,3.91
275,2134,3.0,3.05
201,2336,4.0,4.1
368,3810,3.0,3.7
99,318,5.0,3.55
91,750,5.0,3.55
288,1290,2.0,3.68
608,2490,5.0,3.2
356,2797,4.0,3.9
18,48516,4.5,3.55
288,4443,3.0,2.75
105,541,4.0,3.4
18,2692,3.0,3.15
28,2716,1.5,2.77
288,2035,3.0,3.45
180,2959,4.5,3.95
448,3114,5.0,3.45
177,5419,2.5,3.5
562,7340,4.0,3.4
523,127052,4.0,3.55
414,103048,4.0,3.6
58,32,5.0,3.8
567,26717,0.5,2.45
483,95875,3.0,3.15
219,61246,2.0,2.85
490,35836,3.0,3.7
417,5952,5.0,3.8
414,40826,2.5,3.9
110,3268,3.0,3.9
381,3826,2.0,2.55
11,2028,5.0,3.4
326,5446,4.5,3.65
428,4886,2.0,3.5
546,158,2.0,3.2
216,2144,3.0,3.15
167,3671,3.5,3.95
472,3298,4.0,3.75
480,1690,2.0,3.15
418,116797,4.5,3.9
438,6888,1.5,3.68
57,1784,4.0,3.55
105,170705,5.0,3.65
95,6979,4.0,3.35
62,46723,3.0,3.82
140,848,4.0,3.55
580,45499,4.5,3.2
113,1043,2.0,3.36
559,6,5.0,3.95
199,377,2.0,3.4
248,122904,4.5,4.0
606,969,4.0,3.95
414,1094,3.0,3.1
482,2174,4.0,3.65
509,2657,3.5,3.25
7,4963,4.0,3.9
305,122926,4.0,3.45
586,6156,4.0,2.18
199,3671,4.5,3.4
305,1199,4.0,4.2
325,293,3.0,4.32
305,25,3.0,2.75
474,8266,2.5,3.85
91,3000,4.0,3.4
527,5040,4.0,3.55
428,6880,1.0,3.35
580,2012,3.0,3.6
57,1036,4.0,3.35
567,94959,3.5,3.95
305,103339,4.0,3.35
414,3916,4.0,3.55
105,1281,5.0,4.15
198,36,5.0,4.15
233,159817,4.0,3.6
219,60684,4.5,4.1
387,8290,1.0,3.9
19,1257,3.0,3.8
68,5266,2.0,3.65
332,85510,3.5,3.55
448,79259,2.5,2.75
534,45431,3.5,2.8
480,4018,1.5,3.6
371,56715,5.0,3.75
186,2688,4.0,3.45
387,55820,4.5,3.9
103,4306,3.5,4.3
387,969,3.0,3.65
451,141,4.0,3.36
368,3430,3.0,3.65
365,4896,2.5,3.65
182,1222,5.0,4.2
112,68954,4.0,4.05
64,2369,3.0,3.75
553,555,3.5,3.45
597,2040,4.0,2.45
219,1079,2.5,3.68
448,99106,2.5,3.91
560,45722,3.5,4.0
427,1527,3.0,4.05
491,4246,3.5,3.4
542,4369,0.5,3.4
599,2359,2.5,2.79
19,1196,4.0,4.35
182,6620,4.0,3.9
240,761,3.0,3.5
177,70159,2.5,3.5
362,1945,4.5,3.75
567,364,2.5,3.27
91,555,3.5,4.1
573,4388,4.0,3.1
202,3725,3.0,3.7
225,1219,3.0,4.35
599,97950,2.5,3.35
220,2450,0.5,3.2
100,235,1.0,3.6
68,8910,1.0,3.4
113,2671,2.0,3.65
599,82167,2.5,3.55
318,117364,4.0,3.85
522,49272,5.0,2.8
8,377,4.0,3.4
438,223,3.5,3.4
68,3160,2.0,3.4
603,156,2.0,3.32
211,89864,3.5,3.45
177,7263,3.0,3.95
212,109374,4.0,3.68
317,112556,3.0,4.35
405,1247,4.0,3.9
109,47,3.0,3.85
368,832,3.0,3.1
6,22,5.0,3.18
140,362,4.0,3.9
68,337,3.5,3.55
73,33836,3.0,4.05
393,54259,5.0,3.8
140,4234,3.0,3.85
571,2548,2.0,3.25
339,84152,4.0,4.0
117,778,3.0,3.55
103,134881,5.0,3.6
119,4344,4.0,3.45
573,112852,4.5,4.2
219,3785,2.0,3.85
28,55820,4.5,4.05
156,2752,3.0,3.8
233,59315,3.0,4.0
584,208,4.0,3.6
253,44633,4.5,3.6
182,1729,4.0,3.85
73,64957,3.5,3.95
471,78499,4.5,3.7
264,595,4.0,3.9
474,933,3.5,3.4
387,6874,4.0,3.45
411,427,1.0,3.0
288,2846,3.0,3.4
603,3160,4.0,3.5
599,26662,2.0,3.1
474,25769,4.5,3.8
370,1210,2.0,4.3
354,1035,4.0,3.75
560,1288,4.0,4.15
558,5420,5.0,3.95
584,165,5.0,3.8
7,3354,1.5,3.7
474,2670,3.0,3.2
560,62849,3.5,3.35
529,32,5.0,3.6
560,92694,4.0,3.05
418,88129,4.5,3.75
518,1276,4.5,4.36
447,445,4.0,3.2
352,93510,2.0,3.65
221,296,5.0,3.5
419,2028,5.0,3.9
141,6373,3.0,3.8
448,2142,3.0,2.65
423,480,5.0,3.25
191,1,4.0,3.85
141,2700,3.0,3.3
140,39292,3.5,3.65
433,79132,3.0,3.8
603,1279,4.0,4.14
469,2762,5.0,4.05
307,39183,3.5,3.27
1,1278,5.0,4.0
414,464,2.0,3.77
117,1027,3.0,3.7
608,2124,3.0,3.55
298,6503,1.0,2.15
208,2617,3.0,3.4
387,3334,4.0,3.1
436,420,3.0,3.0
305,64620,3.5,3.65
301,1672,4.0,3.45
599,6793,1.0,3.55
199,3063,2.0,3.75
198,2340,1.0,3.95
523,594,4.0,3.85
54,17,3.0,3.6
330,778,4.0,3.15
599,256,2.0,3.38
600,1240,3.0,4.32
18,3751,3.5,3.45
23,296,3.5,3.85
125,147142,3.0,4.65
274,2986,3.5,3.8
387,7438,4.0,3.5
298,96737,3.0,3.8
8,252,3.0,4.0
305,1234,5.0,3.4
174,349,4.0,3.6
571,1387,5.0,3.55
222,370,3.0,3.05
509,64957,2.5,3.5
219,4643,2.5,3.45
573,1225,4.5,3.9
480,4158,3.0,3.3
587,2738,4.0,3.45
597,2474,4.0,2.86
73,88140,4.5,3.75
263,2724,3.0,3.2
481,1672,2.0,3.35
62,139385,4.0,3.3
491,49286,4.5,3.0
606,4392,3.0,2.55
254,2840,3.5,3.14
428,8861,3.0,3.35
474,3258,2.5,3.36
288,3095,4.0,3.65
249,2353,4.5,3.65
462,111,5.0,4.5
606,6100,4.0,3.45
353,145,3.0,3.59
28,58803,3.0,3.9
140,648,4.0,3.6
395,316,3.0,3.4
480,5955,3.0,4.3
368,1995,2.0,2.8
474,2206,4.5,3.75
68,1476,3.0,3.5
595,1912,5.0,3.45
448,2124,3.0,3.27
18,80489,4.0,3.75
604,595,3.0,3.86
414,5524,3.0,3.25
141,1732,4.0,3.55
356,2353,3.0,4.05
331,7361,4.0,3.8
111,1907,3.5,4.3
64,1552,2.0,2.8
242,292,3.0,4.0
36,4025,2.0,3.85
424,318,3.5,4.32
66,4027,4.0,2.91
551,260,3.5,3.9
555,3448,5.0,3.3
489,736,2.5,4.45
414,1210,5.0,4.6
159,56367,5.0,3.75
599,104,2.5,3.3
84,105,3.0,3.65
176,780,4.0,3.27
17,58559,4.5,3.75
555,2091,3.0,3.6
379,527,3.0,3.55
160,198,5.0,2.27
387,5902,3.5,3.75
553,6378,4.5,3.75
558,555,3.0,2.75
217,2278,2.0,3.3
181,590,3.0,3.77
480,7147,4.5,3.77
414,1247,5.0,4.54
334,377,3.0,3.3
307,455,0.5,3.3
105,111360,3.5,3.45
249,7022,4.0,3.7
476,73,4.0,2.9
6,19,2.0,3.27
220,3751,3.5,3.35
414,2081,4.0,3.4
517,88125,3.5,3.6
395,110,4.0,4.1
42,2805,4.0,3.55
334,34405,4.0,3.45
469,3210,3.0,3.18
155,1302,3.0,3.65
480,1625,2.0,3.65
217,2384,4.0,3.05
572,2987,2.0,3.15
483,59784,4.0,3.25
368,858,5.0,3.65
481,1615,3.0,3.7
187,27846,4.0,3.95
298,84772,0.5,3.65
346,7179,2.5,3.9
425,33166,3.5,3.6
249,2117,3.5,3.35
610,54648,1.5,3.25
249,104211,3.5,3.4
534,112818,3.5,4.05
39,592,4.0,3.82
217,1882,2.0,2.6
325,3918,4.0,2.85
109,383,3.0,2.82
325,2155,4.0,3.65
57,1270,4.0,4.25
395,500,3.0,3.9
89,7297,3.5,3.1
38,435,2.0,3.55
70,72011,4.5,3.7
94,17,1.0,3.65
460,68954,4.5,3.85
6,218,2.0,3.4
567,112290,0.5,3.2
367,3793,5.0,3.8
276,135,4.0,2.4
448,3263,4.0,2.9
477,3720,4.0,3.2
379,597,3.0,3.7
25,60069,5.0,3.65
241,68157,4.5,4.5
111,8807,4.5,3.5
105,2360,4.0,3.75
562,1625,4.5,3.73
453,4014,5.0,4.2
193,307,3.5,3.55
20,783,3.5,3.36
483,1923,4.5,3.45
469,3006,3.0,4.05
122,1345,4.5,3.7
279,105504,3.0,4.35
448,148592,3.0,3.65
232,71057,3.5,3.35
64,4448,3.5,3.4
560,78772,0.5,2.7
410,1207,4.0,4.45
448,1244,4.0,4.23
89,8814,2.5,3.6
274,53125,3.5,3.3
249,37380,3.0,2.75
219,2617,3.0,3.05
380,5459,4.0,3.75
483,3257,2.5,3.95
581,6377,4.5,3.75
104,3675,3.5,4.35
437,168,2.0,3.1
79,3197,4.0,3.55
488,1957,3.0,3.8
182,1208,5.0,4.04
28,6157,1.5,3.1
68,72998,5.0,3.55
292,3564,2.0,3.2
380,1676,5.0,3.05
256,118696,3.5,3.6
232,43836,1.5,2.25
50,899,4.0,4.1
64,2746,4.0,3.7
368,2455,3.0,3.15
477,1089,4.0,3.5
307,2806,0.5,2.9
287,8937,4.0,3.4
298,7153,4.0,2.73
480,1962,5.0,3.9
350,608,3.0,3.95
63,53000,2.0,3.95
381,1036,2.0,3.5
420,4886,3.0,3.45
199,6378,3.5,4.15
343,2858,4.0,4.4
419,2710,4.0,3.45
414,7981,3.5,3.5
610,27032,4.0,2.85
474,3099,2.5,3.75
289,266,3.5,3.4
593,45722,1.0,3.25
580,3176,4.0,3.7
597,1086,5.0,3.8
271,1120,4.0,3.75
356,65126,3.0,3.85
177,104841,3.0,4.25
274,2723,3.5,3.1
84,1266,4.0,3.45
414,56908,4.0,3.55
352,2966,4.0,4.35
474,1379,2.0,3.05
608,2762,4.5,4.1
307,2907,2.0,3.05
275,3134,2.0,3.3
105,76093,5.0,3.7
509,35836,1.5,3.45
195,1358,4.0,3.55
249,30793,3.5,3.45
212,174909,4.5,3.3
567,152077,3.0,2.85
286,1061,5.0,3.27
1,596,5.0,3.9
448,134368,3.0,3.9
599,4254,0.5,2.65
38,508,3.0,3.7
387,50800,2.0,2.65
288,5388,4.0,2.7
382,135436,3.5,3.0
474,7158,4.5,3.75
156,2917,4.0,3.5
414,60069,4.5,3.7
37,231,5.0,3.6
523,5971,5.0,3.45
84,1395,3.0,3.0
596,135536,3.0,3.2
592,93,3.0,2.4
181,435,2.0,3.55
19,1391,3.0,2.55
108,4973,5.0,4.05
339,8464,4.5,3.15
232,8958,4.0,3.9
6,1006,4.0,3.45
555,1094,4.0,4.3
484,6874,4.5,4.0
462,2146,0.5,3.1
414,54736,3.5,3.05
414,68954,4.0,3.85
89,6863,1.5,3.85
198,2692,4.0,3.8
18,4262,4.0,3.15
555,1249,5.0,4.35
380,94405,3.0,2.7
455,151,3.0,3.7
186,3977,4.0,3.36
274,46965,3.0,2.6
198,2706,4.0,3.0
347,110,3.0,4.3
602,431,3.0,2.7
555,1297,3.0,3.5
234,648,4.0,3.25
474,216,1.0,3.35
583,60756,3.0,3.55
391,904,5.0,4.35
474,1030,2.0,3.15
182,901,3.5,4.59
380,3499,5.0,3.9
212,3967,3.5,3.25
610,1274,5.0,3.96
489,3633,1.5,2.55
45,4306,5.0,2.95
160,2531,1.0,2.25
391,5152,1.0,3.5
103,34,4.0,3.65
202,1276,4.0,4.2
474,38886,4.0,3.35
450,3568,4.0,3.25
113,932,5.0,3.9
387,29,3.5,3.6
111,59725,2.5,3.75
81,318,3.0,3.95
47,1088,4.0,3.55
599,26629,2.0,3.3
480,7360,1.0,4.05
368,3063,2.0,3.77
61,3949,4.5,3.5
6,292,4.0,3.1
139,5481,1.0,2.65
288,1873,3.0,3.8
414,166024,4.5,4.2
469,2716,4.0,3.25
489,2803,3.0,3.35
597,919,4.0,3.68
197,2793,3.0,4.0
581,318,5.0,4.1
309,7153,4.5,3.7
263,1639,4.0,3.25
552,3593,1.0,2.8
453,1921,4.0,3.75
387,2183,4.0,3.8
591,3238,1.0,2.7
423,1304,4.0,4.41
479,533,2.0,4.0
274,7894,3.5,3.3
564,108156,4.0,2.5
489,141,3.5,3.65
483,66097,4.5,3.55
608,4226,4.5,3.7
354,33679,3.5,3.3
307,2052,3.0,2.35
18,88129,3.0,3.85
372,628,4.0,3.5
480,3717,3.0,2.95
182,2691,4.5,3.35
414,1957,3.0,4.0
177,5957,4.0,3.6
251,1089,5.0,3.55
414,4994,4.0,4.09
480,3977,1.5,2.7
534,1676,4.0,3.77
420,3159,4.0,4.0
1,2115,5.0,3.45
590,594,5.0,4.0
448,260,5.0,4.0
489,33794,3.5,3.8
356,3186,4.0,3.5
482,3273,3.5,3.5
132,1732,2.5,3.68
555,2391,3.0,3.0
608,6595,4.0,2.65
316,8622,3.0,3.35
249,1320,3.0,3.1
135,466,3.0,4.0
263,6708,3.0,3.65
111,5528,3.0,3.25
604,188,3.0,3.5
47,590,3.5,4.0
368,1479,3.0,2.9
600,5952,5.0,3.1
68,2054,1.0,3.6
182,4720,4.5,3.1
414,51935,3.5,3.55
587,1614,4.0,3.9
482,6810,1.0,4.05
474,45722,3.5,3.35
42,785,3.0,3.6
567,78499,2.0,4.0
608,1653,5.0,3.25
356,38886,4.0,3.35
474,3816,4.0,3.95
328,8665,3.5,3.75
266,2384,1.0,3.1
514,1327,2.0,3.55
307,413,2.5,3.0
599,3830,2.5,2.35
187,4993,4.5,4.15
380,85796,3.0,3.55
480,485,2.0,3.6
221,912,5.0,4.25
600,2683,2.5,3.77
585,3246,4.0,3.6
49,109487,4.5,3.5
599,27032,3.0,2.95
603,3819,4.0,2.95
525,70862,3.0,3.85
28,1136,3.5,3.5
414,53125,2.0,3.85
571,2553,2.0,3.32
305,122916,4.5,3.4
419,6502,3.5,3.3
412,2396,5.0,3.6
554,2995,1.0,3.7
390,308,5.0,3.8
580,2686,3.5,3.3
182,1090,5.0,3.6
599,7143,4.0,3.55
274,2501,2.5,3.7
370,5378,1.0,3.7
381,8622,4.0,3.55
318,64614,4.0,3.65
182,3925,5.0,3.68
50,78499,2.0,3.75
590,3034,3.5,4.05
502,1777,0.5,3.85
473,2300,2.5,3.65
318,77455,4.5,3.65
288,380,3.0,3.09
489,4054,1.0,3.45
135,260,4.0,3.1
428,4022,2.0,3.1
414,60684,3.5,3.85
221,2987,3.5,3.5
452,1197,5.0,4.64
596,2424,2.5,3.25
21,45447,3.5,3.55
592,595,5.0,4.04
608,2140,3.0,2.91
160,1034,1.0,3.35
288,42418,4.0,3.55
298,27156,4.0,3.85
222,1917,2.5,2.9
68,223,1.0,3.6
99,420,2.0,3.15
386,333,3.0,3.2
372,428,3.0,2.85
567,157296,1.5,2.45
256,4344,4.0,3.6
298,741,3.5,2.32
276,780,5.0,4.05
89,915,2.0,3.0
380,585,2.0,3.62
599,203,2.5,3.5
474,8521,3.5,3.8
143,7173,1.0,3.6
231,1198,4.0,4.15
202,1249,4.0,4.3
489,8961,3.5,2.85
96,1610,4.0,3.9
517,7361,1.5,3.6
318,103384,3.5,3.25
18,1276,4.0,4.15
160,2340,1.0,3.1
474,34271,3.5,3.25
200,1028,3.0,3.6
448,3039,4.0,3.5
50,100498,1.0,3.65
292,59369,3.5,3.65
522,1214,5.0,4.05
274,8836,4.0,2.3
111,1197,3.5,4.55
89,107951,5.0,3.8
509,2700,3.5,3.4
111,6287,3.5,3.4
226,8984,2.5,3.25
274,2700,4.0,3.64
314,31,3.0,3.6
555,2405,3.0,3.0
512,300,4.0,3.75
599,2474,3.0,3.05
89,164707,4.0,3.2
199,1136,5.0,4.18
383,2436,5.0,3.5
281,428,3.5,3.09
275,5218,2.0,3.4
53,1298,5.0,4.45
339,4369,3.0,3.65
599,1465,2.0,2.6
577,1019,4.0,3.3
599,4103,3.0,3.0
599,1197,3.5,4.1
18,67255,4.5,3.65
301,4995,4.5,2.95
182,2720,0.5,2.95
151,1432,4.0,3.3
448,106839,3.5,4.15
551,8368,4.0,3.55
357,79008,4.0,3.85
181,349,4.0,3.65
352,41569,3.5,3.1
414,40815,3.5,4.0
500,543,4.0,3.2
448,79242,3.0,2.8
294,348,2.0,2.95
368,2527,3.0,2.5
290,3634,4.0,3.32
275,2330,5.0,3.85
525,40629,4.5,3.3
610,6503,1.5,3.45
177,2316,4.5,4.0
222,6763,2.0,3.2
160,5219,2.0,3.7
41,30812,4.0,2.95
382,69844,4.5,3.65
209,5952,5.0,4.1
442,3363,1.5,3.45
198,1198,4.0,4.35
211,33166,5.0,3.6
219,6618,3.5,3.1
352,3354,3.5,3.65
27,3751,3.0,3.05
298,62434,1.5,3.5
310,1223,5.0,3.75
451,25,5.0,3.55
514,440,4.0,2.95
555,2411,3.0,3.3
226,5445,3.0,3.35
149,172,3.0,2.88
184,175485,1.5,3.4
68,3471,1.5,3.55
331,318,5.0,3.64
567,139385,3.0,3.8
517,1961,3.5,3.15
179,1061,4.0,4.05
39,3328,5.0,3.0
328,4223,2.5,3.95
488,838,5.0,3.4
387,33896,3.5,3.55
313,2530,5.0,3.35
522,2997,4.5,3.25
357,1393,4.5,3.3
608,2052,1.0,2.5
489,2253,3.0,3.45
610,7369,2.5,3.95
288,1674,4.0,3.55
221,162,4.5,2.95
329,318,2.0,3.65
585,55765,5.0,3.75
380,5952,5.0,3.8
213,912,3.5,4.2
400,1197,4.5,4.65
72,2136,2.5,3.6
69,3793,4.0,3.7
182,5388,3.0,3.5
12,4018,4.5,3.45
448,6377,3.5,3.55
365,86911,3.5,3.6
19,1489,2.0,2.75
600,225,2.0,2.85
610,4721,1.0,3.45
292,3745,3.0,3.09
490,6539,3.0,3.0
489,248,3.5,3.25
330,48738,5.0,3.9
332,46578,4.0,4.0
154,98243,5.0,3.75
200,165,4.0,3.4
288,3244,3.0,3.2
489,1801,3.0,3.4
36,3798,3.0,3.5
6,225,4.0,3.5
608,5945,3.0,3.35
1,2529,5.0,3.05
357,5669,2.5,3.3
325,1238,4.0,3.7
559,420,3.0,3.14
249,92008,3.0,3.8
222,68157,4.5,4.35
265,1356,4.0,3.95
606,7438,4.5,3.85
557,344,4.0,3.45
105,2028,5.0,4.05
298,4020,1.0,2.95
274,7004,3.5,3.65
469,903,5.0,4.32
140,1704,4.0,3.32
474,4929,2.0,3.36
448,3450,4.0,3.65
279,5418,3.5,2.85
448,53125,2.0,3.6
560,5613,4.0,3.6
274,78266,3.5,3.25
429,222,4.0,3.65
590,55820,4.0,3.65
380,3037,4.5,3.55
401,78499,3.5,3.85
474,1042,4.5,3.55
552,5464,3.0,2.9
542,8958,5.0,3.5
579,2018,3.0,3.75
489,784,0.5,3.8
249,7007,4.0,3.8
310,6947,4.0,2.9
509,26662,3.5,3.8
365,60756,3.5,3.25
517,82459,1.0,3.85
358,2144,3.0,3.65
414,2320,2.5,4.1
105,2076,4.0,3.75
572,2433,3.0,3.5
387,6662,4.0,3.45
270,637,2.0,3.5
608,1059,3.0,3.27
543,1580,5.0,3.65
600,2325,3.5,3.45
339,69406,4.0,3.5
448,3386,3.0,3.05
19,13,3.0,2.75
275,3910,5.0,3.65
210,56174,2.5,3.1
161,2080,3.5,3.4
561,106002,2.5,3.1
380,2353,3.0,3.6
110,5459,2.5,3.5
93,329,5.0,2.8
318,1120,3.5,3.65
111,104644,0.5,3.55
286,377,4.0,3.27
373,367,1.0,3.25
359,2942,3.5,3.5
514,1302,5.0,3.0
553,2959,5.0,3.68
491,7451,4.0,2.91
140,1196,3.0,3.7
105,2571,4.0,4.36
477,6794,0.5,3.64
482,8961,5.0,3.1
104,55052,4.0,3.4
453,2712,3.0,3.85
484,4759,4.0,3.2
238,2067,5.0,3.2
317,88129,4.0,3.45
111,1805,3.0,3.25
380,1388,4.0,2.95
561,79132,3.5,4.15
577,2076,3.0,3.25
244,1270,5.0,3.75
18,1212,4.5,3.95
62,50804,5.0,3.7
509,87529,3.0,2.35
279,110501,3.0,3.5
534,69278,3.5,3.2
307,1089,4.0,3.45
600,1217,4.0,3.75
15,112556,4.5,3.7
248,135133,3.5,3.9
387,2259,2.5,3.15
12,3967,4.5,3.55
183,1582,3.0,3.23
10,92259,5.0,3.55
414,1479,3.0,3.45
365,56174,3.5,2.95
546,2792,3.0,3.3
20,5618,5.0,3.65
233,5952,4.0,3.85
263,30812,4.0,3.55
288,1748,4.0,2.95
414,49272,4.0,3.45
305,54259,4.0,3.9
232,8937,3.5,3.65
288,595,4.0,3.95
287,6552,2.5,3.15
475,111362,4.5,3.15
249,72011,4.0,3.55
506,80549,4.0,3.9
62,27831,4.5,3.8
603,4589,1.0,2.15
414,7364,4.0,3.95
73,6936,5.0,3.9
298,134170,4.0,3.55
199,111,3.0,3.85
382,81847,4.5,4.05
339,760,4.5,3.95
511,139385,5.0,3.8
266,1374,3.0,3.4
68,1625,2.0,3.6
56,480,5.0,3.75
223,4226,4.0,3.35
249,2717,3.5,3.35
343,3000,3.0,3.32
401,5218,3.5,3.5
474,40946,2.5,3.6
606,53127,3.5,3.05
409,1952,5.0,4.15
91,3785,4.5,4.1
106,85414,3.0,3.9
608,1291,4.0,3.65
156,1965,4.0,3.1
489,590,4.0,3.82
448,952,4.5,4.05
587,1371,4.0,3.75
129,2571,4.5,4.2
105,7458,3.5,3.85
306,53322,3.0,3.05
288,919,3.5,3.9
226,5464,4.0,2.85
127,68954,0.5,4.15
329,1206,0.5,4.12
239,318,5.0,3.7
45,5630,5.0,3.5
18,7438,3.5,3.5
143,106696,4.0,2.85
179,3,4.0,3.5
474,25937,3.5,3.6
492,788,5.0,3.65
597,2145,4.0,3.45
499,38304,4.5,4.4
232,4990,3.0,3.65
523,102407,5.0,3.25
593,41,4.0,3.8
246,4956,5.0,4.15
448,91126,3.5,3.65
14,288,4.0,3.4
274,3916,3.5,3.4
18,55276,4.0,3.35
610,112,4.0,3.65
561,2403,4.5,3.35
91,3578,3.5,4.0
365,86644,1.0,4.0
111,3821,1.5,3.2
605,2622,3.0,3.0
100,4041,5.0,3.45
381,5971,4.0,3.65
586,3448,4.0,3.35
50,105250,3.5,3.35
274,332,2.5,4.2
610,83613,3.0,2.8
226,362,3.5,3.1
599,96004,4.5,3.45
101,2541,3.0,3.65
406,46972,4.0,3.55
414,61406,4.0,3.3
242,236,3.0,3.55
33,1923,5.0,3.75
160,1127,2.0,3.55
249,6593,3.5,3.2
448,118702,2.5,2.85
59,913,5.0,4.7
480,110,5.0,3.5
589,780,5.0,3.7
352,34319,3.0,2.75
572,21,5.0,4.0
474,616,3.5,3.77
28,30812,3.0,3.25
112,253,4.5,3.75
182,1262,4.5,3.75
289,1208,4.0,4.23
380,47124,3.0,3.6
474,249,4.0,3.4
534,76293,4.0,3.7
204,68157,5.0,4.2
274,3253,3.5,3.85
562,1921,3.5,3.4
322,47629,4.0,3.3
89,141646,3.5,3.9
603,2972,5.0,3.95
462,4973,1.5,3.9
17,5782,4.0,3.9
419,1412,3.5,3.6
387,2529,4.0,3.2
171,47,5.0,4.05
219,1702,1.5,4.0
599,2311,2.5,3.5
562,1214,4.5,3.65
160,1981,1.0,1.5
140,866,4.0,3.55
249,5349,4.0,3.59
599,3702,3.5,3.5
560,2012,2.5,3.75
414,2598,2.0,3.27
387,27317,3.5,4.0
68,4041,2.5,3.25
313,163,3.0,2.55
288,539,3.0,3.25
606,308,4.0,3.15
274,27773,3.5,3.45
1,1927,5.0,3.0
292,377,3.5,2.85
474,30707,4.0,4.1
594,4517,0.5,2.55
297,2952,4.0,4.1
606,1963,4.5,3.91
298,8368,3.0,3.05
365,3421,3.0,3.85
275,2324,5.0,3.8
560,27904,3.0,3.4
20,1566,4.5,2.75
221,456,4.5,3.05
599,1994,2.5,2.9
50,969,3.5,4.35
219,6157,1.5,3.55
554,2324,5.0,3.91
42,3617,4.0,2.8
404,208,4.0,2.95
68,5312,2.5,3.8
448,3253,4.5,3.6
606,1079,4.0,3.45
330,344,0.5,3.45
241,115569,4.5,4.0
600,596,2.5,3.25
610,55830,3.5,3.65
107,266,4.0,3.8
593,364,3.5,3.82
325,3328,4.0,3.1
332,1200,4.0,3.65
368,3555,3.0,3.55
89,124404,5.0,2.85
402,762,3.0,3.4
140,4027,2.0,3.3
227,116797,4.5,3.85
119,68319,4.0,3.45
573,293,5.0,4.2
599,59387,3.0,3.6
599,54881,3.0,3.3
260,2413,4.5,3.3
477,4370,3.5,3.5
425,4967,4.0,3.65
219,1429,3.0,3.18
382,46865,1.0,3.7
239,44665,5.0,3.7
239,33794,4.5,3.8
352,107406,4.5,3.2
608,1862,2.5,2.65
524,153,3.0,3.9
469,2550,5.0,3.5
64,2916,3.0,3.9
249,104374,4.5,3.25
132,6874,4.5,3.35
74,3006,4.0,3.65
381,8972,3.5,3.4
59,2160,5.0,3.3
424,2502,4.5,4.0
563,56941,3.0,3.4
68,2423,4.0,3.7
317,1247,5.0,3.4
534,59784,4.0,3.1
438,6534,3.0,2.68
279,1676,3.0,3.95
200,1029,3.5,3.45
599,47725,3.0,3.3
362,56145,4.5,3.65
474,748,3.5,4.25
472,318,5.0,3.85
580,4370,3.0,3.2
445,541,4.0,3.85
111,45672,3.0,3.6
594,3616,4.5,2.85
271,5508,4.0,3.35
77,5378,5.0,3.65
427,5378,3.5,3.55
555,2007,5.0,3.5
373,480,4.0,4.0
474,4874,2.5,3.75
570,3481,3.5,3.41
385,594,3.0,3.2
264,2571,4.5,4.6
216,1288,5.0,3.68
325,4956,5.0,3.35
480,3996,4.0,4.0
580,34,2.5,3.45
574,47,5.0,4.05
563,2052,4.0,3.15
66,1201,5.0,3.85
104,733,3.0,3.41
298,97306,3.0,3.65
282,1213,4.5,4.29
483,5541,3.5,2.8
479,2701,1.0,3.23
274,31878,3.0,4.1
590,6987,3.5,2.65
267,4011,5.0,3.15
22,31658,2.5,3.45
387,1529,2.5,3.1
593,5378,1.5,3.1
432,48516,2.5,4.2
219,44761,4.5,3.35
154,73321,2.5,3.3
288,7254,3.5,2.55
165,5485,3.0,3.35
199,1797,3.0,3.8
232,67267,4.0,3.3
7,2701,1.5,3.45
380,2498,3.0,3.8
275,3361,3.0,3.75
90,1144,4.0,3.95
190,318,4.0,3.6
312,3702,4.0,4.25
155,2384,2.0,2.7
580,7001,2.5,3.1
447,474,5.0,3.35
200,7361,4.5,4.2
600,6003,3.0,3.65
352,117529,3.0,3.75
226,8360,4.0,3.3
607,3034,2.0,3.8
232,1911,3.0,3.5
587,2002,4.0,4.0
480,47644,3.5,4.1
328,1270,4.0,3.9
292,3916,4.0,2.55
19,2700,4.0,3.1
226,1884,3.5,2.7
405,4239,4.0,3.27
171,317,4.0,3.95
567,122920,2.5,2.75
469,2456,3.0,2.85
479,1320,3.0,2.9
483,1059,4.0,3.75
459,177765,5.0,3.35
430,3754,3.0,3.1
73,4447,3.5,3.85
287,532,2.5,4.1
288,3345,3.0,3.5
14,383,4.0,3.14
119,1732,4.0,4.0
10,82167,3.5,3.2
292,63859,4.0,3.0
307,4477,4.0,2.6
63,50,5.0,3.95
182,150,2.5,3.35
162,318,5.0,3.95
244,648,4.0,3.25
350,65,3.0,3.65
45,185,3.0,3.8
100,1277,4.0,3.9
89,149350,5.0,2.95
387,5255,1.5,2.85
166,1,5.0,4.0
448,132462,1.0,2.45
454,3949,4.0,3.7
448,3689,3.0,3.85
414,4448,4.0,3.0
387,6645,3.5,3.45
328,128360,3.0,3.2
599,3053,3.0,3.0
63,96079,3.5,3.8
339,4056,4.5,3.05
486,150,5.0,3.2
412,1073,1.0,3.9
308,44555,1.5,4.4
354,750,3.0,3.55
42,3450,5.0,3.4
606,4085,2.5,2.7
597,1231,5.0,4.25
460,51255,4.5,4.2
31,1099,2.0,3.75
414,46530,4.0,3.6
606,903,4.0,4.45
108,4992,4.0,4.1
232,49530,4.0,4.05
279,3753,3.0,3.05
277,95,3.0,3.5
232,1917,4.5,3.45
280,6377,4.5,3.45
317,293,5.0,3.9
210,296,0.5,3.8
495,35836,5.0,3.45
212,5971,4.0,3.8
91,7360,5.0,3.59
114,81834,3.0,3.65
502,520,5.0,3.5
525,750,3.5,2.85
322,1721,1.0,3.45
414,923,5.0,4.7
562,6975,3.5,3.1
380,7573,3.0,3.45
589,350,3.0,4.0
117,47,4.0,3.5
587,1270,5.0,4.05
489,59725,2.5,2.95
448,107,4.0,4.42
283,1210,4.0,4.15
477,2208,4.0,3.75
264,1028,5.0,3.4
452,2160,5.0,3.4
607,316,3.0,3.65
225,3264,3.0,2.8
602,597,2.0,3.35
288,1357,3.5,3.3
438,802,3.5,3.15
369,48082,3.5,3.65
104,6367,4.0,3.45
89,73015,1.5,3.75
542,5502,1.0,2.6
201,592,3.0,4.23
153,106920,4.0,3.5
586,117851,5.0,2.7
17,1358,3.0,3.25
88,5995,4.5,3.7
370,6874,4.0,3.8
187,6711,4.5,4.05
610,149011,3.5,3.25
309,1276,4.0,4.05
415,2291,4.0,3.8
438,8640,3.0,3.64
23,7932,3.0,4.05
43,349,3.0,3.64
201,2094,4.0,3.55
563,588,4.0,3.65
570,1265,4.0,3.85
608,5464,4.0,2.55
352,4025,3.0,3.2
599,4014,2.5,2.55
603,2875,3.0,3.25
391,3683,5.0,3.3
305,61024,3.0,3.65
89,3022,2.0,3.75
294,1731,1.0,4.0
15,111759,4.5,4.0
438,32,4.0,4.0
561,69526,1.0,2.8
555,2506,5.0,3.45
292,1097,4.5,3.8
294,2170,1.0,3.15
234,3274,5.0,3.5
153,180095,4.0,3.85
57,1291,4.0,4.36
232,34072,3.0,3.1
98,56775,4.0,3.88
325,3158,4.0,4.0
600,919,3.0,3.6
274,1089,4.5,4.15
294,2405,1.0,2.55
599,2232,2.0,4.1
61,2710,3.5,3.5
50,4928,4.0,3.45
298,4886,3.0,3.55
304,314,4.0,3.7
4,2019,2.0,3.55
42,195,3.0,3.35
452,1079,5.0,4.4
42,2568,4.0,4.1
434,1036,4.5,4.0
590,19,2.0,3.45
239,46976,4.5,3.1
307,539,2.0,3.7
274,590,4.0,3.85
19,2428,3.0,3.05
587,1376,4.0,3.86
6,524,3.0,3.62
474,1340,3.5,3.6
249,51086,3.5,2.65
514,26242,3.0,3.25
381,316,3.5,3.75
438,1036,4.0,4.14
466,46578,4.5,4.09
182,3006,3.0,3.4
523,95167,4.5,3.05
305,140956,4.5,3.25
132,8638,4.0,3.65
152,2329,5.0,3.5
288,1965,4.5,3.64
229,1,5.0,3.45
169,6709,3.0,3.9
362,2291,4.0,3.7
45,2006,5.0,3.4
590,1247,4.0,4.2
414,150548,4.0,3.65
590,912,5.0,4.2
527,1994,4.0,3.55
555,1994,4.0,3.15
177,8368,3.5,3.77
41,6539,3.0,3.2
111,170937,3.0,3.35
182,2528,2.5,3.55
387,2993,3.5,3.95
326,40819,5.0,3.65
178,44195,5.0,4.15
509,6093,2.5,3.15
438,30816,3.0,3.35
474,41527,4.0,3.5
432,72641,3.5,3.25
19,1346,2.0,2.75
125,79702,4.0,3.4
287,3948,2.0,3.15
47,101525,3.5,2.8
517,4306,4.0,3.75
593,1968,1.5,3.68
489,5791,3.0,3.27
304,2605,4.0,2.6
452,780,5.0,3.8
80,72998,4.0,3.65
188,904,5.0,4.65
292,1221,4.0,4.0
68,50685,4.5,3.3
376,2716,4.5,3.15
566,253,5.0,3.35
596,122882,5.0,4.05
599,70286,3.0,4.15
143,54503,1.0,3.8
256,88744,4.0,3.0
508,898,2.0,3.5
474,3994,4.5,3.4
177,106487,4.0,3.9
390,3174,4.0,3.7
561,59315,3.5,4.0
28,3681,3.5,3.65
76,52281,3.5,3.7
469,1237,4.0,4.15
328,1252,2.0,3.75
19,356,2.0,3.86
318,2674,3.0,3.77
206,800,5.0,2.95
474,3152,4.0,4.0
288,3483,2.0,3.1
381,4002,4.0,3.5
410,2133,4.0,3.92
84,4,3.0,3.3
105,91542,4.0,4.1
599,2383,0.5,1.85
86,95510,4.5,3.1
182,7254,4.0,3.75
365,1961,1.5,3.8
99,413,3.0,3.15
31,1200,3.0,4.23
387,2530,3.5,3.2
125,99007,4.5,3.95
266,785,4.0,3.1
368,2027,2.0,3.9
520,7036,5.0,2.85
122,1247,5.0,4.05
495,3979,3.0,2.75
217,1792,3.0,3.5
555,748,2.0,3.3
599,58306,2.5,3.5
232,33794,4.5,3.8
386,383,4.0,3.14
102,236,3.0,3.6
199,4848,3.0,3.6
156,587,3.0,3.4
586,135436,4.5,2.7
479,5651,3.0,3.65
517,277,5.0,3.25
151,1265,5.0,3.25
132,1125,3.0,3.8
305,5010,4.5,3.55
448,88140,3.0,3.7
127,1962,3.0,4.25
474,6984,4.0,3.65
380,5991,4.0,3.55
477,1945,4.0,3.6
318,64716,3.5,3.95
68,5582,4.0,3.0
464,593,5.0,4.05
153,2617,0.5,2.75
474,1946,3.5,3.6
82,5094,2.0,3.6
561,6947,4.0,3.4
103,8636,3.0,3.8
288,33166,4.0,3.0
365,70286,2.0,3.6
14,434,4.0,3.3
344,5010,2.0,4.05
281,3911,3.5,3.15
303,1374,5.0,3.86
474,6785,4.5,3.75
307,553,4.5,3.15
4,4246,4.0,2.9
286,1080,4.0,4.1
391,5537,5.0,3.05
603,908,4.0,4.42
610,134368,4.0,3.95
105,112552,4.0,3.85
317,3949,4.0,3.4
400,1213,4.5,4.25
600,1007,3.0,2.3
438,6764,3.5,3.05
269,5,3.0,3.6
325,1845,4.0,2.9
200,7458,4.0,3.8
474,2502,4.0,3.7
438,5563,2.0,3.15
599,5669,4.5,3.05
434,3107,3.5,3.15
522,1200,4.5,4.55
8,235,3.0,3.4
137,4963,2.5,2.95
21,2006,2.5,3.5
414,533,2.0,3.2
509,6942,4.0,3.6
178,1265,4.5,3.95
410,904,5.0,4.45
387,3088,3.0,3.77
483,6942,3.5,3.6
288,1240,3.0,3.77
178,7153,4.5,3.5
330,587,3.5,3.32
387,3204,3.5,3.65
4,4021,4.0,3.35
294,2064,4.0,3.09
387,39381,4.0,3.3
594,1407,0.5,2.75
483,6863,4.0,3.95
19,2683,3.0,3.0
386,329,3.0,3.14
520,2393,3.5,3.7
307,3392,1.0,2.6
374,349,3.0,3.05
122,96728,5.0,3.75
239,2916,3.0,3.5
608,2081,0.5,3.3
57,942,4.0,4.3
68,4299,4.0,3.25
498,208,3.0,3.5
177,31696,2.5,3.45
387,39414,3.0,3.3
105,96373,4.5,4.0
68,37729,2.5,3.7
389,25,4.0,3.55
590,1391,2.5,3.95
249,367,4.0,4.2
525,107,3.5,3.3
514,2289,2.0,3.6
603,778,2.0,3.5
420,47997,3.5,3.35
148,40815,4.0,3.85
415,63082,4.5,4.0
313,1197,3.0,4.3
105,64716,4.0,4.15
567,103335,0.5,3.2
219,33794,4.5,3.9
307,596,2.5,3.75
448,109295,2.0,3.45
414,6294,2.0,3.4
464,60832,4.0,3.9
66,3037,5.0,3.5
232,6942,3.5,3.35
372,1197,4.0,4.0
232,50794,3.0,2.45
365,59022,2.5,2.9
387,45447,3.0,3.5
122,480,4.0,3.45
136,350,5.0,3.18
140,1641,1.0,3.45
453,1457,3.0,2.95
265,1962,4.0,3.6
151,102,4.0,3.75
288,55768,3.0,4.2
384,2268,4.0,3.5
487,4638,2.0,2.36
354,597,3.5,4.21
111,61132,3.5,3.2
202,1312,2.0,4.05
125,54190,5.0,3.65
414,487,2.0,3.7
305,4878,5.0,3.41
414,5956,4.0,3.5
177,900,3.0,4.65
58,342,5.0,3.75
84,948,4.0,3.1
398,2763,4.0,3.23
111,5481,3.5,3.25
74,5791,4.0,4.3
256,3980,5.0,3.65
419,1917,5.0,3.55
288,5065,3.0,3.4
414,1033,3.0,3.95
304,1259,5.0,3.85
330,50,5.0,3.67
226,1007,3.5,3.0
313,4180,5.0,2.3
332,91974,3.5,3.5
219,4299,2.0,3.95
157,3617,3.0,2.95
288,1957,4.0,4.0
19,881,1.0,2.95
288,1616,3.0,3.55
606,5956,4.0,4.05
227,54286,4.5,3.95
474,50274,3.0,3.15
91,3563,3.0,4.0
191,95,3.0,3.8
239,595,3.0,3.64
606,2245,4.0,3.0
274,55721,4.5,4.3
571,12,1.0,3.95
593,588,3.5,4.4
444,480,3.0,3.6
474,7323,4.0,3.2
599,6330,2.5,2.9
63,91630,4.0,3.9
247,3114,4.5,3.6
263,6711,4.5,3.65
527,2565,4.0,3.9
145,208,3.0,3.5
352,130634,1.0,3.3
68,247,2.5,3.35
160,6591,5.0,3.9
600,5096,1.5,1.91
482,474,3.5,3.75
119,130520,3.5,3.3
380,5266,3.0,3.15
135,1892,4.0,3.15
330,150,3.0,3.62
593,339,2.0,3.45
219,45666,1.0,3.25
119,2329,4.0,4.0
182,5812,3.5,3.85
88,1994,3.5,3.5
122,288,5.0,3.25
484,1307,3.5,4.15
104,4886,4.0,3.8
469,357,3.0,4.05
473,2596,4.0,3.45
503,93831,1.5,3.7
68,2174,2.5,3.4
432,64839,4.0,4.1
298,5941,2.0,2.45
61,1090,4.0,4.09
210,5378,5.0,3.2
52,1923,5.0,3.5
298,87306,3.0,3.2
260,128,3.0,2.85
179,113,3.0,4.05
103,3174,4.5,4.05
187,48394,4.0,3.2
448,3671,5.0,4.0
448,43871,1.5,3.0
594,7883,0.5,2.9
377,1269,4.5,4.55
266,1259,4.0,4.1
19,3248,2.0,2.7
445,64614,4.5,3.9
387,3000,4.0,3.6
426,6373,3.5,3.7
252,8961,4.5,4.2
610,6373,3.5,3.8
10,8665,3.5,3.25
489,2115,4.0,3.6
469,1240,4.0,4.32
448,3020,4.0,3.4
298,7325,2.5,2.55
580,54286,5.0,3.05
141,2694,3.0,3.0
570,1270,4.0,3.6
551,96079,4.5,3.45
579,3408,5.0,3.77
66,3499,4.0,3.95
292,1278,4.0,3.8
438,5956,0.5,3.68
356,2144,3.5,3.65
318,106648,3.0,4.0
455,364,3.0,3.9
260,903,4.5,3.95
480,2011,4.0,3.25
599,161008,2.5,2.9
474,5670,3.0,3.7
85,515,4.0,3.2
306,168250,3.0,4.27
459,68954,5.0,3.85
412,933,5.0,4.35
599,4662,3.0,2.6
305,44555,5.0,4.4
186,377,4.0,3.18
307,26686,1.0,3.65
428,1676,3.5,3.45
217,1171,3.0,3.85
368,3162,3.0,4.05
103,88810,3.5,3.5
275,3163,5.0,2.95
462,597,1.5,3.85
219,3210,3.5,4.05
255,1194,5.0,4.4
260,1073,4.0,4.35
474,2291,4.5,3.9
140,3189,4.0,3.75
414,4780,2.0,3.35
24,733,3.0,3.1
534,2004,4.5,3.95
579,2028,3.0,4.3
318,84152,3.5,4.0
18,159093,3.5,4.1
274,3786,3.5,3.3
68,1049,3.5,3.45
351,2959,4.0,4.35
602,231,2.0,3.36
380,2394,5.0,4.0
380,7367,3.0,3.5
177,6385,3.0,3.3
445,7153,5.0,3.65
266,1911,1.0,3.5
222,6793,1.5,3.65
469,2406,3.0,2.8
560,6541,3.0,3.25
601,177765,4.5,3.35
438,353,4.0,3.65
479,3270,4.0,3.4
438,1408,5.0,3.6
610,87869,3.5,3.2
330,509,3.0,3.7
4,4273,4.0,3.2
534,1291,4.5,4.0
21,164909,3.5,3.35
267,29,4.0,3.6
1,2078,5.0,3.45
219,260,5.0,3.45
600,3499,3.5,3.15
292,344,2.0,3.0
285,912,5.0,4.15
474,2959,4.0,3.73
251,2959,5.0,4.35
222,104303,1.5,3.15
104,5618,4.0,3.7
514,1200,5.0,4.25
232,7373,3.5,3.75
245,3196,3.0,4.0
296,33493,1.0,2.86
280,86817,4.0,3.85
427,5459,2.0,3.0
219,30707,2.5,4.15
237,48385,3.5,3.27
288,1320,2.0,3.25
470,527,5.0,4.3
169,440,4.0,2.7
393,8984,5.0,3.18
480,3362,4.0,3.59
353,434,3.0,3.35
265,2455,2.0,3.3
96,1942,5.0,3.95
596,40870,3.5,3.55
579,3082,4.0,3.5
348,296,5.0,4.2
454,2160,4.5,3.3
274,1713,2.5,3.3
382,104076,2.0,2.95
434,68358,3.0,3.85
233,3147,4.0,4.2
587,440,4.0,3.73
33,2539,4.0,3.45
381,3949,5.0,3.6
184,114935,4.5,3.75
480,4016,2.5,3.55
182,3955,1.0,3.45
372,1358,3.0,3.95
171,1225,4.0,4.27
580,25850,0.5,3.4
10,597,3.5,3.79
156,4784,3.0,3.35
594,5364,4.5,2.6
115,1387,5.0,3.55
474,1413,4.5,3.15
318,32657,4.5,3.3
599,2144,3.0,3.7
182,7934,4.0,4.1
119,5989,4.5,4.15
104,56949,3.5,3.25
509,33779,4.0,3.75
18,106489,3.5,3.3
241,106696,4.0,4.0
220,316,2.0,3.55
19,1378,3.0,3.65
360,1617,5.0,4.3
387,520,3.5,3.3
314,141,3.0,3.2
362,4993,5.0,3.8
64,7445,3.5,3.8
534,86332,3.5,3.65
8,357,5.0,3.55
68,4489,2.5,3.35
66,2470,4.0,3.1
91,2144,2.0,3.55
151,736,4.0,2.8
380,60069,5.0,4.0
380,6014,2.0,3.5
260,1094,2.5,3.75
404,193,3.0,3.29
448,5414,2.0,3.1
129,5159,4.0,3.45
22,4903,4.0,3.85
177,3101,3.5,3.85
145,300,3.0,3.65
562,3448,4.0,3.15
510,1198,4.0,4.35
122,5810,4.5,3.5
103,55247,5.0,3.9
266,608,5.0,3.77
200,4993,4.0,3.9
328,1036,1.0,3.7
202,2147,3.0,4.05
522,34405,4.0,3.95
43,661,5.0,3.6
111,170813,4.0,3.2
509,51834,4.0,3.75
111,135861,2.0,3.0
222,91628,1.5,3.4
274,55765,4.0,4.0
303,1270,3.5,4.1
137,110,4.0,4.1
254,47629,2.0,3.75
318,1584,4.5,3.85
305,27801,4.5,3.4
57,457,5.0,3.4
608,593,4.0,3.59
68,2485,3.5,3.5
382,45208,2.0,3.68
184,171763,4.5,4.0
201,2248,5.0,3.5
35,266,2.0,4.3
104,588,4.0,3.9
448,2916,3.0,4.05
68,1387,3.5,3.5
122,101142,4.5,3.6
553,2571,3.5,3.95
573,2115,5.0,3.2
184,168090,4.0,4.15
560,57368,4.5,3.5
7,8865,1.0,3.45
64,2394,3.5,3.15
169,3882,3.5,2.85
288,1373,2.5,2.85
357,1956,4.0,4.0
580,3267,4.0,4.14
365,3996,1.0,3.7
438,589,5.0,3.75
226,5107,2.5,3.6
594,2432,4.5,3.3
303,6303,4.0,2.85
555,1320,5.0,3.25
537,95067,3.0,3.0
105,3742,4.0,3.8
330,1265,4.5,3.95
365,30793,3.5,3.4
68,3101,4.0,3.9
18,89745,4.0,3.85
393,5952,5.0,4.0
448,50601,1.5,3.45
105,213,4.5,3.35
475,5459,4.5,2.9
383,2906,3.0,3.8
606,95105,2.5,3.35
489,5971,4.5,4.05
367,2430,4.0,3.65
477,31660,3.0,3.8
288,6593,4.0,3.35
169,3948,5.0,2.9
284,15,4.0,2.9
290,11,4.0,2.6
4,608,5.0,3.5
477,6534,4.0,3.45
318,3702,3.5,4.15
566,480,4.0,3.86
601,95167,4.0,3.55
275,556,4.0,3.2
19,2065,2.0,2.65
103,68157,5.0,4.05
97,3623,5.0,2.95
603,3557,3.0,3.2
312,5479,3.0,3.4
465,3505,4.0,3.7
354,8961,4.0,3.75
365,508,2.0,3.7
425,344,3.5,3.25
348,4368,3.5,3.65
600,5970,3.0,3.5
298,111743,0.5,3.65
140,4677,4.0,3.2
385,85,3.0,3.15
6,261,4.0,4.0
282,72998,4.0,3.4
54,420,2.0,3.4
610,61323,3.5,3.1
474,6297,3.5,3.55
497,1258,4.0,4.1
318,3967,4.0,3.05
391,1729,2.0,2.85
562,84374,3.5,3.05
517,1293,4.0,3.55
275,2917,5.0,3.85
610,52973,5.0,3.7
448,8290,0.5,3.7
140,2724,4.0,3.05
594,8643,5.0,3.1
385,277,3.0,2.8
247,223,3.0,3.85
226,783,2.0,3.45
221,27773,4.5,3.95
597,1297,4.0,3.75
288,3543,3.0,3.15
539,527,3.5,3.5
323,151,3.5,3.5
50,837,2.5,3.3
68,216,3.5,3.4
294,2899,1.0,3.1
307,24,2.0,2.6
480,36529,4.0,3.7
597,1278,5.0,3.85
599,8832,3.0,3.0
354,2985,4.5,3.15
212,80693,4.0,3.65
226,1091,3.0,2.85
10,63113,3.5,3.15
331,3752,3.0,3.1
14,491,3.0,2.86
474,7932,4.0,3.6
583,64969,3.0,3.3
474,150,4.5,3.41
27,661,3.0,3.1
104,6188,2.0,3.7
382,83177,1.0,3.6
410,1663,5.0,3.65
606,1801,4.0,3.23
229,457,5.0,3.25
573,111362,5.0,3.1
534,3114,4.5,3.45
141,296,4.0,3.1
558,5312,3.0,3.7
68,5103,2.5,3.15
339,166643,4.0,4.0
587,910,4.0,4.2
318,94150,4.0,3.15
239,786,3.0,3.25
523,101962,5.0,3.0
477,2291,2.5,3.8
16,318,4.0,3.75
489,35836,3.0,3.7
608,2141,1.5,2.95
525,3911,4.5,3.55
414,4081,2.0,2.95
140,3998,4.0,3.35
593,26084,3.5,2.9
474,4041,3.0,3.25
368,2986,1.0,3.6
571,152,2.0,3.3
480,45672,2.5,2.7
125,152077,4.0,3.9
263,586,3.0,3.2
599,3537,2.0,4.0
525,53972,3.0,3.15
64,2700,4.5,2.85
560,54995,4.0,3.2
45,4958,4.0,3.9
362,1591,4.0,2.5
483,196,0.5,3.1
9,2901,2.0,3.0
105,72641,4.0,3.9
558,367,3.0,3.45
474,5541,2.0,2.9
387,3426,3.0,3.7
186,4995,3.0,4.15
274,1917,3.5,3.27
109,852,3.0,3.2
217,688,2.0,3.3
534,99007,4.0,3.3
462,116797,3.5,4.15
91,1246,2.0,4.4
380,2401,4.0,3.55
571,2149,1.0,3.35
465,2763,4.0,4.35
526,2959,4.0,4.35
244,1408,5.0,3.25
495,86911,0.5,3.9
125,142422,4.0,4.0
534,5418,4.5,4.0
219,6283,3.5,2.65
263,6299,3.5,3.75
420,480,3.5,3.59
401,783,4.0,3.5
19,432,3.0,2.85
488,971,2.5,3.75
511,2324,4.5,4.35
76,1682,2.5,3.65
604,261,4.0,4.0
232,61705,3.5,2.9
577,3062,3.0,4.05
474,1507,3.5,3.35
603,1554,3.0,2.85
41,6763,5.0,3.4
414,1674,4.0,3.85
298,84954,0.5,3.25
381,4232,3.5,3.73
217,2003,2.0,3.45
448,5548,3.0,3.1
599,32587,3.5,3.7
108,5309,3.0,3.35
275,2731,4.0,3.36
294,3040,5.0,3.15
294,419,1.0,2.9
606,8014,4.5,2.7
68,5445,3.0,3.73
232,3979,2.5,3.45
330,1197,4.5,4.05
410,154,4.0,3.4
448,4963,4.0,4.05
480,41573,2.5,3.35
401,48,2.0,3.5
40,267,3.0,3.8
325,5445,4.0,3.55
68,5049,2.0,4.25
463,6539,3.5,3.6
249,4270,3.5,3.55
330,1784,5.0,3.8
167,2471,2.5,2.7
599,4007,3.0,2.9
271,2968,2.5,4.05
414,7147,4.5,4.1
105,86628,4.0,3.8
605,47610,4.0,3.6
298,2502,3.0,3.2
414,6349,3.0,2.55
601,8961,5.0,3.3
393,32587,0.5,3.55
182,4178,4.0,3.3
357,788,3.0,3.8
339,3462,4.0,4.0
364,1,5.0,3.65
562,1307,5.0,4.35
95,5792,4.0,3.8
357,1028,4.5,3.8
305,72294,3.5,3.7
560,73017,3.5,3.95
62,1210,4.5,4.55
111,98083,5.0,3.85
330,1961,4.0,3.5
140,3969,3.0,3.15
198,5378,3.0,3.32
603,2155,4.0,3.55
318,5673,4.0,2.9
286,6874,5.0,3.5
266,69,5.0,3.2
182,4313,3.5,3.55
504,5669,3.5,3.05
313,3793,3.0,3.05
432,1036,2.0,3.9
27,2687,4.0,3.1
599,4104,2.0,3.0
380,2709,4.0,3.05
489,1644,0.5,3.5
473,5785,3.5,3.15
580,1214,4.0,3.7
610,3911,4.5,3.4
73,4306,2.5,3.65
4,345,4.0,3.5
28,56367,2.5,2.95
20,709,3.0,3.5
448,92507,2.5,3.0
305,589,5.0,3.54
132,1682,3.5,3.7
606,1305,4.0,3.59
19,1517,3.0,3.6
313,4085,3.0,3.2
380,3363,4.0,3.45
367,356,5.0,2.95
135,1372,1.0,3.1
104,4299,3.0,4.2
414,1282,5.0,4.15
606,1222,4.0,3.95
593,1210,4.5,4.3
298,3686,2.5,2.0
290,1617,4.0,3.35
567,1916,5.0,3.25
219,2890,3.0,3.45
58,708,5.0,3.6
600,8981,3.5,2.45
483,1266,4.5,4.4
554,2080,5.0,3.7
339,86332,2.5,3.45
608,3617,3.0,2.9
554,903,5.0,4.35
183,1214,4.0,3.95
68,420,1.0,3.05
288,3676,3.0,2.7
480,3301,2.0,3.95
59,1299,5.0,4.5
73,111362,5.0,3.45
607,1249,4.0,3.85
232,45722,3.5,3.35
426,595,4.0,3.9
470,1073,4.0,4.0
199,293,3.5,4.64
608,2282,3.0,3.45
242,231,3.0,3.64
307,2011,3.5,3.25
68,55253,4.0,3.65
357,858,5.0,3.95
325,300,4.0,4.25
274,3863,3.5,3.05
64,33794,4.0,4.0
6,140,3.0,3.95
27,673,2.0,3.2
28,40414,3.0,3.6
590,1204,4.5,4.45
526,128620,5.0,2.95
166,648,3.0,3.55
414,4812,3.0,2.55
596,32300,3.5,2.85
110,7096,5.0,3.55
307,1917,2.5,3.45
600,5992,1.0,3.45
599,4121,2.5,2.15
391,1247,4.0,4.4
610,8874,5.0,3.65
66,1449,4.5,3.55
480,7983,4.0,3.85
438,3114,4.5,3.35
580,3986,4.0,2.95
66,3745,3.5,3.1
140,5102,3.0,3.9
93,1894,3.0,3.65
294,719,1.0,2.4
153,118696,2.5,3.5
140,3005,3.0,4.1
555,1614,4.0,3.55
518,468,3.0,3.3
88,83177,0.5,3.65
599,2134,1.5,3.35
1,3034,5.0,4.0
573,1527,4.5,4.0
274,63082,4.0,3.45
438,8633,2.0,3.8
474,7303,3.5,3.4
263,2324,5.0,3.95
610,44828,4.0,2.75
368,2353,3.0,3.85
32,1224,3.0,3.4
42,410,2.0,3.2
50,142602,1.0,4.0
587,2605,5.0,3.25
382,33158,2.5,4.0
385,1225,3.0,3.95
356,3160,4.0,4.05
297,733,3.0,2.55
62,122896,3.5,4.15
274,55820,4.0,4.05
7,1183,1.5,3.4
135,2088,3.0,3.2
177,7163,2.0,3.59
288,362,3.0,3.65
391,2605,2.0,3.3
336,2268,4.0,3.85
513,920,5.0,3.82
305,84152,4.5,4.0
424,54503,4.0,4.15
342,2706,4.0,3.8
77,2571,5.0,4.1
202,2640,4.0,3.35
351,56941,3.0,3.15
187,1261,5.0,4.0
173,597,3.0,3.75
339,54503,4.5,4.0
414,7315,2.0,3.4
560,6934,3.5,3.35
414,4229,3.0,3.7
465,3681,4.0,4.25
24,3556,2.0,3.3
525,80549,4.5,3.85
213,59615,3.5,3.0
294,2709,4.0,2.7
492,1431,4.0,3.45
313,1220,1.0,4.1
20,4821,0.5,3.18
606,15,3.5,3.73
555,2255,1.0,3.3
20,661,5.0,3.05
424,4450,4.5,3.2
274,4886,3.5,3.75
330,5952,4.0,3.9
28,61986,3.0,3.2
480,2699,1.5,3.2
580,6300,5.0,2.9
448,103865,2.0,3.25
200,2145,4.5,4.0
139,6957,1.5,3.8
331,3578,4.5,4.1
96,377,5.0,3.15
225,2371,4.0,2.77
504,6708,4.5,4.05
360,1414,2.0,3.25
380,1917,3.0,3.5
385,349,3.0,3.36
328,912,1.0,4.2
21,105844,2.0,3.8
217,3494,3.0,3.75
166,6,3.5,3.9
425,2710,3.5,3.05
580,1729,4.5,3.59
42,2001,4.0,3.73
298,34405,4.0,3.35
414,1020,2.0,3.45
599,2915,3.0,3.6
43,519,5.0,3.9
606,1183,3.5,3.96
84,1028,4.0,3.55
84,5060,4.0,3.75
288,3354,2.0,3.65
307,32587,4.5,3.5
608,6059,4.0,2.9
517,1265,3.0,3.8
219,5378,2.0,3.32
380,91542,2.0,4.3
307,367,1.5,2.9
606,3462,4.0,3.1
232,6264,3.0,3.0
606,7382,4.5,3.9
380,1278,5.0,3.9
431,1234,4.0,3.95
414,2791,4.0,3.3
288,45668,3.0,2.9
608,6377,4.0,3.8
182,377,2.5,3.55
477,239,3.5,3.41
42,4027,4.0,4.1
182,653,2.5,3.4
301,6711,3.0,3.4
64,520,4.0,3.55
445,1230,5.0,4.15
580,912,0.5,3.75
590,2005,4.0,3.9
19,435,2.0,2.9
328,293,3.5,4.15
249,105213,4.0,3.55
509,6874,3.0,3.7
608,4876,3.5,3.8
100,923,3.5,4.1
129,1517,3.5,3.5
292,2401,3.0,2.7
3,1371,3.0,3.7
52,50872,4.0,3.5
405,1214,4.0,4.3
610,5444,3.5,3.35
64,260,3.5,3.8
1,2899,5.0,2.8
123,44199,4.0,3.75
448,355,2.0,3.73
561,7143,4.0,3.7
474,47894,3.5,3.45
216,514,3.0,3.1
601,134853,5.0,3.6
514,26133,5.0,3.55
15,1527,3.0,3.55
610,58295,3.5,3.5
239,3623,4.0,3.0
560,155288,3.5,3.15
274,5265,4.0,2.95
50,92427,1.0,3.9
288,2527,3.0,2.7
45,5568,2.0,3.2
200,2599,3.0,3.62
135,293,4.0,3.1
84,1381,3.0,3.0
586,1704,5.0,3.82
140,7294,3.0,3.0
608,277,2.5,3.1
220,480,5.0,3.15
6,17,4.0,3.6
143,79132,2.0,3.85
263,6333,3.0,3.6
610,89753,4.0,4.2
288,1036,3.0,3.65
217,3033,2.0,4.05
334,2115,2.5,3.55
182,1245,4.5,4.15
480,235,3.0,3.15
510,1060,3.0,3.95
458,150,5.0,3.73
91,7000,3.0,3.6
330,3949,4.5,3.5
68,52287,2.0,3.4
63,1136,5.0,4.0
607,1196,3.0,4.15
216,2987,3.0,3.36
606,5299,4.0,3.3
474,4823,4.0,3.55
321,3,3.0,3.85
276,1,4.0,4.12
572,1958,4.0,4.25
428,1911,1.5,2.5
193,1196,4.5,4.1
448,27478,3.5,3.5
596,5618,4.5,3.8
472,3254,3.5,3.5
438,2028,4.0,3.35
451,786,3.0,3.4
74,8838,5.0,3.6
246,1584,3.5,3.7
217,1200,3.0,3.92
177,3034,4.0,3.95
448,1425,2.0,3.15
597,153,3.0,2.86
156,5788,4.5,3.55
41,4963,3.0,3.5
26,344,3.0,3.5
414,127130,4.0,3.1
279,924,4.0,3.35
4,2390,5.0,3.55
464,1196,5.0,3.86
274,4388,3.0,3.1
217,1019,3.0,2.86
522,2094,1.5,3.3
511,55908,4.0,3.4
483,3310,4.0,4.05
373,95,2.0,3.35
95,6502,4.5,3.2
68,3052,3.5,3.6
270,3,3.0,3.86
91,1125,3.5,4.25
290,1225,5.0,4.0
111,173255,2.5,3.15
268,2019,5.0,3.85
155,1517,3.0,3.15
448,4677,3.0,3.2
442,3510,1.0,3.85
495,69481,4.5,2.65
246,7147,5.0,4.45
217,414,3.0,2.95
603,175,5.0,3.1
282,593,4.0,4.2
357,3360,3.5,3.65
155,260,4.0,3.05
469,1307,4.0,3.7
169,6266,4.0,2.8
590,2701,2.5,2.65
117,256,3.0,3.8
305,88812,3.5,2.8
342,3157,3.0,4.1
66,7143,4.5,3.77
610,1241,5.0,4.32
421,3461,3.5,3.8
563,1073,4.0,4.25
6,150,4.0,3.75
68,3786,1.0,3.5
41,111659,1.0,3.8
200,46976,4.5,2.75
91,5749,3.0,3.85
599,6615,2.5,3.05
59,1219,5.0,4.32
34,2571,3.0,4.4
10,4246,3.5,2.95
381,6378,4.5,3.95
432,1801,4.5,3.35
414,5989,4.0,3.75
599,2502,4.0,2.95
414,1541,2.0,3.05
219,60126,3.5,3.55
328,919,3.0,3.8
414,5417,3.0,3.25
8,440,3.0,3.2
230,41569,4.0,3.75
414,1013,3.0,2.8
89,167018,2.5,3.75
290,2987,4.0,3.23
391,4178,4.0,3.5
372,616,2.0,3.75
562,7147,4.0,3.7
156,2941,4.0,3.45
288,8640,3.0,3.7
153,2959,0.5,3.75
474,7049,3.0,3.6
568,3261,3.0,3.2
219,21,3.5,2.95
448,688,2.0,3.8
480,4034,3.5,3.25
220,590,5.0,4.08
42,2335,4.0,3.75
462,3426,2.5,3.2
551,112852,3.0,4.18
610,6,5.0,3.2
373,34,4.0,3.85
483,377,1.5,3.2
62,48385,4.0,3.15
123,111759,4.5,3.85
606,1727,3.5,3.65
462,8620,2.5,3.5
438,31221,1.5,2.85
234,1097,5.0,3.3
78,648,3.0,4.05
182,6624,0.5,3.9
189,79132,4.5,4.35
249,79057,3.5,3.8
502,903,3.5,3.95
606,1663,2.0,3.25
414,4280,4.0,3.0
63,592,4.0,4.3
273,223,5.0,3.85
294,1262,4.0,3.95
489,91488,3.5,3.2
334,55820,3.0,4.35
177,88125,5.0,3.95
226,6502,4.0,2.8
111,46948,0.5,3.75
325,2167,3.0,3.8
457,2706,4.0,4.35
212,180031,4.0,3.8
122,4874,4.5,3.75
89,32243,3.5,3.25
213,4368,3.0,3.25
274,5478,2.5,3.05
288,8961,4.0,3.0
27,3519,3.0,3.45
608,329,3.0,3.7
249,7439,3.0,3.77
38,588,3.0,3.8
414,50872,4.0,3.3
68,59900,1.0,3.05
489,4020,3.0,3.45
608,1275,2.5,3.85
211,3869,3.0,3.05
216,364,3.0,3.35
182,5108,1.5,3.95
380,74545,3.5,3.4
544,694,4.0,3.45
603,1635,5.0,3.4
466,34150,4.0,3.15
525,2788,4.0,3.35
448,89470,4.0,3.75
239,2001,3.5,3.55
516,2268,3.0,4.1
603,3435,5.0,2.7
294,2072,1.0,3.25
382,4310,3.5,3.68
22,36529,2.5,3.65
98,4226,4.0,4.05
318,97904,4.0,3.15
474,4226,5.0,3.15
18,2000,4.0,3.25
182,5298,4.0,2.7
600,616,4.0,2.35
599,524,2.5,3.3
428,4310,3.0,3.55
589,527,5.0,3.65
298,76060,2.5,3.45
474,830,2.0,3.3
103,36,4.0,3.71
479,3428,3.0,3.5
439,7153,5.0,3.8
7,58,3.0,3.62
484,1438,1.5,3.45
140,37739,4.0,3.6
45,3255,3.0,3.5
63,8376,2.5,3.4
606,2875,3.0,3.5
59,750,5.0,3.3
373,410,3.0,3.2
275,608,4.0,3.4
4,3386,4.0,3.3
298,1916,3.0,2.6
597,1240,4.0,4.3
312,2529,4.0,3.35
264,1876,3.5,3.3
71,160,3.0,3.2
140,339,3.0,3.4
44,260,5.0,4.4
318,113348,3.5,2.75
368,2641,2.0,3.2
404,34,4.0,3.75
425,1466,4.0,3.4
469,920,3.0,3.9
353,204,2.0,3.0
532,111,4.0,4.0
288,1242,4.0,4.0
274,2687,3.0,3.6
145,153,3.0,3.25
331,3911,5.0,3.05
254,648,3.5,3.4
588,223,5.0,3.45
528,6006,3.5,3.7
492,667,3.0,3.75
432,589,3.5,4.0
414,3252,5.0,3.09
58,62,3.0,2.85
365,59315,3.5,3.8
232,48043,3.5,3.4
297,6,5.0,2.6
144,2000,3.5,3.5
288,597,3.0,4.0
579,2485,3.0,3.25
71,1370,4.0,2.95
80,150,4.0,3.35
380,1022,3.0,3.65
452,2490,5.0,3.73
136,273,3.0,3.4
302,17,5.0,3.77
414,1371,3.0,3.4
19,2148,2.0,3.65
555,1591,4.0,3.35
608,2699,1.5,3.0
186,3409,4.0,3.75
117,105,3.0,3.8
15,160980,3.5,3.4
68,2490,3.0,3.95
495,1247,5.0,3.85
298,64839,3.0,3.85
21,19,2.5,2.7
43,828,5.0,3.65
573,45722,5.0,3.5
380,223,4.0,3.35
117,531,3.0,3.5
368,3370,3.0,3.65
198,903,4.0,4.2
156,2797,3.0,2.5
249,30810,3.5,3.45
516,2259,3.0,3.65
225,2327,5.0,3.95
437,440,3.0,3.15
66,457,3.0,3.35
31,7,4.0,3.25
610,136020,3.5,2.35
380,1033,3.0,3.65
596,103772,2.5,3.7
68,152081,3.0,3.9
298,6773,3.0,3.4
305,5299,4.0,2.5
202,3681,4.0,3.6
312,5015,4.0,3.55
286,158,3.0,3.4
372,235,2.0,3.3
477,1271,4.5,4.0
414,4089,2.0,2.95
484,364,5.0,3.4
33,448,4.0,3.55
312,1089,4.0,3.6
594,6967,0.5,2.7
386,32,3.0,3.8
608,3968,3.0,3.3
380,587,3.0,3.75
298,1587,3.0,2.8
141,1485,2.5,3.2
261,30810,1.0,3.55
561,6188,3.5,2.75
608,150,2.0,3.65
352,5995,5.0,4.05
570,508,3.5,4.05
249,79132,5.0,4.05
99,259,3.0,4.25
240,173,3.0,3.91
305,4034,4.5,3.65
217,2860,2.0,3.91
66,1,4.0,3.3
419,1206,4.5,4.15
111,181659,2.5,3.35
603,2167,4.0,2.86
607,3053,5.0,3.15
514,8906,2.0,3.2
474,39381,3.0,2.6
346,2858,4.5,4.25
593,377,2.5,3.8
489,79132,4.5,3.8
182,480,3.5,3.75
290,2329,4.0,4.23
288,788,2.0,2.8
255,1079,2.0,4.41
610,72011,4.0,4.1
132,6593,3.5,3.55
249,45730,3.5,3.5
230,150,2.0,3.85
456,653,4.0,3.8
177,932,5.0,3.8
232,8982,3.0,3.4
599,4015,2.0,2.5
453,47,5.0,3.9
546,3354,4.0,3.8
198,3868,4.0,3.25
135,157,2.0,3.0
567,143367,4.5,2.7
380,147382,4.0,3.55
212,98243,4.0,3.95
465,3698,4.0,3.35
480,780,3.0,3.2
64,1225,4.0,3.91
47,597,3.0,3.95
128,1721,4.0,3.41
489,7367,0.5,3.82
229,5,3.0,3.6
23,175,3.0,2.82
391,1041,4.0,3.36
42,3502,5.0,3.85
216,2395,5.0,3.4
560,5349,3.5,3.65
368,3704,2.0,2.8
335,356,4.0,4.05
495,2700,4.5,3.05
489,4474,4.5,3.0
483,2793,3.5,3.65
391,608,5.0,3.7
599,2734,2.5,3.18
411,52,2.0,3.41
182,5902,4.5,3.65
410,2987,4.0,3.35
465,2628,2.0,3.25
563,80858,3.5,3.45
361,466,3.5,3.35
596,7458,2.5,3.25
182,2713,0.5,3.6
474,1345,3.5,3.6
140,6539,3.5,3.2
125,161131,3.5,3.65
493,4701,5.0,3.35
202,1370,4.0,3.35
380,120799,3.0,2.55
201,1917,4.0,3.5
317,74458,4.0,3.65
43,1084,5.0,3.4
483,1566,4.0,3.25
453,1641,4.0,3.5
584,477,4.0,4.15
292,85414,4.0,3.4
368,3654,3.0,3.2
436,370,2.0,3.05
21,32587,3.0,4.0
474,45730,3.0,3.35
424,3176,5.0,3.35
186,1391,4.0,3.45
134,163,3.0,3.27
610,4852,1.0,3.0
232,34334,3.0,3.1
279,1208,3.5,4.15
362,60072,3.5,3.9
170,553,4.0,3.7
96,454,4.0,3.8
502,1250,5.0,4.45
414,3019,4.0,3.25
160,786,1.0,3.3
45,5349,5.0,3.45
600,39435,2.5,3.0
21,2167,3.5,2.75
68,8781,2.5,3.95
438,165,4.0,3.35
484,8363,4.5,4.36
367,3453,4.0,3.65
104,674,3.0,3.35
320,3404,0.5,3.0
64,377,3.0,3.2
587,58,5.0,4.4
387,2139,4.0,3.4
367,4310,4.0,3.95
318,65631,4.0,3.45
413,318,5.0,3.6
448,1092,4.0,4.05
355,60,3.0,3.8
318,105197,3.5,3.15
187,6214,4.0,3.8
21,2959,2.0,3.6
254,32,4.5,4.2
477,48516,5.0,4.5
181,432,3.0,3.5
517,55820,1.0,3.2
453,1488,3.0,3.55
448,79879,3.0,3.05
301,527,4.5,4.0
599,5902,3.0,3.95
292,8961,3.5,2.6
322,60040,0.5,3.6
599,34800,1.5,3.35
111,4367,3.5,3.85
254,5995,4.5,4.4
132,32587,4.0,3.8
334,4963,3.5,3.8
98,5444,4.5,3.6
412,2890,4.0,2.85
41,2671,3.0,2.9
480,3988,2.5,3.4
532,1291,5.0,3.95
41,7149,4.5,4.0
217,437,2.0,3.0
381,3552,2.0,3.1
93,1641,4.0,3.95
603,1177,4.0,3.7
19,295,3.0,3.64
362,293,4.5,4.32
404,597,3.0,4.05
15,6874,3.0,3.5
91,2997,3.5,3.45
103,3535,4.5,4.3
266,316,3.0,3.85
186,1320,4.0,3.75
110,8014,4.0,4.2
599,79132,3.0,4.25
331,30793,1.5,3.3
294,762,1.0,3.25
412,1214,4.0,4.45
212,113573,3.0,3.15
447,253,4.0,3.91
274,3424,3.5,4.35
160,242,2.0,3.2
339,47099,5.0,3.55
319,110,4.5,3.95
474,27912,3.0,3.55
602,733,4.0,3.25
380,67255,2.0,3.65
492,724,3.0,3.75
599,6670,2.0,3.35
560,120478,3.5,2.95
239,1196,5.0,4.27
599,27549,1.5,3.1
83,30749,3.5,3.6
475,1210,5.0,3.7
480,2273,2.5,3.15
480,7150,3.5,4.0
330,648,2.5,3.8
424,2296,3.0,3.38
325,318,5.0,4.1
439,98809,3.5,3.75
307,3268,1.0,3.0
590,3148,3.5,3.09
602,193,2.0,2.5
31,588,5.0,4.35
18,106487,4.0,3.3
246,4011,4.5,3.75
474,26,3.5,3.35
19,1479,3.0,3.2
318,95873,4.0,2.85
391,2023,3.0,3.82
182,5809,3.0,3.85
425,337,4.0,3.15
200,8984,2.5,3.3
567,103384,1.5,3.2
480,48780,4.5,3.85
596,68835,3.5,3.45
222,3178,3.5,3.45
560,8464,4.0,2.9
34,3052,2.5,3.3
453,2694,3.0,3.95
288,53125,2.5,3.4
294,837,1.0,1.95
305,30749,5.0,4.05
607,1917,5.0,3.1
456,5,3.0,3.85
514,4396,2.5,2.55
307,410,3.0,2.8
604,434,4.0,2.5
474,2450,1.0,3.0
414,3967,4.0,2.65
18,1209,5.0,4.25
610,159,3.5,3.1
111,91658,3.5,3.95
220,6365,4.5,3.65
412,1784,4.0,3.7
462,4427,3.0,3.6
91,3793,4.0,4.1
600,1,2.5,3.09
610,527,3.5,3.2
580,3527,3.5,3.6
554,608,2.0,3.45
500,480,4.0,3.25
279,54503,2.5,3.95
19,141,1.0,3.35
492,104,4.0,4.0
186,317,5.0,3.35
68,180,2.5,2.9
199,1897,3.0,3.1
599,8638,3.0,3.1
610,103688,4.0,3.05
527,2000,5.0,3.5
525,597,4.0,3.75
418,4878,5.0,4.0
586,110130,4.0,3.6
252,137857,3.5,3.65
160,903,4.0,4.35
267,1197,5.0,4.9
28,5378,4.0,3.4
603,99,5.0,3.1
268,2702,4.0,3.4
405,4022,3.5,3.8
288,2657,2.0,2.9
599,4502,1.0,2.5
28,3556,3.0,3.3
411,592,3.0,4.09
314,1367,3.0,3.05
522,51662,1.0,3.75
534,596,4.0,4.0
307,441,3.0,2.5
441,2716,5.0,3.3
410,1635,4.0,3.45
19,328,2.0,2.6
156,6658,3.5,3.8
120,780,2.0,3.55
525,5989,3.5,3.55
274,4233,3.5,3.75
518,6333,4.5,3.2
381,51084,4.0,3.1
482,5378,4.5,3.5
414,1374,4.0,3.4
246,296,4.0,4.15
18,380,2.5,2.9
90,1073,4.0,3.9
68,67408,3.0,3.55
414,60126,3.0,3.25
604,76,4.0,2.73
191,158,2.0,2.7
436,377,4.0,3.8
307,6060,2.0,3.1
600,593,4.0,3.15
42,4489,5.0,3.35
186,2369,4.0,3.35
368,1676,2.0,3.35
474,27873,3.5,3.65
603,3285,1.0,3.2
425,3147,4.0,3.8
43,539,3.0,3.4
75,1266,4.0,3.68
115,2947,4.0,4.35
237,8665,3.5,3.8
130,595,2.0,3.7
368,1378,3.0,2.95
260,2702,2.0,3.09
105,178613,4.0,3.75
489,87485,3.5,2.05
318,3943,4.0,3.05
195,904,5.0,4.2
514,54997,4.0,3.4
561,2746,3.0,2.7
509,1020,3.0,3.25
217,3255,3.0,3.45
50,149406,2.0,3.05
495,736,3.5,4.18
82,317,2.5,4.05
590,2023,3.0,3.32
187,52328,3.0,3.3
600,30812,4.0,3.8
356,2596,4.0,3.35
465,541,5.0,4.0
574,110,5.0,4.3
246,96079,4.5,3.55
21,2858,2.0,3.25
219,2115,3.0,3.35
111,551,4.0,3.65
330,4886,5.0,3.45
448,2413,3.0,2.73
228,541,4.0,3.1
276,62,5.0,3.35
153,2005,2.0,2.7
51,6934,0.5,3.35
483,2968,3.5,3.85
121,508,3.0,3.91
80,55765,4.0,3.4
232,33646,3.5,3.25
413,2353,5.0,3.65
260,7815,5.0,3.1
414,95510,3.5,3.85
590,2137,3.5,2.95
27,2311,2.0,3.25
504,4034,4.5,3.55
525,5785,0.5,3.3
274,5810,3.5,2.5
274,7802,4.0,3.1
79,1210,5.0,4.5
562,2692,4.0,3.23
599,1485,2.5,2.5
68,8968,5.0,3.6
425,1210,3.0,3.83
516,4322,4.0,3.05
57,1614,2.0,3.7
448,1032,4.0,4.3
74,5995,5.0,3.7
103,1296,3.5,3.9
558,4903,2.0,4.0
414,5159,3.0,3.15
425,3020,4.0,3.3
280,4239,5.0,3.8
253,446,5.0,3.55
452,1220,4.0,4.15
489,5316,2.5,2.5
466,5418,4.0,3.05
369,500,3.0,3.5
514,3703,4.5,3.25
339,69784,4.5,3.35
490,4973,4.0,4.15
414,45447,3.0,3.18
200,4995,4.0,3.9
309,1201,4.5,3.33
380,79274,5.0,3.05
45,3481,4.0,4.1
33,1446,5.0,3.45
45,2021,3.0,3.85
91,2019,4.5,3.65
80,1221,4.0,3.75
132,7371,3.0,3.75
21,858,2.5,3.8
124,1961,4.0,4.14
570,1127,4.5,2.85
177,3247,2.0,3.15
68,166528,4.5,3.65
236,2770,5.0,3.75
140,3011,2.0,3.8
308,45499,2.0,3.09
600,1186,0.5,3.91
14,25,4.0,3.0
357,50,5.0,4.27
368,1580,3.0,3.1
610,58559,4.5,4.25
356,1639,4.0,3.25
483,88954,3.0,3.65
292,3751,3.0,2.4
381,5171,2.0,3.3
571,1981,3.0,3.0
455,272,4.0,3.6
474,7285,4.0,3.6
415,5782,4.5,3.25
417,7153,5.0,3.9
517,368,3.0,3.65
445,457,4.0,3.45
480,8360,3.5,4.0
509,1704,3.5,3.55
525,783,2.0,3.4
495,4958,3.0,3.75
590,1248,4.0,4.2
307,1265,3.0,4.25
140,104,3.0,4.2
68,1391,3.0,3.64
484,2805,2.5,3.25
318,1032,4.0,3.3
544,780,5.0,4.2
414,6331,4.0,3.55
469,1945,5.0,3.9
377,7063,5.0,3.75
610,6620,4.0,3.3
606,2858,4.5,3.75
109,39,3.0,3.0
171,32,5.0,3.9
474,3629,4.0,2.5
357,27329,4.0,3.7
586,6365,4.0,3.65
68,59126,4.0,3.95
310,58,4.5,3.5
561,101362,2.0,2.85
103,2144,4.0,3.55
497,2762,5.0,3.65
55,1947,0.5,4.05
469,3763,3.0,3.4
31,788,2.0,3.36
18,8644,3.5,3.45
469,1253,3.0,4.18
306,100390,3.5,3.05
95,8636,4.5,3.85
140,165,4.0,3.3
409,2657,4.0,3.1
546,3190,4.0,3.25
448,5522,5.0,2.85
264,3510,4.5,3.4
474,5572,3.5,2.7
480,7263,3.0,3.9
474,1013,3.0,3.1
408,49272,5.0,3.45
474,5034,5.0,2.8
303,3703,5.0,3.9
335,593,3.5,4.36
68,40629,4.0,3.45
195,1682,4.0,3.2
247,74458,4.0,3.8
414,46335,2.5,2.7
586,1200,5.0,4.5
606,4370,3.5,3.05
232,48385,3.5,3.2
292,2989,4.0,3.0
464,1779,3.5,3.3
432,3082,3.0,3.65
140,1393,4.0,3.6
474,4495,5.0,3.25
517,910,4.0,3.5
246,53125,4.5,3.05
480,3968,3.5,3.1
282,1240,4.5,3.95
569,434,4.0,2.8
58,368,4.0,3.8
249,112556,5.0,4.3
385,786,3.0,2.91
122,95088,4.0,3.2
414,5620,2.0,3.46
198,357,5.0,4.0
226,2918,4.5,3.75
474,4509,1.5,3.75
182,3629,4.5,3.55
119,106782,4.5,3.3
534,4896,4.0,4.05
321,597,3.0,3.5
274,51662,4.0,4.05
95,1011,4.0,3.3
600,1214,2.5,3.95
19,915,2.0,4.15
448,4053,2.0,2.55
259,7361,4.0,4.05
599,6378,2.5,3.86
328,1282,5.0,3.85
232,2268,4.0,3.3
148,54001,4.0,3.65
567,122892,2.0,3.35
7,3869,5.0,3.75
489,368,3.0,2.7
563,5991,3.5,3.85
64,2355,4.0,3.4
217,954,4.0,4.3
245,1361,3.0,3.65
189,54286,4.5,3.95
1,1500,4.0,3.5
432,6016,4.0,3.95
282,48738,4.5,3.85
28,5292,3.5,3.0
62,122912,4.0,3.95
274,38992,3.5,3.35
28,51935,2.5,3.3
58,31,4.0,3.9
462,589,2.5,3.91
82,170,3.0,3.59
448,2001,3.5,3.3
280,7451,5.0,3.55
28,49272,3.5,3.75
540,6539,4.5,4.05
75,1090,1.0,3.45
314,151,3.0,3.17
275,300,3.0,4.05
469,3767,2.0,3.35
365,96737,1.5,3.15
45,3285,3.0,3.68
318,154,3.0,3.25
563,49286,3.5,3.55
590,2791,3.0,3.8
600,2997,4.5,3.59
380,3471,3.0,3.75
509,1088,3.0,3.7
113,2340,1.0,3.68
567,2951,1.5,4.05
370,4226,3.5,3.9
346,7178,3.0,3.9
187,223,4.5,3.75
215,1246,4.5,4.05
176,39,3.0,3.88
62,53464,3.0,3.0
274,5218,3.5,3.4
541,608,3.0,3.8
453,1089,5.0,4.05
418,88125,4.5,3.75
520,1250,4.0,3.1
45,1037,4.0,3.55
567,114627,3.5,3.05
237,293,4.0,4.36
290,3362,4.0,3.6
597,1099,4.0,3.35
483,4823,3.5,3.65
610,122904,3.0,3.6
280,60293,4.0,3.7
232,69757,5.0,3.65
246,1884,4.0,2.9
391,260,5.0,4.09
74,8341,3.5,3.2
211,78499,4.0,4.0
420,3545,3.5,3.55
220,1589,3.5,2.8
119,102903,5.0,4.25
249,45722,3.5,3.35
105,9010,4.5,3.65
573,96079,5.0,3.55
156,2369,4.0,2.45
305,7981,5.0,4.05
469,728,3.0,3.4
292,3948,2.0,2.95
318,32511,4.5,3.55
473,2959,4.0,3.65
448,159077,2.5,3.4
140,6299,3.0,3.35
313,2011,1.0,2.55
45,441,3.0,3.59
474,224,3.5,3.5
111,140110,4.5,4.15
298,1923,2.5,3.05
604,442,4.0,3.65
219,6893,2.5,3.4
484,3177,4.0,3.35
599,3510,2.5,3.1
91,832,3.0,3.75
103,58803,4.0,3.8
559,344,3.0,3.35
82,2383,2.5,2.55
249,49824,3.5,3.6
455,589,3.0,3.9
109,329,2.0,3.0
51,4876,3.0,3.95
490,6333,2.5,3.7
610,101741,3.5,3.05
274,35957,3.5,3.6
362,110,4.0,3.75
474,1269,3.5,3.82
372,1245,3.0,3.9
86,6373,4.0,3.4
561,145,3.0,3.55
226,1527,4.5,3.95
213,858,4.0,3.55
428,3751,2.0,2.8
287,2633,2.0,2.95
68,89492,4.5,4.0
168,1219,4.0,4.2
282,2948,4.0,3.65
474,47099,4.0,3.4
474,4210,3.5,3.0
166,5445,4.0,3.9
341,135887,4.0,3.55
330,33794,3.0,3.85
603,4017,4.0,3.23
474,6357,3.0,3.6
480,3943,4.0,3.64
249,59315,4.5,3.64
422,2598,3.0,3.4
285,1093,2.5,4.05
610,51255,5.0,3.85
599,3342,2.5,3.5
450,3952,4.0,3.7
97,4022,5.0,3.5
357,339,3.5,3.65
115,1241,1.0,3.85
125,6539,4.0,3.25
381,318,3.5,3.75
387,1291,3.5,4.05
240,339,3.0,3.25
80,85414,4.5,3.8
602,509,1.0,3.67
111,157296,4.5,3.7
125,111743,4.0,3.8
562,2028,3.0,4.27
58,527,5.0,4.15
19,1278,4.0,4.21
239,353,3.5,3.68
247,1196,4.5,4.5
519,356,5.0,4.0
140,3055,3.0,3.65
555,1544,4.0,2.85
182,3812,4.0,2.75
610,129313,4.0,2.5
261,81591,4.5,4.1
424,81591,3.5,3.05
230,52715,2.0,3.0
462,1210,1.0,3.95
495,80463,5.0,3.95
35,50,5.0,3.7
498,47,3.0,3.3
600,440,2.5,3.35
414,720,5.0,2.73
606,4056,3.5,2.9
500,2289,3.0,3.25
520,68157,4.5,3.8
233,1298,4.0,3.4
414,47099,3.5,3.6
609,650,3.0,3.0
62,8984,5.0,3.45
83,1222,5.0,3.75
220,1196,5.0,4.4
603,2540,3.0,2.85
432,50,3.0,4.0
564,90522,4.0,3.6
480,594,3.5,3.73
3,720,0.5,3.7
300,8950,3.0,2.9
606,50842,4.5,3.9
159,5377,2.0,3.65
545,1779,3.0,3.65
199,8528,3.0,3.25
274,3081,4.0,3.6
448,86880,1.5,3.85
74,5893,2.5,4.25
116,1088,4.5,4.1
232,2018,1.5,4.0
339,1231,5.0,4.3
68,8623,3.5,4.15
307,7346,2.5,3.4
198,2338,1.0,4.0
610,31685,3.0,3.5
368,3432,2.0,3.55
331,122882,5.0,3.05
567,95510,2.0,3.6
89,26429,4.0,3.9
202,2951,4.0,3.85
332,89745,2.5,3.8
294,2098,2.0,3.3
199,923,5.0,4.0
183,1220,4.0,4.0
266,1466,5.0,3.4
606,8501,4.0,2.7
19,3704,2.0,2.4
603,121,4.0,3.7
156,3283,2.0,3.1
331,49530,3.5,3.95
111,55276,4.0,3.8
287,2505,1.0,3.7
548,1196,3.5,4.27
555,1198,4.0,4.18
100,2496,4.0,3.45
298,4388,2.0,3.2
610,49932,4.0,3.5
201,2641,3.0,3.35
599,6909,2.5,2.8
156,1960,4.0,2.8
87,2139,3.0,3.3
232,3275,4.5,3.5
387,8574,2.5,3.3
393,6333,5.0,3.9
599,235,3.5,2.91
382,55247,5.0,3.25
318,616,3.5,4.2
365,4993,3.5,3.85
428,2581,2.0,3.9
63,10,3.0,3.8
163,1515,3.0,3.7
382,4447,3.5,3.6
450,70,2.0,3.4
357,926,5.0,4.35
192,47,3.0,4.2
266,24,1.0,3.4
599,5556,1.5,3.0
545,2763,4.0,4.15
603,2104,4.0,3.1
314,703,2.0,3.35
475,122886,4.5,3.6
177,71464,2.5,3.55
291,91542,4.0,3.6
590,1196,5.0,4.4
606,640,2.5,3.45
234,2985,4.0,3.6
52,57669,5.0,3.85
190,4886,4.0,4.05
146,880,2.0,3.8
156,2395,3.5,2.25
365,94677,3.0,3.6
382,2687,4.5,3.85
368,2476,3.0,3.4
141,8368,4.0,3.35
415,4958,3.5,3.55
438,2701,2.0,3.45
381,5872,4.0,3.55
140,3555,4.0,3.8
522,3243,1.5,3.55
59,1797,5.0,3.0
376,2115,4.5,3.55
50,104913,2.5,3.95
177,2023,2.0,4.1
62,2571,5.0,3.8
561,115617,3.0,3.1
184,193567,3.0,3.8
274,31427,2.5,2.85
233,5995,4.0,3.95
357,4022,4.0,3.75
244,507,2.0,3.4
83,81845,4.0,4.3
298,4900,2.5,3.45
274,2096,3.0,3.3
448,5055,3.0,3.55
526,318,4.0,3.95
274,5047,4.0,3.05
307,60037,2.0,3.65
577,1090,3.0,3.75
480,4728,1.5,2.9
263,2081,4.0,3.1
520,73017,5.0,4.05
120,141,3.0,3.4
466,4963,5.0,3.95
165,5505,3.0,3.05
19,866,2.0,3.5
592,276,3.0,3.1
438,4019,4.0,3.23
414,1810,3.0,3.3
357,1225,5.0,4.36
326,74458,4.5,3.73
139,5110,2.0,3.9
249,53322,4.0,3.25
600,2291,4.5,4.1
580,2028,5.0,4.3
105,1230,4.0,4.2
263,2006,4.0,3.3
489,5992,3.5,3.95
352,112556,4.0,4.2
202,999,4.0,2.95
561,466,3.5,3.5
489,1727,3.5,3.45
606,5187,4.0,3.05
381,1080,4.0,3.95
109,36,5.0,3.15
610,111759,4.0,2.75
135,593,5.0,3.8
597,2273,4.0,2.8
210,4995,4.5,4.09
305,68157,5.0,4.1
603,1265,5.0,4.1
274,32298,1.5,3.05
217,379,3.0,3.0
480,30793,4.0,3.35
594,587,5.0,4.41
356,2717,4.0,3.85
414,6281,2.5,3.5
365,2804,3.5,4.0
121,380,3.0,3.14
517,3257,4.0,3.6
244,380,4.0,3.75
254,5319,4.5,2.5
599,6734,2.0,2.75
608,589,3.0,3.32
169,5957,4.0,3.6
477,905,4.0,4.05
608,5902,4.0,3.85
448,2890,3.0,3.35
536,329,3.0,4.05
307,44397,1.5,3.95
230,33166,1.5,3.55
357,5620,3.5,4.15
341,2694,4.0,3.05
307,4025,1.5,3.35
103,4016,3.5,3.95
452,1717,5.0,3.25
263,2987,3.0,3.82
582,81229,4.0,3.25
532,1721,5.0,3.25
559,588,4.0,3.65
599,50,3.5,4.0
448,2990,4.5,4.25
274,27801,4.0,2.8
28,349,3.0,3.85
298,6537,3.0,2.73
307,49530,4.5,3.85
110,2468,3.0,3.4
200,357,4.0,3.88
313,2640,3.0,3.2
522,8784,2.0,3.2
33,1060,5.0,4.6
206,7,4.0,3.95
336,2699,3.5,3.4
382,8643,2.5,3.6
318,108928,3.0,3.55
528,106782,4.0,4.25
483,1591,3.5,3.09
391,368,4.0,3.0
448,140110,2.5,3.8
425,1625,4.0,3.55
380,36529,5.0,3.5
278,54272,5.0,3.25
219,3717,2.5,3.7
493,876,5.0,4.1
552,3421,4.0,3.55
590,2424,3.0,3.65
68,2571,4.5,3.9
414,1513,3.0,3.55
81,589,5.0,3.09
362,60684,4.0,4.0
199,3256,3.0,3.85
219,10,4.5,3.05
465,3334,5.0,4.1
412,1284,5.0,3.95
603,2469,1.0,2.65
68,2001,3.0,3.15
573,2985,4.5,3.45
199,8983,3.5,3.45
288,1665,3.0,3.45
517,2384,4.5,3.25
448,101360,1.5,2.65
332,1296,3.5,4.0
608,2294,4.0,3.7
438,7376,3.0,3.65
599,542,2.0,2.9
283,1641,2.0,3.25
280,80463,3.5,3.3
249,27801,4.0,3.05
93,1356,5.0,4.1
159,45720,4.0,2.7
448,5009,2.5,3.82
477,3671,4.5,3.7
409,3244,4.0,2.9
590,592,3.5,3.95
268,1234,4.0,4.65
265,2529,4.0,3.75
528,51037,3.5,3.0
249,122918,4.5,4.15
596,134130,4.0,3.6
414,8360,4.0,3.36
409,296,5.0,4.32
414,7137,3.5,3.7
433,74458,3.0,4.4
318,33004,4.0,3.25
287,1753,3.0,2.5
509,4700,3.5,3.25
298,6586,2.5,2.9
52,55363,3.0,3.8
57,1616,3.0,3.7
435,216,5.0,3.55
561,78105,3.0,3.1
249,93563,3.0,3.65
489,39,3.5,3.4
174,485,3.0,4.0
374,595,3.0,3.7
512,349,3.0,3.15
580,7842,4.5,2.85
156,4014,1.5,3.95
174,186,3.0,3.3
156,8128,4.0,3.6
534,1876,4.0,3.0
414,45635,3.0,2.65
474,36276,3.5,2.8
474,6947,3.5,3.5
21,296,3.5,3.7
306,35836,2.5,3.6
51,6708,5.0,3.65
68,6659,3.0,3.65
356,2359,4.0,3.95
514,160571,3.0,3.05
522,8874,4.0,3.5
287,2710,1.0,2.77
73,54503,1.5,3.7
414,2236,4.0,3.1
61,1213,4.0,4.2
479,31,3.0,3.95
586,167036,4.0,3.5
274,48,2.0,3.67
232,58998,4.5,3.45
509,136838,2.5,2.0
542,1997,1.5,3.14
307,3252,3.0,3.05
239,2023,4.0,3.95
561,94864,2.0,3.4
419,69860,5.0,3.9
66,1073,4.5,3.5
125,149146,4.0,3.15
424,79132,2.5,3.91
381,7004,3.5,3.59
249,1079,4.0,4.3
287,4903,1.0,3.73
140,1961,4.0,3.65
249,99117,2.5,3.8
483,2700,4.0,3.0
170,110,4.0,4.2
517,46530,2.5,3.15
572,1954,4.0,4.25
603,21,5.0,3.04
244,3020,2.0,3.1
84,1184,3.0,3.73
597,2770,2.0,3.55
414,93840,4.5,3.95
588,350,3.0,3.8
218,1198,4.0,4.5
91,2097,2.0,3.85
136,153,3.0,3.15
414,5673,5.0,3.95
44,12,1.0,3.8
610,924,4.5,3.64
462,82857,4.5,2.05
489,94130,3.5,2.55
160,5903,3.0,3.35
19,673,1.0,3.1
84,1244,4.0,4.5
182,1196,3.0,4.27
220,3421,4.5,3.35
380,8361,3.0,3.9
419,5480,0.5,3.0
452,1617,5.0,4.0
225,1136,3.0,3.45
290,3435,5.0,3.5
66,1027,3.5,3.1
597,2539,3.0,2.8
542,1784,3.5,3.75
420,2186,4.0,4.15
606,30707,4.0,3.6
552,3911,4.0,3.55
391,3503,5.0,3.9
555,1962,5.0,3.65
18,356,4.5,3.8
366,109487,5.0,4.25
177,1283,4.0,3.7
151,743,4.0,4.0
448,2788,4.0,3.95
29,1250,5.0,3.68
274,81932,4.0,3.9
129,6218,4.5,3.65
606,198,4.0,3.45
494,1201,4.0,4.25
514,4564,2.0,3.25
199,1214,4.0,3.82
95,3994,3.0,3.8
73,5299,3.0,3.75
414,1625,4.0,3.9
182,3752,3.0,3.55
7,5349,3.5,3.35
323,440,2.5,2.8
367,928,4.0,4.0
524,748,4.0,3.25
307,3114,3.0,3.4
8,432,1.0,3.1
275,4901,3.0,3.4
351,92422,3.5,3.15
109,32,4.0,3.7
425,7143,3.5,3.55
33,2336,2.0,3.15
182,3729,4.0,3.6
315,1949,3.0,3.95
414,80969,4.0,4.2
477,3462,4.0,3.65
460,54259,4.0,3.75
420,3147,4.5,4.0
246,6618,4.0,3.23
286,7438,5.0,3.73
608,588,3.0,3.35
325,3015,4.0,3.0
607,2253,3.0,2.75
330,3793,4.0,2.8
140,210,3.0,3.6
169,6155,4.5,3.4
64,4886,4.0,3.95
381,6659,1.0,3.55
610,60684,3.5,3.45
391,2248,4.0,2.85
408,119145,2.0,3.7
462,2527,4.0,3.55
249,65810,3.0,3.1
414,1100,3.5,3.35
606,2000,2.5,2.75
64,2683,4.0,3.65
599,55116,2.5,3.3
202,2421,3.0,3.6
290,910,5.0,4.18
596,52722,2.5,2.65
298,56715,3.0,3.5
60,2150,4.0,3.55
474,5755,2.0,3.05
605,1411,3.0,3.7
7,32296,2.0,3.65
419,1876,4.0,3.3
68,1729,3.0,3.45
125,62336,4.5,3.8
477,2174,3.0,3.7
573,1391,1.5,3.55
391,2171,3.0,3.95
305,4639,4.0,2.77
122,60074,3.5,3.6
414,1343,4.0,3.65
608,6827,0.5,3.25
387,8199,4.0,3.85
596,141749,3.5,2.85
292,111360,2.0,2.65
16,1089,4.0,3.7
249,143365,2.5,3.6
448,155743,2.0,2.8
599,8860,3.0,3.3
414,262,4.0,3.4
607,2398,5.0,3.5
199,3362,4.0,4.0
306,4720,3.0,2.65
464,16,4.5,3.33
210,2716,4.5,3.82
599,1243,3.0,4.08
292,101864,4.0,3.15
387,4298,4.5,3.85
254,8874,3.5,3.5
414,48412,2.5,4.15
593,539,4.0,3.8
462,2693,4.5,3.27
195,434,3.0,3.5
19,2701,1.0,3.0
517,1955,2.5,3.0
534,5952,4.0,3.5
352,2329,4.5,4.55
105,68554,4.5,3.65
298,112556,3.0,4.35
68,86880,1.5,3.4
365,27706,2.0,3.3
249,128360,4.5,3.5
105,31658,4.0,3.6
268,2599,4.0,3.0
368,2404,2.0,2.9
328,608,5.0,4.35
465,2571,4.0,3.3
599,3511,0.5,3.09
561,8371,2.0,3.2
177,106696,5.0,3.25
524,1250,4.0,3.4
280,2105,2.0,3.55
18,64839,3.5,3.55
307,8873,4.5,3.85
202,2344,4.0,3.95
477,1208,5.0,3.79
380,70361,3.0,3.8
590,7458,3.0,3.5
480,1393,4.0,3.65
274,76175,3.0,3.1
7,49272,4.5,3.45
462,25788,3.5,3.9
331,7153,4.5,3.73
432,480,4.5,3.5
448,95307,2.0,3.25
2,89774,5.0,3.75
226,6796,4.0,3.65
135,3476,4.0,3.75
40,329,3.0,4.1
594,31433,4.5,3.1
64,647,3.5,4.15
414,61132,4.0,3.2
387,367,3.0,2.7
132,3882,2.5,3.6
608,423,3.0,3.1
307,5452,1.0,2.9
95,1042,4.0,3.9
356,349,3.5,3.41
483,1717,2.0,2.95
331,116797,4.0,3.7
561,7361,3.0,3.95
563,129354,3.0,2.5
393,1199,5.0,4.42
489,2739,4.0,3.5
307,47,4.0,4.4
526,7147,4.5,3.95
307,58287,1.0,3.1
73,102407,3.5,3.95
163,1784,4.0,3.4
234,4022,4.0,3.45
610,377,5.0,3.5
600,2936,5.0,3.85
279,5952,5.0,3.45
483,30707,4.0,4.0
21,106491,3.5,3.25
600,5943,3.0,2.85
434,736,2.5,3.25
414,7458,4.0,3.15
43,7,5.0,4.0
490,69757,4.0,3.6
484,5135,2.0,3.6
322,4027,3.5,3.9
380,1234,5.0,3.65
111,54732,3.5,3.25
474,222,4.0,3.5
380,6936,3.0,3.8
368,2990,3.0,3.73
249,904,3.5,3.75
448,104078,4.0,2.7
600,1247,3.5,4.1
103,1610,3.5,4.2
603,2023,2.0,3.6
525,3897,4.5,3.35
290,2937,4.0,3.9
522,97304,2.5,3.6
312,1391,4.0,3.5
76,48,0.5,3.85
448,55765,4.0,3.6
488,3451,5.0,3.8
221,492,4.5,2.95
238,4498,4.0,3.15
298,3698,2.5,2.8
555,466,2.0,3.1
50,107565,1.5,3.45
402,736,3.0,3.91
115,3499,5.0,3.85
483,2291,4.0,3.59
99,150,5.0,4.05
414,3261,4.0,3.1
84,102,1.0,3.45
534,54503,3.0,4.18
249,4247,3.0,3.6
474,1035,5.0,3.35
586,166643,3.5,3.4
453,2335,4.0,4.0
332,431,3.5,2.65
346,3910,3.5,3.8
599,5337,3.0,3.4
6,494,3.0,3.4
280,2052,4.0,2.4
226,4215,2.5,3.55
610,60074,3.0,3.9
232,2501,4.0,3.55
20,2081,5.0,3.3
139,5013,3.0,3.7
448,2796,3.0,3.73
480,3037,4.0,3.45
70,91077,4.0,2.75
466,74458,4.5,4.15
287,551,4.0,3.0
380,32456,4.0,3.65
414,1208,5.0,4.5
125,62434,4.5,3.8
230,2710,3.0,3.25
234,1359,4.0,3.55
153,2378,0.5,2.55
448,5060,4.0,3.55
103,784,3.0,3.1
105,6187,5.0,3.7
555,216,3.0,3.25
201,1573,4.0,3.95
274,78088,3.0,2.75
597,1748,3.0,3.15
255,3501,1.0,3.5
274,61132,3.5,3.75
480,32291,4.0,2.6
91,3421,3.5,3.85
105,110586,4.0,3.55
91,7454,2.0,3.4
365,6874,2.5,4.0
68,55267,3.0,3.85
107,432,4.0,2.5
339,1219,4.0,3.95
239,2628,3.5,3.4
483,56339,4.5,3.65
414,2411,3.0,3.2
57,1858,3.0,3.35
599,2525,2.0,3.68
186,2968,3.0,3.95
256,173,5.0,3.6
448,90343,2.5,3.2
288,273,2.0,3.0
275,4873,2.0,3.91
91,349,3.0,3.36
318,105250,4.0,3.3
211,1223,3.5,3.75
577,1253,4.0,3.1
380,2871,4.0,3.3
274,2325,1.5,3.85
448,50,4.0,4.15
580,4148,4.0,3.1
84,277,3.0,3.65
249,4979,4.0,4.1
590,63082,4.5,4.05
395,172,4.0,2.8
522,780,3.5,3.36
414,112852,4.0,3.4
204,59604,4.0,3.0
247,1022,2.0,3.65
601,3000,4.0,3.65
199,1590,2.0,3.9
315,1084,4.0,4.0
232,69844,3.5,4.2
41,2959,4.0,3.5
56,786,4.0,3.45
511,115149,4.0,3.85
464,367,2.5,3.2
474,7190,3.5,3.35
365,105213,3.5,3.1
42,4679,4.0,3.15
80,2959,5.0,3.45
303,1358,5.0,3.5
41,53519,0.5,3.25
551,79132,4.0,3.9
560,79702,2.5,3.8
608,7137,4.0,3.55
448,3418,3.0,3.5
186,3516,4.0,3.5
610,102125,5.0,3.6
519,1704,5.0,3.45
42,2628,3.0,3.55
27,2161,4.0,3.25
414,5416,5.0,3.25
610,87876,2.5,3.2
332,3160,4.5,3.9
93,590,5.0,3.92
169,4963,4.5,4.35
315,924,3.0,3.65
318,5137,3.5,2.95
318,30812,3.5,3.3
600,2657,4.5,3.32
50,1,3.0,3.95
414,3740,5.0,3.55
28,6867,4.0,3.55
480,39381,4.0,2.6
298,105844,2.5,3.55
534,69805,4.0,3.8
484,8950,3.0,2.65
381,3157,2.5,4.1
220,60069,5.0,3.75
474,892,3.0,3.8
599,119218,2.5,3.95
351,64622,3.5,3.75
438,5093,2.0,2.55
610,142366,3.0,3.15
380,26585,4.0,4.1
119,1270,4.0,4.65
19,289,2.0,3.6
304,954,5.0,4.12
103,139642,3.5,3.1
515,168252,5.0,3.9
376,912,4.0,3.9
370,2502,4.0,3.4
599,6723,2.0,3.05
610,103228,4.5,3.0
219,61348,0.5,3.1
274,1345,3.5,3.77
517,916,3.0,3.55
362,6,4.0,3.75
597,1906,3.0,3.4
207,2707,3.5,3.1
509,111659,3.5,2.65
437,81,3.0,2.82
446,733,3.0,3.45
448,316,3.0,4.2
117,296,4.0,4.3
137,1293,4.5,3.65
233,648,3.0,3.15
474,638,3.0,3.25
406,261,4.0,3.5
469,1257,4.0,4.05
141,2028,4.0,3.35
298,8914,4.0,2.8
391,4901,3.0,3.3
263,4994,3.0,4.1
356,60293,5.0,3.55
382,2671,3.5,3.35
509,4519,3.0,3.4
446,592,3.0,3.86
76,51662,3.0,3.73
18,1234,4.5,4.09
6,179,1.0,3.4
216,2926,3.0,3.45
96,110,5.0,4.2
474,25952,4.0,3.6
182,4389,5.0,2.8
57,1275,5.0,4.1
103,1348,4.0,3.82
89,53460,3.5,3.05
221,32584,3.0,3.3
93,34,5.0,3.8
76,5956,3.5,3.8
45,1307,3.0,4.4
599,6709,2.0,3.85
200,8638,1.0,2.95
202,2411,2.0,3.45
474,6662,2.5,3.8
274,1882,1.5,3.65
376,150,5.0,3.23
140,1198,4.0,3.8
147,186,1.5,2.8
600,6100,4.0,3.18
279,541,5.0,3.5
199,5574,1.5,3.6
555,4084,3.0,3.8
328,1968,2.5,3.4
104,1253,3.0,4.05
21,108156,3.0,3.75
387,5265,3.0,3.14
387,906,3.5,4.05
249,2485,3.0,3.45
361,49278,4.0,3.7
365,142222,1.5,3.65
105,3307,5.0,3.65
513,6145,2.0,2.35
505,70293,2.0,3.85
57,1127,4.0,3.7
380,5507,3.0,3.2
223,7541,3.5,3.65
448,7016,1.0,2.65
198,1394,1.0,3.3
17,1259,4.0,3.77
186,1931,5.0,3.75
83,1653,3.5,3.65
372,318,5.0,3.65
610,91658,4.0,3.55
52,68954,4.0,3.95
363,1552,3.0,3.0
560,105213,2.5,2.4
141,34162,3.5,3.2
527,1968,5.0,3.15
606,26777,4.0,2.85
354,225,3.5,3.15
274,41566,2.5,3.5
298,103772,3.0,3.4
395,616,3.0,3.85
111,2718,4.0,3.5
474,2726,4.5,3.18
314,7,4.0,3.5
212,122886,3.5,3.8
91,3984,3.5,3.15
522,89492,4.0,3.6
610,3481,4.0,3.0
318,160563,3.5,3.0
217,1101,4.0,2.95
268,2064,2.0,3.7
314,924,5.0,3.65
597,2028,5.0,3.6
178,1810,4.5,3.6
359,2987,3.5,3.2
372,316,5.0,3.65
292,79702,2.0,3.4
159,339,3.0,3.2
286,356,4.5,3.7
346,32179,4.0,2.7
307,4885,2.0,3.35
319,139385,4.5,4.15
484,48,4.5,3.75
596,1214,4.0,3.95
361,260,2.0,3.75
331,54259,3.0,3.6
483,3699,3.0,2.6
564,1923,4.0,3.7
357,69757,3.5,3.5
432,364,5.0,3.3
294,1373,3.0,3.14
84,164,4.0,3.55
462,500,0.5,3.45
324,3897,4.0,3.1
314,500,3.0,3.1
438,379,3.5,3.6
151,761,1.0,4.0
156,2926,3.0,3.5
434,231,4.0,2.35
474,2787,2.0,3.3
510,34148,3.0,3.2
159,49286,2.0,4.05
318,86377,4.0,3.25
84,628,4.0,3.65
573,3753,4.5,3.55
421,61132,0.5,3.2
40,434,3.0,3.6
232,76251,4.5,3.6
159,46976,1.0,3.4
232,6541,3.0,3.36
299,3499,5.0,3.2
493,3793,3.0,3.15
122,2542,5.0,3.5
560,3949,4.0,3.91
39,2947,3.0,3.35
462,2762,2.5,4.64
182,3717,2.5,3.25
474,6376,2.5,3.59
555,1968,5.0,3.3
38,203,3.0,3.0
610,1213,5.0,4.2
391,110,5.0,3.91
100,916,4.5,3.95
600,2122,3.0,2.75
6,440,4.0,3.1
380,115149,5.0,3.9
414,5810,4.0,3.5
21,117368,3.5,3.5
474,230,3.5,3.2
477,7439,3.0,3.55
562,2396,4.5,3.3
525,41571,3.5,3.36
187,3160,4.0,3.45
414,2987,4.0,3.55
226,150,4.5,3.75
393,106642,5.0,3.7
363,50,4.0,4.15
1,1198,5.0,4.4
600,4361,4.5,3.45
314,50,4.0,3.7
600,1034,2.5,3.1
600,337,4.0,3.0
474,40819,4.0,4.15
603,549,4.0,3.35
479,5365,4.0,3.45
263,34,4.0,3.7
599,2470,3.5,2.45
62,136020,4.5,2.95
446,236,3.0,3.0
105,108727,4.5,4.05
232,42011,3.0,3.1
298,27904,3.0,3.55
198,5445,5.0,3.45
597,1964,3.0,3.95
448,1863,3.0,3.6
590,69122,3.0,3.6
160,1037,2.0,3.6
385,215,3.0,3.09
274,3986,4.0,2.95
414,2253,1.0,2.9
298,4979,3.0,3.18
22,6711,4.0,3.85
599,1517,3.5,3.55
249,53125,3.5,3.05
218,2302,2.5,3.65
332,2959,4.5,4.09
517,597,3.0,3.8
554,307,5.0,4.0
599,6548,1.5,2.75
318,3266,3.5,3.05
432,4023,4.0,3.3
68,231,3.5,3.55
33,1784,2.0,3.55
177,94478,3.0,3.75
260,6283,3.5,3.4
381,51698,3.5,3.6
387,2617,1.0,3.15
202,919,4.0,4.1
97,3578,4.0,3.8
187,27912,4.0,3.6
156,2712,4.0,2.65
117,804,3.0,3.7
307,8814,2.0,2.8
464,74727,5.0,3.0
146,830,4.0,3.35
606,32234,4.0,2.85
160,3702,1.5,3.6
414,25,3.0,3.1
524,457,5.0,3.55
144,32,4.0,3.95
298,3254,2.5,2.77
275,1136,5.0,4.15
19,2793,2.0,3.0
288,3494,4.0,3.45
534,2947,4.0,3.8
603,2356,1.0,3.1
263,2918,3.0,3.6
61,7153,4.5,3.85
570,2763,3.0,3.85
610,133832,3.5,3.55
325,190,5.0,3.6
105,905,4.0,4.3
98,63992,2.0,2.15
438,832,4.0,3.18
298,26903,2.5,3.4
129,253,3.5,3.1
239,5679,2.5,3.35
604,588,3.0,3.55
144,2571,4.0,3.25
590,59315,3.5,3.95
610,160341,2.5,2.9
580,3081,4.0,3.5
202,592,3.0,4.36
474,3681,3.5,4.0
462,34048,1.5,3.0
448,102025,0.5,3.55
517,94070,4.5,2.2
91,5294,3.5,2.8
599,176419,3.5,4.0
528,4011,5.0,3.86
298,104374,2.5,3.15
610,110501,5.0,2.45
368,185,2.0,2.6
220,1089,3.5,3.1
305,7153,5.0,2.9
381,55267,4.0,3.45
414,2096,4.0,2.91
7,356,5.0,3.45
555,1909,4.0,3.35
33,32,3.0,3.82
599,163809,2.5,3.65
447,315,4.0,4.2
38,590,4.0,3.9
62,168252,5.0,3.65
480,608,4.0,3.75
292,80463,4.0,3.35
380,6952,3.0,3.3
49,1097,4.5,3.75
268,1840,3.0,3.1
102,3,5.0,3.91
185,5377,3.0,3.5
111,4308,2.5,3.8
573,1573,4.5,3.55
68,1243,1.0,4.3
483,1589,2.5,3.1
317,110,5.0,3.68
20,3159,5.0,2.85
352,104879,5.0,3.6
177,585,2.5,3.86
594,6754,5.0,3.3
220,1036,5.0,3.5
480,46530,3.0,3.65
111,63131,4.0,3.95
239,3994,4.5,3.25
480,953,4.0,3.95
91,2137,3.0,3.77
326,97,3.5,3.15
304,11,5.0,3.75
561,5418,4.5,3.9
105,120466,4.0,3.9
18,1221,5.0,4.05
525,2,3.5,3.6
574,434,4.0,2.95
10,109374,0.5,3.7
171,720,5.0,3.8
136,145,3.0,3.65
599,68952,2.5,4.0
294,260,5.0,3.2
610,66943,3.5,3.75
468,410,3.0,3.3
483,1917,3.0,3.4
274,5481,2.5,3.0
438,5080,1.0,2.85
276,1367,4.0,3.3
226,5501,1.5,2.9
318,39292,4.0,3.25
249,4701,4.0,3.5
223,5349,4.0,3.8
509,110102,3.5,3.5
380,5364,3.0,3.55
365,122904,3.5,3.75
308,4963,1.0,3.35
274,6879,3.5,3.14
132,2424,3.5,3.45
132,1042,3.0,3.9
608,3484,3.0,3.35
139,5400,1.5,3.25
67,293,5.0,4.0
430,318,5.0,3.75
15,3147,5.0,3.15
607,724,4.0,2.65
527,1372,4.0,4.1
334,52952,3.5,3.55
68,7320,3.0,3.35
177,4018,3.0,3.45
91,3882,2.0,3.25
477,296,4.5,4.15
294,1641,2.0,2.9
369,934,3.5,3.8
414,3225,1.0,2.85
166,6377,4.5,3.95
68,3675,4.0,3.85
66,586,3.0,3.1
239,2840,3.5,3.8
177,60126,3.0,3.5
489,733,3.5,4.25
164,1356,4.0,3.35
22,5816,0.5,3.15
354,3578,3.5,3.68
305,56367,5.0,4.1
68,6944,4.5,3.7
492,818,3.0,3.45
19,597,3.0,3.95
480,8958,4.0,3.45
305,2791,5.0,2.9
264,653,2.5,3.75
182,6305,4.5,3.1
434,110,4.5,3.55
282,780,3.5,3.25
483,5309,2.5,2.59
380,6979,3.0,3.25
95,3702,5.0,3.85
202,1240,4.0,4.2
356,5792,5.0,3.25
141,122904,5.0,3.7
80,4886,4.0,3.55
610,6003,4.0,3.55
89,151739,2.0,3.75
408,122904,3.5,4.1
29,1100,3.5,3.95
564,106330,2.0,3.1
480,5782,4.0,3.05
68,6879,3.5,3.5
230,6365,4.0,3.25
534,104129,4.5,3.35
533,1997,5.0,3.95
28,16,2.5,3.35
448,6888,1.5,3.8
124,1405,4.0,3.45
368,2819,3.0,2.8
241,2160,2.0,3.8
270,9,3.0,3.38
184,117887,4.5,3.35
279,480,4.0,3.55
288,587,3.0,3.7
304,1587,2.0,3.09
19,2606,4.0,3.32
469,2023,3.0,3.85
124,2353,3.0,3.55
414,2006,2.0,3.55
354,48516,4.0,4.41
292,32,2.0,4.0
82,1221,3.0,3.95
330,6460,4.5,2.7
305,80489,4.0,3.55
355,900,5.0,4.3
379,316,3.0,3.85
125,56174,2.0,3.35
606,5952,4.5,4.2
504,3408,3.5,3.3
414,1277,5.0,4.5
210,189547,1.0,2.7
479,3041,1.0,3.25
310,4963,4.0,3.75
232,69306,3.5,3.8
159,3252,1.0,2.15
534,112897,4.0,3.95
599,55290,3.0,3.05
523,37729,5.0,3.75
163,1717,3.0,2.85
91,8368,4.5,4.0
301,8360,4.0,3.1
62,58559,5.0,4.35
357,1593,4.0,2.73
232,70334,3.5,3.6
562,6323,4.5,3.55
64,6323,3.5,3.7
240,420,4.0,3.25
177,2053,2.0,3.5
36,1094,1.5,3.36
468,253,4.0,3.54
456,802,4.0,3.2
20,1380,5.0,3.65
226,5015,2.5,3.5
290,1231,4.0,3.55
606,41566,3.5,3.2
105,4018,3.5,3.36
222,4974,2.5,3.65
318,1961,3.5,3.05
10,129428,3.5,3.1
373,594,5.0,3.8
549,260,2.0,4.05
270,653,2.0,3.65
516,1198,4.0,4.45
221,4338,4.5,3.2
414,37384,3.0,2.8
469,3095,4.0,3.9
600,353,3.5,2.6
348,2019,5.0,4.1
307,2003,2.5,4.0
380,8865,4.0,3.6
453,2424,4.0,2.85
567,127298,3.5,2.95
599,6832,3.0,3.0
607,3020,5.0,3.75
525,147378,3.5,3.45
68,1201,3.5,4.14
599,40578,3.0,3.15
288,2797,4.0,3.25
256,3785,4.0,3.7
217,1380,3.0,3.7
599,2586,0.5,2.8
274,2706,3.5,3.1
448,113225,3.0,3.0
483,2843,4.5,3.85
246,3863,5.0,2.8
304,1717,3.0,2.7
285,1285,2.5,3.86
64,1217,5.0,4.35
606,39292,4.5,3.5
219,3175,2.0,3.3
103,69140,4.0,4.1
509,26776,3.5,3.55
432,71902,3.5,3.3
448,72405,2.0,3.6
606,31410,3.5,3.45
599,86142,3.5,3.4
489,61160,1.5,3.7
272,4993,2.0,3.75
318,97860,4.5,2.75
244,1573,2.0,3.77
232,47518,3.0,3.25
182,1228,4.5,4.3
273,180,4.0,3.4
18,8798,4.0,3.35
597,1227,4.0,4.09
21,2717,4.0,2.4
414,84152,4.0,3.65
448,5308,4.0,3.45
202,357,4.0,3.8
73,86833,5.0,3.7
182,1193,4.0,3.95
135,2746,4.0,3.9
410,4334,5.0,3.65
610,88163,4.0,3.95
132,2858,4.5,4.15
221,34048,2.5,3.05
474,2723,4.5,3.3
68,1416,1.5,3.6
534,8984,2.0,3.55
361,1580,3.5,3.1
567,903,0.5,4.35
105,356,3.5,3.8
428,2985,2.0,3.32
469,2731,4.0,3.45
294,470,1.0,3.6
40,44,3.0,3.59
62,89745,4.0,3.86
462,60333,4.0,2.85
599,3552,3.0,3.4
369,2371,2.5,3.2
275,2819,5.0,2.8
132,3081,3.0,3.6
199,56274,3.0,3.8
275,235,5.0,3.55
63,5464,4.0,3.1
200,3210,4.0,4.0
19,911,3.0,3.95
475,56171,5.0,3.6
376,1584,4.5,3.91
318,55765,4.0,4.1
344,2916,5.0,3.9
55,27831,5.0,3.55
89,86833,1.5,3.7
174,370,3.0,3.27
368,1515,2.0,2.75
597,1222,5.0,3.82
266,2288,4.0,3.95
328,8464,3.0,3.05
555,2240,3.0,3.95
191,348,5.0,4.1
187,50,4.5,3.55
306,142997,3.5,2.85
438,7143,4.5,3.75
249,77561,3.5,3.55
288,5881,3.5,2.4
132,2699,1.5,2.8
267,2858,4.0,3.86
414,54999,3.0,4.1
211,32587,4.0,3.6
560,133771,4.0,3.25
414,7090,4.0,3.8
599,438,2.0,2.82
596,4226,4.5,3.45
18,34150,3.5,3.6
424,104879,5.0,3.5
514,2915,4.0,3.8
52,64620,4.0,3.9
33,293,4.0,4.05
198,1247,3.0,4.23
474,2174,3.0,3.4
599,2161,4.0,3.3
357,440,3.5,3.32
274,2174,3.5,3.75
414,76763,3.5,3.5
599,3827,2.0,2.45
474,8207,4.0,3.7
484,2959,5.0,3.55
209,2762,4.0,3.8
424,1968,3.5,3.6
342,1959,3.0,3.95
596,98124,3.5,3.35
268,2511,5.0,3.65
290,227,3.0,3.15
489,2797,4.0,3.55
42,223,5.0,4.09
19,1461,3.0,3.15
195,1732,4.0,3.4
560,260,4.0,3.75
570,920,2.5,3.5
308,58559,4.0,4.35
313,3740,5.0,3.2
82,5459,4.0,3.35
73,52973,4.0,4.05
609,833,3.0,2.85
274,34319,3.5,3.25
51,7757,3.5,3.75
28,593,2.5,4.25
178,2329,5.0,3.68
23,7099,4.0,3.75
288,2944,3.0,3.8
215,778,3.0,3.25
199,2997,4.0,3.9
274,79695,3.0,3.55
424,32587,3.0,3.8
84,266,4.0,4.05
19,135,3.0,3.2
410,260,3.0,3.55
66,255,0.5,3.5
89,118834,5.0,4.05
509,117529,3.5,2.95
410,3730,5.0,3.35
600,53953,2.0,3.85
408,10,4.5,3.33
318,7206,4.0,3.45
438,4388,2.5,3.2
222,49651,2.0,3.25
247,3949,3.0,3.9
18,92094,3.5,3.75
600,3388,3.5,2.8
32,497,5.0,3.75
104,293,4.0,4.25
477,1556,0.5,2.5
599,5171,2.0,2.8
555,2455,4.0,3.05
525,4054,3.0,3.65
232,4776,4.5,3.1
89,126088,5.0,3.25
301,3578,4.5,3.35
525,318,4.5,3.95
440,1748,4.5,3.4
226,7143,4.0,3.8
414,34336,2.0,3.4
266,541,5.0,3.15
387,3221,3.0,2.95
469,1831,2.0,3.35
274,1707,2.5,3.7
448,1965,2.0,3.6
274,66427,3.0,3.85
73,87232,5.0,3.8
594,1320,3.5,3.0
19,2287,3.0,3.0
489,3969,4.0,2.85
89,2059,1.5,3.1
425,6378,3.0,3.65
28,4344,1.0,3.3
10,33794,5.0,3.2
241,858,4.5,4.0
345,2352,4.0,4.1
561,2641,4.0,3.2
292,4899,3.0,3.65
599,3864,2.0,2.5
105,1244,5.0,3.9
607,891,5.0,3.8
217,2524,4.0,2.6
453,2683,5.0,3.7
133,454,3.0,4.1
105,4308,3.5,4.3
234,4203,4.0,4.05
414,7257,2.5,3.85
312,2762,4.0,3.0
332,1645,3.5,3.65
66,6754,4.5,3.55
599,880,2.5,3.2
197,786,2.0,3.5
357,2028,4.5,3.9
69,296,5.0,4.0
187,2997,5.0,3.75
601,176371,4.0,4.0
410,549,5.0,3.7
474,8385,3.0,3.6
344,2858,5.0,4.3
586,1784,4.0,3.5
232,4343,2.5,3.4
610,3925,5.0,3.45
21,551,0.5,3.25
50,165,3.0,3.85
469,3269,3.0,3.0
6,799,3.0,3.15
102,266,3.0,3.95
279,56782,4.5,3.45
288,2473,2.0,2.88
64,585,4.0,3.4
378,364,4.5,3.5
117,454,3.0,3.8
484,88163,4.0,3.75
103,40815,4.0,3.75
131,858,4.0,4.15
510,1393,3.5,3.1
560,68886,4.0,4.0
517,1079,1.5,3.45
89,99122,3.5,3.75
514,182727,2.0,3.05
241,48780,3.5,3.8
474,6777,3.0,3.35
256,3510,4.0,3.45
58,529,5.0,4.3
606,4428,2.5,3.85
200,1682,3.5,3.3
78,53972,1.5,3.8
474,4215,1.0,2.9
64,1042,3.0,3.3
51,4447,3.0,3.65
247,115713,5.0,3.95
50,175661,1.5,2.85
508,562,2.5,3.5
20,1030,3.0,3.35
294,2642,1.0,3.2
274,57528,3.5,3.2
474,2660,3.5,3.0
51,387,3.5,4.15
240,377,5.0,3.65
587,1234,4.0,4.25
318,133771,3.5,3.6
219,2194,2.0,3.6
335,3911,4.0,3.05
543,59900,0.5,3.1
298,48877,2.0,3.3
305,103075,3.0,3.15
474,4993,5.0,4.15
488,2302,3.0,2.85
509,2572,3.5,4.05
610,3977,2.0,2.91
164,1101,5.0,3.8
401,84944,3.5,3.75
232,5502,4.0,2.75
117,1036,3.0,3.55
608,5401,2.0,3.55
243,161,5.0,3.8
514,597,2.5,4.1
382,59315,4.5,3.8
448,2,3.0,4.1
414,2147,3.0,4.3
274,2004,4.0,3.35
71,1210,3.0,4.0
410,3161,4.0,3.75
105,3968,3.0,3.35
448,90522,2.0,3.8
607,204,3.0,3.4
33,1249,5.0,3.65
362,1222,4.5,4.41
414,2804,4.0,2.8
101,2723,2.0,3.9
552,3,1.0,4.05
492,662,4.0,3.75
478,1073,4.0,3.6
573,44665,4.5,3.45
561,93326,2.0,3.05
45,21,4.0,3.65
288,4587,2.0,2.85
275,750,3.0,3.4
304,1726,5.0,3.6
596,120919,3.0,2.35
380,33164,3.0,4.0
561,136864,2.0,2.35
160,3793,1.0,4.25
17,3435,3.5,3.15
160,111,5.0,4.0
346,1625,2.5,4.0
275,260,4.0,4.05
68,119145,4.0,4.15
28,8633,4.5,3.0
521,14,4.0,2.45
217,2598,4.0,3.2
520,7373,4.0,3.7
202,420,1.0,3.0
274,1193,4.5,4.25
428,150,2.0,3.65
326,1619,5.0,3.7
543,94959,2.0,3.95
63,1923,2.0,3.45
534,2716,4.5,3.05
280,41573,4.5,3.6
414,235,4.0,3.2
303,1240,5.0,2.85
132,64839,2.5,3.4
469,2797,3.0,2.9
198,4886,3.0,4.1
55,1357,0.5,4.05
23,1217,3.5,3.54
219,3972,4.0,3.05
599,2746,3.0,3.2
600,543,2.5,2.8
249,78637,3.5,3.6
359,8533,4.5,3.55
135,2395,3.0,3.6
352,97752,5.0,3.0
484,616,4.0,3.75
57,1676,4.0,3.86
436,257,3.0,3.9
232,2791,3.0,4.5
552,442,1.5,3.05
511,2571,5.0,4.05
535,2692,5.0,3.9
448,45666,2.0,2.7
68,2541,4.0,3.2
132,1307,3.5,3.4
280,51662,3.5,3.9
101,2707,4.0,3.85
590,4489,3.5,2.3
448,1100,3.0,3.73
608,5459,4.0,2.65
307,1136,3.5,3.55
483,410,3.0,3.3
561,134853,3.0,3.6
102,161,3.0,3.35
527,1663,4.0,4.05
603,1224,2.0,3.91
606,48385,3.0,3.7
414,6618,3.0,2.95
275,4034,5.0,3.75
552,2857,4.0,3.9
122,2160,5.0,3.5
594,2000,4.5,4.0
280,356,4.0,3.9
599,1791,3.0,3.36
474,745,4.0,4.05
590,355,2.0,4.1
177,2424,3.0,3.25
474,5876,4.0,2.8
1,1587,5.0,3.85
21,3638,4.5,3.55
19,1345,3.0,2.8
428,260,3.5,3.9
483,2019,4.5,3.75
381,45361,1.0,3.6
414,2986,2.0,3.35
517,49272,1.5,2.65
218,2657,3.5,3.45
607,1982,5.0,3.6
600,663,4.5,2.32
186,3510,4.0,4.1
552,1196,5.0,4.2
414,1024,4.0,3.45
210,4306,4.0,3.95
600,3882,2.0,2.77
172,1210,4.5,4.55
387,4928,4.0,3.0
198,2875,2.0,3.09
305,2288,5.0,3.55
294,355,3.0,3.64
219,6934,2.5,3.35
342,2683,3.0,3.1
462,337,2.5,3.4
373,585,1.0,3.58
42,1088,3.0,3.38
82,2381,2.5,2.6
216,3755,4.0,3.55
39,924,2.0,3.6
425,1590,3.5,2.75
268,2403,2.0,3.4
339,49530,4.0,3.95
6,313,3.0,3.5
156,4027,4.0,4.05
563,111659,3.5,3.0
610,6872,1.0,3.45
590,32,3.0,3.95
603,4815,1.0,2.4
91,288,3.5,3.3
115,3301,4.0,3.75
474,592,4.0,4.3
514,1326,1.5,3.55
130,318,5.0,3.55
19,3693,2.0,2.55
139,49278,1.5,4.15
599,45648,2.5,3.3
512,208,3.0,3.3
448,5954,4.0,3.5
377,62383,3.5,3.55
249,52973,4.0,3.7
380,7387,5.0,3.6
599,122260,2.5,3.0
477,78746,4.0,2.9
221,31692,0.5,3.7
33,150,3.0,3.59
42,2497,4.0,3.5
448,4447,1.5,3.35
199,6365,2.5,4.05
91,589,4.0,3.35
66,1265,3.5,3.75
182,5881,4.0,3.59
521,648,4.0,3.25
165,2019,4.0,3.8
28,2618,3.0,3.3
238,4855,4.0,3.55
111,2694,3.0,3.18
303,2662,3.5,2.8
19,2550,3.0,2.45
216,1269,4.0,3.9
475,1196,5.0,4.15
298,5900,2.5,3.25
28,49530,4.5,3.7
414,2378,3.0,2.75
482,329,4.5,3.65
182,2890,3.5,3.05
28,56587,3.0,3.55
259,153,4.0,3.8
414,46,2.0,3.36
153,117881,3.0,3.3
4,3481,2.0,2.95
312,1342,4.0,3.6
447,480,4.0,3.6
111,3752,3.0,3.35
80,4995,4.5,4.3
130,590,3.0,3.5
448,40278,3.5,3.15
448,86190,3.5,3.1
586,4489,4.0,2.05
610,112727,3.0,3.45
115,3052,3.0,4.1
510,3481,3.5,4.15
577,920,5.0,3.05
453,4334,4.0,3.4
546,1270,3.0,4.45
387,7895,3.5,3.75
273,236,4.0,3.75
599,442,2.5,3.4
124,296,4.5,3.45
137,1262,3.0,3.8
470,208,3.0,3.45
448,104241,3.0,3.5
226,1005,3.0,3.05
244,1480,4.0,3.0
76,31410,4.0,3.15
382,70946,0.5,3.5
385,1240,4.0,3.77
610,8985,2.5,2.85
294,577,1.0,2.85
590,260,5.0,4.55
249,1356,3.0,4.2
464,1101,4.5,3.25
28,6957,3.0,3.4
232,8939,3.0,3.8
421,953,5.0,4.05
401,55768,2.5,3.65
258,122904,5.0,3.8
351,71579,4.0,3.8
260,3424,4.5,4.8
590,3435,4.0,3.55
600,1248,3.0,4.1
500,2572,3.0,4.1
361,34520,2.5,2.55
45,2947,4.0,3.2
57,1641,4.0,3.65
462,593,3.5,3.75
103,87194,3.5,4.0
357,7026,3.0,3.85
132,592,2.0,3.73
222,82459,3.5,3.65
217,1374,3.0,3.6
274,31685,3.5,3.3
307,3448,2.5,2.55
113,3296,5.0,4.05
428,2459,1.0,3.05
63,110102,4.0,3.5
561,8644,2.5,3.55
219,1485,1.5,2.45
84,914,4.0,3.64
610,68205,4.0,3.75
298,1221,3.5,4.09
422,3897,4.0,3.35
125,112552,4.0,3.64
274,2395,2.5,3.35
298,6702,0.5,3.04
599,3950,2.5,3.36
517,1784,3.0,3.85
84,57,3.0,4.23
217,2012,2.0,3.55
590,435,2.0,3.36
139,8371,2.0,3.35
140,2028,5.0,3.35
515,260,5.0,4.0
477,648,3.0,3.2
211,1125,4.0,3.55
556,94780,3.5,3.4
563,61250,1.5,3.8
534,1282,4.5,4.1
380,3703,5.0,3.85
188,2206,5.0,3.85
177,2082,2.0,3.75
474,3134,3.0,3.55
514,1213,4.5,3.95
318,1193,4.0,3.71
281,2694,3.0,3.17
580,5218,4.0,3.4
509,6294,3.0,3.15
105,69122,4.5,4.0
534,52287,4.0,3.4
464,1240,4.0,4.0
474,7018,2.5,3.4
606,5072,3.5,3.1
264,1250,5.0,3.96
19,2184,3.0,3.2
212,2918,2.5,3.6
599,1094,3.0,3.35
249,73431,2.5,3.2
249,67923,4.0,2.95
219,8360,4.0,3.4
317,318,4.0,3.95
542,7451,4.5,3.27
269,648,3.0,3.5
385,383,2.0,3.23
448,1882,3.0,3.5
590,1950,4.0,4.1
608,802,3.0,3.55
339,16,4.5,3.65
84,1295,5.0,3.85
380,136864,2.0,2.6
45,1968,4.0,3.7
356,4226,5.0,3.8
448,115151,2.0,3.55
129,2692,4.5,3.85
448,158872,4.0,3.1
419,111,4.0,4.1
66,2248,4.5,3.95
287,1407,2.5,2.85
474,5440,3.0,3.55
418,85414,3.5,3.2
148,79132,1.5,3.9
474,6385,5.0,3.7
275,2212,4.0,3.65
113,11,3.0,3.75
111,131826,4.0,3.45
111,3897,4.0,3.55
606,7143,4.0,3.7
167,480,3.5,3.9
356,529,4.0,4.05
232,7445,3.5,3.0
301,2378,2.0,1.95
182,6890,4.5,3.3
544,1105,5.0,3.75
111,98203,1.5,3.9
19,3370,2.0,3.4
43,11,4.0,3.9
558,5329,5.0,3.45
307,26680,3.5,3.65
19,849,2.0,3.45
479,3504,4.0,3.3
187,6377,2.5,3.3
298,3511,1.5,2.85
608,173,3.0,2.65
62,68554,4.0,3.75
186,364,4.0,2.95
254,4973,4.5,4.0
132,8874,3.5,3.05
561,50,4.5,3.95
428,1653,3.5,3.9
491,86833,3.5,4.0
33,36,5.0,3.5
165,5464,3.0,3.45
356,2671,3.0,3.25
232,1035,3.5,3.5
129,1210,4.0,3.9
237,44191,4.0,4.05
239,2329,5.0,4.2
28,1221,4.0,3.6
603,3586,4.0,3.35
187,3328,5.0,3.7
274,2076,4.0,3.45
45,5307,3.0,3.8
222,858,4.5,3.85
561,1587,4.0,3.5
357,2067,5.0,3.9
125,1625,5.0,3.64
452,3703,5.0,3.59
509,38038,3.0,4.05
87,3910,4.0,3.55
519,140110,4.0,3.8
514,79132,4.0,4.15
328,6539,3.5,3.2
369,370,4.0,3.05
335,2302,3.0,3.45
339,80139,4.5,2.95
414,5380,4.0,3.55
600,3250,2.5,2.25
251,356,5.0,4.7
232,1370,3.5,3.4
489,39183,4.5,3.8
414,374,1.0,3.55
33,914,5.0,4.0
600,3535,3.5,4.0
457,2701,1.0,4.2
608,2161,3.0,3.77
105,31696,3.5,3.05
414,5004,3.0,4.14
477,2529,3.5,3.2
143,6593,4.0,3.6
414,1610,5.0,3.45
307,8464,3.0,3.1
32,52,3.0,4.1
448,99112,2.5,3.91
567,45880,3.0,3.4
414,209,4.0,3.0
385,1136,4.0,4.25
221,1220,4.5,4.15
318,127298,4.5,3.25
600,575,2.0,2.6
139,3994,2.5,3.1
608,6333,4.0,3.35
19,2027,1.0,3.45
92,327,3.5,3.23
606,3246,4.0,3.05
91,4993,4.5,4.1
474,2187,3.5,3.8
387,3742,3.5,3.45
156,4378,4.5,2.77
480,5679,4.0,3.5
448,2718,3.0,3.45
223,34,1.0,4.1
182,2827,1.5,3.75
266,2428,1.0,3.2
19,2888,3.0,2.65
448,71464,3.0,3.7
493,4438,5.0,3.55
448,2110,4.0,3.45
367,3507,4.0,3.55
140,2334,3.0,3.35
414,1457,2.0,3.14
21,44022,3.5,2.9
510,2791,4.0,3.15
160,2688,0.5,3.25
555,2827,1.0,2.85
597,3019,5.0,3.85
132,673,2.0,3.3
603,2053,2.0,2.6
68,1704,4.5,3.8
599,7481,3.5,3.7
160,2428,1.0,2.9
495,4034,2.5,3.8
373,181,1.0,2.64
89,1080,1.0,3.8
325,2239,5.0,3.75
336,3147,4.5,4.15
259,3910,5.0,3.4
298,51412,0.5,3.2
288,4994,3.5,3.7
280,1393,4.5,4.2
91,2797,3.0,3.7
222,62250,3.0,4.05
317,68237,4.0,4.35
57,2530,3.0,3.75
239,780,4.0,3.65
50,4226,3.0,4.0
177,455,3.0,4.2
474,8542,3.5,3.8
6,569,4.0,3.4
410,2395,4.0,3.4
139,87232,3.5,3.86
524,1196,5.0,4.15
458,225,5.0,3.85
42,2641,2.0,3.25
119,31410,4.0,3.4
217,1806,1.0,3.45
182,4246,3.5,4.05
462,3578,2.0,3.95
363,1961,3.0,3.9
453,2447,3.0,3.05
411,230,4.0,3.0
248,3793,3.5,3.8
434,6333,4.0,3.68
376,457,4.0,3.75
368,1610,5.0,3.15
100,377,4.0,3.15
397,4037,3.5,3.1
305,1197,4.5,4.23
28,1206,2.5,4.2
274,1214,4.0,4.29
428,1479,3.0,3.5
20,1097,5.0,3.82
159,30812,2.0,3.5
113,1244,4.0,4.1
273,364,5.0,4.0
274,4643,2.0,3.7
316,520,3.5,3.55
249,49649,2.5,3.3
419,493,4.0,3.45
68,58299,3.0,3.25
305,3285,3.5,2.75
610,5618,4.0,4.1
455,34,4.0,3.7
298,70663,2.5,3.35
527,30,1.0,3.4
560,128360,3.5,3.65
221,2985,3.0,3.55
105,52281,5.0,3.45
352,84954,2.5,3.55
498,110,5.0,4.27
480,2572,2.5,3.8
288,1660,3.0,3.3
28,4378,3.0,2.9
122,52319,4.5,3.4
323,2803,3.0,2.9
425,1917,3.5,2.85
89,33679,2.5,3.55
585,79132,4.0,4.04
209,2959,4.5,3.86
36,2359,4.5,3.68
600,1198,4.0,3.85
177,4995,4.0,4.15
573,2571,5.0,3.65
68,7254,2.5,3.55
177,3798,3.5,3.3
441,91529,5.0,3.5
206,661,5.0,2.86
582,81834,5.0,3.8
467,2493,4.0,3.2
387,2337,3.5,3.64
432,44759,3.0,3.5
580,2692,4.0,3.0
160,1107,3.5,4.0
105,8665,3.5,3.35
125,6874,4.5,3.35
561,34,2.5,3.45
199,44195,4.0,4.05
462,345,1.0,3.3
414,33493,4.0,3.73
405,1295,4.0,4.5
232,3949,4.5,3.9
225,2406,3.0,3.27
414,48738,4.0,3.8
292,102123,1.5,3.3
64,2450,2.0,3.3
62,87430,3.5,2.95
474,6225,3.0,3.45
580,8361,3.5,4.0
580,34150,3.0,2.6
181,161,4.0,3.3
239,4022,3.5,3.45
380,5971,5.0,3.68
230,2985,1.0,3.75
520,4306,4.0,3.75
418,106766,4.5,4.35
370,2762,4.5,4.5
387,63,2.0,3.65
298,165,3.0,2.5
288,1350,3.0,3.1
105,915,4.0,3.95
217,2253,3.0,3.6
381,54001,4.5,3.25
274,6586,2.5,3.25
34,3717,4.5,2.91
330,1500,2.5,3.2
149,788,4.0,3.25
177,6624,2.0,3.9
599,5548,2.5,2.85
599,1196,5.0,4.0
182,5507,3.5,3.15
586,106487,3.5,3.35
610,27905,3.5,3.25
474,6235,3.5,3.65
249,116823,4.0,4.0
275,4993,4.0,4.25
64,2406,3.5,3.35
515,174055,4.0,4.1
166,1276,4.5,4.1
129,1358,0.5,3.6
82,6,3.5,3.18
274,558,4.0,3.2
380,32019,3.0,3.1
381,2294,3.0,4.15
8,356,3.0,3.65
334,1240,3.5,3.86
258,72641,3.0,3.55
489,7153,4.0,3.25
513,150,4.5,3.5
105,147196,5.0,4.75
68,6711,5.0,3.85
438,4018,3.5,3.5
357,780,4.0,3.86
436,532,3.0,4.1
346,7234,3.5,3.6
425,1387,3.0,3.25
435,3578,4.5,3.55
458,39,4.0,3.59
260,4027,4.0,3.7
339,111,4.0,4.05
64,1258,3.5,4.2
292,1307,3.0,3.95
51,53953,3.5,3.15
414,6323,3.5,3.45
105,5373,4.0,3.85
469,2132,4.0,2.8
344,111443,3.0,2.7
141,115713,4.5,3.7
560,109313,4.0,3.95
249,93831,4.0,4.1
352,1213,3.5,4.2
21,7570,4.5,3.8
232,52328,3.0,3.6
42,4008,4.0,4.45
240,344,5.0,3.35
434,1517,4.0,3.6
474,4022,3.5,3.14
317,4306,4.0,3.5
602,861,4.0,4.5
561,49272,3.0,3.65
565,357,4.0,3.73
91,2723,3.5,3.3
599,3108,3.0,3.1
324,3884,2.0,2.9
256,4018,4.0,3.5
68,3552,4.0,3.5
551,91542,4.0,3.75
288,5040,3.0,3.1
610,3681,5.0,3.2
182,1747,3.5,3.8
108,3072,3.0,3.7
318,3751,3.5,3.41
199,2006,3.0,3.6
266,1784,3.0,3.45
217,720,4.0,3.15
354,1233,4.0,4.15
414,7150,3.0,4.15
51,70,5.0,3.15
477,432,3.0,2.7
555,356,5.0,3.8
91,1917,2.5,4.14
448,79185,1.0,3.73
307,186,0.5,2.85
182,2924,3.5,3.8
599,3863,2.5,2.64
507,47,3.0,3.85
305,2115,1.0,3.23
201,2080,4.0,4.05
436,34,5.0,3.64
606,46965,1.0,3.15
599,704,0.5,2.4
314,327,1.0,3.6
328,1302,0.5,4.1
19,65,2.0,3.18
294,1615,2.0,3.45
411,587,4.0,3.65
428,3081,4.0,3.82
256,520,4.0,3.91
226,2273,3.5,3.45
373,362,1.0,3.64
503,4537,4.5,3.2
57,589,4.0,3.6
7,4223,2.0,3.3
132,7022,3.5,4.55
538,671,5.0,3.15
51,1580,5.0,3.59
159,89864,3.5,3.73
117,186,3.0,3.18
596,49530,2.5,3.25
480,32584,2.5,3.95
58,19,1.0,3.7
517,3398,1.0,3.65
288,2502,3.5,3.7
181,5,3.0,3.18
105,4993,4.0,4.0
187,4967,4.5,3.95
318,6440,3.5,2.7
318,2467,3.5,3.2
140,4963,3.0,2.95
21,7573,5.0,3.8
573,4718,4.5,3.05
377,6656,4.0,3.55
509,26999,3.0,3.25
284,223,5.0,3.15
462,535,4.5,3.8
70,3543,4.0,3.9
342,1799,3.0,3.75
436,587,4.0,3.55
182,3000,5.0,3.75
177,8984,3.5,3.35
610,912,3.5,4.4
605,62970,3.0,3.85
474,1350,4.0,3.95
590,6863,3.0,3.3
428,3555,2.0,3.65
249,38061,4.0,3.75
474,4815,3.0,3.75
501,661,1.0,3.7
279,7153,4.0,3.65
50,903,4.0,4.3
28,3052,3.0,3.05
62,778,4.5,3.8
225,1321,4.0,2.9
414,7165,3.0,3.35
553,1213,5.0,4.14
580,3949,3.5,3.8
300,5995,4.5,3.3
474,7013,4.5,3.1
308,1246,5.0,3.55
227,150,4.0,3.95
398,32,5.0,3.75
83,5903,3.5,4.4
606,1873,4.5,2.64
177,11,3.0,3.4
438,5804,2.5,3.05
387,8972,3.5,3.4
580,1784,4.0,3.82
414,45666,2.5,2.45
597,780,1.0,3.19
270,736,4.0,3.35
298,4447,1.0,3.25
419,57368,4.0,3.65
334,908,3.5,3.9
105,26662,4.0,4.2
42,3253,4.0,3.23
232,55267,3.0,3.25
590,1265,4.0,3.9
569,377,5.0,3.82
24,2115,4.0,3.15
212,168366,4.0,3.9
495,1499,2.5,3.3
603,3783,4.0,2.65
107,434,3.0,2.6
571,1219,4.0,3.38
286,6373,3.0,3.15
368,1127,4.0,3.4
307,2432,2.0,2.7
73,8807,4.0,3.95
233,1089,2.5,3.25
111,181065,3.5,3.35
600,1296,1.5,3.0
474,2797,4.0,2.3
210,122924,4.0,3.9
410,3468,5.0,3.5
509,74677,4.0,2.8
274,2498,2.0,3.55
387,1273,4.0,3.55
564,35836,3.5,3.0
282,3114,4.5,3.9
192,317,3.0,3.3
142,592,3.0,4.1
396,1320,0.5,3.75
288,1101,3.0,3.45
160,788,1.0,3.2
483,1644,1.0,2.95
528,33794,4.5,3.8
235,10,2.0,4.05
290,3007,4.0,3.45
606,4439,3.5,3.7
380,4306,5.0,3.9
274,70,4.5,3.3
288,30810,4.5,3.05
274,3969,3.5,3.23
380,4148,3.0,3.2
597,2108,4.0,3.8
480,32587,4.0,3.95
210,128842,4.0,3.8
347,587,4.0,3.7
562,1240,5.0,4.05
479,2367,2.0,3.4
391,912,5.0,4.45
610,4718,3.5,3.55
217,748,3.0,3.25
410,3925,5.0,3.85
448,3763,4.5,3.35
93,318,4.0,3.5
104,80584,4.0,3.7
66,18,4.0,3.05
587,1135,4.0,3.95
520,61240,2.0,4.2
71,802,5.0,3.3
91,2529,4.0,3.05
149,1334,4.0,3.35
274,7368,3.5,3.5
599,1639,3.5,3.35
368,1686,3.0,3.5
256,56251,4.0,3.65
318,1175,3.5,4.25
217,2151,3.0,3.15
298,2021,3.5,3.55
573,4816,5.0,3.25
408,85510,3.5,3.3
66,4654,3.5,3.05
493,592,4.0,3.91
592,329,3.0,3.3
111,55872,3.0,3.65
599,3937,1.5,3.25
567,3266,5.0,3.35
492,832,5.0,3.4
200,48738,4.0,4.2
448,63131,3.0,4.1
487,2571,3.0,4.35
182,1391,4.0,3.55
309,318,4.0,3.45
219,31221,0.5,3.05
382,98809,4.5,4.05
182,3117,4.5,3.5
205,4896,4.5,3.75
391,2080,5.0,3.45
514,3421,4.0,3.6
599,56286,3.0,3.9
483,56251,5.0,3.75
377,5049,4.0,2.6
599,1499,2.0,3.5
23,334,4.0,2.95
567,97836,1.5,3.6
438,49272,4.0,3.05
262,515,5.0,3.25
559,432,3.0,2.7
480,19,1.5,3.3
564,49286,3.0,3.55
429,300,4.0,4.09
351,5608,4.0,4.05
317,6708,3.0,3.4
603,4056,4.0,3.05
380,1982,5.0,2.95
577,1690,3.0,3.65
448,55768,3.5,3.6
417,1198,2.5,4.45
10,1247,3.0,4.05
16,593,3.0,4.14
352,4306,3.0,3.8
353,296,5.0,4.2
189,3578,4.0,3.45
448,223,4.0,3.1
198,1172,5.0,3.95
489,1961,4.0,3.95
101,2598,2.0,3.6
227,48774,4.5,3.95
305,3527,4.0,3.77
337,1210,5.0,4.05
381,1500,4.0,2.75
382,33660,4.0,3.4
18,122892,3.5,3.7
135,367,4.0,3.6
265,1214,2.0,3.85
600,1029,3.5,2.9
318,3424,3.5,3.3
599,8665,3.0,3.0
68,6297,3.5,3.35
292,253,1.5,3.73
279,115569,4.5,3.95
334,4235,3.5,4.05
167,4369,1.0,3.1
381,4370,3.0,3.3
227,457,4.0,3.35
292,296,3.0,4.4
205,88125,4.0,4.05
434,48774,5.0,3.75
57,1388,2.0,3.41
305,8985,4.0,2.55
610,69275,4.0,3.5
534,67197,3.5,3.25
42,3255,3.0,3.45
526,106920,4.0,3.75
448,7076,4.0,3.25
599,1351,2.0,3.41
539,318,4.0,4.0
139,48780,2.5,4.05
84,1132,4.0,4.15
414,43917,3.5,2.75
215,356,3.5,3.3
564,1968,4.0,4.1
579,3114,5.0,4.05
41,597,3.0,3.9
350,7,3.0,3.55
414,1753,2.5,4.0
567,26743,2.5,2.75
369,2706,3.5,3.15
125,858,4.5,3.55
256,204,4.5,3.65
540,2598,3.0,2.8
524,1200,5.0,4.45
527,3036,5.0,3.45
353,47,5.0,3.95
288,2867,3.0,3.55
517,3599,1.0,3.45
391,1196,5.0,4.55
600,2606,2.0,3.45
45,2329,5.0,4.1
414,54259,3.5,3.6
10,49286,5.0,3.45
216,2788,3.0,3.65
513,110,4.0,2.95
91,3671,4.5,3.95
141,109374,5.0,3.9
140,1090,4.0,3.3
241,3910,5.0,3.85
514,2918,4.0,4.0
69,1266,5.0,3.5
391,3000,4.0,3.55
34,3624,4.0,2.85
103,77561,0.5,3.4
511,68954,4.5,4.0
249,46723,4.0,3.35
239,4776,4.0,3.15
599,5903,2.5,4.1
182,1370,3.5,4.0
592,303,3.0,4.05
20,3793,3.5,3.1
217,2779,3.0,3.59
36,1892,3.5,3.05
247,5989,3.5,4.2
414,1101,5.0,3.55
474,8530,4.0,3.8
274,3968,3.5,3.25
265,2364,2.0,3.35
577,2146,4.0,3.35
372,1390,4.0,3.1
256,4701,4.5,3.45
351,51662,4.0,3.4
338,122912,1.5,3.25
499,4642,5.0,2.59
18,53972,3.0,3.15
111,719,4.0,3.35
462,148626,3.5,3.7
332,3470,4.0,3.75
559,783,4.0,4.05
181,1082,3.0,3.6
605,1367,3.0,2.82
490,54272,3.0,3.42
387,4553,3.0,3.3
274,968,3.0,4.2
322,2052,2.0,2.4
137,1301,4.0,3.6
599,892,3.5,3.65
568,3053,4.0,3.45
309,973,4.0,4.0
365,216,3.5,3.29
50,92046,3.0,3.9
100,6377,4.0,3.45
571,2288,2.0,3.65
599,1015,1.5,2.3
247,2329,3.0,4.25
307,32031,2.5,2.25
247,40815,2.0,3.85
477,1193,4.5,4.38
274,6464,3.5,2.8
222,102686,3.5,3.8
590,4262,4.5,2.9
105,111622,4.0,3.2
289,16,4.5,2.75
169,1777,4.0,3.4
414,2513,2.0,3.55
426,4306,4.5,3.45
409,3813,4.0,2.4
462,179813,4.0,2.85
389,32,4.0,3.59
414,3070,4.0,3.65
220,223,5.0,3.5
133,377,3.0,3.4
514,84772,3.5,3.1
605,56171,3.0,3.3
436,485,3.0,3.55
249,4489,3.5,3.15
169,3421,4.0,3.5
4,3897,4.0,3.5
73,2706,3.5,2.65
380,3979,2.5,3.1
42,1090,5.0,3.25
304,1240,5.0,3.05
387,1025,3.0,2.95
368,3173,3.0,3.77
42,1722,5.0,3.5
288,6303,3.5,3.25
186,1307,3.0,3.95
361,53125,4.0,3.75
391,3256,3.0,2.65
603,426,4.0,2.82
469,1858,2.0,3.6
381,1073,4.0,4.0
599,4155,2.5,2.75
140,1028,4.0,4.25
610,8783,3.0,3.45
606,5943,3.0,3.35
387,51255,3.5,4.05
41,593,4.0,4.0
222,3273,3.0,3.1
266,135,1.0,2.5
177,4306,4.0,3.75
232,59501,3.0,2.75
482,6787,3.5,3.55
527,3016,4.0,3.77
57,588,4.0,3.5
95,541,5.0,3.5
298,4973,3.0,3.45
443,1200,3.0,4.45
380,51662,4.0,3.7
483,4370,4.0,3.15
95,3019,5.0,3.55
514,2144,3.0,2.6
365,80549,4.5,3.45
469,1261,4.0,4.3
163,1614,3.0,3.05
468,160,2.0,3.2
608,6820,3.5,3.25
148,5618,3.0,3.65
4,215,5.0,3.3
105,86066,4.0,3.5
249,1408,4.0,2.95
111,94953,4.5,3.95
84,17,5.0,3.85
452,3633,3.0,3.3
91,2395,1.0,3.45
541,165,3.0,3.55
139,45722,2.5,3.0
441,122886,4.5,2.8
307,40581,2.5,3.5
597,1307,5.0,3.65
119,84392,4.0,3.55
249,3686,3.0,3.6
68,1584,2.5,3.25
66,1862,1.0,3.0
596,163639,4.0,3.85
570,48738,3.5,4.0
551,2000,4.0,3.18
68,49274,3.0,4.4
314,163,3.0,2.6
543,4226,5.0,3.65
307,3535,5.0,3.8
414,86332,3.0,3.15
356,64957,3.0,3.75
202,3260,4.0,4.0
422,4190,4.0,3.35
367,1028,5.0,3.4
220,5464,4.5,2.85
243,588,3.0,3.83
448,3707,2.0,3.35
414,5993,4.0,3.75
427,5400,2.0,3.5
427,1247,3.5,3.85
275,1179,5.0,3.7
223,2144,4.0,3.45
122,589,5.0,3.85
249,318,4.5,4.05
177,1333,4.0,3.55
51,1500,5.0,2.9
412,34,5.0,3.85
600,1499,2.0,3.5
448,7046,3.0,3.4
135,292,4.0,3.0
23,923,4.0,3.7
91,608,3.5,4.1
597,357,5.0,2.75
474,4571,4.5,3.23
247,136864,2.5,2.95
361,4246,3.5,3.7
346,4816,3.0,3.45
196,5952,3.0,4.05
448,85881,3.5,3.55
474,47465,3.5,3.1
598,130490,5.0,2.75
489,45447,3.5,2.85
469,1320,3.0,3.15
599,1036,4.0,3.4
166,32,4.0,4.25
91,3727,4.5,3.95
590,196,2.5,3.0
587,587,5.0,4.05
380,6534,3.0,3.5
147,543,2.5,3.65
28,38886,2.0,3.65
6,510,3.0,3.4
177,83132,2.5,3.8
313,1291,4.0,3.65
105,122904,4.0,4.15
368,3256,3.0,3.1
160,296,5.0,3.18
318,2952,3.0,3.8
112,1,3.0,3.45
104,33004,4.0,3.2
68,49772,2.5,3.05
34,27801,5.0,3.35
577,1270,5.0,3.8
376,33794,4.0,3.95
321,736,4.0,2.75
103,953,4.0,3.1
599,3252,4.0,2.2
534,2949,4.0,3.8
601,5971,4.5,3.5
562,44974,5.0,3.3
492,736,4.0,4.55
10,66203,3.5,2.8
514,2406,3.0,3.65
102,158,3.0,3.55
274,5363,2.5,3.45
177,4069,4.0,3.9
125,92259,4.0,3.45
19,7,2.0,3.1
232,2021,3.5,4.25
64,159,3.5,2.68
283,587,2.0,4.0
474,1022,4.0,3.0
28,54503,3.5,3.7
323,48,3.5,3.9
105,5349,3.5,3.45
527,969,4.0,3.2
370,4878,4.0,4.25
287,2747,3.0,3.05
469,2858,5.0,3.65
411,480,5.0,3.45
400,858,5.0,4.65
609,731,4.0,3.4
348,750,4.5,3.9
607,1240,5.0,4.3
600,172,2.0,2.5
564,2706,4.0,2.75
1,1029,5.0,3.85
184,102123,3.5,3.35
19,2054,3.0,2.65
525,68358,3.0,3.5
380,8866,3.0,3.6
71,801,4.0,3.3
599,88593,2.5,3.05
307,4306,2.5,2.8
408,134130,4.0,3.9
446,589,5.0,3.68
509,1682,4.0,3.45
507,34,5.0,3.8
260,1288,5.0,4.05
563,1197,3.0,4.2
599,2572,3.0,3.68
385,1196,5.0,4.45
369,6296,3.0,3.5
555,2375,4.0,3.35
414,3684,3.0,3.5
90,1116,4.0,4.18
485,588,4.0,3.85
517,3418,1.0,3.95
249,1527,4.0,3.65
603,2424,2.0,2.3
608,1644,3.0,3.27
160,442,2.0,2.4
479,2683,5.0,3.35
63,3421,2.5,3.65
603,1922,4.0,3.15
223,47,3.0,3.95
68,541,2.0,3.75
64,5669,3.5,3.65
600,1608,2.5,3.15
503,2571,4.5,4.0
225,1923,4.0,3.25
603,2110,4.0,3.45
610,156371,5.0,3.05
474,2915,2.0,3.65
140,44709,4.0,3.75
414,1060,5.0,3.36
105,134252,4.5,4.05
356,63082,4.0,4.0
249,46965,3.0,3.1
414,33794,4.5,3.77
489,2617,2.5,2.65
448,7143,4.0,4.05
137,2571,4.0,3.5
608,4448,4.5,2.6
448,132046,2.0,2.8
143,2144,5.0,3.2
256,5218,4.5,3.55
41,122904,0.5,3.35
474,2822,2.5,2.9
462,44555,4.5,4.1
606,2174,4.0,3.55
27,2478,5.0,2.95
240,169,3.0,4.15
462,6001,3.5,3.8
480,1203,5.0,4.2
182,4262,4.0,3.65
95,176,4.0,3.25
380,49651,5.0,3.05
477,6863,3.5,3.75
475,34150,4.0,3.05
401,157296,3.0,2.6
307,8910,3.5,2.9
453,3979,2.0,3.55
415,608,4.5,4.0
19,353,5.0,3.45
605,1197,5.0,3.85
448,77191,2.5,3.4
551,110,3.5,3.7
594,990,4.5,3.15
294,2013,2.0,3.15
202,1641,4.0,3.7
535,2683,1.0,3.6
105,1233,4.0,4.1
160,1035,2.0,3.35
136,317,3.0,3.7
384,4333,4.0,3.15
414,69122,4.0,3.8
68,1198,5.0,4.25
328,4973,4.5,3.91
46,349,3.0,3.8
300,318,4.0,3.73
243,356,4.0,4.1
398,59387,5.0,3.2
339,90531,3.5,3.4
414,6542,3.5,3.05
470,300,4.0,3.91
160,2363,1.0,2.45
141,318,4.0,3.2
232,7153,4.0,3.4
414,5791,3.0,3.35
274,2328,4.5,3.85
307,33836,2.5,3.7
135,3996,5.0,3.5
109,223,3.0,3.05
603,2844,4.0,2.8
453,5225,4.0,3.75
275,2692,4.0,3.3
182,1270,3.0,4.25
6,145,4.0,3.95
480,1923,4.0,3.35
503,480,3.5,3.85
434,2699,2.5,3.35
275,2824,5.0,2.25
164,592,3.0,3.7
58,234,4.0,3.65
276,480,5.0,3.75
354,586,3.0,3.75
473,48385,3.5,4.25
45,2763,4.0,4.05
477,586,3.0,3.64
456,65,2.0,3.9
606,172,3.0,2.91
156,541,4.0,3.9
209,51255,4.5,4.3
178,2231,4.5,3.8
599,3186,3.0,3.36
475,88125,5.0,3.85
460,3615,3.0,3.2
139,53000,1.5,3.55
188,2918,5.0,3.95
307,2504,2.0,2.95
215,1291,3.5,4.09
274,65126,3.5,3.55
87,1345,3.5,3.5
279,1222,4.0,4.25
298,5992,2.5,3.4
64,39183,4.0,3.8
294,2518,2.0,2.95
325,223,3.0,4.0
109,514,3.0,3.77
219,31696,3.0,3.7
84,236,3.0,3.25
53,203,5.0,2.9
601,109487,5.0,3.7
83,4995,3.0,4.25
91,3704,3.5,3.86
51,3070,5.0,3.75
474,25750,4.0,3.65
186,1196,5.0,4.46
425,485,3.0,3.3
298,8907,0.5,2.95
414,45662,2.5,2.45
89,94503,4.5,3.55
332,4262,3.5,3.4
305,2985,5.0,3.15
414,2182,3.5,3.95
76,1208,4.0,4.65
177,3499,4.0,3.8
414,4638,3.0,2.95
607,3157,3.0,3.5
92,2664,3.5,3.05
41,6373,4.0,3.4
345,1127,3.5,4.05
313,2959,5.0,3.45
182,4234,3.0,4.05
534,88140,3.5,3.55
555,529,3.0,3.75
267,480,5.0,3.15
246,6350,4.5,3.65
610,784,5.0,3.23
474,2247,2.0,3.75
147,555,4.5,3.75
318,89753,4.0,3.85
380,73017,3.0,3.65
318,673,3.5,3.55
234,1370,3.0,3.4
587,2080,4.0,3.6
474,6104,4.0,3.2
57,382,2.0,3.23
606,7154,3.5,4.3
221,2469,4.5,2.75
599,3362,3.5,3.09
229,592,3.0,3.15
567,99764,5.0,3.05
163,1676,3.0,3.7
448,90866,4.0,3.55
133,588,3.0,3.15
414,1387,4.0,3.77
522,858,4.5,3.7
260,8607,3.0,3.77
169,661,4.0,3.35
489,367,1.5,3.14
424,30825,3.5,3.5
57,1498,2.0,2.55
322,4010,3.0,3.55
228,1590,4.5,3.27
325,4643,2.0,3.0
610,48780,4.0,3.6
63,3949,5.0,3.7
57,1385,2.0,3.32
18,8984,3.0,3.0
561,2143,3.5,3.59
480,4239,3.0,3.5
261,7361,5.0,3.9
239,1221,5.0,3.95
562,527,4.5,4.05
469,3635,3.0,2.8
275,5272,3.0,2.5
36,5956,2.0,3.15
363,708,3.5,2.85
567,86059,1.5,3.2
274,196,3.5,3.0
68,4015,2.0,3.75
209,2628,2.0,3.14
387,6378,3.0,4.15
361,377,3.0,3.25
437,86,3.0,2.7
175,7169,5.0,3.7
368,2688,3.0,3.32
2,99114,3.5,3.55
239,1672,4.5,3.75
103,48780,4.5,4.55
215,1089,3.0,3.1
551,77561,4.0,3.45
590,303,3.0,4.2
477,66934,5.0,4.25
332,1682,4.5,3.6
298,59315,3.5,3.85
524,913,3.0,3.86
6,304,4.0,2.6
413,3624,5.0,3.0
177,93006,4.0,3.15
156,1079,4.0,3.8
119,6934,4.5,4.0
405,4878,4.0,4.4
599,3668,3.0,3.6
431,466,2.0,3.5
71,733,3.0,3.2
288,2903,3.0,3.4
21,902,3.0,4.0
121,300,3.0,3.75
517,30749,0.5,3.05
249,55269,4.0,3.45
4,4033,4.0,3.8
518,6323,4.5,3.3
517,919,4.5,3.77
448,157172,0.5,2.7
387,1097,3.5,3.17
74,48774,4.0,4.35
414,64983,3.0,3.8
599,179817,3.0,3.15
608,163,3.0,2.95
585,441,3.5,3.55
109,14,4.0,3.9
170,594,3.0,4.14
277,719,4.0,3.1
599,26195,3.0,3.3
414,37727,4.0,3.6
528,81834,1.5,4.2
325,5139,3.0,2.9
552,3361,3.0,3.7
64,1183,4.0,4.05
448,3072,3.0,3.5
16,849,4.0,3.45
64,3253,4.5,4.1
281,362,2.0,4.1
288,2116,3.0,3.0
50,63312,2.0,3.85
219,4388,0.5,2.7
131,5959,2.5,3.36
336,2001,3.5,3.0
288,1270,5.0,3.7
341,480,2.0,3.45
265,1678,3.0,3.8
4,1077,5.0,4.1
305,4439,3.5,3.27
448,59615,2.0,3.0
381,66097,5.0,3.85
181,370,3.0,3.05
414,3823,4.0,2.55
489,6377,4.0,3.7
102,47,5.0,3.59
1,423,3.0,3.3
274,54503,3.5,3.9
517,2396,1.5,3.8
445,4995,4.0,4.35
590,153,2.5,3.5
226,1193,4.0,4.3
288,2142,3.0,2.86
212,54286,3.0,4.0
610,77364,2.5,3.5
219,317,3.0,3.6
113,1564,5.0,3.45
610,6874,4.5,3.65
51,5339,3.5,3.55
599,114627,3.0,2.95
159,4308,2.5,4.15
448,47640,2.5,3.65
294,1135,4.0,3.35
563,59258,2.0,4.05
268,1206,3.0,3.85
477,2036,3.5,3.55
10,5952,4.0,3.9
531,1961,5.0,3.6
391,1094,4.0,3.09
288,2095,3.5,3.1
610,105504,3.0,3.6
600,8533,3.0,2.5
474,4970,4.0,4.0
249,3744,3.0,3.25
356,4878,5.0,3.8
177,1265,4.0,3.95
48,2571,5.0,4.27
125,52973,4.5,3.6
184,159817,5.0,3.6
132,5956,1.5,3.5
125,1732,4.5,3.55
414,59615,2.5,2.95
45,3052,4.0,3.65
606,11,2.5,3.73
219,8807,4.0,2.75
596,91529,3.5,3.95
111,65230,2.5,3.5
274,33834,3.5,3.45
177,3408,4.0,3.9
42,3033,4.0,3.5
284,237,5.0,3.3
525,61240,4.0,4.2
448,4159,2.0,2.75
393,45722,5.0,3.75
58,300,5.0,3.9
507,349,3.0,3.3
607,3440,3.0,2.9
68,4638,2.0,3.05
12,2572,5.0,3.55
414,1680,3.0,3.7
194,7143,4.5,3.85
93,2424,4.0,3.75
479,2891,5.0,3.3
414,47610,3.5,3.85
567,180985,1.0,3.3
555,2000,5.0,3.1
234,2953,1.0,4.0
520,4526,4.0,3.55
270,708,3.0,3.09
91,5378,4.0,3.85
28,54736,2.5,3.5
33,2080,4.0,3.64
412,2542,4.0,3.0
122,91535,4.0,4.05
387,4065,2.5,2.95
576,1188,1.0,4.18
105,112556,4.0,4.1
182,6796,3.0,3.25
378,318,4.5,4.05
391,5026,3.0,3.2
305,33493,3.5,2.65
606,8966,3.5,3.8
340,457,5.0,3.45
477,40815,3.5,4.15
608,2600,4.5,3.1
233,1059,3.5,3.82
579,2496,4.0,3.3
361,5106,1.5,2.95
279,175303,5.0,3.1
313,3386,3.0,2.85
70,3468,5.0,3.59
89,4014,1.5,3.5
284,432,3.0,3.2
414,349,3.0,3.2
438,1302,4.0,3.41
552,1704,4.0,4.25
414,2375,3.0,2.77
93,260,5.0,4.0
62,1653,5.0,3.5
205,104913,3.0,4.45
284,420,3.0,3.18
330,2140,3.5,3.5
305,163645,4.0,4.15
140,707,3.0,3.4
599,3489,3.0,2.85
266,1617,4.0,3.4
312,527,5.0,3.5
40,21,4.0,3.7
42,2671,4.0,2.9
108,480,4.0,3.35
249,3271,4.0,3.45
187,6062,4.0,3.35
380,899,3.0,3.55
202,3214,2.0,4.0
202,3505,5.0,3.9
50,5669,2.5,3.55
38,376,4.0,3.0
249,49651,3.5,3.3
221,5954,4.5,4.0
264,1210,3.5,3.95
182,3827,2.5,3.2
469,112,3.0,4.35
105,64993,4.5,4.05
39,1200,5.0,4.3
448,4104,1.0,3.85
448,69122,3.0,3.9
509,6156,3.0,2.35
387,175,4.0,3.0
345,7121,5.0,3.75
414,34536,4.0,3.0
382,4638,3.5,2.9
294,3552,5.0,3.35
334,27773,3.0,3.65
211,54286,4.0,4.0
288,1603,2.0,3.2
84,11,4.0,3.35
216,3555,3.0,3.9
226,1206,4.0,3.95
437,1488,3.0,3.41
436,8,3.0,3.9
42,2169,2.0,3.27
42,2581,3.0,4.15
420,2819,4.0,2.6
385,1079,4.0,4.05
474,3928,3.5,3.3
396,1747,3.0,3.1
28,8665,3.5,3.6
381,1722,3.5,3.35
244,541,4.0,3.7
224,2150,5.0,3.64
197,2167,2.0,3.45
63,1704,3.5,4.05
532,3147,5.0,4.0
474,4881,4.0,4.25
256,68791,3.0,3.15
167,69,2.5,3.1
605,74530,3.0,3.4
395,1025,3.0,3.1
186,2115,4.0,3.6
448,2383,2.0,2.8
144,47,4.5,4.18
119,102481,4.0,3.95
534,108932,4.0,3.05
590,1544,3.0,2.8
514,4533,3.0,3.65
495,99007,4.5,3.65
559,405,2.0,3.0
23,3181,3.5,2.45
610,114670,3.5,2.95
387,6807,4.0,3.25
68,176371,3.5,3.85
18,56757,4.0,3.35
489,47,3.0,3.65
68,4124,2.0,3.35
469,3072,4.0,3.45
220,2985,4.0,3.5
219,2858,5.0,3.85
288,1673,2.0,3.4
51,59615,5.0,2.45
427,5065,3.5,3.65
74,2908,5.0,3.25
313,4370,3.0,2.95
64,708,4.5,3.3
182,4247,2.5,4.05
103,34437,4.0,4.15
111,1895,4.0,3.75
156,1263,4.0,3.1
249,2720,2.5,3.4
254,836,3.5,3.55
480,8866,3.0,3.8
274,4370,3.0,3.25
215,2145,4.0,3.15
89,73106,1.5,3.45
202,1292,3.0,3.75
599,41627,3.5,3.05
122,55765,5.0,3.64
387,6530,4.0,3.5
574,185,2.0,2.8
517,914,4.5,3.5
421,2858,5.0,3.6
182,2391,4.5,3.05
385,610,3.0,3.5
380,90603,5.0,3.5
64,5816,3.5,3.85
219,39292,3.5,3.35
417,6874,5.0,3.73
45,88,4.0,3.6
438,1608,3.5,3.6
298,2918,3.0,3.73
64,6,4.5,3.5
428,3000,2.5,3.77
484,1644,3.0,3.14
43,23,5.0,3.6
57,1747,4.0,3.68
14,32,4.0,3.75
304,165,4.0,2.7
607,858,4.0,3.9
604,208,3.0,3.27
451,94,4.0,3.65
599,73,3.0,2.8
305,96610,2.5,3.5
253,66097,4.5,3.65
221,4681,4.0,3.14
560,54286,4.0,3.6
405,293,4.0,4.23
204,1653,5.0,3.75
414,68205,3.5,4.45
486,44,4.0,3.75
312,2011,4.0,2.55
19,2985,3.0,3.75
367,3784,5.0,3.65
333,1272,3.0,4.2
577,1931,4.0,4.1
590,7367,2.5,3.05
599,135456,3.5,2.8
182,5530,3.5,3.05
425,4306,4.0,3.35
391,1429,3.0,2.9
362,5784,4.0,3.2
483,3269,2.5,3.25
414,8869,2.5,3.65
425,1589,3.5,2.82
339,105504,4.5,4.3
382,2990,4.0,3.8
126,380,5.0,3.3
217,471,2.0,3.23
599,5816,3.0,3.65
469,1476,2.0,3.0
325,22,3.0,3.3
288,6012,3.0,3.5
448,131480,2.0,3.3
477,2294,4.0,3.86
226,1230,4.0,3.9
51,6323,4.5,3.65
562,99007,4.0,3.5
305,90405,3.0,3.55
313,2021,4.0,3.6
305,112852,4.5,3.8
226,4571,5.0,4.0
414,175569,4.0,2.95
462,96488,4.0,2.9
527,1035,5.0,3.86
3,7899,4.5,4.2
339,72011,4.5,3.55
448,5541,4.0,3.35
294,3506,2.0,3.0
520,7147,4.0,3.75
279,148626,3.5,4.05
210,89745,4.5,3.9
226,1247,4.0,3.95
266,223,4.0,3.65
419,778,5.0,4.1
91,1,4.0,3.8
53,748,5.0,3.65
249,90249,3.5,3.2
63,92535,5.0,4.2
438,1777,2.0,2.95
527,1287,4.0,4.05
420,54881,4.0,3.65
298,112552,3.5,4.35
60,58559,5.0,4.35
477,2115,4.0,3.45
474,3578,3.0,3.7
45,2105,3.0,3.7
82,6566,1.5,3.65
305,63992,3.0,2.95
561,111364,4.0,3.1
182,5218,3.5,3.9
430,1680,5.0,3.35
483,2762,3.5,3.6
68,6333,4.5,3.8
448,58803,4.0,3.25
202,920,4.0,4.1
414,6538,4.0,3.05
19,1500,2.0,3.0
117,193,2.0,3.15
68,2840,3.5,4.05
195,150,4.0,3.6
414,6337,4.0,3.3
610,117867,4.0,2.7
603,3418,4.0,3.7
525,5299,2.0,3.1
414,1704,5.0,4.0
17,592,4.5,4.42
372,1033,2.0,3.7
428,2723,3.5,3.45
198,780,2.0,3.4
331,3623,2.0,3.35
346,357,4.5,4.0
509,96110,3.0,3.35
181,382,3.0,3.54
282,6377,5.0,3.45
381,1917,3.0,3.71
552,6503,2.0,3.55
563,1270,3.5,3.95
155,2880,3.0,3.75
536,232,2.0,3.8
605,533,4.0,2.9
453,1873,3.0,3.65
318,2797,3.5,2.55
480,39414,3.5,2.6
380,54001,5.0,3.05
599,161032,2.5,2.9
312,5451,4.0,2.7
125,7361,4.5,3.6
371,1676,4.0,3.45
140,3198,4.0,3.75
456,64,3.0,3.82
274,4700,2.5,2.9
527,2135,4.0,3.3
232,8985,3.0,3.55
305,105355,2.5,3.5
462,1252,5.0,3.82
22,37733,2.5,3.5
104,858,1.5,3.8
153,4896,3.0,3.3
73,8961,4.0,3.45
489,1263,4.5,3.95
28,6884,3.5,3.35
68,1884,2.5,3.09
298,139642,2.0,3.4
596,3624,3.5,2.85
556,48394,4.0,3.7
274,2548,2.0,3.55
82,6006,3.0,4.0
298,91542,3.0,3.45
484,1753,5.0,3.55
448,91628,2.0,3.65
274,52435,3.5,3.0
448,1955,3.0,4.05
119,88163,4.0,3.8
484,594,5.0,3.77
610,61240,5.0,3.4
489,55269,2.5,3.25
339,56174,4.5,3.55
414,2028,5.0,3.9
89,3061,2.0,3.95
111,72998,2.0,4.15
195,5010,3.0,3.65
47,6765,3.0,3.5
119,47099,4.0,4.2
169,1136,5.0,4.45
288,48414,3.0,4.1
564,39,3.5,3.0
178,593,4.5,3.85
33,2087,3.0,3.27
40,82,5.0,3.95
573,69122,4.5,3.6
447,520,3.0,3.3
156,4734,3.0,3.15
387,54190,3.0,3.25
177,98154,4.5,3.8
372,1213,5.0,4.4
414,991,4.0,2.85
144,784,1.5,3.1
483,2394,4.5,3.75
590,3868,3.0,2.95
448,55995,2.0,3.7
226,6711,4.5,3.5
514,1330,2.0,3.65
45,2716,4.0,3.45
356,2918,5.0,3.85
298,784,1.5,2.85
603,648,2.0,2.95
452,4643,5.0,2.5
414,4215,2.0,3.6
603,2577,3.0,3.18
249,67734,2.5,2.75
144,4979,3.5,3.05
414,4345,3.0,3.05
599,1200,5.0,3.65
132,5620,2.0,3.85
226,5584,3.5,3.35
474,1374,4.0,3.25
177,1953,2.5,4.15
28,736,2.5,3.45
105,3275,4.5,3.85
414,635,3.0,3.25
219,33166,3.5,3.55
458,440,4.0,3.2
480,8376,4.0,4.05
387,6552,3.5,3.4
323,1320,3.0,3.0
10,33679,3.0,3.55
79,589,5.0,3.05
1,2492,4.0,3.8
432,84189,3.5,3.75
160,6538,3.0,3.75
132,5673,2.0,3.5
21,4718,4.5,3.35
477,2010,3.5,3.32
477,4571,4.0,3.05
249,129354,4.5,2.7
414,69406,1.5,3.65
381,1911,2.5,3.4
408,520,4.5,3.2
202,1395,3.0,3.15
19,880,2.0,3.05
210,51562,4.0,3.65
63,58559,5.0,4.35
474,25999,3.5,3.65
234,1566,5.0,3.05
100,5299,3.5,3.0
610,71745,4.0,3.45
232,43919,0.5,2.55
89,2997,3.0,3.45
527,4299,4.0,3.2
50,26422,3.0,3.9
282,134130,4.0,3.65
156,3100,3.0,3.55
82,1544,3.5,2.95
571,2513,5.0,3.1
154,86644,0.5,3.85
509,86332,3.5,3.45
180,1261,4.0,3.95
430,2699,3.0,3.55
411,327,1.0,3.65
301,8949,3.5,2.75
167,4333,3.0,3.4
352,41566,3.0,3.1
166,520,3.5,4.35
312,3024,3.0,3.75
336,1267,3.5,4.09
313,2366,2.0,3.05
188,1537,4.0,3.35
490,53125,2.0,3.25
292,1907,3.5,2.8
210,122916,4.5,3.9
590,1092,2.5,4.05
483,45722,3.5,3.0
462,2396,0.5,3.85
328,122886,2.5,3.1
599,3499,2.5,3.15
525,91869,3.5,2.2
462,2367,2.5,2.82
225,2791,4.0,4.5
202,924,5.0,4.0
19,558,2.0,3.55
263,2266,3.0,2.8
434,3948,3.5,3.7
307,9005,2.0,3.1
343,7981,5.0,3.95
7,6534,0.5,3.45
559,745,5.0,3.2
57,2005,3.0,3.45
460,48780,4.5,4.1
232,37380,2.0,2.45
480,923,5.0,4.15
318,37741,4.5,3.2
534,31878,4.5,3.35
181,596,3.0,3.77
62,5254,3.0,3.75
202,371,4.0,3.5
174,160,3.0,3.8
573,7482,4.0,3.8
63,4306,2.5,2.9
219,4446,4.0,3.5
202,3251,4.0,4.05
468,208,3.0,3.3
608,2003,2.5,3.09
288,1219,5.0,3.95
590,586,3.0,3.95
182,1464,4.5,3.85
489,7155,1.0,3.25
264,150,4.0,3.55
414,902,4.0,4.65
105,5878,3.5,4.3
596,58559,4.0,4.25
599,26539,3.0,3.15
489,1784,4.5,3.6
456,1073,3.0,4.4
66,555,3.5,3.15
372,1204,5.0,4.12
21,2700,2.5,3.09
232,5501,3.5,2.75
487,4973,3.0,4.23
572,2406,3.0,3.5
52,96079,3.0,3.9
219,434,3.0,2.9
599,3210,3.0,3.05
367,4489,4.0,3.15
199,3618,3.0,3.55
125,2843,4.0,3.55
68,60126,3.5,3.6
543,73881,5.0,3.25
111,56805,2.5,3.85
373,236,3.0,3.6
19,3797,3.0,3.09
480,27660,1.5,3.35
403,62081,3.5,3.0
212,1220,4.0,3.5
181,485,3.0,3.65
275,4066,3.0,3.1
414,5988,3.0,3.75
96,3555,3.0,4.05
414,51575,2.5,3.95
474,6157,3.0,3.35
474,5308,2.0,2.3
477,1005,2.5,3.1
230,780,3.0,3.6
195,165,2.0,3.1
23,58,3.0,3.7
217,692,1.0,2.9
561,45431,2.0,2.75
274,2617,3.5,3.0
111,2329,3.5,3.95
200,2006,4.0,3.45
68,5152,4.0,3.6
561,68358,4.0,3.3
301,356,4.0,4.05
503,4641,4.0,2.65
89,4728,3.0,3.7
432,81591,5.0,3.5
555,196,3.0,2.95
305,3916,4.0,2.45
82,595,3.0,3.65
185,3598,3.0,3.2
474,4886,3.0,3.6
608,2117,4.5,3.4
84,1103,4.0,3.9
469,32,5.0,3.65
602,555,3.0,3.15
233,60069,4.0,3.6
206,838,5.0,2.95
89,69469,5.0,3.8
101,3578,4.0,4.1
600,3821,1.0,2.9
242,329,3.0,3.75
217,785,2.0,2.86
448,26386,3.5,3.7
552,3252,3.5,3.4
365,2858,1.0,3.4
42,509,4.0,3.9
387,1997,4.0,3.2
596,60040,3.0,3.45
301,1644,0.5,2.8
221,608,5.0,3.5
391,497,4.0,3.55
387,697,1.5,2.8
221,7215,4.5,3.3
409,1394,4.0,3.8
529,733,5.0,3.75
483,27370,4.5,3.7
380,1717,2.0,3.5
64,185,3.0,2.4
17,3147,4.5,3.15
607,589,4.0,3.4
304,2858,2.0,4.0
482,2068,0.5,3.4
419,27704,5.0,3.3
200,3082,4.0,3.85
575,2580,4.0,3.8
580,2355,3.5,4.15
212,85414,2.5,3.55
514,5704,2.0,2.95
605,68554,3.5,2.9
448,86293,2.0,2.8
309,4432,4.0,3.2
599,3915,2.0,3.27
265,2105,4.0,3.33
509,34162,2.0,3.4
603,2731,5.0,3.2
414,2087,5.0,3.1
448,111795,3.0,3.75
307,4040,3.5,3.55
298,45722,2.5,2.71
387,5809,4.0,3.55
590,1210,4.5,4.15
274,4351,3.5,3.4
552,1073,4.5,4.2
197,592,5.0,3.68
563,70183,3.5,3.8
105,4728,3.5,3.8
10,106782,1.0,3.75
474,55071,4.0,3.55
474,39869,4.0,3.2
561,77561,3.0,3.45
122,70599,4.0,3.75
271,1320,3.5,3.6
608,54503,4.5,3.95
140,164,3.0,3.3
354,3994,3.0,3.55
534,85179,4.5,3.05
528,67255,4.0,3.3
420,6934,3.5,3.7
586,457,4.5,4.05
603,2420,2.0,2.59
104,6539,3.0,3.65
379,500,3.0,3.3
587,3404,5.0,3.8
182,4734,1.5,3.1
307,788,2.0,3.1
51,1407,0.5,3.75
393,1291,5.0,3.95
596,2384,3.0,2.15
583,4016,4.0,3.75
305,3499,4.0,2.9
264,5952,4.5,3.75
221,7311,3.5,3.15
45,4896,4.0,3.85
382,53464,3.5,3.2
586,111781,4.5,2.8
448,88163,3.5,3.85
534,1721,4.5,3.3
450,2924,5.0,4.05
593,1086,3.5,3.95
380,2860,2.0,3.5
382,86644,3.5,4.0
486,292,4.0,4.3
202,3707,3.0,3.55
232,919,4.0,3.7
555,372,4.0,3.14
6,637,4.0,3.05
367,4153,3.0,3.15
59,1580,3.0,3.3
220,1722,3.5,2.9
510,4993,2.5,3.9
543,4388,5.0,3.5
253,5902,5.0,3.95
325,4294,3.0,3.8
380,5690,4.0,2.65
64,4973,5.0,3.55
477,4641,4.0,2.65
380,105585,3.0,4.3
356,543,5.0,3.75
368,2535,3.0,2.5
352,66097,3.0,4.05
219,55020,4.5,3.65
140,6448,4.0,3.75
294,420,2.0,3.0
575,2506,4.0,3.1
105,3997,3.0,3.85
523,7361,5.0,3.77
474,4296,2.0,3.15
542,1206,4.0,4.3
525,110102,4.0,3.6
477,3552,5.0,3.45
177,3753,3.5,3.55
45,4022,5.0,4.05
216,2349,2.0,3.4
610,138210,3.5,3.7
51,1997,5.0,3.55
125,86721,5.0,3.9
247,4226,4.5,4.25
422,762,2.0,3.2
64,350,3.5,3.79
334,30850,3.5,2.95
52,73017,5.0,3.55
166,6157,2.5,3.4
318,45728,4.0,3.35
50,296,4.0,4.0
605,8373,2.0,3.35
195,161,4.0,3.1
249,149352,3.5,2.65
414,173209,4.0,3.65
599,79274,2.5,2.9
474,2194,4.0,3.85
448,4229,3.0,3.6
172,3793,3.5,3.85
462,72011,4.5,3.85
278,2144,3.5,3.15
247,1198,4.0,4.46
599,728,2.5,2.75
223,8360,4.0,3.3
57,736,2.0,3.75
610,2951,4.5,3.65
414,127108,5.0,3.25
111,179427,4.0,3.7
606,82,4.0,2.95
249,90531,4.5,3.55
534,70336,3.0,3.55
17,3949,4.5,3.0
520,49272,3.0,2.8
294,2268,3.0,3.05
239,1101,3.5,2.65
357,1358,2.5,4.1
106,69844,5.0,3.8
610,122884,3.0,3.7
448,2083,4.0,3.45
226,3450,4.0,2.9
50,1201,4.0,3.95
606,2001,0.5,2.32
603,2932,4.0,3.8
474,6852,3.5,3.4
599,1673,4.0,3.4
599,210,2.0,3.4
602,475,5.0,2.91
398,910,5.0,4.7
522,356,3.5,4.0
313,3081,4.0,3.2
381,1028,4.5,3.36
414,4815,3.0,2.55
352,1625,4.5,4.1
45,3270,1.0,2.8
195,3753,3.0,3.7
328,1997,2.0,3.05
356,35836,5.0,3.85
603,1721,3.0,3.2
100,1035,4.0,3.8
561,7310,3.5,3.35
474,342,3.5,3.3
586,54286,4.5,3.05
448,110553,2.5,2.4
304,2322,4.0,3.2
177,69122,4.0,3.7
327,4388,5.0,3.5
603,1228,5.0,3.96
234,126,2.0,3.9
298,1240,4.0,3.1
590,6565,3.5,2.55
580,924,3.5,3.25
105,85316,3.5,3.9
290,1208,5.0,4.15
68,3978,3.0,3.0
45,2302,3.0,3.6
41,57669,4.5,3.85
608,2126,4.0,3.25
470,788,3.0,2.65
509,6350,3.5,3.15
599,1719,3.5,3.4
370,592,4.0,3.8
135,3102,3.0,3.5
28,851,2.0,3.7
555,4080,3.0,3.8
280,4649,4.0,3.15
260,2010,4.0,3.45
317,1219,5.0,3.85
68,59725,2.5,3.25
68,46965,3.5,3.8
156,2396,4.0,2.41
274,8957,3.5,3.25
517,147378,1.0,3.45
247,7361,4.0,4.2
140,7155,3.0,3.85
474,7064,4.0,3.65
182,249,4.0,3.5
448,26409,1.0,3.75
435,34405,4.0,4.25
66,4041,4.5,3.25
356,2146,4.5,3.65
202,1394,4.0,3.15
356,8917,3.5,3.45
380,4085,4.0,3.5
414,166528,4.0,4.05
414,3794,3.0,3.5
352,3273,3.0,3.25
599,2292,2.5,3.64
68,112183,1.5,3.55
610,5617,4.0,4.1
414,139644,4.5,3.3
160,227,2.0,3.4
599,2140,3.0,3.68
186,788,4.0,2.55
599,2321,3.5,3.5
608,7324,4.0,3.15
41,5418,2.0,3.64
608,3257,2.5,2.86
106,40815,5.0,3.75
68,103249,3.5,3.4
105,58554,2.0,4.45
10,86548,3.0,4.1
307,2114,3.0,3.2
483,480,4.0,3.68
221,3671,4.5,4.2
599,627,2.5,2.55
387,923,4.5,4.1
327,8641,5.0,3.55
545,63540,2.0,2.8
288,3998,3.0,3.33
582,44191,3.5,3.3
452,1584,5.0,3.8
117,736,2.0,3.1
294,3667,1.0,3.7
318,2291,4.0,3.55
105,152081,4.5,3.95
304,135,4.0,3.15
91,1645,3.0,4.05
42,3448,5.0,3.5
414,32587,4.0,3.82
122,260,5.0,3.83
74,55363,4.0,3.7
328,1732,3.5,3.9
600,1246,2.5,4.25
64,27773,5.0,3.35
361,49272,4.0,3.7
174,333,4.0,3.7
200,45517,3.0,3.35
201,1097,5.0,3.1
296,31364,5.0,3.4
313,1274,5.0,3.7
500,471,1.0,3.5
18,593,4.5,4.32
606,6440,4.0,3.6
411,292,3.0,4.0
372,335,4.0,3.09
434,6365,2.0,3.75
73,35836,2.5,3.75
382,33836,2.0,3.9
432,35836,4.0,3.8
82,1573,4.0,3.3
414,5046,3.0,3.65
19,1373,1.0,3.9
221,2997,4.5,3.59
414,122904,4.0,4.14
62,45447,3.5,3.7
414,542,2.0,3.25
236,1387,5.0,2.82
564,4246,3.5,3.25
328,8360,3.0,3.3
453,3148,4.0,3.7
432,81562,3.5,3.35
339,1077,4.5,4.09
323,348,3.5,3.4
368,587,3.0,3.5
68,3635,4.0,3.35
203,40815,3.5,3.65
132,4993,4.5,3.9
139,6539,3.0,3.4
68,68554,3.0,3.86
19,1970,3.0,3.2
600,2340,3.5,3.3
294,153,3.0,2.9
232,6006,3.0,3.65
202,356,5.0,3.8
268,2178,4.0,3.7
68,3275,3.5,2.65
599,51931,3.0,3.65
249,64969,4.0,3.75
474,1959,4.0,3.85
602,11,3.0,2.89
50,176371,3.0,3.85
174,32,3.0,4.15
119,5810,3.0,3.8
88,26974,3.0,3.65
68,4720,3.0,3.3
477,5952,4.0,4.1
243,353,5.0,4.15
597,2423,2.0,3.14
352,1080,5.0,4.3
6,316,5.0,3.7
318,142456,3.5,4.0
597,2717,3.0,3.6
288,3060,4.0,3.0
217,1230,2.0,4.15
125,60072,4.0,3.8
368,303,1.0,4.73
43,271,5.0,3.7
83,7669,4.0,3.3
153,30707,2.5,4.15
153,177615,3.0,3.9
540,1196,5.0,4.25
328,1288,3.0,3.75
380,5171,3.0,3.3
356,1206,4.0,4.05
66,181,2.0,2.8
166,5418,4.5,3.65
474,3475,4.0,3.8
606,1293,4.0,3.6
141,2355,4.0,3.3
103,69844,1.5,3.8
610,128360,4.5,3.4
414,3788,3.5,3.5
116,5349,3.5,3.75
95,1196,5.0,4.7
288,2391,4.0,3.27
514,122926,4.0,3.85
318,79057,2.5,3.55
351,84152,3.5,3.75
256,112623,4.0,3.8
169,3,5.0,4.0
566,25,2.0,3.8
41,2268,2.5,3.7
326,89492,1.0,3.55
226,8464,3.5,3.75
274,2431,3.0,3.25
139,4865,1.5,3.45
328,2090,3.0,3.15
514,1079,4.0,3.45
176,485,3.0,3.95
372,1302,3.0,3.7
608,1396,4.0,4.05
594,2808,5.0,3.15
224,1554,1.0,2.3
282,1073,4.0,4.05
547,1394,5.0,3.75
602,22,3.0,2.77
610,82641,3.0,3.05
79,2406,4.0,3.35
602,508,3.0,3.73
603,163,5.0,3.59
42,4482,5.0,3.3
143,6619,5.0,3.85
359,480,4.0,3.7
317,3147,4.0,4.0
286,2959,5.0,3.5
153,4979,3.0,3.6
603,2174,4.0,3.25
603,4433,5.0,3.9
560,6218,3.5,3.45
274,67087,3.0,3.25
307,5524,2.5,2.14
249,74789,2.5,2.95
368,1590,2.0,2.6
135,4467,4.0,3.6
603,1358,4.0,3.32
235,39,3.0,3.7
566,151,4.0,3.35
64,2115,3.0,3.65
16,1196,3.0,4.23
139,3753,4.0,3.3
492,842,5.0,3.5
606,2313,4.0,3.6
427,5107,3.0,2.35
88,79132,4.5,3.8
307,3752,2.5,2.7
352,68791,3.5,3.1
95,162,5.0,3.55
582,5618,3.5,3.7
82,2380,3.0,2.6
42,2861,4.0,4.35
290,1345,3.0,3.35
273,586,1.0,3.55
610,7482,4.5,3.7
353,266,3.0,3.75
33,230,3.0,3.6
304,1183,3.0,4.0
16,296,3.0,3.3
603,2431,1.0,2.96
562,3578,3.5,2.9
66,7482,4.5,3.7
164,1036,5.0,3.85
305,88405,3.5,2.85
307,6548,3.0,2.3
267,3996,5.0,2.5
357,2291,4.0,3.95
144,1246,3.0,4.05
105,2329,4.0,3.85
282,1968,4.0,3.45
596,1372,3.5,3.5
241,7371,5.0,3.7
600,2797,4.0,2.45
89,128087,5.0,4.1
111,64839,4.0,3.45
148,4993,3.0,3.75
429,315,4.0,3.6
448,46974,2.0,3.73
357,1513,3.5,3.3
7,589,2.5,3.9
139,95510,2.5,2.95
377,33681,2.5,3.4
474,1006,3.5,3.1
292,81847,3.0,3.7
351,55577,3.5,3.2
226,840,3.0,3.09
187,7371,4.0,4.1
52,86892,5.0,3.4
68,54881,5.0,4.1
610,79592,3.0,3.2
488,5995,4.5,4.0
381,5630,2.0,4.05
202,523,3.0,3.7
525,8643,3.0,3.55
552,2501,3.5,3.3
59,647,4.0,3.95
534,6874,4.5,3.45
469,1876,4.0,3.2
174,300,2.0,3.5
561,3753,4.5,3.4
412,1276,5.0,4.45
606,18,4.0,3.0
249,1209,4.5,4.05
184,119145,5.0,4.25
57,3175,4.0,3.25
599,3440,2.5,3.3
599,6348,2.5,3.85
600,2907,3.0,3.85
51,33615,3.5,3.6
414,72378,2.0,3.65
484,261,4.0,3.8
577,1288,3.0,4.5
444,350,3.0,3.75
437,1242,5.0,4.0
298,109374,3.5,3.8
73,59258,4.5,3.4
489,5377,4.0,3.2
372,527,5.0,3.65
424,27020,3.5,3.65
15,2916,4.5,3.45
380,110501,4.0,3.2
221,913,4.5,4.25
414,4909,2.0,3.35
610,133802,4.0,3.25
16,2723,3.5,2.75
198,2571,5.0,3.75
104,6593,4.0,3.55
198,364,4.0,3.65
573,3578,3.5,3.65
89,143559,5.0,3.65
105,101962,4.0,3.6
274,58803,2.0,3.55
232,41769,2.5,3.7
346,1333,3.5,3.75
332,6365,3.0,3.55
298,81932,3.0,3.65
414,39444,3.5,3.2
524,1270,5.0,4.45
181,445,3.0,3.5
105,98491,4.0,4.4
528,91658,4.0,3.55
63,47,4.0,4.0
462,83827,5.0,3.35
391,3702,4.0,3.85
41,3160,4.0,3.65
97,2571,5.0,4.45
608,8464,3.5,3.25
198,3686,3.0,3.65
512,380,3.0,3.86
140,5945,3.0,3.45
606,1059,4.5,3.4
160,1270,5.0,3.64
200,5481,3.5,3.3
120,1210,5.0,4.65
376,1097,3.5,3.55
603,910,4.0,4.32
414,171765,4.0,3.95
434,5952,5.0,3.7
381,3254,3.0,3.45
448,8376,3.0,3.75
466,45722,4.5,3.55
84,350,4.0,3.73
351,90353,4.0,3.6
292,4321,3.0,3.14
534,87869,3.0,3.2
84,1388,3.0,3.35
99,165,5.0,3.65
182,3809,3.5,2.85
409,2109,5.0,3.64
223,2716,3.5,3.55
534,2080,3.5,3.55
291,118696,4.0,3.6
39,1617,2.0,3.25
89,69644,4.0,2.35
132,7323,3.0,2.6
538,158,4.5,3.55
57,1468,1.0,3.45
198,260,5.0,4.15
177,7222,2.5,3.85
415,86345,4.5,2.85
64,4489,4.5,3.35
63,3752,2.0,3.1
414,1840,4.0,3.05
438,5809,2.5,3.0
525,1033,3.0,3.55
177,355,2.0,3.86
462,81932,4.5,4.2
28,4251,2.0,3.29
600,39444,1.0,3.0
199,1055,1.0,3.7
305,296,5.0,3.75
332,608,4.0,4.0
438,3916,4.0,3.25
453,2671,4.0,3.95
298,71264,3.0,3.45
212,107314,3.5,3.45
295,858,4.5,4.09
64,3396,4.0,3.2
347,317,4.0,4.05
232,597,3.5,3.59
480,6764,1.5,3.25
27,736,3.0,3.45
599,8157,2.5,3.85
274,368,3.5,4.05
89,49013,3.5,3.45
362,2023,4.0,3.75
143,3526,3.0,3.9
460,2762,4.5,4.6
413,3916,5.0,3.55
606,6800,1.5,3.35
318,1260,4.0,3.82
425,1393,3.0,3.7
474,8955,3.0,3.82
24,4995,3.5,3.73
199,913,4.5,4.35
567,2731,3.5,2.8
339,68358,4.0,3.45
160,587,3.0,3.75
128,942,4.0,4.35
232,62155,4.0,3.0
423,4995,3.5,3.9
608,2002,3.0,2.9
109,52,3.0,3.95
500,2539,4.0,3.4
59,1210,3.0,4.55
599,5221,3.0,3.45
286,4226,4.5,3.86
217,2353,4.0,3.4
414,26704,4.0,3.65
597,2116,4.0,3.2
122,112852,4.0,4.15
596,5991,3.5,3.05
608,2918,4.0,3.55
10,136020,5.0,2.95
380,83134,5.0,3.6
539,4306,5.0,3.7
517,1997,1.0,3.0
610,158238,5.0,3.35
274,4247,3.0,3.3
262,296,3.0,3.95
191,224,4.0,3.75
19,1240,4.0,3.9
274,328,4.5,4.25
604,435,4.0,2.54
91,1276,3.0,3.82
28,52241,2.0,3.2
573,60040,4.0,3.64
57,442,2.0,3.05
599,139859,2.5,2.95
477,72224,3.5,3.85
103,4002,4.5,3.95
480,3618,5.0,2.9
483,920,1.5,3.91
167,1080,3.5,4.55
137,30749,4.0,3.95
387,2717,3.0,2.75
512,454,4.0,3.45
417,356,4.0,3.8
28,6502,3.0,3.85
498,380,3.0,3.2
160,1385,1.0,1.9
50,27773,3.0,3.25
555,3698,5.0,3.35
298,4247,3.0,3.0
509,91542,3.5,3.95
182,1827,2.5,3.3
504,6565,4.5,2.55
597,1290,3.0,4.4
600,7153,5.0,4.14
571,1976,3.0,2.95
600,1923,3.0,3.45
326,2571,3.5,4.0
64,736,3.5,3.9
298,7460,3.5,2.8
387,4211,4.0,4.15
365,4995,4.0,3.86
599,458,2.0,3.0
68,350,3.5,3.4
434,33794,4.5,3.15
82,6537,4.5,3.4
477,61323,4.5,3.7
305,88140,3.0,3.4
489,8874,4.5,3.7
341,4447,4.0,3.5
380,3793,5.0,3.7
607,448,4.0,3.23
68,45950,3.5,3.5
424,2571,2.0,3.45
387,2206,3.5,3.6
156,3114,3.5,3.7
181,371,4.0,2.95
105,8957,4.0,3.5
374,1350,5.0,3.5
464,1835,4.0,3.4
288,27618,2.0,3.6
449,50,4.5,4.15
249,608,4.5,4.35
352,3355,4.0,3.65
274,4022,3.0,3.3
6,210,4.0,3.3
314,357,4.0,3.55
44,833,2.0,3.6
68,2993,4.0,3.6
182,8581,4.5,3.5
186,2710,3.0,2.95
210,589,4.0,4.0
414,104374,4.0,3.6
489,1967,3.5,3.8
33,1641,5.0,3.1
70,1270,4.0,3.4
603,3007,3.0,3.5
571,1334,2.0,2.8
372,1227,3.0,3.71
509,8861,2.0,3.2
395,377,3.0,3.3
404,539,4.0,3.18
274,60684,4.0,4.25
425,1573,3.0,2.7
98,1207,4.0,4.4
28,34405,4.5,3.8
263,7153,4.5,3.7
474,6936,4.0,3.23
599,27773,4.0,3.0
480,480,5.0,3.95
586,8368,5.0,3.7
399,8961,3.5,3.5
1,2048,5.0,3.35
492,1499,5.0,3.36
422,2841,3.0,3.14
256,71535,4.5,3.75
274,3082,3.0,3.6
414,5324,2.0,3.25
109,165,3.0,3.1
10,8969,3.5,2.7
70,7361,4.5,4.15
387,931,4.0,4.18
560,30707,3.0,3.2
497,1704,3.0,3.75
83,1960,3.5,4.05
249,82854,2.5,2.35
599,2797,3.5,2.55
265,531,3.0,3.7
232,783,2.0,3.15
294,1049,3.0,3.25
182,6881,4.0,3.25
476,377,3.0,3.15
132,2567,2.0,3.9
561,59784,3.5,3.25
19,2450,2.0,2.55
534,94777,3.5,3.2
414,34072,4.0,3.3
431,435,0.5,3.05
118,858,5.0,3.45
368,2194,3.0,3.4
448,104211,2.5,3.5
210,485,3.5,3.41
292,4386,3.0,3.1
99,380,5.0,3.45
263,593,5.0,3.9
325,3698,2.0,3.6
345,27751,5.0,3.8
256,117887,4.0,3.05
246,6942,5.0,3.7
382,4896,4.5,3.45
565,588,3.0,3.55
177,31685,2.5,3.45
393,3996,3.5,3.3
608,364,3.5,3.35
354,5459,3.0,3.7
596,1644,2.5,2.65
202,2001,4.0,3.35
561,8798,3.0,3.65
294,539,3.0,2.9
470,736,4.0,3.4
177,1499,2.0,3.15
474,6291,4.0,3.59
24,2916,3.5,3.35
7,8636,4.5,3.0
477,32029,3.0,2.95
603,417,3.0,2.4
68,2470,3.5,3.3
487,94959,2.5,3.45
525,93721,4.5,3.7
380,152173,4.0,3.65
109,366,3.0,3.33
606,1124,3.5,2.9
483,2593,3.0,3.4
555,743,1.0,3.3
567,113705,3.5,3.35
249,70336,3.0,3.5
601,1262,4.5,3.91
226,2081,2.5,2.8
198,1089,5.0,4.09
255,588,2.0,3.85
227,134130,4.5,3.8
226,500,3.5,3.23
559,494,3.0,3.2
288,2788,4.0,3.0
414,2294,4.0,4.0
305,75813,3.5,2.9
511,99114,4.0,4.0
233,4866,1.0,3.5
414,4267,3.0,3.6
424,107348,3.0,3.4
590,2115,3.5,3.5
14,7,3.0,3.0
380,837,4.0,3.3
282,139385,4.5,4.2
57,2770,4.0,4.32
57,1226,4.0,4.5
78,2716,4.5,2.68
82,7325,4.0,3.2
606,6890,4.0,3.15
239,2706,4.0,3.55
471,8874,3.5,3.95
350,788,3.0,3.95
232,30894,2.0,2.75
83,480,3.0,3.75
160,1627,5.0,3.0
414,6093,4.5,3.45
472,1193,4.5,4.55
1,2797,4.0,2.9
448,5952,4.0,3.4
428,3328,2.0,3.6
599,5508,3.0,3.05
307,44004,2.0,3.45
111,87529,5.0,2.8
305,7439,5.0,3.75
580,337,4.0,3.5
606,6573,4.0,2.45
50,103335,1.5,3.7
288,2134,3.0,2.81
196,1527,3.0,3.3
247,3578,4.0,3.3
438,2194,4.5,3.75
414,4595,3.5,2.9
307,203,2.5,2.7
307,45501,2.5,3.05
181,293,3.0,4.0
367,2108,2.0,3.05
304,1377,2.0,3.95
396,293,5.0,4.6
411,1,5.0,3.1
139,3827,3.5,2.6
139,106489,4.0,3.55
356,203,3.5,3.0
50,2019,4.0,3.73
298,50912,2.5,3.9
288,3448,3.5,2.9
274,3608,4.0,3.35
155,1883,4.0,2.35
181,587,5.0,3.88
113,1645,1.0,2.9
318,7151,3.5,3.75
136,267,4.0,3.5
307,7324,3.0,2.55
175,5410,0.5,3.6
160,1277,5.0,3.68
428,5900,2.0,3.6
156,47,3.5,4.0
187,4226,4.0,3.85
354,2321,4.0,4.4
168,750,5.0,4.15
111,53121,2.0,3.5
488,1198,3.5,4.0
270,648,3.0,3.45
113,39,3.0,2.7
427,1208,5.0,3.73
509,65261,3.5,3.3
500,2078,3.0,3.5
156,1225,4.5,3.95
274,4855,3.5,3.95
232,45950,3.0,3.75
152,904,4.0,4.55
293,1673,4.0,3.4
448,428,3.0,3.18
448,1079,5.0,4.35
286,1912,3.0,3.1
305,53519,4.5,3.0
253,3536,3.5,3.75
303,2683,3.0,2.7
522,56367,2.0,3.65
275,3578,4.0,3.45
588,766,3.0,3.15
603,1129,4.0,2.65
21,10,5.0,3.2
410,3608,4.0,3.3
387,1921,3.5,3.75
480,223,1.5,3.4
599,181,1.0,2.95
448,1604,3.0,3.85
380,71535,3.0,3.9
28,8493,3.0,3.8
474,49220,3.5,2.95
414,41527,4.0,3.4
28,61350,3.5,2.9
590,54001,4.0,3.95
489,586,1.5,4.05
6,848,4.0,3.75
129,1676,5.0,3.91
474,5353,3.0,3.95
111,5874,4.0,3.45
279,5378,1.0,2.9
84,46,3.0,4.2
452,3101,5.0,3.15
414,5072,4.0,3.9
199,1262,5.0,3.91
247,1682,5.0,3.9
388,86298,4.0,3.3
455,500,3.0,3.32
19,2387,3.0,3.2
178,4718,2.5,3.3
525,70286,4.0,3.65
448,88356,2.0,3.35
80,53972,4.0,3.8
504,1968,4.0,3.14
28,6993,1.5,3.4
18,40819,4.0,3.9
608,7158,3.5,3.86
212,93510,4.0,4.05
171,1148,5.0,4.5
82,34,2.0,4.05
282,1954,4.0,3.9
596,6934,4.0,3.1
91,1092,4.5,3.95
274,4040,3.0,3.7
111,61323,2.5,3.45
136,23,5.0,2.9
599,1221,4.0,3.65
370,1676,3.5,3.45
195,111,2.0,3.65
301,454,4.0,3.2
286,1407,3.0,2.8
566,364,2.0,3.25
599,3408,2.5,3.25
480,33669,2.5,3.15
298,106491,1.0,3.35
474,5971,4.0,3.8
448,3448,4.0,3.3
18,58559,4.0,3.75
114,106782,4.5,3.3
369,2126,3.0,2.7
141,48385,2.5,3.4
464,5026,5.0,2.9
391,4975,2.0,4.0
462,3037,5.0,3.45
476,454,4.0,3.9
247,5349,2.0,3.45
132,4239,2.5,3.64
79,3104,5.0,3.6
599,108090,3.5,2.45
555,3525,4.0,4.15
305,353,4.5,4.05
200,33794,4.0,3.77
219,1580,3.0,3.45
469,2527,3.0,3.15
69,2762,5.0,4.25
368,1722,3.0,3.5
232,7169,2.5,2.5
280,597,4.0,3.95
573,457,4.5,4.05
140,3861,2.0,3.45
219,2028,4.5,3.75
332,26131,4.5,3.8
474,1246,4.5,3.85
552,1201,4.0,4.25
318,4776,4.0,3.05
232,761,2.5,3.3
101,3394,1.0,3.65
93,2094,4.0,3.75
555,65,3.0,4.0
290,475,4.0,3.73
21,1573,2.5,3.3
156,898,5.0,4.35
469,2143,4.0,3.15
274,60040,3.5,3.65
177,2671,3.5,3.55
606,30749,3.5,3.3
610,93819,3.5,4.35
448,133365,2.0,2.95
369,60069,3.5,3.95
562,6870,5.0,3.7
425,45431,3.5,3.3
274,1197,4.0,4.15
606,2193,2.5,3.5
89,142831,4.5,3.8
232,51412,3.0,3.7
95,5445,4.0,3.75
32,996,3.0,2.8
66,1240,4.0,3.95
83,8622,2.0,4.23
28,43921,3.0,2.9
74,1209,4.0,4.73
50,101072,2.5,3.75
248,122916,3.5,4.14
606,5218,4.5,3.45
223,1285,3.0,3.45
414,6563,2.5,2.9
261,1682,4.5,4.0
89,119141,2.5,4.15
414,7340,2.0,3.65
207,3264,0.5,3.5
322,586,3.5,3.55
599,137218,2.5,2.45
294,1582,1.0,3.45
368,1653,3.0,3.5
434,5445,3.0,3.5
483,79132,5.0,3.9
68,2340,3.5,3.6
41,2115,2.0,3.7
182,1365,4.0,4.0
45,6333,5.0,3.7
477,1214,4.5,3.88
448,1954,4.0,4.05
381,6503,3.0,3.3
428,5055,3.5,3.4
274,575,3.0,3.41
495,5449,4.0,3.05
448,47810,1.0,2.75
603,1484,4.0,2.8
483,489,3.0,3.25
181,1084,3.0,3.75
318,62208,4.5,3.25
475,592,5.0,4.31
216,3521,2.0,3.25
66,4591,3.5,3.4
474,2182,4.0,3.45
305,1704,4.0,2.75
305,113573,4.0,2.9
109,62,5.0,3.4
408,79132,3.5,4.15
122,5171,3.5,3.45
414,2279,2.0,3.7
177,64620,3.5,3.65
495,551,3.5,3.65
200,1220,4.5,3.85
416,4967,4.0,3.5
474,3836,2.5,3.05
102,592,3.0,3.91
391,242,4.0,3.5
182,1291,3.5,3.85
610,63768,3.0,3.45
230,52973,3.0,3.5
240,367,4.0,3.8
42,361,3.0,4.4
492,1049,5.0,3.7
304,1466,5.0,2.6
380,34319,3.0,3.2
560,32,3.5,3.55
600,837,3.5,2.77
368,3716,1.0,2.7
522,72998,1.0,4.0
603,1916,5.0,3.05
414,3360,5.0,4.2
453,1777,3.0,3.5
73,74647,1.0,3.45
307,8011,4.0,4.05
609,329,3.0,3.7
326,81932,3.0,3.4
85,1641,5.0,3.9
514,59369,4.0,4.3
477,2628,4.0,2.9
590,3439,2.5,3.5
29,3578,5.0,3.75
314,553,3.0,3.09
279,109487,5.0,3.7
604,380,3.0,3.5
177,480,3.5,3.85
199,2067,4.0,4.1
100,2245,4.5,3.75
248,6365,3.5,4.25
64,5218,3.5,3.4
587,141,4.0,3.77
490,1499,2.0,3.25
51,4018,3.0,4.3
450,908,4.0,3.85
260,2122,3.5,3.3
391,1952,5.0,3.65
307,6586,2.0,2.7
593,6711,2.0,3.55
66,272,3.5,3.7
474,1544,1.0,2.8
514,81932,4.0,3.65
232,30793,3.5,3.5
425,4720,3.5,3.45
199,492,2.0,3.65
45,4369,5.0,3.7
503,1036,4.5,3.75
213,4558,3.0,3.75
219,5159,1.5,3.25
567,150254,2.0,3.65
590,431,4.0,3.5
135,1597,4.0,3.7
182,6188,3.0,3.7
541,281,3.0,3.2
599,5993,2.5,3.1
180,2571,3.5,3.85
14,539,4.0,2.9
330,2657,5.0,3.4
33,110,5.0,3.6
217,3430,2.0,2.82
448,367,3.0,3.65
377,344,3.0,3.4
462,86882,2.5,3.7
312,2716,4.0,2.85
564,47518,4.0,3.6
436,361,3.0,3.73
357,49530,4.0,3.77
580,2186,0.5,3.55
59,2763,5.0,4.25
256,102445,4.0,3.15
601,1,4.0,3.32
64,4310,3.0,2.95
509,112852,4.0,4.1
290,918,5.0,3.73
414,53894,3.5,3.5
51,7160,5.0,4.1
230,153,3.5,3.85
380,27822,4.0,3.25
239,2353,3.5,3.4
182,1608,2.5,3.5
221,1293,4.0,4.15
57,1282,4.0,4.35
523,6539,4.5,3.65
219,2580,4.5,3.82
239,2478,3.0,3.75
599,5541,3.0,3.2
483,2193,4.5,3.45
489,1259,3.5,4.09
142,296,5.0,3.1
89,132584,3.5,2.8
448,44665,3.5,4.05
282,80906,4.5,3.5
602,280,3.0,2.6
599,95510,3.0,3.6
274,3438,3.0,3.7
103,78499,3.0,3.64
599,2877,2.0,3.25
480,4247,4.0,3.35
156,945,5.0,4.35
249,59014,0.5,3.75
351,6874,3.0,4.1
182,41,4.5,3.5
105,4865,4.0,4.35
105,122882,4.0,3.65
338,189043,2.5,3.6
533,2571,5.0,3.45
563,69122,2.5,3.6
65,318,4.0,3.85
588,288,3.0,4.0
10,8529,3.5,4.0
233,174055,2.5,3.85
516,457,4.0,3.55
209,2028,4.0,3.85
458,1073,2.0,4.3
610,4369,3.0,2.85
384,2355,4.0,3.6
437,318,5.0,3.77
474,4808,2.0,3.5
112,36,0.5,3.09
590,2991,3.0,3.3
610,4902,4.0,3.15
260,1219,4.0,4.32
20,4161,3.5,2.95
290,858,5.0,4.3
599,93838,3.0,4.35
505,1241,5.0,4.05
483,62956,4.0,3.65
187,4641,4.5,3.6
356,2248,4.5,3.7
552,329,3.5,3.45
83,48394,3.5,3.65
28,1209,3.0,4.1
19,1047,3.0,2.91
509,231,2.5,3.65
458,261,3.0,4.05
312,3499,4.0,3.2
57,1513,4.0,3.75
448,49272,4.5,3.3
464,6934,4.0,3.7
357,1407,3.5,3.6
340,356,3.0,4.0
42,1245,5.0,4.4
391,4936,3.0,3.1
219,54997,5.0,3.75
177,37729,2.5,3.45
391,3260,4.0,2.95
47,356,4.5,4.0
268,2349,5.0,3.5
68,74789,4.0,2.95
441,98809,3.5,3.77
290,2013,4.0,3.15
438,6549,3.5,3.14
357,80489,4.5,3.6
28,3683,2.5,3.65
610,57421,4.0,3.55
220,34,4.5,3.9
428,2054,0.5,2.9
298,3785,2.0,2.5
182,4361,4.0,3.1
103,1028,4.0,3.8
450,1544,4.0,3.05
380,5010,4.0,4.09
603,4380,3.0,3.15
489,1204,3.0,3.91
610,68358,4.0,2.95
448,73015,2.0,4.0
462,1343,3.5,4.15
192,315,4.0,3.3
221,1834,4.5,2.5
610,134393,3.5,3.9
221,1923,4.0,3.25
132,6942,4.5,3.35
474,901,2.0,4.05
408,4701,4.0,3.1
50,1291,3.0,4.25
139,33794,3.0,3.9
382,4700,3.5,3.55
325,194,5.0,3.75
89,112138,3.0,3.95
417,2762,4.5,3.4
202,2150,5.0,4.05
244,2716,5.0,3.85
414,1997,4.0,3.7
479,4111,3.0,2.95
599,505,1.0,2.95
202,3006,4.0,3.8
596,2890,3.0,2.7
36,1376,2.0,3.45
274,1604,3.0,3.25
181,707,3.0,3.9
64,25,3.5,3.3
462,4361,2.5,3.7
414,6299,4.0,3.25
597,1193,5.0,4.0
489,7293,4.0,3.6
52,48738,4.5,3.77
569,380,3.0,3.91
51,1196,5.0,4.05
357,1378,3.0,3.05
82,344,3.5,3.5
290,2268,4.0,3.0
159,1088,4.0,3.86
534,59900,4.0,3.0
590,5816,3.5,3.4
58,736,3.0,3.75
312,5991,4.0,3.75
139,5418,2.5,3.25
80,63113,4.5,4.25
105,4878,5.0,4.2
232,4816,4.0,3.5
268,1047,4.0,3.55
122,1682,5.0,4.1
211,1246,4.5,3.85
339,89745,3.0,3.91
182,1447,4.0,3.65
414,4520,2.5,3.15
132,2324,4.0,3.45
604,316,4.0,3.4
222,485,2.5,3.15
232,39231,3.0,3.45
457,3072,4.0,3.73
317,47,5.0,3.65
156,2019,5.0,3.05
313,1690,1.0,3.7
294,610,4.0,3.75
357,66097,4.0,4.05
17,1032,4.5,3.3
380,72167,4.0,3.75
146,3686,4.0,4.0
288,1090,4.5,3.79
166,8665,5.0,3.5
495,140523,3.5,3.75
450,2858,4.0,3.95
567,89774,2.5,4.25
84,1173,3.0,4.0
232,8361,3.5,3.4
573,67087,4.0,3.15
307,58156,3.0,3.1
561,551,3.5,2.55
4,2467,4.0,2.9
274,542,3.5,3.55
82,1201,3.0,3.7
469,919,4.0,3.83
474,3844,2.5,3.25
307,3004,2.0,3.45
68,1234,3.5,3.75
203,2947,3.0,3.95
387,2302,2.5,4.0
474,33903,3.5,2.9
177,6942,5.0,3.05
307,2541,2.0,3.85
603,1711,1.0,3.1
199,1784,1.0,3.65
538,58559,4.5,4.27
182,2135,1.5,2.95
451,5,3.0,3.91
312,1278,4.0,4.4
610,105801,3.0,3.35
532,4262,4.0,3.0
561,33679,1.0,3.5
50,102407,2.5,3.95
44,786,2.0,3.45
132,30793,3.5,3.65
1,3578,5.0,3.45
66,21,4.0,3.2
307,4359,3.0,2.91
111,1676,2.0,4.15
590,30793,3.0,3.45
414,4903,4.0,3.35
140,6461,4.5,3.3
520,1732,3.5,3.73
182,1247,3.5,4.35
100,899,4.5,3.65
52,57528,3.0,3.55
160,1100,1.0,3.8
456,708,3.0,3.55
606,2232,4.0,4.0
599,3968,2.5,2.65
477,252,4.0,3.35
203,349,4.0,3.75
448,74532,1.5,3.4
339,97752,4.0,3.05
169,1288,4.0,4.3
534,79695,4.0,4.15
220,32,4.5,3.9
89,121781,5.0,4.1
380,30707,5.0,4.05
555,3497,3.0,3.85
216,4020,3.0,3.35
600,1230,5.0,4.04
376,10,4.5,3.9
462,8042,5.0,3.85
232,7258,3.0,3.15
226,44195,4.5,4.0
51,4591,3.0,3.8
45,261,3.0,4.7
7,2671,4.5,3.0
380,1583,3.0,3.95
474,5619,4.0,3.18
357,3114,5.0,3.68
182,2551,4.5,3.3
122,119145,4.5,4.35
414,6303,3.0,3.1
432,2712,3.5,2.85
589,1097,4.0,3.9
570,293,3.5,4.2
203,4886,4.0,4.0
166,1240,3.0,4.36
592,533,4.0,3.7
560,130576,2.0,3.0
391,2232,4.0,3.15
409,2492,4.0,3.3
51,934,1.0,4.55
599,41716,2.5,3.35
314,474,3.0,2.95
45,3421,4.0,3.6
247,5618,3.5,3.65
597,588,4.0,3.67
469,196,2.0,2.68
290,3260,4.0,2.9
476,252,4.0,3.35
387,5974,3.0,3.6
51,1845,5.0,2.9
380,8528,3.0,3.3
428,4223,3.0,3.55
307,7371,3.5,2.95
75,8961,4.0,3.5
249,91974,3.5,3.85
525,223,3.5,3.85
437,1291,4.0,3.6
351,40412,4.5,3.55
594,4794,0.5,2.95
483,52973,2.5,3.7
341,69122,2.5,3.35
419,4310,4.5,3.8
414,2428,2.0,3.2
42,784,2.0,3.6
103,33493,2.0,3.1
113,260,4.0,3.95
68,58559,5.0,4.35
590,1272,4.5,4.25
414,3948,3.0,4.05
260,6773,5.0,3.4
419,85394,3.0,2.85
263,7458,3.0,3.55
483,26444,4.5,3.7
599,112,5.0,3.7
603,2968,2.0,3.8
43,29,5.0,4.15
219,2993,2.5,3.55
1,2991,5.0,3.9
317,104879,5.0,3.55
462,127136,4.0,3.2
453,2558,4.0,3.55
448,700,3.0,3.25
205,95167,4.0,3.45
387,7346,3.0,3.45
357,596,4.0,3.9
91,1376,3.5,3.4
369,3638,3.0,3.1
180,2641,3.5,3.15
536,368,4.0,3.55
111,162478,4.5,3.91
227,296,4.5,3.95
222,2378,3.5,2.95
318,208,3.5,2.6
147,163,4.5,3.15
372,538,3.0,3.25
11,1616,3.0,3.25
380,3175,5.0,3.55
405,1252,3.5,4.15
307,1207,3.0,3.59
554,2497,3.0,3.55
477,54503,5.0,3.95
140,4848,4.0,3.75
603,1179,5.0,4.14
325,1614,2.0,3.25
217,2762,4.0,3.45
234,888,3.0,3.45
89,37384,2.5,2.7
394,454,2.0,3.55
188,1951,5.0,4.1
105,4823,3.5,3.4
112,3147,5.0,4.45
68,2915,3.5,3.32
4,21,3.0,3.15
391,5541,3.0,3.1
202,3740,4.0,4.0
610,91660,3.0,3.55
584,292,5.0,3.9
343,50872,3.5,3.55
38,457,5.0,4.0
105,5152,4.5,3.4
402,788,3.0,3.85
603,2074,4.0,3.35
221,3996,4.5,3.45
74,1617,4.5,3.55
606,3289,4.5,3.65
326,57669,4.5,4.05
21,135133,3.5,3.65
560,2761,3.5,3.9
256,117176,4.5,3.9
222,466,3.5,2.9
6,450,4.0,3.6
365,138210,1.5,3.55
482,1374,5.0,2.7
436,380,3.0,3.7
446,339,3.0,3.4
326,2338,2.0,4.1
44,494,4.0,3.9
18,923,5.0,3.8
380,6659,5.0,3.55
604,332,3.0,3.45
391,4967,3.0,4.2
414,6306,4.0,3.15
448,919,4.0,3.91
44,785,3.0,3.45
45,2485,4.0,3.15
226,56757,4.0,4.05
125,136864,2.5,3.0
232,3624,3.0,3.05
477,1358,4.0,3.77
42,4349,4.0,3.25
354,34319,4.5,2.75
573,6378,4.0,3.65
354,3471,2.0,3.85
391,858,5.0,4.0
514,2011,2.0,3.86
359,593,4.5,3.8
19,208,2.0,2.91
307,5418,3.5,3.45
591,3114,5.0,3.38
18,168252,4.0,3.65
307,4776,4.0,3.15
380,187593,3.0,3.45
608,2997,2.0,3.85
369,541,2.5,3.05
140,4161,4.0,2.7
199,2427,3.0,3.7
36,4220,2.0,3.64
214,17,3.0,3.09
474,2076,4.0,3.55
186,915,4.0,4.4
352,924,4.0,4.35
202,2414,4.0,3.6
605,37733,2.0,3.6
219,66297,4.0,3.85
219,4226,5.0,3.45
482,1923,4.0,3.5
489,3471,3.5,3.65
594,4823,5.0,2.5
68,5400,3.5,3.85
600,3911,4.5,3.1
517,56775,2.0,3.75
228,318,4.0,4.05
567,136016,1.0,2.3
22,8784,2.0,3.3
414,48516,4.5,4.3
314,588,3.0,3.85
221,26375,4.0,3.9
610,2976,4.0,3.4
189,318,4.0,3.6
551,377,4.0,3.55
482,6754,4.0,3.2
307,3843,1.0,2.65
105,93790,4.0,3.4
610,55995,3.0,3.35
509,59315,3.0,4.1
42,2263,4.0,3.85
96,3499,2.0,3.75
552,1617,4.5,3.68
606,648,2.5,3.0
288,2872,3.0,3.27
398,8641,1.5,3.15
365,86293,4.0,3.25
119,4370,3.5,3.4
477,2746,3.5,3.05
288,1375,3.5,2.4
555,2174,4.0,3.45
226,4247,3.0,3.05
356,168,3.0,3.4
599,2976,3.5,3.75
354,2455,3.5,3.0
336,34162,4.0,3.35
226,8981,4.0,3.15
443,91500,5.0,3.23
403,2502,4.5,3.68
477,3100,3.5,3.7
36,5464,1.5,2.85
64,6155,0.5,3.85
167,2710,1.0,3.4
8,39,3.0,3.82
560,93510,3.0,3.45
599,2231,3.0,4.1
584,434,5.0,3.75
95,589,4.0,3.75
522,67255,4.0,3.3
4,2858,5.0,4.05
474,4902,4.0,3.5
608,3988,3.5,3.09
599,44,2.5,3.6
455,111,3.0,4.55
474,7357,3.5,3.75
304,1028,4.0,3.6
438,3300,3.5,2.9
50,72378,1.0,2.95
372,356,3.0,3.23
448,5573,2.5,2.85
239,8984,4.0,3.7
216,3504,5.0,3.65
514,158830,2.5,3.15
419,2329,4.5,4.2
249,8529,3.5,3.95
425,2762,3.5,3.75
234,2140,4.0,4.0
84,1263,4.0,3.8
68,3553,2.0,3.5
256,6947,4.0,3.55
28,51540,2.0,3.4
234,1826,2.0,2.55
51,3799,0.5,3.6
465,2941,4.0,3.65
292,97470,1.0,3.45
19,1064,2.0,3.9
480,6615,2.0,3.5
28,31225,3.0,2.95
42,413,2.0,3.2
490,7361,4.0,3.91
514,1278,4.0,3.36
511,164179,4.0,4.0
304,1610,5.0,3.27
160,47,5.0,4.05
521,52,4.0,3.6
600,262,3.0,3.73
482,2688,3.5,3.7
376,2762,4.0,4.25
584,442,5.0,3.55
456,736,3.0,3.8
474,4644,3.0,2.95
298,91128,2.5,3.65
265,436,2.0,3.05
292,780,4.5,2.59
428,2716,2.0,3.05
284,367,5.0,2.95
263,1610,4.0,3.25
384,1206,3.0,4.23
153,44191,4.0,4.05
357,4034,3.5,3.7
238,1272,5.0,3.7
437,79,2.0,2.8
280,3755,4.5,3.05
45,934,3.0,4.05
414,2282,3.0,4.0
305,223,4.0,3.2
465,3654,4.0,3.15
599,87960,3.0,3.4
339,115210,4.0,3.8
600,2706,1.5,3.23
599,3190,2.0,3.1
596,8961,4.0,2.8
121,454,3.0,3.9
276,631,3.0,3.6
28,592,2.5,4.25
313,2028,5.0,3.4
50,3949,3.0,3.75
198,1252,4.0,4.15
607,112,2.0,3.77
177,54190,3.0,3.6
395,367,4.0,3.15
307,2716,3.0,2.8
387,3765,3.0,2.91
27,1200,1.0,4.0
500,2081,3.0,3.45
182,7076,4.0,3.9
584,339,4.0,3.4
434,260,5.0,3.85
307,1992,3.0,2.95
28,3499,3.0,3.32
474,3524,2.0,2.95
66,3029,3.5,3.65
57,3471,5.0,4.25
401,31658,3.5,3.4
202,2100,4.0,3.09
610,95088,4.0,3.35
414,4617,5.0,2.6
166,2716,3.5,3.45
279,6664,3.0,2.8
522,84152,3.5,3.65
391,2762,2.0,4.0
542,45517,4.5,3.6
438,1061,4.5,3.75
160,2078,4.0,3.7
52,50794,4.5,3.25
182,2728,4.0,2.95
606,953,4.0,3.65
567,1,3.5,4.0
99,337,5.0,3.9
474,6041,4.0,3.35
287,4954,1.5,3.15
438,5378,3.5,3.15
166,46530,5.0,3.35
414,6883,3.0,3.6
176,592,3.0,4.14
480,4033,4.0,3.5
287,671,4.0,3.2
232,79293,4.0,3.0
19,293,4.0,3.7
105,4015,3.5,3.75
495,106100,5.0,3.15
509,93988,4.5,2.15
144,8873,5.0,3.1
573,51935,4.5,3.65
249,34405,5.0,3.55
230,8961,3.0,3.7
210,122906,4.5,3.85
474,44199,3.5,3.95
339,90439,3.0,3.6
603,97,4.0,3.05
239,4878,4.0,4.2
414,1090,5.0,3.55
108,3978,4.0,3.55
7,6365,4.0,3.45
177,262,4.0,3.65
220,165,4.0,2.9
567,92234,1.5,4.35
509,783,3.0,3.1
409,1136,5.0,4.25
417,1206,5.0,4.35
385,1031,3.0,2.85
380,2948,5.0,4.1
381,3996,3.0,3.35
226,5349,4.0,3.6
250,4921,5.0,3.85
307,7321,2.0,2.65
474,1834,4.0,3.23
18,53996,3.0,3.4
343,7153,4.5,4.1
279,1196,5.0,4.23
453,165,5.0,3.85
585,1895,4.0,3.35
610,6296,4.5,3.3
428,2167,2.0,3.4
19,12,1.0,3.1
489,431,2.5,2.65
334,2571,4.0,3.85
534,4366,4.5,3.5
247,899,5.0,3.9
413,527,5.0,3.85
517,3269,2.0,3.05
249,122916,4.5,4.0
489,53993,2.5,3.95
64,3386,4.5,3.4
477,4270,0.5,3.45
430,5902,5.0,3.6
140,4886,4.0,3.4
84,475,4.0,3.75
414,3448,4.0,2.95
137,928,3.5,4.32
474,6422,4.0,3.2
414,5678,2.5,4.05
599,51091,3.0,2.45
323,1188,4.0,3.9
381,339,3.5,3.55
140,1747,3.0,4.05
414,7319,2.0,3.25
491,1682,4.5,3.09
600,2140,4.5,3.77
518,3101,3.0,3.65
282,8665,4.0,3.25
468,432,2.0,3.35
187,1466,4.0,3.45
83,72998,4.5,3.55
117,719,4.0,3.35
72,30825,4.0,3.15
183,2993,4.0,3.75
357,1220,3.0,4.45
580,2105,3.5,3.7
89,170993,4.0,3.5
129,239,4.0,3.12
564,1682,1.0,3.5
368,1396,3.0,3.1
448,104760,1.0,3.3
190,5989,4.0,4.05
28,608,3.0,3.65
68,5872,3.5,3.95
16,678,4.0,2.75
599,7033,2.5,3.25
474,7132,3.5,3.75
602,494,4.0,3.5
200,2671,4.0,3.95
415,3147,4.5,4.0
580,49272,4.5,3.35
387,1345,4.0,3.8
599,6811,3.0,3.2
125,69640,2.5,2.35
288,2369,3.0,2.18
573,1214,4.5,3.95
119,46723,3.5,3.85
290,3476,3.0,3.21
448,112852,3.5,3.35
387,951,3.5,3.45
182,1953,3.5,4.2
169,317,5.0,3.95
450,1972,2.0,3.45
56,356,5.0,3.6
514,1036,4.0,3.95
232,34150,3.0,3.4
325,4523,4.0,3.0
483,27721,4.0,3.05
239,48774,3.0,3.8
241,1193,4.5,4.3
603,2203,5.0,3.75
573,10,4.5,3.8
318,98809,4.0,3.9
409,3273,3.0,3.45
328,551,2.0,3.95
564,88672,3.5,3.15
169,594,4.5,3.88
19,1754,2.0,3.3
587,2973,4.0,3.7
387,1078,3.0,4.05
414,4816,4.0,2.55
1,1580,3.0,3.8
153,112454,3.5,3.35
477,355,0.5,3.68
33,17,4.0,3.6
588,253,2.0,3.9
448,2539,3.0,3.1
489,42004,3.5,3.2
312,4128,4.0,2.65
352,37380,2.0,3.1
202,2420,4.0,3.6
599,1136,4.5,3.6
66,224,5.0,3.6
145,1,5.0,3.35
63,5945,1.0,4.0
50,5816,2.5,3.85
356,5577,4.5,3.25
288,7143,4.0,3.77
438,1676,4.0,3.55
292,53460,3.0,2.6
106,72998,5.0,4.15
474,4063,2.0,3.2
129,208,4.0,3.35
200,2724,4.5,3.1
592,44,3.0,4.0
89,2918,1.5,3.7
24,134393,2.5,3.8
606,40629,3.5,3.0
90,617,4.0,4.15
307,3911,3.0,3.2
510,16,1.0,2.68
280,4232,1.5,4.1
474,3467,3.5,3.8
1,2640,4.0,3.35
558,4062,4.0,3.15
608,4720,4.5,3.4
593,8961,3.0,2.85
56,231,5.0,3.65
63,231,3.0,3.55
428,2137,3.0,4.09
132,253,2.0,2.95
20,4154,4.0,2.95
198,1644,3.0,3.64
357,6155,3.0,3.05
414,1499,2.0,3.25
387,1673,3.5,2.8
604,223,4.0,3.1
404,172,3.0,3.45
599,1246,4.0,4.1
202,2064,4.0,3.8
274,4899,1.5,3.4
305,163985,4.5,4.0
186,5214,4.0,3.9
414,6155,2.0,3.15
599,98122,3.0,3.25
305,6016,5.0,2.4
153,4995,3.5,3.64
474,2289,3.0,3.9
21,260,4.5,3.85
122,3253,4.0,3.85
56,367,3.0,4.0
474,3469,2.5,3.75
601,80549,4.0,3.85
603,1594,4.0,3.05
298,56587,2.0,3.6
573,2706,4.5,2.95
1,2387,5.0,3.6
414,809,2.0,2.65
239,524,3.5,4.0
527,1080,2.0,3.9
28,6617,4.0,3.7
19,2014,2.0,3.55
259,3793,3.5,3.45
304,21,4.0,2.95
597,1200,5.0,3.71
186,3479,4.0,3.7
380,3301,3.0,3.05
169,2792,5.0,3.75
125,117466,3.5,3.6
517,131656,2.5,3.05
477,41569,4.0,3.45
129,3034,4.0,3.55
482,1584,3.0,2.85
305,2011,5.0,3.15
564,8528,4.0,3.1
333,3826,1.0,3.25
414,45722,3.5,3.4
45,5378,5.0,3.5
318,2571,3.5,3.8
484,333,4.0,3.5
606,224,4.0,3.1
42,3515,4.0,3.55
543,3785,5.0,3.15
432,296,2.5,4.18
207,637,1.0,3.25
525,3979,0.5,3.6
563,2354,3.0,3.75
600,5585,3.0,2.35
288,3006,4.0,3.6
248,164179,3.0,3.95
140,6385,3.5,3.64
328,68157,4.5,4.05
610,71254,3.0,3.4
580,1356,4.0,3.3
235,474,3.0,3.75
474,1635,4.0,2.91
369,2959,4.5,4.0
344,3082,4.0,4.2
140,1021,4.0,4.05
121,47,3.0,3.64
414,58156,2.0,3.6
275,5049,4.0,2.85
350,805,3.0,3.25
331,88129,5.0,3.4
39,2987,4.0,3.8
268,2490,2.0,3.4
583,71535,3.0,2.85
572,852,3.0,3.95
305,3868,5.0,2.8
73,117881,4.0,3.3
165,1221,3.0,4.5
603,1271,3.0,3.59
610,5816,4.0,3.65
160,1320,5.0,3.45
95,1200,4.5,4.8
480,6754,3.5,3.2
430,6373,3.0,3.65
474,4068,3.0,2.95
530,350,3.0,4.27
226,364,3.5,2.9
279,8874,3.5,3.15
74,2076,5.0,3.64
503,1342,1.0,2.5
437,144,4.0,3.85
191,314,4.0,3.3
93,168,4.0,4.1
89,5449,2.0,3.4
156,2268,3.0,2.85
181,21,2.0,3.2
522,2628,3.0,3.55
91,296,4.5,4.1
448,593,5.0,4.0
486,32,5.0,3.5
600,2795,3.5,2.73
195,3148,4.0,3.7
249,71535,4.5,3.85
520,1748,4.5,3.7
226,6942,4.0,3.35
357,17,5.0,3.5
22,56788,1.0,3.55
414,41569,4.0,3.1
469,2124,3.0,2.65
304,1060,4.0,3.4
279,593,4.0,3.83
325,2912,5.0,3.5
414,1517,5.0,3.65
52,70286,5.0,3.9
477,5903,4.0,3.45
577,923,3.0,3.15
380,2857,3.0,3.6
606,3418,4.5,3.8
92,2572,5.0,4.3
489,60069,4.0,3.75
33,356,5.0,3.45
246,45517,4.0,3.7
414,1953,3.5,4.0
318,55363,3.5,3.75
488,595,4.5,3.25
4,892,4.0,3.8
86,60069,3.0,3.65
559,207,4.0,2.85
477,56145,4.0,3.5
542,318,5.0,3.8
42,780,2.0,3.59
599,5103,1.5,1.9
472,2134,3.5,2.9
581,5989,3.5,3.2
160,434,3.0,2.85
543,6373,5.0,3.86
199,1272,5.0,4.3
210,177765,5.0,3.3
523,7147,5.0,3.85
477,57368,4.5,3.7
76,117176,2.0,3.7
210,4896,4.5,3.15
517,116797,4.0,4.25
414,266,5.0,3.4
292,4085,3.5,2.91
327,6888,5.0,4.35
202,3638,3.0,3.95
474,5512,3.0,3.45
249,58998,4.0,3.75
168,543,2.0,3.6
525,76251,3.5,3.8
586,2916,4.0,3.1
119,119145,4.0,4.35
318,128991,4.5,3.65
62,116823,4.0,3.9
469,2150,4.0,3.1
448,138036,2.0,3.6
560,1485,3.0,3.85
160,1210,5.0,3.9
220,8644,4.0,3.77
47,163645,3.0,4.3
474,919,4.5,3.88
21,367,3.0,3.41
243,410,4.0,3.55
84,671,4.0,3.2
217,1080,2.0,3.65
6,333,5.0,3.5
573,1625,4.5,3.85
56,380,4.0,3.3
292,67197,2.5,3.1
21,1918,3.5,2.82
168,858,5.0,4.5
610,6934,3.5,3.2
354,1917,3.5,3.0
599,95965,4.0,3.5
414,4679,4.0,2.8
599,2288,3.5,4.35
294,2027,1.0,3.6
584,474,5.0,4.15
307,8969,4.0,2.65
610,6539,4.0,3.3
174,316,5.0,4.05
580,5444,3.0,3.85
517,969,1.0,3.05
7,587,2.0,3.82
382,158254,1.5,3.9
474,2205,3.0,3.95
222,1208,3.5,4.23
274,6005,3.5,4.05
298,81784,1.5,3.75
365,1777,3.0,3.15
425,55118,3.5,3.65
64,1204,5.0,4.25
352,1544,3.0,3.3
602,422,3.0,2.5
213,3409,4.0,3.18
414,37240,4.0,2.85
292,83349,3.0,3.6
343,4226,5.0,3.95
606,930,4.5,4.45
438,3754,2.0,2.8
419,3863,3.5,3.65
513,260,5.0,3.9
12,543,3.5,3.3
589,736,5.0,3.25
448,1982,1.5,3.75
274,1729,4.5,3.6
33,385,4.0,2.96
414,6365,4.0,3.5
68,58839,1.0,4.0
307,6951,2.5,2.73
165,5377,4.0,3.75
8,592,3.0,4.05
543,60408,5.0,3.0
599,1918,2.5,3.05
599,73321,2.5,3.7
391,1233,5.0,3.85
600,3988,2.5,2.3
62,3114,3.0,3.75
354,1704,4.0,4.25
307,72,2.0,3.4
288,1592,1.0,2.9
201,2145,4.0,4.05
474,25757,4.0,4.0
42,4040,2.0,4.05
414,3729,3.0,3.5
312,5219,1.0,2.5
599,569,1.0,2.95
307,5590,2.5,2.6
474,3549,5.0,3.55
474,1333,4.5,3.2
156,953,3.5,3.95
608,2571,5.0,4.15
347,589,3.0,3.7
382,42011,3.0,3.2
380,6957,4.0,3.2
414,2335,4.0,3.6
414,1399,3.0,3.85
376,5010,5.0,4.0
483,8798,4.0,3.05
186,3068,4.0,3.75
474,4263,4.0,3.45
98,46578,5.0,4.0
117,7,4.0,3.45
438,5952,4.0,3.8
68,1278,4.0,3.8
605,3269,4.0,3.05
600,1126,4.5,3.25
561,82461,3.0,3.75
177,3668,2.5,3.85
19,551,5.0,3.25
534,4728,4.5,3.45
369,839,2.5,3.25
42,593,5.0,4.08
187,1214,4.0,4.3
265,2985,4.0,3.7
414,3770,2.0,3.4
599,736,2.5,2.75
536,335,3.0,3.5
249,45186,3.5,3.4
525,109487,4.0,4.0
18,111759,3.5,4.0
351,6379,2.5,3.86
219,2791,4.5,3.75
185,3949,5.0,3.35
448,594,4.0,4.0
509,3034,3.0,3.35
240,500,5.0,3.25
174,39,4.0,3.95
382,2353,3.5,3.6
105,8636,3.5,3.8
116,2683,0.5,3.45
599,886,1.5,3.15
380,91630,3.0,3.05
469,590,4.0,3.5
10,4447,4.5,3.4
222,733,3.0,3.25
340,208,3.0,3.4
600,1244,5.0,4.0
590,5065,3.0,3.55
426,69844,5.0,3.8
534,60069,2.5,3.75
610,37733,4.0,3.6
274,5816,3.0,2.95
380,1690,3.0,2.95
143,3421,1.0,3.05
599,4578,1.5,2.4
495,78574,2.5,3.75
103,79132,4.5,4.2
410,3317,3.0,3.7
91,2949,3.0,3.55
365,120466,2.5,2.75
330,481,3.5,3.25
610,1255,4.5,4.3
288,1298,3.0,3.9
475,2011,5.0,3.35
571,3264,1.0,3.55
64,1961,4.0,4.15
474,376,2.0,3.35
219,648,4.5,3.05
414,3786,2.0,3.5
152,111,5.0,3.95
599,63222,2.5,3.4
232,5621,3.0,3.6
601,31658,5.0,3.4
286,7,3.5,3.23
600,648,3.0,3.1
331,4034,3.0,3.9
93,1015,3.0,3.2
603,2885,2.0,3.14
590,5401,1.0,3.4
263,2700,3.0,3.6
45,4502,1.0,3.65
608,1214,4.0,4.1
105,54272,4.0,3.55
582,94864,4.0,3.6
509,6539,3.5,2.9
345,838,5.0,3.15
575,1259,5.0,3.65
555,3660,3.0,3.55
448,118354,3.0,2.65
339,1594,4.5,3.55
599,1951,2.0,3.55
247,89745,3.0,3.95
474,1224,4.0,4.05
1,1954,5.0,4.05
122,4641,4.5,3.4
428,6482,0.5,3.5
169,631,3.0,3.25
219,442,3.5,3.1
288,1019,3.0,3.32
549,122924,5.0,3.2
43,150,5.0,3.88
166,4226,5.0,3.5
292,2115,4.0,2.9
298,40732,2.5,3.73
376,8961,3.5,3.6
474,7026,1.5,3.3
608,34319,4.0,3.0
103,1208,4.0,4.36
525,4014,4.0,3.85
599,2858,5.0,3.85
448,85401,2.0,3.3
217,1544,3.0,2.65
13,2145,3.0,3.45
60,50,3.0,3.9
298,30707,3.0,4.18
226,543,4.0,2.8
409,2485,3.0,3.27
159,65230,5.0,3.45
133,50,3.0,4.0
606,7092,3.5,3.65
477,71057,4.0,3.7
462,3814,3.5,3.65
196,5418,4.0,3.9
20,3438,4.0,3.25
416,830,1.5,2.5
20,1547,3.0,2.8
89,128944,3.5,3.7
382,56152,4.5,3.45
182,43396,3.5,3.65
474,1196,5.0,4.1
305,8368,3.0,3.4
517,46337,0.5,2.65
480,4305,0.5,3.75
414,3039,4.0,3.7
468,39,5.0,3.05
387,1230,5.0,3.64
19,3706,3.0,2.5
602,344,2.0,2.65
561,2815,3.0,3.3
20,2087,4.5,3.1
199,2918,4.5,4.2
489,6305,3.0,3.05
368,593,4.0,3.5
128,905,5.0,4.18
514,38583,2.5,3.55
153,1907,3.0,2.6
483,1256,4.0,3.88
96,1625,4.0,3.7
212,8961,3.0,3.5
220,1258,2.0,3.85
135,1343,3.0,3.5
200,4367,2.5,3.3
74,44937,4.0,3.2
573,6373,4.5,3.6
274,2052,3.5,2.77
226,3809,4.5,3.45
414,2367,2.0,2.95
105,64839,4.0,3.45
382,6332,3.0,3.8
202,852,4.0,3.7
298,86833,3.0,3.45
63,1196,5.0,4.3
202,1393,3.0,3.15
592,339,5.0,3.59
407,60069,2.5,3.65
414,2372,2.0,2.85
448,1729,4.0,3.5
211,8665,4.0,3.45
137,5060,3.5,3.55
385,1179,4.0,4.15
274,26242,3.5,3.65
222,86911,3.5,3.75
585,48516,4.5,4.18
135,2028,4.0,3.65
150,733,4.0,2.7
520,7454,3.5,3.25
448,1011,4.0,3.5
27,60,3.0,3.85
100,16,4.5,3.82
591,2490,2.0,2.9
387,2990,3.0,3.85
68,923,3.0,3.55
414,5293,4.0,3.4
132,1271,3.5,4.0
317,5418,3.0,3.65
492,1,4.0,2.95
580,6790,4.5,3.6
298,39444,2.5,2.65
284,376,4.0,3.2
66,799,4.0,3.05
187,1136,4.0,3.7
490,4447,2.0,3.4
95,3424,4.5,3.85
555,2571,5.0,4.0
480,7265,4.0,3.85
448,6428,3.0,3.05
288,2922,3.0,3.5
610,40732,4.0,3.3
610,81591,3.5,3.9
590,2066,3.5,3.7
76,33004,4.0,3.3
446,16,3.0,3.65
341,3988,3.0,3.4
318,2081,3.0,3.05
534,69436,3.0,3.35
408,33794,5.0,4.05
202,2402,2.0,3.85
599,548,1.5,3.0
474,74,3.0,2.85
567,26171,0.5,3.1
325,3544,3.0,3.8
233,527,4.0,3.68
474,6760,3.0,3.3
474,34072,3.5,2.95
232,45666,2.0,3.3
517,83270,2.0,3.2
410,296,2.0,4.23
156,1517,3.0,3.4
387,154,4.0,3.5
414,33495,2.5,3.73
268,1093,1.0,3.8
312,1130,4.0,3.45
287,4034,3.5,3.75
381,4993,4.0,3.8
241,4235,3.0,3.65
484,82852,4.0,1.9
477,2761,4.0,3.36
599,60365,1.5,3.25
600,2193,5.0,3.85
298,61160,2.5,3.85
280,916,4.0,3.95
489,88125,3.5,3.85
594,2058,4.5,3.25
288,2120,2.0,2.5
608,6365,5.0,3.45
580,7438,4.5,3.91
263,24,3.0,3.75
88,7153,5.0,3.75
142,527,5.0,3.9
438,4310,3.5,3.85
313,4499,4.0,2.9
610,5959,3.5,4.2
599,128197,2.0,3.65
91,6863,2.5,4.2
313,1080,1.0,3.8
318,6953,4.0,3.5
140,49910,2.5,3.55
135,2193,2.0,3.55
18,135569,3.5,3.25
489,2001,3.5,2.8
381,8529,4.0,3.4
199,3316,2.0,3.55
408,8972,4.0,3.4
307,2423,2.5,2.4
610,67923,3.0,3.75
469,1260,4.0,4.4
28,41997,3.0,3.25
382,7155,3.5,3.91
156,1288,4.0,3.68
275,2964,1.0,3.95
217,2167,2.0,3.1
111,7439,3.0,4.1
448,2109,3.0,3.6
520,1610,4.0,2.95
393,6539,5.0,3.18
34,2443,4.5,2.95
68,85780,2.5,3.3
438,180,4.0,3.38
310,2372,2.0,2.95
19,1973,2.0,3.2
237,2628,2.5,3.5
584,590,5.0,4.05
183,3256,3.0,3.05
64,370,2.0,3.6
371,2987,4.5,3.9
482,442,4.0,3.0
140,2912,3.5,3.8
330,64614,4.0,3.65
380,55553,3.0,3.5
155,2195,3.0,3.25
594,7046,0.5,3.36
82,368,3.5,3.05
298,2916,4.0,3.73
187,1732,5.0,3.55
290,2988,4.0,3.35
57,265,2.0,4.0
130,110,5.0,4.0
246,91542,4.5,3.8
75,8360,4.0,3.5
19,2393,3.0,2.9
68,78703,4.0,2.9
387,4441,3.5,3.5
160,379,3.0,3.35
599,4700,2.0,3.0
202,372,3.0,3.25
573,8636,4.0,3.55
249,88954,3.5,2.95
219,293,4.0,3.25
352,71156,3.0,3.75
381,5459,2.5,3.65
551,122918,4.0,3.0
563,112552,4.5,3.65
342,5014,5.0,3.95
91,4027,4.0,3.15
608,2335,2.5,3.3
597,380,2.0,3.18
274,2353,3.5,3.85
15,59315,2.0,3.3
226,4963,4.5,4.1
606,780,2.5,3.6
599,1089,5.0,3.33
280,70984,2.0,3.35
474,41285,3.5,3.75
354,50,4.5,4.2
428,4941,2.0,3.2
63,595,3.0,4.32
103,1387,4.0,3.65
480,318,5.0,4.1
13,3624,4.0,2.55
146,2085,4.0,3.2
246,36363,3.5,2.15
414,7236,3.5,3.75
14,339,4.0,2.95
378,7153,4.5,4.25
387,2985,3.0,3.9
181,466,2.0,4.09
45,2718,3.0,3.45
599,157,1.5,2.25
564,61132,1.5,3.55
514,586,3.5,3.6
298,3593,0.5,2.95
530,329,3.0,3.6
91,251,2.5,3.4
79,3578,2.0,3.88
41,115149,0.5,3.95
124,6377,5.0,3.82
274,2136,3.0,3.0
89,171811,4.0,4.0
301,377,2.5,2.6
525,1031,3.5,3.55
305,4226,3.5,3.0
371,1199,5.0,3.9
28,678,3.5,3.27
318,51174,3.5,3.55
249,3988,3.5,3.23
309,4326,4.0,2.9
125,93855,4.5,3.35
168,1252,5.0,4.5
212,31658,4.0,3.8
452,1954,4.0,4.1
126,595,4.0,3.95
195,2076,2.0,4.1
356,50,3.5,4.2
414,3365,4.0,4.2
491,31685,4.5,3.1
290,1333,4.0,3.09
509,91266,2.5,3.1
570,2115,4.0,3.2
325,2024,3.0,3.2
401,45722,3.5,3.45
448,4734,4.5,3.6
104,5541,3.5,3.27
600,7247,3.5,3.05
483,3967,4.0,3.1
177,2020,3.0,3.75
210,117192,4.5,3.95
275,1594,5.0,2.7
534,99117,4.5,3.7
249,1717,2.5,3.7
514,2902,3.0,3.7
448,4952,2.0,3.85
84,406,3.0,3.2
318,106918,4.0,3.4
460,2747,3.0,3.2
410,357,4.0,3.45
51,5254,2.5,3.5
413,1246,1.0,4.3
573,8641,5.0,3.55
381,8665,4.0,3.75
352,114180,4.5,2.95
339,90345,4.5,3.6
414,102445,3.5,3.75
419,2542,4.0,2.9
18,91658,3.5,3.75
514,3704,2.0,3.25
476,296,3.0,3.95
210,135887,4.0,3.45
564,58803,3.5,3.45
438,260,5.0,3.95
221,1721,3.0,2.9
51,5481,4.0,3.7
169,4308,5.0,4.09
21,435,1.0,2.68
555,724,5.0,3.5
170,500,4.0,3.9
140,7143,3.5,3.65
1,2459,5.0,2.8
28,62792,2.5,3.55
288,5418,3.5,3.05
469,5060,4.0,3.35
560,1907,3.5,3.1
404,36,3.0,3.7
209,71535,2.0,3.7
284,95,5.0,3.45
380,134524,3.0,2.85
603,2291,4.0,3.7
603,4450,4.0,2.59
304,1608,4.0,3.3
19,2706,3.0,3.25
318,3736,3.0,3.85
504,5377,4.0,3.1
103,4019,5.0,3.6
156,348,3.0,3.55
274,7449,2.5,3.59
474,929,3.5,3.65
140,4337,4.0,3.8
105,30812,4.0,3.15
591,2694,4.0,3.27
159,4246,5.0,3.4
28,1754,3.0,3.27
455,110,4.0,4.55
474,4975,3.0,3.95
292,30793,3.5,2.8
510,34405,0.5,3.8
331,4447,1.5,3.45
448,1209,5.0,4.2
596,86332,3.5,3.45
597,778,5.0,3.4
480,1921,4.5,3.45
322,780,3.0,3.75
141,91500,3.5,3.35
93,356,5.0,2.85
68,2918,4.0,3.4
381,53953,4.0,3.0
170,733,3.0,3.95
22,6502,1.5,3.65
603,1809,5.0,2.95
19,2423,4.0,3.0
608,6863,4.5,2.95
419,7022,5.0,3.7
125,2692,4.0,3.5
468,225,4.0,3.15
122,103253,4.0,4.15
449,2692,3.5,3.85
115,1377,1.0,3.9
274,47997,3.5,3.65
453,798,3.0,3.3
480,5577,4.5,3.05
318,71453,4.0,2.8
202,2457,4.0,3.55
288,32,5.0,4.25
490,5313,2.0,2.9
104,4941,2.5,4.0
17,50,4.5,3.59
558,296,3.0,4.2
6,254,3.0,3.8
570,653,3.0,3.15
332,92938,2.0,2.7
347,380,3.0,3.75
346,778,3.5,4.3
381,48304,3.0,3.75
610,2918,3.5,3.75
325,1191,2.0,4.05
469,3770,3.0,2.75
212,168254,3.0,4.05
186,1921,4.0,2.73
182,23,3.5,3.35
600,6538,3.0,2.9
580,4995,3.5,4.35
563,4017,3.0,3.3
265,2011,3.0,3.25
610,6867,4.0,3.15
288,8464,3.0,3.0
461,527,3.5,4.1
597,1198,5.0,3.75
488,955,4.0,4.2
184,109374,4.5,3.55
63,780,3.0,3.8
249,45662,2.0,2.9
449,186,0.5,3.2
453,356,5.0,4.2
520,42002,3.5,3.05
556,7153,4.0,3.55
580,292,3.0,3.8
221,2944,3.5,3.4
249,1206,4.0,4.15
513,2858,4.0,3.7
480,288,2.5,3.7
235,410,2.0,3.2
344,2571,5.0,4.35
125,522,3.0,3.45
79,260,5.0,4.05
177,4993,2.0,4.14
318,3300,3.5,3.25
111,87869,4.0,3.8
105,175293,5.0,3.85
443,2858,4.0,4.05
197,50,3.0,3.6
5,1,4.0,4.15
232,6338,3.0,3.65
288,8783,3.0,2.7
260,7022,4.0,3.75
280,4310,4.0,3.05
437,508,5.0,3.59
514,2301,2.0,3.6
489,4128,4.0,2.8
298,4228,3.0,3.2
410,4062,4.0,2.7
215,2915,3.5,3.45
281,7325,4.0,2.85
68,3984,4.0,3.4
117,589,4.0,3.95
580,680,3.0,2.4
298,2485,0.5,3.1
307,5309,1.5,2.45
367,3743,3.0,3.15
187,1198,3.0,4.42
594,11,5.0,2.8
4,1732,4.0,4.45
279,97304,3.5,3.8
332,5291,5.0,3.46
73,87869,3.5,3.8
218,1625,2.0,3.5
156,1923,4.0,2.65
114,122904,3.5,3.82
414,175,4.0,3.05
414,143385,4.0,3.05
275,852,4.0,4.2
177,7153,2.0,3.7
525,7090,4.5,3.45
7,49824,3.0,3.18
68,1388,2.5,3.6
201,1732,2.0,3.3
465,3686,3.0,4.05
599,1580,3.0,2.5
414,3836,5.0,2.9
57,707,2.0,3.5
305,74795,4.0,3.05
599,121231,3.5,2.95
169,6218,4.0,3.55
74,6791,5.0,3.85
42,590,4.0,4.33
28,51471,3.0,3.8
128,926,5.0,4.3
560,116797,3.0,3.8
469,2194,5.0,4.23
473,4979,4.5,4.15
100,1220,3.0,4.27
105,3310,4.5,3.65
274,6333,4.0,3.55
603,2734,4.0,3.2
280,27,4.5,4.05
608,37830,3.0,3.4
414,1961,4.0,3.91
202,1206,4.0,4.35
573,653,3.0,3.15
201,150,4.0,3.75
560,31685,3.0,3.75
391,1240,4.0,3.6
606,7093,4.0,3.65
182,44199,3.0,4.15
155,1,3.0,3.55
474,6335,3.0,3.7
608,1907,3.5,3.5
62,4995,4.5,4.05
534,97752,4.5,3.2
600,1962,2.0,3.65
565,539,3.0,3.6
373,355,1.0,3.15
45,2916,4.0,3.65
232,6331,3.0,3.65
245,3101,1.0,3.8
474,43333,3.5,3.75
597,2916,5.0,3.6
277,637,3.0,3.3
550,167296,0.5,3.3
182,1483,3.5,3.6
514,22,3.0,3.0
599,2005,1.5,3.0
416,3624,2.0,3.0
567,138036,3.0,4.05
345,3396,3.0,3.85
377,6021,5.0,3.5
103,551,4.0,4.0
177,58559,5.0,4.5
113,4126,4.0,2.55
259,1356,0.5,3.95
221,1090,4.5,2.9
81,380,2.0,3.65
111,160080,3.5,4.15
424,364,4.5,3.7
474,6228,4.0,3.55
328,1136,5.0,3.7
365,160954,1.5,3.45
234,1379,3.0,3.4
105,48872,4.5,4.3
590,6157,2.0,2.35
295,4973,4.5,3.55
474,26116,4.0,3.75
64,8832,3.5,3.77
135,2723,4.0,3.0
169,231,4.5,3.7
256,97938,4.5,3.6
74,55444,5.0,3.7
57,500,3.0,3.75
23,912,3.5,4.2
318,4967,4.0,3.68
599,85414,3.0,3.25
103,82854,3.0,2.45
339,30749,3.5,3.85
459,2571,4.0,3.75
414,5139,3.5,3.35
540,48385,4.0,2.9
47,141,2.0,3.1
318,8984,3.5,3.0
318,5218,3.5,2.86
224,3072,5.0,3.35
21,2671,4.0,3.1
534,87232,2.5,3.25
453,4153,2.0,2.85
132,1562,1.5,2.85
352,50,5.0,4.2
47,45950,3.0,3.5
288,3313,2.0,2.65
438,1517,3.5,3.5
334,58105,3.5,3.05
123,4886,4.0,3.6
380,3869,4.0,3.45
606,858,4.0,3.9
167,5418,4.5,3.4
68,805,3.0,3.5
483,3740,3.5,3.3
352,93840,4.5,4.1
452,2683,5.0,4.1
156,3134,5.0,3.25
42,4361,3.0,3.05
271,1282,3.0,4.27
368,920,4.0,4.1
125,83349,3.0,3.55
607,2716,4.0,3.25
91,1762,2.5,3.35
334,589,4.0,4.18
606,6436,3.0,3.6
56,457,4.0,3.65
365,48774,1.5,4.45
313,1994,3.0,3.2
330,1721,3.5,3.9
422,4939,3.0,3.1
577,1225,4.0,4.1
43,480,4.0,3.59
497,4973,3.0,4.2
317,288,2.0,4.1
448,102880,1.5,2.8
387,1952,4.0,3.7
590,53972,3.0,3.7
414,2496,3.0,3.5
125,2959,5.0,4.05
495,88129,4.0,4.0
52,65514,3.5,3.65
483,6365,2.5,2.85
422,3980,4.0,2.8
383,1196,3.0,4.45
279,115713,5.0,3.95
410,427,4.0,3.0
328,2762,2.0,3.75
44,104,4.0,3.9
288,1197,4.0,4.0
122,87306,4.5,4.0
414,4305,1.5,3.75
151,92,1.0,3.15
226,1517,4.0,3.85
169,788,4.5,3.27
474,3789,3.5,3.2
343,527,5.0,4.2
125,1590,2.0,3.64
132,60069,0.5,3.7
559,509,4.0,3.75
381,3396,1.0,3.35
418,2144,3.5,4.18
20,4447,3.0,3.35
351,90471,3.5,3.5
479,185,1.0,3.35
429,276,3.0,3.75
256,95441,3.5,2.9
275,3794,2.0,3.05
474,1496,4.0,2.9
263,6218,4.0,3.25
94,10,3.0,3.8
65,46976,3.5,3.7
212,2571,3.0,4.15
19,490,2.0,2.83
474,7451,4.5,3.23
414,5151,4.0,3.2
541,361,3.0,4.15
318,671,4.5,3.55
45,2687,4.0,3.85
274,5803,1.5,2.6
580,1441,3.0,2.85
597,2819,5.0,2.85
116,2724,5.0,3.09
236,3052,5.0,3.6
387,2088,2.0,2.4
477,2716,4.0,3.2
432,74458,4.5,4.4
216,905,4.0,3.55
202,3194,4.0,3.8
606,936,4.0,4.3
414,55830,3.5,3.75
414,115713,4.5,4.1
91,1261,4.5,3.25
551,84152,4.5,3.45
108,5316,4.0,3.1
495,1608,4.0,3.14
28,48326,2.5,3.05
586,1210,4.5,4.3
339,3967,3.5,3.25
380,2011,4.0,3.9
381,50872,3.5,3.2
339,6,4.0,4.2
380,47,5.0,3.45
113,1247,4.0,4.05
526,46578,5.0,3.25
580,6934,5.0,3.45
58,596,4.0,4.6
45,6,4.0,3.7
478,33164,0.5,3.55
246,541,5.0,3.7
462,5239,4.0,2.5
562,2648,3.5,3.25
483,93723,3.0,3.7
441,4980,3.5,3.65
356,3210,4.5,3.2
20,3751,5.0,3.15
474,8983,4.0,3.6
368,1129,3.0,3.4
414,2148,2.0,4.1
469,1278,4.0,3.7
41,31685,3.0,3.5
211,260,4.5,3.95
64,7701,3.0,3.4
47,171011,3.0,3.4
68,2950,3.5,3.55
453,3255,4.0,3.8
434,741,5.0,3.14
610,6156,3.5,2.45
543,377,5.0,3.45
606,3408,4.0,2.9
274,1265,4.5,4.2
275,3160,1.0,2.91
597,260,5.0,4.05
288,3785,2.0,2.05
543,344,4.0,3.85
610,4816,4.0,2.6
226,1042,3.0,3.73
448,5,3.0,3.9
564,64969,3.0,3.3
125,9010,5.0,3.2
433,174055,1.5,4.2
600,2123,3.0,2.75
590,1250,5.0,3.86
608,2423,2.0,2.5
313,1954,2.0,3.75
484,998,5.0,3.25
394,356,4.0,3.73
351,4995,4.5,4.15
79,457,4.0,3.75
514,165103,3.5,2.8
15,849,2.0,3.4
586,4963,4.0,3.35
202,2942,3.0,3.95
318,1022,2.5,2.95
307,51662,3.5,3.5
182,3045,5.0,3.85
68,8907,2.5,3.6
68,122918,3.5,3.95
68,6157,2.0,3.95
486,648,5.0,3.5
605,46972,4.0,3.15
72,1216,4.0,4.0
474,7311,3.5,3.5
448,101025,2.5,2.9
156,4973,4.0,4.35
474,2553,3.5,3.7
448,1967,3.0,3.65
41,2329,4.0,3.85
199,1641,4.0,3.7
387,500,2.5,3.55
234,2700,3.0,3.21
199,8781,3.0,3.95
307,6287,3.5,2.7
32,50,5.0,3.8
357,524,4.5,4.05
452,2393,5.0,3.55
594,4715,3.0,2.5
71,1,5.0,2.95
381,7361,4.0,3.45
490,1784,3.0,3.55
332,1270,4.0,3.95
132,1249,3.0,3.9
489,3052,4.0,3.2
555,955,5.0,3.85
226,4489,4.0,3.35
125,108932,3.0,4.3
89,909,2.5,3.15
290,1242,5.0,3.9
474,7051,3.0,3.6
580,1234,2.0,4.21
177,3534,4.0,3.9
309,48780,3.5,3.55
555,1007,3.0,3.7
89,93006,4.5,3.55
15,103249,3.5,3.45
563,63992,1.0,2.7
610,1200,5.0,4.32
89,905,3.0,2.68
93,153,4.0,3.75
603,3361,4.0,3.55
226,1240,4.0,4.1
326,1955,3.5,3.4
561,45186,3.5,3.3
76,63436,4.5,3.2
217,3274,3.0,3.15
419,37240,4.0,2.5
378,58559,4.5,4.25
191,269,3.0,3.92
274,788,3.0,3.45
586,68954,5.0,3.85
349,539,3.0,4.1
21,115617,4.0,4.2
301,110,1.5,3.4
372,1073,3.0,3.85
132,1079,3.5,3.91
249,52722,3.5,3.2
91,50,4.5,3.85
414,2482,3.0,3.3
232,4995,4.0,3.7
356,48342,5.0,3.7
215,1172,5.0,3.8
380,370,4.0,2.95
280,2396,3.0,3.15
469,1732,5.0,3.0
608,1994,3.0,3.3
418,127108,4.5,3.25
89,131826,3.5,3.45
416,2959,4.0,4.65
448,54272,4.0,3.45
599,1713,2.5,3.3
226,3087,4.0,3.6
50,1387,3.0,3.25
380,54286,3.5,3.9
448,50872,3.0,4.05
134,553,4.0,3.35
596,128908,4.0,3.25
534,112623,1.5,3.4
572,3135,3.0,3.85
305,2167,5.0,2.8
298,1968,3.5,3.45
489,3793,3.5,3.35
448,1227,5.0,4.0
119,110730,4.0,3.5
414,345,4.0,2.91
105,56782,4.5,3.9
84,1094,4.0,3.3
385,1287,4.0,4.05
509,46062,1.5,3.3
385,1305,3.0,3.6
217,1812,4.0,2.9
6,537,3.0,3.09
414,145,2.0,4.0
68,1276,3.5,3.55
28,41569,2.5,3.45
265,2701,2.0,3.23
346,8228,3.0,3.7
137,1267,3.5,3.8
414,3060,4.0,3.25
311,2706,0.5,3.3
204,293,4.5,4.55
182,3053,4.5,3.9
469,2009,3.0,3.45
318,1289,3.5,3.64
61,555,4.5,3.45
427,5506,3.0,2.75
239,1200,4.0,4.41
387,35836,3.5,4.0
297,319,5.0,3.55
572,924,5.0,2.95
599,107406,3.5,3.7
334,4225,3.5,4.1
599,5334,2.0,3.32
555,2458,4.0,2.95
313,332,4.0,2.95
275,1945,5.0,3.9
88,4995,4.5,4.2
599,2339,1.5,3.36
95,4732,1.0,3.65
156,2352,3.0,3.0
177,48412,3.0,3.05
103,5349,3.0,3.45
182,610,3.0,4.3
474,2728,4.0,3.3
372,1203,4.0,4.23
332,26564,3.5,3.8
603,1056,4.0,3.15
191,720,5.0,3.85
414,2759,3.0,3.45
286,39,3.5,3.45
610,56782,5.0,3.3
504,2321,4.0,3.95
380,5445,4.0,2.95
555,2987,4.0,3.85
605,5952,5.0,4.2
51,2826,3.5,3.3
376,1610,4.0,3.2
307,2406,2.5,2.95
480,5064,4.0,3.45
57,3704,3.0,2.85
573,6365,4.5,3.75
156,2243,2.0,3.1
448,3494,5.0,3.8
601,1221,4.5,3.71
42,16,5.0,3.86
234,2089,4.0,3.2
304,1242,5.0,3.05
21,2541,4.0,2.85
474,2746,2.0,3.05
276,2,4.0,4.0
70,1259,4.5,4.0
275,4886,4.0,3.7
534,94018,2.0,2.15
64,5956,4.0,4.05
307,454,3.0,3.3
479,82,5.0,3.2
132,1258,4.0,3.95
385,1281,4.0,3.65
36,2082,2.0,3.7
474,46578,3.5,3.75
414,5485,5.0,3.1
325,1805,4.0,3.25
28,6711,2.5,3.85
477,1831,4.0,3.15
597,42,3.0,3.45
606,345,4.5,3.35
409,3814,5.0,2.4
219,46322,3.0,2.7
156,924,4.5,3.95
21,34048,3.5,3.3
514,785,2.5,3.0
263,2125,3.0,3.0
610,7460,3.5,3.4
432,5349,2.5,3.25
359,1198,3.0,3.9
424,4816,3.0,2.55
477,216,4.0,3.55
182,2580,4.0,3.85
274,37720,1.5,3.45
469,610,3.0,3.8
331,296,5.0,3.95
514,7153,3.0,3.7
140,2819,3.0,2.75
20,3948,3.5,3.25
413,4993,5.0,4.2
606,6202,3.5,3.1
82,5220,4.0,3.6
462,1961,2.0,3.8
254,7090,4.5,3.6
38,222,3.0,3.83
287,799,2.5,3.14
279,112183,4.5,3.6
448,33004,3.0,3.55
567,122922,3.0,2.95
548,58559,5.0,4.0
111,170957,3.0,3.5
428,7361,4.0,4.05
113,1829,3.0,3.9
274,8807,3.5,2.55
357,553,5.0,3.4
126,500,4.0,3.5
474,4809,4.0,3.5
605,5667,3.0,3.35
571,3660,1.0,3.2
597,1527,4.0,3.45
182,3882,2.0,2.8
249,102123,5.0,3.45
175,38388,5.0,4.1
185,34,2.0,4.32
596,1136,4.0,3.8
552,553,1.5,3.45
466,57368,4.0,3.65
517,1282,5.0,3.55
63,111781,5.0,4.1
458,161,5.0,3.8
210,147380,4.5,4.65
599,37727,1.5,3.6
485,10,4.0,3.23
380,3300,4.0,2.85
316,1967,3.0,3.09
24,132660,4.0,2.8
305,45081,3.5,3.4
599,74696,3.0,3.05
599,2154,2.0,3.5
204,68954,4.0,3.7
282,1220,4.0,4.05
63,60069,4.0,3.7
25,58559,5.0,3.75
148,4896,4.0,3.5
125,97752,4.0,3.35
448,592,3.0,3.85
480,3535,3.0,3.1
603,1097,4.0,2.95
68,10,4.5,3.45
438,5903,5.0,3.45
414,66203,3.0,3.15
305,60069,5.0,3.86
232,34520,2.5,2.6
599,2719,1.5,3.0
409,1694,4.0,3.55
137,1272,5.0,3.75
256,170,4.5,3.6
18,171023,4.0,3.6
294,3699,1.0,2.7
305,3300,3.0,2.8
169,3147,4.5,3.82
241,71899,4.5,3.5
182,2808,0.5,4.0
610,8578,3.0,2.7
181,592,2.0,3.55
475,58025,4.5,3.25
33,1617,5.0,3.3
380,82461,3.0,3.85
484,87529,2.0,2.4
115,2028,5.0,3.85
561,86332,4.0,3.7
603,339,3.0,2.9
249,380,4.0,3.55
610,68486,3.5,3.15
52,150,4.0,3.25
292,2005,3.0,3.2
514,3552,4.0,3.15
368,2009,3.0,3.25
23,1809,3.5,2.55
174,539,5.0,3.35
221,1086,4.5,3.35
57,1517,4.0,3.8
298,79132,3.5,3.82
448,70565,2.5,3.65
19,2372,1.0,3.2
103,57522,3.5,3.3
256,2011,5.0,3.6
305,49530,4.5,3.85
64,3809,4.0,3.55
177,5943,4.0,3.41
156,5060,4.0,3.65
414,3020,4.0,3.45
367,4155,4.0,3.15
91,7123,4.0,3.25
139,56788,2.0,3.55
339,86504,5.0,3.8
221,5247,2.5,2.95
199,5670,3.0,3.41
560,3996,4.0,3.75
159,63082,0.5,3.75
577,435,3.0,3.55
599,128360,3.0,3.4
357,3897,5.0,3.6
189,2762,4.0,3.5
606,50,4.5,3.45
105,104780,5.0,3.55
580,1923,4.0,3.85
385,1,4.0,4.0
453,1393,4.0,4.0
448,4489,3.0,2.0
140,4299,3.0,3.91
91,2762,4.0,3.8
105,56174,4.0,3.45
160,353,5.0,3.85
246,838,4.0,3.6
263,597,4.0,3.8
367,1968,5.0,3.45
352,64614,5.0,3.75
91,158,2.0,3.25
391,555,5.0,3.8
286,5218,5.0,3.3
517,1230,1.5,4.09
414,230,3.0,2.91
51,2371,3.5,3.35
558,5064,5.0,3.95
448,5094,1.5,2.45
387,46970,2.5,3.7
493,2872,3.0,3.45
136,62,5.0,3.2
217,3197,3.0,4.0
51,2282,4.5,3.4
28,2194,3.5,3.35
495,72998,5.0,3.8
387,3536,2.5,3.5
344,3897,3.0,3.5
318,337,4.0,3.3
599,34292,1.5,3.0
492,1405,5.0,2.65
221,27741,4.5,4.05
482,647,3.5,3.15
89,164226,4.5,4.2
489,5541,2.5,2.8
57,3114,4.0,4.1
491,30825,4.0,3.55
64,27869,4.5,3.4
275,1267,5.0,4.1
493,3267,4.0,3.25
62,1246,4.5,4.75
483,61323,4.5,3.7
356,1259,3.5,4.25
483,3745,4.5,3.35
574,300,3.0,4.18
18,502,2.0,2.9
474,6535,2.0,3.5
414,3977,4.0,3.2
177,45447,3.5,3.4
287,5902,3.5,3.65
217,89,4.0,2.95
274,44974,3.5,3.3
135,1214,4.0,4.05
105,48516,5.0,3.9
91,3623,2.0,2.65
70,1210,5.0,3.82
586,27619,4.5,3.15
464,1036,5.0,2.95
356,2716,5.0,3.75
600,19,3.0,3.19
414,1037,3.0,3.75
156,3873,4.0,3.3
603,1208,5.0,4.5
274,4732,1.5,3.2
525,596,1.5,3.75
141,3578,5.0,3.4
474,1939,3.5,3.59
290,2935,4.0,3.9
599,1394,3.0,3.2
212,135861,2.0,3.45
274,2000,3.0,3.2
428,4890,2.0,3.55
78,380,4.0,3.5
604,233,3.0,3.85
504,6620,3.0,3.5
590,60074,3.0,4.1
567,134246,0.5,3.8
543,588,5.0,3.68
64,4306,3.5,2.9
211,3638,4.5,3.5
135,608,4.0,3.85
381,480,4.0,3.75
372,157,3.0,3.2
303,5502,4.0,3.05
474,1252,4.0,3.95
6,489,3.0,3.73
480,1101,4.0,3.68
528,97921,3.5,3.8
288,5349,4.0,3.4
229,434,3.0,3.3
603,1120,2.0,3.1
63,110,2.5,3.86
331,4638,2.0,3.05
305,2268,5.0,3.45
603,1680,4.0,3.4
276,837,4.0,3.32
559,349,3.0,3.4
537,69481,3.5,2.8
368,1240,4.0,3.9
367,3510,5.0,3.55
91,3263,2.0,3.91
415,4369,3.0,3.4
328,1380,0.5,3.3
414,1390,2.0,3.7
249,3978,3.5,3.45
331,40819,4.0,3.73
202,2355,4.0,3.8
489,5218,3.5,3.15
247,6365,3.0,4.05
274,5349,3.0,3.4
318,74458,4.5,3.65
500,342,2.0,3.7
76,4878,2.5,3.65
543,1387,5.0,4.2
339,1580,2.0,3.1
597,1090,5.0,3.3
116,30749,4.5,3.68
111,5025,3.0,3.91
479,351,2.0,3.59
